solid OpenSCAD_Model
  facet normal 1 0 0
    outer loop
      vertex 143 16 9.2
      vertex 143 5 6.8
      vertex 143 16 6.8
    endloop
  endfacet
  facet normal 1 0 0
    outer loop
      vertex 143 5 6.8
      vertex 143 3.9 7.2
      vertex 143 5 2.4
    endloop
  endfacet
  facet normal 1 0 0
    outer loop
      vertex 143 16 9.2
      vertex 143 3.9 7.2
      vertex 143 5 6.8
    endloop
  endfacet
  facet normal 1 -0 0
    outer loop
      vertex 143 0 9.2
      vertex 143 3.9 7.2
      vertex 143 16 9.2
    endloop
  endfacet
  facet normal 1 0 0
    outer loop
      vertex 143 0 3
      vertex 143 1.1 7.2
      vertex 143 0 9.2
    endloop
  endfacet
  facet normal 1 0 0
    outer loop
      vertex 143 3.9 7.2
      vertex 143 0 9.2
      vertex 143 1.1 7.2
    endloop
  endfacet
  facet normal 1 -0 0
    outer loop
      vertex 143 5 2.4
      vertex 143 16 0
      vertex 143 16 2.4
    endloop
  endfacet
  facet normal 1 0 0
    outer loop
      vertex 143 3.9 2
      vertex 143 5 2.4
      vertex 143 3.9 7.2
    endloop
  endfacet
  facet normal 1 -0 0
    outer loop
      vertex 143 3.9 2
      vertex 143 16 0
      vertex 143 5 2.4
    endloop
  endfacet
  facet normal 1 -0 0
    outer loop
      vertex 143 1.1 2
      vertex 143 16 0
      vertex 143 3.9 2
    endloop
  endfacet
  facet normal 1 0 0
    outer loop
      vertex 143 1.1 7.2
      vertex 143 0 3
      vertex 143 1.1 2
    endloop
  endfacet
  facet normal 1 0 0
    outer loop
      vertex 143 -12 0
      vertex 143 0 3
      vertex 143 -12 3
    endloop
  endfacet
  facet normal 1 0 0
    outer loop
      vertex 143 0 3
      vertex 143 -12 0
      vertex 143 1.1 2
    endloop
  endfacet
  facet normal 1 0 0
    outer loop
      vertex 143 1.1 2
      vertex 143 -12 0
      vertex 143 16 0
    endloop
  endfacet
  facet normal -0 0 1
    outer loop
      vertex 0 16 9.2
      vertex 143 0 9.2
      vertex 143 16 9.2
    endloop
  endfacet
  facet normal 0 0 1
    outer loop
      vertex 143 0 9.2
      vertex 0 16 9.2
      vertex 0 0 9.2
    endloop
  endfacet
  facet normal 0 0 -1
    outer loop
      vertex 109.091 -6.77867 0
      vertex 143 -12 0
      vertex 109.1 -6.96 0
    endloop
  endfacet
  facet normal 0 0 -1
    outer loop
      vertex 143 -12 0
      vertex 109.091 -7.14133 0
      vertex 109.1 -6.96 0
    endloop
  endfacet
  facet normal 0 0 -1
    outer loop
      vertex 143 -12 0
      vertex 109.064 -7.32092 0
      vertex 109.091 -7.14133 0
    endloop
  endfacet
  facet normal 0 0 -1
    outer loop
      vertex 143 -12 0
      vertex 109.02 -7.49703 0
      vertex 109.064 -7.32092 0
    endloop
  endfacet
  facet normal 0 0 -1
    outer loop
      vertex 143 -12 0
      vertex 108.959 -7.66796 0
      vertex 109.02 -7.49703 0
    endloop
  endfacet
  facet normal 0 0 -1
    outer loop
      vertex 143 -12 0
      vertex 108.882 -7.83208 0
      vertex 108.959 -7.66796 0
    endloop
  endfacet
  facet normal 0 0 -1
    outer loop
      vertex 143 -12 0
      vertex 108.788 -7.9878 0
      vertex 108.882 -7.83208 0
    endloop
  endfacet
  facet normal 0 0 -1
    outer loop
      vertex 143 -12 0
      vertex 108.68 -8.13363 0
      vertex 108.788 -7.9878 0
    endloop
  endfacet
  facet normal 0 0 -1
    outer loop
      vertex 143 -12 0
      vertex 108.558 -8.26815 0
      vertex 108.68 -8.13363 0
    endloop
  endfacet
  facet normal 0 0 -1
    outer loop
      vertex 143 -12 0
      vertex 108.424 -8.39007 0
      vertex 108.558 -8.26815 0
    endloop
  endfacet
  facet normal 0 0 -1
    outer loop
      vertex 143 -12 0
      vertex 108.278 -8.49822 0
      vertex 108.424 -8.39007 0
    endloop
  endfacet
  facet normal 0 0 -1
    outer loop
      vertex 143 -12 0
      vertex 108.122 -8.59155 0
      vertex 108.278 -8.49822 0
    endloop
  endfacet
  facet normal 0 0 -1
    outer loop
      vertex 143 -12 0
      vertex 107.958 -8.66918 0
      vertex 108.122 -8.59155 0
    endloop
  endfacet
  facet normal 0 0 -1
    outer loop
      vertex 143 -12 0
      vertex 107.787 -8.73034 0
      vertex 107.958 -8.66918 0
    endloop
  endfacet
  facet normal 0 0 -1
    outer loop
      vertex 143 -12 0
      vertex 107.611 -8.77445 0
      vertex 107.787 -8.73034 0
    endloop
  endfacet
  facet normal 0 0 -1
    outer loop
      vertex 143 -12 0
      vertex 107.431 -8.80109 0
      vertex 107.611 -8.77445 0
    endloop
  endfacet
  facet normal 0 0 -1
    outer loop
      vertex 143 -12 0
      vertex 107.25 -8.81 0
      vertex 107.431 -8.80109 0
    endloop
  endfacet
  facet normal 0 0 -1
    outer loop
      vertex 143 -12 0
      vertex 107.069 -8.80109 0
      vertex 107.25 -8.81 0
    endloop
  endfacet
  facet normal 0 0 -1
    outer loop
      vertex 105.409 -7.14133 0
      vertex 37.6 -6.96 0
      vertex 105.4 -6.96 0
    endloop
  endfacet
  facet normal 0 0 -1
    outer loop
      vertex 37.5911 -7.14133 0
      vertex 105.409 -7.14133 0
      vertex 105.436 -7.32092 0
    endloop
  endfacet
  facet normal 0 0 -1
    outer loop
      vertex 37.5645 -7.32092 0
      vertex 105.436 -7.32092 0
      vertex 105.48 -7.49703 0
    endloop
  endfacet
  facet normal 0 0 -1
    outer loop
      vertex 37.5203 -7.49703 0
      vertex 105.48 -7.49703 0
      vertex 105.541 -7.66796 0
    endloop
  endfacet
  facet normal 0 0 -1
    outer loop
      vertex 37.4592 -7.66796 0
      vertex 105.541 -7.66796 0
      vertex 105.618 -7.83208 0
    endloop
  endfacet
  facet normal 0 0 -1
    outer loop
      vertex 37.3816 -7.83208 0
      vertex 105.618 -7.83208 0
      vertex 105.712 -7.9878 0
    endloop
  endfacet
  facet normal 0 0 -1
    outer loop
      vertex 37.2882 -7.9878 0
      vertex 105.712 -7.9878 0
      vertex 105.82 -8.13363 0
    endloop
  endfacet
  facet normal 0 0 -1
    outer loop
      vertex 37.1801 -8.13363 0
      vertex 105.82 -8.13363 0
      vertex 105.942 -8.26815 0
    endloop
  endfacet
  facet normal 0 0 -1
    outer loop
      vertex 37.0581 -8.26815 0
      vertex 105.942 -8.26815 0
      vertex 106.076 -8.39007 0
    endloop
  endfacet
  facet normal 0 0 -1
    outer loop
      vertex 36.9236 -8.39007 0
      vertex 106.076 -8.39007 0
      vertex 106.222 -8.49822 0
    endloop
  endfacet
  facet normal 0 0 -1
    outer loop
      vertex 36.7778 -8.49822 0
      vertex 106.222 -8.49822 0
      vertex 106.378 -8.59155 0
    endloop
  endfacet
  facet normal 0 0 -1
    outer loop
      vertex 36.6221 -8.59155 0
      vertex 106.378 -8.59155 0
      vertex 106.542 -8.66918 0
    endloop
  endfacet
  facet normal 0 0 -1
    outer loop
      vertex 36.458 -8.66918 0
      vertex 106.542 -8.66918 0
      vertex 106.713 -8.73034 0
    endloop
  endfacet
  facet normal 0 0 -1
    outer loop
      vertex 36.287 -8.73034 0
      vertex 106.713 -8.73034 0
      vertex 106.889 -8.77445 0
    endloop
  endfacet
  facet normal 0 0 -1
    outer loop
      vertex 36.1109 -8.77445 0
      vertex 106.889 -8.77445 0
      vertex 107.069 -8.80109 0
    endloop
  endfacet
  facet normal 0 0 -1
    outer loop
      vertex 35.9313 -8.80109 0
      vertex 107.069 -8.80109 0
      vertex 143 -12 0
    endloop
  endfacet
  facet normal 0 0 -1
    outer loop
      vertex 105.409 -7.14133 0
      vertex 37.5911 -7.14133 0
      vertex 37.6 -6.96 0
    endloop
  endfacet
  facet normal 0 0 -1
    outer loop
      vertex 105.436 -7.32092 0
      vertex 37.5645 -7.32092 0
      vertex 37.5911 -7.14133 0
    endloop
  endfacet
  facet normal 0 0 -1
    outer loop
      vertex 105.48 -7.49703 0
      vertex 37.5203 -7.49703 0
      vertex 37.5645 -7.32092 0
    endloop
  endfacet
  facet normal 0 0 -1
    outer loop
      vertex 105.541 -7.66796 0
      vertex 37.4592 -7.66796 0
      vertex 37.5203 -7.49703 0
    endloop
  endfacet
  facet normal 0 0 -1
    outer loop
      vertex 105.618 -7.83208 0
      vertex 37.3816 -7.83208 0
      vertex 37.4592 -7.66796 0
    endloop
  endfacet
  facet normal 0 0 -1
    outer loop
      vertex 105.712 -7.9878 0
      vertex 37.2882 -7.9878 0
      vertex 37.3816 -7.83208 0
    endloop
  endfacet
  facet normal 0 0 -1
    outer loop
      vertex 105.82 -8.13363 0
      vertex 37.1801 -8.13363 0
      vertex 37.2882 -7.9878 0
    endloop
  endfacet
  facet normal 0 0 -1
    outer loop
      vertex 105.942 -8.26815 0
      vertex 37.0581 -8.26815 0
      vertex 37.1801 -8.13363 0
    endloop
  endfacet
  facet normal 0 0 -1
    outer loop
      vertex 106.076 -8.39007 0
      vertex 36.9236 -8.39007 0
      vertex 37.0581 -8.26815 0
    endloop
  endfacet
  facet normal 0 0 -1
    outer loop
      vertex 106.222 -8.49822 0
      vertex 36.7778 -8.49822 0
      vertex 36.9236 -8.39007 0
    endloop
  endfacet
  facet normal 0 0 -1
    outer loop
      vertex 106.378 -8.59155 0
      vertex 36.6221 -8.59155 0
      vertex 36.7778 -8.49822 0
    endloop
  endfacet
  facet normal 0 0 -1
    outer loop
      vertex 106.542 -8.66918 0
      vertex 36.458 -8.66918 0
      vertex 36.6221 -8.59155 0
    endloop
  endfacet
  facet normal 0 0 -1
    outer loop
      vertex 106.713 -8.73034 0
      vertex 36.287 -8.73034 0
      vertex 36.458 -8.66918 0
    endloop
  endfacet
  facet normal 0 0 -1
    outer loop
      vertex 106.889 -8.77445 0
      vertex 36.1109 -8.77445 0
      vertex 36.287 -8.73034 0
    endloop
  endfacet
  facet normal 0 0 -1
    outer loop
      vertex 107.069 -8.80109 0
      vertex 35.9313 -8.80109 0
      vertex 36.1109 -8.77445 0
    endloop
  endfacet
  facet normal 0 0 -1
    outer loop
      vertex 0 -12 0
      vertex 35.9313 -8.80109 0
      vertex 143 -12 0
    endloop
  endfacet
  facet normal -0 0 -1
    outer loop
      vertex 33.9089 -7.14133 0
      vertex 0 -12 0
      vertex 33.9 -6.96 0
    endloop
  endfacet
  facet normal -0 0 -1
    outer loop
      vertex 33.9355 -7.32092 0
      vertex 0 -12 0
      vertex 33.9089 -7.14133 0
    endloop
  endfacet
  facet normal -0 0 -1
    outer loop
      vertex 33.9797 -7.49703 0
      vertex 0 -12 0
      vertex 33.9355 -7.32092 0
    endloop
  endfacet
  facet normal -0 0 -1
    outer loop
      vertex 34.0408 -7.66796 0
      vertex 0 -12 0
      vertex 33.9797 -7.49703 0
    endloop
  endfacet
  facet normal -0 0 -1
    outer loop
      vertex 34.1184 -7.83208 0
      vertex 0 -12 0
      vertex 34.0408 -7.66796 0
    endloop
  endfacet
  facet normal -0 0 -1
    outer loop
      vertex 34.2118 -7.9878 0
      vertex 0 -12 0
      vertex 34.1184 -7.83208 0
    endloop
  endfacet
  facet normal -0 0 -1
    outer loop
      vertex 34.3199 -8.13363 0
      vertex 0 -12 0
      vertex 34.2118 -7.9878 0
    endloop
  endfacet
  facet normal -0 0 -1
    outer loop
      vertex 34.4419 -8.26815 0
      vertex 0 -12 0
      vertex 34.3199 -8.13363 0
    endloop
  endfacet
  facet normal -0 0 -1
    outer loop
      vertex 34.5764 -8.39007 0
      vertex 0 -12 0
      vertex 34.4419 -8.26815 0
    endloop
  endfacet
  facet normal -0 0 -1
    outer loop
      vertex 34.7222 -8.49822 0
      vertex 0 -12 0
      vertex 34.5764 -8.39007 0
    endloop
  endfacet
  facet normal -0 0 -1
    outer loop
      vertex 34.8779 -8.59155 0
      vertex 0 -12 0
      vertex 34.7222 -8.49822 0
    endloop
  endfacet
  facet normal -0 0 -1
    outer loop
      vertex 35.042 -8.66918 0
      vertex 0 -12 0
      vertex 34.8779 -8.59155 0
    endloop
  endfacet
  facet normal -0 0 -1
    outer loop
      vertex 35.213 -8.73034 0
      vertex 0 -12 0
      vertex 35.042 -8.66918 0
    endloop
  endfacet
  facet normal -0 0 -1
    outer loop
      vertex 35.3891 -8.77445 0
      vertex 0 -12 0
      vertex 35.213 -8.73034 0
    endloop
  endfacet
  facet normal -0 0 -1
    outer loop
      vertex 35.5687 -8.80109 0
      vertex 0 -12 0
      vertex 35.3891 -8.77445 0
    endloop
  endfacet
  facet normal -0 0 -1
    outer loop
      vertex 35.75 -8.81 0
      vertex 0 -12 0
      vertex 35.5687 -8.80109 0
    endloop
  endfacet
  facet normal 0 0 -1
    outer loop
      vertex 35.9313 -8.80109 0
      vertex 0 -12 0
      vertex 35.75 -8.81 0
    endloop
  endfacet
  facet normal 0 0 -1
    outer loop
      vertex 109.064 -6.59908 0
      vertex 143 -12 0
      vertex 109.091 -6.77867 0
    endloop
  endfacet
  facet normal 0 0 -1
    outer loop
      vertex 109.02 -6.42297 0
      vertex 143 -12 0
      vertex 109.064 -6.59908 0
    endloop
  endfacet
  facet normal 0 0 -1
    outer loop
      vertex 108.959 -6.25204 0
      vertex 143 -12 0
      vertex 109.02 -6.42297 0
    endloop
  endfacet
  facet normal 0 0 -1
    outer loop
      vertex 143 -12 0
      vertex 108.959 -6.25204 0
      vertex 143 16 0
    endloop
  endfacet
  facet normal 0 0 -1
    outer loop
      vertex 108.882 -6.08792 0
      vertex 143 16 0
      vertex 108.959 -6.25204 0
    endloop
  endfacet
  facet normal 0 0 -1
    outer loop
      vertex 108.788 -5.93219 0
      vertex 143 16 0
      vertex 108.882 -6.08792 0
    endloop
  endfacet
  facet normal 0 0 -1
    outer loop
      vertex 108.68 -5.78637 0
      vertex 143 16 0
      vertex 108.788 -5.93219 0
    endloop
  endfacet
  facet normal 0 0 -1
    outer loop
      vertex 108.558 -5.65185 0
      vertex 143 16 0
      vertex 108.68 -5.78637 0
    endloop
  endfacet
  facet normal 0 0 -1
    outer loop
      vertex 108.424 -5.52993 0
      vertex 143 16 0
      vertex 108.558 -5.65185 0
    endloop
  endfacet
  facet normal 0 0 -1
    outer loop
      vertex 108.278 -5.42178 0
      vertex 143 16 0
      vertex 108.424 -5.52993 0
    endloop
  endfacet
  facet normal 0 0 -1
    outer loop
      vertex 108.122 -5.32845 0
      vertex 143 16 0
      vertex 108.278 -5.42178 0
    endloop
  endfacet
  facet normal 0 0 -1
    outer loop
      vertex 107.958 -5.25082 0
      vertex 143 16 0
      vertex 108.122 -5.32845 0
    endloop
  endfacet
  facet normal 0 0 -1
    outer loop
      vertex 107.787 -5.18966 0
      vertex 143 16 0
      vertex 107.958 -5.25082 0
    endloop
  endfacet
  facet normal 0 0 -1
    outer loop
      vertex 107.611 -5.14555 0
      vertex 143 16 0
      vertex 107.787 -5.18966 0
    endloop
  endfacet
  facet normal 0 0 -1
    outer loop
      vertex 107.431 -5.11891 0
      vertex 143 16 0
      vertex 107.611 -5.14555 0
    endloop
  endfacet
  facet normal 0 0 -1
    outer loop
      vertex 107.25 -5.11 0
      vertex 143 16 0
      vertex 107.431 -5.11891 0
    endloop
  endfacet
  facet normal 0 0 -1
    outer loop
      vertex 107.069 -5.11891 0
      vertex 143 16 0
      vertex 107.25 -5.11 0
    endloop
  endfacet
  facet normal 0 0 -1
    outer loop
      vertex 106.889 -5.14555 0
      vertex 143 16 0
      vertex 107.069 -5.11891 0
    endloop
  endfacet
  facet normal 0 0 -1
    outer loop
      vertex 106.713 -5.18966 0
      vertex 143 16 0
      vertex 106.889 -5.14555 0
    endloop
  endfacet
  facet normal 0 0 -1
    outer loop
      vertex 36.287 -5.18966 0
      vertex 106.713 -5.18966 0
      vertex 106.542 -5.25082 0
    endloop
  endfacet
  facet normal 0 0 -1
    outer loop
      vertex 36.458 -5.25082 0
      vertex 106.542 -5.25082 0
      vertex 106.378 -5.32845 0
    endloop
  endfacet
  facet normal 0 0 -1
    outer loop
      vertex 37.6 -6.96 0
      vertex 105.409 -6.77867 0
      vertex 105.4 -6.96 0
    endloop
  endfacet
  facet normal 0 0 -1
    outer loop
      vertex 37.5911 -6.77867 0
      vertex 105.409 -6.77867 0
      vertex 37.6 -6.96 0
    endloop
  endfacet
  facet normal 0 0 -1
    outer loop
      vertex 105.409 -6.77867 0
      vertex 37.5911 -6.77867 0
      vertex 105.436 -6.59908 0
    endloop
  endfacet
  facet normal 0 0 -1
    outer loop
      vertex 37.5645 -6.59908 0
      vertex 105.436 -6.59908 0
      vertex 37.5911 -6.77867 0
    endloop
  endfacet
  facet normal 0 0 -1
    outer loop
      vertex 105.436 -6.59908 0
      vertex 37.5645 -6.59908 0
      vertex 105.48 -6.42297 0
    endloop
  endfacet
  facet normal 0 0 -1
    outer loop
      vertex 37.5203 -6.42297 0
      vertex 105.48 -6.42297 0
      vertex 37.5645 -6.59908 0
    endloop
  endfacet
  facet normal 0 0 -1
    outer loop
      vertex 105.48 -6.42297 0
      vertex 37.5203 -6.42297 0
      vertex 105.541 -6.25204 0
    endloop
  endfacet
  facet normal 0 0 -1
    outer loop
      vertex 37.4592 -6.25204 0
      vertex 105.541 -6.25204 0
      vertex 37.5203 -6.42297 0
    endloop
  endfacet
  facet normal 0 0 -1
    outer loop
      vertex 105.541 -6.25204 0
      vertex 37.4592 -6.25204 0
      vertex 105.618 -6.08792 0
    endloop
  endfacet
  facet normal 0 0 -1
    outer loop
      vertex 37.3816 -6.08792 0
      vertex 105.618 -6.08792 0
      vertex 37.4592 -6.25204 0
    endloop
  endfacet
  facet normal 0 0 -1
    outer loop
      vertex 105.618 -6.08792 0
      vertex 37.3816 -6.08792 0
      vertex 105.712 -5.93219 0
    endloop
  endfacet
  facet normal 0 0 -1
    outer loop
      vertex 37.2882 -5.93219 0
      vertex 105.712 -5.93219 0
      vertex 37.3816 -6.08792 0
    endloop
  endfacet
  facet normal 0 0 -1
    outer loop
      vertex 105.712 -5.93219 0
      vertex 37.2882 -5.93219 0
      vertex 105.82 -5.78637 0
    endloop
  endfacet
  facet normal 0 0 -1
    outer loop
      vertex 37.1801 -5.78637 0
      vertex 105.82 -5.78637 0
      vertex 37.2882 -5.93219 0
    endloop
  endfacet
  facet normal 0 0 -1
    outer loop
      vertex 105.82 -5.78637 0
      vertex 37.1801 -5.78637 0
      vertex 105.942 -5.65185 0
    endloop
  endfacet
  facet normal 0 0 -1
    outer loop
      vertex 37.0581 -5.65185 0
      vertex 105.942 -5.65185 0
      vertex 37.1801 -5.78637 0
    endloop
  endfacet
  facet normal 0 0 -1
    outer loop
      vertex 105.942 -5.65185 0
      vertex 37.0581 -5.65185 0
      vertex 106.076 -5.52993 0
    endloop
  endfacet
  facet normal 0 0 -1
    outer loop
      vertex 36.9236 -5.52993 0
      vertex 106.076 -5.52993 0
      vertex 37.0581 -5.65185 0
    endloop
  endfacet
  facet normal 0 0 -1
    outer loop
      vertex 106.076 -5.52993 0
      vertex 36.9236 -5.52993 0
      vertex 106.222 -5.42178 0
    endloop
  endfacet
  facet normal 0 0 -1
    outer loop
      vertex 36.7778 -5.42178 0
      vertex 106.222 -5.42178 0
      vertex 36.9236 -5.52993 0
    endloop
  endfacet
  facet normal 0 0 -1
    outer loop
      vertex 106.222 -5.42178 0
      vertex 36.7778 -5.42178 0
      vertex 106.378 -5.32845 0
    endloop
  endfacet
  facet normal 0 0 -1
    outer loop
      vertex 36.6221 -5.32845 0
      vertex 106.378 -5.32845 0
      vertex 36.7778 -5.42178 0
    endloop
  endfacet
  facet normal 0 0 -1
    outer loop
      vertex 36.458 -5.25082 0
      vertex 106.378 -5.32845 0
      vertex 36.6221 -5.32845 0
    endloop
  endfacet
  facet normal 0 0 -1
    outer loop
      vertex 106.542 -5.25082 0
      vertex 36.458 -5.25082 0
      vertex 36.287 -5.18966 0
    endloop
  endfacet
  facet normal 0 0 -1
    outer loop
      vertex 106.713 -5.18966 0
      vertex 36.287 -5.18966 0
      vertex 143 16 0
    endloop
  endfacet
  facet normal 0 0 -1
    outer loop
      vertex 0 16 0
      vertex 36.287 -5.18966 0
      vertex 36.1109 -5.14555 0
    endloop
  endfacet
  facet normal 0 0 -1
    outer loop
      vertex 0 16 0
      vertex 36.1109 -5.14555 0
      vertex 35.9313 -5.11891 0
    endloop
  endfacet
  facet normal 0 0 -1
    outer loop
      vertex 0 16 0
      vertex 35.9313 -5.11891 0
      vertex 35.75 -5.11 0
    endloop
  endfacet
  facet normal 0 0 -1
    outer loop
      vertex 0 16 0
      vertex 35.75 -5.11 0
      vertex 35.5687 -5.11891 0
    endloop
  endfacet
  facet normal 0 0 -1
    outer loop
      vertex 0 16 0
      vertex 35.5687 -5.11891 0
      vertex 35.3891 -5.14555 0
    endloop
  endfacet
  facet normal 0 0 -1
    outer loop
      vertex 0 -12 0
      vertex 33.9089 -6.77867 0
      vertex 33.9 -6.96 0
    endloop
  endfacet
  facet normal 0 0 -1
    outer loop
      vertex 0 -12 0
      vertex 33.9355 -6.59908 0
      vertex 33.9089 -6.77867 0
    endloop
  endfacet
  facet normal 0 0 -1
    outer loop
      vertex 0 -12 0
      vertex 33.9797 -6.42297 0
      vertex 33.9355 -6.59908 0
    endloop
  endfacet
  facet normal 0 0 -1
    outer loop
      vertex 0 -12 0
      vertex 34.0408 -6.25204 0
      vertex 33.9797 -6.42297 0
    endloop
  endfacet
  facet normal 0 0 -1
    outer loop
      vertex 0 16 0
      vertex 34.0408 -6.25204 0
      vertex 0 -12 0
    endloop
  endfacet
  facet normal 0 0 -1
    outer loop
      vertex 34.0408 -6.25204 0
      vertex 0 16 0
      vertex 34.1184 -6.08792 0
    endloop
  endfacet
  facet normal 0 0 -1
    outer loop
      vertex 34.1184 -6.08792 0
      vertex 0 16 0
      vertex 34.2118 -5.93219 0
    endloop
  endfacet
  facet normal 0 0 -1
    outer loop
      vertex 34.2118 -5.93219 0
      vertex 0 16 0
      vertex 34.3199 -5.78637 0
    endloop
  endfacet
  facet normal 0 0 -1
    outer loop
      vertex 34.3199 -5.78637 0
      vertex 0 16 0
      vertex 34.4419 -5.65185 0
    endloop
  endfacet
  facet normal 0 0 -1
    outer loop
      vertex 34.4419 -5.65185 0
      vertex 0 16 0
      vertex 34.5764 -5.52993 0
    endloop
  endfacet
  facet normal 0 0 -1
    outer loop
      vertex 34.5764 -5.52993 0
      vertex 0 16 0
      vertex 34.7222 -5.42178 0
    endloop
  endfacet
  facet normal 0 0 -1
    outer loop
      vertex 34.7222 -5.42178 0
      vertex 0 16 0
      vertex 34.8779 -5.32845 0
    endloop
  endfacet
  facet normal 0 0 -1
    outer loop
      vertex 34.8779 -5.32845 0
      vertex 0 16 0
      vertex 35.042 -5.25082 0
    endloop
  endfacet
  facet normal 0 0 -1
    outer loop
      vertex 35.042 -5.25082 0
      vertex 0 16 0
      vertex 35.213 -5.18966 0
    endloop
  endfacet
  facet normal 0 0 -1
    outer loop
      vertex 35.213 -5.18966 0
      vertex 0 16 0
      vertex 35.3891 -5.14555 0
    endloop
  endfacet
  facet normal 0 0 -1
    outer loop
      vertex 36.287 -5.18966 0
      vertex 0 16 0
      vertex 143 16 0
    endloop
  endfacet
  facet normal -1 0 0
    outer loop
      vertex 0 16 0
      vertex 0 5 2.4
      vertex 0 16 2.4
    endloop
  endfacet
  facet normal -1 -0 0
    outer loop
      vertex 0 5 2.4
      vertex 0 3.9 2
      vertex 0 5 6.8
    endloop
  endfacet
  facet normal -1 0 0
    outer loop
      vertex 0 16 0
      vertex 0 3.9 2
      vertex 0 5 2.4
    endloop
  endfacet
  facet normal -1 0 0
    outer loop
      vertex 0 16 0
      vertex 0 1.1 2
      vertex 0 3.9 2
    endloop
  endfacet
  facet normal -1 0 0
    outer loop
      vertex 0 1.1 2
      vertex 0 0 3
      vertex 0 1.1 7.2
    endloop
  endfacet
  facet normal -1 0 0
    outer loop
      vertex 0 -12 0
      vertex 0 1.1 2
      vertex 0 16 0
    endloop
  endfacet
  facet normal -1 0 0
    outer loop
      vertex 0 -12 0
      vertex 0 0 3
      vertex 0 1.1 2
    endloop
  endfacet
  facet normal -1 -0 0
    outer loop
      vertex 0 0 3
      vertex 0 -12 0
      vertex 0 -12 3
    endloop
  endfacet
  facet normal -1 0 0
    outer loop
      vertex 0 5 6.8
      vertex 0 16 9.2
      vertex 0 16 6.8
    endloop
  endfacet
  facet normal -1 0 0
    outer loop
      vertex 0 3.9 7.2
      vertex 0 5 6.8
      vertex 0 3.9 2
    endloop
  endfacet
  facet normal -1 0 0
    outer loop
      vertex 0 3.9 7.2
      vertex 0 16 9.2
      vertex 0 5 6.8
    endloop
  endfacet
  facet normal -1 0 0
    outer loop
      vertex 0 0 9.2
      vertex 0 3.9 7.2
      vertex 0 1.1 7.2
    endloop
  endfacet
  facet normal -1 0 0
    outer loop
      vertex 0 3.9 7.2
      vertex 0 0 9.2
      vertex 0 16 9.2
    endloop
  endfacet
  facet normal -1 0 0
    outer loop
      vertex 0 0 9.2
      vertex 0 1.1 7.2
      vertex 0 0 3
    endloop
  endfacet
  facet normal 0 1 -0
    outer loop
      vertex 143 16 6.8
      vertex 0 16 9.2
      vertex 143 16 9.2
    endloop
  endfacet
  facet normal 0 1 0
    outer loop
      vertex 0 16 9.2
      vertex 143 16 6.8
      vertex 0 16 6.8
    endloop
  endfacet
  facet normal 0 1 -0
    outer loop
      vertex 143 16 0
      vertex 0 16 2.4
      vertex 143 16 2.4
    endloop
  endfacet
  facet normal 0 1 0
    outer loop
      vertex 0 16 2.4
      vertex 143 16 0
      vertex 0 16 0
    endloop
  endfacet
  facet normal 0 -1 0
    outer loop
      vertex 0 0 3
      vertex 143 0 9.2
      vertex 0 0 9.2
    endloop
  endfacet
  facet normal 0 -1 -0
    outer loop
      vertex 143 0 9.2
      vertex 0 0 3
      vertex 143 0 3
    endloop
  endfacet
  facet normal 0 0 1
    outer loop
      vertex 143 0 3
      vertex 110.728 -6.96 3
      vertex 143 -12 3
    endloop
  endfacet
  facet normal 0 0 1
    outer loop
      vertex 143 0 3
      vertex 110.712 -6.63176 3
      vertex 110.728 -6.96 3
    endloop
  endfacet
  facet normal 0 0 1
    outer loop
      vertex 143 0 3
      vertex 110.711 -6.6191 3
      vertex 110.712 -6.63176 3
    endloop
  endfacet
  facet normal 0 0 1
    outer loop
      vertex 143 0 3
      vertex 110.663 -6.29402 3
      vertex 110.711 -6.6191 3
    endloop
  endfacet
  facet normal 0 0 1
    outer loop
      vertex 143 0 3
      vertex 110.661 -6.28149 3
      vertex 110.663 -6.29402 3
    endloop
  endfacet
  facet normal 0 0 1
    outer loop
      vertex 143 0 3
      vertex 110.658 -6.26921 3
      vertex 110.661 -6.28149 3
    endloop
  endfacet
  facet normal 0 0 1
    outer loop
      vertex 143 0 3
      vertex 110.578 -5.95042 3
      vertex 110.658 -6.26921 3
    endloop
  endfacet
  facet normal 0 0 1
    outer loop
      vertex 143 0 3
      vertex 110.574 -5.93849 3
      vertex 110.578 -5.95042 3
    endloop
  endfacet
  facet normal 0 0 1
    outer loop
      vertex 143 0 3
      vertex 110.463 -5.62906 3
      vertex 110.574 -5.93849 3
    endloop
  endfacet
  facet normal 0 0 1
    outer loop
      vertex 143 0 3
      vertex 110.323 -5.33198 3
      vertex 110.463 -5.62906 3
    endloop
  endfacet
  facet normal 0 0 1
    outer loop
      vertex 143 0 3
      vertex 110.317 -5.32053 3
      vertex 110.323 -5.33198 3
    endloop
  endfacet
  facet normal 0 0 1
    outer loop
      vertex 143 0 3
      vertex 110.311 -5.30966 3
      vertex 110.317 -5.32053 3
    endloop
  endfacet
  facet normal 0 0 1
    outer loop
      vertex 143 0 3
      vertex 110.142 -5.02778 3
      vertex 110.311 -5.30966 3
    endloop
  endfacet
  facet normal 0 0 1
    outer loop
      vertex 143 0 3
      vertex 109.946 -4.76381 3
      vertex 110.142 -5.02778 3
    endloop
  endfacet
  facet normal 0 0 1
    outer loop
      vertex 143 0 3
      vertex 109.938 -4.75364 3
      vertex 109.946 -4.76381 3
    endloop
  endfacet
  facet normal 0 0 1
    outer loop
      vertex 143 0 3
      vertex 109.93 -4.74425 3
      vertex 109.938 -4.75364 3
    endloop
  endfacet
  facet normal 0 0 1
    outer loop
      vertex 143 0 3
      vertex 109.709 -4.50075 3
      vertex 109.93 -4.74425 3
    endloop
  endfacet
  facet normal 0 0 1
    outer loop
      vertex 143 0 3
      vertex 109.466 -4.28005 3
      vertex 109.709 -4.50075 3
    endloop
  endfacet
  facet normal 0 0 1
    outer loop
      vertex 143 0 3
      vertex 109.456 -4.27154 3
      vertex 109.466 -4.28005 3
    endloop
  endfacet
  facet normal 0 0 1
    outer loop
      vertex 143 0 3
      vertex 109.446 -4.264 3
      vertex 109.456 -4.27154 3
    endloop
  endfacet
  facet normal 0 0 1
    outer loop
      vertex 143 0 3
      vertex 109.182 -4.06823 3
      vertex 109.446 -4.264 3
    endloop
  endfacet
  facet normal 0 0 1
    outer loop
      vertex 143 0 3
      vertex 108.9 -3.89927 3
      vertex 109.182 -4.06823 3
    endloop
  endfacet
  facet normal 0 0 1
    outer loop
      vertex 143 0 3
      vertex 108.889 -3.89276 3
      vertex 108.9 -3.89927 3
    endloop
  endfacet
  facet normal 0 0 1
    outer loop
      vertex 143 0 3
      vertex 108.878 -3.88734 3
      vertex 108.889 -3.89276 3
    endloop
  endfacet
  facet normal 0 0 1
    outer loop
      vertex 143 0 3
      vertex 108.581 -3.74683 3
      vertex 108.878 -3.88734 3
    endloop
  endfacet
  facet normal 0 0 1
    outer loop
      vertex 143 0 3
      vertex 108.272 -3.63612 3
      vertex 108.581 -3.74683 3
    endloop
  endfacet
  facet normal 0 0 1
    outer loop
      vertex 143 0 3
      vertex 108.26 -3.63185 3
      vertex 108.272 -3.63612 3
    endloop
  endfacet
  facet normal 0 0 1
    outer loop
      vertex 143 0 3
      vertex 107.941 -3.552 3
      vertex 108.26 -3.63185 3
    endloop
  endfacet
  facet normal 0 0 1
    outer loop
      vertex 143 0 3
      vertex 107.929 -3.54892 3
      vertex 107.941 -3.552 3
    endloop
  endfacet
  facet normal 0 0 1
    outer loop
      vertex 143 0 3
      vertex 107.916 -3.54706 3
      vertex 107.929 -3.54892 3
    endloop
  endfacet
  facet normal 0 0 1
    outer loop
      vertex 143 0 3
      vertex 107.591 -3.49884 3
      vertex 107.916 -3.54706 3
    endloop
  endfacet
  facet normal 0 0 1
    outer loop
      vertex 143 0 3
      vertex 107.578 -3.49822 3
      vertex 107.591 -3.49884 3
    endloop
  endfacet
  facet normal 0 0 1
    outer loop
      vertex 143 0 3
      vertex 107.25 -3.48209 3
      vertex 107.578 -3.49822 3
    endloop
  endfacet
  facet normal 0 0 1
    outer loop
      vertex 143 0 3
      vertex 106.922 -3.49822 3
      vertex 107.25 -3.48209 3
    endloop
  endfacet
  facet normal 0 0 1
    outer loop
      vertex 143 0 3
      vertex 106.909 -3.49884 3
      vertex 106.922 -3.49822 3
    endloop
  endfacet
  facet normal 0 0 -1
    outer loop
      vertex 106.24 -3.63185 3
      vertex 105.919 -3.74683 3
      vertex 106.228 -3.63612 3
    endloop
  endfacet
  facet normal 0 0 -1
    outer loop
      vertex 105.919 -3.74683 3
      vertex 105.611 -3.89276 3
      vertex 105.622 -3.88734 3
    endloop
  endfacet
  facet normal 0 0 -1
    outer loop
      vertex 105.044 -4.27154 3
      vertex 104.791 -4.50075 3
      vertex 105.034 -4.28005 3
    endloop
  endfacet
  facet normal 0 0 -1
    outer loop
      vertex 104.791 -4.50075 3
      vertex 104.562 -4.75364 3
      vertex 104.57 -4.74425 3
    endloop
  endfacet
  facet normal 0 0 1
    outer loop
      vertex 103.788 -6.63176 3
      vertex 39.2279 -6.96 3
      vertex 103.772 -6.96 3
    endloop
  endfacet
  facet normal 0 0 1
    outer loop
      vertex 103.789 -6.6191 3
      vertex 39.2279 -6.96 3
      vertex 103.788 -6.63176 3
    endloop
  endfacet
  facet normal 0 0 1
    outer loop
      vertex 39.2112 -6.6191 3
      vertex 103.789 -6.6191 3
      vertex 103.837 -6.29402 3
    endloop
  endfacet
  facet normal 0 0 1
    outer loop
      vertex 39.2112 -6.6191 3
      vertex 103.837 -6.29402 3
      vertex 103.839 -6.28149 3
    endloop
  endfacet
  facet normal 0 0 1
    outer loop
      vertex 39.1611 -6.28149 3
      vertex 103.839 -6.28149 3
      vertex 103.842 -6.26921 3
    endloop
  endfacet
  facet normal 0 0 1
    outer loop
      vertex 39.1611 -6.28149 3
      vertex 103.842 -6.26921 3
      vertex 103.922 -5.95042 3
    endloop
  endfacet
  facet normal 0 0 1
    outer loop
      vertex 39.0781 -5.95042 3
      vertex 103.922 -5.95042 3
      vertex 103.926 -5.93849 3
    endloop
  endfacet
  facet normal 0 0 1
    outer loop
      vertex 39.0781 -5.95042 3
      vertex 103.926 -5.93849 3
      vertex 104.037 -5.62906 3
    endloop
  endfacet
  facet normal 0 0 1
    outer loop
      vertex 38.9632 -5.62906 3
      vertex 104.037 -5.62906 3
      vertex 104.177 -5.33198 3
    endloop
  endfacet
  facet normal 0 0 1
    outer loop
      vertex 38.9632 -5.62906 3
      vertex 104.177 -5.33198 3
      vertex 104.183 -5.32053 3
    endloop
  endfacet
  facet normal 0 0 1
    outer loop
      vertex 38.8172 -5.32053 3
      vertex 104.183 -5.32053 3
      vertex 104.189 -5.30966 3
    endloop
  endfacet
  facet normal 0 0 1
    outer loop
      vertex 38.8172 -5.32053 3
      vertex 104.189 -5.30966 3
      vertex 104.358 -5.02778 3
    endloop
  endfacet
  facet normal 0 0 1
    outer loop
      vertex 38.6418 -5.02778 3
      vertex 104.358 -5.02778 3
      vertex 104.554 -4.76381 3
    endloop
  endfacet
  facet normal 0 0 1
    outer loop
      vertex 38.6418 -5.02778 3
      vertex 104.554 -4.76381 3
      vertex 104.562 -4.75364 3
    endloop
  endfacet
  facet normal 0 0 1
    outer loop
      vertex 38.4385 -4.75364 3
      vertex 104.562 -4.75364 3
      vertex 104.791 -4.50075 3
    endloop
  endfacet
  facet normal 0 0 1
    outer loop
      vertex 38.2093 -4.50075 3
      vertex 104.791 -4.50075 3
      vertex 105.044 -4.27154 3
    endloop
  endfacet
  facet normal 0 0 1
    outer loop
      vertex 37.9564 -4.27154 3
      vertex 105.044 -4.27154 3
      vertex 105.054 -4.264 3
    endloop
  endfacet
  facet normal 0 0 1
    outer loop
      vertex 37.9564 -4.27154 3
      vertex 105.054 -4.264 3
      vertex 105.318 -4.06823 3
    endloop
  endfacet
  facet normal 0 0 1
    outer loop
      vertex 37.6822 -4.06823 3
      vertex 105.318 -4.06823 3
      vertex 105.6 -3.89927 3
    endloop
  endfacet
  facet normal 0 0 1
    outer loop
      vertex 37.6822 -4.06823 3
      vertex 105.6 -3.89927 3
      vertex 105.611 -3.89276 3
    endloop
  endfacet
  facet normal 0 0 1
    outer loop
      vertex 37.3895 -3.89276 3
      vertex 105.611 -3.89276 3
      vertex 105.919 -3.74683 3
    endloop
  endfacet
  facet normal 0 0 1
    outer loop
      vertex 37.0809 -3.74683 3
      vertex 105.919 -3.74683 3
      vertex 106.24 -3.63185 3
    endloop
  endfacet
  facet normal 0 0 1
    outer loop
      vertex 36.7596 -3.63185 3
      vertex 106.24 -3.63185 3
      vertex 106.559 -3.552 3
    endloop
  endfacet
  facet normal 0 0 1
    outer loop
      vertex 36.7596 -3.63185 3
      vertex 106.559 -3.552 3
      vertex 106.571 -3.54892 3
    endloop
  endfacet
  facet normal 0 0 1
    outer loop
      vertex 36.4285 -3.54892 3
      vertex 106.571 -3.54892 3
      vertex 106.584 -3.54706 3
    endloop
  endfacet
  facet normal 0 0 1
    outer loop
      vertex 36.4285 -3.54892 3
      vertex 106.584 -3.54706 3
      vertex 106.909 -3.49884 3
    endloop
  endfacet
  facet normal 0 0 1
    outer loop
      vertex 36.0909 -3.49884 3
      vertex 106.909 -3.49884 3
      vertex 143 0 3
    endloop
  endfacet
  facet normal 0 0 1
    outer loop
      vertex 103.789 -6.6191 3
      vertex 39.2118 -6.63176 3
      vertex 39.2279 -6.96 3
    endloop
  endfacet
  facet normal 0 0 1
    outer loop
      vertex 103.789 -6.6191 3
      vertex 39.2112 -6.6191 3
      vertex 39.2118 -6.63176 3
    endloop
  endfacet
  facet normal 0 0 1
    outer loop
      vertex 103.839 -6.28149 3
      vertex 39.1629 -6.29402 3
      vertex 39.2112 -6.6191 3
    endloop
  endfacet
  facet normal 0 0 1
    outer loop
      vertex 103.839 -6.28149 3
      vertex 39.1611 -6.28149 3
      vertex 39.1629 -6.29402 3
    endloop
  endfacet
  facet normal 0 0 1
    outer loop
      vertex 103.922 -5.95042 3
      vertex 39.158 -6.26921 3
      vertex 39.1611 -6.28149 3
    endloop
  endfacet
  facet normal 0 0 1
    outer loop
      vertex 103.922 -5.95042 3
      vertex 39.0781 -5.95042 3
      vertex 39.158 -6.26921 3
    endloop
  endfacet
  facet normal 0 0 1
    outer loop
      vertex 104.037 -5.62906 3
      vertex 39.0739 -5.93849 3
      vertex 39.0781 -5.95042 3
    endloop
  endfacet
  facet normal 0 0 1
    outer loop
      vertex 104.037 -5.62906 3
      vertex 38.9632 -5.62906 3
      vertex 39.0739 -5.93849 3
    endloop
  endfacet
  facet normal 0 0 1
    outer loop
      vertex 104.183 -5.32053 3
      vertex 38.8227 -5.33198 3
      vertex 38.9632 -5.62906 3
    endloop
  endfacet
  facet normal 0 0 1
    outer loop
      vertex 104.183 -5.32053 3
      vertex 38.8172 -5.32053 3
      vertex 38.8227 -5.33198 3
    endloop
  endfacet
  facet normal 0 0 1
    outer loop
      vertex 104.358 -5.02778 3
      vertex 38.8107 -5.30966 3
      vertex 38.8172 -5.32053 3
    endloop
  endfacet
  facet normal 0 0 1
    outer loop
      vertex 104.358 -5.02778 3
      vertex 38.6418 -5.02778 3
      vertex 38.8107 -5.30966 3
    endloop
  endfacet
  facet normal 0 0 1
    outer loop
      vertex 104.562 -4.75364 3
      vertex 38.446 -4.76381 3
      vertex 38.6418 -5.02778 3
    endloop
  endfacet
  facet normal 0 0 1
    outer loop
      vertex 104.562 -4.75364 3
      vertex 38.4385 -4.75364 3
      vertex 38.446 -4.76381 3
    endloop
  endfacet
  facet normal 0 0 1
    outer loop
      vertex 104.791 -4.50075 3
      vertex 38.43 -4.74425 3
      vertex 38.4385 -4.75364 3
    endloop
  endfacet
  facet normal 0 0 1
    outer loop
      vertex 104.791 -4.50075 3
      vertex 38.2093 -4.50075 3
      vertex 38.43 -4.74425 3
    endloop
  endfacet
  facet normal 0 0 1
    outer loop
      vertex 105.044 -4.27154 3
      vertex 37.9657 -4.28005 3
      vertex 38.2093 -4.50075 3
    endloop
  endfacet
  facet normal 0 0 1
    outer loop
      vertex 105.044 -4.27154 3
      vertex 37.9564 -4.27154 3
      vertex 37.9657 -4.28005 3
    endloop
  endfacet
  facet normal 0 0 1
    outer loop
      vertex 105.318 -4.06823 3
      vertex 37.9462 -4.264 3
      vertex 37.9564 -4.27154 3
    endloop
  endfacet
  facet normal 0 0 1
    outer loop
      vertex 105.318 -4.06823 3
      vertex 37.6822 -4.06823 3
      vertex 37.9462 -4.264 3
    endloop
  endfacet
  facet normal 0 0 1
    outer loop
      vertex 105.611 -3.89276 3
      vertex 37.4003 -3.89927 3
      vertex 37.6822 -4.06823 3
    endloop
  endfacet
  facet normal 0 0 1
    outer loop
      vertex 105.611 -3.89276 3
      vertex 37.3895 -3.89276 3
      vertex 37.4003 -3.89927 3
    endloop
  endfacet
  facet normal 0 0 1
    outer loop
      vertex 105.919 -3.74683 3
      vertex 37.378 -3.88734 3
      vertex 37.3895 -3.89276 3
    endloop
  endfacet
  facet normal 0 0 1
    outer loop
      vertex 105.919 -3.74683 3
      vertex 37.0809 -3.74683 3
      vertex 37.378 -3.88734 3
    endloop
  endfacet
  facet normal 0 0 1
    outer loop
      vertex 106.24 -3.63185 3
      vertex 36.7715 -3.63612 3
      vertex 37.0809 -3.74683 3
    endloop
  endfacet
  facet normal 0 0 1
    outer loop
      vertex 106.24 -3.63185 3
      vertex 36.7596 -3.63185 3
      vertex 36.7715 -3.63612 3
    endloop
  endfacet
  facet normal 0 0 1
    outer loop
      vertex 106.571 -3.54892 3
      vertex 36.4408 -3.552 3
      vertex 36.7596 -3.63185 3
    endloop
  endfacet
  facet normal 0 0 1
    outer loop
      vertex 106.571 -3.54892 3
      vertex 36.4285 -3.54892 3
      vertex 36.4408 -3.552 3
    endloop
  endfacet
  facet normal 0 0 1
    outer loop
      vertex 106.909 -3.49884 3
      vertex 36.416 -3.54706 3
      vertex 36.4285 -3.54892 3
    endloop
  endfacet
  facet normal 0 0 1
    outer loop
      vertex 106.909 -3.49884 3
      vertex 36.0909 -3.49884 3
      vertex 36.416 -3.54706 3
    endloop
  endfacet
  facet normal -0 0 1
    outer loop
      vertex 0 0 3
      vertex 36.0909 -3.49884 3
      vertex 143 0 3
    endloop
  endfacet
  facet normal 0 0 1
    outer loop
      vertex 36.0909 -3.49884 3
      vertex 0 0 3
      vertex 36.0782 -3.49822 3
    endloop
  endfacet
  facet normal 0 0 1
    outer loop
      vertex 35.75 -3.48209 3
      vertex 35.4091 -3.49884 3
      vertex 35.4218 -3.49822 3
    endloop
  endfacet
  facet normal 0 0 1
    outer loop
      vertex 34.7404 -3.63185 3
      vertex 34.4191 -3.74683 3
      vertex 34.7285 -3.63612 3
    endloop
  endfacet
  facet normal 0 0 1
    outer loop
      vertex 34.4191 -3.74683 3
      vertex 34.1105 -3.89276 3
      vertex 34.122 -3.88734 3
    endloop
  endfacet
  facet normal 0 0 -1
    outer loop
      vertex 32.6828 -5.32053 3
      vertex 32.5368 -5.62906 3
      vertex 32.6773 -5.33198 3
    endloop
  endfacet
  facet normal 0 0 1
    outer loop
      vertex 0 0 3
      vertex 32.4261 -5.93849 3
      vertex 32.5368 -5.62906 3
    endloop
  endfacet
  facet normal 0 0 1
    outer loop
      vertex 32.2882 -6.63176 3
      vertex 0 0 3
      vertex 32.2721 -6.96 3
    endloop
  endfacet
  facet normal 0 0 1
    outer loop
      vertex 32.2888 -6.6191 3
      vertex 0 0 3
      vertex 32.2882 -6.63176 3
    endloop
  endfacet
  facet normal 0 0 1
    outer loop
      vertex 32.3371 -6.29402 3
      vertex 0 0 3
      vertex 32.2888 -6.6191 3
    endloop
  endfacet
  facet normal 0 0 1
    outer loop
      vertex 32.3389 -6.28149 3
      vertex 0 0 3
      vertex 32.3371 -6.29402 3
    endloop
  endfacet
  facet normal 0 0 1
    outer loop
      vertex 32.342 -6.26921 3
      vertex 0 0 3
      vertex 32.3389 -6.28149 3
    endloop
  endfacet
  facet normal 0 0 1
    outer loop
      vertex 32.4218 -5.95042 3
      vertex 0 0 3
      vertex 32.342 -6.26921 3
    endloop
  endfacet
  facet normal 0 0 1
    outer loop
      vertex 32.4261 -5.93849 3
      vertex 0 0 3
      vertex 32.4218 -5.95042 3
    endloop
  endfacet
  facet normal 0 0 1
    outer loop
      vertex 32.6828 -5.32053 3
      vertex 0 0 3
      vertex 32.5368 -5.62906 3
    endloop
  endfacet
  facet normal 0 0 1
    outer loop
      vertex 32.6893 -5.30966 3
      vertex 0 0 3
      vertex 32.6828 -5.32053 3
    endloop
  endfacet
  facet normal 0 0 1
    outer loop
      vertex 32.8582 -5.02778 3
      vertex 0 0 3
      vertex 32.6893 -5.30966 3
    endloop
  endfacet
  facet normal 0 0 1
    outer loop
      vertex 33.054 -4.76381 3
      vertex 0 0 3
      vertex 32.8582 -5.02778 3
    endloop
  endfacet
  facet normal 0 0 1
    outer loop
      vertex 33.0615 -4.75364 3
      vertex 0 0 3
      vertex 33.054 -4.76381 3
    endloop
  endfacet
  facet normal 0 0 1
    outer loop
      vertex 33.07 -4.74425 3
      vertex 0 0 3
      vertex 33.0615 -4.75364 3
    endloop
  endfacet
  facet normal 0 0 1
    outer loop
      vertex 33.2907 -4.50075 3
      vertex 0 0 3
      vertex 33.07 -4.74425 3
    endloop
  endfacet
  facet normal 0 0 1
    outer loop
      vertex 33.5343 -4.28005 3
      vertex 0 0 3
      vertex 33.2907 -4.50075 3
    endloop
  endfacet
  facet normal 0 0 1
    outer loop
      vertex 33.5436 -4.27154 3
      vertex 0 0 3
      vertex 33.5343 -4.28005 3
    endloop
  endfacet
  facet normal 0 0 1
    outer loop
      vertex 33.5538 -4.264 3
      vertex 0 0 3
      vertex 33.5436 -4.27154 3
    endloop
  endfacet
  facet normal 0 0 1
    outer loop
      vertex 33.8178 -4.06823 3
      vertex 0 0 3
      vertex 33.5538 -4.264 3
    endloop
  endfacet
  facet normal 0 0 1
    outer loop
      vertex 34.0997 -3.89927 3
      vertex 0 0 3
      vertex 33.8178 -4.06823 3
    endloop
  endfacet
  facet normal 0 0 1
    outer loop
      vertex 34.1105 -3.89276 3
      vertex 0 0 3
      vertex 34.0997 -3.89927 3
    endloop
  endfacet
  facet normal 0 0 1
    outer loop
      vertex 34.4191 -3.74683 3
      vertex 0 0 3
      vertex 34.1105 -3.89276 3
    endloop
  endfacet
  facet normal 0 0 1
    outer loop
      vertex 34.7404 -3.63185 3
      vertex 0 0 3
      vertex 34.4191 -3.74683 3
    endloop
  endfacet
  facet normal 0 0 1
    outer loop
      vertex 35.0592 -3.552 3
      vertex 0 0 3
      vertex 34.7404 -3.63185 3
    endloop
  endfacet
  facet normal 0 0 1
    outer loop
      vertex 35.0715 -3.54892 3
      vertex 0 0 3
      vertex 35.0592 -3.552 3
    endloop
  endfacet
  facet normal 0 0 1
    outer loop
      vertex 35.084 -3.54706 3
      vertex 0 0 3
      vertex 35.0715 -3.54892 3
    endloop
  endfacet
  facet normal 0 0 1
    outer loop
      vertex 35.4091 -3.49884 3
      vertex 0 0 3
      vertex 35.084 -3.54706 3
    endloop
  endfacet
  facet normal 0 0 1
    outer loop
      vertex 35.75 -3.48209 3
      vertex 0 0 3
      vertex 35.4091 -3.49884 3
    endloop
  endfacet
  facet normal 0 0 1
    outer loop
      vertex 36.0782 -3.49822 3
      vertex 0 0 3
      vertex 35.75 -3.48209 3
    endloop
  endfacet
  facet normal -0 0 1
    outer loop
      vertex 110.712 -7.28824 3
      vertex 143 -12 3
      vertex 110.728 -6.96 3
    endloop
  endfacet
  facet normal -0 0 1
    outer loop
      vertex 110.711 -7.30089 3
      vertex 143 -12 3
      vertex 110.712 -7.28824 3
    endloop
  endfacet
  facet normal -0 0 1
    outer loop
      vertex 110.663 -7.62598 3
      vertex 143 -12 3
      vertex 110.711 -7.30089 3
    endloop
  endfacet
  facet normal -0 0 1
    outer loop
      vertex 110.661 -7.63851 3
      vertex 143 -12 3
      vertex 110.663 -7.62598 3
    endloop
  endfacet
  facet normal -0 0 1
    outer loop
      vertex 110.658 -7.65079 3
      vertex 143 -12 3
      vertex 110.661 -7.63851 3
    endloop
  endfacet
  facet normal -0 0 1
    outer loop
      vertex 110.578 -7.96958 3
      vertex 143 -12 3
      vertex 110.658 -7.65079 3
    endloop
  endfacet
  facet normal -0 0 1
    outer loop
      vertex 110.574 -7.98151 3
      vertex 143 -12 3
      vertex 110.578 -7.96958 3
    endloop
  endfacet
  facet normal -0 0 1
    outer loop
      vertex 110.463 -8.29094 3
      vertex 143 -12 3
      vertex 110.574 -7.98151 3
    endloop
  endfacet
  facet normal -0 0 1
    outer loop
      vertex 110.323 -8.58802 3
      vertex 143 -12 3
      vertex 110.463 -8.29094 3
    endloop
  endfacet
  facet normal -0 0 1
    outer loop
      vertex 110.317 -8.59947 3
      vertex 143 -12 3
      vertex 110.323 -8.58802 3
    endloop
  endfacet
  facet normal -0 0 1
    outer loop
      vertex 110.311 -8.61034 3
      vertex 143 -12 3
      vertex 110.317 -8.59947 3
    endloop
  endfacet
  facet normal -0 0 1
    outer loop
      vertex 110.142 -8.89222 3
      vertex 143 -12 3
      vertex 110.311 -8.61034 3
    endloop
  endfacet
  facet normal -0 0 1
    outer loop
      vertex 109.946 -9.15619 3
      vertex 143 -12 3
      vertex 110.142 -8.89222 3
    endloop
  endfacet
  facet normal -0 0 1
    outer loop
      vertex 109.938 -9.16636 3
      vertex 143 -12 3
      vertex 109.946 -9.15619 3
    endloop
  endfacet
  facet normal -0 0 1
    outer loop
      vertex 109.93 -9.17575 3
      vertex 143 -12 3
      vertex 109.938 -9.16636 3
    endloop
  endfacet
  facet normal -0 0 1
    outer loop
      vertex 109.709 -9.41925 3
      vertex 143 -12 3
      vertex 109.93 -9.17575 3
    endloop
  endfacet
  facet normal -0 0 1
    outer loop
      vertex 109.466 -9.63995 3
      vertex 143 -12 3
      vertex 109.709 -9.41925 3
    endloop
  endfacet
  facet normal -0 0 1
    outer loop
      vertex 109.456 -9.64846 3
      vertex 143 -12 3
      vertex 109.466 -9.63995 3
    endloop
  endfacet
  facet normal -0 0 1
    outer loop
      vertex 109.446 -9.656 3
      vertex 143 -12 3
      vertex 109.456 -9.64846 3
    endloop
  endfacet
  facet normal -0 0 1
    outer loop
      vertex 109.182 -9.85177 3
      vertex 143 -12 3
      vertex 109.446 -9.656 3
    endloop
  endfacet
  facet normal -0 0 1
    outer loop
      vertex 108.9 -10.0207 3
      vertex 143 -12 3
      vertex 109.182 -9.85177 3
    endloop
  endfacet
  facet normal -0 0 1
    outer loop
      vertex 108.889 -10.0272 3
      vertex 143 -12 3
      vertex 108.9 -10.0207 3
    endloop
  endfacet
  facet normal -0 0 1
    outer loop
      vertex 108.878 -10.0327 3
      vertex 143 -12 3
      vertex 108.889 -10.0272 3
    endloop
  endfacet
  facet normal -0 0 1
    outer loop
      vertex 108.581 -10.1732 3
      vertex 143 -12 3
      vertex 108.878 -10.0327 3
    endloop
  endfacet
  facet normal -0 0 1
    outer loop
      vertex 108.272 -10.2839 3
      vertex 143 -12 3
      vertex 108.581 -10.1732 3
    endloop
  endfacet
  facet normal -0 0 1
    outer loop
      vertex 108.26 -10.2881 3
      vertex 143 -12 3
      vertex 108.272 -10.2839 3
    endloop
  endfacet
  facet normal -0 0 1
    outer loop
      vertex 107.941 -10.368 3
      vertex 143 -12 3
      vertex 108.26 -10.2881 3
    endloop
  endfacet
  facet normal -0 0 1
    outer loop
      vertex 107.929 -10.3711 3
      vertex 143 -12 3
      vertex 107.941 -10.368 3
    endloop
  endfacet
  facet normal -0 0 1
    outer loop
      vertex 107.916 -10.3729 3
      vertex 143 -12 3
      vertex 107.929 -10.3711 3
    endloop
  endfacet
  facet normal -0 0 1
    outer loop
      vertex 107.591 -10.4212 3
      vertex 143 -12 3
      vertex 107.916 -10.3729 3
    endloop
  endfacet
  facet normal -0 0 1
    outer loop
      vertex 107.578 -10.4218 3
      vertex 143 -12 3
      vertex 107.591 -10.4212 3
    endloop
  endfacet
  facet normal -0 0 1
    outer loop
      vertex 107.25 -10.4379 3
      vertex 143 -12 3
      vertex 107.578 -10.4218 3
    endloop
  endfacet
  facet normal 0 0 -1
    outer loop
      vertex 105.919 -10.1732 3
      vertex 106.24 -10.2881 3
      vertex 106.228 -10.2839 3
    endloop
  endfacet
  facet normal 0 0 -1
    outer loop
      vertex 105.611 -10.0272 3
      vertex 105.919 -10.1732 3
      vertex 105.622 -10.0327 3
    endloop
  endfacet
  facet normal 0 0 -1
    outer loop
      vertex 104.791 -9.41925 3
      vertex 105.044 -9.64846 3
      vertex 105.034 -9.63995 3
    endloop
  endfacet
  facet normal 0 0 -1
    outer loop
      vertex 104.562 -9.16636 3
      vertex 104.791 -9.41925 3
      vertex 104.57 -9.17575 3
    endloop
  endfacet
  facet normal -0 0 1
    outer loop
      vertex 39.2279 -6.96 3
      vertex 103.788 -7.28824 3
      vertex 103.772 -6.96 3
    endloop
  endfacet
  facet normal 0 0 1
    outer loop
      vertex 39.2279 -6.96 3
      vertex 103.789 -7.30089 3
      vertex 103.788 -7.28824 3
    endloop
  endfacet
  facet normal -0 0 1
    outer loop
      vertex 39.2118 -7.28824 3
      vertex 103.789 -7.30089 3
      vertex 39.2279 -6.96 3
    endloop
  endfacet
  facet normal 0 0 1
    outer loop
      vertex 39.2112 -7.30089 3
      vertex 103.789 -7.30089 3
      vertex 39.2118 -7.28824 3
    endloop
  endfacet
  facet normal 0 0 1
    outer loop
      vertex 103.789 -7.30089 3
      vertex 39.2112 -7.30089 3
      vertex 103.837 -7.62598 3
    endloop
  endfacet
  facet normal 0 0 1
    outer loop
      vertex 103.837 -7.62598 3
      vertex 39.2112 -7.30089 3
      vertex 103.839 -7.63851 3
    endloop
  endfacet
  facet normal -0 0 1
    outer loop
      vertex 39.1629 -7.62598 3
      vertex 103.839 -7.63851 3
      vertex 39.2112 -7.30089 3
    endloop
  endfacet
  facet normal 0 0 1
    outer loop
      vertex 39.1611 -7.63851 3
      vertex 103.839 -7.63851 3
      vertex 39.1629 -7.62598 3
    endloop
  endfacet
  facet normal 0 0 1
    outer loop
      vertex 103.839 -7.63851 3
      vertex 39.1611 -7.63851 3
      vertex 103.842 -7.65079 3
    endloop
  endfacet
  facet normal 0 0 1
    outer loop
      vertex 103.842 -7.65079 3
      vertex 39.1611 -7.63851 3
      vertex 103.922 -7.96958 3
    endloop
  endfacet
  facet normal -0 0 1
    outer loop
      vertex 39.158 -7.65079 3
      vertex 103.922 -7.96958 3
      vertex 39.1611 -7.63851 3
    endloop
  endfacet
  facet normal 0 0 1
    outer loop
      vertex 39.0781 -7.96958 3
      vertex 103.922 -7.96958 3
      vertex 39.158 -7.65079 3
    endloop
  endfacet
  facet normal 0 0 1
    outer loop
      vertex 103.922 -7.96958 3
      vertex 39.0781 -7.96958 3
      vertex 103.926 -7.98151 3
    endloop
  endfacet
  facet normal 0 0 1
    outer loop
      vertex 103.926 -7.98151 3
      vertex 39.0781 -7.96958 3
      vertex 104.037 -8.29094 3
    endloop
  endfacet
  facet normal -0 0 1
    outer loop
      vertex 39.0739 -7.98151 3
      vertex 104.037 -8.29094 3
      vertex 39.0781 -7.96958 3
    endloop
  endfacet
  facet normal 0 0 1
    outer loop
      vertex 38.9632 -8.29094 3
      vertex 104.037 -8.29094 3
      vertex 39.0739 -7.98151 3
    endloop
  endfacet
  facet normal 0 0 1
    outer loop
      vertex 104.037 -8.29094 3
      vertex 38.9632 -8.29094 3
      vertex 104.177 -8.58802 3
    endloop
  endfacet
  facet normal 0 0 1
    outer loop
      vertex 104.177 -8.58802 3
      vertex 38.9632 -8.29094 3
      vertex 104.183 -8.59947 3
    endloop
  endfacet
  facet normal -0 0 1
    outer loop
      vertex 38.8227 -8.58802 3
      vertex 104.183 -8.59947 3
      vertex 38.9632 -8.29094 3
    endloop
  endfacet
  facet normal 0 0 1
    outer loop
      vertex 38.8172 -8.59947 3
      vertex 104.183 -8.59947 3
      vertex 38.8227 -8.58802 3
    endloop
  endfacet
  facet normal 0 0 1
    outer loop
      vertex 104.183 -8.59947 3
      vertex 38.8172 -8.59947 3
      vertex 104.189 -8.61034 3
    endloop
  endfacet
  facet normal 0 0 1
    outer loop
      vertex 104.189 -8.61034 3
      vertex 38.8172 -8.59947 3
      vertex 104.358 -8.89222 3
    endloop
  endfacet
  facet normal -0 0 1
    outer loop
      vertex 38.8107 -8.61034 3
      vertex 104.358 -8.89222 3
      vertex 38.8172 -8.59947 3
    endloop
  endfacet
  facet normal 0 0 1
    outer loop
      vertex 38.6418 -8.89222 3
      vertex 104.358 -8.89222 3
      vertex 38.8107 -8.61034 3
    endloop
  endfacet
  facet normal 0 0 1
    outer loop
      vertex 104.358 -8.89222 3
      vertex 38.6418 -8.89222 3
      vertex 104.554 -9.15619 3
    endloop
  endfacet
  facet normal 0 0 1
    outer loop
      vertex 104.554 -9.15619 3
      vertex 38.6418 -8.89222 3
      vertex 104.562 -9.16636 3
    endloop
  endfacet
  facet normal -0 0 1
    outer loop
      vertex 38.446 -9.15619 3
      vertex 104.562 -9.16636 3
      vertex 38.6418 -8.89222 3
    endloop
  endfacet
  facet normal 0 0 1
    outer loop
      vertex 38.4385 -9.16636 3
      vertex 104.562 -9.16636 3
      vertex 38.446 -9.15619 3
    endloop
  endfacet
  facet normal 0 0 1
    outer loop
      vertex 104.562 -9.16636 3
      vertex 38.4385 -9.16636 3
      vertex 104.791 -9.41925 3
    endloop
  endfacet
  facet normal -0 0 1
    outer loop
      vertex 38.43 -9.17575 3
      vertex 104.791 -9.41925 3
      vertex 38.4385 -9.16636 3
    endloop
  endfacet
  facet normal 0 0 1
    outer loop
      vertex 38.2093 -9.41925 3
      vertex 104.791 -9.41925 3
      vertex 38.43 -9.17575 3
    endloop
  endfacet
  facet normal 0 0 1
    outer loop
      vertex 104.791 -9.41925 3
      vertex 38.2093 -9.41925 3
      vertex 105.044 -9.64846 3
    endloop
  endfacet
  facet normal -0 0 1
    outer loop
      vertex 37.9657 -9.63995 3
      vertex 105.044 -9.64846 3
      vertex 38.2093 -9.41925 3
    endloop
  endfacet
  facet normal 0 0 1
    outer loop
      vertex 37.9564 -9.64846 3
      vertex 105.044 -9.64846 3
      vertex 37.9657 -9.63995 3
    endloop
  endfacet
  facet normal 0 0 1
    outer loop
      vertex 105.044 -9.64846 3
      vertex 37.9564 -9.64846 3
      vertex 105.054 -9.656 3
    endloop
  endfacet
  facet normal 0 0 1
    outer loop
      vertex 105.054 -9.656 3
      vertex 37.9564 -9.64846 3
      vertex 105.318 -9.85177 3
    endloop
  endfacet
  facet normal -0 0 1
    outer loop
      vertex 37.9462 -9.656 3
      vertex 105.318 -9.85177 3
      vertex 37.9564 -9.64846 3
    endloop
  endfacet
  facet normal 0 0 1
    outer loop
      vertex 37.6822 -9.85177 3
      vertex 105.318 -9.85177 3
      vertex 37.9462 -9.656 3
    endloop
  endfacet
  facet normal 0 0 1
    outer loop
      vertex 105.318 -9.85177 3
      vertex 37.6822 -9.85177 3
      vertex 105.6 -10.0207 3
    endloop
  endfacet
  facet normal 0 0 1
    outer loop
      vertex 105.6 -10.0207 3
      vertex 37.6822 -9.85177 3
      vertex 105.611 -10.0272 3
    endloop
  endfacet
  facet normal -0 0 1
    outer loop
      vertex 37.4003 -10.0207 3
      vertex 105.611 -10.0272 3
      vertex 37.6822 -9.85177 3
    endloop
  endfacet
  facet normal 0 0 1
    outer loop
      vertex 37.3895 -10.0272 3
      vertex 105.611 -10.0272 3
      vertex 37.4003 -10.0207 3
    endloop
  endfacet
  facet normal 0 0 1
    outer loop
      vertex 105.611 -10.0272 3
      vertex 37.3895 -10.0272 3
      vertex 105.919 -10.1732 3
    endloop
  endfacet
  facet normal -0 0 1
    outer loop
      vertex 37.378 -10.0327 3
      vertex 105.919 -10.1732 3
      vertex 37.3895 -10.0272 3
    endloop
  endfacet
  facet normal 0 0 1
    outer loop
      vertex 37.0809 -10.1732 3
      vertex 105.919 -10.1732 3
      vertex 37.378 -10.0327 3
    endloop
  endfacet
  facet normal 0 0 1
    outer loop
      vertex 105.919 -10.1732 3
      vertex 37.0809 -10.1732 3
      vertex 106.24 -10.2881 3
    endloop
  endfacet
  facet normal -0 0 1
    outer loop
      vertex 36.7715 -10.2839 3
      vertex 106.24 -10.2881 3
      vertex 37.0809 -10.1732 3
    endloop
  endfacet
  facet normal 0 0 1
    outer loop
      vertex 36.7596 -10.2881 3
      vertex 106.24 -10.2881 3
      vertex 36.7715 -10.2839 3
    endloop
  endfacet
  facet normal 0 0 1
    outer loop
      vertex 106.24 -10.2881 3
      vertex 36.7596 -10.2881 3
      vertex 106.559 -10.368 3
    endloop
  endfacet
  facet normal 0 0 1
    outer loop
      vertex 106.559 -10.368 3
      vertex 36.7596 -10.2881 3
      vertex 106.571 -10.3711 3
    endloop
  endfacet
  facet normal -0 0 1
    outer loop
      vertex 36.4408 -10.368 3
      vertex 106.571 -10.3711 3
      vertex 36.7596 -10.2881 3
    endloop
  endfacet
  facet normal 0 0 1
    outer loop
      vertex 36.4285 -10.3711 3
      vertex 106.571 -10.3711 3
      vertex 36.4408 -10.368 3
    endloop
  endfacet
  facet normal 0 0 1
    outer loop
      vertex 106.571 -10.3711 3
      vertex 36.4285 -10.3711 3
      vertex 106.584 -10.3729 3
    endloop
  endfacet
  facet normal 0 0 1
    outer loop
      vertex 106.584 -10.3729 3
      vertex 36.4285 -10.3711 3
      vertex 106.909 -10.4212 3
    endloop
  endfacet
  facet normal -0 0 1
    outer loop
      vertex 36.416 -10.3729 3
      vertex 106.909 -10.4212 3
      vertex 36.4285 -10.3711 3
    endloop
  endfacet
  facet normal 0 0 1
    outer loop
      vertex 36.0909 -10.4212 3
      vertex 106.909 -10.4212 3
      vertex 36.416 -10.3729 3
    endloop
  endfacet
  facet normal 0 0 1
    outer loop
      vertex 106.909 -10.4212 3
      vertex 36.0909 -10.4212 3
      vertex 106.922 -10.4218 3
    endloop
  endfacet
  facet normal 0 0 1
    outer loop
      vertex 106.922 -10.4218 3
      vertex 36.0909 -10.4212 3
      vertex 107.25 -10.4379 3
    endloop
  endfacet
  facet normal -0 0 1
    outer loop
      vertex 36.0782 -10.4218 3
      vertex 107.25 -10.4379 3
      vertex 36.0909 -10.4212 3
    endloop
  endfacet
  facet normal 0 0 1
    outer loop
      vertex 35.75 -10.4379 3
      vertex 107.25 -10.4379 3
      vertex 36.0782 -10.4218 3
    endloop
  endfacet
  facet normal 0 0 1
    outer loop
      vertex 107.25 -10.4379 3
      vertex 35.75 -10.4379 3
      vertex 143 -12 3
    endloop
  endfacet
  facet normal 0 0 -1
    outer loop
      vertex 34.4191 -10.1732 3
      vertex 34.7404 -10.2881 3
      vertex 34.7285 -10.2839 3
    endloop
  endfacet
  facet normal 0 0 -1
    outer loop
      vertex 34.1105 -10.0272 3
      vertex 34.4191 -10.1732 3
      vertex 34.122 -10.0327 3
    endloop
  endfacet
  facet normal 0 0 1
    outer loop
      vertex 33.5436 -9.64846 3
      vertex 33.8178 -9.85177 3
      vertex 33.5538 -9.656 3
    endloop
  endfacet
  facet normal 0 0 -1
    outer loop
      vertex 32.5368 -8.29094 3
      vertex 32.6828 -8.59947 3
      vertex 32.6773 -8.58802 3
    endloop
  endfacet
  facet normal 0 0 1
    outer loop
      vertex 0 -12 3
      vertex 32.4261 -7.98151 3
      vertex 32.4218 -7.96958 3
    endloop
  endfacet
  facet normal 0 0 1
    outer loop
      vertex 0 -12 3
      vertex 32.2721 -6.96 3
      vertex 0 0 3
    endloop
  endfacet
  facet normal 0 0 1
    outer loop
      vertex 32.2721 -6.96 3
      vertex 0 -12 3
      vertex 32.2882 -7.28824 3
    endloop
  endfacet
  facet normal 0 0 1
    outer loop
      vertex 32.2882 -7.28824 3
      vertex 0 -12 3
      vertex 32.2888 -7.30089 3
    endloop
  endfacet
  facet normal 0 0 1
    outer loop
      vertex 32.2888 -7.30089 3
      vertex 0 -12 3
      vertex 32.3371 -7.62598 3
    endloop
  endfacet
  facet normal 0 0 1
    outer loop
      vertex 32.3371 -7.62598 3
      vertex 0 -12 3
      vertex 32.3389 -7.63851 3
    endloop
  endfacet
  facet normal 0 0 1
    outer loop
      vertex 32.3389 -7.63851 3
      vertex 0 -12 3
      vertex 32.342 -7.65079 3
    endloop
  endfacet
  facet normal 0 0 1
    outer loop
      vertex 32.342 -7.65079 3
      vertex 0 -12 3
      vertex 32.4218 -7.96958 3
    endloop
  endfacet
  facet normal 0 0 1
    outer loop
      vertex 32.4261 -7.98151 3
      vertex 0 -12 3
      vertex 32.5368 -8.29094 3
    endloop
  endfacet
  facet normal 0 0 1
    outer loop
      vertex 32.5368 -8.29094 3
      vertex 0 -12 3
      vertex 32.6828 -8.59947 3
    endloop
  endfacet
  facet normal 0 0 1
    outer loop
      vertex 32.6828 -8.59947 3
      vertex 0 -12 3
      vertex 32.6893 -8.61034 3
    endloop
  endfacet
  facet normal 0 0 1
    outer loop
      vertex 32.6893 -8.61034 3
      vertex 0 -12 3
      vertex 32.8582 -8.89222 3
    endloop
  endfacet
  facet normal 0 0 1
    outer loop
      vertex 32.8582 -8.89222 3
      vertex 0 -12 3
      vertex 33.054 -9.15619 3
    endloop
  endfacet
  facet normal 0 0 1
    outer loop
      vertex 33.054 -9.15619 3
      vertex 0 -12 3
      vertex 33.0615 -9.16636 3
    endloop
  endfacet
  facet normal 0 0 1
    outer loop
      vertex 33.0615 -9.16636 3
      vertex 0 -12 3
      vertex 33.07 -9.17575 3
    endloop
  endfacet
  facet normal 0 0 1
    outer loop
      vertex 33.07 -9.17575 3
      vertex 0 -12 3
      vertex 33.2907 -9.41925 3
    endloop
  endfacet
  facet normal 0 0 1
    outer loop
      vertex 33.2907 -9.41925 3
      vertex 0 -12 3
      vertex 33.5343 -9.63995 3
    endloop
  endfacet
  facet normal 0 0 1
    outer loop
      vertex 33.5343 -9.63995 3
      vertex 0 -12 3
      vertex 33.5436 -9.64846 3
    endloop
  endfacet
  facet normal 0 0 1
    outer loop
      vertex 33.5436 -9.64846 3
      vertex 0 -12 3
      vertex 33.8178 -9.85177 3
    endloop
  endfacet
  facet normal 0 0 1
    outer loop
      vertex 33.8178 -9.85177 3
      vertex 0 -12 3
      vertex 34.0997 -10.0207 3
    endloop
  endfacet
  facet normal 0 0 1
    outer loop
      vertex 34.0997 -10.0207 3
      vertex 0 -12 3
      vertex 34.1105 -10.0272 3
    endloop
  endfacet
  facet normal 0 0 1
    outer loop
      vertex 34.1105 -10.0272 3
      vertex 0 -12 3
      vertex 34.4191 -10.1732 3
    endloop
  endfacet
  facet normal 0 0 1
    outer loop
      vertex 35.75 -10.4379 3
      vertex 0 -12 3
      vertex 143 -12 3
    endloop
  endfacet
  facet normal 0 0 1
    outer loop
      vertex 35.4218 -10.4218 3
      vertex 0 -12 3
      vertex 35.75 -10.4379 3
    endloop
  endfacet
  facet normal 0 0 1
    outer loop
      vertex 35.4091 -10.4212 3
      vertex 0 -12 3
      vertex 35.4218 -10.4218 3
    endloop
  endfacet
  facet normal 0 0 1
    outer loop
      vertex 35.084 -10.3729 3
      vertex 0 -12 3
      vertex 35.4091 -10.4212 3
    endloop
  endfacet
  facet normal 0 0 1
    outer loop
      vertex 35.0715 -10.3711 3
      vertex 0 -12 3
      vertex 35.084 -10.3729 3
    endloop
  endfacet
  facet normal 0 0 1
    outer loop
      vertex 35.0592 -10.368 3
      vertex 0 -12 3
      vertex 35.0715 -10.3711 3
    endloop
  endfacet
  facet normal 0 0 1
    outer loop
      vertex 34.7404 -10.2881 3
      vertex 0 -12 3
      vertex 35.0592 -10.368 3
    endloop
  endfacet
  facet normal 0 0 1
    outer loop
      vertex 34.4191 -10.1732 3
      vertex 0 -12 3
      vertex 34.7404 -10.2881 3
    endloop
  endfacet
  facet normal 0 -1 0
    outer loop
      vertex 0 -12 0
      vertex 143 -12 3
      vertex 0 -12 3
    endloop
  endfacet
  facet normal 0 -1 -0
    outer loop
      vertex 143 -12 3
      vertex 0 -12 0
      vertex 143 -12 0
    endloop
  endfacet
  facet normal 0.904038 0.427452 0
    outer loop
      vertex 34.1184 -7.83208 1
      vertex 34.0408 -7.66796 0
      vertex 34.0408 -7.66796 1
    endloop
  endfacet
  facet normal 0.904038 0.427452 0
    outer loop
      vertex 34.0408 -7.66796 0
      vertex 34.1184 -7.83208 1
      vertex 34.1184 -7.83208 0
    endloop
  endfacet
  facet normal -0.857585 -0.514342 0
    outer loop
      vertex 37.3816 -6.08792 0
      vertex 37.2882 -5.93219 1
      vertex 37.2882 -5.93219 0
    endloop
  endfacet
  facet normal -0.857585 -0.514342 0
    outer loop
      vertex 37.2882 -5.93219 1
      vertex 37.3816 -6.08792 0
      vertex 37.3816 -6.08792 1
    endloop
  endfacet
  facet normal -0.740737 -0.671795 0
    outer loop
      vertex 37.1801 -5.78637 0
      vertex 37.0581 -5.65185 1
      vertex 37.0581 -5.65185 0
    endloop
  endfacet
  facet normal -0.740737 -0.671795 0
    outer loop
      vertex 37.0581 -5.65185 1
      vertex 37.1801 -5.78637 0
      vertex 37.1801 -5.78637 1
    endloop
  endfacet
  facet normal -0.941648 -0.336598 0
    outer loop
      vertex 37.5203 -6.42297 0
      vertex 37.4592 -6.25204 1
      vertex 37.4592 -6.25204 0
    endloop
  endfacet
  facet normal -0.941648 -0.336598 0
    outer loop
      vertex 37.4592 -6.25204 1
      vertex 37.5203 -6.42297 0
      vertex 37.5203 -6.42297 1
    endloop
  endfacet
  facet normal 0.427629 0.903954 -0
    outer loop
      vertex 35.042 -8.66918 0
      vertex 34.8779 -8.59155 1
      vertex 35.042 -8.66918 1
    endloop
  endfacet
  facet normal 0.427629 0.903954 0
    outer loop
      vertex 34.8779 -8.59155 1
      vertex 35.042 -8.66918 0
      vertex 34.8779 -8.59155 0
    endloop
  endfacet
  facet normal 0.857571 0.514366 0
    outer loop
      vertex 34.2118 -7.9878 1
      vertex 34.1184 -7.83208 0
      vertex 34.1184 -7.83208 1
    endloop
  endfacet
  facet normal 0.857571 0.514366 0
    outer loop
      vertex 34.1184 -7.83208 0
      vertex 34.2118 -7.9878 1
      vertex 34.2118 -7.9878 0
    endloop
  endfacet
  facet normal 0.146724 0.989177 -0
    outer loop
      vertex 35.5687 -8.80109 0
      vertex 35.3891 -8.77445 1
      vertex 35.5687 -8.80109 1
    endloop
  endfacet
  facet normal 0.146724 0.989177 0
    outer loop
      vertex 35.3891 -8.77445 1
      vertex 35.5687 -8.80109 0
      vertex 35.3891 -8.77445 0
    endloop
  endfacet
  facet normal 0.595761 -0.803162 0
    outer loop
      vertex 34.5764 -5.52993 0
      vertex 34.7222 -5.42178 1
      vertex 34.5764 -5.52993 1
    endloop
  endfacet
  facet normal 0.595761 -0.803162 0
    outer loop
      vertex 34.7222 -5.42178 1
      vertex 34.5764 -5.52993 0
      vertex 34.7222 -5.42178 0
    endloop
  endfacet
  facet normal 0.740737 -0.671795 0
    outer loop
      vertex 34.3199 -5.78637 1
      vertex 34.4419 -5.65185 0
      vertex 34.4419 -5.65185 1
    endloop
  endfacet
  facet normal 0.740737 -0.671795 0
    outer loop
      vertex 34.4419 -5.65185 0
      vertex 34.3199 -5.78637 1
      vertex 34.3199 -5.78637 0
    endloop
  endfacet
  facet normal -0.671608 -0.740906 0
    outer loop
      vertex 36.9236 -5.52993 0
      vertex 37.0581 -5.65185 1
      vertex 36.9236 -5.52993 1
    endloop
  endfacet
  facet normal -0.671608 -0.740906 -0
    outer loop
      vertex 37.0581 -5.65185 1
      vertex 36.9236 -5.52993 0
      vertex 37.0581 -5.65185 0
    endloop
  endfacet
  facet normal 0.242976 -0.970032 0
    outer loop
      vertex 35.213 -5.18966 0
      vertex 35.3891 -5.14555 1
      vertex 35.213 -5.18966 1
    endloop
  endfacet
  facet normal 0.242976 -0.970032 0
    outer loop
      vertex 35.3891 -5.14555 1
      vertex 35.213 -5.18966 0
      vertex 35.3891 -5.14555 0
    endloop
  endfacet
  facet normal -0.803352 0.595504 0
    outer loop
      vertex 37.1801 -8.13363 0
      vertex 37.2882 -7.9878 1
      vertex 37.2882 -7.9878 0
    endloop
  endfacet
  facet normal -0.803352 0.595504 0
    outer loop
      vertex 37.2882 -7.9878 1
      vertex 37.1801 -8.13363 0
      vertex 37.1801 -8.13363 1
    endloop
  endfacet
  facet normal 0.671608 0.740906 -0
    outer loop
      vertex 34.5764 -8.39007 0
      vertex 34.4419 -8.26815 1
      vertex 34.5764 -8.39007 1
    endloop
  endfacet
  facet normal 0.671608 0.740906 0
    outer loop
      vertex 34.4419 -8.26815 1
      vertex 34.5764 -8.39007 0
      vertex 34.4419 -8.26815 0
    endloop
  endfacet
  facet normal 0.740737 0.671795 0
    outer loop
      vertex 34.4419 -8.26815 1
      vertex 34.3199 -8.13363 0
      vertex 34.3199 -8.13363 1
    endloop
  endfacet
  facet normal 0.740737 0.671795 0
    outer loop
      vertex 34.3199 -8.13363 0
      vertex 34.4419 -8.26815 1
      vertex 34.4419 -8.26815 0
    endloop
  endfacet
  facet normal -0.969919 -0.24343 0
    outer loop
      vertex 37.5645 -6.59908 0
      vertex 37.5203 -6.42297 1
      vertex 37.5203 -6.42297 0
    endloop
  endfacet
  facet normal -0.969919 -0.24343 0
    outer loop
      vertex 37.5203 -6.42297 1
      vertex 37.5645 -6.59908 0
      vertex 37.5645 -6.59908 1
    endloop
  endfacet
  facet normal -0.427629 0.903954 0
    outer loop
      vertex 36.6221 -8.59155 0
      vertex 36.458 -8.66918 1
      vertex 36.6221 -8.59155 1
    endloop
  endfacet
  facet normal -0.427629 0.903954 0
    outer loop
      vertex 36.458 -8.66918 1
      vertex 36.6221 -8.59155 0
      vertex 36.458 -8.66918 0
    endloop
  endfacet
  facet normal 0.427629 -0.903954 0
    outer loop
      vertex 34.8779 -5.32845 0
      vertex 35.042 -5.25082 1
      vertex 34.8779 -5.32845 1
    endloop
  endfacet
  facet normal 0.427629 -0.903954 0
    outer loop
      vertex 35.042 -5.25082 1
      vertex 34.8779 -5.32845 0
      vertex 35.042 -5.25082 0
    endloop
  endfacet
  facet normal -0.336769 -0.941587 0
    outer loop
      vertex 36.287 -5.18966 0
      vertex 36.458 -5.25082 1
      vertex 36.287 -5.18966 1
    endloop
  endfacet
  facet normal -0.336769 -0.941587 -0
    outer loop
      vertex 36.458 -5.25082 1
      vertex 36.287 -5.18966 0
      vertex 36.458 -5.25082 0
    endloop
  endfacet
  facet normal -0.989208 0.146517 0
    outer loop
      vertex 37.5645 -7.32092 0
      vertex 37.5911 -7.14133 1
      vertex 37.5911 -7.14133 0
    endloop
  endfacet
  facet normal -0.989208 0.146517 0
    outer loop
      vertex 37.5911 -7.14133 1
      vertex 37.5645 -7.32092 0
      vertex 37.5645 -7.32092 1
    endloop
  endfacet
  facet normal 0.336769 0.941587 -0
    outer loop
      vertex 35.213 -8.73034 0
      vertex 35.042 -8.66918 1
      vertex 35.213 -8.73034 1
    endloop
  endfacet
  facet normal 0.336769 0.941587 0
    outer loop
      vertex 35.042 -8.66918 1
      vertex 35.213 -8.73034 0
      vertex 35.042 -8.66918 0
    endloop
  endfacet
  facet normal -0.0490858 0.998795 0
    outer loop
      vertex 35.9313 -8.80109 0
      vertex 35.75 -8.81 1
      vertex 35.9313 -8.80109 1
    endloop
  endfacet
  facet normal -0.0490858 0.998795 0
    outer loop
      vertex 35.75 -8.81 1
      vertex 35.9313 -8.80109 0
      vertex 35.75 -8.81 0
    endloop
  endfacet
  facet normal 0.0490858 -0.998795 0
    outer loop
      vertex 35.5687 -5.11891 0
      vertex 35.75 -5.11 1
      vertex 35.5687 -5.11891 1
    endloop
  endfacet
  facet normal 0.0490858 -0.998795 0
    outer loop
      vertex 35.75 -5.11 1
      vertex 35.5687 -5.11891 0
      vertex 35.75 -5.11 0
    endloop
  endfacet
  facet normal -0.998798 -0.0490228 0
    outer loop
      vertex 37.6 -6.96 0
      vertex 37.5911 -6.77867 1
      vertex 37.5911 -6.77867 0
    endloop
  endfacet
  facet normal -0.998798 -0.0490228 0
    outer loop
      vertex 37.5911 -6.77867 1
      vertex 37.6 -6.96 0
      vertex 37.6 -6.96 1
    endloop
  endfacet
  facet normal -0.0490858 -0.998795 0
    outer loop
      vertex 35.75 -5.11 0
      vertex 35.9313 -5.11891 1
      vertex 35.75 -5.11 1
    endloop
  endfacet
  facet normal -0.0490858 -0.998795 -0
    outer loop
      vertex 35.9313 -5.11891 1
      vertex 35.75 -5.11 0
      vertex 35.9313 -5.11891 0
    endloop
  endfacet
  facet normal -0.242976 -0.970032 0
    outer loop
      vertex 36.1109 -5.14555 0
      vertex 36.287 -5.18966 1
      vertex 36.1109 -5.14555 1
    endloop
  endfacet
  facet normal -0.242976 -0.970032 -0
    outer loop
      vertex 36.287 -5.18966 1
      vertex 36.1109 -5.14555 0
      vertex 36.287 -5.18966 0
    endloop
  endfacet
  facet normal -0.989208 -0.146517 0
    outer loop
      vertex 37.5911 -6.77867 0
      vertex 37.5645 -6.59908 1
      vertex 37.5645 -6.59908 0
    endloop
  endfacet
  facet normal -0.989208 -0.146517 0
    outer loop
      vertex 37.5645 -6.59908 1
      vertex 37.5911 -6.77867 0
      vertex 37.5911 -6.77867 1
    endloop
  endfacet
  facet normal -0.514131 -0.857712 0
    outer loop
      vertex 36.6221 -5.32845 0
      vertex 36.7778 -5.42178 1
      vertex 36.6221 -5.32845 1
    endloop
  endfacet
  facet normal -0.514131 -0.857712 -0
    outer loop
      vertex 36.7778 -5.42178 1
      vertex 36.6221 -5.32845 0
      vertex 36.7778 -5.42178 0
    endloop
  endfacet
  facet normal -0.904038 -0.427452 0
    outer loop
      vertex 37.4592 -6.25204 0
      vertex 37.3816 -6.08792 1
      vertex 37.3816 -6.08792 0
    endloop
  endfacet
  facet normal -0.904038 -0.427452 0
    outer loop
      vertex 37.3816 -6.08792 1
      vertex 37.4592 -6.25204 0
      vertex 37.4592 -6.25204 1
    endloop
  endfacet
  facet normal -0.969919 0.24343 0
    outer loop
      vertex 37.5203 -7.49703 0
      vertex 37.5645 -7.32092 1
      vertex 37.5645 -7.32092 0
    endloop
  endfacet
  facet normal -0.969919 0.24343 0
    outer loop
      vertex 37.5645 -7.32092 1
      vertex 37.5203 -7.49703 0
      vertex 37.5203 -7.49703 1
    endloop
  endfacet
  facet normal 0.242976 0.970032 -0
    outer loop
      vertex 35.3891 -8.77445 0
      vertex 35.213 -8.73034 1
      vertex 35.3891 -8.77445 1
    endloop
  endfacet
  facet normal 0.242976 0.970032 0
    outer loop
      vertex 35.213 -8.73034 1
      vertex 35.3891 -8.77445 0
      vertex 35.213 -8.73034 0
    endloop
  endfacet
  facet normal 0.0490858 0.998795 -0
    outer loop
      vertex 35.75 -8.81 0
      vertex 35.5687 -8.80109 1
      vertex 35.75 -8.81 1
    endloop
  endfacet
  facet normal 0.0490858 0.998795 0
    outer loop
      vertex 35.5687 -8.80109 1
      vertex 35.75 -8.81 0
      vertex 35.5687 -8.80109 0
    endloop
  endfacet
  facet normal 0.989208 0.146517 0
    outer loop
      vertex 33.9355 -7.32092 1
      vertex 33.9089 -7.14133 0
      vertex 33.9089 -7.14133 1
    endloop
  endfacet
  facet normal 0.989208 0.146517 0
    outer loop
      vertex 33.9089 -7.14133 0
      vertex 33.9355 -7.32092 1
      vertex 33.9355 -7.32092 0
    endloop
  endfacet
  facet normal 0.803333 -0.595531 0
    outer loop
      vertex 34.2118 -5.93219 1
      vertex 34.3199 -5.78637 0
      vertex 34.3199 -5.78637 1
    endloop
  endfacet
  facet normal 0.803333 -0.595531 0
    outer loop
      vertex 34.3199 -5.78637 0
      vertex 34.2118 -5.93219 1
      vertex 34.2118 -5.93219 0
    endloop
  endfacet
  facet normal -0.146724 0.989177 0
    outer loop
      vertex 36.1109 -8.77445 0
      vertex 35.9313 -8.80109 1
      vertex 36.1109 -8.77445 1
    endloop
  endfacet
  facet normal -0.146724 0.989177 0
    outer loop
      vertex 35.9313 -8.80109 1
      vertex 36.1109 -8.77445 0
      vertex 35.9313 -8.80109 0
    endloop
  endfacet
  facet normal -0.998798 0.0490228 0
    outer loop
      vertex 37.5911 -7.14133 0
      vertex 37.6 -6.96 1
      vertex 37.6 -6.96 0
    endloop
  endfacet
  facet normal -0.998798 0.0490228 0
    outer loop
      vertex 37.6 -6.96 1
      vertex 37.5911 -7.14133 0
      vertex 37.5911 -7.14133 1
    endloop
  endfacet
  facet normal 0.941648 -0.336598 0
    outer loop
      vertex 33.9797 -6.42297 1
      vertex 34.0408 -6.25204 0
      vertex 34.0408 -6.25204 1
    endloop
  endfacet
  facet normal 0.941648 -0.336598 0
    outer loop
      vertex 34.0408 -6.25204 0
      vertex 33.9797 -6.42297 1
      vertex 33.9797 -6.42297 0
    endloop
  endfacet
  facet normal -0.242976 0.970032 0
    outer loop
      vertex 36.287 -8.73034 0
      vertex 36.1109 -8.77445 1
      vertex 36.287 -8.73034 1
    endloop
  endfacet
  facet normal -0.242976 0.970032 0
    outer loop
      vertex 36.1109 -8.77445 1
      vertex 36.287 -8.73034 0
      vertex 36.1109 -8.77445 0
    endloop
  endfacet
  facet normal -0.671608 0.740906 0
    outer loop
      vertex 37.0581 -8.26815 0
      vertex 36.9236 -8.39007 1
      vertex 37.0581 -8.26815 1
    endloop
  endfacet
  facet normal -0.671608 0.740906 0
    outer loop
      vertex 36.9236 -8.39007 1
      vertex 37.0581 -8.26815 0
      vertex 36.9236 -8.39007 0
    endloop
  endfacet
  facet normal 0.998798 0.0490228 0
    outer loop
      vertex 33.9089 -7.14133 1
      vertex 33.9 -6.96 0
      vertex 33.9 -6.96 1
    endloop
  endfacet
  facet normal 0.998798 0.0490228 0
    outer loop
      vertex 33.9 -6.96 0
      vertex 33.9089 -7.14133 1
      vertex 33.9089 -7.14133 0
    endloop
  endfacet
  facet normal 0.998798 -0.0490228 0
    outer loop
      vertex 33.9 -6.96 1
      vertex 33.9089 -6.77867 0
      vertex 33.9089 -6.77867 1
    endloop
  endfacet
  facet normal 0.998798 -0.0490228 0
    outer loop
      vertex 33.9089 -6.77867 0
      vertex 33.9 -6.96 1
      vertex 33.9 -6.96 0
    endloop
  endfacet
  facet normal 0.969919 0.24343 0
    outer loop
      vertex 33.9797 -7.49703 1
      vertex 33.9355 -7.32092 0
      vertex 33.9355 -7.32092 1
    endloop
  endfacet
  facet normal 0.969919 0.24343 0
    outer loop
      vertex 33.9355 -7.32092 0
      vertex 33.9797 -7.49703 1
      vertex 33.9797 -7.49703 0
    endloop
  endfacet
  facet normal -0.857571 0.514366 0
    outer loop
      vertex 37.2882 -7.9878 0
      vertex 37.3816 -7.83208 1
      vertex 37.3816 -7.83208 0
    endloop
  endfacet
  facet normal -0.857571 0.514366 0
    outer loop
      vertex 37.3816 -7.83208 1
      vertex 37.2882 -7.9878 0
      vertex 37.2882 -7.9878 1
    endloop
  endfacet
  facet normal -0.336769 0.941587 0
    outer loop
      vertex 36.458 -8.66918 0
      vertex 36.287 -8.73034 1
      vertex 36.458 -8.66918 1
    endloop
  endfacet
  facet normal -0.336769 0.941587 0
    outer loop
      vertex 36.287 -8.73034 1
      vertex 36.458 -8.66918 0
      vertex 36.287 -8.73034 0
    endloop
  endfacet
  facet normal -0.803333 -0.595531 0
    outer loop
      vertex 37.2882 -5.93219 0
      vertex 37.1801 -5.78637 1
      vertex 37.1801 -5.78637 0
    endloop
  endfacet
  facet normal -0.803333 -0.595531 0
    outer loop
      vertex 37.1801 -5.78637 1
      vertex 37.2882 -5.93219 0
      vertex 37.2882 -5.93219 1
    endloop
  endfacet
  facet normal 0.803352 0.595504 0
    outer loop
      vertex 34.3199 -8.13363 1
      vertex 34.2118 -7.9878 0
      vertex 34.2118 -7.9878 1
    endloop
  endfacet
  facet normal 0.803352 0.595504 0
    outer loop
      vertex 34.2118 -7.9878 0
      vertex 34.3199 -8.13363 1
      vertex 34.3199 -8.13363 0
    endloop
  endfacet
  facet normal -0.941648 0.336598 0
    outer loop
      vertex 37.4592 -7.66796 0
      vertex 37.5203 -7.49703 1
      vertex 37.5203 -7.49703 0
    endloop
  endfacet
  facet normal -0.941648 0.336598 0
    outer loop
      vertex 37.5203 -7.49703 1
      vertex 37.4592 -7.66796 0
      vertex 37.4592 -7.66796 1
    endloop
  endfacet
  facet normal 0.595761 0.803162 -0
    outer loop
      vertex 34.7222 -8.49822 0
      vertex 34.5764 -8.39007 1
      vertex 34.7222 -8.49822 1
    endloop
  endfacet
  facet normal 0.595761 0.803162 0
    outer loop
      vertex 34.5764 -8.39007 1
      vertex 34.7222 -8.49822 0
      vertex 34.5764 -8.39007 0
    endloop
  endfacet
  facet normal -0.595761 -0.803162 0
    outer loop
      vertex 36.7778 -5.42178 0
      vertex 36.9236 -5.52993 1
      vertex 36.7778 -5.42178 1
    endloop
  endfacet
  facet normal -0.595761 -0.803162 -0
    outer loop
      vertex 36.9236 -5.52993 1
      vertex 36.7778 -5.42178 0
      vertex 36.9236 -5.52993 0
    endloop
  endfacet
  facet normal -0.427629 -0.903954 0
    outer loop
      vertex 36.458 -5.25082 0
      vertex 36.6221 -5.32845 1
      vertex 36.458 -5.25082 1
    endloop
  endfacet
  facet normal -0.427629 -0.903954 -0
    outer loop
      vertex 36.6221 -5.32845 1
      vertex 36.458 -5.25082 0
      vertex 36.6221 -5.32845 0
    endloop
  endfacet
  facet normal 0.671608 -0.740906 0
    outer loop
      vertex 34.4419 -5.65185 0
      vertex 34.5764 -5.52993 1
      vertex 34.4419 -5.65185 1
    endloop
  endfacet
  facet normal 0.671608 -0.740906 0
    outer loop
      vertex 34.5764 -5.52993 1
      vertex 34.4419 -5.65185 0
      vertex 34.5764 -5.52993 0
    endloop
  endfacet
  facet normal 0.146724 -0.989177 0
    outer loop
      vertex 35.3891 -5.14555 0
      vertex 35.5687 -5.11891 1
      vertex 35.3891 -5.14555 1
    endloop
  endfacet
  facet normal 0.146724 -0.989177 0
    outer loop
      vertex 35.5687 -5.11891 1
      vertex 35.3891 -5.14555 0
      vertex 35.5687 -5.11891 0
    endloop
  endfacet
  facet normal -0.514131 0.857712 0
    outer loop
      vertex 36.7778 -8.49822 0
      vertex 36.6221 -8.59155 1
      vertex 36.7778 -8.49822 1
    endloop
  endfacet
  facet normal -0.514131 0.857712 0
    outer loop
      vertex 36.6221 -8.59155 1
      vertex 36.7778 -8.49822 0
      vertex 36.6221 -8.59155 0
    endloop
  endfacet
  facet normal 0.989208 -0.146517 0
    outer loop
      vertex 33.9089 -6.77867 1
      vertex 33.9355 -6.59908 0
      vertex 33.9355 -6.59908 1
    endloop
  endfacet
  facet normal 0.989208 -0.146517 0
    outer loop
      vertex 33.9355 -6.59908 0
      vertex 33.9089 -6.77867 1
      vertex 33.9089 -6.77867 0
    endloop
  endfacet
  facet normal 0.969919 -0.24343 0
    outer loop
      vertex 33.9355 -6.59908 1
      vertex 33.9797 -6.42297 0
      vertex 33.9797 -6.42297 1
    endloop
  endfacet
  facet normal 0.969919 -0.24343 0
    outer loop
      vertex 33.9797 -6.42297 0
      vertex 33.9355 -6.59908 1
      vertex 33.9355 -6.59908 0
    endloop
  endfacet
  facet normal 0.336769 -0.941587 0
    outer loop
      vertex 35.042 -5.25082 0
      vertex 35.213 -5.18966 1
      vertex 35.042 -5.25082 1
    endloop
  endfacet
  facet normal 0.336769 -0.941587 0
    outer loop
      vertex 35.213 -5.18966 1
      vertex 35.042 -5.25082 0
      vertex 35.213 -5.18966 0
    endloop
  endfacet
  facet normal -0.146724 -0.989177 0
    outer loop
      vertex 35.9313 -5.11891 0
      vertex 36.1109 -5.14555 1
      vertex 35.9313 -5.11891 1
    endloop
  endfacet
  facet normal -0.146724 -0.989177 -0
    outer loop
      vertex 36.1109 -5.14555 1
      vertex 35.9313 -5.11891 0
      vertex 36.1109 -5.14555 0
    endloop
  endfacet
  facet normal -0.740737 0.671795 0
    outer loop
      vertex 37.0581 -8.26815 0
      vertex 37.1801 -8.13363 1
      vertex 37.1801 -8.13363 0
    endloop
  endfacet
  facet normal -0.740737 0.671795 0
    outer loop
      vertex 37.1801 -8.13363 1
      vertex 37.0581 -8.26815 0
      vertex 37.0581 -8.26815 1
    endloop
  endfacet
  facet normal 0.857585 -0.514342 0
    outer loop
      vertex 34.1184 -6.08792 1
      vertex 34.2118 -5.93219 0
      vertex 34.2118 -5.93219 1
    endloop
  endfacet
  facet normal 0.857585 -0.514342 0
    outer loop
      vertex 34.2118 -5.93219 0
      vertex 34.1184 -6.08792 1
      vertex 34.1184 -6.08792 0
    endloop
  endfacet
  facet normal 0.941648 0.336598 0
    outer loop
      vertex 34.0408 -7.66796 1
      vertex 33.9797 -7.49703 0
      vertex 33.9797 -7.49703 1
    endloop
  endfacet
  facet normal 0.941648 0.336598 0
    outer loop
      vertex 33.9797 -7.49703 0
      vertex 34.0408 -7.66796 1
      vertex 34.0408 -7.66796 0
    endloop
  endfacet
  facet normal -0.904038 0.427452 0
    outer loop
      vertex 37.3816 -7.83208 0
      vertex 37.4592 -7.66796 1
      vertex 37.4592 -7.66796 0
    endloop
  endfacet
  facet normal -0.904038 0.427452 0
    outer loop
      vertex 37.4592 -7.66796 1
      vertex 37.3816 -7.83208 0
      vertex 37.3816 -7.83208 1
    endloop
  endfacet
  facet normal -0.595761 0.803162 0
    outer loop
      vertex 36.9236 -8.39007 0
      vertex 36.7778 -8.49822 1
      vertex 36.9236 -8.39007 1
    endloop
  endfacet
  facet normal -0.595761 0.803162 0
    outer loop
      vertex 36.7778 -8.49822 1
      vertex 36.9236 -8.39007 0
      vertex 36.7778 -8.49822 0
    endloop
  endfacet
  facet normal 0.514131 -0.857712 0
    outer loop
      vertex 34.7222 -5.42178 0
      vertex 34.8779 -5.32845 1
      vertex 34.7222 -5.42178 1
    endloop
  endfacet
  facet normal 0.514131 -0.857712 0
    outer loop
      vertex 34.8779 -5.32845 1
      vertex 34.7222 -5.42178 0
      vertex 34.8779 -5.32845 0
    endloop
  endfacet
  facet normal 0.904038 -0.427452 0
    outer loop
      vertex 34.0408 -6.25204 1
      vertex 34.1184 -6.08792 0
      vertex 34.1184 -6.08792 1
    endloop
  endfacet
  facet normal 0.904038 -0.427452 0
    outer loop
      vertex 34.1184 -6.08792 0
      vertex 34.0408 -6.25204 1
      vertex 34.0408 -6.25204 0
    endloop
  endfacet
  facet normal 0.514131 0.857712 -0
    outer loop
      vertex 34.8779 -8.59155 0
      vertex 34.7222 -8.49822 1
      vertex 34.8779 -8.59155 1
    endloop
  endfacet
  facet normal 0.514131 0.857712 0
    outer loop
      vertex 34.7222 -8.49822 1
      vertex 34.8779 -8.59155 0
      vertex 34.7222 -8.49822 0
    endloop
  endfacet
  facet normal -0.523861 -0.572492 0.630731
    outer loop
      vertex 36.9236 -5.52993 1
      vertex 37.9657 -4.28005 3
      vertex 37.9564 -4.27154 3
    endloop
  endfacet
  facet normal -0.521126 -0.574897 0.630809
    outer loop
      vertex 37.9657 -4.28005 3
      vertex 36.9236 -5.52993 1
      vertex 37.0581 -5.65185 1
    endloop
  endfacet
  facet normal 0.730638 0.261171 0.630839
    outer loop
      vertex 32.4218 -7.96958 3
      vertex 34.0408 -7.66796 1
      vertex 33.9797 -7.49703 1
    endloop
  endfacet
  facet normal 0.73007 0.263144 0.630677
    outer loop
      vertex 34.0408 -7.66796 1
      vertex 32.4218 -7.96958 3
      vertex 32.4261 -7.98151 3
    endloop
  endfacet
  facet normal -0.113844 -0.767536 0.630816
    outer loop
      vertex 36.416 -3.54706 3
      vertex 36.0909 -3.49884 3
      vertex 35.9313 -5.11891 1
    endloop
  endfacet
  facet normal 0.701442 0.331737 0.630817
    outer loop
      vertex 32.6773 -8.58802 3
      vertex 34.0408 -7.66796 1
      vertex 32.5368 -8.29094 3
    endloop
  endfacet
  facet normal -0.775003 -0.0380135 0.630814
    outer loop
      vertex 39.2279 -6.96 3
      vertex 39.2118 -6.63176 3
      vertex 37.6 -6.96 1
    endloop
  endfacet
  facet normal -0.775085 -0.0367339 0.630788
    outer loop
      vertex 37.5911 -6.77867 1
      vertex 39.2118 -6.63176 3
      vertex 39.2112 -6.6191 3
    endloop
  endfacet
  facet normal -0.775 -0.0380384 0.630815
    outer loop
      vertex 39.2118 -6.63176 3
      vertex 37.5911 -6.77867 1
      vertex 37.6 -6.96 1
    endloop
  endfacet
  facet normal 0.623355 0.462077 0.630803
    outer loop
      vertex 33.054 -9.15619 3
      vertex 34.3199 -8.13363 1
      vertex 34.2118 -7.9878 1
    endloop
  endfacet
  facet normal 0.624518 0.460559 0.630763
    outer loop
      vertex 34.3199 -8.13363 1
      vertex 33.054 -9.15619 3
      vertex 33.0615 -9.16636 3
    endloop
  endfacet
  facet normal -0.665912 -0.398199 0.630871
    outer loop
      vertex 37.2882 -5.93219 1
      vertex 38.8172 -5.32053 3
      vertex 38.8107 -5.30966 3
    endloop
  endfacet
  facet normal -0.665445 -0.399105 0.630791
    outer loop
      vertex 38.8172 -5.32053 3
      vertex 37.2882 -5.93219 1
      vertex 37.3816 -6.08792 1
    endloop
  endfacet
  facet normal -0.699363 -0.335939 0.630901
    outer loop
      vertex 37.3816 -6.08792 1
      vertex 38.8227 -5.33198 3
      vertex 38.8172 -5.32053 3
    endloop
  endfacet
  facet normal -0.701476 -0.331675 0.630812
    outer loop
      vertex 38.8227 -5.33198 3
      vertex 37.3816 -6.08792 1
      vertex 37.4592 -6.25204 1
    endloop
  endfacet
  facet normal -0.768127 -0.110345 0.630718
    outer loop
      vertex 37.5645 -6.59908 1
      vertex 39.1629 -6.29402 3
      vertex 39.1611 -6.28149 3
    endloop
  endfacet
  facet normal -0.767579 -0.11369 0.63079
    outer loop
      vertex 39.1629 -6.29402 3
      vertex 37.5645 -6.59908 1
      vertex 37.5911 -6.77867 1
    endloop
  endfacet
  facet normal -0.114028 0.767505 0.63082
    outer loop
      vertex 36.0909 -10.4212 3
      vertex 36.416 -10.3729 3
      vertex 35.9313 -8.80109 1
    endloop
  endfacet
  facet normal 0.0380181 0.775003 0.630813
    outer loop
      vertex 35.75 -10.4379 3
      vertex 35.75 -8.81 1
      vertex 35.4218 -10.4218 3
    endloop
  endfacet
  facet normal -0.623201 0.46226 0.630821
    outer loop
      vertex 38.446 -9.15619 3
      vertex 38.6418 -8.89222 3
      vertex 37.2882 -7.9878 1
    endloop
  endfacet
  facet normal -0.767507 0.114032 0.630817
    outer loop
      vertex 39.1629 -7.62598 3
      vertex 39.2112 -7.30089 3
      vertex 37.5911 -7.14133 1
    endloop
  endfacet
  facet normal -0.261394 0.73058 0.630814
    outer loop
      vertex 36.7715 -10.2839 3
      vertex 37.0809 -10.1732 3
      vertex 36.458 -8.66918 1
    endloop
  endfacet
  facet normal 0.752696 0.188416 0.630831
    outer loop
      vertex 32.4218 -7.96958 3
      vertex 33.9797 -7.49703 1
      vertex 32.342 -7.65079 3
    endloop
  endfacet
  facet normal -0.775 0.0380384 0.630815
    outer loop
      vertex 37.5911 -7.14133 1
      vertex 39.2118 -7.28824 3
      vertex 37.6 -6.96 1
    endloop
  endfacet
  facet normal -0.775083 0.0367628 0.630789
    outer loop
      vertex 39.2118 -7.28824 3
      vertex 37.5911 -7.14133 1
      vertex 39.2112 -7.30089 3
    endloop
  endfacet
  facet normal 0.574764 -0.52127 0.630812
    outer loop
      vertex 33.07 -4.74425 3
      vertex 34.3199 -5.78637 1
      vertex 34.4419 -5.65185 1
    endloop
  endfacet
  facet normal 0.575245 -0.520722 0.630827
    outer loop
      vertex 34.3199 -5.78637 1
      vertex 33.07 -4.74425 3
      vertex 33.0615 -4.75364 3
    endloop
  endfacet
  facet normal -0.665435 0.399124 0.630791
    outer loop
      vertex 37.2882 -7.9878 1
      vertex 38.8172 -8.59947 3
      vertex 37.3816 -7.83208 1
    endloop
  endfacet
  facet normal -0.665911 0.398199 0.630872
    outer loop
      vertex 38.8172 -8.59947 3
      vertex 37.2882 -7.9878 1
      vertex 38.8107 -8.61034 3
    endloop
  endfacet
  facet normal 0.574914 0.521083 0.63083
    outer loop
      vertex 33.2907 -9.41925 3
      vertex 34.4419 -8.26815 1
      vertex 33.07 -9.17575 3
    endloop
  endfacet
  facet normal 0.261312 0.730614 0.630809
    outer loop
      vertex 35.042 -8.66918 1
      vertex 34.7404 -10.2881 3
      vertex 35.213 -8.73034 1
    endloop
  endfacet
  facet normal 0.25818 0.731509 0.631061
    outer loop
      vertex 34.7404 -10.2881 3
      vertex 35.042 -8.66918 1
      vertex 34.7285 -10.2839 3
    endloop
  endfacet
  facet normal 0.623201 0.46226 0.630821
    outer loop
      vertex 33.054 -9.15619 3
      vertex 34.2118 -7.9878 1
      vertex 32.8582 -8.89222 3
    endloop
  endfacet
  facet normal 0.574764 0.52127 0.630812
    outer loop
      vertex 34.3199 -8.13363 1
      vertex 33.07 -9.17575 3
      vertex 34.4419 -8.26815 1
    endloop
  endfacet
  facet normal 0.575245 0.520722 0.630827
    outer loop
      vertex 33.07 -9.17575 3
      vertex 34.3199 -8.13363 1
      vertex 33.0615 -9.16636 3
    endloop
  endfacet
  facet normal 0.767507 0.114032 0.630817
    outer loop
      vertex 32.3371 -7.62598 3
      vertex 33.9089 -7.14133 1
      vertex 32.2888 -7.30089 3
    endloop
  endfacet
  facet normal 0.730587 0.261371 0.630816
    outer loop
      vertex 32.5368 -8.29094 3
      vertex 34.0408 -7.66796 1
      vertex 32.4261 -7.98151 3
    endloop
  endfacet
  facet normal -0.188637 0.752661 0.630807
    outer loop
      vertex 36.4408 -10.368 3
      vertex 36.7596 -10.2881 3
      vertex 36.287 -8.73034 1
    endloop
  endfacet
  facet normal 0.767579 0.11369 0.63079
    outer loop
      vertex 32.3371 -7.62598 3
      vertex 33.9355 -7.32092 1
      vertex 33.9089 -7.14133 1
    endloop
  endfacet
  facet normal 0.768127 0.110345 0.630718
    outer loop
      vertex 33.9355 -7.32092 1
      vertex 32.3371 -7.62598 3
      vertex 32.3389 -7.63851 3
    endloop
  endfacet
  facet normal -0.701442 0.331737 0.630817
    outer loop
      vertex 38.8227 -8.58802 3
      vertex 38.9632 -8.29094 3
      vertex 37.4592 -7.66796 1
    endloop
  endfacet
  facet normal -0.767579 0.11369 0.63079
    outer loop
      vertex 37.5645 -7.32092 1
      vertex 39.1629 -7.62598 3
      vertex 37.5911 -7.14133 1
    endloop
  endfacet
  facet normal -0.768127 0.110345 0.630718
    outer loop
      vertex 39.1629 -7.62598 3
      vertex 37.5645 -7.32092 1
      vertex 39.1611 -7.63851 3
    endloop
  endfacet
  facet normal -0.574914 0.521083 0.63083
    outer loop
      vertex 38.2093 -9.41925 3
      vertex 38.43 -9.17575 3
      vertex 37.0581 -8.26815 1
    endloop
  endfacet
  facet normal -0.331813 -0.70141 0.630813
    outer loop
      vertex 36.6221 -5.32845 1
      vertex 37.378 -3.88734 3
      vertex 36.458 -5.25082 1
    endloop
  endfacet
  facet normal -0.33081 -0.701904 0.63079
    outer loop
      vertex 37.378 -3.88734 3
      vertex 36.6221 -5.32845 1
      vertex 37.3895 -3.89276 3
    endloop
  endfacet
  facet normal 0.73007 -0.263144 0.630677
    outer loop
      vertex 32.4218 -5.95042 3
      vertex 34.0408 -6.25204 1
      vertex 32.4261 -5.93849 3
    endloop
  endfacet
  facet normal 0.730638 -0.261171 0.630839
    outer loop
      vertex 34.0408 -6.25204 1
      vertex 32.4218 -5.95042 3
      vertex 33.9797 -6.42297 1
    endloop
  endfacet
  facet normal 0.752411 -0.189941 0.630714
    outer loop
      vertex 32.3389 -6.28149 3
      vertex 33.9797 -6.42297 1
      vertex 32.342 -6.26921 3
    endloop
  endfacet
  facet normal 0.752605 -0.188888 0.630799
    outer loop
      vertex 33.9797 -6.42297 1
      vertex 32.3389 -6.28149 3
      vertex 33.9355 -6.59908 1
    endloop
  endfacet
  facet normal -0.461253 0.623976 0.630793
    outer loop
      vertex 36.9236 -8.39007 1
      vertex 37.9462 -9.656 3
      vertex 37.9564 -9.64846 3
    endloop
  endfacet
  facet normal -0.462268 0.623197 0.63082
    outer loop
      vertex 37.9462 -9.656 3
      vertex 36.9236 -8.39007 1
      vertex 36.7778 -8.49822 1
    endloop
  endfacet
  facet normal 0.574914 -0.521083 0.63083
    outer loop
      vertex 34.4419 -5.65185 1
      vertex 33.2907 -4.50075 3
      vertex 33.07 -4.74425 3
    endloop
  endfacet
  facet normal -0.624518 -0.460559 0.630763
    outer loop
      vertex 37.1801 -5.78637 1
      vertex 38.446 -4.76381 3
      vertex 38.4385 -4.75364 3
    endloop
  endfacet
  facet normal -0.62334 -0.462097 0.630804
    outer loop
      vertex 38.446 -4.76381 3
      vertex 37.1801 -5.78637 1
      vertex 37.2882 -5.93219 1
    endloop
  endfacet
  facet normal -0.752654 0.188642 0.630814
    outer loop
      vertex 39.0781 -7.96958 3
      vertex 39.158 -7.65079 3
      vertex 37.5203 -7.49703 1
    endloop
  endfacet
  facet normal -0.752605 0.188888 0.630799
    outer loop
      vertex 37.5203 -7.49703 1
      vertex 39.1611 -7.63851 3
      vertex 37.5645 -7.32092 1
    endloop
  endfacet
  facet normal -0.752411 0.189941 0.630714
    outer loop
      vertex 39.1611 -7.63851 3
      vertex 37.5203 -7.49703 1
      vertex 39.158 -7.65079 3
    endloop
  endfacet
  facet normal 0.114201 -0.767477 0.630823
    outer loop
      vertex 35.3891 -5.14555 1
      vertex 35.084 -3.54706 3
      vertex 35.0715 -3.54892 3
    endloop
  endfacet
  facet normal 0.113848 -0.767535 0.630816
    outer loop
      vertex 35.084 -3.54706 3
      vertex 35.3891 -5.14555 1
      vertex 35.5687 -5.11891 1
    endloop
  endfacet
  facet normal -0.730587 0.261371 0.630816
    outer loop
      vertex 38.9632 -8.29094 3
      vertex 39.0739 -7.98151 3
      vertex 37.4592 -7.66796 1
    endloop
  endfacet
  facet normal -0.574914 -0.521083 0.63083
    outer loop
      vertex 38.43 -4.74425 3
      vertex 38.2093 -4.50075 3
      vertex 37.0581 -5.65185 1
    endloop
  endfacet
  facet normal 0.113849 0.767542 0.630807
    outer loop
      vertex 35.3891 -8.77445 1
      vertex 35.084 -10.3729 3
      vertex 35.5687 -8.80109 1
    endloop
  endfacet
  facet normal 0.110603 0.768074 0.630737
    outer loop
      vertex 35.084 -10.3729 3
      vertex 35.3891 -8.77445 1
      vertex 35.0715 -10.3711 3
    endloop
  endfacet
  facet normal 0.665591 0.398816 0.630821
    outer loop
      vertex 32.8582 -8.89222 3
      vertex 34.2118 -7.9878 1
      vertex 32.6893 -8.61034 3
    endloop
  endfacet
  facet normal -0.701476 0.331675 0.630812
    outer loop
      vertex 37.3816 -7.83208 1
      vertex 38.8227 -8.58802 3
      vertex 37.4592 -7.66796 1
    endloop
  endfacet
  facet normal -0.699363 0.335939 0.630901
    outer loop
      vertex 38.8227 -8.58802 3
      vertex 37.3816 -7.83208 1
      vertex 38.8172 -8.59947 3
    endloop
  endfacet
  facet normal 0.398935 0.665532 0.630807
    outer loop
      vertex 34.7222 -8.49822 1
      vertex 34.1105 -10.0272 3
      vertex 34.8779 -8.59155 1
    endloop
  endfacet
  facet normal 0.400169 0.664895 0.630697
    outer loop
      vertex 34.1105 -10.0272 3
      vertex 34.7222 -8.49822 1
      vertex 34.0997 -10.0207 3
    endloop
  endfacet
  facet normal -0.0380888 -0.774999 0.630814
    outer loop
      vertex 36.0782 -3.49822 3
      vertex 35.75 -3.48209 3
      vertex 35.75 -5.11 1
    endloop
  endfacet
  facet normal -0.188525 -0.752682 0.630816
    outer loop
      vertex 36.7596 -3.63185 3
      vertex 36.4408 -3.552 3
      vertex 36.287 -5.18966 1
    endloop
  endfacet
  facet normal -0.731679 -0.25759 0.631105
    outer loop
      vertex 37.4592 -6.25204 1
      vertex 39.0781 -5.95042 3
      vertex 39.0739 -5.93849 3
    endloop
  endfacet
  facet normal -0.730655 -0.261177 0.630817
    outer loop
      vertex 39.0781 -5.95042 3
      vertex 37.4592 -6.25204 1
      vertex 37.5203 -6.42297 1
    endloop
  endfacet
  facet normal 0.701476 0.331675 0.630812
    outer loop
      vertex 32.6773 -8.58802 3
      vertex 34.1184 -7.83208 1
      vertex 34.0408 -7.66796 1
    endloop
  endfacet
  facet normal 0.699363 0.335939 0.630901
    outer loop
      vertex 34.1184 -7.83208 1
      vertex 32.6773 -8.58802 3
      vertex 32.6828 -8.59947 3
    endloop
  endfacet
  facet normal -0.775003 0.0380135 0.630814
    outer loop
      vertex 39.2118 -7.28824 3
      vertex 39.2279 -6.96 3
      vertex 37.6 -6.96 1
    endloop
  endfacet
  facet normal -0.665591 0.398816 0.630821
    outer loop
      vertex 38.6418 -8.89222 3
      vertex 38.8107 -8.61034 3
      vertex 37.2882 -7.9878 1
    endloop
  endfacet
  facet normal 0.398852 0.66558 0.630809
    outer loop
      vertex 34.0997 -10.0207 3
      vertex 34.7222 -8.49822 1
      vertex 33.8178 -9.85177 3
    endloop
  endfacet
  facet normal -0.0380874 -0.774999 0.630814
    outer loop
      vertex 35.9313 -5.11891 1
      vertex 36.0782 -3.49822 3
      vertex 35.75 -5.11 1
    endloop
  endfacet
  facet normal -0.0378354 -0.775015 0.630809
    outer loop
      vertex 36.0782 -3.49822 3
      vertex 35.9313 -5.11891 1
      vertex 36.0909 -3.49884 3
    endloop
  endfacet
  facet normal -0.33172 0.701453 0.630814
    outer loop
      vertex 37.0809 -10.1732 3
      vertex 37.378 -10.0327 3
      vertex 36.458 -8.66918 1
    endloop
  endfacet
  facet normal -0.623202 -0.462261 0.63082
    outer loop
      vertex 38.6418 -5.02778 3
      vertex 38.446 -4.76381 3
      vertex 37.2882 -5.93219 1
    endloop
  endfacet
  facet normal 0.520968 -0.575024 0.630824
    outer loop
      vertex 34.4419 -5.65185 1
      vertex 33.5343 -4.28005 3
      vertex 33.2907 -4.50075 3
    endloop
  endfacet
  facet normal -0.25818 0.731509 0.631061
    outer loop
      vertex 36.458 -8.66918 1
      vertex 36.7596 -10.2881 3
      vertex 36.7715 -10.2839 3
    endloop
  endfacet
  facet normal -0.261312 0.730614 0.630809
    outer loop
      vertex 36.7596 -10.2881 3
      vertex 36.458 -8.66918 1
      vertex 36.287 -8.73034 1
    endloop
  endfacet
  facet normal -0.767506 -0.114035 0.630817
    outer loop
      vertex 39.2112 -6.6191 3
      vertex 39.1629 -6.29402 3
      vertex 37.5911 -6.77867 1
    endloop
  endfacet
  facet normal 0.0380888 -0.774999 0.630814
    outer loop
      vertex 35.75 -5.11 1
      vertex 35.75 -3.48209 3
      vertex 35.4218 -3.49822 3
    endloop
  endfacet
  facet normal 0.33081 -0.701904 0.63079
    outer loop
      vertex 34.8779 -5.32845 1
      vertex 34.122 -3.88734 3
      vertex 34.1105 -3.89276 3
    endloop
  endfacet
  facet normal 0.331813 -0.70141 0.630813
    outer loop
      vertex 34.122 -3.88734 3
      vertex 34.8779 -5.32845 1
      vertex 35.042 -5.25082 1
    endloop
  endfacet
  facet normal 0.398904 -0.665548 0.63081
    outer loop
      vertex 34.7222 -5.42178 1
      vertex 34.0997 -3.89927 3
      vertex 33.8178 -4.06823 3
    endloop
  endfacet
  facet normal 0.188637 0.752661 0.630807
    outer loop
      vertex 35.0592 -10.368 3
      vertex 35.213 -8.73034 1
      vertex 34.7404 -10.2881 3
    endloop
  endfacet
  facet normal -0.521126 0.574897 0.630809
    outer loop
      vertex 36.9236 -8.39007 1
      vertex 37.9657 -9.63995 3
      vertex 37.0581 -8.26815 1
    endloop
  endfacet
  facet normal -0.523861 0.572492 0.630731
    outer loop
      vertex 37.9657 -9.63995 3
      vertex 36.9236 -8.39007 1
      vertex 37.9564 -9.64846 3
    endloop
  endfacet
  facet normal 0.623202 -0.462261 0.63082
    outer loop
      vertex 34.2118 -5.93219 1
      vertex 33.054 -4.76381 3
      vertex 32.8582 -5.02778 3
    endloop
  endfacet
  facet normal 0.624518 -0.460559 0.630763
    outer loop
      vertex 33.054 -4.76381 3
      vertex 34.3199 -5.78637 1
      vertex 33.0615 -4.75364 3
    endloop
  endfacet
  facet normal 0.62334 -0.462097 0.630804
    outer loop
      vertex 34.3199 -5.78637 1
      vertex 33.054 -4.76381 3
      vertex 34.2118 -5.93219 1
    endloop
  endfacet
  facet normal -0.575245 -0.520722 0.630827
    outer loop
      vertex 38.43 -4.74425 3
      vertex 37.1801 -5.78637 1
      vertex 38.4385 -4.75364 3
    endloop
  endfacet
  facet normal -0.574764 -0.52127 0.630812
    outer loop
      vertex 37.1801 -5.78637 1
      vertex 38.43 -4.74425 3
      vertex 37.0581 -5.65185 1
    endloop
  endfacet
  facet normal 0.400634 -0.664647 0.630663
    outer loop
      vertex 34.7222 -5.42178 1
      vertex 34.1105 -3.89276 3
      vertex 34.0997 -3.89927 3
    endloop
  endfacet
  facet normal 0.398931 -0.665527 0.630815
    outer loop
      vertex 34.1105 -3.89276 3
      vertex 34.7222 -5.42178 1
      vertex 34.8779 -5.32845 1
    endloop
  endfacet
  facet normal 0.775003 0.0380135 0.630814
    outer loop
      vertex 32.2882 -7.28824 3
      vertex 33.9 -6.96 1
      vertex 32.2721 -6.96 3
    endloop
  endfacet
  facet normal -0.261416 -0.730577 0.630808
    outer loop
      vertex 37.0809 -3.74683 3
      vertex 36.7715 -3.63612 3
      vertex 36.458 -5.25082 1
    endloop
  endfacet
  facet normal 0.701442 -0.331737 0.630817
    outer loop
      vertex 34.0408 -6.25204 1
      vertex 32.6773 -5.33198 3
      vertex 32.5368 -5.62906 3
    endloop
  endfacet
  facet normal -0.730587 -0.261371 0.630816
    outer loop
      vertex 39.0739 -5.93849 3
      vertex 38.9632 -5.62906 3
      vertex 37.4592 -6.25204 1
    endloop
  endfacet
  facet normal -0.701442 -0.331737 0.630817
    outer loop
      vertex 38.9632 -5.62906 3
      vertex 38.8227 -5.33198 3
      vertex 37.4592 -6.25204 1
    endloop
  endfacet
  facet normal -0.730655 0.261177 0.630817
    outer loop
      vertex 37.4592 -7.66796 1
      vertex 39.0781 -7.96958 3
      vertex 37.5203 -7.49703 1
    endloop
  endfacet
  facet normal -0.731679 0.25759 0.631105
    outer loop
      vertex 39.0781 -7.96958 3
      vertex 37.4592 -7.66796 1
      vertex 39.0739 -7.98151 3
    endloop
  endfacet
  facet normal 0.33172 0.701453 0.630814
    outer loop
      vertex 34.4191 -10.1732 3
      vertex 35.042 -8.66918 1
      vertex 34.122 -10.0327 3
    endloop
  endfacet
  facet normal 0.699363 -0.335939 0.630901
    outer loop
      vertex 32.6773 -5.33198 3
      vertex 34.1184 -6.08792 1
      vertex 32.6828 -5.32053 3
    endloop
  endfacet
  facet normal 0.701476 -0.331675 0.630812
    outer loop
      vertex 34.1184 -6.08792 1
      vertex 32.6773 -5.33198 3
      vertex 34.0408 -6.25204 1
    endloop
  endfacet
  facet normal -0.0380181 0.775003 0.630813
    outer loop
      vertex 36.0782 -10.4218 3
      vertex 35.75 -8.81 1
      vertex 35.75 -10.4379 3
    endloop
  endfacet
  facet normal 0.665435 0.399124 0.630791
    outer loop
      vertex 32.6828 -8.59947 3
      vertex 34.2118 -7.9878 1
      vertex 34.1184 -7.83208 1
    endloop
  endfacet
  facet normal 0.665911 0.398199 0.630872
    outer loop
      vertex 34.2118 -7.9878 1
      vertex 32.6828 -8.59947 3
      vertex 32.6893 -8.61034 3
    endloop
  endfacet
  facet normal 0.767506 -0.114035 0.630817
    outer loop
      vertex 33.9089 -6.77867 1
      vertex 32.3371 -6.29402 3
      vertex 32.2888 -6.6191 3
    endloop
  endfacet
  facet normal 0.113844 -0.767536 0.630816
    outer loop
      vertex 35.5687 -5.11891 1
      vertex 35.4091 -3.49884 3
      vertex 35.084 -3.54706 3
    endloop
  endfacet
  facet normal 0.775003 -0.0380135 0.630814
    outer loop
      vertex 33.9 -6.96 1
      vertex 32.2882 -6.63176 3
      vertex 32.2721 -6.96 3
    endloop
  endfacet
  facet normal -0.110603 0.768074 0.630737
    outer loop
      vertex 36.1109 -8.77445 1
      vertex 36.416 -10.3729 3
      vertex 36.4285 -10.3711 3
    endloop
  endfacet
  facet normal -0.113849 0.767542 0.630807
    outer loop
      vertex 36.416 -10.3729 3
      vertex 36.1109 -8.77445 1
      vertex 35.9313 -8.80109 1
    endloop
  endfacet
  facet normal -0.189647 0.752472 0.63073
    outer loop
      vertex 36.287 -8.73034 1
      vertex 36.4285 -10.3711 3
      vertex 36.4408 -10.368 3
    endloop
  endfacet
  facet normal -0.188532 0.752677 0.63082
    outer loop
      vertex 36.4285 -10.3711 3
      vertex 36.287 -8.73034 1
      vertex 36.1109 -8.77445 1
    endloop
  endfacet
  facet normal 0.188532 0.752677 0.63082
    outer loop
      vertex 35.213 -8.73034 1
      vertex 35.0715 -10.3711 3
      vertex 35.3891 -8.77445 1
    endloop
  endfacet
  facet normal 0.189647 0.752472 0.63073
    outer loop
      vertex 35.0715 -10.3711 3
      vertex 35.213 -8.73034 1
      vertex 35.0592 -10.368 3
    endloop
  endfacet
  facet normal 0.261394 0.73058 0.630814
    outer loop
      vertex 34.7285 -10.2839 3
      vertex 35.042 -8.66918 1
      vertex 34.4191 -10.1732 3
    endloop
  endfacet
  facet normal -0.400169 0.664895 0.630697
    outer loop
      vertex 36.7778 -8.49822 1
      vertex 37.3895 -10.0272 3
      vertex 37.4003 -10.0207 3
    endloop
  endfacet
  facet normal -0.398935 0.665532 0.630807
    outer loop
      vertex 37.3895 -10.0272 3
      vertex 36.7778 -8.49822 1
      vertex 36.6221 -8.59155 1
    endloop
  endfacet
  facet normal -0.334756 0.699945 0.630884
    outer loop
      vertex 36.6221 -8.59155 1
      vertex 37.378 -10.0327 3
      vertex 37.3895 -10.0272 3
    endloop
  endfacet
  facet normal -0.33181 0.701404 0.630821
    outer loop
      vertex 37.378 -10.0327 3
      vertex 36.6221 -8.59155 1
      vertex 36.458 -8.66918 1
    endloop
  endfacet
  facet normal -0.623355 0.462077 0.630803
    outer loop
      vertex 37.1801 -8.13363 1
      vertex 38.446 -9.15619 3
      vertex 37.2882 -7.9878 1
    endloop
  endfacet
  facet normal -0.624518 0.460559 0.630763
    outer loop
      vertex 38.446 -9.15619 3
      vertex 37.1801 -8.13363 1
      vertex 38.4385 -9.16636 3
    endloop
  endfacet
  facet normal -0.575245 0.520722 0.630827
    outer loop
      vertex 37.1801 -8.13363 1
      vertex 38.43 -9.17575 3
      vertex 38.4385 -9.16636 3
    endloop
  endfacet
  facet normal -0.574764 0.52127 0.630812
    outer loop
      vertex 38.43 -9.17575 3
      vertex 37.1801 -8.13363 1
      vertex 37.0581 -8.26815 1
    endloop
  endfacet
  facet normal -0.520968 0.575024 0.630824
    outer loop
      vertex 37.9657 -9.63995 3
      vertex 38.2093 -9.41925 3
      vertex 37.0581 -8.26815 1
    endloop
  endfacet
  facet normal -0.398852 0.66558 0.630809
    outer loop
      vertex 37.4003 -10.0207 3
      vertex 37.6822 -9.85177 3
      vertex 36.7778 -8.49822 1
    endloop
  endfacet
  facet normal -0.462185 0.623267 0.630812
    outer loop
      vertex 37.6822 -9.85177 3
      vertex 37.9462 -9.656 3
      vertex 36.7778 -8.49822 1
    endloop
  endfacet
  facet normal 0.521126 0.574897 0.630809
    outer loop
      vertex 33.5343 -9.63995 3
      vertex 34.5764 -8.39007 1
      vertex 34.4419 -8.26815 1
    endloop
  endfacet
  facet normal 0.523861 0.572492 0.630731
    outer loop
      vertex 34.5764 -8.39007 1
      vertex 33.5343 -9.63995 3
      vertex 33.5436 -9.64846 3
    endloop
  endfacet
  facet normal 0.520968 0.575024 0.630824
    outer loop
      vertex 33.5343 -9.63995 3
      vertex 34.4419 -8.26815 1
      vertex 33.2907 -9.41925 3
    endloop
  endfacet
  facet normal -0.331742 -0.701449 0.630807
    outer loop
      vertex 37.378 -3.88734 3
      vertex 37.0809 -3.74683 3
      vertex 36.458 -5.25082 1
    endloop
  endfacet
  facet normal 0.775085 -0.0367339 0.630788
    outer loop
      vertex 32.2882 -6.63176 3
      vertex 33.9089 -6.77867 1
      vertex 32.2888 -6.6191 3
    endloop
  endfacet
  facet normal 0.775 -0.0380384 0.630815
    outer loop
      vertex 33.9089 -6.77867 1
      vertex 32.2882 -6.63176 3
      vertex 33.9 -6.96 1
    endloop
  endfacet
  facet normal 0.665912 -0.398199 0.630871
    outer loop
      vertex 32.6828 -5.32053 3
      vertex 34.2118 -5.93219 1
      vertex 32.6893 -5.30966 3
    endloop
  endfacet
  facet normal 0.665445 -0.399105 0.630791
    outer loop
      vertex 34.2118 -5.93219 1
      vertex 32.6828 -5.32053 3
      vertex 34.1184 -6.08792 1
    endloop
  endfacet
  facet normal 0.730587 -0.261371 0.630816
    outer loop
      vertex 34.0408 -6.25204 1
      vertex 32.5368 -5.62906 3
      vertex 32.4261 -5.93849 3
    endloop
  endfacet
  facet normal -0.398904 -0.665548 0.63081
    outer loop
      vertex 37.6822 -4.06823 3
      vertex 37.4003 -3.89927 3
      vertex 36.7778 -5.42178 1
    endloop
  endfacet
  facet normal 0.188525 -0.752682 0.630816
    outer loop
      vertex 35.213 -5.18966 1
      vertex 35.0592 -3.552 3
      vertex 34.7404 -3.63185 3
    endloop
  endfacet
  facet normal 0.752605 0.188888 0.630799
    outer loop
      vertex 32.3389 -7.63851 3
      vertex 33.9797 -7.49703 1
      vertex 33.9355 -7.32092 1
    endloop
  endfacet
  facet normal 0.752411 0.189941 0.630714
    outer loop
      vertex 33.9797 -7.49703 1
      vertex 32.3389 -7.63851 3
      vertex 32.342 -7.65079 3
    endloop
  endfacet
  facet normal 0.752696 -0.188416 0.630831
    outer loop
      vertex 33.9797 -6.42297 1
      vertex 32.4218 -5.95042 3
      vertex 32.342 -6.26921 3
    endloop
  endfacet
  facet normal -0.665592 -0.398817 0.630819
    outer loop
      vertex 38.8107 -5.30966 3
      vertex 38.6418 -5.02778 3
      vertex 37.2882 -5.93219 1
    endloop
  endfacet
  facet normal 0.462268 0.623197 0.63082
    outer loop
      vertex 34.5764 -8.39007 1
      vertex 33.5538 -9.656 3
      vertex 34.7222 -8.49822 1
    endloop
  endfacet
  facet normal 0.461253 0.623976 0.630793
    outer loop
      vertex 33.5538 -9.656 3
      vertex 34.5764 -8.39007 1
      vertex 33.5436 -9.64846 3
    endloop
  endfacet
  facet normal -0.188533 -0.75268 0.630815
    outer loop
      vertex 36.287 -5.18966 1
      vertex 36.4285 -3.54892 3
      vertex 36.1109 -5.14555 1
    endloop
  endfacet
  facet normal -0.188479 -0.75269 0.630819
    outer loop
      vertex 36.4285 -3.54892 3
      vertex 36.287 -5.18966 1
      vertex 36.4408 -3.552 3
    endloop
  endfacet
  facet normal -0.113848 -0.767535 0.630816
    outer loop
      vertex 36.1109 -5.14555 1
      vertex 36.416 -3.54706 3
      vertex 35.9313 -5.11891 1
    endloop
  endfacet
  facet normal -0.114201 -0.767477 0.630823
    outer loop
      vertex 36.416 -3.54706 3
      vertex 36.1109 -5.14555 1
      vertex 36.4285 -3.54892 3
    endloop
  endfacet
  facet normal -0.462185 -0.623267 0.630812
    outer loop
      vertex 37.9462 -4.264 3
      vertex 37.6822 -4.06823 3
      vertex 36.7778 -5.42178 1
    endloop
  endfacet
  facet normal -0.261309 -0.730605 0.63082
    outer loop
      vertex 36.458 -5.25082 1
      vertex 36.7596 -3.63185 3
      vertex 36.287 -5.18966 1
    endloop
  endfacet
  facet normal -0.262079 -0.730384 0.630756
    outer loop
      vertex 36.7596 -3.63185 3
      vertex 36.458 -5.25082 1
      vertex 36.7715 -3.63612 3
    endloop
  endfacet
  facet normal 0.262079 -0.730384 0.630756
    outer loop
      vertex 35.042 -5.25082 1
      vertex 34.7404 -3.63185 3
      vertex 34.7285 -3.63612 3
    endloop
  endfacet
  facet normal 0.261309 -0.730605 0.63082
    outer loop
      vertex 34.7404 -3.63185 3
      vertex 35.042 -5.25082 1
      vertex 35.213 -5.18966 1
    endloop
  endfacet
  facet normal -0.752654 -0.188642 0.630814
    outer loop
      vertex 39.158 -6.26921 3
      vertex 39.0781 -5.95042 3
      vertex 37.5203 -6.42297 1
    endloop
  endfacet
  facet normal -0.461253 -0.623976 0.630793
    outer loop
      vertex 37.9462 -4.264 3
      vertex 36.9236 -5.52993 1
      vertex 37.9564 -4.27154 3
    endloop
  endfacet
  facet normal -0.462268 -0.623197 0.63082
    outer loop
      vertex 36.9236 -5.52993 1
      vertex 37.9462 -4.264 3
      vertex 36.7778 -5.42178 1
    endloop
  endfacet
  facet normal 0.775 0.0380384 0.630815
    outer loop
      vertex 32.2882 -7.28824 3
      vertex 33.9089 -7.14133 1
      vertex 33.9 -6.96 1
    endloop
  endfacet
  facet normal 0.775083 0.0367628 0.630789
    outer loop
      vertex 33.9089 -7.14133 1
      vertex 32.2882 -7.28824 3
      vertex 32.2888 -7.30089 3
    endloop
  endfacet
  facet normal 0.261416 -0.730577 0.630808
    outer loop
      vertex 35.042 -5.25082 1
      vertex 34.7285 -3.63612 3
      vertex 34.4191 -3.74683 3
    endloop
  endfacet
  facet normal -0.0366185 0.775091 0.630788
    outer loop
      vertex 35.9313 -8.80109 1
      vertex 36.0782 -10.4218 3
      vertex 36.0909 -10.4212 3
    endloop
  endfacet
  facet normal -0.0380872 0.774995 0.630819
    outer loop
      vertex 36.0782 -10.4218 3
      vertex 35.9313 -8.80109 1
      vertex 35.75 -8.81 1
    endloop
  endfacet
  facet normal 0.462185 0.623267 0.630812
    outer loop
      vertex 33.8178 -9.85177 3
      vertex 34.7222 -8.49822 1
      vertex 33.5538 -9.656 3
    endloop
  endfacet
  facet normal 0.665592 -0.398817 0.630819
    outer loop
      vertex 34.2118 -5.93219 1
      vertex 32.8582 -5.02778 3
      vertex 32.6893 -5.30966 3
    endloop
  endfacet
  facet normal -0.752411 -0.189941 0.630714
    outer loop
      vertex 37.5203 -6.42297 1
      vertex 39.1611 -6.28149 3
      vertex 39.158 -6.26921 3
    endloop
  endfacet
  facet normal -0.752605 -0.188888 0.630799
    outer loop
      vertex 39.1611 -6.28149 3
      vertex 37.5203 -6.42297 1
      vertex 37.5645 -6.59908 1
    endloop
  endfacet
  facet normal 0.33181 0.701404 0.630821
    outer loop
      vertex 34.8779 -8.59155 1
      vertex 34.122 -10.0327 3
      vertex 35.042 -8.66918 1
    endloop
  endfacet
  facet normal 0.334756 0.699945 0.630884
    outer loop
      vertex 34.122 -10.0327 3
      vertex 34.8779 -8.59155 1
      vertex 34.1105 -10.0272 3
    endloop
  endfacet
  facet normal -0.520968 -0.575024 0.630824
    outer loop
      vertex 38.2093 -4.50075 3
      vertex 37.9657 -4.28005 3
      vertex 37.0581 -5.65185 1
    endloop
  endfacet
  facet normal 0.462185 -0.623267 0.630812
    outer loop
      vertex 34.7222 -5.42178 1
      vertex 33.8178 -4.06823 3
      vertex 33.5538 -4.264 3
    endloop
  endfacet
  facet normal 0.523861 -0.572492 0.630731
    outer loop
      vertex 33.5343 -4.28005 3
      vertex 34.5764 -5.52993 1
      vertex 33.5436 -4.27154 3
    endloop
  endfacet
  facet normal 0.521126 -0.574897 0.630809
    outer loop
      vertex 34.5764 -5.52993 1
      vertex 33.5343 -4.28005 3
      vertex 34.4419 -5.65185 1
    endloop
  endfacet
  facet normal 0.768127 -0.110345 0.630718
    outer loop
      vertex 32.3371 -6.29402 3
      vertex 33.9355 -6.59908 1
      vertex 32.3389 -6.28149 3
    endloop
  endfacet
  facet normal 0.767579 -0.11369 0.63079
    outer loop
      vertex 33.9355 -6.59908 1
      vertex 32.3371 -6.29402 3
      vertex 33.9089 -6.77867 1
    endloop
  endfacet
  facet normal 0.331742 -0.701449 0.630807
    outer loop
      vertex 35.042 -5.25082 1
      vertex 34.4191 -3.74683 3
      vertex 34.122 -3.88734 3
    endloop
  endfacet
  facet normal -0.398931 -0.665527 0.630815
    outer loop
      vertex 36.7778 -5.42178 1
      vertex 37.3895 -3.89276 3
      vertex 36.6221 -5.32845 1
    endloop
  endfacet
  facet normal -0.400634 -0.664647 0.630663
    outer loop
      vertex 37.3895 -3.89276 3
      vertex 36.7778 -5.42178 1
      vertex 37.4003 -3.89927 3
    endloop
  endfacet
  facet normal 0.0378354 -0.775015 0.630809
    outer loop
      vertex 35.5687 -5.11891 1
      vertex 35.4218 -3.49822 3
      vertex 35.4091 -3.49884 3
    endloop
  endfacet
  facet normal 0.0380874 -0.774999 0.630814
    outer loop
      vertex 35.4218 -3.49822 3
      vertex 35.5687 -5.11891 1
      vertex 35.75 -5.11 1
    endloop
  endfacet
  facet normal 0.114028 0.767505 0.63082
    outer loop
      vertex 35.4091 -10.4212 3
      vertex 35.5687 -8.80109 1
      vertex 35.084 -10.3729 3
    endloop
  endfacet
  facet normal 0.0380872 0.774995 0.630819
    outer loop
      vertex 35.5687 -8.80109 1
      vertex 35.4218 -10.4218 3
      vertex 35.75 -8.81 1
    endloop
  endfacet
  facet normal 0.0366185 0.775091 0.630788
    outer loop
      vertex 35.4218 -10.4218 3
      vertex 35.5687 -8.80109 1
      vertex 35.4091 -10.4212 3
    endloop
  endfacet
  facet normal 0.188479 -0.75269 0.630819
    outer loop
      vertex 35.213 -5.18966 1
      vertex 35.0715 -3.54892 3
      vertex 35.0592 -3.552 3
    endloop
  endfacet
  facet normal 0.188533 -0.75268 0.630815
    outer loop
      vertex 35.0715 -3.54892 3
      vertex 35.213 -5.18966 1
      vertex 35.3891 -5.14555 1
    endloop
  endfacet
  facet normal 0.462268 -0.623197 0.63082
    outer loop
      vertex 33.5538 -4.264 3
      vertex 34.5764 -5.52993 1
      vertex 34.7222 -5.42178 1
    endloop
  endfacet
  facet normal 0.461253 -0.623976 0.630793
    outer loop
      vertex 34.5764 -5.52993 1
      vertex 33.5538 -4.264 3
      vertex 33.5436 -4.27154 3
    endloop
  endfacet
  facet normal 0.336769 0.941587 -0
    outer loop
      vertex 106.713 -8.73034 0
      vertex 106.542 -8.66918 1
      vertex 106.713 -8.73034 1
    endloop
  endfacet
  facet normal 0.336769 0.941587 0
    outer loop
      vertex 106.542 -8.66918 1
      vertex 106.713 -8.73034 0
      vertex 106.542 -8.66918 0
    endloop
  endfacet
  facet normal -0.988887 -0.148672 0
    outer loop
      vertex 109.091 -6.77867 0
      vertex 109.064 -6.59908 1
      vertex 109.064 -6.59908 0
    endloop
  endfacet
  facet normal -0.988887 -0.148672 0
    outer loop
      vertex 109.064 -6.59908 1
      vertex 109.091 -6.77867 0
      vertex 109.091 -6.77867 1
    endloop
  endfacet
  facet normal -0.998771 -0.0495722 0
    outer loop
      vertex 109.1 -6.96 0
      vertex 109.091 -6.77867 1
      vertex 109.091 -6.77867 0
    endloop
  endfacet
  facet normal -0.998771 -0.0495722 0
    outer loop
      vertex 109.091 -6.77867 1
      vertex 109.1 -6.96 0
      vertex 109.1 -6.96 1
    endloop
  endfacet
  facet normal -0.970178 -0.242393 0
    outer loop
      vertex 109.064 -6.59908 0
      vertex 109.02 -6.42297 1
      vertex 109.02 -6.42297 0
    endloop
  endfacet
  facet normal -0.970178 -0.242393 0
    outer loop
      vertex 109.02 -6.42297 1
      vertex 109.064 -6.59908 0
      vertex 109.064 -6.59908 1
    endloop
  endfacet
  facet normal 0.988887 -0.148672 0
    outer loop
      vertex 105.409 -6.77867 1
      vertex 105.436 -6.59908 0
      vertex 105.436 -6.59908 1
    endloop
  endfacet
  facet normal 0.988887 -0.148672 0
    outer loop
      vertex 105.436 -6.59908 0
      vertex 105.409 -6.77867 1
      vertex 105.409 -6.77867 0
    endloop
  endfacet
  facet normal 0.243106 0.97 -0
    outer loop
      vertex 106.889 -8.77445 0
      vertex 106.713 -8.73034 1
      vertex 106.889 -8.77445 1
    endloop
  endfacet
  facet normal 0.243106 0.97 0
    outer loop
      vertex 106.713 -8.73034 1
      vertex 106.889 -8.77445 0
      vertex 106.713 -8.73034 0
    endloop
  endfacet
  facet normal -0.336769 -0.941587 0
    outer loop
      vertex 107.787 -5.18966 0
      vertex 107.958 -5.25082 1
      vertex 107.787 -5.18966 1
    endloop
  endfacet
  facet normal -0.336769 -0.941587 -0
    outer loop
      vertex 107.958 -5.25082 1
      vertex 107.787 -5.18966 0
      vertex 107.958 -5.25082 0
    endloop
  endfacet
  facet normal 0.513403 -0.858147 0
    outer loop
      vertex 106.222 -5.42178 0
      vertex 106.378 -5.32845 1
      vertex 106.222 -5.42178 1
    endloop
  endfacet
  facet normal 0.513403 -0.858147 0
    outer loop
      vertex 106.378 -5.32845 1
      vertex 106.222 -5.42178 0
      vertex 106.378 -5.32845 0
    endloop
  endfacet
  facet normal 0.905313 0.424745 0
    outer loop
      vertex 105.618 -7.83208 1
      vertex 105.541 -7.66796 0
      vertex 105.541 -7.66796 1
    endloop
  endfacet
  facet normal 0.905313 0.424745 0
    outer loop
      vertex 105.541 -7.66796 0
      vertex 105.618 -7.83208 1
      vertex 105.618 -7.83208 0
    endloop
  endfacet
  facet normal 0.243106 -0.97 0
    outer loop
      vertex 106.713 -5.18966 0
      vertex 106.889 -5.14555 1
      vertex 106.713 -5.18966 1
    endloop
  endfacet
  facet normal 0.243106 -0.97 0
    outer loop
      vertex 106.889 -5.14555 1
      vertex 106.713 -5.18966 0
      vertex 106.889 -5.14555 0
    endloop
  endfacet
  facet normal 0.856112 0.51679 0
    outer loop
      vertex 105.712 -7.9878 1
      vertex 105.618 -7.83208 0
      vertex 105.618 -7.83208 1
    endloop
  endfacet
  facet normal 0.856112 0.51679 0
    outer loop
      vertex 105.618 -7.83208 0
      vertex 105.712 -7.9878 1
      vertex 105.712 -7.9878 0
    endloop
  endfacet
  facet normal -0.243106 0.97 0
    outer loop
      vertex 107.787 -8.73034 0
      vertex 107.611 -8.77445 1
      vertex 107.787 -8.73034 1
    endloop
  endfacet
  facet normal -0.243106 0.97 0
    outer loop
      vertex 107.611 -8.77445 1
      vertex 107.787 -8.73034 0
      vertex 107.611 -8.77445 0
    endloop
  endfacet
  facet normal 0.595234 0.803552 -0
    outer loop
      vertex 106.222 -8.49822 0
      vertex 106.076 -8.39007 1
      vertex 106.222 -8.49822 1
    endloop
  endfacet
  facet normal 0.595234 0.803552 0
    outer loop
      vertex 106.076 -8.39007 1
      vertex 106.222 -8.49822 0
      vertex 106.076 -8.39007 0
    endloop
  endfacet
  facet normal -0.513403 0.858147 0
    outer loop
      vertex 108.278 -8.49822 0
      vertex 108.122 -8.59155 1
      vertex 108.278 -8.49822 1
    endloop
  endfacet
  facet normal -0.513403 0.858147 0
    outer loop
      vertex 108.122 -8.59155 1
      vertex 108.278 -8.49822 0
      vertex 108.122 -8.59155 0
    endloop
  endfacet
  facet normal -0.803616 0.595148 0
    outer loop
      vertex 108.68 -8.13363 0
      vertex 108.788 -7.9878 1
      vertex 108.788 -7.9878 0
    endloop
  endfacet
  facet normal -0.803616 0.595148 0
    outer loop
      vertex 108.788 -7.9878 1
      vertex 108.68 -8.13363 0
      vertex 108.68 -8.13363 1
    endloop
  endfacet
  facet normal -0.146405 -0.989225 0
    outer loop
      vertex 107.431 -5.11891 0
      vertex 107.611 -5.14555 1
      vertex 107.431 -5.11891 1
    endloop
  endfacet
  facet normal -0.146405 -0.989225 -0
    outer loop
      vertex 107.611 -5.14555 1
      vertex 107.431 -5.11891 0
      vertex 107.611 -5.14555 0
    endloop
  endfacet
  facet normal 0.595234 -0.803552 0
    outer loop
      vertex 106.076 -5.52993 0
      vertex 106.222 -5.42178 1
      vertex 106.076 -5.52993 1
    endloop
  endfacet
  facet normal 0.595234 -0.803552 0
    outer loop
      vertex 106.222 -5.42178 1
      vertex 106.076 -5.52993 0
      vertex 106.222 -5.42178 0
    endloop
  endfacet
  facet normal -0.427842 0.903853 0
    outer loop
      vertex 108.122 -8.59155 0
      vertex 107.958 -8.66918 1
      vertex 108.122 -8.59155 1
    endloop
  endfacet
  facet normal -0.427842 0.903853 0
    outer loop
      vertex 107.958 -8.66918 1
      vertex 108.122 -8.59155 0
      vertex 107.958 -8.66918 0
    endloop
  endfacet
  facet normal 0.803596 -0.595175 0
    outer loop
      vertex 105.712 -5.93219 1
      vertex 105.82 -5.78637 0
      vertex 105.82 -5.78637 1
    endloop
  endfacet
  facet normal 0.803596 -0.595175 0
    outer loop
      vertex 105.82 -5.78637 0
      vertex 105.712 -5.93219 1
      vertex 105.712 -5.93219 0
    endloop
  endfacet
  facet normal -0.988887 0.148672 0
    outer loop
      vertex 109.064 -7.32092 0
      vertex 109.091 -7.14133 1
      vertex 109.091 -7.14133 0
    endloop
  endfacet
  facet normal -0.988887 0.148672 0
    outer loop
      vertex 109.091 -7.14133 1
      vertex 109.064 -7.32092 0
      vertex 109.064 -7.32092 1
    endloop
  endfacet
  facet normal 0.941823 -0.33611 0
    outer loop
      vertex 105.48 -6.42297 1
      vertex 105.541 -6.25204 0
      vertex 105.541 -6.25204 1
    endloop
  endfacet
  facet normal 0.941823 -0.33611 0
    outer loop
      vertex 105.541 -6.25204 0
      vertex 105.48 -6.42297 1
      vertex 105.48 -6.42297 0
    endloop
  endfacet
  facet normal -0.427842 -0.903853 0
    outer loop
      vertex 107.958 -5.25082 0
      vertex 108.122 -5.32845 1
      vertex 107.958 -5.25082 1
    endloop
  endfacet
  facet normal -0.427842 -0.903853 -0
    outer loop
      vertex 108.122 -5.32845 1
      vertex 107.958 -5.25082 0
      vertex 108.122 -5.32845 0
    endloop
  endfacet
  facet normal 0.941823 0.33611 0
    outer loop
      vertex 105.541 -7.66796 1
      vertex 105.48 -7.49703 0
      vertex 105.48 -7.49703 1
    endloop
  endfacet
  facet normal 0.941823 0.33611 0
    outer loop
      vertex 105.48 -7.49703 0
      vertex 105.541 -7.66796 1
      vertex 105.541 -7.66796 0
    endloop
  endfacet
  facet normal -0.970178 0.242393 0
    outer loop
      vertex 109.02 -7.49703 0
      vertex 109.064 -7.32092 1
      vertex 109.064 -7.32092 0
    endloop
  endfacet
  facet normal -0.970178 0.242393 0
    outer loop
      vertex 109.064 -7.32092 1
      vertex 109.02 -7.49703 0
      vertex 109.02 -7.49703 1
    endloop
  endfacet
  facet normal 0.049167 -0.998791 0
    outer loop
      vertex 107.069 -5.11891 0
      vertex 107.25 -5.11 1
      vertex 107.069 -5.11891 1
    endloop
  endfacet
  facet normal 0.049167 -0.998791 0
    outer loop
      vertex 107.25 -5.11 1
      vertex 107.069 -5.11891 0
      vertex 107.25 -5.11 0
    endloop
  endfacet
  facet normal -0.67298 -0.73966 0
    outer loop
      vertex 108.424 -5.52993 0
      vertex 108.558 -5.65185 1
      vertex 108.424 -5.52993 1
    endloop
  endfacet
  facet normal -0.67298 -0.73966 -0
    outer loop
      vertex 108.558 -5.65185 1
      vertex 108.424 -5.52993 0
      vertex 108.558 -5.65185 0
    endloop
  endfacet
  facet normal 0.427842 -0.903853 0
    outer loop
      vertex 106.378 -5.32845 0
      vertex 106.542 -5.25082 1
      vertex 106.378 -5.32845 1
    endloop
  endfacet
  facet normal 0.427842 -0.903853 0
    outer loop
      vertex 106.542 -5.25082 1
      vertex 106.378 -5.32845 0
      vertex 106.542 -5.25082 0
    endloop
  endfacet
  facet normal 0.67298 -0.73966 0
    outer loop
      vertex 105.942 -5.65185 0
      vertex 106.076 -5.52993 1
      vertex 105.942 -5.65185 1
    endloop
  endfacet
  facet normal 0.67298 -0.73966 0
    outer loop
      vertex 106.076 -5.52993 1
      vertex 105.942 -5.65185 0
      vertex 106.076 -5.52993 0
    endloop
  endfacet
  facet normal -0.336769 0.941587 0
    outer loop
      vertex 107.958 -8.66918 0
      vertex 107.787 -8.73034 1
      vertex 107.958 -8.66918 1
    endloop
  endfacet
  facet normal -0.336769 0.941587 0
    outer loop
      vertex 107.787 -8.73034 1
      vertex 107.958 -8.66918 0
      vertex 107.787 -8.73034 0
    endloop
  endfacet
  facet normal 0.336769 -0.941587 0
    outer loop
      vertex 106.542 -5.25082 0
      vertex 106.713 -5.18966 1
      vertex 106.542 -5.25082 1
    endloop
  endfacet
  facet normal 0.336769 -0.941587 0
    outer loop
      vertex 106.713 -5.18966 1
      vertex 106.542 -5.25082 0
      vertex 106.713 -5.18966 0
    endloop
  endfacet
  facet normal -0.803596 -0.595175 0
    outer loop
      vertex 108.788 -5.93219 0
      vertex 108.68 -5.78637 1
      vertex 108.68 -5.78637 0
    endloop
  endfacet
  facet normal -0.803596 -0.595175 0
    outer loop
      vertex 108.68 -5.78637 1
      vertex 108.788 -5.93219 0
      vertex 108.788 -5.93219 1
    endloop
  endfacet
  facet normal 0.856127 -0.516766 0
    outer loop
      vertex 105.618 -6.08792 1
      vertex 105.712 -5.93219 0
      vertex 105.712 -5.93219 1
    endloop
  endfacet
  facet normal 0.856127 -0.516766 0
    outer loop
      vertex 105.712 -5.93219 0
      vertex 105.618 -6.08792 1
      vertex 105.618 -6.08792 0
    endloop
  endfacet
  facet normal -0.998771 0.0495722 0
    outer loop
      vertex 109.091 -7.14133 0
      vertex 109.1 -6.96 1
      vertex 109.1 -6.96 0
    endloop
  endfacet
  facet normal -0.998771 0.0495722 0
    outer loop
      vertex 109.1 -6.96 1
      vertex 109.091 -7.14133 0
      vertex 109.091 -7.14133 1
    endloop
  endfacet
  facet normal -0.905313 0.424745 0
    outer loop
      vertex 108.882 -7.83208 0
      vertex 108.959 -7.66796 1
      vertex 108.959 -7.66796 0
    endloop
  endfacet
  facet normal -0.905313 0.424745 0
    outer loop
      vertex 108.959 -7.66796 1
      vertex 108.882 -7.83208 0
      vertex 108.882 -7.83208 1
    endloop
  endfacet
  facet normal 0.67298 0.73966 -0
    outer loop
      vertex 106.076 -8.39007 0
      vertex 105.942 -8.26815 1
      vertex 106.076 -8.39007 1
    endloop
  endfacet
  facet normal 0.67298 0.73966 0
    outer loop
      vertex 105.942 -8.26815 1
      vertex 106.076 -8.39007 0
      vertex 105.942 -8.26815 0
    endloop
  endfacet
  facet normal -0.595234 -0.803552 0
    outer loop
      vertex 108.278 -5.42178 0
      vertex 108.424 -5.52993 1
      vertex 108.278 -5.42178 1
    endloop
  endfacet
  facet normal -0.595234 -0.803552 -0
    outer loop
      vertex 108.424 -5.52993 1
      vertex 108.278 -5.42178 0
      vertex 108.424 -5.52993 0
    endloop
  endfacet
  facet normal 0.513403 0.858147 -0
    outer loop
      vertex 106.378 -8.59155 0
      vertex 106.222 -8.49822 1
      vertex 106.378 -8.59155 1
    endloop
  endfacet
  facet normal 0.513403 0.858147 0
    outer loop
      vertex 106.222 -8.49822 1
      vertex 106.378 -8.59155 0
      vertex 106.222 -8.49822 0
    endloop
  endfacet
  facet normal -0.513403 -0.858147 0
    outer loop
      vertex 108.122 -5.32845 0
      vertex 108.278 -5.42178 1
      vertex 108.122 -5.32845 1
    endloop
  endfacet
  facet normal -0.513403 -0.858147 -0
    outer loop
      vertex 108.278 -5.42178 1
      vertex 108.122 -5.32845 0
      vertex 108.278 -5.42178 0
    endloop
  endfacet
  facet normal -0.146405 0.989225 0
    outer loop
      vertex 107.611 -8.77445 0
      vertex 107.431 -8.80109 1
      vertex 107.611 -8.77445 1
    endloop
  endfacet
  facet normal -0.146405 0.989225 0
    outer loop
      vertex 107.431 -8.80109 1
      vertex 107.611 -8.77445 0
      vertex 107.431 -8.80109 0
    endloop
  endfacet
  facet normal -0.941823 -0.33611 0
    outer loop
      vertex 109.02 -6.42297 0
      vertex 108.959 -6.25204 1
      vertex 108.959 -6.25204 0
    endloop
  endfacet
  facet normal -0.941823 -0.33611 0
    outer loop
      vertex 108.959 -6.25204 1
      vertex 109.02 -6.42297 0
      vertex 109.02 -6.42297 1
    endloop
  endfacet
  facet normal -0.856112 0.51679 0
    outer loop
      vertex 108.788 -7.9878 0
      vertex 108.882 -7.83208 1
      vertex 108.882 -7.83208 0
    endloop
  endfacet
  facet normal -0.856112 0.51679 0
    outer loop
      vertex 108.882 -7.83208 1
      vertex 108.788 -7.9878 0
      vertex 108.788 -7.9878 1
    endloop
  endfacet
  facet normal 0.998771 0.0495722 0
    outer loop
      vertex 105.409 -7.14133 1
      vertex 105.4 -6.96 0
      vertex 105.4 -6.96 1
    endloop
  endfacet
  facet normal 0.998771 0.0495722 0
    outer loop
      vertex 105.4 -6.96 0
      vertex 105.409 -7.14133 1
      vertex 105.409 -7.14133 0
    endloop
  endfacet
  facet normal -0.941823 0.33611 0
    outer loop
      vertex 108.959 -7.66796 0
      vertex 109.02 -7.49703 1
      vertex 109.02 -7.49703 0
    endloop
  endfacet
  facet normal -0.941823 0.33611 0
    outer loop
      vertex 109.02 -7.49703 1
      vertex 108.959 -7.66796 0
      vertex 108.959 -7.66796 1
    endloop
  endfacet
  facet normal -0.740737 -0.671795 0
    outer loop
      vertex 108.68 -5.78637 0
      vertex 108.558 -5.65185 1
      vertex 108.558 -5.65185 0
    endloop
  endfacet
  facet normal -0.740737 -0.671795 0
    outer loop
      vertex 108.558 -5.65185 1
      vertex 108.68 -5.78637 0
      vertex 108.68 -5.78637 1
    endloop
  endfacet
  facet normal -0.049167 -0.998791 0
    outer loop
      vertex 107.25 -5.11 0
      vertex 107.431 -5.11891 1
      vertex 107.25 -5.11 1
    endloop
  endfacet
  facet normal -0.049167 -0.998791 -0
    outer loop
      vertex 107.431 -5.11891 1
      vertex 107.25 -5.11 0
      vertex 107.431 -5.11891 0
    endloop
  endfacet
  facet normal -0.905313 -0.424745 0
    outer loop
      vertex 108.959 -6.25204 0
      vertex 108.882 -6.08792 1
      vertex 108.882 -6.08792 0
    endloop
  endfacet
  facet normal -0.905313 -0.424745 0
    outer loop
      vertex 108.882 -6.08792 1
      vertex 108.959 -6.25204 0
      vertex 108.959 -6.25204 1
    endloop
  endfacet
  facet normal 0.146405 0.989225 -0
    outer loop
      vertex 107.069 -8.80109 0
      vertex 106.889 -8.77445 1
      vertex 107.069 -8.80109 1
    endloop
  endfacet
  facet normal 0.146405 0.989225 0
    outer loop
      vertex 106.889 -8.77445 1
      vertex 107.069 -8.80109 0
      vertex 106.889 -8.77445 0
    endloop
  endfacet
  facet normal -0.67298 0.73966 0
    outer loop
      vertex 108.558 -8.26815 0
      vertex 108.424 -8.39007 1
      vertex 108.558 -8.26815 1
    endloop
  endfacet
  facet normal -0.67298 0.73966 0
    outer loop
      vertex 108.424 -8.39007 1
      vertex 108.558 -8.26815 0
      vertex 108.424 -8.39007 0
    endloop
  endfacet
  facet normal -0.856127 -0.516766 0
    outer loop
      vertex 108.882 -6.08792 0
      vertex 108.788 -5.93219 1
      vertex 108.788 -5.93219 0
    endloop
  endfacet
  facet normal -0.856127 -0.516766 0
    outer loop
      vertex 108.788 -5.93219 1
      vertex 108.882 -6.08792 0
      vertex 108.882 -6.08792 1
    endloop
  endfacet
  facet normal 0.049167 0.998791 -0
    outer loop
      vertex 107.25 -8.81 0
      vertex 107.069 -8.80109 1
      vertex 107.25 -8.81 1
    endloop
  endfacet
  facet normal 0.049167 0.998791 0
    outer loop
      vertex 107.069 -8.80109 1
      vertex 107.25 -8.81 0
      vertex 107.069 -8.80109 0
    endloop
  endfacet
  facet normal 0.740737 -0.671795 0
    outer loop
      vertex 105.82 -5.78637 1
      vertex 105.942 -5.65185 0
      vertex 105.942 -5.65185 1
    endloop
  endfacet
  facet normal 0.740737 -0.671795 0
    outer loop
      vertex 105.942 -5.65185 0
      vertex 105.82 -5.78637 1
      vertex 105.82 -5.78637 0
    endloop
  endfacet
  facet normal 0.146405 -0.989225 0
    outer loop
      vertex 106.889 -5.14555 0
      vertex 107.069 -5.11891 1
      vertex 106.889 -5.14555 1
    endloop
  endfacet
  facet normal 0.146405 -0.989225 0
    outer loop
      vertex 107.069 -5.11891 1
      vertex 106.889 -5.14555 0
      vertex 107.069 -5.11891 0
    endloop
  endfacet
  facet normal 0.905313 -0.424745 0
    outer loop
      vertex 105.541 -6.25204 1
      vertex 105.618 -6.08792 0
      vertex 105.618 -6.08792 1
    endloop
  endfacet
  facet normal 0.905313 -0.424745 0
    outer loop
      vertex 105.618 -6.08792 0
      vertex 105.541 -6.25204 1
      vertex 105.541 -6.25204 0
    endloop
  endfacet
  facet normal 0.970178 -0.242393 0
    outer loop
      vertex 105.436 -6.59908 1
      vertex 105.48 -6.42297 0
      vertex 105.48 -6.42297 1
    endloop
  endfacet
  facet normal 0.970178 -0.242393 0
    outer loop
      vertex 105.48 -6.42297 0
      vertex 105.436 -6.59908 1
      vertex 105.436 -6.59908 0
    endloop
  endfacet
  facet normal -0.243106 -0.97 0
    outer loop
      vertex 107.611 -5.14555 0
      vertex 107.787 -5.18966 1
      vertex 107.611 -5.14555 1
    endloop
  endfacet
  facet normal -0.243106 -0.97 -0
    outer loop
      vertex 107.787 -5.18966 1
      vertex 107.611 -5.14555 0
      vertex 107.787 -5.18966 0
    endloop
  endfacet
  facet normal 0.970178 0.242393 0
    outer loop
      vertex 105.48 -7.49703 1
      vertex 105.436 -7.32092 0
      vertex 105.436 -7.32092 1
    endloop
  endfacet
  facet normal 0.970178 0.242393 0
    outer loop
      vertex 105.436 -7.32092 0
      vertex 105.48 -7.49703 1
      vertex 105.48 -7.49703 0
    endloop
  endfacet
  facet normal 0.427842 0.903853 -0
    outer loop
      vertex 106.542 -8.66918 0
      vertex 106.378 -8.59155 1
      vertex 106.542 -8.66918 1
    endloop
  endfacet
  facet normal 0.427842 0.903853 0
    outer loop
      vertex 106.378 -8.59155 1
      vertex 106.542 -8.66918 0
      vertex 106.378 -8.59155 0
    endloop
  endfacet
  facet normal 0.740737 0.671795 0
    outer loop
      vertex 105.942 -8.26815 1
      vertex 105.82 -8.13363 0
      vertex 105.82 -8.13363 1
    endloop
  endfacet
  facet normal 0.740737 0.671795 0
    outer loop
      vertex 105.82 -8.13363 0
      vertex 105.942 -8.26815 1
      vertex 105.942 -8.26815 0
    endloop
  endfacet
  facet normal -0.049167 0.998791 0
    outer loop
      vertex 107.431 -8.80109 0
      vertex 107.25 -8.81 1
      vertex 107.431 -8.80109 1
    endloop
  endfacet
  facet normal -0.049167 0.998791 0
    outer loop
      vertex 107.25 -8.81 1
      vertex 107.431 -8.80109 0
      vertex 107.25 -8.81 0
    endloop
  endfacet
  facet normal 0.988887 0.148672 0
    outer loop
      vertex 105.436 -7.32092 1
      vertex 105.409 -7.14133 0
      vertex 105.409 -7.14133 1
    endloop
  endfacet
  facet normal 0.988887 0.148672 0
    outer loop
      vertex 105.409 -7.14133 0
      vertex 105.436 -7.32092 1
      vertex 105.436 -7.32092 0
    endloop
  endfacet
  facet normal -0.595234 0.803552 0
    outer loop
      vertex 108.424 -8.39007 0
      vertex 108.278 -8.49822 1
      vertex 108.424 -8.39007 1
    endloop
  endfacet
  facet normal -0.595234 0.803552 0
    outer loop
      vertex 108.278 -8.49822 1
      vertex 108.424 -8.39007 0
      vertex 108.278 -8.49822 0
    endloop
  endfacet
  facet normal 0.803616 0.595148 0
    outer loop
      vertex 105.82 -8.13363 1
      vertex 105.712 -7.9878 0
      vertex 105.712 -7.9878 1
    endloop
  endfacet
  facet normal 0.803616 0.595148 0
    outer loop
      vertex 105.712 -7.9878 0
      vertex 105.82 -8.13363 1
      vertex 105.82 -8.13363 0
    endloop
  endfacet
  facet normal 0.998771 -0.0495722 0
    outer loop
      vertex 105.4 -6.96 1
      vertex 105.409 -6.77867 0
      vertex 105.409 -6.77867 1
    endloop
  endfacet
  facet normal 0.998771 -0.0495722 0
    outer loop
      vertex 105.409 -6.77867 0
      vertex 105.4 -6.96 1
      vertex 105.4 -6.96 0
    endloop
  endfacet
  facet normal -0.740737 0.671795 0
    outer loop
      vertex 108.558 -8.26815 0
      vertex 108.68 -8.13363 1
      vertex 108.68 -8.13363 0
    endloop
  endfacet
  facet normal -0.740737 0.671795 0
    outer loop
      vertex 108.68 -8.13363 1
      vertex 108.558 -8.26815 0
      vertex 108.558 -8.26815 1
    endloop
  endfacet
  facet normal 0.73035 0.261994 0.630832
    outer loop
      vertex 104.037 -8.29094 3
      vertex 105.541 -7.66796 1
      vertex 103.926 -7.98151 3
    endloop
  endfacet
  facet normal -0.398821 -0.665646 0.630759
    outer loop
      vertex 109.182 -4.06823 3
      vertex 108.9 -3.89927 3
      vertex 108.278 -5.42178 1
    endloop
  endfacet
  facet normal 0.261303 0.73059 0.63084
    outer loop
      vertex 106.542 -8.66918 1
      vertex 106.24 -10.2881 3
      vertex 106.713 -8.73034 1
    endloop
  endfacet
  facet normal 0.256214 0.73204 0.631246
    outer loop
      vertex 106.24 -10.2881 3
      vertex 106.542 -8.66918 1
      vertex 106.228 -10.2839 3
    endloop
  endfacet
  facet normal -0.774991 -0.0377768 0.630842
    outer loop
      vertex 110.728 -6.96 3
      vertex 110.712 -6.63176 3
      vertex 109.1 -6.96 1
    endloop
  endfacet
  facet normal -0.773224 -0.0610762 0.631185
    outer loop
      vertex 109.091 -6.77867 1
      vertex 110.712 -6.63176 3
      vertex 110.711 -6.6191 3
    endloop
  endfacet
  facet normal -0.774915 -0.0384616 0.630894
    outer loop
      vertex 110.712 -6.63176 3
      vertex 109.091 -6.77867 1
      vertex 109.1 -6.96 1
    endloop
  endfacet
  facet normal -0.467129 0.619535 0.630847
    outer loop
      vertex 108.424 -8.39007 1
      vertex 109.446 -9.656 3
      vertex 109.456 -9.64846 3
    endloop
  endfacet
  facet normal -0.461905 0.623561 0.630726
    outer loop
      vertex 109.446 -9.656 3
      vertex 108.424 -8.39007 1
      vertex 108.278 -8.49822 1
    endloop
  endfacet
  facet normal 0.622933 -0.462533 0.630886
    outer loop
      vertex 105.712 -5.93219 1
      vertex 104.554 -4.76381 3
      vertex 104.358 -5.02778 3
    endloop
  endfacet
  facet normal 0.677947 -0.374212 0.632735
    outer loop
      vertex 104.183 -5.32053 3
      vertex 105.712 -5.93219 1
      vertex 104.189 -5.30966 3
    endloop
  endfacet
  facet normal 0.664435 -0.401059 0.630617
    outer loop
      vertex 105.712 -5.93219 1
      vertex 104.183 -5.32053 3
      vertex 105.618 -6.08792 1
    endloop
  endfacet
  facet normal 0.0369649 -0.775071 0.630792
    outer loop
      vertex 107.069 -5.11891 1
      vertex 106.922 -3.49822 3
      vertex 106.909 -3.49884 3
    endloop
  endfacet
  facet normal 0.0381502 -0.774994 0.630816
    outer loop
      vertex 106.922 -3.49822 3
      vertex 107.069 -5.11891 1
      vertex 107.25 -5.11 1
    endloop
  endfacet
  facet normal 0.113603 0.767586 0.630798
    outer loop
      vertex 106.889 -8.77445 1
      vertex 106.584 -10.3729 3
      vertex 107.069 -8.80109 1
    endloop
  endfacet
  facet normal 0.106442 0.768746 0.630634
    outer loop
      vertex 106.584 -10.3729 3
      vertex 106.889 -8.77445 1
      vertex 106.571 -10.3711 3
    endloop
  endfacet
  facet normal -0.622932 0.462533 0.630887
    outer loop
      vertex 109.946 -9.15619 3
      vertex 110.142 -8.89222 3
      vertex 108.788 -7.9878 1
    endloop
  endfacet
  facet normal -0.752719 0.188062 0.630909
    outer loop
      vertex 109.02 -7.49703 1
      vertex 110.661 -7.63851 3
      vertex 109.064 -7.32092 1
    endloop
  endfacet
  facet normal -0.753444 0.184066 0.631222
    outer loop
      vertex 110.661 -7.63851 3
      vertex 109.02 -7.49703 1
      vertex 110.658 -7.65079 3
    endloop
  endfacet
  facet normal -0.261689 0.73046 0.63083
    outer loop
      vertex 108.272 -10.2839 3
      vertex 108.581 -10.1732 3
      vertex 107.958 -8.66918 1
    endloop
  endfacet
  facet normal 0.730749 0.260783 0.63087
    outer loop
      vertex 103.922 -7.96958 3
      vertex 105.541 -7.66796 1
      vertex 105.48 -7.49703 1
    endloop
  endfacet
  facet normal 0.734792 0.246368 0.631969
    outer loop
      vertex 105.541 -7.66796 1
      vertex 103.922 -7.96958 3
      vertex 103.926 -7.98151 3
    endloop
  endfacet
  facet normal -0.734792 -0.246368 0.631969
    outer loop
      vertex 108.959 -6.25204 1
      vertex 110.578 -5.95042 3
      vertex 110.574 -5.93849 3
    endloop
  endfacet
  facet normal -0.730749 -0.260783 0.63087
    outer loop
      vertex 110.578 -5.95042 3
      vertex 108.959 -6.25204 1
      vertex 109.02 -6.42297 1
    endloop
  endfacet
  facet normal -0.774915 0.0384616 0.630894
    outer loop
      vertex 109.091 -7.14133 1
      vertex 110.712 -7.28824 3
      vertex 109.1 -6.96 1
    endloop
  endfacet
  facet normal -0.77322 0.0611241 0.631185
    outer loop
      vertex 110.712 -7.28824 3
      vertex 109.091 -7.14133 1
      vertex 110.711 -7.30089 3
    endloop
  endfacet
  facet normal -0.194165 0.751606 0.630388
    outer loop
      vertex 107.787 -8.73034 1
      vertex 107.929 -10.3711 3
      vertex 107.941 -10.368 3
    endloop
  endfacet
  facet normal -0.188629 0.752635 0.63084
    outer loop
      vertex 107.929 -10.3711 3
      vertex 107.787 -8.73034 1
      vertex 107.611 -8.77445 1
    endloop
  endfacet
  facet normal 0.623552 0.461795 0.630815
    outer loop
      vertex 104.554 -9.15619 3
      vertex 105.82 -8.13363 1
      vertex 105.712 -7.9878 1
    endloop
  endfacet
  facet normal 0.609666 0.47958 0.631118
    outer loop
      vertex 105.82 -8.13363 1
      vertex 104.554 -9.15619 3
      vertex 104.562 -9.16636 3
    endloop
  endfacet
  facet normal 0.461905 0.623561 0.630726
    outer loop
      vertex 106.076 -8.39007 1
      vertex 105.054 -9.656 3
      vertex 106.222 -8.49822 1
    endloop
  endfacet
  facet normal 0.467129 0.619535 0.630847
    outer loop
      vertex 105.054 -9.656 3
      vertex 106.076 -8.39007 1
      vertex 105.044 -9.64846 3
    endloop
  endfacet
  facet normal 0.665428 -0.398955 0.630904
    outer loop
      vertex 105.712 -5.93219 1
      vertex 104.358 -5.02778 3
      vertex 104.189 -5.30966 3
    endloop
  endfacet
  facet normal 0.609666 -0.47958 0.631118
    outer loop
      vertex 104.554 -4.76381 3
      vertex 105.82 -5.78637 1
      vertex 104.562 -4.75364 3
    endloop
  endfacet
  facet normal 0.623537 -0.461816 0.630816
    outer loop
      vertex 105.82 -5.78637 1
      vertex 104.554 -4.76381 3
      vertex 105.712 -5.93219 1
    endloop
  endfacet
  facet normal 0.261689 0.73046 0.63083
    outer loop
      vertex 106.228 -10.2839 3
      vertex 106.542 -8.66918 1
      vertex 105.919 -10.1732 3
    endloop
  endfacet
  facet normal 0.767615 0.113339 0.63081
    outer loop
      vertex 103.837 -7.62598 3
      vertex 105.409 -7.14133 1
      vertex 103.789 -7.30089 3
    endloop
  endfacet
  facet normal 0.0381119 -0.774998 0.630813
    outer loop
      vertex 107.25 -5.11 1
      vertex 107.25 -3.48209 3
      vertex 106.922 -3.49822 3
    endloop
  endfacet
  facet normal 0.702517 0.329599 0.630742
    outer loop
      vertex 104.177 -8.58802 3
      vertex 105.618 -7.83208 1
      vertex 105.541 -7.66796 1
    endloop
  endfacet
  facet normal 0.68707 0.360037 0.631117
    outer loop
      vertex 105.618 -7.83208 1
      vertex 104.177 -8.58802 3
      vertex 104.183 -8.59947 3
    endloop
  endfacet
  facet normal -0.730749 0.260783 0.63087
    outer loop
      vertex 108.959 -7.66796 1
      vertex 110.578 -7.96958 3
      vertex 109.02 -7.49703 1
    endloop
  endfacet
  facet normal -0.734792 0.246368 0.631969
    outer loop
      vertex 110.578 -7.96958 3
      vertex 108.959 -7.66796 1
      vertex 110.574 -7.98151 3
    endloop
  endfacet
  facet normal 0.260089 -0.730929 0.630949
    outer loop
      vertex 106.542 -5.25082 1
      vertex 106.24 -3.63185 3
      vertex 106.228 -3.63612 3
    endloop
  endfacet
  facet normal 0.2613 -0.730581 0.630851
    outer loop
      vertex 106.24 -3.63185 3
      vertex 106.542 -5.25082 1
      vertex 106.713 -5.18966 1
    endloop
  endfacet
  facet normal 0.752558 0.188854 0.630864
    outer loop
      vertex 103.922 -7.96958 3
      vertex 105.48 -7.49703 1
      vertex 103.842 -7.65079 3
    endloop
  endfacet
  facet normal -0.106442 0.768746 0.630634
    outer loop
      vertex 107.611 -8.77445 1
      vertex 107.916 -10.3729 3
      vertex 107.929 -10.3711 3
    endloop
  endfacet
  facet normal -0.113603 0.767586 0.630798
    outer loop
      vertex 107.916 -10.3729 3
      vertex 107.611 -8.77445 1
      vertex 107.431 -8.80109 1
    endloop
  endfacet
  facet normal -0.346911 0.693821 0.631082
    outer loop
      vertex 108.122 -8.59155 1
      vertex 108.878 -10.0327 3
      vertex 108.889 -10.0272 3
    endloop
  endfacet
  facet normal -0.33197 0.701315 0.630835
    outer loop
      vertex 108.878 -10.0327 3
      vertex 108.122 -8.59155 1
      vertex 107.958 -8.66918 1
    endloop
  endfacet
  facet normal 0.398769 0.665678 0.630758
    outer loop
      vertex 105.6 -10.0207 3
      vertex 106.222 -8.49822 1
      vertex 105.318 -9.85177 3
    endloop
  endfacet
  facet normal -0.574575 0.521483 0.630808
    outer loop
      vertex 109.709 -9.41925 3
      vertex 109.93 -9.17575 3
      vertex 108.558 -8.26815 1
    endloop
  endfacet
  facet normal 0.574575 0.521483 0.630808
    outer loop
      vertex 104.791 -9.41925 3
      vertex 105.942 -8.26815 1
      vertex 104.57 -9.17575 3
    endloop
  endfacet
  facet normal -0.188409 -0.752694 0.630836
    outer loop
      vertex 108.26 -3.63185 3
      vertex 107.941 -3.552 3
      vertex 107.787 -5.18966 1
    endloop
  endfacet
  facet normal 0.261712 -0.730458 0.630824
    outer loop
      vertex 106.542 -5.25082 1
      vertex 106.228 -3.63612 3
      vertex 105.919 -3.74683 3
    endloop
  endfacet
  facet normal -0.462212 0.623303 0.630756
    outer loop
      vertex 109.182 -9.85177 3
      vertex 109.446 -9.656 3
      vertex 108.278 -8.49822 1
    endloop
  endfacet
  facet normal -0.59044 -0.503037 0.631137
    outer loop
      vertex 109.93 -4.74425 3
      vertex 108.68 -5.78637 1
      vertex 109.938 -4.75364 3
    endloop
  endfacet
  facet normal -0.574754 -0.521261 0.630829
    outer loop
      vertex 108.68 -5.78637 1
      vertex 109.93 -4.74425 3
      vertex 108.558 -5.65185 1
    endloop
  endfacet
  facet normal -0.73035 -0.261994 0.630832
    outer loop
      vertex 110.574 -5.93849 3
      vertex 110.463 -5.62906 3
      vertex 108.959 -6.25204 1
    endloop
  endfacet
  facet normal 0.331809 0.701404 0.630821
    outer loop
      vertex 105.919 -10.1732 3
      vertex 106.542 -8.66918 1
      vertex 105.622 -10.0327 3
    endloop
  endfacet
  facet normal 0.774915 0.0384616 0.630894
    outer loop
      vertex 103.788 -7.28824 3
      vertex 105.409 -7.14133 1
      vertex 105.4 -6.96 1
    endloop
  endfacet
  facet normal 0.77322 0.0611241 0.631185
    outer loop
      vertex 105.409 -7.14133 1
      vertex 103.788 -7.28824 3
      vertex 103.789 -7.30089 3
    endloop
  endfacet
  facet normal -0.73035 0.261994 0.630832
    outer loop
      vertex 110.463 -8.29094 3
      vertex 110.574 -7.98151 3
      vertex 108.959 -7.66796 1
    endloop
  endfacet
  facet normal 0.574575 -0.521483 0.630808
    outer loop
      vertex 105.942 -5.65185 1
      vertex 104.791 -4.50075 3
      vertex 104.57 -4.74425 3
    endloop
  endfacet
  facet normal 0.462212 0.623303 0.630756
    outer loop
      vertex 105.318 -9.85177 3
      vertex 106.222 -8.49822 1
      vertex 105.054 -9.656 3
    endloop
  endfacet
  facet normal -0.767615 0.113339 0.63081
    outer loop
      vertex 110.663 -7.62598 3
      vertex 110.711 -7.30089 3
      vertex 109.091 -7.14133 1
    endloop
  endfacet
  facet normal -0.774991 0.0377768 0.630842
    outer loop
      vertex 110.712 -7.28824 3
      vertex 110.728 -6.96 3
      vertex 109.1 -6.96 1
    endloop
  endfacet
  facet normal -0.665427 0.398954 0.630906
    outer loop
      vertex 110.142 -8.89222 3
      vertex 110.311 -8.61034 3
      vertex 108.788 -7.9878 1
    endloop
  endfacet
  facet normal 0.114061 0.767489 0.630833
    outer loop
      vertex 106.909 -10.4212 3
      vertex 107.069 -8.80109 1
      vertex 106.584 -10.3729 3
    endloop
  endfacet
  facet normal -0.331809 0.701404 0.630821
    outer loop
      vertex 108.581 -10.1732 3
      vertex 108.878 -10.0327 3
      vertex 107.958 -8.66918 1
    endloop
  endfacet
  facet normal -0.522216 0.573958 0.630764
    outer loop
      vertex 108.424 -8.39007 1
      vertex 109.466 -9.63995 3
      vertex 108.558 -8.26815 1
    endloop
  endfacet
  facet normal -0.502725 0.590746 0.6311
    outer loop
      vertex 109.466 -9.63995 3
      vertex 108.424 -8.39007 1
      vertex 109.456 -9.64846 3
    endloop
  endfacet
  facet normal -0.2613 -0.730581 0.630851
    outer loop
      vertex 107.958 -5.25082 1
      vertex 108.26 -3.63185 3
      vertex 107.787 -5.18966 1
    endloop
  endfacet
  facet normal -0.260089 -0.730929 0.630949
    outer loop
      vertex 108.26 -3.63185 3
      vertex 107.958 -5.25082 1
      vertex 108.272 -3.63612 3
    endloop
  endfacet
  facet normal -0.767614 -0.113343 0.630811
    outer loop
      vertex 110.711 -6.6191 3
      vertex 110.663 -6.29402 3
      vertex 109.091 -6.77867 1
    endloop
  endfacet
  facet normal -0.467129 -0.619535 0.630847
    outer loop
      vertex 109.446 -4.264 3
      vertex 108.424 -5.52993 1
      vertex 109.456 -4.27154 3
    endloop
  endfacet
  facet normal -0.461905 -0.623561 0.630726
    outer loop
      vertex 108.424 -5.52993 1
      vertex 109.446 -4.264 3
      vertex 108.278 -5.42178 1
    endloop
  endfacet
  facet normal -0.114061 0.767489 0.630833
    outer loop
      vertex 107.591 -10.4212 3
      vertex 107.916 -10.3729 3
      vertex 107.431 -8.80109 1
    endloop
  endfacet
  facet normal 0.767614 -0.113343 0.630811
    outer loop
      vertex 105.409 -6.77867 1
      vertex 103.837 -6.29402 3
      vertex 103.789 -6.6191 3
    endloop
  endfacet
  facet normal 0.701879 0.330763 0.630842
    outer loop
      vertex 104.177 -8.58802 3
      vertex 105.541 -7.66796 1
      vertex 104.037 -8.29094 3
    endloop
  endfacet
  facet normal 0.462212 -0.623303 0.630756
    outer loop
      vertex 106.222 -5.42178 1
      vertex 105.318 -4.06823 3
      vertex 105.054 -4.264 3
    endloop
  endfacet
  facet normal 0.188522 0.752673 0.630827
    outer loop
      vertex 106.559 -10.368 3
      vertex 106.713 -8.73034 1
      vertex 106.24 -10.2881 3
    endloop
  endfacet
  facet normal -0.0380413 0.775002 0.630813
    outer loop
      vertex 107.578 -10.4218 3
      vertex 107.25 -8.81 1
      vertex 107.25 -10.4379 3
    endloop
  endfacet
  facet normal -0.701879 -0.330763 0.630842
    outer loop
      vertex 110.463 -5.62906 3
      vertex 110.323 -5.33198 3
      vertex 108.959 -6.25204 1
    endloop
  endfacet
  facet normal -0.39838 -0.665888 0.630783
    outer loop
      vertex 108.278 -5.42178 1
      vertex 108.889 -3.89276 3
      vertex 108.122 -5.32845 1
    endloop
  endfacet
  facet normal -0.395085 -0.667578 0.631069
    outer loop
      vertex 108.889 -3.89276 3
      vertex 108.278 -5.42178 1
      vertex 108.9 -3.89927 3
    endloop
  endfacet
  facet normal -0.398769 0.665678 0.630758
    outer loop
      vertex 108.9 -10.0207 3
      vertex 109.182 -9.85177 3
      vertex 108.278 -8.49822 1
    endloop
  endfacet
  facet normal -0.331831 -0.7014 0.630814
    outer loop
      vertex 108.878 -3.88734 3
      vertex 108.581 -3.74683 3
      vertex 107.958 -5.25082 1
    endloop
  endfacet
  facet normal -0.188522 0.752673 0.630827
    outer loop
      vertex 107.941 -10.368 3
      vertex 108.26 -10.2881 3
      vertex 107.787 -8.73034 1
    endloop
  endfacet
  facet normal -0.677947 -0.374212 0.632735
    outer loop
      vertex 108.788 -5.93219 1
      vertex 110.317 -5.32053 3
      vertex 110.311 -5.30966 3
    endloop
  endfacet
  facet normal -0.664435 -0.401059 0.630617
    outer loop
      vertex 110.317 -5.32053 3
      vertex 108.788 -5.93219 1
      vertex 108.882 -6.08792 1
    endloop
  endfacet
  facet normal 0.461905 -0.623561 0.630726
    outer loop
      vertex 105.054 -4.264 3
      vertex 106.076 -5.52993 1
      vertex 106.222 -5.42178 1
    endloop
  endfacet
  facet normal 0.467129 -0.619535 0.630847
    outer loop
      vertex 106.076 -5.52993 1
      vertex 105.054 -4.264 3
      vertex 105.044 -4.27154 3
    endloop
  endfacet
  facet normal -0.394622 0.667822 0.6311
    outer loop
      vertex 108.278 -8.49822 1
      vertex 108.889 -10.0272 3
      vertex 108.9 -10.0207 3
    endloop
  endfacet
  facet normal -0.398383 0.665893 0.630775
    outer loop
      vertex 108.889 -10.0272 3
      vertex 108.278 -8.49822 1
      vertex 108.122 -8.59155 1
    endloop
  endfacet
  facet normal -0.752558 0.188854 0.630864
    outer loop
      vertex 110.578 -7.96958 3
      vertex 110.658 -7.65079 3
      vertex 109.02 -7.49703 1
    endloop
  endfacet
  facet normal 0.33197 0.701315 0.630835
    outer loop
      vertex 106.378 -8.59155 1
      vertex 105.622 -10.0327 3
      vertex 106.542 -8.66918 1
    endloop
  endfacet
  facet normal 0.346911 0.693821 0.631082
    outer loop
      vertex 105.622 -10.0327 3
      vertex 106.378 -8.59155 1
      vertex 105.611 -10.0272 3
    endloop
  endfacet
  facet normal -0.113876 -0.76752 0.630829
    outer loop
      vertex 107.916 -3.54706 3
      vertex 107.591 -3.49884 3
      vertex 107.431 -5.11891 1
    endloop
  endfacet
  facet normal 0.752558 -0.188854 0.630864
    outer loop
      vertex 105.48 -6.42297 1
      vertex 103.922 -5.95042 3
      vertex 103.842 -6.26921 3
    endloop
  endfacet
  facet normal -0.701879 0.330763 0.630842
    outer loop
      vertex 110.323 -8.58802 3
      vertex 110.463 -8.29094 3
      vertex 108.959 -7.66796 1
    endloop
  endfacet
  facet normal -0.521678 0.57439 0.630816
    outer loop
      vertex 109.466 -9.63995 3
      vertex 109.709 -9.41925 3
      vertex 108.558 -8.26815 1
    endloop
  endfacet
  facet normal -0.767191 0.115341 0.630963
    outer loop
      vertex 109.064 -7.32092 1
      vertex 110.663 -7.62598 3
      vertex 109.091 -7.14133 1
    endloop
  endfacet
  facet normal -0.766019 0.12227 0.631082
    outer loop
      vertex 110.663 -7.62598 3
      vertex 109.064 -7.32092 1
      vertex 110.661 -7.63851 3
    endloop
  endfacet
  facet normal 0.664424 0.401078 0.630616
    outer loop
      vertex 104.183 -8.59947 3
      vertex 105.712 -7.9878 1
      vertex 105.618 -7.83208 1
    endloop
  endfacet
  facet normal 0.677946 0.374211 0.632736
    outer loop
      vertex 105.712 -7.9878 1
      vertex 104.183 -8.59947 3
      vertex 104.189 -8.61034 3
    endloop
  endfacet
  facet normal 0.522216 0.573958 0.630764
    outer loop
      vertex 105.034 -9.63995 3
      vertex 106.076 -8.39007 1
      vertex 105.942 -8.26815 1
    endloop
  endfacet
  facet normal 0.502725 0.590746 0.6311
    outer loop
      vertex 106.076 -8.39007 1
      vertex 105.034 -9.63995 3
      vertex 105.044 -9.64846 3
    endloop
  endfacet
  facet normal -0.59044 0.503037 0.631137
    outer loop
      vertex 108.68 -8.13363 1
      vertex 109.93 -9.17575 3
      vertex 109.938 -9.16636 3
    endloop
  endfacet
  facet normal -0.574754 0.521261 0.630829
    outer loop
      vertex 109.93 -9.17575 3
      vertex 108.68 -8.13363 1
      vertex 108.558 -8.26815 1
    endloop
  endfacet
  facet normal 0.701879 -0.330763 0.630842
    outer loop
      vertex 105.541 -6.25204 1
      vertex 104.177 -5.33198 3
      vertex 104.037 -5.62906 3
    endloop
  endfacet
  facet normal -0.0381502 -0.774994 0.630816
    outer loop
      vertex 107.431 -5.11891 1
      vertex 107.578 -3.49822 3
      vertex 107.25 -5.11 1
    endloop
  endfacet
  facet normal -0.0369649 -0.775071 0.630792
    outer loop
      vertex 107.578 -3.49822 3
      vertex 107.431 -5.11891 1
      vertex 107.591 -3.49884 3
    endloop
  endfacet
  facet normal -0.68707 -0.360037 0.631117
    outer loop
      vertex 108.882 -6.08792 1
      vertex 110.323 -5.33198 3
      vertex 110.317 -5.32053 3
    endloop
  endfacet
  facet normal -0.702517 -0.329599 0.630742
    outer loop
      vertex 110.323 -5.33198 3
      vertex 108.882 -6.08792 1
      vertex 108.959 -6.25204 1
    endloop
  endfacet
  facet normal -0.623552 0.461795 0.630815
    outer loop
      vertex 108.68 -8.13363 1
      vertex 109.946 -9.15619 3
      vertex 108.788 -7.9878 1
    endloop
  endfacet
  facet normal -0.609666 0.47958 0.631118
    outer loop
      vertex 109.946 -9.15619 3
      vertex 108.68 -8.13363 1
      vertex 109.938 -9.16636 3
    endloop
  endfacet
  facet normal 0.73035 -0.261994 0.630832
    outer loop
      vertex 105.541 -6.25204 1
      vertex 104.037 -5.62906 3
      vertex 103.926 -5.93849 3
    endloop
  endfacet
  facet normal 0.331831 -0.7014 0.630814
    outer loop
      vertex 106.542 -5.25082 1
      vertex 105.919 -3.74683 3
      vertex 105.622 -3.88734 3
    endloop
  endfacet
  facet normal 0.521678 -0.57439 0.630816
    outer loop
      vertex 105.942 -5.65185 1
      vertex 105.034 -4.28005 3
      vertex 104.791 -4.50075 3
    endloop
  endfacet
  facet normal -0.256214 0.73204 0.631246
    outer loop
      vertex 107.958 -8.66918 1
      vertex 108.26 -10.2881 3
      vertex 108.272 -10.2839 3
    endloop
  endfacet
  facet normal -0.261303 0.73059 0.63084
    outer loop
      vertex 108.26 -10.2881 3
      vertex 107.958 -8.66918 1
      vertex 107.787 -8.73034 1
    endloop
  endfacet
  facet normal 0.342877 -0.695876 0.631024
    outer loop
      vertex 106.378 -5.32845 1
      vertex 105.622 -3.88734 3
      vertex 105.611 -3.89276 3
    endloop
  endfacet
  facet normal 0.331973 -0.701321 0.630827
    outer loop
      vertex 105.622 -3.88734 3
      vertex 106.378 -5.32845 1
      vertex 106.542 -5.25082 1
    endloop
  endfacet
  facet normal 0.773224 -0.0610762 0.631185
    outer loop
      vertex 103.788 -6.63176 3
      vertex 105.409 -6.77867 1
      vertex 103.789 -6.6191 3
    endloop
  endfacet
  facet normal 0.774915 -0.0384616 0.630894
    outer loop
      vertex 105.409 -6.77867 1
      vertex 103.788 -6.63176 3
      vertex 105.4 -6.96 1
    endloop
  endfacet
  facet normal 0.521678 0.57439 0.630816
    outer loop
      vertex 105.034 -9.63995 3
      vertex 105.942 -8.26815 1
      vertex 104.791 -9.41925 3
    endloop
  endfacet
  facet normal 0.574754 0.521261 0.630829
    outer loop
      vertex 105.82 -8.13363 1
      vertex 104.57 -9.17575 3
      vertex 105.942 -8.26815 1
    endloop
  endfacet
  facet normal 0.59044 0.503037 0.631137
    outer loop
      vertex 104.57 -9.17575 3
      vertex 105.82 -8.13363 1
      vertex 104.562 -9.16636 3
    endloop
  endfacet
  facet normal -0.574575 -0.521483 0.630808
    outer loop
      vertex 109.93 -4.74425 3
      vertex 109.709 -4.50075 3
      vertex 108.558 -5.65185 1
    endloop
  endfacet
  facet normal 0.188629 0.752635 0.63084
    outer loop
      vertex 106.713 -8.73034 1
      vertex 106.571 -10.3711 3
      vertex 106.889 -8.77445 1
    endloop
  endfacet
  facet normal 0.194165 0.751606 0.630388
    outer loop
      vertex 106.571 -10.3711 3
      vertex 106.713 -8.73034 1
      vertex 106.559 -10.368 3
    endloop
  endfacet
  facet normal -0.521678 -0.57439 0.630816
    outer loop
      vertex 109.709 -4.50075 3
      vertex 109.466 -4.28005 3
      vertex 108.558 -5.65185 1
    endloop
  endfacet
  facet normal 0.398821 -0.665646 0.630759
    outer loop
      vertex 106.222 -5.42178 1
      vertex 105.6 -3.89927 3
      vertex 105.318 -4.06823 3
    endloop
  endfacet
  facet normal -0.0381119 -0.774998 0.630813
    outer loop
      vertex 107.578 -3.49822 3
      vertex 107.25 -3.48209 3
      vertex 107.25 -5.11 1
    endloop
  endfacet
  facet normal 0.734792 -0.246368 0.631969
    outer loop
      vertex 103.922 -5.95042 3
      vertex 105.541 -6.25204 1
      vertex 103.926 -5.93849 3
    endloop
  endfacet
  facet normal 0.730749 -0.260783 0.63087
    outer loop
      vertex 105.541 -6.25204 1
      vertex 103.922 -5.95042 3
      vertex 105.48 -6.42297 1
    endloop
  endfacet
  facet normal -0.665428 -0.398955 0.630904
    outer loop
      vertex 110.311 -5.30966 3
      vertex 110.142 -5.02778 3
      vertex 108.788 -5.93219 1
    endloop
  endfacet
  facet normal 0.188409 -0.752694 0.630836
    outer loop
      vertex 106.713 -5.18966 1
      vertex 106.559 -3.552 3
      vertex 106.24 -3.63185 3
    endloop
  endfacet
  facet normal -0.261712 -0.730458 0.630824
    outer loop
      vertex 108.581 -3.74683 3
      vertex 108.272 -3.63612 3
      vertex 107.958 -5.25082 1
    endloop
  endfacet
  facet normal -0.462212 -0.623303 0.630756
    outer loop
      vertex 109.446 -4.264 3
      vertex 109.182 -4.06823 3
      vertex 108.278 -5.42178 1
    endloop
  endfacet
  facet normal 0.68707 -0.360037 0.631117
    outer loop
      vertex 104.177 -5.33198 3
      vertex 105.618 -6.08792 1
      vertex 104.183 -5.32053 3
    endloop
  endfacet
  facet normal 0.702517 -0.329599 0.630742
    outer loop
      vertex 105.618 -6.08792 1
      vertex 104.177 -5.33198 3
      vertex 105.541 -6.25204 1
    endloop
  endfacet
  facet normal 0.574754 -0.521261 0.630829
    outer loop
      vertex 104.57 -4.74425 3
      vertex 105.82 -5.78637 1
      vertex 105.942 -5.65185 1
    endloop
  endfacet
  facet normal 0.59044 -0.503037 0.631137
    outer loop
      vertex 105.82 -5.78637 1
      vertex 104.57 -4.74425 3
      vertex 104.562 -4.75364 3
    endloop
  endfacet
  facet normal -0.622933 -0.462533 0.630886
    outer loop
      vertex 110.142 -5.02778 3
      vertex 109.946 -4.76381 3
      vertex 108.788 -5.93219 1
    endloop
  endfacet
  facet normal -0.609666 -0.47958 0.631118
    outer loop
      vertex 108.68 -5.78637 1
      vertex 109.946 -4.76381 3
      vertex 109.938 -4.75364 3
    endloop
  endfacet
  facet normal -0.623537 -0.461816 0.630816
    outer loop
      vertex 109.946 -4.76381 3
      vertex 108.68 -5.78637 1
      vertex 108.788 -5.93219 1
    endloop
  endfacet
  facet normal -0.702517 0.329599 0.630742
    outer loop
      vertex 108.882 -7.83208 1
      vertex 110.323 -8.58802 3
      vertex 108.959 -7.66796 1
    endloop
  endfacet
  facet normal -0.68707 0.360037 0.631117
    outer loop
      vertex 110.323 -8.58802 3
      vertex 108.882 -7.83208 1
      vertex 110.317 -8.59947 3
    endloop
  endfacet
  facet normal -0.0357759 0.775144 0.630771
    outer loop
      vertex 107.431 -8.80109 1
      vertex 107.578 -10.4218 3
      vertex 107.591 -10.4212 3
    endloop
  endfacet
  facet normal -0.0381501 0.77499 0.630821
    outer loop
      vertex 107.578 -10.4218 3
      vertex 107.431 -8.80109 1
      vertex 107.25 -8.81 1
    endloop
  endfacet
  facet normal -0.664424 0.401078 0.630616
    outer loop
      vertex 108.788 -7.9878 1
      vertex 110.317 -8.59947 3
      vertex 108.882 -7.83208 1
    endloop
  endfacet
  facet normal -0.677946 0.374211 0.632736
    outer loop
      vertex 110.317 -8.59947 3
      vertex 108.788 -7.9878 1
      vertex 110.311 -8.61034 3
    endloop
  endfacet
  facet normal 0.774991 0.0377768 0.630842
    outer loop
      vertex 103.788 -7.28824 3
      vertex 105.4 -6.96 1
      vertex 103.772 -6.96 3
    endloop
  endfacet
  facet normal -0.331973 -0.701321 0.630827
    outer loop
      vertex 108.122 -5.32845 1
      vertex 108.878 -3.88734 3
      vertex 107.958 -5.25082 1
    endloop
  endfacet
  facet normal -0.342877 -0.695876 0.631024
    outer loop
      vertex 108.878 -3.88734 3
      vertex 108.122 -5.32845 1
      vertex 108.889 -3.89276 3
    endloop
  endfacet
  facet normal 0.752719 0.188062 0.630909
    outer loop
      vertex 103.839 -7.63851 3
      vertex 105.48 -7.49703 1
      vertex 105.436 -7.32092 1
    endloop
  endfacet
  facet normal 0.753444 0.184066 0.631222
    outer loop
      vertex 105.48 -7.49703 1
      vertex 103.839 -7.63851 3
      vertex 103.842 -7.65079 3
    endloop
  endfacet
  facet normal -0.502725 -0.590746 0.6311
    outer loop
      vertex 108.424 -5.52993 1
      vertex 109.466 -4.28005 3
      vertex 109.456 -4.27154 3
    endloop
  endfacet
  facet normal -0.522216 -0.573958 0.630764
    outer loop
      vertex 109.466 -4.28005 3
      vertex 108.424 -5.52993 1
      vertex 108.558 -5.65185 1
    endloop
  endfacet
  facet normal -0.752558 -0.188854 0.630864
    outer loop
      vertex 110.658 -6.26921 3
      vertex 110.578 -5.95042 3
      vertex 109.02 -6.42297 1
    endloop
  endfacet
  facet normal 0.502725 -0.590746 0.6311
    outer loop
      vertex 105.034 -4.28005 3
      vertex 106.076 -5.52993 1
      vertex 105.044 -4.27154 3
    endloop
  endfacet
  facet normal 0.522216 -0.573958 0.630764
    outer loop
      vertex 106.076 -5.52993 1
      vertex 105.034 -4.28005 3
      vertex 105.942 -5.65185 1
    endloop
  endfacet
  facet normal 0.767191 0.115341 0.630963
    outer loop
      vertex 103.837 -7.62598 3
      vertex 105.436 -7.32092 1
      vertex 105.409 -7.14133 1
    endloop
  endfacet
  facet normal 0.766019 0.12227 0.631082
    outer loop
      vertex 105.436 -7.32092 1
      vertex 103.837 -7.62598 3
      vertex 103.839 -7.63851 3
    endloop
  endfacet
  facet normal 0.622932 0.462533 0.630887
    outer loop
      vertex 104.554 -9.15619 3
      vertex 105.712 -7.9878 1
      vertex 104.358 -8.89222 3
    endloop
  endfacet
  facet normal 0.665427 0.398954 0.630906
    outer loop
      vertex 104.358 -8.89222 3
      vertex 105.712 -7.9878 1
      vertex 104.189 -8.61034 3
    endloop
  endfacet
  facet normal 0.0380413 0.775002 0.630813
    outer loop
      vertex 107.25 -10.4379 3
      vertex 107.25 -8.81 1
      vertex 106.922 -10.4218 3
    endloop
  endfacet
  facet normal 0.113876 -0.76752 0.630829
    outer loop
      vertex 107.069 -5.11891 1
      vertex 106.909 -3.49884 3
      vertex 106.584 -3.54706 3
    endloop
  endfacet
  facet normal 0.398383 0.665893 0.630775
    outer loop
      vertex 106.222 -8.49822 1
      vertex 105.611 -10.0272 3
      vertex 106.378 -8.59155 1
    endloop
  endfacet
  facet normal 0.394622 0.667822 0.6311
    outer loop
      vertex 105.611 -10.0272 3
      vertex 106.222 -8.49822 1
      vertex 105.6 -10.0207 3
    endloop
  endfacet
  facet normal 0.0381501 0.77499 0.630821
    outer loop
      vertex 107.069 -8.80109 1
      vertex 106.922 -10.4218 3
      vertex 107.25 -8.81 1
    endloop
  endfacet
  facet normal 0.0357759 0.775144 0.630771
    outer loop
      vertex 106.922 -10.4218 3
      vertex 107.069 -8.80109 1
      vertex 106.909 -10.4212 3
    endloop
  endfacet
  facet normal 0.774991 -0.0377768 0.630842
    outer loop
      vertex 105.4 -6.96 1
      vertex 103.788 -6.63176 3
      vertex 103.772 -6.96 3
    endloop
  endfacet
  facet normal -0.753444 -0.184066 0.631222
    outer loop
      vertex 109.02 -6.42297 1
      vertex 110.661 -6.28149 3
      vertex 110.658 -6.26921 3
    endloop
  endfacet
  facet normal -0.752719 -0.188062 0.630909
    outer loop
      vertex 110.661 -6.28149 3
      vertex 109.02 -6.42297 1
      vertex 109.064 -6.59908 1
    endloop
  endfacet
  facet normal -0.766019 -0.12227 0.631082
    outer loop
      vertex 109.064 -6.59908 1
      vertex 110.663 -6.29402 3
      vertex 110.661 -6.28149 3
    endloop
  endfacet
  facet normal -0.767191 -0.115341 0.630963
    outer loop
      vertex 110.663 -6.29402 3
      vertex 109.064 -6.59908 1
      vertex 109.091 -6.77867 1
    endloop
  endfacet
  facet normal 0.766019 -0.12227 0.631082
    outer loop
      vertex 103.837 -6.29402 3
      vertex 105.436 -6.59908 1
      vertex 103.839 -6.28149 3
    endloop
  endfacet
  facet normal 0.767191 -0.115341 0.630963
    outer loop
      vertex 105.436 -6.59908 1
      vertex 103.837 -6.29402 3
      vertex 105.409 -6.77867 1
    endloop
  endfacet
  facet normal 0.753444 -0.184066 0.631222
    outer loop
      vertex 103.839 -6.28149 3
      vertex 105.48 -6.42297 1
      vertex 103.842 -6.26921 3
    endloop
  endfacet
  facet normal 0.752719 -0.188062 0.630909
    outer loop
      vertex 105.48 -6.42297 1
      vertex 103.839 -6.28149 3
      vertex 105.436 -6.59908 1
    endloop
  endfacet
  facet normal 0.192971 -0.751834 0.630483
    outer loop
      vertex 106.713 -5.18966 1
      vertex 106.571 -3.54892 3
      vertex 106.559 -3.552 3
    endloop
  endfacet
  facet normal 0.18863 -0.752639 0.630835
    outer loop
      vertex 106.571 -3.54892 3
      vertex 106.713 -5.18966 1
      vertex 106.889 -5.14555 1
    endloop
  endfacet
  facet normal 0.109909 -0.768182 0.630727
    outer loop
      vertex 106.889 -5.14555 1
      vertex 106.584 -3.54706 3
      vertex 106.571 -3.54892 3
    endloop
  endfacet
  facet normal 0.113602 -0.767578 0.630807
    outer loop
      vertex 106.584 -3.54706 3
      vertex 106.889 -5.14555 1
      vertex 107.069 -5.11891 1
    endloop
  endfacet
  facet normal 0.395085 -0.667578 0.631069
    outer loop
      vertex 106.222 -5.42178 1
      vertex 105.611 -3.89276 3
      vertex 105.6 -3.89927 3
    endloop
  endfacet
  facet normal 0.39838 -0.665888 0.630783
    outer loop
      vertex 105.611 -3.89276 3
      vertex 106.222 -5.42178 1
      vertex 106.378 -5.32845 1
    endloop
  endfacet
  facet normal -0.113602 -0.767578 0.630807
    outer loop
      vertex 107.611 -5.14555 1
      vertex 107.916 -3.54706 3
      vertex 107.431 -5.11891 1
    endloop
  endfacet
  facet normal -0.109909 -0.768182 0.630727
    outer loop
      vertex 107.916 -3.54706 3
      vertex 107.611 -5.14555 1
      vertex 107.929 -3.54892 3
    endloop
  endfacet
  facet normal -0.18863 -0.752639 0.630835
    outer loop
      vertex 107.787 -5.18966 1
      vertex 107.929 -3.54892 3
      vertex 107.611 -5.14555 1
    endloop
  endfacet
  facet normal -0.192971 -0.751834 0.630483
    outer loop
      vertex 107.929 -3.54892 3
      vertex 107.787 -5.18966 1
      vertex 107.941 -3.552 3
    endloop
  endfacet
  facet normal 0 0 -1
    outer loop
      vertex 0 5 6.8
      vertex 143 16 6.8
      vertex 143 5 6.8
    endloop
  endfacet
  facet normal -0 0 -1
    outer loop
      vertex 143 16 6.8
      vertex 0 5 6.8
      vertex 0 16 6.8
    endloop
  endfacet
  facet normal -0 0 1
    outer loop
      vertex 0 16 2.4
      vertex 143 5 2.4
      vertex 143 16 2.4
    endloop
  endfacet
  facet normal 0 0 1
    outer loop
      vertex 143 5 2.4
      vertex 0 16 2.4
      vertex 0 5 2.4
    endloop
  endfacet
  facet normal 0 1 -0
    outer loop
      vertex 143 5 2.4
      vertex 0 5 6.8
      vertex 143 5 6.8
    endloop
  endfacet
  facet normal 0 1 0
    outer loop
      vertex 0 5 6.8
      vertex 143 5 2.4
      vertex 0 5 2.4
    endloop
  endfacet
  facet normal -1 0 0
    outer loop
      vertex 16 1.1 2
      vertex 16 3.9 7.2
      vertex 16 3.9 2
    endloop
  endfacet
  facet normal -1 -0 0
    outer loop
      vertex 16 3.9 7.2
      vertex 16 1.1 2
      vertex 16 1.1 7.2
    endloop
  endfacet
  facet normal 0 0 -1
    outer loop
      vertex 0 1.1 7.2
      vertex 16 3.9 7.2
      vertex 16 1.1 7.2
    endloop
  endfacet
  facet normal -0 0 -1
    outer loop
      vertex 16 3.9 7.2
      vertex 0 1.1 7.2
      vertex 0 3.9 7.2
    endloop
  endfacet
  facet normal -0 0 1
    outer loop
      vertex 0 3.9 2
      vertex 16 1.1 2
      vertex 16 3.9 2
    endloop
  endfacet
  facet normal 0 0 1
    outer loop
      vertex 16 1.1 2
      vertex 0 3.9 2
      vertex 0 1.1 2
    endloop
  endfacet
  facet normal 0 -1 0
    outer loop
      vertex 0 3.9 2
      vertex 16 3.9 7.2
      vertex 0 3.9 7.2
    endloop
  endfacet
  facet normal 0 -1 -0
    outer loop
      vertex 16 3.9 7.2
      vertex 0 3.9 2
      vertex 16 3.9 2
    endloop
  endfacet
  facet normal 0 1 -0
    outer loop
      vertex 16 1.1 2
      vertex 0 1.1 7.2
      vertex 16 1.1 7.2
    endloop
  endfacet
  facet normal 0 1 0
    outer loop
      vertex 0 1.1 7.2
      vertex 16 1.1 2
      vertex 0 1.1 2
    endloop
  endfacet
  facet normal 0 0 -1
    outer loop
      vertex 127 1.1 7.2
      vertex 143 3.9 7.2
      vertex 143 1.1 7.2
    endloop
  endfacet
  facet normal -0 0 -1
    outer loop
      vertex 143 3.9 7.2
      vertex 127 1.1 7.2
      vertex 127 3.9 7.2
    endloop
  endfacet
  facet normal -0 0 1
    outer loop
      vertex 127 3.9 2
      vertex 143 1.1 2
      vertex 143 3.9 2
    endloop
  endfacet
  facet normal 0 0 1
    outer loop
      vertex 143 1.1 2
      vertex 127 3.9 2
      vertex 127 1.1 2
    endloop
  endfacet
  facet normal 1 -0 0
    outer loop
      vertex 127 1.1 7.2
      vertex 127 3.9 2
      vertex 127 3.9 7.2
    endloop
  endfacet
  facet normal 1 0 0
    outer loop
      vertex 127 3.9 2
      vertex 127 1.1 7.2
      vertex 127 1.1 2
    endloop
  endfacet
  facet normal 0 -1 0
    outer loop
      vertex 127 3.9 2
      vertex 143 3.9 7.2
      vertex 127 3.9 7.2
    endloop
  endfacet
  facet normal 0 -1 -0
    outer loop
      vertex 143 3.9 7.2
      vertex 127 3.9 2
      vertex 143 3.9 2
    endloop
  endfacet
  facet normal 0 1 -0
    outer loop
      vertex 143 1.1 2
      vertex 127 1.1 7.2
      vertex 143 1.1 7.2
    endloop
  endfacet
  facet normal 0 1 0
    outer loop
      vertex 127 1.1 7.2
      vertex 143 1.1 2
      vertex 127 1.1 2
    endloop
  endfacet
endsolid OpenSCAD_Model
