[warning]	2026-08-21 21:55:44.305048[Thread 0x00007f2358694fc0]:300 @ AnycubicContext
[warning]	2026-08-21 21:55:44.305174[Thread 0x00007f2358694fc0]:321 @ OnInitByApp
[warning]	2026-08-21 21:55:44.324029[Thread 0x00007f2358694fc0]:21:55:44: Error: Failed to add custom font "/opt/AnycubicSlicerNext/share/resources/fonts/HarmonyOS_Sans_SC_Bold.ttf".
[warning]	2026-08-21 21:55:44.324101[Thread 0x00007f2358694fc0]:21:55:44: Error: Failed to add custom font "/opt/AnycubicSlicerNext/share/resources/fonts/HarmonyOS_Sans_SC_Regular.ttf".
[warning]	2026-08-21 21:55:44.324124[Thread 0x00007f2358694fc0]:21:55:44: Error: Failed to add custom font "/opt/AnycubicSlicerNext/share/resources/fonts/NanumGothic-Regular.ttf".
[warning]	2026-08-21 21:55:44.324153[Thread 0x00007f2358694fc0]:21:55:44: Error: Failed to add custom font "/opt/AnycubicSlicerNext/share/resources/fonts/NanumGothic-Bold.ttf".
[warning]	2026-08-21 21:55:44.333557[Thread 0x00007f2358694fc0]:Can't find HarmonyOS Sans SC font
[warning]	2026-08-21 21:55:44.335271[Thread 0x00007f2358694fc0]:Use system font instead: Noto Sans
[warning]	2026-08-21 21:55:44.335344[Thread 0x00007f2358694fc0]:Can't find HarmonyOS Sans SC font
[warning]	2026-08-21 21:55:44.335354[Thread 0x00007f2358694fc0]:Use system font instead: Noto Sans
[warning]	2026-08-21 21:55:44.335370[Thread 0x00007f2358694fc0]:Can't find HarmonyOS Sans SC font
[warning]	2026-08-21 21:55:44.335375[Thread 0x00007f2358694fc0]:Use system font instead: Noto Sans
[warning]	2026-08-21 21:55:44.335388[Thread 0x00007f2358694fc0]:Can't find HarmonyOS Sans SC font
[warning]	2026-08-21 21:55:44.335393[Thread 0x00007f2358694fc0]:Use system font instead: Noto Sans
[warning]	2026-08-21 21:55:44.335405[Thread 0x00007f2358694fc0]:Can't find HarmonyOS Sans SC font
[warning]	2026-08-21 21:55:44.335410[Thread 0x00007f2358694fc0]:Use system font instead: Noto Sans
[warning]	2026-08-21 21:55:44.335422[Thread 0x00007f2358694fc0]:Can't find HarmonyOS Sans SC font
[warning]	2026-08-21 21:55:44.335427[Thread 0x00007f2358694fc0]:Use system font instead: Noto Sans
[warning]	2026-08-21 21:55:44.335439[Thread 0x00007f2358694fc0]:Can't find HarmonyOS Sans SC font
[warning]	2026-08-21 21:55:44.335443[Thread 0x00007f2358694fc0]:Use system font instead: Noto Sans
[warning]	2026-08-21 21:55:44.335455[Thread 0x00007f2358694fc0]:Can't find HarmonyOS Sans SC font
[warning]	2026-08-21 21:55:44.335460[Thread 0x00007f2358694fc0]:Use system font instead: Noto Sans
[warning]	2026-08-21 21:55:44.335472[Thread 0x00007f2358694fc0]:Can't find HarmonyOS Sans SC font
[warning]	2026-08-21 21:55:44.335477[Thread 0x00007f2358694fc0]:Use system font instead: Noto Sans
[warning]	2026-08-21 21:55:44.335490[Thread 0x00007f2358694fc0]:Can't find HarmonyOS Sans SC font
[warning]	2026-08-21 21:55:44.335494[Thread 0x00007f2358694fc0]:Use system font instead: Noto Sans
[warning]	2026-08-21 21:55:44.335510[Thread 0x00007f2358694fc0]:Can't find HarmonyOS Sans SC font
[warning]	2026-08-21 21:55:44.335515[Thread 0x00007f2358694fc0]:Use system font instead: Noto Sans
[warning]	2026-08-21 21:55:44.335527[Thread 0x00007f2358694fc0]:Can't find HarmonyOS Sans SC font
[warning]	2026-08-21 21:55:44.335532[Thread 0x00007f2358694fc0]:Use system font instead: Noto Sans
[warning]	2026-08-21 21:55:44.335546[Thread 0x00007f2358694fc0]:Can't find HarmonyOS Sans SC font
[warning]	2026-08-21 21:55:44.335551[Thread 0x00007f2358694fc0]:Use system font instead: Noto Sans
[warning]	2026-08-21 21:55:44.335564[Thread 0x00007f2358694fc0]:Can't find HarmonyOS Sans SC font
[warning]	2026-08-21 21:55:44.335569[Thread 0x00007f2358694fc0]:Use system font instead: Noto Sans
[warning]	2026-08-21 21:55:44.335584[Thread 0x00007f2358694fc0]:Can't find HarmonyOS Sans SC font
[warning]	2026-08-21 21:55:44.335589[Thread 0x00007f2358694fc0]:Use system font instead: Noto Sans
[warning]	2026-08-21 21:55:44.335605[Thread 0x00007f2358694fc0]:Can't find HarmonyOS Sans SC font
[warning]	2026-08-21 21:55:44.335610[Thread 0x00007f2358694fc0]:Use system font instead: Noto Sans
[warning]	2026-08-21 21:55:44.335624[Thread 0x00007f2358694fc0]:Can't find HarmonyOS Sans SC font
[warning]	2026-08-21 21:55:44.335630[Thread 0x00007f2358694fc0]:Use system font instead: Noto Sans
[warning]	2026-08-21 21:55:44.335644[Thread 0x00007f2358694fc0]:Can't find HarmonyOS Sans SC font
[warning]	2026-08-21 21:55:44.335649[Thread 0x00007f2358694fc0]:Use system font instead: Noto Sans
[warning]	2026-08-21 21:55:44.335662[Thread 0x00007f2358694fc0]:Can't find HarmonyOS Sans SC font
[warning]	2026-08-21 21:55:44.335668[Thread 0x00007f2358694fc0]:Use system font instead: Noto Sans
[warning]	2026-08-21 21:55:44.335683[Thread 0x00007f2358694fc0]:Can't find HarmonyOS Sans SC font
[warning]	2026-08-21 21:55:44.335689[Thread 0x00007f2358694fc0]:Use system font instead: Noto Sans
[warning]	2026-08-21 21:55:44.335702[Thread 0x00007f2358694fc0]:Can't find HarmonyOS Sans SC font
[warning]	2026-08-21 21:55:44.335711[Thread 0x00007f2358694fc0]:Use system font instead: Noto Sans
[warning]	2026-08-21 21:55:44.335733[Thread 0x00007f2358694fc0]:Can't find HarmonyOS Sans SC font
[warning]	2026-08-21 21:55:44.335741[Thread 0x00007f2358694fc0]:Use system font instead: Noto Sans
[warning]	2026-08-21 21:55:44.368656[Thread 0x00007f2358694fc0]:Can't find HarmonyOS Sans SC font
[warning]	2026-08-21 21:55:44.368690[Thread 0x00007f2358694fc0]:Use system font instead: Noto Sans
[warning]	2026-08-21 21:55:44.368714[Thread 0x00007f2358694fc0]:Can't find HarmonyOS Sans SC font
[warning]	2026-08-21 21:55:44.368721[Thread 0x00007f2358694fc0]:Use system font instead: Noto Sans
[warning]	2026-08-21 21:55:44.368737[Thread 0x00007f2358694fc0]:Can't find HarmonyOS Sans SC font
[warning]	2026-08-21 21:55:44.368742[Thread 0x00007f2358694fc0]:Use system font instead: Noto Sans
[warning]	2026-08-21 21:55:44.368757[Thread 0x00007f2358694fc0]:Can't find HarmonyOS Sans SC font
[warning]	2026-08-21 21:55:44.368762[Thread 0x00007f2358694fc0]:Use system font instead: Noto Sans
[warning]	2026-08-21 21:55:44.385375[Thread 0x00007f2358694fc0]:Can't find HarmonyOS Sans SC font
[warning]	2026-08-21 21:55:44.385413[Thread 0x00007f2358694fc0]:Use system font instead: Noto Sans
[warning]	2026-08-21 21:55:44.394595[Thread 0x00007f2358694fc0]:Can't find HarmonyOS Sans SC font
[warning]	2026-08-21 21:55:44.394628[Thread 0x00007f2358694fc0]:Use system font instead: Noto Sans
[warning]	2026-08-21 21:55:44.400004[Thread 0x00007f2358694fc0]:Can't find HarmonyOS Sans SC font
[warning]	2026-08-21 21:55:44.400047[Thread 0x00007f2358694fc0]:Use system font instead: Noto Sans
[warning]	2026-08-21 21:55:44.442964[Thread 0x00007f2358694fc0]:Can't find HarmonyOS Sans SC font
[warning]	2026-08-21 21:55:44.443018[Thread 0x00007f2358694fc0]:Use system font instead: Noto Sans
[error]	2026-08-21 21:55:45.866987[Thread 0x00007f2358694fc0]:can not find parent for config /home/stefan/.config/AnycubicSlicerNext/user/804401/process/0.20mm PLA HS Toy Fast.json!
[warning]	2026-08-21 21:55:46.161176[Thread 0x00007f2358694fc0]:09:55:46 PM: Using fixed edge version
[warning]	2026-08-21 21:55:46.320159[Thread 0x00007f2358694fc0]:09:55:46 PM: Using fixed edge version
[warning]	2026-08-21 21:55:46.332106[Thread 0x00007f2358694fc0]:09:55:46 PM: Using fixed edge version
[warning]	2026-08-21 21:55:46.352934[Thread 0x00007f2358694fc0]:09:55:46 PM: Using fixed edge version
[warning]	2026-08-21 21:55:46.467390[Thread 0x00007f2358694fc0]:Can't find HarmonyOS Sans SC font
[warning]	2026-08-21 21:55:46.467421[Thread 0x00007f2358694fc0]:Use system font instead: Noto Sans
[warning]	2026-08-21 21:55:46.821386[Thread 0x00007f2358694fc0]:WorkbenchPanel
[warning]	2026-08-21 21:55:46.915637[Thread 0x00007f2358694fc0]:09:55:46 PM: Using fixed edge version
[error]	2026-08-21 21:55:46.998217[Thread 0x00007f22c6be56c0]:File Metadata/plate_1.png not found from archive
[error]	2026-08-21 21:55:46.999741[Thread 0x00007f22c67e46c0]:Unable to open the file/home/stefan/Downloads/shark_clip_anycubic (1).3mf
[error]	2026-08-21 21:55:47.000907[Thread 0x00007f2358694fc0]:File Metadata/plate_1.png not found from archive
[error]	2026-08-21 21:55:47.001857[Thread 0x00007f22c67e46c0]:Unable to open the file/home/stefan/Projekte/3d_models/toilettpaper_stand/2/ZEN_KINTSUGI_WAVE_FIFO_5R_HYBRID_v2.0.0(2)/ZEN_KINTSUGI_WAVE_FIFO_5R_HYBRID_v2.0.0/ZEN_KINTSUGI_WAVE_5R_HYBRID_assembly.3mf
[error]	2026-08-21 21:55:47.001994[Thread 0x00007f2358694fc0]:File Metadata/plate_1.png not found from archive
[error]	2026-08-21 21:55:47.002589[Thread 0x00007f22c3ffd6c0]:File Metadata/plate_1.png not found from archive
[warning]	2026-08-21 21:55:47.090546[Thread 0x00007f2358694fc0]:09:55:47 PM: Error: Directory '/opt/AnycubicSlicerNext/share/resources/report' couldn't be created (error 13: Permission denied)
[error]	2026-08-21 21:55:47.090576[Thread 0x00007f2358694fc0]:Create fullpath Err : 
[warning]	2026-08-21 21:55:47.124273[Thread 0x00007f2358694fc0]:393 @ OnInitByGui
[warning]	2026-08-21 21:55:47.867042[Thread 0x00007f2358694fc0]:UrlFullPage:  file:////opt/AnycubicSlicerNext/share/resources/web/homepage/homebody.html?lang=en_US&prod=1&regionCn=0&isDark=1&account=1&pcid=7DE35F9ECFAD0D749C3926E0964F5A0A
[warning]	2026-08-21 21:55:47.873419[Thread 0x00007f2358694fc0]:UrlFullPage:  file:////opt/AnycubicSlicerNext/share/resources/web/homepage/leftmenu.html?lang=en_US&prod=1&regionCn=0&isDark=1&account=1&pcid=7DE35F9ECFAD0D749C3926E0964F5A0A
[warning]	2026-08-21 21:55:47.880641[Thread 0x00007f2358694fc0]:UrlFullPage:  https://www.makeronline.com/en/slicerNext/allModel?lang=en_US&prod=1&regionCn=0&isDark=1&account=1&pcid=7DE35F9ECFAD0D749C3926E0964F5A0A
[warning]	2026-08-21 21:55:47.906327[Thread 0x00007f2358694fc0]:UrlFullPage:  https://www.makeronline.com/en/slicerNext/collAndlike?lang=en_US&prod=1&regionCn=0&isDark=1&account=1&pcid=7DE35F9ECFAD0D749C3926E0964F5A0A
[warning]	2026-08-21 21:55:47.907193[Thread 0x00007f2358694fc0]:440 @ OnFinishedByGui
[warning]	2026-08-21 21:55:47.907912[Thread 0x00007f2358694fc0]:AnycubicContext::login, accessToken = eyJhbGciOiJSUzI1NiIsImtpZCI6ImFjX2FwcF9jcnQiLCJ0eXAiOiJKV1QifQ.eyJpZCI6IjYyNWU1ZGZhLTIyOTQtNDNiYy1iYzUyLTdmZjk1YjlmOGY5NSIsImVtYWlsIjoic3RlZmFuQHN0ZWZhbmp1bmsuY29tIiwicGhvbmUiOiIiLCJlbWFpbF92ZXJpZmllZCI6dHJ1ZSwidG9rZW5UeXBlIjoiYWNjZXNzLXRva2VuIiwic2NvcGUiOiJyZWFkIiwiaXNzIjoiaHR0cHM6Ly91Yy5tYWtlcm9ubGluZS5jb20iLCJzdWIiOiI2MjVlNWRmYS0yMjk0LTQzYmMtYmM1Mi03ZmY5NWI5ZjhmOTUiLCJhdWQiOlsiYjI2OWEzMTM2ZDI2YWM2NDg4YmIiXSwiZXhwIjoxNzk1MDk0NDIwLCJuYmYiOjE3ODczMTg0MjAsImlhdCI6MTc4NzMxODQyMCwianRpIjoiYWRtaW4vZjUyY2U4OWUtYjc1My00ZmNjLTllYmMtYTE2NmIzNjRlNTUzIn0.Bf0iHHxzXvSIrCENf8xH0F0bgvUmquCD-f9XJrhn42DV-a7upTzJn6kSJMQXbY-daVPVGHm7oCUtue_e0x_fH7N9kgTlHTLAiudT1LKVbldlx-RdN7kEkrQwmz34nVjI8Nu3nGOZi8eELMTuSDhhSH4hm48fXuKoXiI-94SYfWB-j5rluu2H6wDV9hp23VXzj7x8Tvlz7mMZvwAGyyFlM-WeC--GZmbrnDkhzgEgGuhqrxWBU02ZlViuh1iQpZCGw6MytjK_ERIpapub-3Ect6X-1_hd2aBqZv_M4LaHzoydid57q3E1U1iwlxRJ_AqWM_AxwsMhfwKpgQw8w6ZHphtxoh6MN9WeRwQGqaT2Mykib4ZvmNhgIx9EdS0ksDjcnjGBlw0iQDbnS8FRcpkZ1_si9tm71s2vVIzsUlPfPoPNjUIhdBxLUZVugLVl75GUO_UYP4nd2OzGIeIlFv6CYvSWivDYMaVANSm-p0V26dqshtagAn_HYv6f3DuVm3Wr4brDopkf0noLbgesBpdHATYZUzFB4FurGPx-mF7gH31q-1c1PimCFPDa5_xSIMB0J2ANCfjlDdVjP3WNK93qcb96kkSWYcWOL2QS_0jnwuv0Q73RmjUAtlxHDwZs21gbz1XsyIliC6Ckyj1ipcPflskMBUqa8FibKJzoKMghoM0
[error]	2026-08-21 21:55:48.750296[Thread 0x00007f22bd7ef6c0]:Create fullpath Err : 
[warning]	2026-08-21 21:55:48.881478[Thread 0x00007f2358694fc0]:UrlFullPage:  https://www.makeronline.com/en/slicerNext/collAndlike?lang=en_US&prod=1&regionCn=0&isDark=1&account=1&pcid=7DE35F9ECFAD0D749C3926E0964F5A0A&id_token=eyJhbGciOiJSUzI1NiIsImtpZCI6ImFjX2FwcF9jcnQiLCJ0eXAiOiJKV1QifQ.eyJpZCI6IjYyNWU1ZGZhLTIyOTQtNDNiYy1iYzUyLTdmZjk1YjlmOGY5NSIsImVtYWlsIjoic3RlZmFuQHN0ZWZhbmp1bmsuY29tIiwicGhvbmUiOiIiLCJlbWFpbF92ZXJpZmllZCI6dHJ1ZSwidG9rZW5UeXBlIjoiYWNjZXNzLXRva2VuIiwic2NvcGUiOiJyZWFkIiwiaXNzIjoiaHR0cHM6Ly91Yy5tYWtlcm9ubGluZS5jb20iLCJzdWIiOiI2MjVlNWRmYS0yMjk0LTQzYmMtYmM1Mi03ZmY5NWI5ZjhmOTUiLCJhdWQiOlsiYjI2OWEzMTM2ZDI2YWM2NDg4YmIiXSwiZXhwIjoxNzk1MDk0NDIwLCJuYmYiOjE3ODczMTg0MjAsImlhdCI6MTc4NzMxODQyMCwianRpIjoiYWRtaW4vZjUyY2U4OWUtYjc1My00ZmNjLTllYmMtYTE2NmIzNjRlNTUzIn0.Bf0iHHxzXvSIrCENf8xH0F0bgvUmquCD-f9XJrhn42DV-a7upTzJn6kSJMQXbY-daVPVGHm7oCUtue_e0x_fH7N9kgTlHTLAiudT1LKVbldlx-RdN7kEkrQwmz34nVjI8Nu3nGOZi8eELMTuSDhhSH4hm48fXuKoXiI-94SYfWB-j5rluu2H6wDV9hp23VXzj7x8Tvlz7mMZvwAGyyFlM-WeC--GZmbrnDkhzgEgGuhqrxWBU02ZlViuh1iQpZCGw6MytjK_ERIpapub-3Ect6X-1_hd2aBqZv_M4LaHzoydid57q3E1U1iwlxRJ_AqWM_AxwsMhfwKpgQw8w6ZHphtxoh6MN9WeRwQGqaT2Mykib4ZvmNhgIx9EdS0ksDjcnjGBlw0iQDbnS8FRcpkZ1_si9tm71s2vVIzsUlPfPoPNjUIhdBxLUZVugLVl75GUO_UYP4nd2OzGIeIlFv6CYvSWivDYMaVANSm-p0V26dqshtagAn_HYv6f3DuVm3Wr4brDopkf0noLbgesBpdHATYZUzFB4FurGPx-mF7gH31q-1c1PimCFPDa5_xSIMB0J2ANCfjlDdVjP3WNK93qcb96kkSWYcWOL2QS_0jnwuv0Q73RmjUAtlxHDwZs21gbz1XsyIliC6Ckyj1ipcPflskMBUqa8FibKJzoKMghoM0
[warning]	2026-08-21 21:55:48.884878[Thread 0x00007f2358694fc0]:UrlFullPage:  https://www.makeronline.com/en/slicerNext/allModel?lang=en_US&prod=1&regionCn=0&isDark=1&account=1&pcid=7DE35F9ECFAD0D749C3926E0964F5A0A&id_token=eyJhbGciOiJSUzI1NiIsImtpZCI6ImFjX2FwcF9jcnQiLCJ0eXAiOiJKV1QifQ.eyJpZCI6IjYyNWU1ZGZhLTIyOTQtNDNiYy1iYzUyLTdmZjk1YjlmOGY5NSIsImVtYWlsIjoic3RlZmFuQHN0ZWZhbmp1bmsuY29tIiwicGhvbmUiOiIiLCJlbWFpbF92ZXJpZmllZCI6dHJ1ZSwidG9rZW5UeXBlIjoiYWNjZXNzLXRva2VuIiwic2NvcGUiOiJyZWFkIiwiaXNzIjoiaHR0cHM6Ly91Yy5tYWtlcm9ubGluZS5jb20iLCJzdWIiOiI2MjVlNWRmYS0yMjk0LTQzYmMtYmM1Mi03ZmY5NWI5ZjhmOTUiLCJhdWQiOlsiYjI2OWEzMTM2ZDI2YWM2NDg4YmIiXSwiZXhwIjoxNzk1MDk0NDIwLCJuYmYiOjE3ODczMTg0MjAsImlhdCI6MTc4NzMxODQyMCwianRpIjoiYWRtaW4vZjUyY2U4OWUtYjc1My00ZmNjLTllYmMtYTE2NmIzNjRlNTUzIn0.Bf0iHHxzXvSIrCENf8xH0F0bgvUmquCD-f9XJrhn42DV-a7upTzJn6kSJMQXbY-daVPVGHm7oCUtue_e0x_fH7N9kgTlHTLAiudT1LKVbldlx-RdN7kEkrQwmz34nVjI8Nu3nGOZi8eELMTuSDhhSH4hm48fXuKoXiI-94SYfWB-j5rluu2H6wDV9hp23VXzj7x8Tvlz7mMZvwAGyyFlM-WeC--GZmbrnDkhzgEgGuhqrxWBU02ZlViuh1iQpZCGw6MytjK_ERIpapub-3Ect6X-1_hd2aBqZv_M4LaHzoydid57q3E1U1iwlxRJ_AqWM_AxwsMhfwKpgQw8w6ZHphtxoh6MN9WeRwQGqaT2Mykib4ZvmNhgIx9EdS0ksDjcnjGBlw0iQDbnS8FRcpkZ1_si9tm71s2vVIzsUlPfPoPNjUIhdBxLUZVugLVl75GUO_UYP4nd2OzGIeIlFv6CYvSWivDYMaVANSm-p0V26dqshtagAn_HYv6f3DuVm3Wr4brDopkf0noLbgesBpdHATYZUzFB4FurGPx-mF7gH31q-1c1PimCFPDa5_xSIMB0J2ANCfjlDdVjP3WNK93qcb96kkSWYcWOL2QS_0jnwuv0Q73RmjUAtlxHDwZs21gbz1XsyIliC6Ckyj1ipcPflskMBUqa8FibKJzoKMghoM0
[warning]	2026-08-21 21:55:48.885364[Thread 0x00007f2358694fc0]:+++++++++++++++++operator()
UrlCollLike3:https://www.makeronline.com/en/slicerNext/collAndlike?lang=en_US&prod=1&regionCn=0&isDark=1&account=1&pcid=7DE35F9ECFAD0D749C3926E0964F5A0A&id_token=eyJhbGciOiJSUzI1NiIsImtpZCI6ImFjX2FwcF9jcnQiLCJ0eXAiOiJKV1QifQ.eyJpZCI6IjYyNWU1ZGZhLTIyOTQtNDNiYy1iYzUyLTdmZjk1YjlmOGY5NSIsImVtYWlsIjoic3RlZmFuQHN0ZWZhbmp1bmsuY29tIiwicGhvbmUiOiIiLCJlbWFpbF92ZXJpZmllZCI6dHJ1ZSwidG9rZW5UeXBlIjoiYWNjZXNzLXRva2VuIiwic2NvcGUiOiJyZWFkIiwiaXNzIjoiaHR0cHM6Ly91Yy5tYWtlcm9ubGluZS5jb20iLCJzdWIiOiI2MjVlNWRmYS0yMjk0LTQzYmMtYmM1Mi03ZmY5NWI5ZjhmOTUiLCJhdWQiOlsiYjI2OWEzMTM2ZDI2YWM2NDg4YmIiXSwiZXhwIjoxNzk1MDk0NDIwLCJuYmYiOjE3ODczMTg0MjAsImlhdCI6MTc4NzMxODQyMCwianRpIjoiYWRtaW4vZjUyY2U4OWUtYjc1My00ZmNjLTllYmMtYTE2NmIzNjRlNTUzIn0.Bf0iHHxzXvSIrCENf8xH0F0bgvUmquCD-f9XJrhn42DV-a7upTzJn6kSJMQXbY-daVPVGHm7oCUtue_e0x_fH7N9kgTlHTLAiudT1LKVbldlx-RdN7kEkrQwmz34nVjI8Nu3nGOZi8eELMTuSDhhSH4hm48fXuKoXiI-94SYfWB-j5rluu2H6wDV9hp23VXzj7x8Tvlz7mMZvwAGyyFlM-WeC--GZmbrnDkhzgEgGuhqrxWBU02ZlViuh1iQpZCGw6MytjK_ERIpapub-3Ect6X-1_hd2aBqZv_M4LaHzoydid57q3E1U1iwlxRJ_AqWM_AxwsMhfwKpgQw8w6ZHphtxoh6MN9WeRwQGqaT2Mykib4ZvmNhgIx9EdS0ksDjcnjGBlw0iQDbnS8FRcpkZ1_si9tm71s2vVIzsUlPfPoPNjUIhdBxLUZVugLVl75GUO_UYP4nd2OzGIeIlFv6CYvSWivDYMaVANSm-p0V26dqshtagAn_HYv6f3DuVm3Wr4brDopkf0noLbgesBpdHATYZUzFB4FurGPx-mF7gH31q-1c1PimCFPDa5_xSIMB0J2ANCfjlDdVjP3WNK93qcb96kkSWYcWOL2QS_0jnwuv0Q73RmjUAtlxHDwZs21gbz1XsyIliC6Ckyj1ipcPflskMBUqa8FibKJzoKMghoM0
UrlAllModel4:https://www.makeronline.com/en/slicerNext/allModel?lang=en_US&prod=1&regionCn=0&isDark=1&account=1&pcid=7DE35F9ECFAD0D749C3926E0964F5A0A&id_token=eyJhbGciOiJSUzI1NiIsImtpZCI6ImFjX2FwcF9jcnQiLCJ0eXAiOiJKV1QifQ.eyJpZCI6IjYyNWU1ZGZhLTIyOTQtNDNiYy1iYzUyLTdmZjk1YjlmOGY5NSIsImVtYWlsIjoic3RlZmFuQHN0ZWZhbmp1bmsuY29tIiwicGhvbmUiOiIiLCJlbWFpbF92ZXJpZmllZCI6dHJ1ZSwidG9rZW5UeXBlIjoiYWNjZXNzLXRva2VuIiwic2NvcGUiOiJyZWFkIiwiaXNzIjoiaHR0cHM6Ly91Yy5tYWtlcm9ubGluZS5jb20iLCJzdWIiOiI2MjVlNWRmYS0yMjk0LTQzYmMtYmM1Mi03ZmY5NWI5ZjhmOTUiLCJhdWQiOlsiYjI2OWEzMTM2ZDI2YWM2NDg4YmIiXSwiZXhwIjoxNzk1MDk0NDIwLCJuYmYiOjE3ODczMTg0MjAsImlhdCI6MTc4NzMxODQyMCwianRpIjoiYWRtaW4vZjUyY2U4OWUtYjc1My00ZmNjLTllYmMtYTE2NmIzNjRlNTUzIn0.Bf0iHHxzXvSIrCENf8xH0F0bgvUmquCD-f9XJrhn42DV-a7upTzJn6kSJMQXbY-daVPVGHm7oCUtue_e0x_fH7N9kgTlHTLAiudT1LKVbldlx-RdN7kEkrQwmz34nVjI8Nu3nGOZi8eELMTuSDhhSH4hm48fXuKoXiI-94SYfWB-j5rluu2H6wDV9hp23VXzj7x8Tvlz7mMZvwAGyyFlM-WeC--GZmbrnDkhzgEgGuhqrxWBU02ZlViuh1iQpZCGw6MytjK_ERIpapub-3Ect6X-1_hd2aBqZv_M4LaHzoydid57q3E1U1iwlxRJ_AqWM_AxwsMhfwKpgQw8w6ZHphtxoh6MN9WeRwQGqaT2Mykib4ZvmNhgIx9EdS0ksDjcnjGBlw0iQDbnS8FRcpkZ1_si9tm71s2vVIzsUlPfPoPNjUIhdBxLUZVugLVl75GUO_UYP4nd2OzGIeIlFv6CYvSWivDYMaVANSm-p0V26dqshtagAn_HYv6f3DuVm3Wr4brDopkf0noLbgesBpdHATYZUzFB4FurGPx-mF7gH31q-1c1PimCFPDa5_xSIMB0J2ANCfjlDdVjP3WNK93qcb96kkSWYcWOL2QS_0jnwuv0Q73RmjUAtlxHDwZs21gbz1XsyIliC6Ckyj1ipcPflskMBUqa8FibKJzoKMghoM0
[warning]	2026-08-21 21:55:48.889595[Thread 0x00007f2358694fc0]:HomePage OnError, Url = https://www.makeronline.com/en/slicerNext/allModel?lang=en_US&prod=1&regionCn=0&isDark=1&account=1&pcid=7DE35F9ECFAD0D749C3926E0964F5A0A , Message: Load request cancelled
[warning]	2026-08-21 21:55:48.889629[Thread 0x00007f2358694fc0]:OnError: [wxWEBVIEW_NAV_ERR_OTHER] Load request cancelled
[warning]	2026-08-21 21:55:48.894188[Thread 0x00007f2358694fc0]:UrlFullPage:  https://www.makeronline.com/en/slicerNext/allModel?lang=en_US&prod=1&regionCn=0&isDark=1&account=1&pcid=7DE35F9ECFAD0D749C3926E0964F5A0A&id_token=eyJhbGciOiJSUzI1NiIsImtpZCI6ImFjX2FwcF9jcnQiLCJ0eXAiOiJKV1QifQ.eyJpZCI6IjYyNWU1ZGZhLTIyOTQtNDNiYy1iYzUyLTdmZjk1YjlmOGY5NSIsImVtYWlsIjoic3RlZmFuQHN0ZWZhbmp1bmsuY29tIiwicGhvbmUiOiIiLCJlbWFpbF92ZXJpZmllZCI6dHJ1ZSwidG9rZW5UeXBlIjoiYWNjZXNzLXRva2VuIiwic2NvcGUiOiJyZWFkIiwiaXNzIjoiaHR0cHM6Ly91Yy5tYWtlcm9ubGluZS5jb20iLCJzdWIiOiI2MjVlNWRmYS0yMjk0LTQzYmMtYmM1Mi03ZmY5NWI5ZjhmOTUiLCJhdWQiOlsiYjI2OWEzMTM2ZDI2YWM2NDg4YmIiXSwiZXhwIjoxNzk1MDk0NDIwLCJuYmYiOjE3ODczMTg0MjAsImlhdCI6MTc4NzMxODQyMCwianRpIjoiYWRtaW4vZjUyY2U4OWUtYjc1My00ZmNjLTllYmMtYTE2NmIzNjRlNTUzIn0.Bf0iHHxzXvSIrCENf8xH0F0bgvUmquCD-f9XJrhn42DV-a7upTzJn6kSJMQXbY-daVPVGHm7oCUtue_e0x_fH7N9kgTlHTLAiudT1LKVbldlx-RdN7kEkrQwmz34nVjI8Nu3nGOZi8eELMTuSDhhSH4hm48fXuKoXiI-94SYfWB-j5rluu2H6wDV9hp23VXzj7x8Tvlz7mMZvwAGyyFlM-WeC--GZmbrnDkhzgEgGuhqrxWBU02ZlViuh1iQpZCGw6MytjK_ERIpapub-3Ect6X-1_hd2aBqZv_M4LaHzoydid57q3E1U1iwlxRJ_AqWM_AxwsMhfwKpgQw8w6ZHphtxoh6MN9WeRwQGqaT2Mykib4ZvmNhgIx9EdS0ksDjcnjGBlw0iQDbnS8FRcpkZ1_si9tm71s2vVIzsUlPfPoPNjUIhdBxLUZVugLVl75GUO_UYP4nd2OzGIeIlFv6CYvSWivDYMaVANSm-p0V26dqshtagAn_HYv6f3DuVm3Wr4brDopkf0noLbgesBpdHATYZUzFB4FurGPx-mF7gH31q-1c1PimCFPDa5_xSIMB0J2ANCfjlDdVjP3WNK93qcb96kkSWYcWOL2QS_0jnwuv0Q73RmjUAtlxHDwZs21gbz1XsyIliC6Ckyj1ipcPflskMBUqa8FibKJzoKMghoM0
[warning]	2026-08-21 21:55:48.894859[Thread 0x00007f2358694fc0]:HomePage OnError, Url = https://www.makeronline.com/en/slicerNext/collAndlike?lang=en_US&prod=1&regionCn=0&isDark=1&account=1&pcid=7DE35F9ECFAD0D749C3926E0964F5A0A , Message: Load request cancelled
[warning]	2026-08-21 21:55:48.894882[Thread 0x00007f2358694fc0]:OnError: [wxWEBVIEW_NAV_ERR_OTHER] Load request cancelled
[warning]	2026-08-21 21:55:48.907531[Thread 0x00007f2358694fc0]:UrlFullPage:  https://www.makeronline.com/en/slicerNext/collAndlike?lang=en_US&prod=1&regionCn=0&isDark=1&account=1&pcid=7DE35F9ECFAD0D749C3926E0964F5A0A&id_token=eyJhbGciOiJSUzI1NiIsImtpZCI6ImFjX2FwcF9jcnQiLCJ0eXAiOiJKV1QifQ.eyJpZCI6IjYyNWU1ZGZhLTIyOTQtNDNiYy1iYzUyLTdmZjk1YjlmOGY5NSIsImVtYWlsIjoic3RlZmFuQHN0ZWZhbmp1bmsuY29tIiwicGhvbmUiOiIiLCJlbWFpbF92ZXJpZmllZCI6dHJ1ZSwidG9rZW5UeXBlIjoiYWNjZXNzLXRva2VuIiwic2NvcGUiOiJyZWFkIiwiaXNzIjoiaHR0cHM6Ly91Yy5tYWtlcm9ubGluZS5jb20iLCJzdWIiOiI2MjVlNWRmYS0yMjk0LTQzYmMtYmM1Mi03ZmY5NWI5ZjhmOTUiLCJhdWQiOlsiYjI2OWEzMTM2ZDI2YWM2NDg4YmIiXSwiZXhwIjoxNzk1MDk0NDIwLCJuYmYiOjE3ODczMTg0MjAsImlhdCI6MTc4NzMxODQyMCwianRpIjoiYWRtaW4vZjUyY2U4OWUtYjc1My00ZmNjLTllYmMtYTE2NmIzNjRlNTUzIn0.Bf0iHHxzXvSIrCENf8xH0F0bgvUmquCD-f9XJrhn42DV-a7upTzJn6kSJMQXbY-daVPVGHm7oCUtue_e0x_fH7N9kgTlHTLAiudT1LKVbldlx-RdN7kEkrQwmz34nVjI8Nu3nGOZi8eELMTuSDhhSH4hm48fXuKoXiI-94SYfWB-j5rluu2H6wDV9hp23VXzj7x8Tvlz7mMZvwAGyyFlM-WeC--GZmbrnDkhzgEgGuhqrxWBU02ZlViuh1iQpZCGw6MytjK_ERIpapub-3Ect6X-1_hd2aBqZv_M4LaHzoydid57q3E1U1iwlxRJ_AqWM_AxwsMhfwKpgQw8w6ZHphtxoh6MN9WeRwQGqaT2Mykib4ZvmNhgIx9EdS0ksDjcnjGBlw0iQDbnS8FRcpkZ1_si9tm71s2vVIzsUlPfPoPNjUIhdBxLUZVugLVl75GUO_UYP4nd2OzGIeIlFv6CYvSWivDYMaVANSm-p0V26dqshtagAn_HYv6f3DuVm3Wr4brDopkf0noLbgesBpdHATYZUzFB4FurGPx-mF7gH31q-1c1PimCFPDa5_xSIMB0J2ANCfjlDdVjP3WNK93qcb96kkSWYcWOL2QS_0jnwuv0Q73RmjUAtlxHDwZs21gbz1XsyIliC6Ckyj1ipcPflskMBUqa8FibKJzoKMghoM0
[warning]	2026-08-21 21:55:49.366669[Thread 0x00007f2358694fc0]:09:55:48 PM: Error: Directory '/opt/AnycubicSlicerNext/share/resources/report' couldn't be created (error 13: Permission denied)
[warning]	2026-08-21 21:55:50.593236[Thread 0x00007f2358694fc0]:get_version, get_version not supported,return 00.00.00.00!
[warning]	2026-08-21 21:55:51.747395[Thread 0x00007f22bdff06c0]:operator()http.on_complete
[warning]	2026-08-21 21:55:51.747518[Thread 0x00007f22bdff06c0]:operator() Downloaded file: /tmp/804401_cloud.zip
[warning]	2026-08-21 21:55:51.748701[Thread 0x00007f2358694fc0]:Preset already present, not loading: 0.20mm Standard @AC K3 Max - Copy
[warning]	2026-08-21 21:55:51.748720[Thread 0x00007f2358694fc0]:Preset already present, not loading: 0.40mm Standard @AC K3 Max - Swim
[warning]	2026-08-21 21:55:51.748726[Thread 0x00007f2358694fc0]:Preset already present, not loading: 0.32mm Standard @AC K3 Max - Swim
[warning]	2026-08-21 21:55:51.748729[Thread 0x00007f2358694fc0]:Preset already present, not loading: 0.32mm PLA Standard @AC K3 Max - Swim
[warning]	2026-08-21 21:55:51.748734[Thread 0x00007f2358694fc0]:Preset already present, not loading: 0.40mm PLA Mold Negative @AC K3 Max
[warning]	2026-08-21 21:55:51.748738[Thread 0x00007f2358694fc0]:Preset already present, not loading: 0.32mm PLA Toy @AC K3 Max
[warning]	2026-08-21 21:55:51.748742[Thread 0x00007f2358694fc0]:Preset already present, not loading: 0.24mm PLA Toy @AC K3 Max
[warning]	2026-08-21 21:55:51.748746[Thread 0x00007f2358694fc0]:Preset already present, not loading: 0.24mm Toy @AC K3 Max
[warning]	2026-08-21 21:55:51.748750[Thread 0x00007f2358694fc0]:Preset already present, not loading: 0.20mm PETG Toy @AC K3 Max
[warning]	2026-08-21 21:55:51.748754[Thread 0x00007f2358694fc0]:Preset already present, not loading: 0.08mm TPU Toy @AC K3 Max
[warning]	2026-08-21 21:55:51.748758[Thread 0x00007f2358694fc0]:Preset already present, not loading: 0.12mm TPU Toy @AC K3 Max
[warning]	2026-08-21 21:55:51.748761[Thread 0x00007f2358694fc0]:Preset already present, not loading: 0.20mm PLA HS @AC K3 Max
[warning]	2026-08-21 21:55:51.748765[Thread 0x00007f2358694fc0]:Preset already present, not loading: 0.12mm Geeetech TPU Toy @AC K3 Max
[warning]	2026-08-21 21:55:51.748769[Thread 0x00007f2358694fc0]:Preset already present, not loading: 0.40mm PLA HS Tool @AC K3 Max
[warning]	2026-08-21 21:55:51.748773[Thread 0x00007f2358694fc0]:Preset already present, not loading: 0.20mm PLA HS Tool w support@AC K3 Max
[warning]	2026-08-21 21:55:51.748777[Thread 0x00007f2358694fc0]:Preset already present, not loading: 0.20mm Standard fast
[warning]	2026-08-21 21:55:51.749494[Thread 0x00007f2358694fc0]:Preset already present, not loading: 0.20mm PLA Tool Fast
[warning]	2026-08-21 21:55:51.749503[Thread 0x00007f2358694fc0]:Preset already present, not loading: 0.20mm PLA HS Tool Fast
[warning]	2026-08-21 21:55:51.749507[Thread 0x00007f2358694fc0]:Preset already present, not loading: 0.20mm Standard @BBL X1C
[warning]	2026-08-21 21:55:51.749510[Thread 0x00007f2358694fc0]:Preset already present, not loading: 0.20mm Standard
[warning]	2026-08-21 21:55:51.749513[Thread 0x00007f2358694fc0]:Preset already present, not loading: 0.20mm PLA HS Tool @AC K3 Max
[warning]	2026-08-21 21:55:51.749516[Thread 0x00007f2358694fc0]:Preset already present, not loading: 0.12mm PETG Tool @AC K3 Max
[warning]	2026-08-21 21:55:51.749519[Thread 0x00007f2358694fc0]:Preset already present, not loading: 0.20mm PETG Tool @AC K3 Max
[warning]	2026-08-21 21:55:51.749522[Thread 0x00007f2358694fc0]:Preset already present, not loading: 0.12mm Standard @AC K3 Max - Copy
[warning]	2026-08-21 21:55:51.749525[Thread 0x00007f2358694fc0]:Preset already present, not loading: 0.12mm Base @AC K3 Max
[warning]	2026-08-21 21:55:51.749528[Thread 0x00007f2358694fc0]:Preset already present, not loading: 0.20mm Base @AC K3 Max
[warning]	2026-08-21 21:55:51.750456[Thread 0x00007f2358694fc0]:Preset already present, not loading: SUNLU PLA High Speed @Anycubic Kobra 3 Max 0.8 nozzle
[warning]	2026-08-21 21:55:51.750470[Thread 0x00007f2358694fc0]:Preset already present, not loading: SUNLU PLA High Speed @Anycubic Kobra 3 Max 0.6 nozzle
[warning]	2026-08-21 21:55:51.750475[Thread 0x00007f2358694fc0]:Preset already present, not loading: SUNLU PLA High Speed @Anycubic Kobra 3 Max 0.4 nozzle
[warning]	2026-08-21 21:55:51.750479[Thread 0x00007f2358694fc0]:Preset already present, not loading: GEEETECH TPU Blue @Anycubic Kobra 3 Max 0.8 nozzle
[warning]	2026-08-21 21:55:51.750519[Thread 0x00007f2358694fc0]:Preset already present, not loading: GEEETECH TPU Blue @Anycubic Kobra 3 Max 0.6 nozzle
[warning]	2026-08-21 21:55:51.750524[Thread 0x00007f2358694fc0]:Preset already present, not loading: SUNLU PLA High Speed New @Anycubic Kobra 3 Max 0.4 nozzle
[warning]	2026-08-21 21:55:51.750529[Thread 0x00007f2358694fc0]:Preset already present, not loading: SUNLU TPU 95A Green @Anycubic Kobra 3 Max 0.8 nozzle
[warning]	2026-08-21 21:55:51.750532[Thread 0x00007f2358694fc0]:Preset already present, not loading: SUNLU TPU 95A Green @Anycubic Kobra 3 Max 0.6 nozzle
[warning]	2026-08-21 21:55:51.750536[Thread 0x00007f2358694fc0]:Preset already present, not loading: SUNLU TPU 95A Green @Anycubic Kobra 3 Max 0.4 nozzle
[warning]	2026-08-21 21:55:51.750540[Thread 0x00007f2358694fc0]:Preset already present, not loading: GRATKIT PLA Silk Blue-Purple-Black @Anycubic Kobra 3 Max 0.6 nozzle
[warning]	2026-08-21 21:55:51.750544[Thread 0x00007f2358694fc0]:Preset already present, not loading: GRATKIT PLA Silk Blue-Purple-Black @Anycubic Kobra 3 Max 0.8 nozzle
[warning]	2026-08-21 21:55:51.750547[Thread 0x00007f2358694fc0]:Preset already present, not loading: GRATKIT PLA Silk Blue-Purple-Black @Anycubic Kobra 3 Max 0.4 nozzle
[warning]	2026-08-21 21:55:51.750552[Thread 0x00007f2358694fc0]:Preset already present, not loading: EONO PLA Silk Red-Gold-Blue @Anycubic Kobra 3 Max 0.8 nozzle
[warning]	2026-08-21 21:55:51.750555[Thread 0x00007f2358694fc0]:Preset already present, not loading: EONO PLA Silk Red-Gold-Blue @Anycubic Kobra 3 Max 0.6 nozzle
[warning]	2026-08-21 21:55:51.750559[Thread 0x00007f2358694fc0]:Preset already present, not loading: EONO PLA Silk Red-Gold-Blue @Anycubic Kobra 3 Max 0.4 nozzle
[warning]	2026-08-21 21:55:51.750563[Thread 0x00007f2358694fc0]:Preset already present, not loading: GEEETECH TPU 95A @Anycubic Kobra 3 Max 0.8 nozzle
[warning]	2026-08-21 21:55:51.750566[Thread 0x00007f2358694fc0]:Preset already present, not loading: GEEETECH TPU 95A @Anycubic Kobra 3 Max 0.6 nozzle
[warning]	2026-08-21 21:55:51.750570[Thread 0x00007f2358694fc0]:Preset already present, not loading: GEEETECH TPU 95A @Anycubic Kobra 3 Max 0.4 nozzle
[warning]	2026-08-21 21:55:51.750573[Thread 0x00007f2358694fc0]:Preset already present, not loading: ELEGOO PETG Rapid @Anycubic Kobra 3 Max 0.8 nozzle
[warning]	2026-08-21 21:55:51.750577[Thread 0x00007f2358694fc0]:Preset already present, not loading: ELEGOO PETG Rapid @Anycubic Kobra 3 Max 0.6 nozzle
[warning]	2026-08-21 21:55:51.750581[Thread 0x00007f2358694fc0]:Preset already present, not loading: ELEGOO PETG Rapid @Anycubic Kobra 3 Max 0.4 nozzle
[warning]	2026-08-21 21:55:51.751629[Thread 0x00007f2358694fc0]:Preset already present, not loading: SUNLU PETG Black new @Anycubic Kobra 3 Max 0.4 nozzle
[warning]	2026-08-21 21:55:51.752270[Thread 0x00007f2358694fc0]:Preset already present, not loading: Anycubic Kobra 3 Max 0.4 stainless steel nozzle
[warning]	2026-08-21 21:58:35.847030[Thread 0x00007f2358694fc0]:ZipFolder begin: Zipped file: /home/stefan/.config/AnycubicSlicerNext/user/804401, to /tmp/804401.zip
[warning]	2026-08-21 21:58:35.847126[Thread 0x00007f2358694fc0]:AddFolderToZip folderPath: /home/stefan/.config/AnycubicSlicerNext/user/804401 basePath: /home/stefan/.config/AnycubicSlicerNext/user/804401
[warning]	2026-08-21 21:58:35.847240[Thread 0x00007f2358694fc0]:AddFolderToZip folderPath: /home/stefan/.config/AnycubicSlicerNext/user/804401/process basePath: /home/stefan/.config/AnycubicSlicerNext/user/804401
[warning]	2026-08-21 21:58:35.849414[Thread 0x00007f2358694fc0]:AddFolderToZip folderPath: /home/stefan/.config/AnycubicSlicerNext/user/804401/process/base basePath: /home/stefan/.config/AnycubicSlicerNext/user/804401
[warning]	2026-08-21 21:58:35.859908[Thread 0x00007f2358694fc0]:AddFolderToZip folderPath: /home/stefan/.config/AnycubicSlicerNext/user/804401/filament basePath: /home/stefan/.config/AnycubicSlicerNext/user/804401
[warning]	2026-08-21 21:58:35.859988[Thread 0x00007f2358694fc0]:AddFolderToZip folderPath: /home/stefan/.config/AnycubicSlicerNext/user/804401/filament/base basePath: /home/stefan/.config/AnycubicSlicerNext/user/804401
[warning]	2026-08-21 21:58:35.871026[Thread 0x00007f2358694fc0]:AddFolderToZip folderPath: /home/stefan/.config/AnycubicSlicerNext/user/804401/machine basePath: /home/stefan/.config/AnycubicSlicerNext/user/804401
[warning]	2026-08-21 21:58:35.871099[Thread 0x00007f2358694fc0]:AddFolderToZip folderPath: /home/stefan/.config/AnycubicSlicerNext/user/804401/machine/base basePath: /home/stefan/.config/AnycubicSlicerNext/user/804401
[warning]	2026-08-21 22:00:43.985641[Thread 0x00007f2358694fc0]:ZipFolder begin: Zipped file: /home/stefan/.config/AnycubicSlicerNext/user/804401, to /tmp/804401.zip
[warning]	2026-08-21 22:00:43.985737[Thread 0x00007f2358694fc0]:AddFolderToZip folderPath: /home/stefan/.config/AnycubicSlicerNext/user/804401 basePath: /home/stefan/.config/AnycubicSlicerNext/user/804401
[warning]	2026-08-21 22:00:43.985870[Thread 0x00007f2358694fc0]:AddFolderToZip folderPath: /home/stefan/.config/AnycubicSlicerNext/user/804401/process basePath: /home/stefan/.config/AnycubicSlicerNext/user/804401
[warning]	2026-08-21 22:00:43.986127[Thread 0x00007f2358694fc0]:AddFolderToZip folderPath: /home/stefan/.config/AnycubicSlicerNext/user/804401/process/base basePath: /home/stefan/.config/AnycubicSlicerNext/user/804401
[warning]	2026-08-21 22:00:43.993295[Thread 0x00007f2358694fc0]:AddFolderToZip folderPath: /home/stefan/.config/AnycubicSlicerNext/user/804401/filament basePath: /home/stefan/.config/AnycubicSlicerNext/user/804401
[warning]	2026-08-21 22:00:43.993392[Thread 0x00007f2358694fc0]:AddFolderToZip folderPath: /home/stefan/.config/AnycubicSlicerNext/user/804401/filament/base basePath: /home/stefan/.config/AnycubicSlicerNext/user/804401
[warning]	2026-08-21 22:00:44.001905[Thread 0x00007f2358694fc0]:AddFolderToZip folderPath: /home/stefan/.config/AnycubicSlicerNext/user/804401/machine basePath: /home/stefan/.config/AnycubicSlicerNext/user/804401
[warning]	2026-08-21 22:00:44.002018[Thread 0x00007f2358694fc0]:AddFolderToZip folderPath: /home/stefan/.config/AnycubicSlicerNext/user/804401/machine/base basePath: /home/stefan/.config/AnycubicSlicerNext/user/804401
[warning]	2026-08-21 22:03:07.410208[Thread 0x00007f22c73e66c0]:Detected missing Voronoi vertex, input polygons will be rotated back and forth.
[warning]	2026-08-21 22:03:11.792960[Thread 0x00007f22b9fe86c0]:SupportSpotsGenerator does not currently handle different materials properly, only first will be used
[warning]	2026-08-21 22:03:11.925698[Thread 0x00007f22b9fe86c0]:SupportSpotsGenerator does not currently handle different materials properly, only first will be used
[warning]	2026-08-21 22:03:12.060555[Thread 0x00007f22b9fe86c0]:SupportSpotsGenerator does not currently handle different materials properly, only first will be used
[warning]	2026-08-21 22:03:12.357878[Thread 0x00007f22b9fe86c0]:SupportSpotsGenerator does not currently handle different materials properly, only first will be used
[warning]	2026-08-21 22:03:49.022489[Thread 0x00007f22c43fe6c0]:Detected missing Voronoi vertex, input polygons will be rotated back and forth.
[warning]	2026-08-21 22:04:12.087315[Thread 0x00007f22b9fe86c0]:[P2 Fan Config] before_layers=0, after_layers=0, before_speed=0, after_speed=0
[warning]	2026-08-21 22:04:12.087347[Thread 0x00007f22b9fe86c0]:[P2 Fan] layer_id=0 <= before_layers(0), speed=0
[warning]	2026-08-21 22:04:12.125999[Thread 0x00007f22c67e46c0]:[P2 Fan Config] before_layers=0, after_layers=0, before_speed=0, after_speed=0
[warning]	2026-08-21 22:04:12.126026[Thread 0x00007f22c67e46c0]:[P2 Fan] layer_id=1 >= after_layers(0), speed=0
[warning]	2026-08-21 22:04:12.141310[Thread 0x00007f22c3ffd6c0]:[P2 Fan Config] before_layers=0, after_layers=0, before_speed=0, after_speed=0
[warning]	2026-08-21 22:04:12.141330[Thread 0x00007f22c3ffd6c0]:[P2 Fan] layer_id=2 >= after_layers(0), speed=0
[warning]	2026-08-21 22:04:12.152253[Thread 0x00007f22b9fe86c0]:[P2 Fan Config] before_layers=0, after_layers=0, before_speed=0, after_speed=0
[warning]	2026-08-21 22:04:12.152287[Thread 0x00007f22b9fe86c0]:[P2 Fan] layer_id=3 >= after_layers(0), speed=0
[warning]	2026-08-21 22:04:12.169592[Thread 0x00007f22c43fe6c0]:[P2 Fan Config] before_layers=0, after_layers=0, before_speed=0, after_speed=0
[warning]	2026-08-21 22:04:12.169614[Thread 0x00007f22c43fe6c0]:[P2 Fan] layer_id=4 >= after_layers(0), speed=0
[warning]	2026-08-21 22:04:12.181214[Thread 0x00007f22c67e46c0]:[P2 Fan Config] before_layers=0, after_layers=0, before_speed=0, after_speed=0
[warning]	2026-08-21 22:04:12.181237[Thread 0x00007f22c67e46c0]:[P2 Fan] layer_id=5 >= after_layers(0), speed=0
[warning]	2026-08-21 22:04:12.334098[Thread 0x00007f22c3bfc6c0]:[P2 Fan Config] before_layers=0, after_layers=0, before_speed=0, after_speed=0
[warning]	2026-08-21 22:04:12.334124[Thread 0x00007f22c3bfc6c0]:[P2 Fan] layer_id=6 >= after_layers(0), speed=0
[warning]	2026-08-21 22:04:12.342251[Thread 0x00007f22c73e66c0]:[P2 Fan Config] before_layers=0, after_layers=0, before_speed=0, after_speed=0
[warning]	2026-08-21 22:04:12.342266[Thread 0x00007f22c73e66c0]:[P2 Fan] layer_id=7 >= after_layers(0), speed=0
[warning]	2026-08-21 22:04:12.352065[Thread 0x00007f22c73e66c0]:[P2 Fan Config] before_layers=0, after_layers=0, before_speed=0, after_speed=0
[warning]	2026-08-21 22:04:12.352077[Thread 0x00007f22c73e66c0]:[P2 Fan] layer_id=8 >= after_layers(0), speed=0
[warning]	2026-08-21 22:04:12.364571[Thread 0x00007f22c67e46c0]:[P2 Fan Config] before_layers=0, after_layers=0, before_speed=0, after_speed=0
[warning]	2026-08-21 22:04:12.364586[Thread 0x00007f22c67e46c0]:[P2 Fan] layer_id=9 >= after_layers(0), speed=0
[warning]	2026-08-21 22:04:12.371820[Thread 0x00007f22c47ff6c0]:[P2 Fan Config] before_layers=0, after_layers=0, before_speed=0, after_speed=0
[warning]	2026-08-21 22:04:12.371835[Thread 0x00007f22c47ff6c0]:[P2 Fan] layer_id=10 >= after_layers(0), speed=0
[warning]	2026-08-21 22:04:12.769996[Thread 0x00007f22b9fe86c0]:[P2 Fan Config] before_layers=0, after_layers=0, before_speed=0, after_speed=0
[warning]	2026-08-21 22:04:12.770013[Thread 0x00007f22b9fe86c0]:[P2 Fan] layer_id=11 >= after_layers(0), speed=0
[warning]	2026-08-21 22:04:12.906008[Thread 0x00007f22c47ff6c0]:[P2 Fan Config] before_layers=0, after_layers=0, before_speed=0, after_speed=0
[warning]	2026-08-21 22:04:12.906024[Thread 0x00007f22c47ff6c0]:[P2 Fan] layer_id=12 >= after_layers(0), speed=0
[warning]	2026-08-21 22:04:12.913658[Thread 0x00007f22c3ffd6c0]:[P2 Fan Config] before_layers=0, after_layers=0, before_speed=0, after_speed=0
[warning]	2026-08-21 22:04:12.913685[Thread 0x00007f22c3ffd6c0]:[P2 Fan] layer_id=13 >= after_layers(0), speed=0
[warning]	2026-08-21 22:04:12.917773[Thread 0x00007f22c3ffd6c0]:[P2 Fan Config] before_layers=0, after_layers=0, before_speed=0, after_speed=0
[warning]	2026-08-21 22:04:12.917880[Thread 0x00007f22c3ffd6c0]:[P2 Fan] layer_id=14 >= after_layers(0), speed=0
[warning]	2026-08-21 22:04:12.922209[Thread 0x00007f22c3ffd6c0]:[P2 Fan Config] before_layers=0, after_layers=0, before_speed=0, after_speed=0
[warning]	2026-08-21 22:04:12.930157[Thread 0x00007f22c3ffd6c0]:[P2 Fan] layer_id=15 >= after_layers(0), speed=0
[warning]	2026-08-21 22:04:12.936559[Thread 0x00007f22c3ffd6c0]:[P2 Fan Config] before_layers=0, after_layers=0, before_speed=0, after_speed=0
[warning]	2026-08-21 22:04:12.936573[Thread 0x00007f22c3ffd6c0]:[P2 Fan] layer_id=16 >= after_layers(0), speed=0
[warning]	2026-08-21 22:04:12.939722[Thread 0x00007f22c3ffd6c0]:[P2 Fan Config] before_layers=0, after_layers=0, before_speed=0, after_speed=0
[warning]	2026-08-21 22:04:12.939728[Thread 0x00007f22c3ffd6c0]:[P2 Fan] layer_id=17 >= after_layers(0), speed=0
[warning]	2026-08-21 22:04:12.941848[Thread 0x00007f22c47ff6c0]:[P2 Fan Config] before_layers=0, after_layers=0, before_speed=0, after_speed=0
[warning]	2026-08-21 22:04:12.941856[Thread 0x00007f22c47ff6c0]:[P2 Fan] layer_id=18 >= after_layers(0), speed=0
[warning]	2026-08-21 22:04:12.943896[Thread 0x00007f22c3ffd6c0]:[P2 Fan Config] before_layers=0, after_layers=0, before_speed=0, after_speed=0
[warning]	2026-08-21 22:04:12.943901[Thread 0x00007f22c3ffd6c0]:[P2 Fan] layer_id=19 >= after_layers(0), speed=0
[warning]	2026-08-21 22:04:12.946317[Thread 0x00007f22c43fe6c0]:[P2 Fan Config] before_layers=0, after_layers=0, before_speed=0, after_speed=0
[warning]	2026-08-21 22:04:12.946335[Thread 0x00007f22c43fe6c0]:[P2 Fan] layer_id=20 >= after_layers(0), speed=0
[warning]	2026-08-21 22:04:12.949982[Thread 0x00007f22c3ffd6c0]:[P2 Fan Config] before_layers=0, after_layers=0, before_speed=0, after_speed=0
[warning]	2026-08-21 22:04:12.949996[Thread 0x00007f22c3ffd6c0]:[P2 Fan] layer_id=21 >= after_layers(0), speed=0
[warning]	2026-08-21 22:04:12.952579[Thread 0x00007f22c3bfc6c0]:[P2 Fan Config] before_layers=0, after_layers=0, before_speed=0, after_speed=0
[warning]	2026-08-21 22:04:12.952587[Thread 0x00007f22c3bfc6c0]:[P2 Fan] layer_id=22 >= after_layers(0), speed=0
[warning]	2026-08-21 22:04:12.987203[Thread 0x00007f22b9fe86c0]:[P2 Fan Config] before_layers=0, after_layers=0, before_speed=0, after_speed=0
[warning]	2026-08-21 22:04:12.987247[Thread 0x00007f22b9fe86c0]:[P2 Fan] layer_id=23 >= after_layers(0), speed=0
[warning]	2026-08-21 22:04:13.058263[Thread 0x00007f22c3bfc6c0]:[P2 Fan Config] before_layers=0, after_layers=0, before_speed=0, after_speed=0
[warning]	2026-08-21 22:04:13.058291[Thread 0x00007f22c3bfc6c0]:[P2 Fan] layer_id=24 >= after_layers(0), speed=0
[warning]	2026-08-21 22:04:13.069286[Thread 0x00007f22c43fe6c0]:[P2 Fan Config] before_layers=0, after_layers=0, before_speed=0, after_speed=0
[warning]	2026-08-21 22:04:13.069348[Thread 0x00007f22c43fe6c0]:[P2 Fan] layer_id=25 >= after_layers(0), speed=0
[warning]	2026-08-21 22:04:13.079334[Thread 0x00007f22c3bfc6c0]:[P2 Fan Config] before_layers=0, after_layers=0, before_speed=0, after_speed=0
[warning]	2026-08-21 22:04:13.079368[Thread 0x00007f22c3bfc6c0]:[P2 Fan] layer_id=26 >= after_layers(0), speed=0
[warning]	2026-08-21 22:04:13.095554[Thread 0x00007f22c6be56c0]:[P2 Fan Config] before_layers=0, after_layers=0, before_speed=0, after_speed=0
[warning]	2026-08-21 22:04:13.095590[Thread 0x00007f22c6be56c0]:[P2 Fan] layer_id=27 >= after_layers(0), speed=0
[warning]	2026-08-21 22:04:13.103512[Thread 0x00007f22c67e46c0]:[P2 Fan Config] before_layers=0, after_layers=0, before_speed=0, after_speed=0
[warning]	2026-08-21 22:04:13.103541[Thread 0x00007f22c67e46c0]:[P2 Fan] layer_id=28 >= after_layers(0), speed=0
[warning]	2026-08-21 22:04:13.119046[Thread 0x00007f22c6be56c0]:[P2 Fan Config] before_layers=0, after_layers=0, before_speed=0, after_speed=0
[warning]	2026-08-21 22:04:13.119130[Thread 0x00007f22c6be56c0]:[P2 Fan] layer_id=29 >= after_layers(0), speed=0
[warning]	2026-08-21 22:04:13.127571[Thread 0x00007f22c43fe6c0]:[P2 Fan Config] before_layers=0, after_layers=0, before_speed=0, after_speed=0
[warning]	2026-08-21 22:04:13.127603[Thread 0x00007f22c43fe6c0]:[P2 Fan] layer_id=30 >= after_layers(0), speed=0
[warning]	2026-08-21 22:04:13.135533[Thread 0x00007f22c3ffd6c0]:[P2 Fan Config] before_layers=0, after_layers=0, before_speed=0, after_speed=0
[warning]	2026-08-21 22:04:13.135551[Thread 0x00007f22c3ffd6c0]:[P2 Fan] layer_id=31 >= after_layers(0), speed=0
[warning]	2026-08-21 22:04:13.144490[Thread 0x00007f22c6be56c0]:[P2 Fan Config] before_layers=0, after_layers=0, before_speed=0, after_speed=0
[warning]	2026-08-21 22:04:13.144501[Thread 0x00007f22c6be56c0]:[P2 Fan] layer_id=32 >= after_layers(0), speed=0
[warning]	2026-08-21 22:04:13.148358[Thread 0x00007f22c43fe6c0]:[P2 Fan Config] before_layers=0, after_layers=0, before_speed=0, after_speed=0
[warning]	2026-08-21 22:04:13.148380[Thread 0x00007f22c43fe6c0]:[P2 Fan] layer_id=33 >= after_layers(0), speed=0
[warning]	2026-08-21 22:04:13.164397[Thread 0x00007f22c6be56c0]:[P2 Fan Config] before_layers=0, after_layers=0, before_speed=0, after_speed=0
[warning]	2026-08-21 22:04:13.164443[Thread 0x00007f22c6be56c0]:[P2 Fan] layer_id=34 >= after_layers(0), speed=0
[warning]	2026-08-21 22:04:13.169494[Thread 0x00007f22c67e46c0]:[P2 Fan Config] before_layers=0, after_layers=0, before_speed=0, after_speed=0
[warning]	2026-08-21 22:04:13.169508[Thread 0x00007f22c67e46c0]:[P2 Fan] layer_id=35 >= after_layers(0), speed=0
[warning]	2026-08-21 22:04:13.175956[Thread 0x00007f22b9fe86c0]:[P2 Fan Config] before_layers=0, after_layers=0, before_speed=0, after_speed=0
[warning]	2026-08-21 22:04:13.175966[Thread 0x00007f22b9fe86c0]:[P2 Fan] layer_id=36 >= after_layers(0), speed=0
[warning]	2026-08-21 22:04:13.183770[Thread 0x00007f22c6be56c0]:[P2 Fan Config] before_layers=0, after_layers=0, before_speed=0, after_speed=0
[warning]	2026-08-21 22:04:13.183870[Thread 0x00007f22c6be56c0]:[P2 Fan] layer_id=37 >= after_layers(0), speed=0
[warning]	2026-08-21 22:04:13.192980[Thread 0x00007f22c47ff6c0]:[P2 Fan Config] before_layers=0, after_layers=0, before_speed=0, after_speed=0
[warning]	2026-08-21 22:04:13.193021[Thread 0x00007f22c47ff6c0]:[P2 Fan] layer_id=38 >= after_layers(0), speed=0
[warning]	2026-08-21 22:04:13.201280[Thread 0x00007f22b9fe86c0]:[P2 Fan Config] before_layers=0, after_layers=0, before_speed=0, after_speed=0
[warning]	2026-08-21 22:04:13.201297[Thread 0x00007f22b9fe86c0]:[P2 Fan] layer_id=39 >= after_layers(0), speed=0
[warning]	2026-08-21 22:04:13.205591[Thread 0x00007f22c67e46c0]:[P2 Fan Config] before_layers=0, after_layers=0, before_speed=0, after_speed=0
[warning]	2026-08-21 22:04:13.205601[Thread 0x00007f22c67e46c0]:[P2 Fan] layer_id=40 >= after_layers(0), speed=0
[warning]	2026-08-21 22:04:13.210870[Thread 0x00007f22c3bfc6c0]:[P2 Fan Config] before_layers=0, after_layers=0, before_speed=0, after_speed=0
[warning]	2026-08-21 22:04:13.210881[Thread 0x00007f22c3bfc6c0]:[P2 Fan] layer_id=41 >= after_layers(0), speed=0
[warning]	2026-08-21 22:04:13.218314[Thread 0x00007f22c6be56c0]:[P2 Fan Config] before_layers=0, after_layers=0, before_speed=0, after_speed=0
[warning]	2026-08-21 22:04:13.218338[Thread 0x00007f22c6be56c0]:[P2 Fan] layer_id=42 >= after_layers(0), speed=0
[warning]	2026-08-21 22:04:13.228485[Thread 0x00007f22c67e46c0]:[P2 Fan Config] before_layers=0, after_layers=0, before_speed=0, after_speed=0
[warning]	2026-08-21 22:04:13.228515[Thread 0x00007f22c67e46c0]:[P2 Fan] layer_id=43 >= after_layers(0), speed=0
[warning]	2026-08-21 22:04:13.236330[Thread 0x00007f22c3bfc6c0]:[P2 Fan Config] before_layers=0, after_layers=0, before_speed=0, after_speed=0
[warning]	2026-08-21 22:04:13.236347[Thread 0x00007f22c3bfc6c0]:[P2 Fan] layer_id=44 >= after_layers(0), speed=0
[warning]	2026-08-21 22:04:13.241050[Thread 0x00007f22c73e66c0]:[P2 Fan Config] before_layers=0, after_layers=0, before_speed=0, after_speed=0
[warning]	2026-08-21 22:04:13.241061[Thread 0x00007f22c73e66c0]:[P2 Fan] layer_id=45 >= after_layers(0), speed=0
[warning]	2026-08-21 22:04:13.246984[Thread 0x00007f22b9fe86c0]:[P2 Fan Config] before_layers=0, after_layers=0, before_speed=0, after_speed=0
[warning]	2026-08-21 22:04:13.247002[Thread 0x00007f22b9fe86c0]:[P2 Fan] layer_id=46 >= after_layers(0), speed=0
[warning]	2026-08-21 22:04:13.256269[Thread 0x00007f22c43fe6c0]:[P2 Fan Config] before_layers=0, after_layers=0, before_speed=0, after_speed=0
[warning]	2026-08-21 22:04:13.256445[Thread 0x00007f22c43fe6c0]:[P2 Fan] layer_id=47 >= after_layers(0), speed=0
[warning]	2026-08-21 22:04:13.265684[Thread 0x00007f22c73e66c0]:[P2 Fan Config] before_layers=0, after_layers=0, before_speed=0, after_speed=0
[warning]	2026-08-21 22:04:13.265714[Thread 0x00007f22c73e66c0]:[P2 Fan] layer_id=48 >= after_layers(0), speed=0
[warning]	2026-08-21 22:04:13.272176[Thread 0x00007f22c43fe6c0]:[P2 Fan Config] before_layers=0, after_layers=0, before_speed=0, after_speed=0
[warning]	2026-08-21 22:04:13.272190[Thread 0x00007f22c43fe6c0]:[P2 Fan] layer_id=49 >= after_layers(0), speed=0
[warning]	2026-08-21 22:04:13.277731[Thread 0x00007f22c3bfc6c0]:[P2 Fan Config] before_layers=0, after_layers=0, before_speed=0, after_speed=0
[warning]	2026-08-21 22:04:13.277742[Thread 0x00007f22c3bfc6c0]:[P2 Fan] layer_id=50 >= after_layers(0), speed=0
[warning]	2026-08-21 22:04:13.286046[Thread 0x00007f22c6be56c0]:[P2 Fan Config] before_layers=0, after_layers=0, before_speed=0, after_speed=0
[warning]	2026-08-21 22:04:13.286111[Thread 0x00007f22c6be56c0]:[P2 Fan] layer_id=51 >= after_layers(0), speed=0
[warning]	2026-08-21 22:04:13.295937[Thread 0x00007f22c73e66c0]:[P2 Fan Config] before_layers=0, after_layers=0, before_speed=0, after_speed=0
[warning]	2026-08-21 22:04:13.295980[Thread 0x00007f22c73e66c0]:[P2 Fan] layer_id=52 >= after_layers(0), speed=0
[warning]	2026-08-21 22:04:13.303187[Thread 0x00007f22c3bfc6c0]:[P2 Fan Config] before_layers=0, after_layers=0, before_speed=0, after_speed=0
[warning]	2026-08-21 22:04:13.303204[Thread 0x00007f22c3bfc6c0]:[P2 Fan] layer_id=53 >= after_layers(0), speed=0
[warning]	2026-08-21 22:04:13.308351[Thread 0x00007f22c73e66c0]:[P2 Fan Config] before_layers=0, after_layers=0, before_speed=0, after_speed=0
[warning]	2026-08-21 22:04:13.308361[Thread 0x00007f22c73e66c0]:[P2 Fan] layer_id=54 >= after_layers(0), speed=0
[warning]	2026-08-21 22:04:13.314232[Thread 0x00007f22c3ffd6c0]:[P2 Fan Config] before_layers=0, after_layers=0, before_speed=0, after_speed=0
[warning]	2026-08-21 22:04:13.314251[Thread 0x00007f22c3ffd6c0]:[P2 Fan] layer_id=55 >= after_layers(0), speed=0
[warning]	2026-08-21 22:04:13.327632[Thread 0x00007f22c43fe6c0]:[P2 Fan Config] before_layers=0, after_layers=0, before_speed=0, after_speed=0
[warning]	2026-08-21 22:04:13.327666[Thread 0x00007f22c43fe6c0]:[P2 Fan] layer_id=56 >= after_layers(0), speed=0
[warning]	2026-08-21 22:04:13.336968[Thread 0x00007f22b9fe86c0]:[P2 Fan Config] before_layers=0, after_layers=0, before_speed=0, after_speed=0
[warning]	2026-08-21 22:04:13.336982[Thread 0x00007f22b9fe86c0]:[P2 Fan] layer_id=57 >= after_layers(0), speed=0
[warning]	2026-08-21 22:04:13.343488[Thread 0x00007f22c47ff6c0]:[P2 Fan Config] before_layers=0, after_layers=0, before_speed=0, after_speed=0
[warning]	2026-08-21 22:04:13.343498[Thread 0x00007f22c47ff6c0]:[P2 Fan] layer_id=58 >= after_layers(0), speed=0
[warning]	2026-08-21 22:04:13.355944[Thread 0x00007f22b9fe86c0]:[P2 Fan Config] before_layers=0, after_layers=0, before_speed=0, after_speed=0
[warning]	2026-08-21 22:04:13.356022[Thread 0x00007f22b9fe86c0]:[P2 Fan] layer_id=59 >= after_layers(0), speed=0
[warning]	2026-08-21 22:04:13.372374[Thread 0x00007f22c73e66c0]:[P2 Fan Config] before_layers=0, after_layers=0, before_speed=0, after_speed=0
[warning]	2026-08-21 22:04:13.372388[Thread 0x00007f22c73e66c0]:[P2 Fan] layer_id=60 >= after_layers(0), speed=0
[warning]	2026-08-21 22:04:13.379421[Thread 0x00007f22b9fe86c0]:[P2 Fan Config] before_layers=0, after_layers=0, before_speed=0, after_speed=0
[warning]	2026-08-21 22:04:13.379437[Thread 0x00007f22b9fe86c0]:[P2 Fan] layer_id=61 >= after_layers(0), speed=0
[warning]	2026-08-21 22:04:13.391834[Thread 0x00007f22c73e66c0]:[P2 Fan Config] before_layers=0, after_layers=0, before_speed=0, after_speed=0
[warning]	2026-08-21 22:04:13.391874[Thread 0x00007f22c73e66c0]:[P2 Fan] layer_id=62 >= after_layers(0), speed=0
[warning]	2026-08-21 22:04:13.404676[Thread 0x00007f22b9fe86c0]:[P2 Fan Config] before_layers=0, after_layers=0, before_speed=0, after_speed=0
[warning]	2026-08-21 22:04:13.404692[Thread 0x00007f22b9fe86c0]:[P2 Fan] layer_id=63 >= after_layers(0), speed=0
[warning]	2026-08-21 22:04:13.410905[Thread 0x00007f22c43fe6c0]:[P2 Fan Config] before_layers=0, after_layers=0, before_speed=0, after_speed=0
[warning]	2026-08-21 22:04:13.410916[Thread 0x00007f22c43fe6c0]:[P2 Fan] layer_id=64 >= after_layers(0), speed=0
[warning]	2026-08-21 22:04:13.419085[Thread 0x00007f22b9fe86c0]:[P2 Fan Config] before_layers=0, after_layers=0, before_speed=0, after_speed=0
[warning]	2026-08-21 22:04:13.419164[Thread 0x00007f22b9fe86c0]:[P2 Fan] layer_id=65 >= after_layers(0), speed=0
[warning]	2026-08-21 22:04:13.432621[Thread 0x00007f22c47ff6c0]:[P2 Fan Config] before_layers=0, after_layers=0, before_speed=0, after_speed=0
[warning]	2026-08-21 22:04:13.432653[Thread 0x00007f22c47ff6c0]:[P2 Fan] layer_id=66 >= after_layers(0), speed=0
[warning]	2026-08-21 22:04:13.440042[Thread 0x00007f22c43fe6c0]:[P2 Fan Config] before_layers=0, after_layers=0, before_speed=0, after_speed=0
[warning]	2026-08-21 22:04:13.440055[Thread 0x00007f22c43fe6c0]:[P2 Fan] layer_id=67 >= after_layers(0), speed=0
[warning]	2026-08-21 22:04:13.446233[Thread 0x00007f22c67e46c0]:[P2 Fan Config] before_layers=0, after_layers=0, before_speed=0, after_speed=0
[warning]	2026-08-21 22:04:13.446249[Thread 0x00007f22c67e46c0]:[P2 Fan] layer_id=68 >= after_layers(0), speed=0
[warning]	2026-08-21 22:04:13.464587[Thread 0x00007f22b9fe86c0]:[P2 Fan Config] before_layers=0, after_layers=0, before_speed=0, after_speed=0
[warning]	2026-08-21 22:04:13.464619[Thread 0x00007f22b9fe86c0]:[P2 Fan] layer_id=69 >= after_layers(0), speed=0
[warning]	2026-08-21 22:04:13.475495[Thread 0x00007f22c6be56c0]:[P2 Fan Config] before_layers=0, after_layers=0, before_speed=0, after_speed=0
[warning]	2026-08-21 22:04:13.475509[Thread 0x00007f22c6be56c0]:[P2 Fan] layer_id=70 >= after_layers(0), speed=0
[warning]	2026-08-21 22:04:13.488488[Thread 0x00007f22b9fe86c0]:[P2 Fan Config] before_layers=0, after_layers=0, before_speed=0, after_speed=0
[warning]	2026-08-21 22:04:13.488557[Thread 0x00007f22b9fe86c0]:[P2 Fan] layer_id=71 >= after_layers(0), speed=0
[warning]	2026-08-21 22:04:13.509504[Thread 0x00007f22c47ff6c0]:[P2 Fan Config] before_layers=0, after_layers=0, before_speed=0, after_speed=0
[warning]	2026-08-21 22:04:13.509522[Thread 0x00007f22c47ff6c0]:[P2 Fan] layer_id=72 >= after_layers(0), speed=0
[warning]	2026-08-21 22:04:13.529504[Thread 0x00007f22c73e66c0]:[P2 Fan Config] before_layers=0, after_layers=0, before_speed=0, after_speed=0
[warning]	2026-08-21 22:04:13.529530[Thread 0x00007f22c73e66c0]:[P2 Fan] layer_id=73 >= after_layers(0), speed=0
[warning]	2026-08-21 22:04:13.554874[Thread 0x00007f22b9fe86c0]:[P2 Fan Config] before_layers=0, after_layers=0, before_speed=0, after_speed=0
[warning]	2026-08-21 22:04:13.554893[Thread 0x00007f22b9fe86c0]:[P2 Fan] layer_id=74 >= after_layers(0), speed=0
[warning]	2026-08-21 22:04:13.563910[Thread 0x00007f22c43fe6c0]:[P2 Fan Config] before_layers=0, after_layers=0, before_speed=0, after_speed=0
[warning]	2026-08-21 22:04:13.563976[Thread 0x00007f22c43fe6c0]:[P2 Fan] layer_id=75 >= after_layers(0), speed=0
[warning]	2026-08-21 22:04:13.588790[Thread 0x00007f22c6be56c0]:[P2 Fan Config] before_layers=0, after_layers=0, before_speed=0, after_speed=0
[warning]	2026-08-21 22:04:13.588806[Thread 0x00007f22c6be56c0]:[P2 Fan] layer_id=76 >= after_layers(0), speed=0
[warning]	2026-08-21 22:04:13.605718[Thread 0x00007f22b9fe86c0]:[P2 Fan Config] before_layers=0, after_layers=0, before_speed=0, after_speed=0
[warning]	2026-08-21 22:04:13.605731[Thread 0x00007f22b9fe86c0]:[P2 Fan] layer_id=77 >= after_layers(0), speed=0
[warning]	2026-08-21 22:04:13.624205[Thread 0x00007f22c6be56c0]:[P2 Fan Config] before_layers=0, after_layers=0, before_speed=0, after_speed=0
[warning]	2026-08-21 22:04:13.624229[Thread 0x00007f22c6be56c0]:[P2 Fan] layer_id=78 >= after_layers(0), speed=0
[warning]	2026-08-21 22:04:13.639908[Thread 0x00007f22b9fe86c0]:[P2 Fan Config] before_layers=0, after_layers=0, before_speed=0, after_speed=0
[warning]	2026-08-21 22:04:13.639960[Thread 0x00007f22b9fe86c0]:[P2 Fan] layer_id=79 >= after_layers(0), speed=0
[warning]	2026-08-21 22:04:13.656301[Thread 0x00007f22c3bfc6c0]:[P2 Fan Config] before_layers=0, after_layers=0, before_speed=0, after_speed=0
[warning]	2026-08-21 22:04:13.656336[Thread 0x00007f22c3bfc6c0]:[P2 Fan] layer_id=80 >= after_layers(0), speed=0
[warning]	2026-08-21 22:04:13.671688[Thread 0x00007f22b9fe86c0]:[P2 Fan Config] before_layers=0, after_layers=0, before_speed=0, after_speed=0
[warning]	2026-08-21 22:04:13.671701[Thread 0x00007f22b9fe86c0]:[P2 Fan] layer_id=81 >= after_layers(0), speed=0
[warning]	2026-08-21 22:04:13.684527[Thread 0x00007f22c3bfc6c0]:[P2 Fan Config] before_layers=0, after_layers=0, before_speed=0, after_speed=0
[warning]	2026-08-21 22:04:13.684616[Thread 0x00007f22c3bfc6c0]:[P2 Fan] layer_id=82 >= after_layers(0), speed=0
[warning]	2026-08-21 22:04:13.701516[Thread 0x00007f22b9fe86c0]:[P2 Fan Config] before_layers=0, after_layers=0, before_speed=0, after_speed=0
[warning]	2026-08-21 22:04:13.701529[Thread 0x00007f22b9fe86c0]:[P2 Fan] layer_id=83 >= after_layers(0), speed=0
[warning]	2026-08-21 22:04:13.709379[Thread 0x00007f22c6be56c0]:[P2 Fan Config] before_layers=0, after_layers=0, before_speed=0, after_speed=0
[warning]	2026-08-21 22:04:13.709390[Thread 0x00007f22c6be56c0]:[P2 Fan] layer_id=84 >= after_layers(0), speed=0
[warning]	2026-08-21 22:04:13.726245[Thread 0x00007f22b9fe86c0]:[P2 Fan Config] before_layers=0, after_layers=0, before_speed=0, after_speed=0
[warning]	2026-08-21 22:04:13.726282[Thread 0x00007f22b9fe86c0]:[P2 Fan] layer_id=85 >= after_layers(0), speed=0
[warning]	2026-08-21 22:04:13.737450[Thread 0x00007f22c73e66c0]:[P2 Fan Config] before_layers=0, after_layers=0, before_speed=0, after_speed=0
[warning]	2026-08-21 22:04:13.737465[Thread 0x00007f22c73e66c0]:[P2 Fan] layer_id=86 >= after_layers(0), speed=0
[warning]	2026-08-21 22:04:13.745553[Thread 0x00007f22b9fe86c0]:[P2 Fan Config] before_layers=0, after_layers=0, before_speed=0, after_speed=0
[warning]	2026-08-21 22:04:13.745571[Thread 0x00007f22b9fe86c0]:[P2 Fan] layer_id=87 >= after_layers(0), speed=0
[warning]	2026-08-21 22:04:13.760558[Thread 0x00007f22c67e46c0]:[P2 Fan Config] before_layers=0, after_layers=0, before_speed=0, after_speed=0
[warning]	2026-08-21 22:04:13.760595[Thread 0x00007f22c67e46c0]:[P2 Fan] layer_id=88 >= after_layers(0), speed=0
[warning]	2026-08-21 22:04:13.769890[Thread 0x00007f22b9fe86c0]:[P2 Fan Config] before_layers=0, after_layers=0, before_speed=0, after_speed=0
[warning]	2026-08-21 22:04:13.769904[Thread 0x00007f22b9fe86c0]:[P2 Fan] layer_id=89 >= after_layers(0), speed=0
[warning]	2026-08-21 22:04:13.776731[Thread 0x00007f22c43fe6c0]:[P2 Fan Config] before_layers=0, after_layers=0, before_speed=0, after_speed=0
[warning]	2026-08-21 22:04:13.776749[Thread 0x00007f22c43fe6c0]:[P2 Fan] layer_id=90 >= after_layers(0), speed=0
[warning]	2026-08-21 22:04:13.794071[Thread 0x00007f22b9fe86c0]:[P2 Fan Config] before_layers=0, after_layers=0, before_speed=0, after_speed=0
[warning]	2026-08-21 22:04:13.794108[Thread 0x00007f22b9fe86c0]:[P2 Fan] layer_id=91 >= after_layers(0), speed=0
[warning]	2026-08-21 22:04:13.805159[Thread 0x00007f22c3ffd6c0]:[P2 Fan Config] before_layers=0, after_layers=0, before_speed=0, after_speed=0
[warning]	2026-08-21 22:04:13.805173[Thread 0x00007f22c3ffd6c0]:[P2 Fan] layer_id=92 >= after_layers(0), speed=0
[warning]	2026-08-21 22:04:13.820318[Thread 0x00007f22b9fe86c0]:[P2 Fan Config] before_layers=0, after_layers=0, before_speed=0, after_speed=0
[warning]	2026-08-21 22:04:13.820343[Thread 0x00007f22b9fe86c0]:[P2 Fan] layer_id=93 >= after_layers(0), speed=0
[warning]	2026-08-21 22:04:13.839300[Thread 0x00007f22c6be56c0]:[P2 Fan Config] before_layers=0, after_layers=0, before_speed=0, after_speed=0
[warning]	2026-08-21 22:04:13.839313[Thread 0x00007f22c6be56c0]:[P2 Fan] layer_id=94 >= after_layers(0), speed=0
[warning]	2026-08-21 22:04:13.855232[Thread 0x00007f22c47ff6c0]:[P2 Fan Config] before_layers=0, after_layers=0, before_speed=0, after_speed=0
[warning]	2026-08-21 22:04:13.855256[Thread 0x00007f22c47ff6c0]:[P2 Fan] layer_id=95 >= after_layers(0), speed=0
[warning]	2026-08-21 22:04:13.873763[Thread 0x00007f22b9fe86c0]:[P2 Fan Config] before_layers=0, after_layers=0, before_speed=0, after_speed=0
[warning]	2026-08-21 22:04:13.873786[Thread 0x00007f22b9fe86c0]:[P2 Fan] layer_id=96 >= after_layers(0), speed=0
[warning]	2026-08-21 22:04:13.893828[Thread 0x00007f22c67e46c0]:[P2 Fan Config] before_layers=0, after_layers=0, before_speed=0, after_speed=0
[warning]	2026-08-21 22:04:13.893866[Thread 0x00007f22c67e46c0]:[P2 Fan] layer_id=97 >= after_layers(0), speed=0
[warning]	2026-08-21 22:04:13.907840[Thread 0x00007f22b9fe86c0]:[P2 Fan Config] before_layers=0, after_layers=0, before_speed=0, after_speed=0
[warning]	2026-08-21 22:04:13.907853[Thread 0x00007f22b9fe86c0]:[P2 Fan] layer_id=98 >= after_layers(0), speed=0
[warning]	2026-08-21 22:04:13.933183[Thread 0x00007f22c73e66c0]:[P2 Fan Config] before_layers=0, after_layers=0, before_speed=0, after_speed=0
[warning]	2026-08-21 22:04:13.933205[Thread 0x00007f22c73e66c0]:[P2 Fan] layer_id=99 >= after_layers(0), speed=0
[warning]	2026-08-21 22:04:13.954025[Thread 0x00007f22c6be56c0]:[P2 Fan Config] before_layers=0, after_layers=0, before_speed=0, after_speed=0
[warning]	2026-08-21 22:04:13.954046[Thread 0x00007f22c6be56c0]:[P2 Fan] layer_id=100 >= after_layers(0), speed=0
[warning]	2026-08-21 22:04:13.974132[Thread 0x00007f22c73e66c0]:[P2 Fan Config] before_layers=0, after_layers=0, before_speed=0, after_speed=0
[warning]	2026-08-21 22:04:13.974148[Thread 0x00007f22c73e66c0]:[P2 Fan] layer_id=101 >= after_layers(0), speed=0
[warning]	2026-08-21 22:04:13.997291[Thread 0x00007f22b9fe86c0]:[P2 Fan Config] before_layers=0, after_layers=0, before_speed=0, after_speed=0
[warning]	2026-08-21 22:04:13.997309[Thread 0x00007f22b9fe86c0]:[P2 Fan] layer_id=102 >= after_layers(0), speed=0
[warning]	2026-08-21 22:04:14.010351[Thread 0x00007f22c73e66c0]:[P2 Fan Config] before_layers=0, after_layers=0, before_speed=0, after_speed=0
[warning]	2026-08-21 22:04:14.010372[Thread 0x00007f22c73e66c0]:[P2 Fan] layer_id=103 >= after_layers(0), speed=0
[warning]	2026-08-21 22:04:14.033741[Thread 0x00007f22c67e46c0]:[P2 Fan Config] before_layers=0, after_layers=0, before_speed=0, after_speed=0
[warning]	2026-08-21 22:04:14.033757[Thread 0x00007f22c67e46c0]:[P2 Fan] layer_id=104 >= after_layers(0), speed=0
[warning]	2026-08-21 22:04:14.041651[Thread 0x00007f22c73e66c0]:[P2 Fan Config] before_layers=0, after_layers=0, before_speed=0, after_speed=0
[warning]	2026-08-21 22:04:14.041661[Thread 0x00007f22c73e66c0]:[P2 Fan] layer_id=105 >= after_layers(0), speed=0
[warning]	2026-08-21 22:04:14.054523[Thread 0x00007f22b9fe86c0]:[P2 Fan Config] before_layers=0, after_layers=0, before_speed=0, after_speed=0
[warning]	2026-08-21 22:04:14.054546[Thread 0x00007f22b9fe86c0]:[P2 Fan] layer_id=106 >= after_layers(0), speed=0
[warning]	2026-08-21 22:04:14.067993[Thread 0x00007f22c73e66c0]:[P2 Fan Config] before_layers=0, after_layers=0, before_speed=0, after_speed=0
[warning]	2026-08-21 22:04:14.068009[Thread 0x00007f22c73e66c0]:[P2 Fan] layer_id=107 >= after_layers(0), speed=0
[warning]	2026-08-21 22:04:14.074957[Thread 0x00007f22c43fe6c0]:[P2 Fan Config] before_layers=0, after_layers=0, before_speed=0, after_speed=0
[warning]	2026-08-21 22:04:14.074966[Thread 0x00007f22c43fe6c0]:[P2 Fan] layer_id=108 >= after_layers(0), speed=0
[warning]	2026-08-21 22:04:14.087638[Thread 0x00007f22c67e46c0]:[P2 Fan Config] before_layers=0, after_layers=0, before_speed=0, after_speed=0
[warning]	2026-08-21 22:04:14.087668[Thread 0x00007f22c67e46c0]:[P2 Fan] layer_id=109 >= after_layers(0), speed=0
[warning]	2026-08-21 22:04:14.101920[Thread 0x00007f22c6be56c0]:[P2 Fan Config] before_layers=0, after_layers=0, before_speed=0, after_speed=0
[warning]	2026-08-21 22:04:14.101933[Thread 0x00007f22c6be56c0]:[P2 Fan] layer_id=110 >= after_layers(0), speed=0
[warning]	2026-08-21 22:04:14.107981[Thread 0x00007f22b9fe86c0]:[P2 Fan Config] before_layers=0, after_layers=0, before_speed=0, after_speed=0
[warning]	2026-08-21 22:04:14.108020[Thread 0x00007f22b9fe86c0]:[P2 Fan] layer_id=111 >= after_layers(0), speed=0
[warning]	2026-08-21 22:04:14.118575[Thread 0x00007f22c3bfc6c0]:[P2 Fan Config] before_layers=0, after_layers=0, before_speed=0, after_speed=0
[warning]	2026-08-21 22:04:14.118642[Thread 0x00007f22c3bfc6c0]:[P2 Fan] layer_id=112 >= after_layers(0), speed=0
[warning]	2026-08-21 22:04:14.133925[Thread 0x00007f22b9fe86c0]:[P2 Fan Config] before_layers=0, after_layers=0, before_speed=0, after_speed=0
[warning]	2026-08-21 22:04:14.133939[Thread 0x00007f22b9fe86c0]:[P2 Fan] layer_id=113 >= after_layers(0), speed=0
[warning]	2026-08-21 22:04:14.141660[Thread 0x00007f22c6be56c0]:[P2 Fan Config] before_layers=0, after_layers=0, before_speed=0, after_speed=0
[warning]	2026-08-21 22:04:14.141671[Thread 0x00007f22c6be56c0]:[P2 Fan] layer_id=114 >= after_layers(0), speed=0
[warning]	2026-08-21 22:04:14.158896[Thread 0x00007f22b9fe86c0]:[P2 Fan Config] before_layers=0, after_layers=0, before_speed=0, after_speed=0
[warning]	2026-08-21 22:04:14.158926[Thread 0x00007f22b9fe86c0]:[P2 Fan] layer_id=115 >= after_layers(0), speed=0
[warning]	2026-08-21 22:04:14.174789[Thread 0x00007f22c47ff6c0]:[P2 Fan Config] before_layers=0, after_layers=0, before_speed=0, after_speed=0
[warning]	2026-08-21 22:04:14.174803[Thread 0x00007f22c47ff6c0]:[P2 Fan] layer_id=116 >= after_layers(0), speed=0
[warning]	2026-08-21 22:04:14.191706[Thread 0x00007f22b9fe86c0]:[P2 Fan Config] before_layers=0, after_layers=0, before_speed=0, after_speed=0
[warning]	2026-08-21 22:04:14.191753[Thread 0x00007f22b9fe86c0]:[P2 Fan] layer_id=117 >= after_layers(0), speed=0
[warning]	2026-08-21 22:04:14.205865[Thread 0x00007f22c47ff6c0]:[P2 Fan Config] before_layers=0, after_layers=0, before_speed=0, after_speed=0
[warning]	2026-08-21 22:04:14.205879[Thread 0x00007f22c47ff6c0]:[P2 Fan] layer_id=118 >= after_layers(0), speed=0
[warning]	2026-08-21 22:04:14.218167[Thread 0x00007f22b9fe86c0]:[P2 Fan Config] before_layers=0, after_layers=0, before_speed=0, after_speed=0
[warning]	2026-08-21 22:04:14.218247[Thread 0x00007f22b9fe86c0]:[P2 Fan] layer_id=119 >= after_layers(0), speed=0
[warning]	2026-08-21 22:04:14.235684[Thread 0x00007f22c67e46c0]:[P2 Fan Config] before_layers=0, after_layers=0, before_speed=0, after_speed=0
[warning]	2026-08-21 22:04:14.235697[Thread 0x00007f22c67e46c0]:[P2 Fan] layer_id=120 >= after_layers(0), speed=0
[warning]	2026-08-21 22:04:14.249744[Thread 0x00007f22c73e66c0]:[P2 Fan Config] before_layers=0, after_layers=0, before_speed=0, after_speed=0
[warning]	2026-08-21 22:04:14.249916[Thread 0x00007f22c73e66c0]:[P2 Fan] layer_id=121 >= after_layers(0), speed=0
[warning]	2026-08-21 22:04:14.272101[Thread 0x00007f22c3bfc6c0]:[P2 Fan Config] before_layers=0, after_layers=0, before_speed=0, after_speed=0
[warning]	2026-08-21 22:04:14.272114[Thread 0x00007f22c3bfc6c0]:[P2 Fan] layer_id=122 >= after_layers(0), speed=0
[warning]	2026-08-21 22:04:14.283175[Thread 0x00007f22c73e66c0]:[P2 Fan Config] before_layers=0, after_layers=0, before_speed=0, after_speed=0
[warning]	2026-08-21 22:04:14.283240[Thread 0x00007f22c73e66c0]:[P2 Fan] layer_id=123 >= after_layers(0), speed=0
[warning]	2026-08-21 22:04:14.300738[Thread 0x00007f22b9fe86c0]:[P2 Fan Config] before_layers=0, after_layers=0, before_speed=0, after_speed=0
[warning]	2026-08-21 22:04:14.300752[Thread 0x00007f22b9fe86c0]:[P2 Fan] layer_id=124 >= after_layers(0), speed=0
[warning]	2026-08-21 22:04:14.309290[Thread 0x00007f22c6be56c0]:[P2 Fan Config] before_layers=0, after_layers=0, before_speed=0, after_speed=0
[warning]	2026-08-21 22:04:14.309306[Thread 0x00007f22c6be56c0]:[P2 Fan] layer_id=125 >= after_layers(0), speed=0
[warning]	2026-08-21 22:04:14.328381[Thread 0x00007f22b9fe86c0]:[P2 Fan Config] before_layers=0, after_layers=0, before_speed=0, after_speed=0
[warning]	2026-08-21 22:04:14.328415[Thread 0x00007f22b9fe86c0]:[P2 Fan] layer_id=126 >= after_layers(0), speed=0
[warning]	2026-08-21 22:04:14.338823[Thread 0x00007f22c67e46c0]:[P2 Fan Config] before_layers=0, after_layers=0, before_speed=0, after_speed=0
[warning]	2026-08-21 22:04:14.338836[Thread 0x00007f22c67e46c0]:[P2 Fan] layer_id=127 >= after_layers(0), speed=0
[warning]	2026-08-21 22:04:14.347365[Thread 0x00007f22b9fe86c0]:[P2 Fan Config] before_layers=0, after_layers=0, before_speed=0, after_speed=0
[warning]	2026-08-21 22:04:14.347406[Thread 0x00007f22b9fe86c0]:[P2 Fan] layer_id=128 >= after_layers(0), speed=0
[warning]	2026-08-21 22:04:14.367622[Thread 0x00007f22c3ffd6c0]:[P2 Fan Config] before_layers=0, after_layers=0, before_speed=0, after_speed=0
[warning]	2026-08-21 22:04:14.367641[Thread 0x00007f22c3ffd6c0]:[P2 Fan] layer_id=129 >= after_layers(0), speed=0
[warning]	2026-08-21 22:04:14.378103[Thread 0x00007f22c73e66c0]:[P2 Fan Config] before_layers=0, after_layers=0, before_speed=0, after_speed=0
[warning]	2026-08-21 22:04:14.378130[Thread 0x00007f22c73e66c0]:[P2 Fan] layer_id=130 >= after_layers(0), speed=0
[warning]	2026-08-21 22:04:14.395432[Thread 0x00007f22c47ff6c0]:[P2 Fan Config] before_layers=0, after_layers=0, before_speed=0, after_speed=0
[warning]	2026-08-21 22:04:14.395481[Thread 0x00007f22c47ff6c0]:[P2 Fan] layer_id=131 >= after_layers(0), speed=0
[warning]	2026-08-21 22:04:14.403656[Thread 0x00007f22b9fe86c0]:[P2 Fan Config] before_layers=0, after_layers=0, before_speed=0, after_speed=0
[warning]	2026-08-21 22:04:14.403670[Thread 0x00007f22b9fe86c0]:[P2 Fan] layer_id=132 >= after_layers(0), speed=0
[warning]	2026-08-21 22:04:14.410479[Thread 0x00007f22c47ff6c0]:[P2 Fan Config] before_layers=0, after_layers=0, before_speed=0, after_speed=0
[warning]	2026-08-21 22:04:14.410495[Thread 0x00007f22c47ff6c0]:[P2 Fan] layer_id=133 >= after_layers(0), speed=0
[warning]	2026-08-21 22:04:14.427562[Thread 0x00007f22b9fe86c0]:[P2 Fan Config] before_layers=0, after_layers=0, before_speed=0, after_speed=0
[warning]	2026-08-21 22:04:14.427598[Thread 0x00007f22b9fe86c0]:[P2 Fan] layer_id=134 >= after_layers(0), speed=0
[warning]	2026-08-21 22:04:14.441263[Thread 0x00007f22c47ff6c0]:[P2 Fan Config] before_layers=0, after_layers=0, before_speed=0, after_speed=0
[warning]	2026-08-21 22:04:14.441275[Thread 0x00007f22c47ff6c0]:[P2 Fan] layer_id=135 >= after_layers(0), speed=0
[warning]	2026-08-21 22:04:14.454197[Thread 0x00007f22b9fe86c0]:[P2 Fan Config] before_layers=0, after_layers=0, before_speed=0, after_speed=0
[warning]	2026-08-21 22:04:14.454226[Thread 0x00007f22b9fe86c0]:[P2 Fan] layer_id=136 >= after_layers(0), speed=0
[warning]	2026-08-21 22:04:14.471383[Thread 0x00007f22c43fe6c0]:[P2 Fan Config] before_layers=0, after_layers=0, before_speed=0, after_speed=0
[warning]	2026-08-21 22:04:14.471397[Thread 0x00007f22c43fe6c0]:[P2 Fan] layer_id=137 >= after_layers(0), speed=0
[warning]	2026-08-21 22:04:14.483527[Thread 0x00007f22b9fe86c0]:[P2 Fan Config] before_layers=0, after_layers=0, before_speed=0, after_speed=0
[warning]	2026-08-21 22:04:14.483605[Thread 0x00007f22b9fe86c0]:[P2 Fan] layer_id=138 >= after_layers(0), speed=0
[warning]	2026-08-21 22:04:14.506943[Thread 0x00007f22c6be56c0]:[P2 Fan Config] before_layers=0, after_layers=0, before_speed=0, after_speed=0
[warning]	2026-08-21 22:04:14.506959[Thread 0x00007f22c6be56c0]:[P2 Fan] layer_id=139 >= after_layers(0), speed=0
[warning]	2026-08-21 22:04:14.529126[Thread 0x00007f22c67e46c0]:[P2 Fan Config] before_layers=0, after_layers=0, before_speed=0, after_speed=0
[warning]	2026-08-21 22:04:14.529157[Thread 0x00007f22c67e46c0]:[P2 Fan] layer_id=140 >= after_layers(0), speed=0
[warning]	2026-08-21 22:04:14.542439[Thread 0x00007f22b9fe86c0]:[P2 Fan Config] before_layers=0, after_layers=0, before_speed=0, after_speed=0
[warning]	2026-08-21 22:04:14.542464[Thread 0x00007f22b9fe86c0]:[P2 Fan] layer_id=141 >= after_layers(0), speed=0
[warning]	2026-08-21 22:04:14.565330[Thread 0x00007f22c43fe6c0]:[P2 Fan Config] before_layers=0, after_layers=0, before_speed=0, after_speed=0
[warning]	2026-08-21 22:04:14.565349[Thread 0x00007f22c43fe6c0]:[P2 Fan] layer_id=142 >= after_layers(0), speed=0
[warning]	2026-08-21 22:04:14.582082[Thread 0x00007f22b9fe86c0]:[P2 Fan Config] before_layers=0, after_layers=0, before_speed=0, after_speed=0
[warning]	2026-08-21 22:04:14.582363[Thread 0x00007f22b9fe86c0]:[P2 Fan] layer_id=143 >= after_layers(0), speed=0
[warning]	2026-08-21 22:04:14.603722[Thread 0x00007f22c73e66c0]:[P2 Fan Config] before_layers=0, after_layers=0, before_speed=0, after_speed=0
[warning]	2026-08-21 22:04:14.603736[Thread 0x00007f22c73e66c0]:[P2 Fan] layer_id=144 >= after_layers(0), speed=0
[warning]	2026-08-21 22:04:14.616005[Thread 0x00007f22b9fe86c0]:[P2 Fan Config] before_layers=0, after_layers=0, before_speed=0, after_speed=0
[warning]	2026-08-21 22:04:14.616045[Thread 0x00007f22b9fe86c0]:[P2 Fan] layer_id=145 >= after_layers(0), speed=0
[warning]	2026-08-21 22:04:14.636021[Thread 0x00007f22c73e66c0]:[P2 Fan Config] before_layers=0, after_layers=0, before_speed=0, after_speed=0
[warning]	2026-08-21 22:04:14.636035[Thread 0x00007f22c73e66c0]:[P2 Fan] layer_id=146 >= after_layers(0), speed=0
[warning]	2026-08-21 22:04:14.652008[Thread 0x00007f22c3bfc6c0]:[P2 Fan Config] before_layers=0, after_layers=0, before_speed=0, after_speed=0
[warning]	2026-08-21 22:04:14.652085[Thread 0x00007f22c3bfc6c0]:[P2 Fan] layer_id=147 >= after_layers(0), speed=0
[warning]	2026-08-21 22:04:14.672157[Thread 0x00007f22c47ff6c0]:[P2 Fan Config] before_layers=0, after_layers=0, before_speed=0, after_speed=0
[warning]	2026-08-21 22:04:14.672169[Thread 0x00007f22c47ff6c0]:[P2 Fan] layer_id=148 >= after_layers(0), speed=0
[warning]	2026-08-21 22:04:14.685330[Thread 0x00007f22c3bfc6c0]:[P2 Fan Config] before_layers=0, after_layers=0, before_speed=0, after_speed=0
[warning]	2026-08-21 22:04:14.685394[Thread 0x00007f22c3bfc6c0]:[P2 Fan] layer_id=149 >= after_layers(0), speed=0
[warning]	2026-08-21 22:04:14.703094[Thread 0x00007f22c67e46c0]:[P2 Fan Config] before_layers=0, after_layers=0, before_speed=0, after_speed=0
[warning]	2026-08-21 22:04:14.703109[Thread 0x00007f22c67e46c0]:[P2 Fan] layer_id=150 >= after_layers(0), speed=0
[warning]	2026-08-21 22:04:14.712343[Thread 0x00007f22b9fe86c0]:[P2 Fan Config] before_layers=0, after_layers=0, before_speed=0, after_speed=0
[warning]	2026-08-21 22:04:14.712366[Thread 0x00007f22b9fe86c0]:[P2 Fan] layer_id=151 >= after_layers(0), speed=0
[warning]	2026-08-21 22:04:14.730412[Thread 0x00007f22c67e46c0]:[P2 Fan Config] before_layers=0, after_layers=0, before_speed=0, after_speed=0
[warning]	2026-08-21 22:04:14.730431[Thread 0x00007f22c67e46c0]:[P2 Fan] layer_id=152 >= after_layers(0), speed=0
[warning]	2026-08-21 22:04:14.739279[Thread 0x00007f22b9fe86c0]:[P2 Fan Config] before_layers=0, after_layers=0, before_speed=0, after_speed=0
[warning]	2026-08-21 22:04:14.739288[Thread 0x00007f22b9fe86c0]:[P2 Fan] layer_id=153 >= after_layers(0), speed=0
[warning]	2026-08-21 22:04:14.748722[Thread 0x00007f22c67e46c0]:[P2 Fan Config] before_layers=0, after_layers=0, before_speed=0, after_speed=0
[warning]	2026-08-21 22:04:14.748769[Thread 0x00007f22c67e46c0]:[P2 Fan] layer_id=154 >= after_layers(0), speed=0
[warning]	2026-08-21 22:04:14.765788[Thread 0x00007f22b9fe86c0]:[P2 Fan Config] before_layers=0, after_layers=0, before_speed=0, after_speed=0
[warning]	2026-08-21 22:04:14.765804[Thread 0x00007f22b9fe86c0]:[P2 Fan] layer_id=155 >= after_layers(0), speed=0
[warning]	2026-08-21 22:04:14.774276[Thread 0x00007f22c3ffd6c0]:[P2 Fan Config] before_layers=0, after_layers=0, before_speed=0, after_speed=0
[warning]	2026-08-21 22:04:14.774285[Thread 0x00007f22c3ffd6c0]:[P2 Fan] layer_id=156 >= after_layers(0), speed=0
[warning]	2026-08-21 22:04:14.787357[Thread 0x00007f22c3bfc6c0]:[P2 Fan Config] before_layers=0, after_layers=0, before_speed=0, after_speed=0
[warning]	2026-08-21 22:04:14.787398[Thread 0x00007f22c3bfc6c0]:[P2 Fan] layer_id=157 >= after_layers(0), speed=0
[warning]	2026-08-21 22:04:14.803345[Thread 0x00007f22b9fe86c0]:[P2 Fan Config] before_layers=0, after_layers=0, before_speed=0, after_speed=0
[warning]	2026-08-21 22:04:14.803359[Thread 0x00007f22b9fe86c0]:[P2 Fan] layer_id=158 >= after_layers(0), speed=0
[warning]	2026-08-21 22:04:14.813799[Thread 0x00007f22c73e66c0]:[P2 Fan Config] before_layers=0, after_layers=0, before_speed=0, after_speed=0
[warning]	2026-08-21 22:04:14.813822[Thread 0x00007f22c73e66c0]:[P2 Fan] layer_id=159 >= after_layers(0), speed=0
[warning]	2026-08-21 22:04:14.837834[Thread 0x00007f22b9fe86c0]:[P2 Fan Config] before_layers=0, after_layers=0, before_speed=0, after_speed=0
[warning]	2026-08-21 22:04:14.837850[Thread 0x00007f22b9fe86c0]:[P2 Fan] layer_id=160 >= after_layers(0), speed=0
[warning]	2026-08-21 22:04:14.863062[Thread 0x00007f22c47ff6c0]:[P2 Fan Config] before_layers=0, after_layers=0, before_speed=0, after_speed=0
[warning]	2026-08-21 22:04:14.863092[Thread 0x00007f22c47ff6c0]:[P2 Fan] layer_id=161 >= after_layers(0), speed=0
[warning]	2026-08-21 22:04:14.878171[Thread 0x00007f22b9fe86c0]:[P2 Fan Config] before_layers=0, after_layers=0, before_speed=0, after_speed=0
[warning]	2026-08-21 22:04:14.878194[Thread 0x00007f22b9fe86c0]:[P2 Fan] layer_id=162 >= after_layers(0), speed=0
[warning]	2026-08-21 22:04:14.906715[Thread 0x00007f22c3ffd6c0]:[P2 Fan Config] before_layers=0, after_layers=0, before_speed=0, after_speed=0
[warning]	2026-08-21 22:04:14.906731[Thread 0x00007f22c3ffd6c0]:[P2 Fan] layer_id=163 >= after_layers(0), speed=0
[warning]	2026-08-21 22:04:14.924103[Thread 0x00007f22b9fe86c0]:[P2 Fan Config] before_layers=0, after_layers=0, before_speed=0, after_speed=0
[warning]	2026-08-21 22:04:14.924140[Thread 0x00007f22b9fe86c0]:[P2 Fan] layer_id=164 >= after_layers(0), speed=0
[warning]	2026-08-21 22:04:14.941315[Thread 0x00007f22c6be56c0]:[P2 Fan Config] before_layers=0, after_layers=0, before_speed=0, after_speed=0
[warning]	2026-08-21 22:04:14.941328[Thread 0x00007f22c6be56c0]:[P2 Fan] layer_id=165 >= after_layers(0), speed=0
[warning]	2026-08-21 22:04:14.964969[Thread 0x00007f22c47ff6c0]:[P2 Fan Config] before_layers=0, after_layers=0, before_speed=0, after_speed=0
[warning]	2026-08-21 22:04:14.964991[Thread 0x00007f22c47ff6c0]:[P2 Fan] layer_id=166 >= after_layers(0), speed=0
[warning]	2026-08-21 22:04:14.983023[Thread 0x00007f22c3ffd6c0]:[P2 Fan Config] before_layers=0, after_layers=0, before_speed=0, after_speed=0
[warning]	2026-08-21 22:04:14.983074[Thread 0x00007f22c3ffd6c0]:[P2 Fan] layer_id=167 >= after_layers(0), speed=0
[warning]	2026-08-21 22:04:15.000680[Thread 0x00007f22c47ff6c0]:[P2 Fan Config] before_layers=0, after_layers=0, before_speed=0, after_speed=0
[warning]	2026-08-21 22:04:15.000695[Thread 0x00007f22c47ff6c0]:[P2 Fan] layer_id=168 >= after_layers(0), speed=0
[warning]	2026-08-21 22:04:15.009797[Thread 0x00007f22c73e66c0]:[P2 Fan Config] before_layers=0, after_layers=0, before_speed=0, after_speed=0
[warning]	2026-08-21 22:04:15.009813[Thread 0x00007f22c73e66c0]:[P2 Fan] layer_id=169 >= after_layers(0), speed=0
[warning]	2026-08-21 22:04:15.025015[Thread 0x00007f22b9fe86c0]:[P2 Fan Config] before_layers=0, after_layers=0, before_speed=0, after_speed=0
[warning]	2026-08-21 22:04:15.025042[Thread 0x00007f22b9fe86c0]:[P2 Fan] layer_id=170 >= after_layers(0), speed=0
[warning]	2026-08-21 22:04:15.038599[Thread 0x00007f22c47ff6c0]:[P2 Fan Config] before_layers=0, after_layers=0, before_speed=0, after_speed=0
[warning]	2026-08-21 22:04:15.038615[Thread 0x00007f22c47ff6c0]:[P2 Fan] layer_id=171 >= after_layers(0), speed=0
[warning]	2026-08-21 22:04:15.046674[Thread 0x00007f22b9fe86c0]:[P2 Fan Config] before_layers=0, after_layers=0, before_speed=0, after_speed=0
[warning]	2026-08-21 22:04:15.046694[Thread 0x00007f22b9fe86c0]:[P2 Fan] layer_id=172 >= after_layers(0), speed=0
[warning]	2026-08-21 22:04:15.061089[Thread 0x00007f22c3ffd6c0]:[P2 Fan Config] before_layers=0, after_layers=0, before_speed=0, after_speed=0
[warning]	2026-08-21 22:04:15.061119[Thread 0x00007f22c3ffd6c0]:[P2 Fan] layer_id=173 >= after_layers(0), speed=0
[warning]	2026-08-21 22:04:15.070009[Thread 0x00007f22b9fe86c0]:[P2 Fan Config] before_layers=0, after_layers=0, before_speed=0, after_speed=0
[warning]	2026-08-21 22:04:15.070025[Thread 0x00007f22b9fe86c0]:[P2 Fan] layer_id=174 >= after_layers(0), speed=0
[warning]	2026-08-21 22:04:15.075011[Thread 0x00007f22c3ffd6c0]:[P2 Fan Config] before_layers=0, after_layers=0, before_speed=0, after_speed=0
[warning]	2026-08-21 22:04:15.075053[Thread 0x00007f22c3ffd6c0]:[P2 Fan] layer_id=175 >= after_layers(0), speed=0
[warning]	2026-08-21 22:04:15.083598[Thread 0x00007f22c43fe6c0]:[P2 Fan Config] before_layers=0, after_layers=0, before_speed=0, after_speed=0
[warning]	2026-08-21 22:04:15.083663[Thread 0x00007f22c43fe6c0]:[P2 Fan] layer_id=176 >= after_layers(0), speed=0
[warning]	2026-08-21 22:04:15.098989[Thread 0x00007f22c6be56c0]:[P2 Fan Config] before_layers=0, after_layers=0, before_speed=0, after_speed=0
[warning]	2026-08-21 22:04:15.099008[Thread 0x00007f22c6be56c0]:[P2 Fan] layer_id=177 >= after_layers(0), speed=0
[warning]	2026-08-21 22:04:15.110571[Thread 0x00007f22c47ff6c0]:[P2 Fan Config] before_layers=0, after_layers=0, before_speed=0, after_speed=0
[warning]	2026-08-21 22:04:15.110591[Thread 0x00007f22c47ff6c0]:[P2 Fan] layer_id=178 >= after_layers(0), speed=0
[warning]	2026-08-21 22:04:15.130737[Thread 0x00007f22c6be56c0]:[P2 Fan Config] before_layers=0, after_layers=0, before_speed=0, after_speed=0
[warning]	2026-08-21 22:04:15.130805[Thread 0x00007f22c6be56c0]:[P2 Fan] layer_id=179 >= after_layers(0), speed=0
[warning]	2026-08-21 22:04:15.139535[Thread 0x00007f22c43fe6c0]:[P2 Fan Config] before_layers=0, after_layers=0, before_speed=0, after_speed=0
[warning]	2026-08-21 22:04:15.139554[Thread 0x00007f22c43fe6c0]:[P2 Fan] layer_id=180 >= after_layers(0), speed=0
[warning]	2026-08-21 22:04:15.149305[Thread 0x00007f22c3bfc6c0]:[P2 Fan Config] before_layers=0, after_layers=0, before_speed=0, after_speed=0
[warning]	2026-08-21 22:04:15.149335[Thread 0x00007f22c3bfc6c0]:[P2 Fan] layer_id=181 >= after_layers(0), speed=0
[warning]	2026-08-21 22:04:15.171333[Thread 0x00007f22c43fe6c0]:[P2 Fan Config] before_layers=0, after_layers=0, before_speed=0, after_speed=0
[warning]	2026-08-21 22:04:15.171355[Thread 0x00007f22c43fe6c0]:[P2 Fan] layer_id=182 >= after_layers(0), speed=0
[warning]	2026-08-21 22:04:15.186250[Thread 0x00007f22c3bfc6c0]:[P2 Fan Config] before_layers=0, after_layers=0, before_speed=0, after_speed=0
[warning]	2026-08-21 22:04:15.186326[Thread 0x00007f22c3bfc6c0]:[P2 Fan] layer_id=183 >= after_layers(0), speed=0
[warning]	2026-08-21 22:04:15.206511[Thread 0x00007f22c43fe6c0]:[P2 Fan Config] before_layers=0, after_layers=0, before_speed=0, after_speed=0
[warning]	2026-08-21 22:04:15.206528[Thread 0x00007f22c43fe6c0]:[P2 Fan] layer_id=184 >= after_layers(0), speed=0
[warning]	2026-08-21 22:04:15.222443[Thread 0x00007f22c73e66c0]:[P2 Fan Config] before_layers=0, after_layers=0, before_speed=0, after_speed=0
[warning]	2026-08-21 22:04:15.222558[Thread 0x00007f22c73e66c0]:[P2 Fan] layer_id=185 >= after_layers(0), speed=0
[warning]	2026-08-21 22:04:15.244720[Thread 0x00007f22c67e46c0]:[P2 Fan Config] before_layers=0, after_layers=0, before_speed=0, after_speed=0
[warning]	2026-08-21 22:04:15.244736[Thread 0x00007f22c67e46c0]:[P2 Fan] layer_id=186 >= after_layers(0), speed=0
[warning]	2026-08-21 22:04:15.276652[Thread 0x00007f22c6be56c0]:[P2 Fan Config] before_layers=0, after_layers=0, before_speed=0, after_speed=0
[warning]	2026-08-21 22:04:15.276669[Thread 0x00007f22c6be56c0]:[P2 Fan] layer_id=187 >= after_layers(0), speed=0
[warning]	2026-08-21 22:04:15.290900[Thread 0x00007f22b9fe86c0]:[P2 Fan Config] before_layers=0, after_layers=0, before_speed=0, after_speed=0
[warning]	2026-08-21 22:04:15.290986[Thread 0x00007f22b9fe86c0]:[P2 Fan] layer_id=188 >= after_layers(0), speed=0
[warning]	2026-08-21 22:04:15.314320[Thread 0x00007f22c3bfc6c0]:[P2 Fan Config] before_layers=0, after_layers=0, before_speed=0, after_speed=0
[warning]	2026-08-21 22:04:15.314349[Thread 0x00007f22c3bfc6c0]:[P2 Fan] layer_id=189 >= after_layers(0), speed=0
[warning]	2026-08-21 22:04:15.348184[Thread 0x00007f22c3ffd6c0]:[P2 Fan Config] before_layers=0, after_layers=0, before_speed=0, after_speed=0
[warning]	2026-08-21 22:04:15.348215[Thread 0x00007f22c3ffd6c0]:[P2 Fan] layer_id=190 >= after_layers(0), speed=0
[warning]	2026-08-21 22:04:15.376199[Thread 0x00007f22b9fe86c0]:[P2 Fan Config] before_layers=0, after_layers=0, before_speed=0, after_speed=0
[warning]	2026-08-21 22:04:15.376222[Thread 0x00007f22b9fe86c0]:[P2 Fan] layer_id=191 >= after_layers(0), speed=0
[warning]	2026-08-21 22:04:15.393991[Thread 0x00007f22c3ffd6c0]:[P2 Fan Config] before_layers=0, after_layers=0, before_speed=0, after_speed=0
[warning]	2026-08-21 22:04:15.394035[Thread 0x00007f22c3ffd6c0]:[P2 Fan] layer_id=192 >= after_layers(0), speed=0
[warning]	2026-08-21 22:04:15.412245[Thread 0x00007f22b9fe86c0]:[P2 Fan Config] before_layers=0, after_layers=0, before_speed=0, after_speed=0
[warning]	2026-08-21 22:04:15.412267[Thread 0x00007f22b9fe86c0]:[P2 Fan] layer_id=193 >= after_layers(0), speed=0
[warning]	2026-08-21 22:04:15.425163[Thread 0x00007f22c3bfc6c0]:[P2 Fan Config] before_layers=0, after_layers=0, before_speed=0, after_speed=0
[warning]	2026-08-21 22:04:15.425234[Thread 0x00007f22c3bfc6c0]:[P2 Fan] layer_id=194 >= after_layers(0), speed=0
[warning]	2026-08-21 22:04:15.442545[Thread 0x00007f22b9fe86c0]:[P2 Fan Config] before_layers=0, after_layers=0, before_speed=0, after_speed=0
[warning]	2026-08-21 22:04:15.442563[Thread 0x00007f22b9fe86c0]:[P2 Fan] layer_id=195 >= after_layers(0), speed=0
[warning]	2026-08-21 22:04:15.455023[Thread 0x00007f22c3bfc6c0]:[P2 Fan Config] before_layers=0, after_layers=0, before_speed=0, after_speed=0
[warning]	2026-08-21 22:04:15.455078[Thread 0x00007f22c3bfc6c0]:[P2 Fan] layer_id=196 >= after_layers(0), speed=0
[warning]	2026-08-21 22:04:15.473691[Thread 0x00007f22b9fe86c0]:[P2 Fan Config] before_layers=0, after_layers=0, before_speed=0, after_speed=0
[warning]	2026-08-21 22:04:15.473711[Thread 0x00007f22b9fe86c0]:[P2 Fan] layer_id=197 >= after_layers(0), speed=0
[warning]	2026-08-21 22:04:15.486365[Thread 0x00007f22c67e46c0]:[P2 Fan Config] before_layers=0, after_layers=0, before_speed=0, after_speed=0
[warning]	2026-08-21 22:04:15.486416[Thread 0x00007f22c67e46c0]:[P2 Fan] layer_id=198 >= after_layers(0), speed=0
[warning]	2026-08-21 22:04:15.504136[Thread 0x00007f22c6be56c0]:[P2 Fan Config] before_layers=0, after_layers=0, before_speed=0, after_speed=0
[warning]	2026-08-21 22:04:15.504158[Thread 0x00007f22c6be56c0]:[P2 Fan] layer_id=199 >= after_layers(0), speed=0
[warning]	2026-08-21 22:04:15.519573[Thread 0x00007f22c47ff6c0]:[P2 Fan Config] before_layers=0, after_layers=0, before_speed=0, after_speed=0
[warning]	2026-08-21 22:04:15.519623[Thread 0x00007f22c47ff6c0]:[P2 Fan] layer_id=200 >= after_layers(0), speed=0
[warning]	2026-08-21 22:04:15.537097[Thread 0x00007f22c6be56c0]:[P2 Fan Config] before_layers=0, after_layers=0, before_speed=0, after_speed=0
[warning]	2026-08-21 22:04:15.537114[Thread 0x00007f22c6be56c0]:[P2 Fan] layer_id=201 >= after_layers(0), speed=0
[warning]	2026-08-21 22:04:15.547904[Thread 0x00007f22b9fe86c0]:[P2 Fan Config] before_layers=0, after_layers=0, before_speed=0, after_speed=0
[warning]	2026-08-21 22:04:15.547929[Thread 0x00007f22b9fe86c0]:[P2 Fan] layer_id=202 >= after_layers(0), speed=0
[warning]	2026-08-21 22:04:15.565675[Thread 0x00007f22c3bfc6c0]:[P2 Fan Config] before_layers=0, after_layers=0, before_speed=0, after_speed=0
[warning]	2026-08-21 22:04:15.565715[Thread 0x00007f22c3bfc6c0]:[P2 Fan] layer_id=203 >= after_layers(0), speed=0
[warning]	2026-08-21 22:04:15.584443[Thread 0x00007f22b9fe86c0]:[P2 Fan Config] before_layers=0, after_layers=0, before_speed=0, after_speed=0
[warning]	2026-08-21 22:04:15.584483[Thread 0x00007f22b9fe86c0]:[P2 Fan] layer_id=204 >= after_layers(0), speed=0
[warning]	2026-08-21 22:04:15.606807[Thread 0x00007f22c43fe6c0]:[P2 Fan Config] before_layers=0, after_layers=0, before_speed=0, after_speed=0
[warning]	2026-08-21 22:04:15.606821[Thread 0x00007f22c43fe6c0]:[P2 Fan] layer_id=205 >= after_layers(0), speed=0
[warning]	2026-08-21 22:04:15.617006[Thread 0x00007f22b9fe86c0]:[P2 Fan Config] before_layers=0, after_layers=0, before_speed=0, after_speed=0
[warning]	2026-08-21 22:04:15.617032[Thread 0x00007f22b9fe86c0]:[P2 Fan] layer_id=206 >= after_layers(0), speed=0
[warning]	2026-08-21 22:04:15.638707[Thread 0x00007f22c3ffd6c0]:[P2 Fan Config] before_layers=0, after_layers=0, before_speed=0, after_speed=0
[warning]	2026-08-21 22:04:15.638769[Thread 0x00007f22c3ffd6c0]:[P2 Fan] layer_id=207 >= after_layers(0), speed=0
[warning]	2026-08-21 22:04:15.652444[Thread 0x00007f22b9fe86c0]:[P2 Fan Config] before_layers=0, after_layers=0, before_speed=0, after_speed=0
[warning]	2026-08-21 22:04:15.652514[Thread 0x00007f22b9fe86c0]:[P2 Fan] layer_id=208 >= after_layers(0), speed=0
[warning]	2026-08-21 22:04:15.671777[Thread 0x00007f22c3bfc6c0]:[P2 Fan Config] before_layers=0, after_layers=0, before_speed=0, after_speed=0
[warning]	2026-08-21 22:04:15.671937[Thread 0x00007f22c3bfc6c0]:[P2 Fan] layer_id=209 >= after_layers(0), speed=0
[warning]	2026-08-21 22:04:15.683558[Thread 0x00007f22b9fe86c0]:[P2 Fan Config] before_layers=0, after_layers=0, before_speed=0, after_speed=0
[warning]	2026-08-21 22:04:15.683590[Thread 0x00007f22b9fe86c0]:[P2 Fan] layer_id=210 >= after_layers(0), speed=0
[warning]	2026-08-21 22:04:15.703808[Thread 0x00007f22c3ffd6c0]:[P2 Fan Config] before_layers=0, after_layers=0, before_speed=0, after_speed=0
[warning]	2026-08-21 22:04:15.703824[Thread 0x00007f22c3ffd6c0]:[P2 Fan] layer_id=211 >= after_layers(0), speed=0
[warning]	2026-08-21 22:04:15.714671[Thread 0x00007f22c47ff6c0]:[P2 Fan Config] before_layers=0, after_layers=0, before_speed=0, after_speed=0
[warning]	2026-08-21 22:04:15.714695[Thread 0x00007f22c47ff6c0]:[P2 Fan] layer_id=212 >= after_layers(0), speed=0
[warning]	2026-08-21 22:04:15.734208[Thread 0x00007f22c67e46c0]:[P2 Fan Config] before_layers=0, after_layers=0, before_speed=0, after_speed=0
[warning]	2026-08-21 22:04:15.734239[Thread 0x00007f22c67e46c0]:[P2 Fan] layer_id=213 >= after_layers(0), speed=0
[warning]	2026-08-21 22:04:15.747834[Thread 0x00007f22b9fe86c0]:[P2 Fan Config] before_layers=0, after_layers=0, before_speed=0, after_speed=0
[warning]	2026-08-21 22:04:15.747867[Thread 0x00007f22b9fe86c0]:[P2 Fan] layer_id=214 >= after_layers(0), speed=0
[warning]	2026-08-21 22:04:15.763899[Thread 0x00007f22c3bfc6c0]:[P2 Fan Config] before_layers=0, after_layers=0, before_speed=0, after_speed=0
[warning]	2026-08-21 22:04:15.763946[Thread 0x00007f22c3bfc6c0]:[P2 Fan] layer_id=215 >= after_layers(0), speed=0
[warning]	2026-08-21 22:04:15.776490[Thread 0x00007f22b9fe86c0]:[P2 Fan Config] before_layers=0, after_layers=0, before_speed=0, after_speed=0
[warning]	2026-08-21 22:04:15.776503[Thread 0x00007f22b9fe86c0]:[P2 Fan] layer_id=216 >= after_layers(0), speed=0
[warning]	2026-08-21 22:04:15.785073[Thread 0x00007f22c67e46c0]:[P2 Fan Config] before_layers=0, after_layers=0, before_speed=0, after_speed=0
[warning]	2026-08-21 22:04:15.785093[Thread 0x00007f22c67e46c0]:[P2 Fan] layer_id=217 >= after_layers(0), speed=0
[warning]	2026-08-21 22:04:15.803777[Thread 0x00007f22b9fe86c0]:[P2 Fan Config] before_layers=0, after_layers=0, before_speed=0, after_speed=0
[warning]	2026-08-21 22:04:15.803799[Thread 0x00007f22b9fe86c0]:[P2 Fan] layer_id=218 >= after_layers(0), speed=0
[warning]	2026-08-21 22:04:15.811267[Thread 0x00007f22c73e66c0]:[P2 Fan Config] before_layers=0, after_layers=0, before_speed=0, after_speed=0
[warning]	2026-08-21 22:04:15.811277[Thread 0x00007f22c73e66c0]:[P2 Fan] layer_id=219 >= after_layers(0), speed=0
[warning]	2026-08-21 22:04:15.820329[Thread 0x00007f22b9fe86c0]:[P2 Fan Config] before_layers=0, after_layers=0, before_speed=0, after_speed=0
[warning]	2026-08-21 22:04:15.820401[Thread 0x00007f22b9fe86c0]:[P2 Fan] layer_id=220 >= after_layers(0), speed=0
[warning]	2026-08-21 22:04:15.835661[Thread 0x00007f22c43fe6c0]:[P2 Fan Config] before_layers=0, after_layers=0, before_speed=0, after_speed=0
[warning]	2026-08-21 22:04:15.835689[Thread 0x00007f22c43fe6c0]:[P2 Fan] layer_id=221 >= after_layers(0), speed=0
[warning]	2026-08-21 22:04:15.845705[Thread 0x00007f22b9fe86c0]:[P2 Fan Config] before_layers=0, after_layers=0, before_speed=0, after_speed=0
[warning]	2026-08-21 22:04:15.845718[Thread 0x00007f22b9fe86c0]:[P2 Fan] layer_id=222 >= after_layers(0), speed=0
[warning]	2026-08-21 22:04:15.859132[Thread 0x00007f22c3bfc6c0]:[P2 Fan Config] before_layers=0, after_layers=0, before_speed=0, after_speed=0
[warning]	2026-08-21 22:04:15.859191[Thread 0x00007f22c3bfc6c0]:[P2 Fan] layer_id=223 >= after_layers(0), speed=0
[warning]	2026-08-21 22:04:15.875210[Thread 0x00007f22c47ff6c0]:[P2 Fan Config] before_layers=0, after_layers=0, before_speed=0, after_speed=0
[warning]	2026-08-21 22:04:15.875224[Thread 0x00007f22c47ff6c0]:[P2 Fan] layer_id=224 >= after_layers(0), speed=0
[warning]	2026-08-21 22:04:15.888209[Thread 0x00007f22c6be56c0]:[P2 Fan Config] before_layers=0, after_layers=0, before_speed=0, after_speed=0
[warning]	2026-08-21 22:04:15.888299[Thread 0x00007f22c6be56c0]:[P2 Fan] layer_id=225 >= after_layers(0), speed=0
[warning]	2026-08-21 22:04:15.908892[Thread 0x00007f22b9fe86c0]:[P2 Fan Config] before_layers=0, after_layers=0, before_speed=0, after_speed=0
[warning]	2026-08-21 22:04:15.908907[Thread 0x00007f22b9fe86c0]:[P2 Fan] layer_id=226 >= after_layers(0), speed=0
[warning]	2026-08-21 22:04:15.918708[Thread 0x00007f22c6be56c0]:[P2 Fan Config] before_layers=0, after_layers=0, before_speed=0, after_speed=0
[warning]	2026-08-21 22:04:15.918731[Thread 0x00007f22c6be56c0]:[P2 Fan] layer_id=227 >= after_layers(0), speed=0
[warning]	2026-08-21 22:04:15.943071[Thread 0x00007f22b9fe86c0]:[P2 Fan Config] before_layers=0, after_layers=0, before_speed=0, after_speed=0
[warning]	2026-08-21 22:04:15.943091[Thread 0x00007f22b9fe86c0]:[P2 Fan] layer_id=228 >= after_layers(0), speed=0
[warning]	2026-08-21 22:04:15.963347[Thread 0x00007f22c73e66c0]:[P2 Fan Config] before_layers=0, after_layers=0, before_speed=0, after_speed=0
[warning]	2026-08-21 22:04:15.963377[Thread 0x00007f22c73e66c0]:[P2 Fan] layer_id=229 >= after_layers(0), speed=0
[warning]	2026-08-21 22:04:15.982660[Thread 0x00007f22b9fe86c0]:[P2 Fan Config] before_layers=0, after_layers=0, before_speed=0, after_speed=0
[warning]	2026-08-21 22:04:15.982681[Thread 0x00007f22b9fe86c0]:[P2 Fan] layer_id=230 >= after_layers(0), speed=0
[warning]	2026-08-21 22:04:16.014853[Thread 0x00007f22c67e46c0]:[P2 Fan Config] before_layers=0, after_layers=0, before_speed=0, after_speed=0
[warning]	2026-08-21 22:04:16.014882[Thread 0x00007f22c67e46c0]:[P2 Fan] layer_id=231 >= after_layers(0), speed=0
[warning]	2026-08-21 22:04:16.041978[Thread 0x00007f22c47ff6c0]:[P2 Fan Config] before_layers=0, after_layers=0, before_speed=0, after_speed=0
[warning]	2026-08-21 22:04:16.041993[Thread 0x00007f22c47ff6c0]:[P2 Fan] layer_id=232 >= after_layers(0), speed=0
[warning]	2026-08-21 22:04:16.053338[Thread 0x00007f22c73e66c0]:[P2 Fan Config] before_layers=0, after_layers=0, before_speed=0, after_speed=0
[warning]	2026-08-21 22:04:16.053390[Thread 0x00007f22c73e66c0]:[P2 Fan] layer_id=233 >= after_layers(0), speed=0
[warning]	2026-08-21 22:04:16.075325[Thread 0x00007f22b9fe86c0]:[P2 Fan Config] before_layers=0, after_layers=0, before_speed=0, after_speed=0
[warning]	2026-08-21 22:04:16.075347[Thread 0x00007f22b9fe86c0]:[P2 Fan] layer_id=234 >= after_layers(0), speed=0
[warning]	2026-08-21 22:04:16.085484[Thread 0x00007f22c3bfc6c0]:[P2 Fan Config] before_layers=0, after_layers=0, before_speed=0, after_speed=0
[warning]	2026-08-21 22:04:16.085504[Thread 0x00007f22c3bfc6c0]:[P2 Fan] layer_id=235 >= after_layers(0), speed=0
[warning]	2026-08-21 22:04:16.107612[Thread 0x00007f22c47ff6c0]:[P2 Fan Config] before_layers=0, after_layers=0, before_speed=0, after_speed=0
[warning]	2026-08-21 22:04:16.107634[Thread 0x00007f22c47ff6c0]:[P2 Fan] layer_id=236 >= after_layers(0), speed=0
[warning]	2026-08-21 22:04:16.119450[Thread 0x00007f22c67e46c0]:[P2 Fan Config] before_layers=0, after_layers=0, before_speed=0, after_speed=0
[warning]	2026-08-21 22:04:16.119504[Thread 0x00007f22c67e46c0]:[P2 Fan] layer_id=237 >= after_layers(0), speed=0
[warning]	2026-08-21 22:04:16.136301[Thread 0x00007f22c6be56c0]:[P2 Fan Config] before_layers=0, after_layers=0, before_speed=0, after_speed=0
[warning]	2026-08-21 22:04:16.136322[Thread 0x00007f22c6be56c0]:[P2 Fan] layer_id=238 >= after_layers(0), speed=0
[warning]	2026-08-21 22:04:16.146758[Thread 0x00007f22b9fe86c0]:[P2 Fan Config] before_layers=0, after_layers=0, before_speed=0, after_speed=0
[warning]	2026-08-21 22:04:16.146822[Thread 0x00007f22b9fe86c0]:[P2 Fan] layer_id=239 >= after_layers(0), speed=0
[warning]	2026-08-21 22:04:16.156377[Thread 0x00007f22c73e66c0]:[P2 Fan Config] before_layers=0, after_layers=0, before_speed=0, after_speed=0
[warning]	2026-08-21 22:04:16.156449[Thread 0x00007f22c73e66c0]:[P2 Fan] layer_id=240 >= after_layers(0), speed=0
[warning]	2026-08-21 22:04:16.173650[Thread 0x00007f22c43fe6c0]:[P2 Fan Config] before_layers=0, after_layers=0, before_speed=0, after_speed=0
[warning]	2026-08-21 22:04:16.173669[Thread 0x00007f22c43fe6c0]:[P2 Fan] layer_id=241 >= after_layers(0), speed=0
[warning]	2026-08-21 22:04:16.180560[Thread 0x00007f22c73e66c0]:[P2 Fan Config] before_layers=0, after_layers=0, before_speed=0, after_speed=0
[warning]	2026-08-21 22:04:16.180569[Thread 0x00007f22c73e66c0]:[P2 Fan] layer_id=242 >= after_layers(0), speed=0
[warning]	2026-08-21 22:04:16.187125[Thread 0x00007f22c43fe6c0]:[P2 Fan Config] before_layers=0, after_layers=0, before_speed=0, after_speed=0
[warning]	2026-08-21 22:04:16.187144[Thread 0x00007f22c43fe6c0]:[P2 Fan] layer_id=243 >= after_layers(0), speed=0
[warning]	2026-08-21 22:04:16.204741[Thread 0x00007f22b9fe86c0]:[P2 Fan Config] before_layers=0, after_layers=0, before_speed=0, after_speed=0
[warning]	2026-08-21 22:04:16.204774[Thread 0x00007f22b9fe86c0]:[P2 Fan] layer_id=244 >= after_layers(0), speed=0
[warning]	2026-08-21 22:04:16.214228[Thread 0x00007f22c67e46c0]:[P2 Fan Config] before_layers=0, after_layers=0, before_speed=0, after_speed=0
[warning]	2026-08-21 22:04:16.214239[Thread 0x00007f22c67e46c0]:[P2 Fan] layer_id=245 >= after_layers(0), speed=0
[warning]	2026-08-21 22:04:16.226650[Thread 0x00007f22b9fe86c0]:[P2 Fan Config] before_layers=0, after_layers=0, before_speed=0, after_speed=0
[warning]	2026-08-21 22:04:16.226723[Thread 0x00007f22b9fe86c0]:[P2 Fan] layer_id=246 >= after_layers(0), speed=0
[warning]	2026-08-21 22:04:16.245289[Thread 0x00007f22c3ffd6c0]:[P2 Fan Config] before_layers=0, after_layers=0, before_speed=0, after_speed=0
[warning]	2026-08-21 22:04:16.245302[Thread 0x00007f22c3ffd6c0]:[P2 Fan] layer_id=247 >= after_layers(0), speed=0
[warning]	2026-08-21 22:04:16.257190[Thread 0x00007f22b9fe86c0]:[P2 Fan Config] before_layers=0, after_layers=0, before_speed=0, after_speed=0
[warning]	2026-08-21 22:04:16.257250[Thread 0x00007f22b9fe86c0]:[P2 Fan] layer_id=248 >= after_layers(0), speed=0
[warning]	2026-08-21 22:04:16.275202[Thread 0x00007f22c3bfc6c0]:[P2 Fan Config] before_layers=0, after_layers=0, before_speed=0, after_speed=0
[warning]	2026-08-21 22:04:16.275218[Thread 0x00007f22c3bfc6c0]:[P2 Fan] layer_id=249 >= after_layers(0), speed=0
[warning]	2026-08-21 22:04:16.284648[Thread 0x00007f22b9fe86c0]:[P2 Fan Config] before_layers=0, after_layers=0, before_speed=0, after_speed=0
[warning]	2026-08-21 22:04:16.284664[Thread 0x00007f22b9fe86c0]:[P2 Fan] layer_id=250 >= after_layers(0), speed=0
[warning]	2026-08-21 22:04:16.305949[Thread 0x00007f22c3bfc6c0]:[P2 Fan Config] before_layers=0, after_layers=0, before_speed=0, after_speed=0
[warning]	2026-08-21 22:04:16.305966[Thread 0x00007f22c3bfc6c0]:[P2 Fan] layer_id=251 >= after_layers(0), speed=0
[warning]	2026-08-21 22:04:16.316138[Thread 0x00007f22b9fe86c0]:[P2 Fan Config] before_layers=0, after_layers=0, before_speed=0, after_speed=0
[warning]	2026-08-21 22:04:16.316149[Thread 0x00007f22b9fe86c0]:[P2 Fan] layer_id=252 >= after_layers(0), speed=0
[warning]	2026-08-21 22:04:16.332983[Thread 0x00007f22c67e46c0]:[P2 Fan Config] before_layers=0, after_layers=0, before_speed=0, after_speed=0
[warning]	2026-08-21 22:04:16.333013[Thread 0x00007f22c67e46c0]:[P2 Fan] layer_id=253 >= after_layers(0), speed=0
[warning]	2026-08-21 22:04:16.346469[Thread 0x00007f22b9fe86c0]:[P2 Fan Config] before_layers=0, after_layers=0, before_speed=0, after_speed=0
[warning]	2026-08-21 22:04:16.346483[Thread 0x00007f22b9fe86c0]:[P2 Fan] layer_id=254 >= after_layers(0), speed=0
[warning]	2026-08-21 22:04:16.357629[Thread 0x00007f22c67e46c0]:[P2 Fan Config] before_layers=0, after_layers=0, before_speed=0, after_speed=0
[warning]	2026-08-21 22:04:16.357728[Thread 0x00007f22c67e46c0]:[P2 Fan] layer_id=255 >= after_layers(0), speed=0
[warning]	2026-08-21 22:04:16.375170[Thread 0x00007f22b9fe86c0]:[P2 Fan Config] before_layers=0, after_layers=0, before_speed=0, after_speed=0
[warning]	2026-08-21 22:04:16.375186[Thread 0x00007f22b9fe86c0]:[P2 Fan] layer_id=256 >= after_layers(0), speed=0
[warning]	2026-08-21 22:04:16.384367[Thread 0x00007f22c67e46c0]:[P2 Fan Config] before_layers=0, after_layers=0, before_speed=0, after_speed=0
[warning]	2026-08-21 22:04:16.384388[Thread 0x00007f22c67e46c0]:[P2 Fan] layer_id=257 >= after_layers(0), speed=0
[warning]	2026-08-21 22:04:16.402929[Thread 0x00007f22b9fe86c0]:[P2 Fan Config] before_layers=0, after_layers=0, before_speed=0, after_speed=0
[warning]	2026-08-21 22:04:16.402961[Thread 0x00007f22b9fe86c0]:[P2 Fan] layer_id=258 >= after_layers(0), speed=0
[warning]	2026-08-21 22:04:16.413225[Thread 0x00007f22c3bfc6c0]:[P2 Fan Config] before_layers=0, after_layers=0, before_speed=0, after_speed=0
[warning]	2026-08-21 22:04:16.413239[Thread 0x00007f22c3bfc6c0]:[P2 Fan] layer_id=259 >= after_layers(0), speed=0
[warning]	2026-08-21 22:04:16.421532[Thread 0x00007f22b9fe86c0]:[P2 Fan Config] before_layers=0, after_layers=0, before_speed=0, after_speed=0
[warning]	2026-08-21 22:04:16.421570[Thread 0x00007f22b9fe86c0]:[P2 Fan] layer_id=260 >= after_layers(0), speed=0
[warning]	2026-08-21 22:04:16.440921[Thread 0x00007f22c3bfc6c0]:[P2 Fan Config] before_layers=0, after_layers=0, before_speed=0, after_speed=0
[warning]	2026-08-21 22:04:16.440942[Thread 0x00007f22c3bfc6c0]:[P2 Fan] layer_id=261 >= after_layers(0), speed=0
[warning]	2026-08-21 22:04:16.450722[Thread 0x00007f22c3ffd6c0]:[P2 Fan Config] before_layers=0, after_layers=0, before_speed=0, after_speed=0
[warning]	2026-08-21 22:04:16.450745[Thread 0x00007f22c3ffd6c0]:[P2 Fan] layer_id=262 >= after_layers(0), speed=0
[warning]	2026-08-21 22:04:16.463201[Thread 0x00007f22c47ff6c0]:[P2 Fan Config] before_layers=0, after_layers=0, before_speed=0, after_speed=0
[warning]	2026-08-21 22:04:16.463225[Thread 0x00007f22c47ff6c0]:[P2 Fan] layer_id=263 >= after_layers(0), speed=0
[warning]	2026-08-21 22:04:16.478950[Thread 0x00007f22b9fe86c0]:[P2 Fan Config] before_layers=0, after_layers=0, before_speed=0, after_speed=0
[warning]	2026-08-21 22:04:16.478969[Thread 0x00007f22b9fe86c0]:[P2 Fan] layer_id=264 >= after_layers(0), speed=0
[warning]	2026-08-21 22:04:16.490975[Thread 0x00007f22c43fe6c0]:[P2 Fan Config] before_layers=0, after_layers=0, before_speed=0, after_speed=0
[warning]	2026-08-21 22:04:16.491020[Thread 0x00007f22c43fe6c0]:[P2 Fan] layer_id=265 >= after_layers(0), speed=0
[warning]	2026-08-21 22:04:16.505297[Thread 0x00007f22c6be56c0]:[P2 Fan Config] before_layers=0, after_layers=0, before_speed=0, after_speed=0
[warning]	2026-08-21 22:04:16.505316[Thread 0x00007f22c6be56c0]:[P2 Fan] layer_id=266 >= after_layers(0), speed=0
[warning]	2026-08-21 22:04:16.513373[Thread 0x00007f22b9fe86c0]:[P2 Fan Config] before_layers=0, after_layers=0, before_speed=0, after_speed=0
[warning]	2026-08-21 22:04:16.513383[Thread 0x00007f22b9fe86c0]:[P2 Fan] layer_id=267 >= after_layers(0), speed=0
[warning]	2026-08-21 22:04:16.523885[Thread 0x00007f22c67e46c0]:[P2 Fan Config] before_layers=0, after_layers=0, before_speed=0, after_speed=0
[warning]	2026-08-21 22:04:16.523932[Thread 0x00007f22c67e46c0]:[P2 Fan] layer_id=268 >= after_layers(0), speed=0
[warning]	2026-08-21 22:04:16.542728[Thread 0x00007f22c43fe6c0]:[P2 Fan Config] before_layers=0, after_layers=0, before_speed=0, after_speed=0
[warning]	2026-08-21 22:04:16.542745[Thread 0x00007f22c43fe6c0]:[P2 Fan] layer_id=269 >= after_layers(0), speed=0
[warning]	2026-08-21 22:04:16.556993[Thread 0x00007f22b9fe86c0]:[P2 Fan Config] before_layers=0, after_layers=0, before_speed=0, after_speed=0
[warning]	2026-08-21 22:04:16.557073[Thread 0x00007f22b9fe86c0]:[P2 Fan] layer_id=270 >= after_layers(0), speed=0
[warning]	2026-08-21 22:04:16.575312[Thread 0x00007f22c43fe6c0]:[P2 Fan Config] before_layers=0, after_layers=0, before_speed=0, after_speed=0
[warning]	2026-08-21 22:04:16.575367[Thread 0x00007f22c43fe6c0]:[P2 Fan] layer_id=271 >= after_layers(0), speed=0
[warning]	2026-08-21 22:04:16.583425[Thread 0x00007f22c3bfc6c0]:[P2 Fan Config] before_layers=0, after_layers=0, before_speed=0, after_speed=0
[warning]	2026-08-21 22:04:16.583434[Thread 0x00007f22c3bfc6c0]:[P2 Fan] layer_id=272 >= after_layers(0), speed=0
[warning]	2026-08-21 22:04:16.606006[Thread 0x00007f22c6be56c0]:[P2 Fan Config] before_layers=0, after_layers=0, before_speed=0, after_speed=0
[warning]	2026-08-21 22:04:16.606027[Thread 0x00007f22c6be56c0]:[P2 Fan] layer_id=273 >= after_layers(0), speed=0
[warning]	2026-08-21 22:04:16.631024[Thread 0x00007f22b9fe86c0]:[P2 Fan Config] before_layers=0, after_layers=0, before_speed=0, after_speed=0
[warning]	2026-08-21 22:04:16.631065[Thread 0x00007f22b9fe86c0]:[P2 Fan] layer_id=274 >= after_layers(0), speed=0
[warning]	2026-08-21 22:04:16.636522[Thread 0x00007f22c6be56c0]:[P2 Fan Config] before_layers=0, after_layers=0, before_speed=0, after_speed=0
[warning]	2026-08-21 22:04:16.636553[Thread 0x00007f22c6be56c0]:[P2 Fan] layer_id=275 >= after_layers(0), speed=0
[warning]	2026-08-21 22:04:16.649482[Thread 0x00007f22c67e46c0]:[P2 Fan Config] before_layers=0, after_layers=0, before_speed=0, after_speed=0
[warning]	2026-08-21 22:04:16.649497[Thread 0x00007f22c67e46c0]:[P2 Fan] layer_id=276 >= after_layers(0), speed=0
[warning]	2026-08-21 22:04:16.654108[Thread 0x00007f22c43fe6c0]:[P2 Fan Config] before_layers=0, after_layers=0, before_speed=0, after_speed=0
[warning]	2026-08-21 22:04:16.654128[Thread 0x00007f22c43fe6c0]:[P2 Fan] layer_id=277 >= after_layers(0), speed=0
[warning]	2026-08-21 22:04:16.670072[Thread 0x00007f22c47ff6c0]:[P2 Fan Config] before_layers=0, after_layers=0, before_speed=0, after_speed=0
[warning]	2026-08-21 22:04:16.670105[Thread 0x00007f22c47ff6c0]:[P2 Fan] layer_id=278 >= after_layers(0), speed=0
[warning]	2026-08-21 22:04:16.678282[Thread 0x00007f22c6be56c0]:[P2 Fan Config] before_layers=0, after_layers=0, before_speed=0, after_speed=0
[warning]	2026-08-21 22:04:16.678295[Thread 0x00007f22c6be56c0]:[P2 Fan] layer_id=279 >= after_layers(0), speed=0
[warning]	2026-08-21 22:04:16.683452[Thread 0x00007f22c67e46c0]:[P2 Fan Config] before_layers=0, after_layers=0, before_speed=0, after_speed=0
[warning]	2026-08-21 22:04:16.683463[Thread 0x00007f22c67e46c0]:[P2 Fan] layer_id=280 >= after_layers(0), speed=0
[warning]	2026-08-21 22:04:16.690049[Thread 0x00007f22c6be56c0]:[P2 Fan Config] before_layers=0, after_layers=0, before_speed=0, after_speed=0
[warning]	2026-08-21 22:04:16.690110[Thread 0x00007f22c6be56c0]:[P2 Fan] layer_id=281 >= after_layers(0), speed=0
[warning]	2026-08-21 22:04:16.701739[Thread 0x00007f22b9fe86c0]:[P2 Fan Config] before_layers=0, after_layers=0, before_speed=0, after_speed=0
[warning]	2026-08-21 22:04:16.701809[Thread 0x00007f22b9fe86c0]:[P2 Fan] layer_id=282 >= after_layers(0), speed=0
[warning]	2026-08-21 22:04:16.708912[Thread 0x00007f22c6be56c0]:[P2 Fan Config] before_layers=0, after_layers=0, before_speed=0, after_speed=0
[warning]	2026-08-21 22:04:16.708926[Thread 0x00007f22c6be56c0]:[P2 Fan] layer_id=283 >= after_layers(0), speed=0
[warning]	2026-08-21 22:04:16.713909[Thread 0x00007f22b9fe86c0]:[P2 Fan Config] before_layers=0, after_layers=0, before_speed=0, after_speed=0
[warning]	2026-08-21 22:04:16.713920[Thread 0x00007f22b9fe86c0]:[P2 Fan] layer_id=284 >= after_layers(0), speed=0
[warning]	2026-08-21 22:04:16.719071[Thread 0x00007f22c73e66c0]:[P2 Fan Config] before_layers=0, after_layers=0, before_speed=0, after_speed=0
[warning]	2026-08-21 22:04:16.719089[Thread 0x00007f22c73e66c0]:[P2 Fan] layer_id=285 >= after_layers(0), speed=0
[warning]	2026-08-21 22:04:16.725748[Thread 0x00007f22c47ff6c0]:[P2 Fan Config] before_layers=0, after_layers=0, before_speed=0, after_speed=0
[warning]	2026-08-21 22:04:16.725861[Thread 0x00007f22c47ff6c0]:[P2 Fan] layer_id=286 >= after_layers(0), speed=0
[warning]	2026-08-21 22:04:16.735371[Thread 0x00007f22b9fe86c0]:[P2 Fan Config] before_layers=0, after_layers=0, before_speed=0, after_speed=0
[warning]	2026-08-21 22:04:16.735409[Thread 0x00007f22b9fe86c0]:[P2 Fan] layer_id=287 >= after_layers(0), speed=0
[warning]	2026-08-21 22:04:16.741920[Thread 0x00007f22c3ffd6c0]:[P2 Fan Config] before_layers=0, after_layers=0, before_speed=0, after_speed=0
[warning]	2026-08-21 22:04:16.741934[Thread 0x00007f22c3ffd6c0]:[P2 Fan] layer_id=288 >= after_layers(0), speed=0
[warning]	2026-08-21 22:04:16.745960[Thread 0x00007f22b9fe86c0]:[P2 Fan Config] before_layers=0, after_layers=0, before_speed=0, after_speed=0
[warning]	2026-08-21 22:04:16.745968[Thread 0x00007f22b9fe86c0]:[P2 Fan] layer_id=289 >= after_layers(0), speed=0
[warning]	2026-08-21 22:04:16.750291[Thread 0x00007f22c3ffd6c0]:[P2 Fan Config] before_layers=0, after_layers=0, before_speed=0, after_speed=0
[warning]	2026-08-21 22:04:16.750302[Thread 0x00007f22c3ffd6c0]:[P2 Fan] layer_id=290 >= after_layers(0), speed=0
[warning]	2026-08-21 22:04:16.756620[Thread 0x00007f22b9fe86c0]:[P2 Fan Config] before_layers=0, after_layers=0, before_speed=0, after_speed=0
[warning]	2026-08-21 22:04:16.756695[Thread 0x00007f22b9fe86c0]:[P2 Fan] layer_id=291 >= after_layers(0), speed=0
[warning]	2026-08-21 22:04:16.769139[Thread 0x00007f22c3ffd6c0]:[P2 Fan Config] before_layers=0, after_layers=0, before_speed=0, after_speed=0
[warning]	2026-08-21 22:04:16.769172[Thread 0x00007f22c3ffd6c0]:[P2 Fan] layer_id=292 >= after_layers(0), speed=0
[warning]	2026-08-21 22:04:16.776714[Thread 0x00007f22c3bfc6c0]:[P2 Fan Config] before_layers=0, after_layers=0, before_speed=0, after_speed=0
[warning]	2026-08-21 22:04:16.776728[Thread 0x00007f22c3bfc6c0]:[P2 Fan] layer_id=293 >= after_layers(0), speed=0
[warning]	2026-08-21 22:04:16.781505[Thread 0x00007f22c3ffd6c0]:[P2 Fan Config] before_layers=0, after_layers=0, before_speed=0, after_speed=0
[warning]	2026-08-21 22:04:16.781514[Thread 0x00007f22c3ffd6c0]:[P2 Fan] layer_id=294 >= after_layers(0), speed=0
[warning]	2026-08-21 22:04:16.786796[Thread 0x00007f22b9fe86c0]:[P2 Fan Config] before_layers=0, after_layers=0, before_speed=0, after_speed=0
[warning]	2026-08-21 22:04:16.786820[Thread 0x00007f22b9fe86c0]:[P2 Fan] layer_id=295 >= after_layers(0), speed=0
[warning]	2026-08-21 22:04:16.800074[Thread 0x00007f22c43fe6c0]:[P2 Fan Config] before_layers=0, after_layers=0, before_speed=0, after_speed=0
[warning]	2026-08-21 22:04:16.800113[Thread 0x00007f22c43fe6c0]:[P2 Fan] layer_id=296 >= after_layers(0), speed=0
[warning]	2026-08-21 22:04:16.808127[Thread 0x00007f22b9fe86c0]:[P2 Fan Config] before_layers=0, after_layers=0, before_speed=0, after_speed=0
[warning]	2026-08-21 22:04:16.808141[Thread 0x00007f22b9fe86c0]:[P2 Fan] layer_id=297 >= after_layers(0), speed=0
[warning]	2026-08-21 22:04:16.812758[Thread 0x00007f22c6be56c0]:[P2 Fan Config] before_layers=0, after_layers=0, before_speed=0, after_speed=0
[warning]	2026-08-21 22:04:16.812766[Thread 0x00007f22c6be56c0]:[P2 Fan] layer_id=298 >= after_layers(0), speed=0
[warning]	2026-08-21 22:04:16.817958[Thread 0x00007f22b9fe86c0]:[P2 Fan Config] before_layers=0, after_layers=0, before_speed=0, after_speed=0
[warning]	2026-08-21 22:04:16.817975[Thread 0x00007f22b9fe86c0]:[P2 Fan] layer_id=299 >= after_layers(0), speed=0
[warning]	2026-08-21 22:04:16.828576[Thread 0x00007f22c67e46c0]:[P2 Fan Config] before_layers=0, after_layers=0, before_speed=0, after_speed=0
[warning]	2026-08-21 22:04:16.828618[Thread 0x00007f22c67e46c0]:[P2 Fan] layer_id=300 >= after_layers(0), speed=0
[warning]	2026-08-21 22:04:16.839259[Thread 0x00007f22b9fe86c0]:[P2 Fan Config] before_layers=0, after_layers=0, before_speed=0, after_speed=0
[warning]	2026-08-21 22:04:16.839276[Thread 0x00007f22b9fe86c0]:[P2 Fan] layer_id=301 >= after_layers(0), speed=0
[warning]	2026-08-21 22:04:16.843517[Thread 0x00007f22c73e66c0]:[P2 Fan Config] before_layers=0, after_layers=0, before_speed=0, after_speed=0
[warning]	2026-08-21 22:04:16.843527[Thread 0x00007f22c73e66c0]:[P2 Fan] layer_id=302 >= after_layers(0), speed=0
[warning]	2026-08-21 22:04:16.846833[Thread 0x00007f22c43fe6c0]:[P2 Fan Config] before_layers=0, after_layers=0, before_speed=0, after_speed=0
[warning]	2026-08-21 22:04:16.846874[Thread 0x00007f22c43fe6c0]:[P2 Fan] layer_id=303 >= after_layers(0), speed=0
[warning]	2026-08-21 22:04:16.850955[Thread 0x00007f22c67e46c0]:[P2 Fan Config] before_layers=0, after_layers=0, before_speed=0, after_speed=0
[warning]	2026-08-21 22:04:16.850971[Thread 0x00007f22c67e46c0]:[P2 Fan] layer_id=304 >= after_layers(0), speed=0
[warning]	2026-08-21 22:04:16.854989[Thread 0x00007f22b9fe86c0]:[P2 Fan Config] before_layers=0, after_layers=0, before_speed=0, after_speed=0
[warning]	2026-08-21 22:04:16.855005[Thread 0x00007f22b9fe86c0]:[P2 Fan] layer_id=305 >= after_layers(0), speed=0
[warning]	2026-08-21 22:04:16.862404[Thread 0x00007f22c47ff6c0]:[P2 Fan Config] before_layers=0, after_layers=0, before_speed=0, after_speed=0
[warning]	2026-08-21 22:04:16.862435[Thread 0x00007f22c47ff6c0]:[P2 Fan] layer_id=306 >= after_layers(0), speed=0
[warning]	2026-08-21 22:04:16.867842[Thread 0x00007f22b9fe86c0]:[P2 Fan Config] before_layers=0, after_layers=0, before_speed=0, after_speed=0
[warning]	2026-08-21 22:04:16.867866[Thread 0x00007f22b9fe86c0]:[P2 Fan] layer_id=307 >= after_layers(0), speed=0
[warning]	2026-08-21 22:04:16.873007[Thread 0x00007f22c3ffd6c0]:[P2 Fan Config] before_layers=0, after_layers=0, before_speed=0, after_speed=0
[warning]	2026-08-21 22:04:16.873024[Thread 0x00007f22c3ffd6c0]:[P2 Fan] layer_id=308 >= after_layers(0), speed=0
[warning]	2026-08-21 22:04:16.876335[Thread 0x00007f22b9fe86c0]:[P2 Fan Config] before_layers=0, after_layers=0, before_speed=0, after_speed=0
[warning]	2026-08-21 22:04:16.876346[Thread 0x00007f22b9fe86c0]:[P2 Fan] layer_id=309 >= after_layers(0), speed=0
[warning]	2026-08-21 22:04:16.878693[Thread 0x00007f22c3bfc6c0]:[P2 Fan Config] before_layers=0, after_layers=0, before_speed=0, after_speed=0
[warning]	2026-08-21 22:04:16.878703[Thread 0x00007f22c3bfc6c0]:[P2 Fan] layer_id=310 >= after_layers(0), speed=0
[warning]	2026-08-21 22:04:16.882706[Thread 0x00007f22c67e46c0]:[P2 Fan Config] before_layers=0, after_layers=0, before_speed=0, after_speed=0
[warning]	2026-08-21 22:04:16.882716[Thread 0x00007f22c67e46c0]:[P2 Fan] layer_id=311 >= after_layers(0), speed=0
[warning]	2026-08-21 22:04:16.885757[Thread 0x00007f22b9fe86c0]:[P2 Fan Config] before_layers=0, after_layers=0, before_speed=0, after_speed=0
[warning]	2026-08-21 22:04:16.885773[Thread 0x00007f22b9fe86c0]:[P2 Fan] layer_id=312 >= after_layers(0), speed=0
[warning]	2026-08-21 22:04:16.890716[Thread 0x00007f22c43fe6c0]:[P2 Fan Config] before_layers=0, after_layers=0, before_speed=0, after_speed=0
[warning]	2026-08-21 22:04:16.890819[Thread 0x00007f22c43fe6c0]:[P2 Fan] layer_id=313 >= after_layers(0), speed=0
[warning]	2026-08-21 22:04:16.897677[Thread 0x00007f22c67e46c0]:[P2 Fan Config] before_layers=0, after_layers=0, before_speed=0, after_speed=0
[warning]	2026-08-21 22:04:16.897704[Thread 0x00007f22c67e46c0]:[P2 Fan] layer_id=314 >= after_layers(0), speed=0
[warning]	2026-08-21 22:04:16.903122[Thread 0x00007f22b9fe86c0]:[P2 Fan Config] before_layers=0, after_layers=0, before_speed=0, after_speed=0
[warning]	2026-08-21 22:04:16.903157[Thread 0x00007f22b9fe86c0]:[P2 Fan] layer_id=315 >= after_layers(0), speed=0
[warning]	2026-08-21 22:04:16.908353[Thread 0x00007f22c67e46c0]:[P2 Fan Config] before_layers=0, after_layers=0, before_speed=0, after_speed=0
[warning]	2026-08-21 22:04:16.908369[Thread 0x00007f22c67e46c0]:[P2 Fan] layer_id=316 >= after_layers(0), speed=0
[warning]	2026-08-21 22:04:16.911236[Thread 0x00007f22b9fe86c0]:[P2 Fan Config] before_layers=0, after_layers=0, before_speed=0, after_speed=0
[warning]	2026-08-21 22:04:16.911247[Thread 0x00007f22b9fe86c0]:[P2 Fan] layer_id=317 >= after_layers(0), speed=0
[warning]	2026-08-21 22:04:16.924001[Thread 0x00007f22c67e46c0]:[P2 Fan Config] before_layers=0, after_layers=0, before_speed=0, after_speed=0
[warning]	2026-08-21 22:04:16.924055[Thread 0x00007f22c67e46c0]:[P2 Fan] layer_id=318 >= after_layers(0), speed=0
[warning]	2026-08-21 22:04:16.963869[Thread 0x00007f22b9fe86c0]:[P2 Fan Config] before_layers=0, after_layers=0, before_speed=0, after_speed=0
[warning]	2026-08-21 22:04:16.963898[Thread 0x00007f22b9fe86c0]:[P2 Fan] layer_id=319 >= after_layers(0), speed=0
[warning]	2026-08-21 22:04:55.111932[Thread 0x00007f22b9fe86c0]:SupportSpotsGenerator does not currently handle different materials properly, only first will be used
[warning]	2026-08-21 22:04:55.308491[Thread 0x00007f22b9fe86c0]:SupportSpotsGenerator does not currently handle different materials properly, only first will be used
[warning]	2026-08-21 22:04:55.445633[Thread 0x00007f22b9fe86c0]:SupportSpotsGenerator does not currently handle different materials properly, only first will be used
[warning]	2026-08-21 22:04:55.744123[Thread 0x00007f22b9fe86c0]:SupportSpotsGenerator does not currently handle different materials properly, only first will be used
[warning]	2026-08-21 22:05:03.469926[Thread 0x00007f22b9fe86c0]:[P2 Fan Config] before_layers=0, after_layers=0, before_speed=0, after_speed=0
[warning]	2026-08-21 22:05:03.469953[Thread 0x00007f22b9fe86c0]:[P2 Fan] layer_id=0 <= before_layers(0), speed=0
[warning]	2026-08-21 22:05:03.509915[Thread 0x00007f22c6be56c0]:[P2 Fan Config] before_layers=0, after_layers=0, before_speed=0, after_speed=0
[warning]	2026-08-21 22:05:03.509945[Thread 0x00007f22c6be56c0]:[P2 Fan] layer_id=1 >= after_layers(0), speed=0
[warning]	2026-08-21 22:05:03.529592[Thread 0x00007f22b9fe86c0]:[P2 Fan Config] before_layers=0, after_layers=0, before_speed=0, after_speed=0
[warning]	2026-08-21 22:05:03.529638[Thread 0x00007f22b9fe86c0]:[P2 Fan] layer_id=2 >= after_layers(0), speed=0
[warning]	2026-08-21 22:05:03.545542[Thread 0x00007f22c3ffd6c0]:[P2 Fan Config] before_layers=0, after_layers=0, before_speed=0, after_speed=0
[warning]	2026-08-21 22:05:03.545558[Thread 0x00007f22c3ffd6c0]:[P2 Fan] layer_id=3 >= after_layers(0), speed=0
[warning]	2026-08-21 22:05:03.554673[Thread 0x00007f22c47ff6c0]:[P2 Fan Config] before_layers=0, after_layers=0, before_speed=0, after_speed=0
[warning]	2026-08-21 22:05:03.554700[Thread 0x00007f22c47ff6c0]:[P2 Fan] layer_id=4 >= after_layers(0), speed=0
[warning]	2026-08-21 22:05:03.561635[Thread 0x00007f22b9fe86c0]:[P2 Fan Config] before_layers=0, after_layers=0, before_speed=0, after_speed=0
[warning]	2026-08-21 22:05:03.561688[Thread 0x00007f22b9fe86c0]:[P2 Fan] layer_id=5 >= after_layers(0), speed=0
[warning]	2026-08-21 22:05:03.732731[Thread 0x00007f22c73e66c0]:[P2 Fan Config] before_layers=0, after_layers=0, before_speed=0, after_speed=0
[warning]	2026-08-21 22:05:03.732759[Thread 0x00007f22c73e66c0]:[P2 Fan] layer_id=6 >= after_layers(0), speed=0
[warning]	2026-08-21 22:05:03.750845[Thread 0x00007f22b9fe86c0]:[P2 Fan Config] before_layers=0, after_layers=0, before_speed=0, after_speed=0
[warning]	2026-08-21 22:05:03.750865[Thread 0x00007f22b9fe86c0]:[P2 Fan] layer_id=7 >= after_layers(0), speed=0
[warning]	2026-08-21 22:05:03.769250[Thread 0x00007f22b9fe86c0]:[P2 Fan Config] before_layers=0, after_layers=0, before_speed=0, after_speed=0
[warning]	2026-08-21 22:05:03.769267[Thread 0x00007f22b9fe86c0]:[P2 Fan] layer_id=8 >= after_layers(0), speed=0
[warning]	2026-08-21 22:05:03.777470[Thread 0x00007f22c6be56c0]:[P2 Fan Config] before_layers=0, after_layers=0, before_speed=0, after_speed=0
[warning]	2026-08-21 22:05:03.777479[Thread 0x00007f22c6be56c0]:[P2 Fan] layer_id=9 >= after_layers(0), speed=0
[warning]	2026-08-21 22:05:03.789104[Thread 0x00007f22b9fe86c0]:[P2 Fan Config] before_layers=0, after_layers=0, before_speed=0, after_speed=0
[warning]	2026-08-21 22:05:03.789122[Thread 0x00007f22b9fe86c0]:[P2 Fan] layer_id=10 >= after_layers(0), speed=0
[warning]	2026-08-21 22:05:04.143948[Thread 0x00007f22c47ff6c0]:[P2 Fan Config] before_layers=0, after_layers=0, before_speed=0, after_speed=0
[warning]	2026-08-21 22:05:04.143965[Thread 0x00007f22c47ff6c0]:[P2 Fan] layer_id=11 >= after_layers(0), speed=0
[warning]	2026-08-21 22:05:04.275873[Thread 0x00007f22b9fe86c0]:[P2 Fan Config] before_layers=0, after_layers=0, before_speed=0, after_speed=0
[warning]	2026-08-21 22:05:04.275886[Thread 0x00007f22b9fe86c0]:[P2 Fan] layer_id=12 >= after_layers(0), speed=0
[warning]	2026-08-21 22:05:04.282079[Thread 0x00007f22c3bfc6c0]:[P2 Fan Config] before_layers=0, after_layers=0, before_speed=0, after_speed=0
[warning]	2026-08-21 22:05:04.282092[Thread 0x00007f22c3bfc6c0]:[P2 Fan] layer_id=13 >= after_layers(0), speed=0
[warning]	2026-08-21 22:05:04.284162[Thread 0x00007f22c3bfc6c0]:[P2 Fan Config] before_layers=0, after_layers=0, before_speed=0, after_speed=0
[warning]	2026-08-21 22:05:04.284168[Thread 0x00007f22c3bfc6c0]:[P2 Fan] layer_id=14 >= after_layers(0), speed=0
[warning]	2026-08-21 22:05:04.286956[Thread 0x00007f22c3bfc6c0]:[P2 Fan Config] before_layers=0, after_layers=0, before_speed=0, after_speed=0
[warning]	2026-08-21 22:05:04.286973[Thread 0x00007f22c3bfc6c0]:[P2 Fan] layer_id=15 >= after_layers(0), speed=0
[warning]	2026-08-21 22:05:04.290517[Thread 0x00007f22c3bfc6c0]:[P2 Fan Config] before_layers=0, after_layers=0, before_speed=0, after_speed=0
[warning]	2026-08-21 22:05:04.290556[Thread 0x00007f22c3bfc6c0]:[P2 Fan] layer_id=16 >= after_layers(0), speed=0
[warning]	2026-08-21 22:05:04.294952[Thread 0x00007f22c3bfc6c0]:[P2 Fan Config] before_layers=0, after_layers=0, before_speed=0, after_speed=0
[warning]	2026-08-21 22:05:04.295023[Thread 0x00007f22c3bfc6c0]:[P2 Fan] layer_id=17 >= after_layers(0), speed=0
[warning]	2026-08-21 22:05:04.299168[Thread 0x00007f22c3bfc6c0]:[P2 Fan Config] before_layers=0, after_layers=0, before_speed=0, after_speed=0
[warning]	2026-08-21 22:05:04.299200[Thread 0x00007f22c3bfc6c0]:[P2 Fan] layer_id=18 >= after_layers(0), speed=0
[warning]	2026-08-21 22:05:04.303260[Thread 0x00007f22c3bfc6c0]:[P2 Fan Config] before_layers=0, after_layers=0, before_speed=0, after_speed=0
[warning]	2026-08-21 22:05:04.303289[Thread 0x00007f22c3bfc6c0]:[P2 Fan] layer_id=19 >= after_layers(0), speed=0
[warning]	2026-08-21 22:05:04.307191[Thread 0x00007f22c6be56c0]:[P2 Fan Config] before_layers=0, after_layers=0, before_speed=0, after_speed=0
[warning]	2026-08-21 22:05:04.307219[Thread 0x00007f22c6be56c0]:[P2 Fan] layer_id=20 >= after_layers(0), speed=0
[warning]	2026-08-21 22:05:04.310385[Thread 0x00007f22b9fe86c0]:[P2 Fan Config] before_layers=0, after_layers=0, before_speed=0, after_speed=0
[warning]	2026-08-21 22:05:04.310397[Thread 0x00007f22b9fe86c0]:[P2 Fan] layer_id=21 >= after_layers(0), speed=0
[warning]	2026-08-21 22:05:04.314422[Thread 0x00007f22c43fe6c0]:[P2 Fan Config] before_layers=0, after_layers=0, before_speed=0, after_speed=0
[warning]	2026-08-21 22:05:04.314434[Thread 0x00007f22c43fe6c0]:[P2 Fan] layer_id=22 >= after_layers(0), speed=0
[warning]	2026-08-21 22:05:04.367351[Thread 0x00007f22c47ff6c0]:[P2 Fan Config] before_layers=0, after_layers=0, before_speed=0, after_speed=0
[warning]	2026-08-21 22:05:04.367390[Thread 0x00007f22c47ff6c0]:[P2 Fan] layer_id=23 >= after_layers(0), speed=0
[warning]	2026-08-21 22:05:04.444166[Thread 0x00007f22c43fe6c0]:[P2 Fan Config] before_layers=0, after_layers=0, before_speed=0, after_speed=0
[warning]	2026-08-21 22:05:04.444189[Thread 0x00007f22c43fe6c0]:[P2 Fan] layer_id=24 >= after_layers(0), speed=0
[warning]	2026-08-21 22:05:04.448843[Thread 0x00007f22c3ffd6c0]:[P2 Fan Config] before_layers=0, after_layers=0, before_speed=0, after_speed=0
[warning]	2026-08-21 22:05:04.448866[Thread 0x00007f22c3ffd6c0]:[P2 Fan] layer_id=25 >= after_layers(0), speed=0
[warning]	2026-08-21 22:05:04.457939[Thread 0x00007f22b9fe86c0]:[P2 Fan Config] before_layers=0, after_layers=0, before_speed=0, after_speed=0
[warning]	2026-08-21 22:05:04.457969[Thread 0x00007f22b9fe86c0]:[P2 Fan] layer_id=26 >= after_layers(0), speed=0
[warning]	2026-08-21 22:05:04.471825[Thread 0x00007f22c73e66c0]:[P2 Fan Config] before_layers=0, after_layers=0, before_speed=0, after_speed=0
[warning]	2026-08-21 22:05:04.471854[Thread 0x00007f22c73e66c0]:[P2 Fan] layer_id=27 >= after_layers(0), speed=0
[warning]	2026-08-21 22:05:04.480989[Thread 0x00007f22b9fe86c0]:[P2 Fan Config] before_layers=0, after_layers=0, before_speed=0, after_speed=0
[warning]	2026-08-21 22:05:04.481012[Thread 0x00007f22b9fe86c0]:[P2 Fan] layer_id=28 >= after_layers(0), speed=0
[warning]	2026-08-21 22:05:04.492090[Thread 0x00007f22c43fe6c0]:[P2 Fan Config] before_layers=0, after_layers=0, before_speed=0, after_speed=0
[warning]	2026-08-21 22:05:04.492136[Thread 0x00007f22c43fe6c0]:[P2 Fan] layer_id=29 >= after_layers(0), speed=0
[warning]	2026-08-21 22:05:04.503556[Thread 0x00007f22c3bfc6c0]:[P2 Fan Config] before_layers=0, after_layers=0, before_speed=0, after_speed=0
[warning]	2026-08-21 22:05:04.503574[Thread 0x00007f22c3bfc6c0]:[P2 Fan] layer_id=30 >= after_layers(0), speed=0
[warning]	2026-08-21 22:05:04.509345[Thread 0x00007f22c47ff6c0]:[P2 Fan Config] before_layers=0, after_layers=0, before_speed=0, after_speed=0
[warning]	2026-08-21 22:05:04.509354[Thread 0x00007f22c47ff6c0]:[P2 Fan] layer_id=31 >= after_layers(0), speed=0
[warning]	2026-08-21 22:05:04.512314[Thread 0x00007f22c3ffd6c0]:[P2 Fan Config] before_layers=0, after_layers=0, before_speed=0, after_speed=0
[warning]	2026-08-21 22:05:04.512322[Thread 0x00007f22c3ffd6c0]:[P2 Fan] layer_id=32 >= after_layers(0), speed=0
[warning]	2026-08-21 22:05:04.518200[Thread 0x00007f22c3bfc6c0]:[P2 Fan Config] before_layers=0, after_layers=0, before_speed=0, after_speed=0
[warning]	2026-08-21 22:05:04.518211[Thread 0x00007f22c3bfc6c0]:[P2 Fan] layer_id=33 >= after_layers(0), speed=0
[warning]	2026-08-21 22:05:04.529082[Thread 0x00007f22c3ffd6c0]:[P2 Fan Config] before_layers=0, after_layers=0, before_speed=0, after_speed=0
[warning]	2026-08-21 22:05:04.529104[Thread 0x00007f22c3ffd6c0]:[P2 Fan] layer_id=34 >= after_layers(0), speed=0
[warning]	2026-08-21 22:05:04.538855[Thread 0x00007f22b9fe86c0]:[P2 Fan Config] before_layers=0, after_layers=0, before_speed=0, after_speed=0
[warning]	2026-08-21 22:05:04.538877[Thread 0x00007f22b9fe86c0]:[P2 Fan] layer_id=35 >= after_layers(0), speed=0
[warning]	2026-08-21 22:05:04.543937[Thread 0x00007f22c3ffd6c0]:[P2 Fan Config] before_layers=0, after_layers=0, before_speed=0, after_speed=0
[warning]	2026-08-21 22:05:04.543947[Thread 0x00007f22c3ffd6c0]:[P2 Fan] layer_id=36 >= after_layers(0), speed=0
[warning]	2026-08-21 22:05:04.547757[Thread 0x00007f22c47ff6c0]:[P2 Fan Config] before_layers=0, after_layers=0, before_speed=0, after_speed=0
[warning]	2026-08-21 22:05:04.547766[Thread 0x00007f22c47ff6c0]:[P2 Fan] layer_id=37 >= after_layers(0), speed=0
[warning]	2026-08-21 22:05:04.551954[Thread 0x00007f22b9fe86c0]:[P2 Fan Config] before_layers=0, after_layers=0, before_speed=0, after_speed=0
[warning]	2026-08-21 22:05:04.551968[Thread 0x00007f22b9fe86c0]:[P2 Fan] layer_id=38 >= after_layers(0), speed=0
[warning]	2026-08-21 22:05:04.562596[Thread 0x00007f22c3ffd6c0]:[P2 Fan Config] before_layers=0, after_layers=0, before_speed=0, after_speed=0
[warning]	2026-08-21 22:05:04.562626[Thread 0x00007f22c3ffd6c0]:[P2 Fan] layer_id=39 >= after_layers(0), speed=0
[warning]	2026-08-21 22:05:04.571730[Thread 0x00007f22b9fe86c0]:[P2 Fan Config] before_layers=0, after_layers=0, before_speed=0, after_speed=0
[warning]	2026-08-21 22:05:04.571755[Thread 0x00007f22b9fe86c0]:[P2 Fan] layer_id=40 >= after_layers(0), speed=0
[warning]	2026-08-21 22:05:04.577086[Thread 0x00007f22c3bfc6c0]:[P2 Fan Config] before_layers=0, after_layers=0, before_speed=0, after_speed=0
[warning]	2026-08-21 22:05:04.577097[Thread 0x00007f22c3bfc6c0]:[P2 Fan] layer_id=41 >= after_layers(0), speed=0
[warning]	2026-08-21 22:05:04.581222[Thread 0x00007f22b9fe86c0]:[P2 Fan Config] before_layers=0, after_layers=0, before_speed=0, after_speed=0
[warning]	2026-08-21 22:05:04.581230[Thread 0x00007f22b9fe86c0]:[P2 Fan] layer_id=42 >= after_layers(0), speed=0
[warning]	2026-08-21 22:05:04.585393[Thread 0x00007f22c6be56c0]:[P2 Fan Config] before_layers=0, after_layers=0, before_speed=0, after_speed=0
[warning]	2026-08-21 22:05:04.585407[Thread 0x00007f22c6be56c0]:[P2 Fan] layer_id=43 >= after_layers(0), speed=0
[warning]	2026-08-21 22:05:04.597727[Thread 0x00007f22c47ff6c0]:[P2 Fan Config] before_layers=0, after_layers=0, before_speed=0, after_speed=0
[warning]	2026-08-21 22:05:04.597752[Thread 0x00007f22c47ff6c0]:[P2 Fan] layer_id=44 >= after_layers(0), speed=0
[warning]	2026-08-21 22:05:04.606042[Thread 0x00007f22c3ffd6c0]:[P2 Fan Config] before_layers=0, after_layers=0, before_speed=0, after_speed=0
[warning]	2026-08-21 22:05:04.606064[Thread 0x00007f22c3ffd6c0]:[P2 Fan] layer_id=45 >= after_layers(0), speed=0
[warning]	2026-08-21 22:05:04.611433[Thread 0x00007f22b9fe86c0]:[P2 Fan Config] before_layers=0, after_layers=0, before_speed=0, after_speed=0
[warning]	2026-08-21 22:05:04.611446[Thread 0x00007f22b9fe86c0]:[P2 Fan] layer_id=46 >= after_layers(0), speed=0
[warning]	2026-08-21 22:05:04.616987[Thread 0x00007f22c73e66c0]:[P2 Fan Config] before_layers=0, after_layers=0, before_speed=0, after_speed=0
[warning]	2026-08-21 22:05:04.617002[Thread 0x00007f22c73e66c0]:[P2 Fan] layer_id=47 >= after_layers(0), speed=0
[warning]	2026-08-21 22:05:04.626374[Thread 0x00007f22c43fe6c0]:[P2 Fan Config] before_layers=0, after_layers=0, before_speed=0, after_speed=0
[warning]	2026-08-21 22:05:04.626480[Thread 0x00007f22c43fe6c0]:[P2 Fan] layer_id=48 >= after_layers(0), speed=0
[warning]	2026-08-21 22:05:04.640998[Thread 0x00007f22b9fe86c0]:[P2 Fan Config] before_layers=0, after_layers=0, before_speed=0, after_speed=0
[warning]	2026-08-21 22:05:04.641019[Thread 0x00007f22b9fe86c0]:[P2 Fan] layer_id=49 >= after_layers(0), speed=0
[warning]	2026-08-21 22:05:04.648426[Thread 0x00007f22c43fe6c0]:[P2 Fan Config] before_layers=0, after_layers=0, before_speed=0, after_speed=0
[warning]	2026-08-21 22:05:04.648436[Thread 0x00007f22c43fe6c0]:[P2 Fan] layer_id=50 >= after_layers(0), speed=0
[warning]	2026-08-21 22:05:04.651465[Thread 0x00007f22c3ffd6c0]:[P2 Fan Config] before_layers=0, after_layers=0, before_speed=0, after_speed=0
[warning]	2026-08-21 22:05:04.651478[Thread 0x00007f22c3ffd6c0]:[P2 Fan] layer_id=51 >= after_layers(0), speed=0
[warning]	2026-08-21 22:05:04.657856[Thread 0x00007f22c6be56c0]:[P2 Fan Config] before_layers=0, after_layers=0, before_speed=0, after_speed=0
[warning]	2026-08-21 22:05:04.657918[Thread 0x00007f22c6be56c0]:[P2 Fan] layer_id=52 >= after_layers(0), speed=0
[warning]	2026-08-21 22:05:04.668461[Thread 0x00007f22c43fe6c0]:[P2 Fan Config] before_layers=0, after_layers=0, before_speed=0, after_speed=0
[warning]	2026-08-21 22:05:04.668505[Thread 0x00007f22c43fe6c0]:[P2 Fan] layer_id=53 >= after_layers(0), speed=0
[warning]	2026-08-21 22:05:04.675264[Thread 0x00007f22b9fe86c0]:[P2 Fan Config] before_layers=0, after_layers=0, before_speed=0, after_speed=0
[warning]	2026-08-21 22:05:04.675277[Thread 0x00007f22b9fe86c0]:[P2 Fan] layer_id=54 >= after_layers(0), speed=0
[warning]	2026-08-21 22:05:04.679652[Thread 0x00007f22c6be56c0]:[P2 Fan Config] before_layers=0, after_layers=0, before_speed=0, after_speed=0
[warning]	2026-08-21 22:05:04.679660[Thread 0x00007f22c6be56c0]:[P2 Fan] layer_id=55 >= after_layers(0), speed=0
[warning]	2026-08-21 22:05:04.687499[Thread 0x00007f22c3ffd6c0]:[P2 Fan Config] before_layers=0, after_layers=0, before_speed=0, after_speed=0
[warning]	2026-08-21 22:05:04.687522[Thread 0x00007f22c3ffd6c0]:[P2 Fan] layer_id=56 >= after_layers(0), speed=0
[warning]	2026-08-21 22:05:04.701685[Thread 0x00007f22c3bfc6c0]:[P2 Fan Config] before_layers=0, after_layers=0, before_speed=0, after_speed=0
[warning]	2026-08-21 22:05:04.701720[Thread 0x00007f22c3bfc6c0]:[P2 Fan] layer_id=57 >= after_layers(0), speed=0
[warning]	2026-08-21 22:05:04.710505[Thread 0x00007f22c67e46c0]:[P2 Fan Config] before_layers=0, after_layers=0, before_speed=0, after_speed=0
[warning]	2026-08-21 22:05:04.710518[Thread 0x00007f22c67e46c0]:[P2 Fan] layer_id=58 >= after_layers(0), speed=0
[warning]	2026-08-21 22:05:04.716638[Thread 0x00007f22c3bfc6c0]:[P2 Fan Config] before_layers=0, after_layers=0, before_speed=0, after_speed=0
[warning]	2026-08-21 22:05:04.716648[Thread 0x00007f22c3bfc6c0]:[P2 Fan] layer_id=59 >= after_layers(0), speed=0
[warning]	2026-08-21 22:05:04.726745[Thread 0x00007f22b9fe86c0]:[P2 Fan Config] before_layers=0, after_layers=0, before_speed=0, after_speed=0
[warning]	2026-08-21 22:05:04.726914[Thread 0x00007f22b9fe86c0]:[P2 Fan] layer_id=60 >= after_layers(0), speed=0
[warning]	2026-08-21 22:05:04.740904[Thread 0x00007f22c47ff6c0]:[P2 Fan Config] before_layers=0, after_layers=0, before_speed=0, after_speed=0
[warning]	2026-08-21 22:05:04.740929[Thread 0x00007f22c47ff6c0]:[P2 Fan] layer_id=61 >= after_layers(0), speed=0
[warning]	2026-08-21 22:05:04.748366[Thread 0x00007f22b9fe86c0]:[P2 Fan Config] before_layers=0, after_layers=0, before_speed=0, after_speed=0
[warning]	2026-08-21 22:05:04.748376[Thread 0x00007f22b9fe86c0]:[P2 Fan] layer_id=62 >= after_layers(0), speed=0
[warning]	2026-08-21 22:05:04.755280[Thread 0x00007f22c3bfc6c0]:[P2 Fan Config] before_layers=0, after_layers=0, before_speed=0, after_speed=0
[warning]	2026-08-21 22:05:04.755302[Thread 0x00007f22c3bfc6c0]:[P2 Fan] layer_id=63 >= after_layers(0), speed=0
[warning]	2026-08-21 22:05:04.770887[Thread 0x00007f22c43fe6c0]:[P2 Fan Config] before_layers=0, after_layers=0, before_speed=0, after_speed=0
[warning]	2026-08-21 22:05:04.770916[Thread 0x00007f22c43fe6c0]:[P2 Fan] layer_id=64 >= after_layers(0), speed=0
[warning]	2026-08-21 22:05:04.778964[Thread 0x00007f22b9fe86c0]:[P2 Fan Config] before_layers=0, after_layers=0, before_speed=0, after_speed=0
[warning]	2026-08-21 22:05:04.778979[Thread 0x00007f22b9fe86c0]:[P2 Fan] layer_id=65 >= after_layers(0), speed=0
[warning]	2026-08-21 22:05:04.784872[Thread 0x00007f22c3ffd6c0]:[P2 Fan Config] before_layers=0, after_layers=0, before_speed=0, after_speed=0
[warning]	2026-08-21 22:05:04.784883[Thread 0x00007f22c3ffd6c0]:[P2 Fan] layer_id=66 >= after_layers(0), speed=0
[warning]	2026-08-21 22:05:04.796293[Thread 0x00007f22b9fe86c0]:[P2 Fan Config] before_layers=0, after_layers=0, before_speed=0, after_speed=0
[warning]	2026-08-21 22:05:04.796324[Thread 0x00007f22b9fe86c0]:[P2 Fan] layer_id=67 >= after_layers(0), speed=0
[warning]	2026-08-21 22:05:04.809935[Thread 0x00007f22c43fe6c0]:[P2 Fan Config] before_layers=0, after_layers=0, before_speed=0, after_speed=0
[warning]	2026-08-21 22:05:04.809951[Thread 0x00007f22c43fe6c0]:[P2 Fan] layer_id=68 >= after_layers(0), speed=0
[warning]	2026-08-21 22:05:04.829990[Thread 0x00007f22c3bfc6c0]:[P2 Fan Config] before_layers=0, after_layers=0, before_speed=0, after_speed=0
[warning]	2026-08-21 22:05:04.830029[Thread 0x00007f22c3bfc6c0]:[P2 Fan] layer_id=69 >= after_layers(0), speed=0
[warning]	2026-08-21 22:05:04.844016[Thread 0x00007f22b9fe86c0]:[P2 Fan Config] before_layers=0, after_layers=0, before_speed=0, after_speed=0
[warning]	2026-08-21 22:05:04.844030[Thread 0x00007f22b9fe86c0]:[P2 Fan] layer_id=70 >= after_layers(0), speed=0
[warning]	2026-08-21 22:05:04.853048[Thread 0x00007f22c3bfc6c0]:[P2 Fan Config] before_layers=0, after_layers=0, before_speed=0, after_speed=0
[warning]	2026-08-21 22:05:04.853083[Thread 0x00007f22c3bfc6c0]:[P2 Fan] layer_id=71 >= after_layers(0), speed=0
[warning]	2026-08-21 22:05:04.876712[Thread 0x00007f22c73e66c0]:[P2 Fan Config] before_layers=0, after_layers=0, before_speed=0, after_speed=0
[warning]	2026-08-21 22:05:04.876732[Thread 0x00007f22c73e66c0]:[P2 Fan] layer_id=72 >= after_layers(0), speed=0
[warning]	2026-08-21 22:05:04.889841[Thread 0x00007f22c6be56c0]:[P2 Fan Config] before_layers=0, after_layers=0, before_speed=0, after_speed=0
[warning]	2026-08-21 22:05:04.889910[Thread 0x00007f22c6be56c0]:[P2 Fan] layer_id=73 >= after_layers(0), speed=0
[warning]	2026-08-21 22:05:04.916374[Thread 0x00007f22c47ff6c0]:[P2 Fan Config] before_layers=0, after_layers=0, before_speed=0, after_speed=0
[warning]	2026-08-21 22:05:04.916389[Thread 0x00007f22c47ff6c0]:[P2 Fan] layer_id=74 >= after_layers(0), speed=0
[warning]	2026-08-21 22:05:04.934972[Thread 0x00007f22b9fe86c0]:[P2 Fan Config] before_layers=0, after_layers=0, before_speed=0, after_speed=0
[warning]	2026-08-21 22:05:04.934993[Thread 0x00007f22b9fe86c0]:[P2 Fan] layer_id=75 >= after_layers(0), speed=0
[warning]	2026-08-21 22:05:04.952411[Thread 0x00007f22c47ff6c0]:[P2 Fan Config] before_layers=0, after_layers=0, before_speed=0, after_speed=0
[warning]	2026-08-21 22:05:04.952431[Thread 0x00007f22c47ff6c0]:[P2 Fan] layer_id=76 >= after_layers(0), speed=0
[warning]	2026-08-21 22:05:04.973837[Thread 0x00007f22c43fe6c0]:[P2 Fan Config] before_layers=0, after_layers=0, before_speed=0, after_speed=0
[warning]	2026-08-21 22:05:04.973855[Thread 0x00007f22c43fe6c0]:[P2 Fan] layer_id=77 >= after_layers(0), speed=0
[warning]	2026-08-21 22:05:04.986202[Thread 0x00007f22b9fe86c0]:[P2 Fan Config] before_layers=0, after_layers=0, before_speed=0, after_speed=0
[warning]	2026-08-21 22:05:04.986226[Thread 0x00007f22b9fe86c0]:[P2 Fan] layer_id=78 >= after_layers(0), speed=0
[warning]	2026-08-21 22:05:05.007665[Thread 0x00007f22c67e46c0]:[P2 Fan Config] before_layers=0, after_layers=0, before_speed=0, after_speed=0
[warning]	2026-08-21 22:05:05.007684[Thread 0x00007f22c67e46c0]:[P2 Fan] layer_id=79 >= after_layers(0), speed=0
[warning]	2026-08-21 22:05:05.020274[Thread 0x00007f22b9fe86c0]:[P2 Fan Config] before_layers=0, after_layers=0, before_speed=0, after_speed=0
[warning]	2026-08-21 22:05:05.020299[Thread 0x00007f22b9fe86c0]:[P2 Fan] layer_id=80 >= after_layers(0), speed=0
[warning]	2026-08-21 22:05:05.041260[Thread 0x00007f22c43fe6c0]:[P2 Fan Config] before_layers=0, after_layers=0, before_speed=0, after_speed=0
[warning]	2026-08-21 22:05:05.041276[Thread 0x00007f22c43fe6c0]:[P2 Fan] layer_id=81 >= after_layers(0), speed=0
[warning]	2026-08-21 22:05:05.051141[Thread 0x00007f22b9fe86c0]:[P2 Fan Config] before_layers=0, after_layers=0, before_speed=0, after_speed=0
[warning]	2026-08-21 22:05:05.051169[Thread 0x00007f22b9fe86c0]:[P2 Fan] layer_id=82 >= after_layers(0), speed=0
[warning]	2026-08-21 22:05:05.066232[Thread 0x00007f22c47ff6c0]:[P2 Fan Config] before_layers=0, after_layers=0, before_speed=0, after_speed=0
[warning]	2026-08-21 22:05:05.066258[Thread 0x00007f22c47ff6c0]:[P2 Fan] layer_id=83 >= after_layers(0), speed=0
[warning]	2026-08-21 22:05:05.083295[Thread 0x00007f22c3bfc6c0]:[P2 Fan Config] before_layers=0, after_layers=0, before_speed=0, after_speed=0
[warning]	2026-08-21 22:05:05.083311[Thread 0x00007f22c3bfc6c0]:[P2 Fan] layer_id=84 >= after_layers(0), speed=0
[warning]	2026-08-21 22:05:05.099421[Thread 0x00007f22b9fe86c0]:[P2 Fan Config] before_layers=0, after_layers=0, before_speed=0, after_speed=0
[warning]	2026-08-21 22:05:05.099443[Thread 0x00007f22b9fe86c0]:[P2 Fan] layer_id=85 >= after_layers(0), speed=0
[warning]	2026-08-21 22:05:05.111850[Thread 0x00007f22c43fe6c0]:[P2 Fan Config] before_layers=0, after_layers=0, before_speed=0, after_speed=0
[warning]	2026-08-21 22:05:05.111864[Thread 0x00007f22c43fe6c0]:[P2 Fan] layer_id=86 >= after_layers(0), speed=0
[warning]	2026-08-21 22:05:05.119078[Thread 0x00007f22b9fe86c0]:[P2 Fan Config] before_layers=0, after_layers=0, before_speed=0, after_speed=0
[warning]	2026-08-21 22:05:05.119096[Thread 0x00007f22b9fe86c0]:[P2 Fan] layer_id=87 >= after_layers(0), speed=0
[warning]	2026-08-21 22:05:05.132771[Thread 0x00007f22c47ff6c0]:[P2 Fan Config] before_layers=0, after_layers=0, before_speed=0, after_speed=0
[warning]	2026-08-21 22:05:05.132824[Thread 0x00007f22c47ff6c0]:[P2 Fan] layer_id=88 >= after_layers(0), speed=0
[warning]	2026-08-21 22:05:05.143546[Thread 0x00007f22b9fe86c0]:[P2 Fan Config] before_layers=0, after_layers=0, before_speed=0, after_speed=0
[warning]	2026-08-21 22:05:05.143559[Thread 0x00007f22b9fe86c0]:[P2 Fan] layer_id=89 >= after_layers(0), speed=0
[warning]	2026-08-21 22:05:05.150136[Thread 0x00007f22c6be56c0]:[P2 Fan Config] before_layers=0, after_layers=0, before_speed=0, after_speed=0
[warning]	2026-08-21 22:05:05.150144[Thread 0x00007f22c6be56c0]:[P2 Fan] layer_id=90 >= after_layers(0), speed=0
[warning]	2026-08-21 22:05:05.162536[Thread 0x00007f22b9fe86c0]:[P2 Fan Config] before_layers=0, after_layers=0, before_speed=0, after_speed=0
[warning]	2026-08-21 22:05:05.162558[Thread 0x00007f22b9fe86c0]:[P2 Fan] layer_id=91 >= after_layers(0), speed=0
[warning]	2026-08-21 22:05:05.180064[Thread 0x00007f22c47ff6c0]:[P2 Fan Config] before_layers=0, after_layers=0, before_speed=0, after_speed=0
[warning]	2026-08-21 22:05:05.180080[Thread 0x00007f22c47ff6c0]:[P2 Fan] layer_id=92 >= after_layers(0), speed=0
[warning]	2026-08-21 22:05:05.197591[Thread 0x00007f22c73e66c0]:[P2 Fan Config] before_layers=0, after_layers=0, before_speed=0, after_speed=0
[warning]	2026-08-21 22:05:05.197619[Thread 0x00007f22c73e66c0]:[P2 Fan] layer_id=93 >= after_layers(0), speed=0
[warning]	2026-08-21 22:05:05.213505[Thread 0x00007f22c47ff6c0]:[P2 Fan Config] before_layers=0, after_layers=0, before_speed=0, after_speed=0
[warning]	2026-08-21 22:05:05.213520[Thread 0x00007f22c47ff6c0]:[P2 Fan] layer_id=94 >= after_layers(0), speed=0
[warning]	2026-08-21 22:05:05.231473[Thread 0x00007f22c3ffd6c0]:[P2 Fan Config] before_layers=0, after_layers=0, before_speed=0, after_speed=0
[warning]	2026-08-21 22:05:05.231506[Thread 0x00007f22c3ffd6c0]:[P2 Fan] layer_id=95 >= after_layers(0), speed=0
[warning]	2026-08-21 22:05:05.249932[Thread 0x00007f22c6be56c0]:[P2 Fan Config] before_layers=0, after_layers=0, before_speed=0, after_speed=0
[warning]	2026-08-21 22:05:05.249945[Thread 0x00007f22c6be56c0]:[P2 Fan] layer_id=96 >= after_layers(0), speed=0
[warning]	2026-08-21 22:05:05.274756[Thread 0x00007f22c3ffd6c0]:[P2 Fan Config] before_layers=0, after_layers=0, before_speed=0, after_speed=0
[warning]	2026-08-21 22:05:05.274788[Thread 0x00007f22c3ffd6c0]:[P2 Fan] layer_id=97 >= after_layers(0), speed=0
[warning]	2026-08-21 22:05:05.291962[Thread 0x00007f22c47ff6c0]:[P2 Fan Config] before_layers=0, after_layers=0, before_speed=0, after_speed=0
[warning]	2026-08-21 22:05:05.292033[Thread 0x00007f22c47ff6c0]:[P2 Fan] layer_id=98 >= after_layers(0), speed=0
[warning]	2026-08-21 22:05:05.312674[Thread 0x00007f22c73e66c0]:[P2 Fan Config] before_layers=0, after_layers=0, before_speed=0, after_speed=0
[warning]	2026-08-21 22:05:05.312689[Thread 0x00007f22c73e66c0]:[P2 Fan] layer_id=99 >= after_layers(0), speed=0
[warning]	2026-08-21 22:05:05.326837[Thread 0x00007f22b9fe86c0]:[P2 Fan Config] before_layers=0, after_layers=0, before_speed=0, after_speed=0
[warning]	2026-08-21 22:05:05.326912[Thread 0x00007f22b9fe86c0]:[P2 Fan] layer_id=100 >= after_layers(0), speed=0
[warning]	2026-08-21 22:05:05.345884[Thread 0x00007f22c73e66c0]:[P2 Fan Config] before_layers=0, after_layers=0, before_speed=0, after_speed=0
[warning]	2026-08-21 22:05:05.345899[Thread 0x00007f22c73e66c0]:[P2 Fan] layer_id=101 >= after_layers(0), speed=0
[warning]	2026-08-21 22:05:05.358685[Thread 0x00007f22c6be56c0]:[P2 Fan Config] before_layers=0, after_layers=0, before_speed=0, after_speed=0
[warning]	2026-08-21 22:05:05.358749[Thread 0x00007f22c6be56c0]:[P2 Fan] layer_id=102 >= after_layers(0), speed=0
[warning]	2026-08-21 22:05:05.378745[Thread 0x00007f22c67e46c0]:[P2 Fan Config] before_layers=0, after_layers=0, before_speed=0, after_speed=0
[warning]	2026-08-21 22:05:05.378759[Thread 0x00007f22c67e46c0]:[P2 Fan] layer_id=103 >= after_layers(0), speed=0
[warning]	2026-08-21 22:05:05.389006[Thread 0x00007f22c6be56c0]:[P2 Fan Config] before_layers=0, after_layers=0, before_speed=0, after_speed=0
[warning]	2026-08-21 22:05:05.389023[Thread 0x00007f22c6be56c0]:[P2 Fan] layer_id=104 >= after_layers(0), speed=0
[warning]	2026-08-21 22:05:05.407988[Thread 0x00007f22b9fe86c0]:[P2 Fan Config] before_layers=0, after_layers=0, before_speed=0, after_speed=0
[warning]	2026-08-21 22:05:05.408009[Thread 0x00007f22b9fe86c0]:[P2 Fan] layer_id=105 >= after_layers(0), speed=0
[warning]	2026-08-21 22:05:05.420848[Thread 0x00007f22c67e46c0]:[P2 Fan Config] before_layers=0, after_layers=0, before_speed=0, after_speed=0
[warning]	2026-08-21 22:05:05.420867[Thread 0x00007f22c67e46c0]:[P2 Fan] layer_id=106 >= after_layers(0), speed=0
[warning]	2026-08-21 22:05:05.434725[Thread 0x00007f22c73e66c0]:[P2 Fan Config] before_layers=0, after_layers=0, before_speed=0, after_speed=0
[warning]	2026-08-21 22:05:05.434760[Thread 0x00007f22c73e66c0]:[P2 Fan] layer_id=107 >= after_layers(0), speed=0
[warning]	2026-08-21 22:05:05.445345[Thread 0x00007f22b9fe86c0]:[P2 Fan Config] before_layers=0, after_layers=0, before_speed=0, after_speed=0
[warning]	2026-08-21 22:05:05.445358[Thread 0x00007f22b9fe86c0]:[P2 Fan] layer_id=108 >= after_layers(0), speed=0
[warning]	2026-08-21 22:05:05.451123[Thread 0x00007f22c67e46c0]:[P2 Fan Config] before_layers=0, after_layers=0, before_speed=0, after_speed=0
[warning]	2026-08-21 22:05:05.451151[Thread 0x00007f22c67e46c0]:[P2 Fan] layer_id=109 >= after_layers(0), speed=0
[warning]	2026-08-21 22:05:05.465447[Thread 0x00007f22c47ff6c0]:[P2 Fan Config] before_layers=0, after_layers=0, before_speed=0, after_speed=0
[warning]	2026-08-21 22:05:05.465481[Thread 0x00007f22c47ff6c0]:[P2 Fan] layer_id=110 >= after_layers(0), speed=0
[warning]	2026-08-21 22:05:05.482068[Thread 0x00007f22b9fe86c0]:[P2 Fan Config] before_layers=0, after_layers=0, before_speed=0, after_speed=0
[warning]	2026-08-21 22:05:05.482083[Thread 0x00007f22b9fe86c0]:[P2 Fan] layer_id=111 >= after_layers(0), speed=0
[warning]	2026-08-21 22:05:05.492696[Thread 0x00007f22c47ff6c0]:[P2 Fan Config] before_layers=0, after_layers=0, before_speed=0, after_speed=0
[warning]	2026-08-21 22:05:05.492766[Thread 0x00007f22c47ff6c0]:[P2 Fan] layer_id=112 >= after_layers(0), speed=0
[warning]	2026-08-21 22:05:05.509050[Thread 0x00007f22c43fe6c0]:[P2 Fan Config] before_layers=0, after_layers=0, before_speed=0, after_speed=0
[warning]	2026-08-21 22:05:05.509069[Thread 0x00007f22c43fe6c0]:[P2 Fan] layer_id=113 >= after_layers(0), speed=0
[warning]	2026-08-21 22:05:05.518015[Thread 0x00007f22b9fe86c0]:[P2 Fan Config] before_layers=0, after_layers=0, before_speed=0, after_speed=0
[warning]	2026-08-21 22:05:05.518033[Thread 0x00007f22b9fe86c0]:[P2 Fan] layer_id=114 >= after_layers(0), speed=0
[warning]	2026-08-21 22:05:05.532741[Thread 0x00007f22c67e46c0]:[P2 Fan Config] before_layers=0, after_layers=0, before_speed=0, after_speed=0
[warning]	2026-08-21 22:05:05.532768[Thread 0x00007f22c67e46c0]:[P2 Fan] layer_id=115 >= after_layers(0), speed=0
[warning]	2026-08-21 22:05:05.546275[Thread 0x00007f22b9fe86c0]:[P2 Fan Config] before_layers=0, after_layers=0, before_speed=0, after_speed=0
[warning]	2026-08-21 22:05:05.546289[Thread 0x00007f22b9fe86c0]:[P2 Fan] layer_id=116 >= after_layers(0), speed=0
[warning]	2026-08-21 22:05:05.555457[Thread 0x00007f22c3bfc6c0]:[P2 Fan Config] before_layers=0, after_layers=0, before_speed=0, after_speed=0
[warning]	2026-08-21 22:05:05.555473[Thread 0x00007f22c3bfc6c0]:[P2 Fan] layer_id=117 >= after_layers(0), speed=0
[warning]	2026-08-21 22:05:05.574298[Thread 0x00007f22b9fe86c0]:[P2 Fan Config] before_layers=0, after_layers=0, before_speed=0, after_speed=0
[warning]	2026-08-21 22:05:05.574324[Thread 0x00007f22b9fe86c0]:[P2 Fan] layer_id=118 >= after_layers(0), speed=0
[warning]	2026-08-21 22:05:05.586144[Thread 0x00007f22c3bfc6c0]:[P2 Fan Config] before_layers=0, after_layers=0, before_speed=0, after_speed=0
[warning]	2026-08-21 22:05:05.586157[Thread 0x00007f22c3bfc6c0]:[P2 Fan] layer_id=119 >= after_layers(0), speed=0
[warning]	2026-08-21 22:05:05.602565[Thread 0x00007f22b9fe86c0]:[P2 Fan Config] before_layers=0, after_layers=0, before_speed=0, after_speed=0
[warning]	2026-08-21 22:05:05.602591[Thread 0x00007f22b9fe86c0]:[P2 Fan] layer_id=120 >= after_layers(0), speed=0
[warning]	2026-08-21 22:05:05.616049[Thread 0x00007f22c3bfc6c0]:[P2 Fan Config] before_layers=0, after_layers=0, before_speed=0, after_speed=0
[warning]	2026-08-21 22:05:05.616063[Thread 0x00007f22c3bfc6c0]:[P2 Fan] layer_id=121 >= after_layers(0), speed=0
[warning]	2026-08-21 22:05:05.626356[Thread 0x00007f22c67e46c0]:[P2 Fan Config] before_layers=0, after_layers=0, before_speed=0, after_speed=0
[warning]	2026-08-21 22:05:05.626379[Thread 0x00007f22c67e46c0]:[P2 Fan] layer_id=122 >= after_layers(0), speed=0
[warning]	2026-08-21 22:05:05.650645[Thread 0x00007f22b9fe86c0]:[P2 Fan Config] before_layers=0, after_layers=0, before_speed=0, after_speed=0
[warning]	2026-08-21 22:05:05.650671[Thread 0x00007f22b9fe86c0]:[P2 Fan] layer_id=123 >= after_layers(0), speed=0
[warning]	2026-08-21 22:05:05.671326[Thread 0x00007f22c3ffd6c0]:[P2 Fan Config] before_layers=0, after_layers=0, before_speed=0, after_speed=0
[warning]	2026-08-21 22:05:05.671347[Thread 0x00007f22c3ffd6c0]:[P2 Fan] layer_id=124 >= after_layers(0), speed=0
[warning]	2026-08-21 22:05:05.683589[Thread 0x00007f22b9fe86c0]:[P2 Fan Config] before_layers=0, after_layers=0, before_speed=0, after_speed=0
[warning]	2026-08-21 22:05:05.683602[Thread 0x00007f22b9fe86c0]:[P2 Fan] layer_id=125 >= after_layers(0), speed=0
[warning]	2026-08-21 22:05:05.694953[Thread 0x00007f22c67e46c0]:[P2 Fan Config] before_layers=0, after_layers=0, before_speed=0, after_speed=0
[warning]	2026-08-21 22:05:05.695011[Thread 0x00007f22c67e46c0]:[P2 Fan] layer_id=126 >= after_layers(0), speed=0
[warning]	2026-08-21 22:05:05.711508[Thread 0x00007f22b9fe86c0]:[P2 Fan Config] before_layers=0, after_layers=0, before_speed=0, after_speed=0
[warning]	2026-08-21 22:05:05.711524[Thread 0x00007f22b9fe86c0]:[P2 Fan] layer_id=127 >= after_layers(0), speed=0
[warning]	2026-08-21 22:05:05.718885[Thread 0x00007f22c67e46c0]:[P2 Fan Config] before_layers=0, after_layers=0, before_speed=0, after_speed=0
[warning]	2026-08-21 22:05:05.718894[Thread 0x00007f22c67e46c0]:[P2 Fan] layer_id=128 >= after_layers(0), speed=0
[warning]	2026-08-21 22:05:05.729313[Thread 0x00007f22b9fe86c0]:[P2 Fan Config] before_layers=0, after_layers=0, before_speed=0, after_speed=0
[warning]	2026-08-21 22:05:05.729369[Thread 0x00007f22b9fe86c0]:[P2 Fan] layer_id=129 >= after_layers(0), speed=0
[warning]	2026-08-21 22:05:05.744337[Thread 0x00007f22c47ff6c0]:[P2 Fan Config] before_layers=0, after_layers=0, before_speed=0, after_speed=0
[warning]	2026-08-21 22:05:05.744353[Thread 0x00007f22c47ff6c0]:[P2 Fan] layer_id=130 >= after_layers(0), speed=0
[warning]	2026-08-21 22:05:05.750980[Thread 0x00007f22b9fe86c0]:[P2 Fan Config] before_layers=0, after_layers=0, before_speed=0, after_speed=0
[warning]	2026-08-21 22:05:05.750990[Thread 0x00007f22b9fe86c0]:[P2 Fan] layer_id=131 >= after_layers(0), speed=0
[warning]	2026-08-21 22:05:05.757875[Thread 0x00007f22c3ffd6c0]:[P2 Fan Config] before_layers=0, after_layers=0, before_speed=0, after_speed=0
[warning]	2026-08-21 22:05:05.757892[Thread 0x00007f22c3ffd6c0]:[P2 Fan] layer_id=132 >= after_layers(0), speed=0
[warning]	2026-08-21 22:05:05.774269[Thread 0x00007f22c47ff6c0]:[P2 Fan Config] before_layers=0, after_layers=0, before_speed=0, after_speed=0
[warning]	2026-08-21 22:05:05.774302[Thread 0x00007f22c47ff6c0]:[P2 Fan] layer_id=133 >= after_layers(0), speed=0
[warning]	2026-08-21 22:05:05.783657[Thread 0x00007f22c3bfc6c0]:[P2 Fan Config] before_layers=0, after_layers=0, before_speed=0, after_speed=0
[warning]	2026-08-21 22:05:05.783670[Thread 0x00007f22c3bfc6c0]:[P2 Fan] layer_id=134 >= after_layers(0), speed=0
[warning]	2026-08-21 22:05:05.798192[Thread 0x00007f22c73e66c0]:[P2 Fan Config] before_layers=0, after_layers=0, before_speed=0, after_speed=0
[warning]	2026-08-21 22:05:05.798306[Thread 0x00007f22c73e66c0]:[P2 Fan] layer_id=135 >= after_layers(0), speed=0
[warning]	2026-08-21 22:05:05.814655[Thread 0x00007f22b9fe86c0]:[P2 Fan Config] before_layers=0, after_layers=0, before_speed=0, after_speed=0
[warning]	2026-08-21 22:05:05.814668[Thread 0x00007f22b9fe86c0]:[P2 Fan] layer_id=136 >= after_layers(0), speed=0
[warning]	2026-08-21 22:05:05.824357[Thread 0x00007f22c43fe6c0]:[P2 Fan Config] before_layers=0, after_layers=0, before_speed=0, after_speed=0
[warning]	2026-08-21 22:05:05.824383[Thread 0x00007f22c43fe6c0]:[P2 Fan] layer_id=137 >= after_layers(0), speed=0
[warning]	2026-08-21 22:05:05.848988[Thread 0x00007f22c67e46c0]:[P2 Fan Config] before_layers=0, after_layers=0, before_speed=0, after_speed=0
[warning]	2026-08-21 22:05:05.849006[Thread 0x00007f22c67e46c0]:[P2 Fan] layer_id=138 >= after_layers(0), speed=0
[warning]	2026-08-21 22:05:05.871728[Thread 0x00007f22b9fe86c0]:[P2 Fan Config] before_layers=0, after_layers=0, before_speed=0, after_speed=0
[warning]	2026-08-21 22:05:05.871766[Thread 0x00007f22b9fe86c0]:[P2 Fan] layer_id=139 >= after_layers(0), speed=0
[warning]	2026-08-21 22:05:05.885632[Thread 0x00007f22c67e46c0]:[P2 Fan Config] before_layers=0, after_layers=0, before_speed=0, after_speed=0
[warning]	2026-08-21 22:05:05.885644[Thread 0x00007f22c67e46c0]:[P2 Fan] layer_id=140 >= after_layers(0), speed=0
[warning]	2026-08-21 22:05:05.905924[Thread 0x00007f22b9fe86c0]:[P2 Fan Config] before_layers=0, after_layers=0, before_speed=0, after_speed=0
[warning]	2026-08-21 22:05:05.905972[Thread 0x00007f22b9fe86c0]:[P2 Fan] layer_id=141 >= after_layers(0), speed=0
[warning]	2026-08-21 22:05:05.922249[Thread 0x00007f22c3bfc6c0]:[P2 Fan Config] before_layers=0, after_layers=0, before_speed=0, after_speed=0
[warning]	2026-08-21 22:05:05.922267[Thread 0x00007f22c3bfc6c0]:[P2 Fan] layer_id=142 >= after_layers(0), speed=0
[warning]	2026-08-21 22:05:05.945521[Thread 0x00007f22c47ff6c0]:[P2 Fan Config] before_layers=0, after_layers=0, before_speed=0, after_speed=0
[warning]	2026-08-21 22:05:05.945542[Thread 0x00007f22c47ff6c0]:[P2 Fan] layer_id=143 >= after_layers(0), speed=0
[warning]	2026-08-21 22:05:05.962774[Thread 0x00007f22c3ffd6c0]:[P2 Fan Config] before_layers=0, after_layers=0, before_speed=0, after_speed=0
[warning]	2026-08-21 22:05:05.962873[Thread 0x00007f22c3ffd6c0]:[P2 Fan] layer_id=144 >= after_layers(0), speed=0
[warning]	2026-08-21 22:05:05.981005[Thread 0x00007f22c47ff6c0]:[P2 Fan Config] before_layers=0, after_layers=0, before_speed=0, after_speed=0
[warning]	2026-08-21 22:05:05.981021[Thread 0x00007f22c47ff6c0]:[P2 Fan] layer_id=145 >= after_layers(0), speed=0
[warning]	2026-08-21 22:05:05.992568[Thread 0x00007f22c73e66c0]:[P2 Fan Config] before_layers=0, after_layers=0, before_speed=0, after_speed=0
[warning]	2026-08-21 22:05:05.992595[Thread 0x00007f22c73e66c0]:[P2 Fan] layer_id=146 >= after_layers(0), speed=0
[warning]	2026-08-21 22:05:06.014716[Thread 0x00007f22c43fe6c0]:[P2 Fan Config] before_layers=0, after_layers=0, before_speed=0, after_speed=0
[warning]	2026-08-21 22:05:06.014733[Thread 0x00007f22c43fe6c0]:[P2 Fan] layer_id=147 >= after_layers(0), speed=0
[warning]	2026-08-21 22:05:06.026953[Thread 0x00007f22b9fe86c0]:[P2 Fan Config] before_layers=0, after_layers=0, before_speed=0, after_speed=0
[warning]	2026-08-21 22:05:06.026999[Thread 0x00007f22b9fe86c0]:[P2 Fan] layer_id=148 >= after_layers(0), speed=0
[warning]	2026-08-21 22:05:06.049965[Thread 0x00007f22c43fe6c0]:[P2 Fan Config] before_layers=0, after_layers=0, before_speed=0, after_speed=0
[warning]	2026-08-21 22:05:06.049982[Thread 0x00007f22c43fe6c0]:[P2 Fan] layer_id=149 >= after_layers(0), speed=0
[warning]	2026-08-21 22:05:06.065435[Thread 0x00007f22c6be56c0]:[P2 Fan Config] before_layers=0, after_layers=0, before_speed=0, after_speed=0
[warning]	2026-08-21 22:05:06.065497[Thread 0x00007f22c6be56c0]:[P2 Fan] layer_id=150 >= after_layers(0), speed=0
[warning]	2026-08-21 22:05:06.081912[Thread 0x00007f22c73e66c0]:[P2 Fan Config] before_layers=0, after_layers=0, before_speed=0, after_speed=0
[warning]	2026-08-21 22:05:06.081927[Thread 0x00007f22c73e66c0]:[P2 Fan] layer_id=151 >= after_layers(0), speed=0
[warning]	2026-08-21 22:05:06.091440[Thread 0x00007f22c43fe6c0]:[P2 Fan Config] before_layers=0, after_layers=0, before_speed=0, after_speed=0
[warning]	2026-08-21 22:05:06.091461[Thread 0x00007f22c43fe6c0]:[P2 Fan] layer_id=152 >= after_layers(0), speed=0
[warning]	2026-08-21 22:05:06.108104[Thread 0x00007f22c3ffd6c0]:[P2 Fan Config] before_layers=0, after_layers=0, before_speed=0, after_speed=0
[warning]	2026-08-21 22:05:06.108133[Thread 0x00007f22c3ffd6c0]:[P2 Fan] layer_id=153 >= after_layers(0), speed=0
[warning]	2026-08-21 22:05:06.117706[Thread 0x00007f22b9fe86c0]:[P2 Fan Config] before_layers=0, after_layers=0, before_speed=0, after_speed=0
[warning]	2026-08-21 22:05:06.117719[Thread 0x00007f22b9fe86c0]:[P2 Fan] layer_id=154 >= after_layers(0), speed=0
[warning]	2026-08-21 22:05:06.130334[Thread 0x00007f22c3ffd6c0]:[P2 Fan Config] before_layers=0, after_layers=0, before_speed=0, after_speed=0
[warning]	2026-08-21 22:05:06.130396[Thread 0x00007f22c3ffd6c0]:[P2 Fan] layer_id=155 >= after_layers(0), speed=0
[warning]	2026-08-21 22:05:06.147631[Thread 0x00007f22b9fe86c0]:[P2 Fan Config] before_layers=0, after_layers=0, before_speed=0, after_speed=0
[warning]	2026-08-21 22:05:06.147646[Thread 0x00007f22b9fe86c0]:[P2 Fan] layer_id=156 >= after_layers(0), speed=0
[warning]	2026-08-21 22:05:06.157922[Thread 0x00007f22c6be56c0]:[P2 Fan Config] before_layers=0, after_layers=0, before_speed=0, after_speed=0
[warning]	2026-08-21 22:05:06.157951[Thread 0x00007f22c6be56c0]:[P2 Fan] layer_id=157 >= after_layers(0), speed=0
[warning]	2026-08-21 22:05:06.175821[Thread 0x00007f22b9fe86c0]:[P2 Fan Config] before_layers=0, after_layers=0, before_speed=0, after_speed=0
[warning]	2026-08-21 22:05:06.175844[Thread 0x00007f22b9fe86c0]:[P2 Fan] layer_id=158 >= after_layers(0), speed=0
[warning]	2026-08-21 22:05:06.188469[Thread 0x00007f22c43fe6c0]:[P2 Fan Config] before_layers=0, after_layers=0, before_speed=0, after_speed=0
[warning]	2026-08-21 22:05:06.188490[Thread 0x00007f22c43fe6c0]:[P2 Fan] layer_id=159 >= after_layers(0), speed=0
[warning]	2026-08-21 22:05:06.209369[Thread 0x00007f22c67e46c0]:[P2 Fan Config] before_layers=0, after_layers=0, before_speed=0, after_speed=0
[warning]	2026-08-21 22:05:06.209399[Thread 0x00007f22c67e46c0]:[P2 Fan] layer_id=160 >= after_layers(0), speed=0
[warning]	2026-08-21 22:05:06.222921[Thread 0x00007f22b9fe86c0]:[P2 Fan Config] before_layers=0, after_layers=0, before_speed=0, after_speed=0
[warning]	2026-08-21 22:05:06.222946[Thread 0x00007f22b9fe86c0]:[P2 Fan] layer_id=161 >= after_layers(0), speed=0
[warning]	2026-08-21 22:05:06.243595[Thread 0x00007f22c43fe6c0]:[P2 Fan Config] before_layers=0, after_layers=0, before_speed=0, after_speed=0
[warning]	2026-08-21 22:05:06.243617[Thread 0x00007f22c43fe6c0]:[P2 Fan] layer_id=162 >= after_layers(0), speed=0
[warning]	2026-08-21 22:05:06.257558[Thread 0x00007f22b9fe86c0]:[P2 Fan Config] before_layers=0, after_layers=0, before_speed=0, after_speed=0
[warning]	2026-08-21 22:05:06.257588[Thread 0x00007f22b9fe86c0]:[P2 Fan] layer_id=163 >= after_layers(0), speed=0
[warning]	2026-08-21 22:05:06.277986[Thread 0x00007f22c6be56c0]:[P2 Fan Config] before_layers=0, after_layers=0, before_speed=0, after_speed=0
[warning]	2026-08-21 22:05:06.278004[Thread 0x00007f22c6be56c0]:[P2 Fan] layer_id=164 >= after_layers(0), speed=0
[warning]	2026-08-21 22:05:06.292085[Thread 0x00007f22b9fe86c0]:[P2 Fan Config] before_layers=0, after_layers=0, before_speed=0, after_speed=0
[warning]	2026-08-21 22:05:06.292108[Thread 0x00007f22b9fe86c0]:[P2 Fan] layer_id=165 >= after_layers(0), speed=0
[warning]	2026-08-21 22:05:06.311888[Thread 0x00007f22c3ffd6c0]:[P2 Fan Config] before_layers=0, after_layers=0, before_speed=0, after_speed=0
[warning]	2026-08-21 22:05:06.311904[Thread 0x00007f22c3ffd6c0]:[P2 Fan] layer_id=166 >= after_layers(0), speed=0
[warning]	2026-08-21 22:05:06.322510[Thread 0x00007f22c3bfc6c0]:[P2 Fan Config] before_layers=0, after_layers=0, before_speed=0, after_speed=0
[warning]	2026-08-21 22:05:06.322525[Thread 0x00007f22c3bfc6c0]:[P2 Fan] layer_id=167 >= after_layers(0), speed=0
[warning]	2026-08-21 22:05:06.342976[Thread 0x00007f22b9fe86c0]:[P2 Fan Config] before_layers=0, after_layers=0, before_speed=0, after_speed=0
[warning]	2026-08-21 22:05:06.343008[Thread 0x00007f22b9fe86c0]:[P2 Fan] layer_id=168 >= after_layers(0), speed=0
[warning]	2026-08-21 22:05:06.354193[Thread 0x00007f22c3ffd6c0]:[P2 Fan Config] before_layers=0, after_layers=0, before_speed=0, after_speed=0
[warning]	2026-08-21 22:05:06.354204[Thread 0x00007f22c3ffd6c0]:[P2 Fan] layer_id=169 >= after_layers(0), speed=0
[warning]	2026-08-21 22:05:06.372684[Thread 0x00007f22b9fe86c0]:[P2 Fan Config] before_layers=0, after_layers=0, before_speed=0, after_speed=0
[warning]	2026-08-21 22:05:06.372730[Thread 0x00007f22b9fe86c0]:[P2 Fan] layer_id=170 >= after_layers(0), speed=0
[warning]	2026-08-21 22:05:06.385745[Thread 0x00007f22c47ff6c0]:[P2 Fan Config] before_layers=0, after_layers=0, before_speed=0, after_speed=0
[warning]	2026-08-21 22:05:06.385760[Thread 0x00007f22c47ff6c0]:[P2 Fan] layer_id=171 >= after_layers(0), speed=0
[warning]	2026-08-21 22:05:06.395618[Thread 0x00007f22b9fe86c0]:[P2 Fan Config] before_layers=0, after_layers=0, before_speed=0, after_speed=0
[warning]	2026-08-21 22:05:06.395706[Thread 0x00007f22b9fe86c0]:[P2 Fan] layer_id=172 >= after_layers(0), speed=0
[warning]	2026-08-21 22:05:06.411775[Thread 0x00007f22c6be56c0]:[P2 Fan Config] before_layers=0, after_layers=0, before_speed=0, after_speed=0
[warning]	2026-08-21 22:05:06.411795[Thread 0x00007f22c6be56c0]:[P2 Fan] layer_id=173 >= after_layers(0), speed=0
[warning]	2026-08-21 22:05:06.417795[Thread 0x00007f22b9fe86c0]:[P2 Fan Config] before_layers=0, after_layers=0, before_speed=0, after_speed=0
[warning]	2026-08-21 22:05:06.417804[Thread 0x00007f22b9fe86c0]:[P2 Fan] layer_id=174 >= after_layers(0), speed=0
[warning]	2026-08-21 22:05:06.423558[Thread 0x00007f22c43fe6c0]:[P2 Fan Config] before_layers=0, after_layers=0, before_speed=0, after_speed=0
[warning]	2026-08-21 22:05:06.423577[Thread 0x00007f22c43fe6c0]:[P2 Fan] layer_id=175 >= after_layers(0), speed=0
[warning]	2026-08-21 22:05:06.437976[Thread 0x00007f22c3bfc6c0]:[P2 Fan Config] before_layers=0, after_layers=0, before_speed=0, after_speed=0
[warning]	2026-08-21 22:05:06.438028[Thread 0x00007f22c3bfc6c0]:[P2 Fan] layer_id=176 >= after_layers(0), speed=0
[warning]	2026-08-21 22:05:06.450760[Thread 0x00007f22b9fe86c0]:[P2 Fan Config] before_layers=0, after_layers=0, before_speed=0, after_speed=0
[warning]	2026-08-21 22:05:06.450776[Thread 0x00007f22b9fe86c0]:[P2 Fan] layer_id=177 >= after_layers(0), speed=0
[warning]	2026-08-21 22:05:06.461541[Thread 0x00007f22c3bfc6c0]:[P2 Fan Config] before_layers=0, after_layers=0, before_speed=0, after_speed=0
[warning]	2026-08-21 22:05:06.461608[Thread 0x00007f22c3bfc6c0]:[P2 Fan] layer_id=178 >= after_layers(0), speed=0
[warning]	2026-08-21 22:05:06.474740[Thread 0x00007f22c67e46c0]:[P2 Fan Config] before_layers=0, after_layers=0, before_speed=0, after_speed=0
[warning]	2026-08-21 22:05:06.474773[Thread 0x00007f22c67e46c0]:[P2 Fan] layer_id=179 >= after_layers(0), speed=0
[warning]	2026-08-21 22:05:06.494361[Thread 0x00007f22b9fe86c0]:[P2 Fan Config] before_layers=0, after_layers=0, before_speed=0, after_speed=0
[warning]	2026-08-21 22:05:06.494423[Thread 0x00007f22b9fe86c0]:[P2 Fan] layer_id=180 >= after_layers(0), speed=0
[warning]	2026-08-21 22:05:06.507379[Thread 0x00007f22c47ff6c0]:[P2 Fan Config] before_layers=0, after_layers=0, before_speed=0, after_speed=0
[warning]	2026-08-21 22:05:06.507420[Thread 0x00007f22c47ff6c0]:[P2 Fan] layer_id=181 >= after_layers(0), speed=0
[warning]	2026-08-21 22:05:06.526172[Thread 0x00007f22b9fe86c0]:[P2 Fan Config] before_layers=0, after_layers=0, before_speed=0, after_speed=0
[warning]	2026-08-21 22:05:06.526201[Thread 0x00007f22b9fe86c0]:[P2 Fan] layer_id=182 >= after_layers(0), speed=0
[warning]	2026-08-21 22:05:06.544879[Thread 0x00007f22c43fe6c0]:[P2 Fan Config] before_layers=0, after_layers=0, before_speed=0, after_speed=0
[warning]	2026-08-21 22:05:06.544898[Thread 0x00007f22c43fe6c0]:[P2 Fan] layer_id=183 >= after_layers(0), speed=0
[warning]	2026-08-21 22:05:06.555506[Thread 0x00007f22b9fe86c0]:[P2 Fan Config] before_layers=0, after_layers=0, before_speed=0, after_speed=0
[warning]	2026-08-21 22:05:06.555520[Thread 0x00007f22b9fe86c0]:[P2 Fan] layer_id=184 >= after_layers(0), speed=0
[warning]	2026-08-21 22:05:06.586331[Thread 0x00007f22c47ff6c0]:[P2 Fan Config] before_layers=0, after_layers=0, before_speed=0, after_speed=0
[warning]	2026-08-21 22:05:06.586348[Thread 0x00007f22c47ff6c0]:[P2 Fan] layer_id=185 >= after_layers(0), speed=0
[warning]	2026-08-21 22:05:06.607150[Thread 0x00007f22c6be56c0]:[P2 Fan Config] before_layers=0, after_layers=0, before_speed=0, after_speed=0
[warning]	2026-08-21 22:05:06.607180[Thread 0x00007f22c6be56c0]:[P2 Fan] layer_id=186 >= after_layers(0), speed=0
[warning]	2026-08-21 22:05:06.623022[Thread 0x00007f22c73e66c0]:[P2 Fan Config] before_layers=0, after_layers=0, before_speed=0, after_speed=0
[warning]	2026-08-21 22:05:06.623052[Thread 0x00007f22c73e66c0]:[P2 Fan] layer_id=187 >= after_layers(0), speed=0
[warning]	2026-08-21 22:05:06.644140[Thread 0x00007f22c3bfc6c0]:[P2 Fan Config] before_layers=0, after_layers=0, before_speed=0, after_speed=0
[warning]	2026-08-21 22:05:06.644174[Thread 0x00007f22c3bfc6c0]:[P2 Fan] layer_id=188 >= after_layers(0), speed=0
[warning]	2026-08-21 22:05:06.658305[Thread 0x00007f22c3ffd6c0]:[P2 Fan Config] before_layers=0, after_layers=0, before_speed=0, after_speed=0
[warning]	2026-08-21 22:05:06.658329[Thread 0x00007f22c3ffd6c0]:[P2 Fan] layer_id=189 >= after_layers(0), speed=0
[warning]	2026-08-21 22:05:06.681811[Thread 0x00007f22c6be56c0]:[P2 Fan Config] before_layers=0, after_layers=0, before_speed=0, after_speed=0
[warning]	2026-08-21 22:05:06.681828[Thread 0x00007f22c6be56c0]:[P2 Fan] layer_id=190 >= after_layers(0), speed=0
[warning]	2026-08-21 22:05:06.697612[Thread 0x00007f22b9fe86c0]:[P2 Fan Config] before_layers=0, after_layers=0, before_speed=0, after_speed=0
[warning]	2026-08-21 22:05:06.697707[Thread 0x00007f22b9fe86c0]:[P2 Fan] layer_id=191 >= after_layers(0), speed=0
[warning]	2026-08-21 22:05:06.717218[Thread 0x00007f22c47ff6c0]:[P2 Fan Config] before_layers=0, after_layers=0, before_speed=0, after_speed=0
[warning]	2026-08-21 22:05:06.717238[Thread 0x00007f22c47ff6c0]:[P2 Fan] layer_id=192 >= after_layers(0), speed=0
[warning]	2026-08-21 22:05:06.732736[Thread 0x00007f22c73e66c0]:[P2 Fan Config] before_layers=0, after_layers=0, before_speed=0, after_speed=0
[warning]	2026-08-21 22:05:06.732859[Thread 0x00007f22c73e66c0]:[P2 Fan] layer_id=193 >= after_layers(0), speed=0
[warning]	2026-08-21 22:05:06.750547[Thread 0x00007f22b9fe86c0]:[P2 Fan Config] before_layers=0, after_layers=0, before_speed=0, after_speed=0
[warning]	2026-08-21 22:05:06.750561[Thread 0x00007f22b9fe86c0]:[P2 Fan] layer_id=194 >= after_layers(0), speed=0
[warning]	2026-08-21 22:05:06.759319[Thread 0x00007f22c47ff6c0]:[P2 Fan Config] before_layers=0, after_layers=0, before_speed=0, after_speed=0
[warning]	2026-08-21 22:05:06.759344[Thread 0x00007f22c47ff6c0]:[P2 Fan] layer_id=195 >= after_layers(0), speed=0
[warning]	2026-08-21 22:05:06.775285[Thread 0x00007f22b9fe86c0]:[P2 Fan Config] before_layers=0, after_layers=0, before_speed=0, after_speed=0
[warning]	2026-08-21 22:05:06.775317[Thread 0x00007f22b9fe86c0]:[P2 Fan] layer_id=196 >= after_layers(0), speed=0
[warning]	2026-08-21 22:05:06.783988[Thread 0x00007f22c47ff6c0]:[P2 Fan Config] before_layers=0, after_layers=0, before_speed=0, after_speed=0
[warning]	2026-08-21 22:05:06.784002[Thread 0x00007f22c47ff6c0]:[P2 Fan] layer_id=197 >= after_layers(0), speed=0
[warning]	2026-08-21 22:05:06.790695[Thread 0x00007f22b9fe86c0]:[P2 Fan Config] before_layers=0, after_layers=0, before_speed=0, after_speed=0
[warning]	2026-08-21 22:05:06.790709[Thread 0x00007f22b9fe86c0]:[P2 Fan] layer_id=198 >= after_layers(0), speed=0
[warning]	2026-08-21 22:05:06.806967[Thread 0x00007f22c67e46c0]:[P2 Fan Config] before_layers=0, after_layers=0, before_speed=0, after_speed=0
[warning]	2026-08-21 22:05:06.807013[Thread 0x00007f22c67e46c0]:[P2 Fan] layer_id=199 >= after_layers(0), speed=0
[warning]	2026-08-21 22:05:06.818509[Thread 0x00007f22b9fe86c0]:[P2 Fan Config] before_layers=0, after_layers=0, before_speed=0, after_speed=0
[warning]	2026-08-21 22:05:06.818523[Thread 0x00007f22b9fe86c0]:[P2 Fan] layer_id=200 >= after_layers(0), speed=0
[warning]	2026-08-21 22:05:06.828342[Thread 0x00007f22c67e46c0]:[P2 Fan Config] before_layers=0, after_layers=0, before_speed=0, after_speed=0
[warning]	2026-08-21 22:05:06.828388[Thread 0x00007f22c67e46c0]:[P2 Fan] layer_id=201 >= after_layers(0), speed=0
[warning]	2026-08-21 22:05:06.847493[Thread 0x00007f22b9fe86c0]:[P2 Fan Config] before_layers=0, after_layers=0, before_speed=0, after_speed=0
[warning]	2026-08-21 22:05:06.847509[Thread 0x00007f22b9fe86c0]:[P2 Fan] layer_id=202 >= after_layers(0), speed=0
[warning]	2026-08-21 22:05:06.859419[Thread 0x00007f22c3bfc6c0]:[P2 Fan Config] before_layers=0, after_layers=0, before_speed=0, after_speed=0
[warning]	2026-08-21 22:05:06.859449[Thread 0x00007f22c3bfc6c0]:[P2 Fan] layer_id=203 >= after_layers(0), speed=0
[warning]	2026-08-21 22:05:06.879036[Thread 0x00007f22c43fe6c0]:[P2 Fan Config] before_layers=0, after_layers=0, before_speed=0, after_speed=0
[warning]	2026-08-21 22:05:06.879053[Thread 0x00007f22c43fe6c0]:[P2 Fan] layer_id=204 >= after_layers(0), speed=0
[warning]	2026-08-21 22:05:06.889256[Thread 0x00007f22c3ffd6c0]:[P2 Fan Config] before_layers=0, after_layers=0, before_speed=0, after_speed=0
[warning]	2026-08-21 22:05:06.889265[Thread 0x00007f22c3ffd6c0]:[P2 Fan] layer_id=205 >= after_layers(0), speed=0
[warning]	2026-08-21 22:05:06.908999[Thread 0x00007f22b9fe86c0]:[P2 Fan Config] before_layers=0, after_layers=0, before_speed=0, after_speed=0
[warning]	2026-08-21 22:05:06.909031[Thread 0x00007f22b9fe86c0]:[P2 Fan] layer_id=206 >= after_layers(0), speed=0
[warning]	2026-08-21 22:05:06.922086[Thread 0x00007f22c43fe6c0]:[P2 Fan Config] before_layers=0, after_layers=0, before_speed=0, after_speed=0
[warning]	2026-08-21 22:05:06.922098[Thread 0x00007f22c43fe6c0]:[P2 Fan] layer_id=207 >= after_layers(0), speed=0
[warning]	2026-08-21 22:05:06.941063[Thread 0x00007f22c3bfc6c0]:[P2 Fan Config] before_layers=0, after_layers=0, before_speed=0, after_speed=0
[warning]	2026-08-21 22:05:06.941092[Thread 0x00007f22c3bfc6c0]:[P2 Fan] layer_id=208 >= after_layers(0), speed=0
[warning]	2026-08-21 22:05:06.959692[Thread 0x00007f22b9fe86c0]:[P2 Fan Config] before_layers=0, after_layers=0, before_speed=0, after_speed=0
[warning]	2026-08-21 22:05:06.959724[Thread 0x00007f22b9fe86c0]:[P2 Fan] layer_id=209 >= after_layers(0), speed=0
[warning]	2026-08-21 22:05:06.983877[Thread 0x00007f22c47ff6c0]:[P2 Fan Config] before_layers=0, after_layers=0, before_speed=0, after_speed=0
[warning]	2026-08-21 22:05:06.983892[Thread 0x00007f22c47ff6c0]:[P2 Fan] layer_id=210 >= after_layers(0), speed=0
[warning]	2026-08-21 22:05:06.996074[Thread 0x00007f22b9fe86c0]:[P2 Fan Config] before_layers=0, after_layers=0, before_speed=0, after_speed=0
[warning]	2026-08-21 22:05:06.996128[Thread 0x00007f22b9fe86c0]:[P2 Fan] layer_id=211 >= after_layers(0), speed=0
[warning]	2026-08-21 22:05:07.015553[Thread 0x00007f22c3bfc6c0]:[P2 Fan Config] before_layers=0, after_layers=0, before_speed=0, after_speed=0
[warning]	2026-08-21 22:05:07.015567[Thread 0x00007f22c3bfc6c0]:[P2 Fan] layer_id=212 >= after_layers(0), speed=0
[warning]	2026-08-21 22:05:07.025816[Thread 0x00007f22c67e46c0]:[P2 Fan Config] before_layers=0, after_layers=0, before_speed=0, after_speed=0
[warning]	2026-08-21 22:05:07.025846[Thread 0x00007f22c67e46c0]:[P2 Fan] layer_id=213 >= after_layers(0), speed=0
[warning]	2026-08-21 22:05:07.044586[Thread 0x00007f22c47ff6c0]:[P2 Fan Config] before_layers=0, after_layers=0, before_speed=0, after_speed=0
[warning]	2026-08-21 22:05:07.044615[Thread 0x00007f22c47ff6c0]:[P2 Fan] layer_id=214 >= after_layers(0), speed=0
[warning]	2026-08-21 22:05:07.056033[Thread 0x00007f22b9fe86c0]:[P2 Fan Config] before_layers=0, after_layers=0, before_speed=0, after_speed=0
[warning]	2026-08-21 22:05:07.056043[Thread 0x00007f22b9fe86c0]:[P2 Fan] layer_id=215 >= after_layers(0), speed=0
[warning]	2026-08-21 22:05:07.073435[Thread 0x00007f22c43fe6c0]:[P2 Fan Config] before_layers=0, after_layers=0, before_speed=0, after_speed=0
[warning]	2026-08-21 22:05:07.073461[Thread 0x00007f22c43fe6c0]:[P2 Fan] layer_id=216 >= after_layers(0), speed=0
[warning]	2026-08-21 22:05:07.084828[Thread 0x00007f22b9fe86c0]:[P2 Fan Config] before_layers=0, after_layers=0, before_speed=0, after_speed=0
[warning]	2026-08-21 22:05:07.084841[Thread 0x00007f22b9fe86c0]:[P2 Fan] layer_id=217 >= after_layers(0), speed=0
[warning]	2026-08-21 22:05:07.092357[Thread 0x00007f22c47ff6c0]:[P2 Fan Config] before_layers=0, after_layers=0, before_speed=0, after_speed=0
[warning]	2026-08-21 22:05:07.092380[Thread 0x00007f22c47ff6c0]:[P2 Fan] layer_id=218 >= after_layers(0), speed=0
[warning]	2026-08-21 22:05:07.106831[Thread 0x00007f22b9fe86c0]:[P2 Fan Config] before_layers=0, after_layers=0, before_speed=0, after_speed=0
[warning]	2026-08-21 22:05:07.106856[Thread 0x00007f22b9fe86c0]:[P2 Fan] layer_id=219 >= after_layers(0), speed=0
[warning]	2026-08-21 22:05:07.117453[Thread 0x00007f22c3bfc6c0]:[P2 Fan Config] before_layers=0, after_layers=0, before_speed=0, after_speed=0
[warning]	2026-08-21 22:05:07.117467[Thread 0x00007f22c3bfc6c0]:[P2 Fan] layer_id=220 >= after_layers(0), speed=0
[warning]	2026-08-21 22:05:07.124514[Thread 0x00007f22b9fe86c0]:[P2 Fan Config] before_layers=0, after_layers=0, before_speed=0, after_speed=0
[warning]	2026-08-21 22:05:07.124528[Thread 0x00007f22b9fe86c0]:[P2 Fan] layer_id=221 >= after_layers(0), speed=0
[warning]	2026-08-21 22:05:07.140412[Thread 0x00007f22c6be56c0]:[P2 Fan Config] before_layers=0, after_layers=0, before_speed=0, after_speed=0
[warning]	2026-08-21 22:05:07.140432[Thread 0x00007f22c6be56c0]:[P2 Fan] layer_id=222 >= after_layers(0), speed=0
[warning]	2026-08-21 22:05:07.151472[Thread 0x00007f22c73e66c0]:[P2 Fan Config] before_layers=0, after_layers=0, before_speed=0, after_speed=0
[warning]	2026-08-21 22:05:07.151487[Thread 0x00007f22c73e66c0]:[P2 Fan] layer_id=223 >= after_layers(0), speed=0
[warning]	2026-08-21 22:05:07.160456[Thread 0x00007f22c3ffd6c0]:[P2 Fan Config] before_layers=0, after_layers=0, before_speed=0, after_speed=0
[warning]	2026-08-21 22:05:07.160488[Thread 0x00007f22c3ffd6c0]:[P2 Fan] layer_id=224 >= after_layers(0), speed=0
[warning]	2026-08-21 22:05:07.181771[Thread 0x00007f22c3bfc6c0]:[P2 Fan Config] before_layers=0, after_layers=0, before_speed=0, after_speed=0
[warning]	2026-08-21 22:05:07.181799[Thread 0x00007f22c3bfc6c0]:[P2 Fan] layer_id=225 >= after_layers(0), speed=0
[warning]	2026-08-21 22:05:07.195462[Thread 0x00007f22c67e46c0]:[P2 Fan Config] before_layers=0, after_layers=0, before_speed=0, after_speed=0
[warning]	2026-08-21 22:05:07.195516[Thread 0x00007f22c67e46c0]:[P2 Fan] layer_id=226 >= after_layers(0), speed=0
[warning]	2026-08-21 22:05:07.215647[Thread 0x00007f22b9fe86c0]:[P2 Fan Config] before_layers=0, after_layers=0, before_speed=0, after_speed=0
[warning]	2026-08-21 22:05:07.215661[Thread 0x00007f22b9fe86c0]:[P2 Fan] layer_id=227 >= after_layers(0), speed=0
[warning]	2026-08-21 22:05:07.224948[Thread 0x00007f22c43fe6c0]:[P2 Fan Config] before_layers=0, after_layers=0, before_speed=0, after_speed=0
[warning]	2026-08-21 22:05:07.224966[Thread 0x00007f22c43fe6c0]:[P2 Fan] layer_id=228 >= after_layers(0), speed=0
[warning]	2026-08-21 22:05:07.248678[Thread 0x00007f22b9fe86c0]:[P2 Fan Config] before_layers=0, after_layers=0, before_speed=0, after_speed=0
[warning]	2026-08-21 22:05:07.248697[Thread 0x00007f22b9fe86c0]:[P2 Fan] layer_id=229 >= after_layers(0), speed=0
[warning]	2026-08-21 22:05:07.266600[Thread 0x00007f22c3ffd6c0]:[P2 Fan Config] before_layers=0, after_layers=0, before_speed=0, after_speed=0
[warning]	2026-08-21 22:05:07.266665[Thread 0x00007f22c3ffd6c0]:[P2 Fan] layer_id=230 >= after_layers(0), speed=0
[warning]	2026-08-21 22:05:07.284098[Thread 0x00007f22b9fe86c0]:[P2 Fan Config] before_layers=0, after_layers=0, before_speed=0, after_speed=0
[warning]	2026-08-21 22:05:07.284114[Thread 0x00007f22b9fe86c0]:[P2 Fan] layer_id=231 >= after_layers(0), speed=0
[warning]	2026-08-21 22:05:07.293134[Thread 0x00007f22c47ff6c0]:[P2 Fan Config] before_layers=0, after_layers=0, before_speed=0, after_speed=0
[warning]	2026-08-21 22:05:07.293161[Thread 0x00007f22c47ff6c0]:[P2 Fan] layer_id=232 >= after_layers(0), speed=0
[warning]	2026-08-21 22:05:07.314348[Thread 0x00007f22c73e66c0]:[P2 Fan Config] before_layers=0, after_layers=0, before_speed=0, after_speed=0
[warning]	2026-08-21 22:05:07.314368[Thread 0x00007f22c73e66c0]:[P2 Fan] layer_id=233 >= after_layers(0), speed=0
[warning]	2026-08-21 22:05:07.327731[Thread 0x00007f22b9fe86c0]:[P2 Fan Config] before_layers=0, after_layers=0, before_speed=0, after_speed=0
[warning]	2026-08-21 22:05:07.327757[Thread 0x00007f22b9fe86c0]:[P2 Fan] layer_id=234 >= after_layers(0), speed=0
[warning]	2026-08-21 22:05:07.342845[Thread 0x00007f22c67e46c0]:[P2 Fan Config] before_layers=0, after_layers=0, before_speed=0, after_speed=0
[warning]	2026-08-21 22:05:07.342879[Thread 0x00007f22c67e46c0]:[P2 Fan] layer_id=235 >= after_layers(0), speed=0
[warning]	2026-08-21 22:05:07.356442[Thread 0x00007f22c3bfc6c0]:[P2 Fan Config] before_layers=0, after_layers=0, before_speed=0, after_speed=0
[warning]	2026-08-21 22:05:07.356459[Thread 0x00007f22c3bfc6c0]:[P2 Fan] layer_id=236 >= after_layers(0), speed=0
[warning]	2026-08-21 22:05:07.372160[Thread 0x00007f22b9fe86c0]:[P2 Fan Config] before_layers=0, after_layers=0, before_speed=0, after_speed=0
[warning]	2026-08-21 22:05:07.372189[Thread 0x00007f22b9fe86c0]:[P2 Fan] layer_id=237 >= after_layers(0), speed=0
[warning]	2026-08-21 22:05:07.383572[Thread 0x00007f22c6be56c0]:[P2 Fan Config] before_layers=0, after_layers=0, before_speed=0, after_speed=0
[warning]	2026-08-21 22:05:07.383586[Thread 0x00007f22c6be56c0]:[P2 Fan] layer_id=238 >= after_layers(0), speed=0
[warning]	2026-08-21 22:05:07.392237[Thread 0x00007f22b9fe86c0]:[P2 Fan Config] before_layers=0, after_layers=0, before_speed=0, after_speed=0
[warning]	2026-08-21 22:05:07.392257[Thread 0x00007f22b9fe86c0]:[P2 Fan] layer_id=239 >= after_layers(0), speed=0
[warning]	2026-08-21 22:05:07.405370[Thread 0x00007f22c3bfc6c0]:[P2 Fan Config] before_layers=0, after_layers=0, before_speed=0, after_speed=0
[warning]	2026-08-21 22:05:07.405403[Thread 0x00007f22c3bfc6c0]:[P2 Fan] layer_id=240 >= after_layers(0), speed=0
[warning]	2026-08-21 22:05:07.415183[Thread 0x00007f22b9fe86c0]:[P2 Fan Config] before_layers=0, after_layers=0, before_speed=0, after_speed=0
[warning]	2026-08-21 22:05:07.415197[Thread 0x00007f22b9fe86c0]:[P2 Fan] layer_id=241 >= after_layers(0), speed=0
[warning]	2026-08-21 22:05:07.420890[Thread 0x00007f22c73e66c0]:[P2 Fan Config] before_layers=0, after_layers=0, before_speed=0, after_speed=0
[warning]	2026-08-21 22:05:07.420900[Thread 0x00007f22c73e66c0]:[P2 Fan] layer_id=242 >= after_layers(0), speed=0
[warning]	2026-08-21 22:05:07.427058[Thread 0x00007f22b9fe86c0]:[P2 Fan Config] before_layers=0, after_layers=0, before_speed=0, after_speed=0
[warning]	2026-08-21 22:05:07.427075[Thread 0x00007f22b9fe86c0]:[P2 Fan] layer_id=243 >= after_layers(0), speed=0
[warning]	2026-08-21 22:05:07.441982[Thread 0x00007f22c73e66c0]:[P2 Fan Config] before_layers=0, after_layers=0, before_speed=0, after_speed=0
[warning]	2026-08-21 22:05:07.442016[Thread 0x00007f22c73e66c0]:[P2 Fan] layer_id=244 >= after_layers(0), speed=0
[warning]	2026-08-21 22:05:07.451471[Thread 0x00007f22c6be56c0]:[P2 Fan Config] before_layers=0, after_layers=0, before_speed=0, after_speed=0
[warning]	2026-08-21 22:05:07.451484[Thread 0x00007f22c6be56c0]:[P2 Fan] layer_id=245 >= after_layers(0), speed=0
[warning]	2026-08-21 22:05:07.458595[Thread 0x00007f22c3ffd6c0]:[P2 Fan Config] before_layers=0, after_layers=0, before_speed=0, after_speed=0
[warning]	2026-08-21 22:05:07.458610[Thread 0x00007f22c3ffd6c0]:[P2 Fan] layer_id=246 >= after_layers(0), speed=0
[warning]	2026-08-21 22:05:07.476585[Thread 0x00007f22b9fe86c0]:[P2 Fan Config] before_layers=0, after_layers=0, before_speed=0, after_speed=0
[warning]	2026-08-21 22:05:07.476618[Thread 0x00007f22b9fe86c0]:[P2 Fan] layer_id=247 >= after_layers(0), speed=0
[warning]	2026-08-21 22:05:07.488776[Thread 0x00007f22c6be56c0]:[P2 Fan Config] before_layers=0, after_layers=0, before_speed=0, after_speed=0
[warning]	2026-08-21 22:05:07.488794[Thread 0x00007f22c6be56c0]:[P2 Fan] layer_id=248 >= after_layers(0), speed=0
[warning]	2026-08-21 22:05:07.503152[Thread 0x00007f22c43fe6c0]:[P2 Fan Config] before_layers=0, after_layers=0, before_speed=0, after_speed=0
[warning]	2026-08-21 22:05:07.503186[Thread 0x00007f22c43fe6c0]:[P2 Fan] layer_id=249 >= after_layers(0), speed=0
[warning]	2026-08-21 22:05:07.518498[Thread 0x00007f22b9fe86c0]:[P2 Fan Config] before_layers=0, after_layers=0, before_speed=0, after_speed=0
[warning]	2026-08-21 22:05:07.518512[Thread 0x00007f22b9fe86c0]:[P2 Fan] layer_id=250 >= after_layers(0), speed=0
[warning]	2026-08-21 22:05:07.529964[Thread 0x00007f22c6be56c0]:[P2 Fan Config] before_layers=0, after_layers=0, before_speed=0, after_speed=0
[warning]	2026-08-21 22:05:07.530016[Thread 0x00007f22c6be56c0]:[P2 Fan] layer_id=251 >= after_layers(0), speed=0
[warning]	2026-08-21 22:05:07.549141[Thread 0x00007f22b9fe86c0]:[P2 Fan Config] before_layers=0, after_layers=0, before_speed=0, after_speed=0
[warning]	2026-08-21 22:05:07.549157[Thread 0x00007f22b9fe86c0]:[P2 Fan] layer_id=252 >= after_layers(0), speed=0
[warning]	2026-08-21 22:05:07.558758[Thread 0x00007f22c6be56c0]:[P2 Fan Config] before_layers=0, after_layers=0, before_speed=0, after_speed=0
[warning]	2026-08-21 22:05:07.558776[Thread 0x00007f22c6be56c0]:[P2 Fan] layer_id=253 >= after_layers(0), speed=0
[warning]	2026-08-21 22:05:07.577862[Thread 0x00007f22b9fe86c0]:[P2 Fan Config] before_layers=0, after_layers=0, before_speed=0, after_speed=0
[warning]	2026-08-21 22:05:07.577897[Thread 0x00007f22b9fe86c0]:[P2 Fan] layer_id=254 >= after_layers(0), speed=0
[warning]	2026-08-21 22:05:07.589314[Thread 0x00007f22c6be56c0]:[P2 Fan Config] before_layers=0, after_layers=0, before_speed=0, after_speed=0
[warning]	2026-08-21 22:05:07.589327[Thread 0x00007f22c6be56c0]:[P2 Fan] layer_id=255 >= after_layers(0), speed=0
[warning]	2026-08-21 22:05:07.604056[Thread 0x00007f22b9fe86c0]:[P2 Fan Config] before_layers=0, after_layers=0, before_speed=0, after_speed=0
[warning]	2026-08-21 22:05:07.604092[Thread 0x00007f22b9fe86c0]:[P2 Fan] layer_id=256 >= after_layers(0), speed=0
[warning]	2026-08-21 22:05:07.617658[Thread 0x00007f22c73e66c0]:[P2 Fan Config] before_layers=0, after_layers=0, before_speed=0, after_speed=0
[warning]	2026-08-21 22:05:07.617671[Thread 0x00007f22c73e66c0]:[P2 Fan] layer_id=257 >= after_layers(0), speed=0
[warning]	2026-08-21 22:05:07.625509[Thread 0x00007f22b9fe86c0]:[P2 Fan Config] before_layers=0, after_layers=0, before_speed=0, after_speed=0
[warning]	2026-08-21 22:05:07.625525[Thread 0x00007f22b9fe86c0]:[P2 Fan] layer_id=258 >= after_layers(0), speed=0
[warning]	2026-08-21 22:05:07.640442[Thread 0x00007f22c67e46c0]:[P2 Fan Config] before_layers=0, after_layers=0, before_speed=0, after_speed=0
[warning]	2026-08-21 22:05:07.640471[Thread 0x00007f22c67e46c0]:[P2 Fan] layer_id=259 >= after_layers(0), speed=0
[warning]	2026-08-21 22:05:07.653288[Thread 0x00007f22b9fe86c0]:[P2 Fan Config] before_layers=0, after_layers=0, before_speed=0, after_speed=0
[warning]	2026-08-21 22:05:07.653303[Thread 0x00007f22b9fe86c0]:[P2 Fan] layer_id=260 >= after_layers(0), speed=0
[warning]	2026-08-21 22:05:07.661348[Thread 0x00007f22c47ff6c0]:[P2 Fan Config] before_layers=0, after_layers=0, before_speed=0, after_speed=0
[warning]	2026-08-21 22:05:07.661370[Thread 0x00007f22c47ff6c0]:[P2 Fan] layer_id=261 >= after_layers(0), speed=0
[warning]	2026-08-21 22:05:07.676445[Thread 0x00007f22b9fe86c0]:[P2 Fan Config] before_layers=0, after_layers=0, before_speed=0, after_speed=0
[warning]	2026-08-21 22:05:07.676485[Thread 0x00007f22b9fe86c0]:[P2 Fan] layer_id=262 >= after_layers(0), speed=0
[warning]	2026-08-21 22:05:07.685461[Thread 0x00007f22c6be56c0]:[P2 Fan Config] before_layers=0, after_layers=0, before_speed=0, after_speed=0
[warning]	2026-08-21 22:05:07.685473[Thread 0x00007f22c6be56c0]:[P2 Fan] layer_id=263 >= after_layers(0), speed=0
[warning]	2026-08-21 22:05:07.691544[Thread 0x00007f22b9fe86c0]:[P2 Fan Config] before_layers=0, after_layers=0, before_speed=0, after_speed=0
[warning]	2026-08-21 22:05:07.691558[Thread 0x00007f22b9fe86c0]:[P2 Fan] layer_id=264 >= after_layers(0), speed=0
[warning]	2026-08-21 22:05:07.703689[Thread 0x00007f22c47ff6c0]:[P2 Fan Config] before_layers=0, after_layers=0, before_speed=0, after_speed=0
[warning]	2026-08-21 22:05:07.703721[Thread 0x00007f22c47ff6c0]:[P2 Fan] layer_id=265 >= after_layers(0), speed=0
[warning]	2026-08-21 22:05:07.718852[Thread 0x00007f22b9fe86c0]:[P2 Fan Config] before_layers=0, after_layers=0, before_speed=0, after_speed=0
[warning]	2026-08-21 22:05:07.718868[Thread 0x00007f22b9fe86c0]:[P2 Fan] layer_id=266 >= after_layers(0), speed=0
[warning]	2026-08-21 22:05:07.729915[Thread 0x00007f22c3ffd6c0]:[P2 Fan Config] before_layers=0, after_layers=0, before_speed=0, after_speed=0
[warning]	2026-08-21 22:05:07.729967[Thread 0x00007f22c3ffd6c0]:[P2 Fan] layer_id=267 >= after_layers(0), speed=0
[warning]	2026-08-21 22:05:07.743767[Thread 0x00007f22c6be56c0]:[P2 Fan Config] before_layers=0, after_layers=0, before_speed=0, after_speed=0
[warning]	2026-08-21 22:05:07.743821[Thread 0x00007f22c6be56c0]:[P2 Fan] layer_id=268 >= after_layers(0), speed=0
[warning]	2026-08-21 22:05:07.754987[Thread 0x00007f22b9fe86c0]:[P2 Fan Config] before_layers=0, after_layers=0, before_speed=0, after_speed=0
[warning]	2026-08-21 22:05:07.755002[Thread 0x00007f22b9fe86c0]:[P2 Fan] layer_id=269 >= after_layers(0), speed=0
[warning]	2026-08-21 22:05:07.766268[Thread 0x00007f22c73e66c0]:[P2 Fan Config] before_layers=0, after_layers=0, before_speed=0, after_speed=0
[warning]	2026-08-21 22:05:07.766329[Thread 0x00007f22c73e66c0]:[P2 Fan] layer_id=270 >= after_layers(0), speed=0
[warning]	2026-08-21 22:05:07.782211[Thread 0x00007f22b9fe86c0]:[P2 Fan Config] before_layers=0, after_layers=0, before_speed=0, after_speed=0
[warning]	2026-08-21 22:05:07.782225[Thread 0x00007f22b9fe86c0]:[P2 Fan] layer_id=271 >= after_layers(0), speed=0
[warning]	2026-08-21 22:05:07.790294[Thread 0x00007f22c43fe6c0]:[P2 Fan Config] before_layers=0, after_layers=0, before_speed=0, after_speed=0
[warning]	2026-08-21 22:05:07.790303[Thread 0x00007f22c43fe6c0]:[P2 Fan] layer_id=272 >= after_layers(0), speed=0
[warning]	2026-08-21 22:05:07.813017[Thread 0x00007f22b9fe86c0]:[P2 Fan Config] before_layers=0, after_layers=0, before_speed=0, after_speed=0
[warning]	2026-08-21 22:05:07.813035[Thread 0x00007f22b9fe86c0]:[P2 Fan] layer_id=273 >= after_layers(0), speed=0
[warning]	2026-08-21 22:05:07.836196[Thread 0x00007f22c6be56c0]:[P2 Fan Config] before_layers=0, after_layers=0, before_speed=0, after_speed=0
[warning]	2026-08-21 22:05:07.836219[Thread 0x00007f22c6be56c0]:[P2 Fan] layer_id=274 >= after_layers(0), speed=0
[warning]	2026-08-21 22:05:07.841087[Thread 0x00007f22c73e66c0]:[P2 Fan Config] before_layers=0, after_layers=0, before_speed=0, after_speed=0
[warning]	2026-08-21 22:05:07.841129[Thread 0x00007f22c73e66c0]:[P2 Fan] layer_id=275 >= after_layers(0), speed=0
[warning]	2026-08-21 22:05:07.848681[Thread 0x00007f22c67e46c0]:[P2 Fan Config] before_layers=0, after_layers=0, before_speed=0, after_speed=0
[warning]	2026-08-21 22:05:07.848696[Thread 0x00007f22c67e46c0]:[P2 Fan] layer_id=276 >= after_layers(0), speed=0
[warning]	2026-08-21 22:05:07.855120[Thread 0x00007f22b9fe86c0]:[P2 Fan Config] before_layers=0, after_layers=0, before_speed=0, after_speed=0
[warning]	2026-08-21 22:05:07.855131[Thread 0x00007f22b9fe86c0]:[P2 Fan] layer_id=277 >= after_layers(0), speed=0
[warning]	2026-08-21 22:05:07.869184[Thread 0x00007f22c47ff6c0]:[P2 Fan Config] before_layers=0, after_layers=0, before_speed=0, after_speed=0
[warning]	2026-08-21 22:05:07.869234[Thread 0x00007f22c47ff6c0]:[P2 Fan] layer_id=278 >= after_layers(0), speed=0
[warning]	2026-08-21 22:05:07.879082[Thread 0x00007f22b9fe86c0]:[P2 Fan Config] before_layers=0, after_layers=0, before_speed=0, after_speed=0
[warning]	2026-08-21 22:05:07.879101[Thread 0x00007f22b9fe86c0]:[P2 Fan] layer_id=279 >= after_layers(0), speed=0
[warning]	2026-08-21 22:05:07.885160[Thread 0x00007f22c3bfc6c0]:[P2 Fan Config] before_layers=0, after_layers=0, before_speed=0, after_speed=0
[warning]	2026-08-21 22:05:07.885171[Thread 0x00007f22c3bfc6c0]:[P2 Fan] layer_id=280 >= after_layers(0), speed=0
[warning]	2026-08-21 22:05:07.889878[Thread 0x00007f22b9fe86c0]:[P2 Fan Config] before_layers=0, after_layers=0, before_speed=0, after_speed=0
[warning]	2026-08-21 22:05:07.889886[Thread 0x00007f22b9fe86c0]:[P2 Fan] layer_id=281 >= after_layers(0), speed=0
[warning]	2026-08-21 22:05:07.895618[Thread 0x00007f22c43fe6c0]:[P2 Fan Config] before_layers=0, after_layers=0, before_speed=0, after_speed=0
[warning]	2026-08-21 22:05:07.895638[Thread 0x00007f22c43fe6c0]:[P2 Fan] layer_id=282 >= after_layers(0), speed=0
[warning]	2026-08-21 22:05:07.906036[Thread 0x00007f22b9fe86c0]:[P2 Fan Config] before_layers=0, after_layers=0, before_speed=0, after_speed=0
[warning]	2026-08-21 22:05:07.906059[Thread 0x00007f22b9fe86c0]:[P2 Fan] layer_id=283 >= after_layers(0), speed=0
[warning]	2026-08-21 22:05:07.913351[Thread 0x00007f22c3bfc6c0]:[P2 Fan Config] before_layers=0, after_layers=0, before_speed=0, after_speed=0
[warning]	2026-08-21 22:05:07.913369[Thread 0x00007f22c3bfc6c0]:[P2 Fan] layer_id=284 >= after_layers(0), speed=0
[warning]	2026-08-21 22:05:07.917512[Thread 0x00007f22b9fe86c0]:[P2 Fan Config] before_layers=0, after_layers=0, before_speed=0, after_speed=0
[warning]	2026-08-21 22:05:07.917522[Thread 0x00007f22b9fe86c0]:[P2 Fan] layer_id=285 >= after_layers(0), speed=0
[warning]	2026-08-21 22:05:07.921084[Thread 0x00007f22c3bfc6c0]:[P2 Fan Config] before_layers=0, after_layers=0, before_speed=0, after_speed=0
[warning]	2026-08-21 22:05:07.921093[Thread 0x00007f22c3bfc6c0]:[P2 Fan] layer_id=286 >= after_layers(0), speed=0
[warning]	2026-08-21 22:05:07.924561[Thread 0x00007f22b9fe86c0]:[P2 Fan Config] before_layers=0, after_layers=0, before_speed=0, after_speed=0
[warning]	2026-08-21 22:05:07.924570[Thread 0x00007f22b9fe86c0]:[P2 Fan] layer_id=287 >= after_layers(0), speed=0
[warning]	2026-08-21 22:05:07.932261[Thread 0x00007f22c6be56c0]:[P2 Fan Config] before_layers=0, after_layers=0, before_speed=0, after_speed=0
[warning]	2026-08-21 22:05:07.932321[Thread 0x00007f22c6be56c0]:[P2 Fan] layer_id=288 >= after_layers(0), speed=0
[warning]	2026-08-21 22:05:07.944282[Thread 0x00007f22b9fe86c0]:[P2 Fan Config] before_layers=0, after_layers=0, before_speed=0, after_speed=0
[warning]	2026-08-21 22:05:07.944315[Thread 0x00007f22b9fe86c0]:[P2 Fan] layer_id=289 >= after_layers(0), speed=0
[warning]	2026-08-21 22:05:07.952931[Thread 0x00007f22c3ffd6c0]:[P2 Fan Config] before_layers=0, after_layers=0, before_speed=0, after_speed=0
[warning]	2026-08-21 22:05:07.952947[Thread 0x00007f22c3ffd6c0]:[P2 Fan] layer_id=290 >= after_layers(0), speed=0
[warning]	2026-08-21 22:05:07.960171[Thread 0x00007f22b9fe86c0]:[P2 Fan Config] before_layers=0, after_layers=0, before_speed=0, after_speed=0
[warning]	2026-08-21 22:05:07.960195[Thread 0x00007f22b9fe86c0]:[P2 Fan] layer_id=291 >= after_layers(0), speed=0
[warning]	2026-08-21 22:05:07.973338[Thread 0x00007f22c3ffd6c0]:[P2 Fan Config] before_layers=0, after_layers=0, before_speed=0, after_speed=0
[warning]	2026-08-21 22:05:07.973371[Thread 0x00007f22c3ffd6c0]:[P2 Fan] layer_id=292 >= after_layers(0), speed=0
[warning]	2026-08-21 22:05:07.983193[Thread 0x00007f22b9fe86c0]:[P2 Fan Config] before_layers=0, after_layers=0, before_speed=0, after_speed=0
[warning]	2026-08-21 22:05:07.983210[Thread 0x00007f22b9fe86c0]:[P2 Fan] layer_id=293 >= after_layers(0), speed=0
[warning]	2026-08-21 22:05:07.990945[Thread 0x00007f22c6be56c0]:[P2 Fan Config] before_layers=0, after_layers=0, before_speed=0, after_speed=0
[warning]	2026-08-21 22:05:07.990957[Thread 0x00007f22c6be56c0]:[P2 Fan] layer_id=294 >= after_layers(0), speed=0
[warning]	2026-08-21 22:05:08.000951[Thread 0x00007f22b9fe86c0]:[P2 Fan Config] before_layers=0, after_layers=0, before_speed=0, after_speed=0
[warning]	2026-08-21 22:05:08.001027[Thread 0x00007f22b9fe86c0]:[P2 Fan] layer_id=295 >= after_layers(0), speed=0
[warning]	2026-08-21 22:05:08.016116[Thread 0x00007f22c6be56c0]:[P2 Fan Config] before_layers=0, after_layers=0, before_speed=0, after_speed=0
[warning]	2026-08-21 22:05:08.016132[Thread 0x00007f22c6be56c0]:[P2 Fan] layer_id=296 >= after_layers(0), speed=0
[warning]	2026-08-21 22:05:08.022154[Thread 0x00007f22b9fe86c0]:[P2 Fan Config] before_layers=0, after_layers=0, before_speed=0, after_speed=0
[warning]	2026-08-21 22:05:08.022162[Thread 0x00007f22b9fe86c0]:[P2 Fan] layer_id=297 >= after_layers(0), speed=0
[warning]	2026-08-21 22:05:08.026630[Thread 0x00007f22c43fe6c0]:[P2 Fan Config] before_layers=0, after_layers=0, before_speed=0, after_speed=0
[warning]	2026-08-21 22:05:08.026646[Thread 0x00007f22c43fe6c0]:[P2 Fan] layer_id=298 >= after_layers(0), speed=0
[warning]	2026-08-21 22:05:08.036151[Thread 0x00007f22b9fe86c0]:[P2 Fan Config] before_layers=0, after_layers=0, before_speed=0, after_speed=0
[warning]	2026-08-21 22:05:08.036191[Thread 0x00007f22b9fe86c0]:[P2 Fan] layer_id=299 >= after_layers(0), speed=0
[warning]	2026-08-21 22:05:08.045791[Thread 0x00007f22c67e46c0]:[P2 Fan Config] before_layers=0, after_layers=0, before_speed=0, after_speed=0
[warning]	2026-08-21 22:05:08.045814[Thread 0x00007f22c67e46c0]:[P2 Fan] layer_id=300 >= after_layers(0), speed=0
[warning]	2026-08-21 22:05:08.051447[Thread 0x00007f22b9fe86c0]:[P2 Fan Config] before_layers=0, after_layers=0, before_speed=0, after_speed=0
[warning]	2026-08-21 22:05:08.051459[Thread 0x00007f22b9fe86c0]:[P2 Fan] layer_id=301 >= after_layers(0), speed=0
[warning]	2026-08-21 22:05:08.055070[Thread 0x00007f22c47ff6c0]:[P2 Fan Config] before_layers=0, after_layers=0, before_speed=0, after_speed=0
[warning]	2026-08-21 22:05:08.055080[Thread 0x00007f22c47ff6c0]:[P2 Fan] layer_id=302 >= after_layers(0), speed=0
[warning]	2026-08-21 22:05:08.058944[Thread 0x00007f22c73e66c0]:[P2 Fan Config] before_layers=0, after_layers=0, before_speed=0, after_speed=0
[warning]	2026-08-21 22:05:08.058965[Thread 0x00007f22c73e66c0]:[P2 Fan] layer_id=303 >= after_layers(0), speed=0
[warning]	2026-08-21 22:05:08.062289[Thread 0x00007f22b9fe86c0]:[P2 Fan Config] before_layers=0, after_layers=0, before_speed=0, after_speed=0
[warning]	2026-08-21 22:05:08.062306[Thread 0x00007f22b9fe86c0]:[P2 Fan] layer_id=304 >= after_layers(0), speed=0
[warning]	2026-08-21 22:05:08.069622[Thread 0x00007f22c67e46c0]:[P2 Fan Config] before_layers=0, after_layers=0, before_speed=0, after_speed=0
[warning]	2026-08-21 22:05:08.069648[Thread 0x00007f22c67e46c0]:[P2 Fan] layer_id=305 >= after_layers(0), speed=0
[warning]	2026-08-21 22:05:08.075326[Thread 0x00007f22b9fe86c0]:[P2 Fan Config] before_layers=0, after_layers=0, before_speed=0, after_speed=0
[warning]	2026-08-21 22:05:08.075348[Thread 0x00007f22b9fe86c0]:[P2 Fan] layer_id=306 >= after_layers(0), speed=0
[warning]	2026-08-21 22:05:08.081024[Thread 0x00007f22c3ffd6c0]:[P2 Fan Config] before_layers=0, after_layers=0, before_speed=0, after_speed=0
[warning]	2026-08-21 22:05:08.081042[Thread 0x00007f22c3ffd6c0]:[P2 Fan] layer_id=307 >= after_layers(0), speed=0
[warning]	2026-08-21 22:05:08.084905[Thread 0x00007f22c73e66c0]:[P2 Fan Config] before_layers=0, after_layers=0, before_speed=0, after_speed=0
[warning]	2026-08-21 22:05:08.084916[Thread 0x00007f22c73e66c0]:[P2 Fan] layer_id=308 >= after_layers(0), speed=0
[warning]	2026-08-21 22:05:08.088193[Thread 0x00007f22c3ffd6c0]:[P2 Fan Config] before_layers=0, after_layers=0, before_speed=0, after_speed=0
[warning]	2026-08-21 22:05:08.088201[Thread 0x00007f22c3ffd6c0]:[P2 Fan] layer_id=309 >= after_layers(0), speed=0
[warning]	2026-08-21 22:05:08.090288[Thread 0x00007f22c6be56c0]:[P2 Fan Config] before_layers=0, after_layers=0, before_speed=0, after_speed=0
[warning]	2026-08-21 22:05:08.090296[Thread 0x00007f22c6be56c0]:[P2 Fan] layer_id=310 >= after_layers(0), speed=0
[warning]	2026-08-21 22:05:08.092794[Thread 0x00007f22c3bfc6c0]:[P2 Fan Config] before_layers=0, after_layers=0, before_speed=0, after_speed=0
[warning]	2026-08-21 22:05:08.092809[Thread 0x00007f22c3bfc6c0]:[P2 Fan] layer_id=311 >= after_layers(0), speed=0
[warning]	2026-08-21 22:05:08.096945[Thread 0x00007f22b9fe86c0]:[P2 Fan Config] before_layers=0, after_layers=0, before_speed=0, after_speed=0
[warning]	2026-08-21 22:05:08.096991[Thread 0x00007f22b9fe86c0]:[P2 Fan] layer_id=312 >= after_layers(0), speed=0
[warning]	2026-08-21 22:05:08.105228[Thread 0x00007f22c73e66c0]:[P2 Fan Config] before_layers=0, after_layers=0, before_speed=0, after_speed=0
[warning]	2026-08-21 22:05:08.105255[Thread 0x00007f22c73e66c0]:[P2 Fan] layer_id=313 >= after_layers(0), speed=0
[warning]	2026-08-21 22:05:08.110447[Thread 0x00007f22c3ffd6c0]:[P2 Fan Config] before_layers=0, after_layers=0, before_speed=0, after_speed=0
[warning]	2026-08-21 22:05:08.110480[Thread 0x00007f22c3ffd6c0]:[P2 Fan] layer_id=314 >= after_layers(0), speed=0
[warning]	2026-08-21 22:05:08.115362[Thread 0x00007f22c73e66c0]:[P2 Fan Config] before_layers=0, after_layers=0, before_speed=0, after_speed=0
[warning]	2026-08-21 22:05:08.115382[Thread 0x00007f22c73e66c0]:[P2 Fan] layer_id=315 >= after_layers(0), speed=0
[warning]	2026-08-21 22:05:08.118821[Thread 0x00007f22c3ffd6c0]:[P2 Fan Config] before_layers=0, after_layers=0, before_speed=0, after_speed=0
[warning]	2026-08-21 22:05:08.118833[Thread 0x00007f22c3ffd6c0]:[P2 Fan] layer_id=316 >= after_layers(0), speed=0
[warning]	2026-08-21 22:05:08.121888[Thread 0x00007f22c73e66c0]:[P2 Fan Config] before_layers=0, after_layers=0, before_speed=0, after_speed=0
[warning]	2026-08-21 22:05:08.121898[Thread 0x00007f22c73e66c0]:[P2 Fan] layer_id=317 >= after_layers(0), speed=0
[warning]	2026-08-21 22:05:08.132745[Thread 0x00007f22c3ffd6c0]:[P2 Fan Config] before_layers=0, after_layers=0, before_speed=0, after_speed=0
[warning]	2026-08-21 22:05:08.132870[Thread 0x00007f22c3ffd6c0]:[P2 Fan] layer_id=318 >= after_layers(0), speed=0
[warning]	2026-08-21 22:05:08.169716[Thread 0x00007f22b9fe86c0]:[P2 Fan Config] before_layers=0, after_layers=0, before_speed=0, after_speed=0
[warning]	2026-08-21 22:05:08.169750[Thread 0x00007f22b9fe86c0]:[P2 Fan] layer_id=319 >= after_layers(0), speed=0
[error]	2026-08-21 22:05:30.444869[Thread 0x00007f2358694fc0]:tree_sel_change_delayedcan not find page with current selection 
[error]	2026-08-21 22:05:33.666457[Thread 0x00007f2358694fc0]:tree_sel_change_delayedcan not find page with current selection 
[warning]	2026-08-21 22:05:50.307833[Thread 0x00007f22c6be56c0]:Detected missing Voronoi vertex, input polygons will be rotated back and forth.
[warning]	2026-08-21 22:05:51.540311[Thread 0x00007f22b9fe86c0]:SupportSpotsGenerator does not currently handle different materials properly, only first will be used
[warning]	2026-08-21 22:06:00.243075[Thread 0x00007f22c3bfc6c0]:Detected missing Voronoi vertex, input polygons will be rotated back and forth.
[warning]	2026-08-21 22:06:11.703051[Thread 0x00007f22b9fe86c0]:[P2 Fan Config] before_layers=0, after_layers=0, before_speed=0, after_speed=0
[warning]	2026-08-21 22:06:11.703076[Thread 0x00007f22b9fe86c0]:[P2 Fan] layer_id=0 <= before_layers(0), speed=0
[warning]	2026-08-21 22:06:11.711119[Thread 0x00007f22c73e66c0]:[P2 Fan Config] before_layers=0, after_layers=0, before_speed=0, after_speed=0
[warning]	2026-08-21 22:06:11.711201[Thread 0x00007f22c73e66c0]:[P2 Fan] layer_id=1 >= after_layers(0), speed=0
[warning]	2026-08-21 22:06:11.715879[Thread 0x00007f22c6be56c0]:[P2 Fan Config] before_layers=0, after_layers=0, before_speed=0, after_speed=0
[warning]	2026-08-21 22:06:11.715917[Thread 0x00007f22c6be56c0]:[P2 Fan] layer_id=2 >= after_layers(0), speed=0
[warning]	2026-08-21 22:06:11.718549[Thread 0x00007f22c3bfc6c0]:[P2 Fan Config] before_layers=0, after_layers=0, before_speed=0, after_speed=0
[warning]	2026-08-21 22:06:11.718580[Thread 0x00007f22c3bfc6c0]:[P2 Fan] layer_id=3 >= after_layers(0), speed=0
[warning]	2026-08-21 22:06:11.725967[Thread 0x00007f22b9fe86c0]:[P2 Fan Config] before_layers=0, after_layers=0, before_speed=0, after_speed=0
[warning]	2026-08-21 22:06:11.725999[Thread 0x00007f22b9fe86c0]:[P2 Fan] layer_id=4 >= after_layers(0), speed=0
[warning]	2026-08-21 22:06:11.731504[Thread 0x00007f22c3ffd6c0]:[P2 Fan Config] before_layers=0, after_layers=0, before_speed=0, after_speed=0
[warning]	2026-08-21 22:06:11.731530[Thread 0x00007f22c3ffd6c0]:[P2 Fan] layer_id=5 >= after_layers(0), speed=0
[warning]	2026-08-21 22:06:11.780631[Thread 0x00007f22b9fe86c0]:[P2 Fan Config] before_layers=0, after_layers=0, before_speed=0, after_speed=0
[warning]	2026-08-21 22:06:11.780660[Thread 0x00007f22b9fe86c0]:[P2 Fan] layer_id=6 >= after_layers(0), speed=0
[warning]	2026-08-21 22:06:11.786383[Thread 0x00007f22c73e66c0]:[P2 Fan Config] before_layers=0, after_layers=0, before_speed=0, after_speed=0
[warning]	2026-08-21 22:06:11.786402[Thread 0x00007f22c73e66c0]:[P2 Fan] layer_id=7 >= after_layers(0), speed=0
[warning]	2026-08-21 22:06:11.794469[Thread 0x00007f22c73e66c0]:[P2 Fan Config] before_layers=0, after_layers=0, before_speed=0, after_speed=0
[warning]	2026-08-21 22:06:11.794501[Thread 0x00007f22c73e66c0]:[P2 Fan] layer_id=8 >= after_layers(0), speed=0
[warning]	2026-08-21 22:06:11.799164[Thread 0x00007f22c67e46c0]:[P2 Fan Config] before_layers=0, after_layers=0, before_speed=0, after_speed=0
[warning]	2026-08-21 22:06:11.799184[Thread 0x00007f22c67e46c0]:[P2 Fan] layer_id=9 >= after_layers(0), speed=0
[warning]	2026-08-21 22:06:11.804349[Thread 0x00007f22c73e66c0]:[P2 Fan Config] before_layers=0, after_layers=0, before_speed=0, after_speed=0
[warning]	2026-08-21 22:06:11.804360[Thread 0x00007f22c73e66c0]:[P2 Fan] layer_id=10 >= after_layers(0), speed=0
[warning]	2026-08-21 22:06:11.935248[Thread 0x00007f22c43fe6c0]:[P2 Fan Config] before_layers=0, after_layers=0, before_speed=0, after_speed=0
[warning]	2026-08-21 22:06:11.935262[Thread 0x00007f22c43fe6c0]:[P2 Fan] layer_id=11 >= after_layers(0), speed=0
[warning]	2026-08-21 22:06:11.979419[Thread 0x00007f22c3bfc6c0]:[P2 Fan Config] before_layers=0, after_layers=0, before_speed=0, after_speed=0
[warning]	2026-08-21 22:06:11.979499[Thread 0x00007f22c3bfc6c0]:[P2 Fan] layer_id=12 >= after_layers(0), speed=0
[warning]	2026-08-21 22:06:11.986938[Thread 0x00007f22b9fe86c0]:[P2 Fan Config] before_layers=0, after_layers=0, before_speed=0, after_speed=0
[warning]	2026-08-21 22:06:11.986968[Thread 0x00007f22b9fe86c0]:[P2 Fan] layer_id=13 >= after_layers(0), speed=0
[warning]	2026-08-21 22:06:11.988653[Thread 0x00007f22b9fe86c0]:[P2 Fan Config] before_layers=0, after_layers=0, before_speed=0, after_speed=0
[warning]	2026-08-21 22:06:11.988668[Thread 0x00007f22b9fe86c0]:[P2 Fan] layer_id=14 >= after_layers(0), speed=0
[warning]	2026-08-21 22:06:11.989919[Thread 0x00007f22b9fe86c0]:[P2 Fan Config] before_layers=0, after_layers=0, before_speed=0, after_speed=0
[warning]	2026-08-21 22:06:11.989925[Thread 0x00007f22b9fe86c0]:[P2 Fan] layer_id=15 >= after_layers(0), speed=0
[warning]	2026-08-21 22:06:11.991268[Thread 0x00007f22b9fe86c0]:[P2 Fan Config] before_layers=0, after_layers=0, before_speed=0, after_speed=0
[warning]	2026-08-21 22:06:11.991276[Thread 0x00007f22b9fe86c0]:[P2 Fan] layer_id=16 >= after_layers(0), speed=0
[warning]	2026-08-21 22:06:11.993005[Thread 0x00007f22b9fe86c0]:[P2 Fan Config] before_layers=0, after_layers=0, before_speed=0, after_speed=0
[warning]	2026-08-21 22:06:11.993012[Thread 0x00007f22b9fe86c0]:[P2 Fan] layer_id=17 >= after_layers(0), speed=0
[warning]	2026-08-21 22:06:11.994110[Thread 0x00007f22c47ff6c0]:[P2 Fan Config] before_layers=0, after_layers=0, before_speed=0, after_speed=0
[warning]	2026-08-21 22:06:11.994122[Thread 0x00007f22c47ff6c0]:[P2 Fan] layer_id=18 >= after_layers(0), speed=0
[warning]	2026-08-21 22:06:11.995106[Thread 0x00007f22b9fe86c0]:[P2 Fan Config] before_layers=0, after_layers=0, before_speed=0, after_speed=0
[warning]	2026-08-21 22:06:11.995111[Thread 0x00007f22b9fe86c0]:[P2 Fan] layer_id=19 >= after_layers(0), speed=0
[warning]	2026-08-21 22:06:11.996130[Thread 0x00007f22c67e46c0]:[P2 Fan Config] before_layers=0, after_layers=0, before_speed=0, after_speed=0
[warning]	2026-08-21 22:06:11.996141[Thread 0x00007f22c67e46c0]:[P2 Fan] layer_id=20 >= after_layers(0), speed=0
[warning]	2026-08-21 22:06:11.997231[Thread 0x00007f22b9fe86c0]:[P2 Fan Config] before_layers=0, after_layers=0, before_speed=0, after_speed=0
[warning]	2026-08-21 22:06:11.997236[Thread 0x00007f22b9fe86c0]:[P2 Fan] layer_id=21 >= after_layers(0), speed=0
[warning]	2026-08-21 22:06:11.998909[Thread 0x00007f22c3bfc6c0]:[P2 Fan Config] before_layers=0, after_layers=0, before_speed=0, after_speed=0
[warning]	2026-08-21 22:06:11.998922[Thread 0x00007f22c3bfc6c0]:[P2 Fan] layer_id=22 >= after_layers(0), speed=0
[warning]	2026-08-21 22:06:12.004816[Thread 0x00007f22c43fe6c0]:[P2 Fan Config] before_layers=0, after_layers=0, before_speed=0, after_speed=0
[warning]	2026-08-21 22:06:12.004838[Thread 0x00007f22c43fe6c0]:[P2 Fan] layer_id=23 >= after_layers(0), speed=0
[warning]	2026-08-21 22:06:12.035820[Thread 0x00007f22c3bfc6c0]:[P2 Fan Config] before_layers=0, after_layers=0, before_speed=0, after_speed=0
[warning]	2026-08-21 22:06:12.035836[Thread 0x00007f22c3bfc6c0]:[P2 Fan] layer_id=24 >= after_layers(0), speed=0
[warning]	2026-08-21 22:06:12.037255[Thread 0x00007f22c3ffd6c0]:[P2 Fan Config] before_layers=0, after_layers=0, before_speed=0, after_speed=0
[warning]	2026-08-21 22:06:12.037265[Thread 0x00007f22c3ffd6c0]:[P2 Fan] layer_id=25 >= after_layers(0), speed=0
[warning]	2026-08-21 22:06:12.040694[Thread 0x00007f22b9fe86c0]:[P2 Fan Config] before_layers=0, after_layers=0, before_speed=0, after_speed=0
[warning]	2026-08-21 22:06:12.040721[Thread 0x00007f22b9fe86c0]:[P2 Fan] layer_id=26 >= after_layers(0), speed=0
[warning]	2026-08-21 22:06:12.045303[Thread 0x00007f22c73e66c0]:[P2 Fan Config] before_layers=0, after_layers=0, before_speed=0, after_speed=0
[warning]	2026-08-21 22:06:12.045368[Thread 0x00007f22c73e66c0]:[P2 Fan] layer_id=27 >= after_layers(0), speed=0
[warning]	2026-08-21 22:06:12.052030[Thread 0x00007f22b9fe86c0]:[P2 Fan Config] before_layers=0, after_layers=0, before_speed=0, after_speed=0
[warning]	2026-08-21 22:06:12.052076[Thread 0x00007f22b9fe86c0]:[P2 Fan] layer_id=28 >= after_layers(0), speed=0
[warning]	2026-08-21 22:06:12.056197[Thread 0x00007f22c47ff6c0]:[P2 Fan Config] before_layers=0, after_layers=0, before_speed=0, after_speed=0
[warning]	2026-08-21 22:06:12.056215[Thread 0x00007f22c47ff6c0]:[P2 Fan] layer_id=29 >= after_layers(0), speed=0
[warning]	2026-08-21 22:06:12.059298[Thread 0x00007f22b9fe86c0]:[P2 Fan Config] before_layers=0, after_layers=0, before_speed=0, after_speed=0
[warning]	2026-08-21 22:06:12.059310[Thread 0x00007f22b9fe86c0]:[P2 Fan] layer_id=30 >= after_layers(0), speed=0
[warning]	2026-08-21 22:06:12.061564[Thread 0x00007f22c6be56c0]:[P2 Fan Config] before_layers=0, after_layers=0, before_speed=0, after_speed=0
[warning]	2026-08-21 22:06:12.061575[Thread 0x00007f22c6be56c0]:[P2 Fan] layer_id=31 >= after_layers(0), speed=0
[warning]	2026-08-21 22:06:12.063969[Thread 0x00007f22b9fe86c0]:[P2 Fan Config] before_layers=0, after_layers=0, before_speed=0, after_speed=0
[warning]	2026-08-21 22:06:12.064010[Thread 0x00007f22b9fe86c0]:[P2 Fan] layer_id=32 >= after_layers(0), speed=0
[warning]	2026-08-21 22:06:12.065993[Thread 0x00007f22c3ffd6c0]:[P2 Fan Config] before_layers=0, after_layers=0, before_speed=0, after_speed=0
[warning]	2026-08-21 22:06:12.066003[Thread 0x00007f22c3ffd6c0]:[P2 Fan] layer_id=33 >= after_layers(0), speed=0
[warning]	2026-08-21 22:06:12.067981[Thread 0x00007f22c6be56c0]:[P2 Fan Config] before_layers=0, after_layers=0, before_speed=0, after_speed=0
[warning]	2026-08-21 22:06:12.067991[Thread 0x00007f22c6be56c0]:[P2 Fan] layer_id=34 >= after_layers(0), speed=0
[warning]	2026-08-21 22:06:12.069846[Thread 0x00007f22b9fe86c0]:[P2 Fan Config] before_layers=0, after_layers=0, before_speed=0, after_speed=0
[warning]	2026-08-21 22:06:12.069855[Thread 0x00007f22b9fe86c0]:[P2 Fan] layer_id=35 >= after_layers(0), speed=0
[warning]	2026-08-21 22:06:12.072555[Thread 0x00007f22c73e66c0]:[P2 Fan Config] before_layers=0, after_layers=0, before_speed=0, after_speed=0
[warning]	2026-08-21 22:06:12.072573[Thread 0x00007f22c73e66c0]:[P2 Fan] layer_id=36 >= after_layers(0), speed=0
[warning]	2026-08-21 22:06:12.074959[Thread 0x00007f22b9fe86c0]:[P2 Fan Config] before_layers=0, after_layers=0, before_speed=0, after_speed=0
[warning]	2026-08-21 22:06:12.074976[Thread 0x00007f22b9fe86c0]:[P2 Fan] layer_id=37 >= after_layers(0), speed=0
[warning]	2026-08-21 22:06:12.078378[Thread 0x00007f22c6be56c0]:[P2 Fan Config] before_layers=0, after_layers=0, before_speed=0, after_speed=0
[warning]	2026-08-21 22:06:12.078424[Thread 0x00007f22c6be56c0]:[P2 Fan] layer_id=38 >= after_layers(0), speed=0
[warning]	2026-08-21 22:06:12.085693[Thread 0x00007f22c3ffd6c0]:[P2 Fan Config] before_layers=0, after_layers=0, before_speed=0, after_speed=0
[warning]	2026-08-21 22:06:12.085742[Thread 0x00007f22c3ffd6c0]:[P2 Fan] layer_id=39 >= after_layers(0), speed=0
[warning]	2026-08-21 22:06:12.090395[Thread 0x00007f22c6be56c0]:[P2 Fan Config] before_layers=0, after_layers=0, before_speed=0, after_speed=0
[warning]	2026-08-21 22:06:12.090418[Thread 0x00007f22c6be56c0]:[P2 Fan] layer_id=40 >= after_layers(0), speed=0
[warning]	2026-08-21 22:06:12.093132[Thread 0x00007f22c47ff6c0]:[P2 Fan Config] before_layers=0, after_layers=0, before_speed=0, after_speed=0
[warning]	2026-08-21 22:06:12.093142[Thread 0x00007f22c47ff6c0]:[P2 Fan] layer_id=41 >= after_layers(0), speed=0
[warning]	2026-08-21 22:06:12.095402[Thread 0x00007f22c43fe6c0]:[P2 Fan Config] before_layers=0, after_layers=0, before_speed=0, after_speed=0
[warning]	2026-08-21 22:06:12.095413[Thread 0x00007f22c43fe6c0]:[P2 Fan] layer_id=42 >= after_layers(0), speed=0
[warning]	2026-08-21 22:06:12.098221[Thread 0x00007f22c6be56c0]:[P2 Fan Config] before_layers=0, after_layers=0, before_speed=0, after_speed=0
[warning]	2026-08-21 22:06:12.098233[Thread 0x00007f22c6be56c0]:[P2 Fan] layer_id=43 >= after_layers(0), speed=0
[warning]	2026-08-21 22:06:12.100904[Thread 0x00007f22c47ff6c0]:[P2 Fan Config] before_layers=0, after_layers=0, before_speed=0, after_speed=0
[warning]	2026-08-21 22:06:12.100914[Thread 0x00007f22c47ff6c0]:[P2 Fan] layer_id=44 >= after_layers(0), speed=0
[warning]	2026-08-21 22:06:12.102951[Thread 0x00007f22c3bfc6c0]:[P2 Fan Config] before_layers=0, after_layers=0, before_speed=0, after_speed=0
[warning]	2026-08-21 22:06:12.102962[Thread 0x00007f22c3bfc6c0]:[P2 Fan] layer_id=45 >= after_layers(0), speed=0
[warning]	2026-08-21 22:06:12.106003[Thread 0x00007f22b9fe86c0]:[P2 Fan Config] before_layers=0, after_layers=0, before_speed=0, after_speed=0
[warning]	2026-08-21 22:06:12.106024[Thread 0x00007f22b9fe86c0]:[P2 Fan] layer_id=46 >= after_layers(0), speed=0
[warning]	2026-08-21 22:06:12.108534[Thread 0x00007f22c47ff6c0]:[P2 Fan Config] before_layers=0, after_layers=0, before_speed=0, after_speed=0
[warning]	2026-08-21 22:06:12.108554[Thread 0x00007f22c47ff6c0]:[P2 Fan] layer_id=47 >= after_layers(0), speed=0
[warning]	2026-08-21 22:06:12.115316[Thread 0x00007f22c73e66c0]:[P2 Fan Config] before_layers=0, after_layers=0, before_speed=0, after_speed=0
[warning]	2026-08-21 22:06:12.115404[Thread 0x00007f22c73e66c0]:[P2 Fan] layer_id=48 >= after_layers(0), speed=0
[warning]	2026-08-21 22:06:12.122013[Thread 0x00007f22b9fe86c0]:[P2 Fan Config] before_layers=0, after_layers=0, before_speed=0, after_speed=0
[warning]	2026-08-21 22:06:12.122035[Thread 0x00007f22b9fe86c0]:[P2 Fan] layer_id=49 >= after_layers(0), speed=0
[warning]	2026-08-21 22:06:12.126459[Thread 0x00007f22c73e66c0]:[P2 Fan Config] before_layers=0, after_layers=0, before_speed=0, after_speed=0
[warning]	2026-08-21 22:06:12.126476[Thread 0x00007f22c73e66c0]:[P2 Fan] layer_id=50 >= after_layers(0), speed=0
[warning]	2026-08-21 22:06:12.127832[Thread 0x00007f22c3bfc6c0]:[P2 Fan Config] before_layers=0, after_layers=0, before_speed=0, after_speed=0
[warning]	2026-08-21 22:06:12.127844[Thread 0x00007f22c3bfc6c0]:[P2 Fan] layer_id=51 >= after_layers(0), speed=0
[warning]	2026-08-21 22:06:12.131851[Thread 0x00007f22b9fe86c0]:[P2 Fan Config] before_layers=0, after_layers=0, before_speed=0, after_speed=0
[warning]	2026-08-21 22:06:12.131862[Thread 0x00007f22b9fe86c0]:[P2 Fan] layer_id=52 >= after_layers(0), speed=0
[warning]	2026-08-21 22:06:12.133935[Thread 0x00007f22c3bfc6c0]:[P2 Fan Config] before_layers=0, after_layers=0, before_speed=0, after_speed=0
[warning]	2026-08-21 22:06:12.133945[Thread 0x00007f22c3bfc6c0]:[P2 Fan] layer_id=53 >= after_layers(0), speed=0
[warning]	2026-08-21 22:06:12.138065[Thread 0x00007f22c73e66c0]:[P2 Fan Config] before_layers=0, after_layers=0, before_speed=0, after_speed=0
[warning]	2026-08-21 22:06:12.138082[Thread 0x00007f22c73e66c0]:[P2 Fan] layer_id=54 >= after_layers(0), speed=0
[warning]	2026-08-21 22:06:12.141138[Thread 0x00007f22b9fe86c0]:[P2 Fan Config] before_layers=0, after_layers=0, before_speed=0, after_speed=0
[warning]	2026-08-21 22:06:12.141157[Thread 0x00007f22b9fe86c0]:[P2 Fan] layer_id=55 >= after_layers(0), speed=0
[warning]	2026-08-21 22:06:12.145373[Thread 0x00007f22c43fe6c0]:[P2 Fan Config] before_layers=0, after_layers=0, before_speed=0, after_speed=0
[warning]	2026-08-21 22:06:12.145428[Thread 0x00007f22c43fe6c0]:[P2 Fan] layer_id=56 >= after_layers(0), speed=0
[warning]	2026-08-21 22:06:12.152866[Thread 0x00007f22b9fe86c0]:[P2 Fan Config] before_layers=0, after_layers=0, before_speed=0, after_speed=0
[warning]	2026-08-21 22:06:12.152892[Thread 0x00007f22b9fe86c0]:[P2 Fan] layer_id=57 >= after_layers(0), speed=0
[warning]	2026-08-21 22:06:12.157910[Thread 0x00007f22c43fe6c0]:[P2 Fan Config] before_layers=0, after_layers=0, before_speed=0, after_speed=0
[warning]	2026-08-21 22:06:12.157927[Thread 0x00007f22c43fe6c0]:[P2 Fan] layer_id=58 >= after_layers(0), speed=0
[warning]	2026-08-21 22:06:12.162933[Thread 0x00007f22b9fe86c0]:[P2 Fan Config] before_layers=0, after_layers=0, before_speed=0, after_speed=0
[warning]	2026-08-21 22:06:12.162960[Thread 0x00007f22b9fe86c0]:[P2 Fan] layer_id=59 >= after_layers(0), speed=0
[warning]	2026-08-21 22:06:12.167416[Thread 0x00007f22c67e46c0]:[P2 Fan Config] before_layers=0, after_layers=0, before_speed=0, after_speed=0
[warning]	2026-08-21 22:06:12.167498[Thread 0x00007f22c67e46c0]:[P2 Fan] layer_id=60 >= after_layers(0), speed=0
[warning]	2026-08-21 22:06:12.175391[Thread 0x00007f22c3ffd6c0]:[P2 Fan Config] before_layers=0, after_layers=0, before_speed=0, after_speed=0
[warning]	2026-08-21 22:06:12.175423[Thread 0x00007f22c3ffd6c0]:[P2 Fan] layer_id=61 >= after_layers(0), speed=0
[warning]	2026-08-21 22:06:12.181643[Thread 0x00007f22c67e46c0]:[P2 Fan Config] before_layers=0, after_layers=0, before_speed=0, after_speed=0
[warning]	2026-08-21 22:06:12.181669[Thread 0x00007f22c67e46c0]:[P2 Fan] layer_id=62 >= after_layers(0), speed=0
[warning]	2026-08-21 22:06:12.187105[Thread 0x00007f22c3ffd6c0]:[P2 Fan Config] before_layers=0, after_layers=0, before_speed=0, after_speed=0
[warning]	2026-08-21 22:06:12.187167[Thread 0x00007f22c3ffd6c0]:[P2 Fan] layer_id=63 >= after_layers(0), speed=0
[warning]	2026-08-21 22:06:12.194412[Thread 0x00007f22c47ff6c0]:[P2 Fan Config] before_layers=0, after_layers=0, before_speed=0, after_speed=0
[warning]	2026-08-21 22:06:12.194527[Thread 0x00007f22c47ff6c0]:[P2 Fan] layer_id=64 >= after_layers(0), speed=0
[warning]	2026-08-21 22:06:12.198632[Thread 0x00007f22b9fe86c0]:[P2 Fan Config] before_layers=0, after_layers=0, before_speed=0, after_speed=0
[warning]	2026-08-21 22:06:12.198649[Thread 0x00007f22b9fe86c0]:[P2 Fan] layer_id=65 >= after_layers(0), speed=0
[warning]	2026-08-21 22:06:12.201764[Thread 0x00007f22c47ff6c0]:[P2 Fan Config] before_layers=0, after_layers=0, before_speed=0, after_speed=0
[warning]	2026-08-21 22:06:12.201776[Thread 0x00007f22c47ff6c0]:[P2 Fan] layer_id=66 >= after_layers(0), speed=0
[warning]	2026-08-21 22:06:12.205319[Thread 0x00007f22c67e46c0]:[P2 Fan Config] before_layers=0, after_layers=0, before_speed=0, after_speed=0
[warning]	2026-08-21 22:06:12.205330[Thread 0x00007f22c67e46c0]:[P2 Fan] layer_id=67 >= after_layers(0), speed=0
[warning]	2026-08-21 22:06:12.208790[Thread 0x00007f22c73e66c0]:[P2 Fan Config] before_layers=0, after_layers=0, before_speed=0, after_speed=0
[warning]	2026-08-21 22:06:12.208808[Thread 0x00007f22c73e66c0]:[P2 Fan] layer_id=68 >= after_layers(0), speed=0
[warning]	2026-08-21 22:06:12.212971[Thread 0x00007f22b9fe86c0]:[P2 Fan Config] before_layers=0, after_layers=0, before_speed=0, after_speed=0
[warning]	2026-08-21 22:06:12.212984[Thread 0x00007f22b9fe86c0]:[P2 Fan] layer_id=69 >= after_layers(0), speed=0
[warning]	2026-08-21 22:06:12.217308[Thread 0x00007f22c3bfc6c0]:[P2 Fan Config] before_layers=0, after_layers=0, before_speed=0, after_speed=0
[warning]	2026-08-21 22:06:12.217322[Thread 0x00007f22c3bfc6c0]:[P2 Fan] layer_id=70 >= after_layers(0), speed=0
[warning]	2026-08-21 22:06:12.221762[Thread 0x00007f22b9fe86c0]:[P2 Fan Config] before_layers=0, after_layers=0, before_speed=0, after_speed=0
[warning]	2026-08-21 22:06:12.221773[Thread 0x00007f22b9fe86c0]:[P2 Fan] layer_id=71 >= after_layers(0), speed=0
[warning]	2026-08-21 22:06:12.226877[Thread 0x00007f22c6be56c0]:[P2 Fan Config] before_layers=0, after_layers=0, before_speed=0, after_speed=0
[warning]	2026-08-21 22:06:12.226889[Thread 0x00007f22c6be56c0]:[P2 Fan] layer_id=72 >= after_layers(0), speed=0
[warning]	2026-08-21 22:06:12.231976[Thread 0x00007f22b9fe86c0]:[P2 Fan Config] before_layers=0, after_layers=0, before_speed=0, after_speed=0
[warning]	2026-08-21 22:06:12.231987[Thread 0x00007f22b9fe86c0]:[P2 Fan] layer_id=73 >= after_layers(0), speed=0
[warning]	2026-08-21 22:06:12.237159[Thread 0x00007f22c73e66c0]:[P2 Fan Config] before_layers=0, after_layers=0, before_speed=0, after_speed=0
[warning]	2026-08-21 22:06:12.237172[Thread 0x00007f22c73e66c0]:[P2 Fan] layer_id=74 >= after_layers(0), speed=0
[warning]	2026-08-21 22:06:12.242789[Thread 0x00007f22b9fe86c0]:[P2 Fan Config] before_layers=0, after_layers=0, before_speed=0, after_speed=0
[warning]	2026-08-21 22:06:12.242807[Thread 0x00007f22b9fe86c0]:[P2 Fan] layer_id=75 >= after_layers(0), speed=0
[warning]	2026-08-21 22:06:12.254999[Thread 0x00007f22c6be56c0]:[P2 Fan Config] before_layers=0, after_layers=0, before_speed=0, after_speed=0
[warning]	2026-08-21 22:06:12.255017[Thread 0x00007f22c6be56c0]:[P2 Fan] layer_id=76 >= after_layers(0), speed=0
[warning]	2026-08-21 22:06:12.261750[Thread 0x00007f22b9fe86c0]:[P2 Fan Config] before_layers=0, after_layers=0, before_speed=0, after_speed=0
[warning]	2026-08-21 22:06:12.261765[Thread 0x00007f22b9fe86c0]:[P2 Fan] layer_id=77 >= after_layers(0), speed=0
[warning]	2026-08-21 22:06:12.270143[Thread 0x00007f22c43fe6c0]:[P2 Fan Config] before_layers=0, after_layers=0, before_speed=0, after_speed=0
[warning]	2026-08-21 22:06:12.270158[Thread 0x00007f22c43fe6c0]:[P2 Fan] layer_id=78 >= after_layers(0), speed=0
[warning]	2026-08-21 22:06:12.279588[Thread 0x00007f22c3bfc6c0]:[P2 Fan Config] before_layers=0, after_layers=0, before_speed=0, after_speed=0
[warning]	2026-08-21 22:06:12.279665[Thread 0x00007f22c3bfc6c0]:[P2 Fan] layer_id=79 >= after_layers(0), speed=0
[warning]	2026-08-21 22:06:12.290360[Thread 0x00007f22c67e46c0]:[P2 Fan Config] before_layers=0, after_layers=0, before_speed=0, after_speed=0
[warning]	2026-08-21 22:06:12.290378[Thread 0x00007f22c67e46c0]:[P2 Fan] layer_id=80 >= after_layers(0), speed=0
[warning]	2026-08-21 22:06:12.296370[Thread 0x00007f22c3ffd6c0]:[P2 Fan Config] before_layers=0, after_layers=0, before_speed=0, after_speed=0
[warning]	2026-08-21 22:06:12.296382[Thread 0x00007f22c3ffd6c0]:[P2 Fan] layer_id=81 >= after_layers(0), speed=0
[warning]	2026-08-21 22:06:12.302333[Thread 0x00007f22b9fe86c0]:[P2 Fan Config] before_layers=0, after_layers=0, before_speed=0, after_speed=0
[warning]	2026-08-21 22:06:12.302346[Thread 0x00007f22b9fe86c0]:[P2 Fan] layer_id=82 >= after_layers(0), speed=0
[warning]	2026-08-21 22:06:12.309593[Thread 0x00007f22c67e46c0]:[P2 Fan Config] before_layers=0, after_layers=0, before_speed=0, after_speed=0
[warning]	2026-08-21 22:06:12.309618[Thread 0x00007f22c67e46c0]:[P2 Fan] layer_id=83 >= after_layers(0), speed=0
[warning]	2026-08-21 22:06:12.316433[Thread 0x00007f22b9fe86c0]:[P2 Fan Config] before_layers=0, after_layers=0, before_speed=0, after_speed=0
[warning]	2026-08-21 22:06:12.316505[Thread 0x00007f22b9fe86c0]:[P2 Fan] layer_id=84 >= after_layers(0), speed=0
[warning]	2026-08-21 22:06:12.324123[Thread 0x00007f22c6be56c0]:[P2 Fan Config] before_layers=0, after_layers=0, before_speed=0, after_speed=0
[warning]	2026-08-21 22:06:12.324140[Thread 0x00007f22c6be56c0]:[P2 Fan] layer_id=85 >= after_layers(0), speed=0
[warning]	2026-08-21 22:06:12.328484[Thread 0x00007f22b9fe86c0]:[P2 Fan Config] before_layers=0, after_layers=0, before_speed=0, after_speed=0
[warning]	2026-08-21 22:06:12.328497[Thread 0x00007f22b9fe86c0]:[P2 Fan] layer_id=86 >= after_layers(0), speed=0
[warning]	2026-08-21 22:06:12.332252[Thread 0x00007f22c73e66c0]:[P2 Fan Config] before_layers=0, after_layers=0, before_speed=0, after_speed=0
[warning]	2026-08-21 22:06:12.332266[Thread 0x00007f22c73e66c0]:[P2 Fan] layer_id=87 >= after_layers(0), speed=0
[warning]	2026-08-21 22:06:12.335947[Thread 0x00007f22b9fe86c0]:[P2 Fan Config] before_layers=0, after_layers=0, before_speed=0, after_speed=0
[warning]	2026-08-21 22:06:12.335958[Thread 0x00007f22b9fe86c0]:[P2 Fan] layer_id=88 >= after_layers(0), speed=0
[warning]	2026-08-21 22:06:12.339722[Thread 0x00007f22c73e66c0]:[P2 Fan Config] before_layers=0, after_layers=0, before_speed=0, after_speed=0
[warning]	2026-08-21 22:06:12.339738[Thread 0x00007f22c73e66c0]:[P2 Fan] layer_id=89 >= after_layers(0), speed=0
[warning]	2026-08-21 22:06:12.345900[Thread 0x00007f22b9fe86c0]:[P2 Fan Config] before_layers=0, after_layers=0, before_speed=0, after_speed=0
[warning]	2026-08-21 22:06:12.346004[Thread 0x00007f22b9fe86c0]:[P2 Fan] layer_id=90 >= after_layers(0), speed=0
[warning]	2026-08-21 22:06:12.356722[Thread 0x00007f22c43fe6c0]:[P2 Fan Config] before_layers=0, after_layers=0, before_speed=0, after_speed=0
[warning]	2026-08-21 22:06:12.356740[Thread 0x00007f22c43fe6c0]:[P2 Fan] layer_id=91 >= after_layers(0), speed=0
[warning]	2026-08-21 22:06:12.362374[Thread 0x00007f22b9fe86c0]:[P2 Fan Config] before_layers=0, after_layers=0, before_speed=0, after_speed=0
[warning]	2026-08-21 22:06:12.362385[Thread 0x00007f22b9fe86c0]:[P2 Fan] layer_id=92 >= after_layers(0), speed=0
[warning]	2026-08-21 22:06:12.367696[Thread 0x00007f22c43fe6c0]:[P2 Fan Config] before_layers=0, after_layers=0, before_speed=0, after_speed=0
[warning]	2026-08-21 22:06:12.367705[Thread 0x00007f22c43fe6c0]:[P2 Fan] layer_id=93 >= after_layers(0), speed=0
[warning]	2026-08-21 22:06:12.370829[Thread 0x00007f22b9fe86c0]:[P2 Fan Config] before_layers=0, after_layers=0, before_speed=0, after_speed=0
[warning]	2026-08-21 22:06:12.370837[Thread 0x00007f22b9fe86c0]:[P2 Fan] layer_id=94 >= after_layers(0), speed=0
[warning]	2026-08-21 22:06:12.376094[Thread 0x00007f22c6be56c0]:[P2 Fan Config] before_layers=0, after_layers=0, before_speed=0, after_speed=0
[warning]	2026-08-21 22:06:12.376112[Thread 0x00007f22c6be56c0]:[P2 Fan] layer_id=95 >= after_layers(0), speed=0
[warning]	2026-08-21 22:06:12.387906[Thread 0x00007f22c3bfc6c0]:[P2 Fan Config] before_layers=0, after_layers=0, before_speed=0, after_speed=0
[warning]	2026-08-21 22:06:12.388031[Thread 0x00007f22c3bfc6c0]:[P2 Fan] layer_id=96 >= after_layers(0), speed=0
[warning]	2026-08-21 22:06:12.396250[Thread 0x00007f22b9fe86c0]:[P2 Fan Config] before_layers=0, after_layers=0, before_speed=0, after_speed=0
[warning]	2026-08-21 22:06:12.396264[Thread 0x00007f22b9fe86c0]:[P2 Fan] layer_id=97 >= after_layers(0), speed=0
[warning]	2026-08-21 22:06:12.402545[Thread 0x00007f22c3bfc6c0]:[P2 Fan Config] before_layers=0, after_layers=0, before_speed=0, after_speed=0
[warning]	2026-08-21 22:06:12.402556[Thread 0x00007f22c3bfc6c0]:[P2 Fan] layer_id=98 >= after_layers(0), speed=0
[warning]	2026-08-21 22:06:12.408920[Thread 0x00007f22b9fe86c0]:[P2 Fan Config] before_layers=0, after_layers=0, before_speed=0, after_speed=0
[warning]	2026-08-21 22:06:12.408945[Thread 0x00007f22b9fe86c0]:[P2 Fan] layer_id=99 >= after_layers(0), speed=0
[warning]	2026-08-21 22:06:12.420397[Thread 0x00007f22c67e46c0]:[P2 Fan Config] before_layers=0, after_layers=0, before_speed=0, after_speed=0
[warning]	2026-08-21 22:06:12.420423[Thread 0x00007f22c67e46c0]:[P2 Fan] layer_id=100 >= after_layers(0), speed=0
[warning]	2026-08-21 22:06:12.425672[Thread 0x00007f22b9fe86c0]:[P2 Fan Config] before_layers=0, after_layers=0, before_speed=0, after_speed=0
[warning]	2026-08-21 22:06:12.425685[Thread 0x00007f22b9fe86c0]:[P2 Fan] layer_id=101 >= after_layers(0), speed=0
[warning]	2026-08-21 22:06:12.429492[Thread 0x00007f22c3ffd6c0]:[P2 Fan Config] before_layers=0, after_layers=0, before_speed=0, after_speed=0
[warning]	2026-08-21 22:06:12.429501[Thread 0x00007f22c3ffd6c0]:[P2 Fan] layer_id=102 >= after_layers(0), speed=0
[warning]	2026-08-21 22:06:12.433111[Thread 0x00007f22b9fe86c0]:[P2 Fan Config] before_layers=0, after_layers=0, before_speed=0, after_speed=0
[warning]	2026-08-21 22:06:12.433119[Thread 0x00007f22b9fe86c0]:[P2 Fan] layer_id=103 >= after_layers(0), speed=0
[warning]	2026-08-21 22:06:12.436498[Thread 0x00007f22c6be56c0]:[P2 Fan Config] before_layers=0, after_layers=0, before_speed=0, after_speed=0
[warning]	2026-08-21 22:06:12.436506[Thread 0x00007f22c6be56c0]:[P2 Fan] layer_id=104 >= after_layers(0), speed=0
[warning]	2026-08-21 22:06:12.440452[Thread 0x00007f22b9fe86c0]:[P2 Fan Config] before_layers=0, after_layers=0, before_speed=0, after_speed=0
[warning]	2026-08-21 22:06:12.440471[Thread 0x00007f22b9fe86c0]:[P2 Fan] layer_id=105 >= after_layers(0), speed=0
[warning]	2026-08-21 22:06:12.446174[Thread 0x00007f22c6be56c0]:[P2 Fan Config] before_layers=0, after_layers=0, before_speed=0, after_speed=0
[warning]	2026-08-21 22:06:12.446235[Thread 0x00007f22c6be56c0]:[P2 Fan] layer_id=106 >= after_layers(0), speed=0
[warning]	2026-08-21 22:06:12.454253[Thread 0x00007f22b9fe86c0]:[P2 Fan Config] before_layers=0, after_layers=0, before_speed=0, after_speed=0
[warning]	2026-08-21 22:06:12.454277[Thread 0x00007f22b9fe86c0]:[P2 Fan] layer_id=107 >= after_layers(0), speed=0
[warning]	2026-08-21 22:06:12.458082[Thread 0x00007f22c6be56c0]:[P2 Fan Config] before_layers=0, after_layers=0, before_speed=0, after_speed=0
[warning]	2026-08-21 22:06:12.458093[Thread 0x00007f22c6be56c0]:[P2 Fan] layer_id=108 >= after_layers(0), speed=0
[warning]	2026-08-21 22:06:12.460591[Thread 0x00007f22b9fe86c0]:[P2 Fan Config] before_layers=0, after_layers=0, before_speed=0, after_speed=0
[warning]	2026-08-21 22:06:12.460600[Thread 0x00007f22b9fe86c0]:[P2 Fan] layer_id=109 >= after_layers(0), speed=0
[warning]	2026-08-21 22:06:12.462994[Thread 0x00007f22c47ff6c0]:[P2 Fan Config] before_layers=0, after_layers=0, before_speed=0, after_speed=0
[warning]	2026-08-21 22:06:12.463003[Thread 0x00007f22c47ff6c0]:[P2 Fan] layer_id=110 >= after_layers(0), speed=0
[warning]	2026-08-21 22:06:12.465366[Thread 0x00007f22b9fe86c0]:[P2 Fan Config] before_layers=0, after_layers=0, before_speed=0, after_speed=0
[warning]	2026-08-21 22:06:12.465373[Thread 0x00007f22b9fe86c0]:[P2 Fan] layer_id=111 >= after_layers(0), speed=0
[warning]	2026-08-21 22:06:12.467872[Thread 0x00007f22c6be56c0]:[P2 Fan Config] before_layers=0, after_layers=0, before_speed=0, after_speed=0
[warning]	2026-08-21 22:06:12.467880[Thread 0x00007f22c6be56c0]:[P2 Fan] layer_id=112 >= after_layers(0), speed=0
[warning]	2026-08-21 22:06:12.470570[Thread 0x00007f22b9fe86c0]:[P2 Fan Config] before_layers=0, after_layers=0, before_speed=0, after_speed=0
[warning]	2026-08-21 22:06:12.470577[Thread 0x00007f22b9fe86c0]:[P2 Fan] layer_id=113 >= after_layers(0), speed=0
[warning]	2026-08-21 22:06:12.475563[Thread 0x00007f22c43fe6c0]:[P2 Fan Config] before_layers=0, after_layers=0, before_speed=0, after_speed=0
[warning]	2026-08-21 22:06:12.475588[Thread 0x00007f22c43fe6c0]:[P2 Fan] layer_id=114 >= after_layers(0), speed=0
[warning]	2026-08-21 22:06:12.483405[Thread 0x00007f22b9fe86c0]:[P2 Fan Config] before_layers=0, after_layers=0, before_speed=0, after_speed=0
[warning]	2026-08-21 22:06:12.483433[Thread 0x00007f22b9fe86c0]:[P2 Fan] layer_id=115 >= after_layers(0), speed=0
[warning]	2026-08-21 22:06:12.490264[Thread 0x00007f22c43fe6c0]:[P2 Fan Config] before_layers=0, after_layers=0, before_speed=0, after_speed=0
[warning]	2026-08-21 22:06:12.490278[Thread 0x00007f22c43fe6c0]:[P2 Fan] layer_id=116 >= after_layers(0), speed=0
[warning]	2026-08-21 22:06:12.494488[Thread 0x00007f22b9fe86c0]:[P2 Fan Config] before_layers=0, after_layers=0, before_speed=0, after_speed=0
[warning]	2026-08-21 22:06:12.494496[Thread 0x00007f22b9fe86c0]:[P2 Fan] layer_id=117 >= after_layers(0), speed=0
[warning]	2026-08-21 22:06:12.498056[Thread 0x00007f22c73e66c0]:[P2 Fan Config] before_layers=0, after_layers=0, before_speed=0, after_speed=0
[warning]	2026-08-21 22:06:12.498065[Thread 0x00007f22c73e66c0]:[P2 Fan] layer_id=118 >= after_layers(0), speed=0
[warning]	2026-08-21 22:06:12.502970[Thread 0x00007f22c67e46c0]:[P2 Fan Config] before_layers=0, after_layers=0, before_speed=0, after_speed=0
[warning]	2026-08-21 22:06:12.502979[Thread 0x00007f22c67e46c0]:[P2 Fan] layer_id=119 >= after_layers(0), speed=0
[warning]	2026-08-21 22:06:12.509313[Thread 0x00007f22b9fe86c0]:[P2 Fan Config] before_layers=0, after_layers=0, before_speed=0, after_speed=0
[warning]	2026-08-21 22:06:12.509343[Thread 0x00007f22b9fe86c0]:[P2 Fan] layer_id=120 >= after_layers(0), speed=0
[warning]	2026-08-21 22:06:12.521720[Thread 0x00007f22c67e46c0]:[P2 Fan Config] before_layers=0, after_layers=0, before_speed=0, after_speed=0
[warning]	2026-08-21 22:06:12.521817[Thread 0x00007f22c67e46c0]:[P2 Fan] layer_id=121 >= after_layers(0), speed=0
[warning]	2026-08-21 22:06:12.528562[Thread 0x00007f22c3ffd6c0]:[P2 Fan Config] before_layers=0, after_layers=0, before_speed=0, after_speed=0
[warning]	2026-08-21 22:06:12.528582[Thread 0x00007f22c3ffd6c0]:[P2 Fan] layer_id=122 >= after_layers(0), speed=0
[warning]	2026-08-21 22:06:12.533794[Thread 0x00007f22c43fe6c0]:[P2 Fan Config] before_layers=0, after_layers=0, before_speed=0, after_speed=0
[warning]	2026-08-21 22:06:12.533810[Thread 0x00007f22c43fe6c0]:[P2 Fan] layer_id=123 >= after_layers(0), speed=0
[warning]	2026-08-21 22:06:12.538250[Thread 0x00007f22c3ffd6c0]:[P2 Fan Config] before_layers=0, after_layers=0, before_speed=0, after_speed=0
[warning]	2026-08-21 22:06:12.538258[Thread 0x00007f22c3ffd6c0]:[P2 Fan] layer_id=124 >= after_layers(0), speed=0
[warning]	2026-08-21 22:06:12.542824[Thread 0x00007f22c73e66c0]:[P2 Fan Config] before_layers=0, after_layers=0, before_speed=0, after_speed=0
[warning]	2026-08-21 22:06:12.542840[Thread 0x00007f22c73e66c0]:[P2 Fan] layer_id=125 >= after_layers(0), speed=0
[warning]	2026-08-21 22:06:12.547627[Thread 0x00007f22c3ffd6c0]:[P2 Fan Config] before_layers=0, after_layers=0, before_speed=0, after_speed=0
[warning]	2026-08-21 22:06:12.547653[Thread 0x00007f22c3ffd6c0]:[P2 Fan] layer_id=126 >= after_layers(0), speed=0
[warning]	2026-08-21 22:06:12.556548[Thread 0x00007f22c67e46c0]:[P2 Fan Config] before_layers=0, after_layers=0, before_speed=0, after_speed=0
[warning]	2026-08-21 22:06:12.556579[Thread 0x00007f22c67e46c0]:[P2 Fan] layer_id=127 >= after_layers(0), speed=0
[warning]	2026-08-21 22:06:12.561339[Thread 0x00007f22c6be56c0]:[P2 Fan Config] before_layers=0, after_layers=0, before_speed=0, after_speed=0
[warning]	2026-08-21 22:06:12.561391[Thread 0x00007f22c6be56c0]:[P2 Fan] layer_id=128 >= after_layers(0), speed=0
[warning]	2026-08-21 22:06:12.565165[Thread 0x00007f22c43fe6c0]:[P2 Fan Config] before_layers=0, after_layers=0, before_speed=0, after_speed=0
[warning]	2026-08-21 22:06:12.565177[Thread 0x00007f22c43fe6c0]:[P2 Fan] layer_id=129 >= after_layers(0), speed=0
[warning]	2026-08-21 22:06:12.568970[Thread 0x00007f22b9fe86c0]:[P2 Fan Config] before_layers=0, after_layers=0, before_speed=0, after_speed=0
[warning]	2026-08-21 22:06:12.568982[Thread 0x00007f22b9fe86c0]:[P2 Fan] layer_id=130 >= after_layers(0), speed=0
[warning]	2026-08-21 22:06:12.572599[Thread 0x00007f22c3ffd6c0]:[P2 Fan Config] before_layers=0, after_layers=0, before_speed=0, after_speed=0
[warning]	2026-08-21 22:06:12.572625[Thread 0x00007f22c3ffd6c0]:[P2 Fan] layer_id=131 >= after_layers(0), speed=0
[warning]	2026-08-21 22:06:12.579237[Thread 0x00007f22b9fe86c0]:[P2 Fan Config] before_layers=0, after_layers=0, before_speed=0, after_speed=0
[warning]	2026-08-21 22:06:12.579280[Thread 0x00007f22b9fe86c0]:[P2 Fan] layer_id=132 >= after_layers(0), speed=0
[warning]	2026-08-21 22:06:12.590136[Thread 0x00007f22c3bfc6c0]:[P2 Fan Config] before_layers=0, after_layers=0, before_speed=0, after_speed=0
[warning]	2026-08-21 22:06:12.590152[Thread 0x00007f22c3bfc6c0]:[P2 Fan] layer_id=133 >= after_layers(0), speed=0
[warning]	2026-08-21 22:06:12.595544[Thread 0x00007f22b9fe86c0]:[P2 Fan Config] before_layers=0, after_layers=0, before_speed=0, after_speed=0
[warning]	2026-08-21 22:06:12.595554[Thread 0x00007f22b9fe86c0]:[P2 Fan] layer_id=134 >= after_layers(0), speed=0
[warning]	2026-08-21 22:06:12.599079[Thread 0x00007f22c3bfc6c0]:[P2 Fan Config] before_layers=0, after_layers=0, before_speed=0, after_speed=0
[warning]	2026-08-21 22:06:12.599086[Thread 0x00007f22c3bfc6c0]:[P2 Fan] layer_id=135 >= after_layers(0), speed=0
[warning]	2026-08-21 22:06:12.602486[Thread 0x00007f22c47ff6c0]:[P2 Fan Config] before_layers=0, after_layers=0, before_speed=0, after_speed=0
[warning]	2026-08-21 22:06:12.602495[Thread 0x00007f22c47ff6c0]:[P2 Fan] layer_id=136 >= after_layers(0), speed=0
[warning]	2026-08-21 22:06:12.606424[Thread 0x00007f22c3ffd6c0]:[P2 Fan Config] before_layers=0, after_layers=0, before_speed=0, after_speed=0
[warning]	2026-08-21 22:06:12.606444[Thread 0x00007f22c3ffd6c0]:[P2 Fan] layer_id=137 >= after_layers(0), speed=0
[warning]	2026-08-21 22:06:12.614718[Thread 0x00007f22c47ff6c0]:[P2 Fan Config] before_layers=0, after_layers=0, before_speed=0, after_speed=0
[warning]	2026-08-21 22:06:12.614877[Thread 0x00007f22c47ff6c0]:[P2 Fan] layer_id=138 >= after_layers(0), speed=0
[warning]	2026-08-21 22:06:12.626234[Thread 0x00007f22b9fe86c0]:[P2 Fan Config] before_layers=0, after_layers=0, before_speed=0, after_speed=0
[warning]	2026-08-21 22:06:12.626256[Thread 0x00007f22b9fe86c0]:[P2 Fan] layer_id=139 >= after_layers(0), speed=0
[warning]	2026-08-21 22:06:12.636809[Thread 0x00007f22c67e46c0]:[P2 Fan Config] before_layers=0, after_layers=0, before_speed=0, after_speed=0
[warning]	2026-08-21 22:06:12.636824[Thread 0x00007f22c67e46c0]:[P2 Fan] layer_id=140 >= after_layers(0), speed=0
[warning]	2026-08-21 22:06:12.645940[Thread 0x00007f22b9fe86c0]:[P2 Fan Config] before_layers=0, after_layers=0, before_speed=0, after_speed=0
[warning]	2026-08-21 22:06:12.646009[Thread 0x00007f22b9fe86c0]:[P2 Fan] layer_id=141 >= after_layers(0), speed=0
[warning]	2026-08-21 22:06:12.656341[Thread 0x00007f22c67e46c0]:[P2 Fan Config] before_layers=0, after_layers=0, before_speed=0, after_speed=0
[warning]	2026-08-21 22:06:12.656358[Thread 0x00007f22c67e46c0]:[P2 Fan] layer_id=142 >= after_layers(0), speed=0
[warning]	2026-08-21 22:06:12.661839[Thread 0x00007f22b9fe86c0]:[P2 Fan Config] before_layers=0, after_layers=0, before_speed=0, after_speed=0
[warning]	2026-08-21 22:06:12.661849[Thread 0x00007f22b9fe86c0]:[P2 Fan] layer_id=143 >= after_layers(0), speed=0
[warning]	2026-08-21 22:06:12.665725[Thread 0x00007f22c47ff6c0]:[P2 Fan Config] before_layers=0, after_layers=0, before_speed=0, after_speed=0
[warning]	2026-08-21 22:06:12.665733[Thread 0x00007f22c47ff6c0]:[P2 Fan] layer_id=144 >= after_layers(0), speed=0
[warning]	2026-08-21 22:06:12.669397[Thread 0x00007f22b9fe86c0]:[P2 Fan Config] before_layers=0, after_layers=0, before_speed=0, after_speed=0
[warning]	2026-08-21 22:06:12.669405[Thread 0x00007f22b9fe86c0]:[P2 Fan] layer_id=145 >= after_layers(0), speed=0
[warning]	2026-08-21 22:06:12.673037[Thread 0x00007f22c67e46c0]:[P2 Fan Config] before_layers=0, after_layers=0, before_speed=0, after_speed=0
[warning]	2026-08-21 22:06:12.673054[Thread 0x00007f22c67e46c0]:[P2 Fan] layer_id=146 >= after_layers(0), speed=0
[warning]	2026-08-21 22:06:12.680011[Thread 0x00007f22b9fe86c0]:[P2 Fan Config] before_layers=0, after_layers=0, before_speed=0, after_speed=0
[warning]	2026-08-21 22:06:12.680083[Thread 0x00007f22b9fe86c0]:[P2 Fan] layer_id=147 >= after_layers(0), speed=0
[warning]	2026-08-21 22:06:12.689336[Thread 0x00007f22c67e46c0]:[P2 Fan Config] before_layers=0, after_layers=0, before_speed=0, after_speed=0
[warning]	2026-08-21 22:06:12.689352[Thread 0x00007f22c67e46c0]:[P2 Fan] layer_id=148 >= after_layers(0), speed=0
[warning]	2026-08-21 22:06:12.694001[Thread 0x00007f22b9fe86c0]:[P2 Fan Config] before_layers=0, after_layers=0, before_speed=0, after_speed=0
[warning]	2026-08-21 22:06:12.694011[Thread 0x00007f22b9fe86c0]:[P2 Fan] layer_id=149 >= after_layers(0), speed=0
[warning]	2026-08-21 22:06:12.697572[Thread 0x00007f22c43fe6c0]:[P2 Fan Config] before_layers=0, after_layers=0, before_speed=0, after_speed=0
[warning]	2026-08-21 22:06:12.697582[Thread 0x00007f22c43fe6c0]:[P2 Fan] layer_id=150 >= after_layers(0), speed=0
[warning]	2026-08-21 22:06:12.700422[Thread 0x00007f22b9fe86c0]:[P2 Fan Config] before_layers=0, after_layers=0, before_speed=0, after_speed=0
[warning]	2026-08-21 22:06:12.700429[Thread 0x00007f22b9fe86c0]:[P2 Fan] layer_id=151 >= after_layers(0), speed=0
[warning]	2026-08-21 22:06:12.703287[Thread 0x00007f22c43fe6c0]:[P2 Fan Config] before_layers=0, after_layers=0, before_speed=0, after_speed=0
[warning]	2026-08-21 22:06:12.703294[Thread 0x00007f22c43fe6c0]:[P2 Fan] layer_id=152 >= after_layers(0), speed=0
[warning]	2026-08-21 22:06:12.705651[Thread 0x00007f22b9fe86c0]:[P2 Fan Config] before_layers=0, after_layers=0, before_speed=0, after_speed=0
[warning]	2026-08-21 22:06:12.705658[Thread 0x00007f22b9fe86c0]:[P2 Fan] layer_id=153 >= after_layers(0), speed=0
[warning]	2026-08-21 22:06:12.709379[Thread 0x00007f22c47ff6c0]:[P2 Fan Config] before_layers=0, after_layers=0, before_speed=0, after_speed=0
[warning]	2026-08-21 22:06:12.709396[Thread 0x00007f22c47ff6c0]:[P2 Fan] layer_id=154 >= after_layers(0), speed=0
[warning]	2026-08-21 22:06:12.715613[Thread 0x00007f22b9fe86c0]:[P2 Fan Config] before_layers=0, after_layers=0, before_speed=0, after_speed=0
[warning]	2026-08-21 22:06:12.715691[Thread 0x00007f22b9fe86c0]:[P2 Fan] layer_id=155 >= after_layers(0), speed=0
[warning]	2026-08-21 22:06:12.722844[Thread 0x00007f22c47ff6c0]:[P2 Fan Config] before_layers=0, after_layers=0, before_speed=0, after_speed=0
[warning]	2026-08-21 22:06:12.722863[Thread 0x00007f22c47ff6c0]:[P2 Fan] layer_id=156 >= after_layers(0), speed=0
[warning]	2026-08-21 22:06:12.727526[Thread 0x00007f22b9fe86c0]:[P2 Fan Config] before_layers=0, after_layers=0, before_speed=0, after_speed=0
[warning]	2026-08-21 22:06:12.727538[Thread 0x00007f22b9fe86c0]:[P2 Fan] layer_id=157 >= after_layers(0), speed=0
[warning]	2026-08-21 22:06:12.731753[Thread 0x00007f22c47ff6c0]:[P2 Fan Config] before_layers=0, after_layers=0, before_speed=0, after_speed=0
[warning]	2026-08-21 22:06:12.731763[Thread 0x00007f22c47ff6c0]:[P2 Fan] layer_id=158 >= after_layers(0), speed=0
[warning]	2026-08-21 22:06:12.735261[Thread 0x00007f22b9fe86c0]:[P2 Fan Config] before_layers=0, after_layers=0, before_speed=0, after_speed=0
[warning]	2026-08-21 22:06:12.735268[Thread 0x00007f22b9fe86c0]:[P2 Fan] layer_id=159 >= after_layers(0), speed=0
[warning]	2026-08-21 22:06:12.738927[Thread 0x00007f22c73e66c0]:[P2 Fan Config] before_layers=0, after_layers=0, before_speed=0, after_speed=0
[warning]	2026-08-21 22:06:12.738968[Thread 0x00007f22c73e66c0]:[P2 Fan] layer_id=160 >= after_layers(0), speed=0
[warning]	2026-08-21 22:06:12.745251[Thread 0x00007f22b9fe86c0]:[P2 Fan Config] before_layers=0, after_layers=0, before_speed=0, after_speed=0
[warning]	2026-08-21 22:06:12.745309[Thread 0x00007f22b9fe86c0]:[P2 Fan] layer_id=161 >= after_layers(0), speed=0
[warning]	2026-08-21 22:06:12.755498[Thread 0x00007f22c47ff6c0]:[P2 Fan Config] before_layers=0, after_layers=0, before_speed=0, after_speed=0
[warning]	2026-08-21 22:06:12.755525[Thread 0x00007f22c47ff6c0]:[P2 Fan] layer_id=162 >= after_layers(0), speed=0
[warning]	2026-08-21 22:06:12.761383[Thread 0x00007f22b9fe86c0]:[P2 Fan Config] before_layers=0, after_layers=0, before_speed=0, after_speed=0
[warning]	2026-08-21 22:06:12.761394[Thread 0x00007f22b9fe86c0]:[P2 Fan] layer_id=163 >= after_layers(0), speed=0
[warning]	2026-08-21 22:06:12.765674[Thread 0x00007f22c43fe6c0]:[P2 Fan Config] before_layers=0, after_layers=0, before_speed=0, after_speed=0
[warning]	2026-08-21 22:06:12.765683[Thread 0x00007f22c43fe6c0]:[P2 Fan] layer_id=164 >= after_layers(0), speed=0
[warning]	2026-08-21 22:06:12.770307[Thread 0x00007f22b9fe86c0]:[P2 Fan Config] before_layers=0, after_layers=0, before_speed=0, after_speed=0
[warning]	2026-08-21 22:06:12.770316[Thread 0x00007f22b9fe86c0]:[P2 Fan] layer_id=165 >= after_layers(0), speed=0
[warning]	2026-08-21 22:06:12.777998[Thread 0x00007f22c6be56c0]:[P2 Fan Config] before_layers=0, after_layers=0, before_speed=0, after_speed=0
[warning]	2026-08-21 22:06:12.778049[Thread 0x00007f22c6be56c0]:[P2 Fan] layer_id=166 >= after_layers(0), speed=0
[warning]	2026-08-21 22:06:12.790505[Thread 0x00007f22b9fe86c0]:[P2 Fan Config] before_layers=0, after_layers=0, before_speed=0, after_speed=0
[warning]	2026-08-21 22:06:12.790526[Thread 0x00007f22b9fe86c0]:[P2 Fan] layer_id=167 >= after_layers(0), speed=0
[warning]	2026-08-21 22:06:12.796919[Thread 0x00007f22c6be56c0]:[P2 Fan Config] before_layers=0, after_layers=0, before_speed=0, after_speed=0
[warning]	2026-08-21 22:06:12.796928[Thread 0x00007f22c6be56c0]:[P2 Fan] layer_id=168 >= after_layers(0), speed=0
[warning]	2026-08-21 22:06:12.800754[Thread 0x00007f22b9fe86c0]:[P2 Fan Config] before_layers=0, after_layers=0, before_speed=0, after_speed=0
[warning]	2026-08-21 22:06:12.800763[Thread 0x00007f22b9fe86c0]:[P2 Fan] layer_id=169 >= after_layers(0), speed=0
[warning]	2026-08-21 22:06:12.804660[Thread 0x00007f22c3ffd6c0]:[P2 Fan Config] before_layers=0, after_layers=0, before_speed=0, after_speed=0
[warning]	2026-08-21 22:06:12.804670[Thread 0x00007f22c3ffd6c0]:[P2 Fan] layer_id=170 >= after_layers(0), speed=0
[warning]	2026-08-21 22:06:12.807063[Thread 0x00007f22c43fe6c0]:[P2 Fan Config] before_layers=0, after_layers=0, before_speed=0, after_speed=0
[warning]	2026-08-21 22:06:12.807081[Thread 0x00007f22c43fe6c0]:[P2 Fan] layer_id=171 >= after_layers(0), speed=0
[warning]	2026-08-21 22:06:12.812216[Thread 0x00007f22b9fe86c0]:[P2 Fan Config] before_layers=0, after_layers=0, before_speed=0, after_speed=0
[warning]	2026-08-21 22:06:12.812263[Thread 0x00007f22b9fe86c0]:[P2 Fan] layer_id=172 >= after_layers(0), speed=0
[warning]	2026-08-21 22:06:12.819597[Thread 0x00007f22c3ffd6c0]:[P2 Fan Config] before_layers=0, after_layers=0, before_speed=0, after_speed=0
[warning]	2026-08-21 22:06:12.819631[Thread 0x00007f22c3ffd6c0]:[P2 Fan] layer_id=173 >= after_layers(0), speed=0
[warning]	2026-08-21 22:06:12.824117[Thread 0x00007f22b9fe86c0]:[P2 Fan Config] before_layers=0, after_layers=0, before_speed=0, after_speed=0
[warning]	2026-08-21 22:06:12.824134[Thread 0x00007f22b9fe86c0]:[P2 Fan] layer_id=174 >= after_layers(0), speed=0
[warning]	2026-08-21 22:06:12.827221[Thread 0x00007f22c3bfc6c0]:[P2 Fan Config] before_layers=0, after_layers=0, before_speed=0, after_speed=0
[warning]	2026-08-21 22:06:12.827234[Thread 0x00007f22c3bfc6c0]:[P2 Fan] layer_id=175 >= after_layers(0), speed=0
[warning]	2026-08-21 22:06:12.832174[Thread 0x00007f22c6be56c0]:[P2 Fan Config] before_layers=0, after_layers=0, before_speed=0, after_speed=0
[warning]	2026-08-21 22:06:12.832185[Thread 0x00007f22c6be56c0]:[P2 Fan] layer_id=176 >= after_layers(0), speed=0
[warning]	2026-08-21 22:06:12.835590[Thread 0x00007f22b9fe86c0]:[P2 Fan Config] before_layers=0, after_layers=0, before_speed=0, after_speed=0
[warning]	2026-08-21 22:06:12.835598[Thread 0x00007f22b9fe86c0]:[P2 Fan] layer_id=177 >= after_layers(0), speed=0
[warning]	2026-08-21 22:06:12.838162[Thread 0x00007f22c47ff6c0]:[P2 Fan Config] before_layers=0, after_layers=0, before_speed=0, after_speed=0
[warning]	2026-08-21 22:06:12.838170[Thread 0x00007f22c47ff6c0]:[P2 Fan] layer_id=178 >= after_layers(0), speed=0
[warning]	2026-08-21 22:06:12.843011[Thread 0x00007f22c6be56c0]:[P2 Fan Config] before_layers=0, after_layers=0, before_speed=0, after_speed=0
[warning]	2026-08-21 22:06:12.843034[Thread 0x00007f22c6be56c0]:[P2 Fan] layer_id=179 >= after_layers(0), speed=0
[warning]	2026-08-21 22:06:12.851178[Thread 0x00007f22b9fe86c0]:[P2 Fan Config] before_layers=0, after_layers=0, before_speed=0, after_speed=0
[warning]	2026-08-21 22:06:12.851212[Thread 0x00007f22b9fe86c0]:[P2 Fan] layer_id=180 >= after_layers(0), speed=0
[warning]	2026-08-21 22:06:12.860485[Thread 0x00007f22c6be56c0]:[P2 Fan Config] before_layers=0, after_layers=0, before_speed=0, after_speed=0
[warning]	2026-08-21 22:06:12.860500[Thread 0x00007f22c6be56c0]:[P2 Fan] layer_id=181 >= after_layers(0), speed=0
[warning]	2026-08-21 22:06:12.865833[Thread 0x00007f22b9fe86c0]:[P2 Fan Config] before_layers=0, after_layers=0, before_speed=0, after_speed=0
[warning]	2026-08-21 22:06:12.865843[Thread 0x00007f22b9fe86c0]:[P2 Fan] layer_id=182 >= after_layers(0), speed=0
[warning]	2026-08-21 22:06:12.871057[Thread 0x00007f22c6be56c0]:[P2 Fan Config] before_layers=0, after_layers=0, before_speed=0, after_speed=0
[warning]	2026-08-21 22:06:12.871066[Thread 0x00007f22c6be56c0]:[P2 Fan] layer_id=183 >= after_layers(0), speed=0
[warning]	2026-08-21 22:06:12.876873[Thread 0x00007f22b9fe86c0]:[P2 Fan Config] before_layers=0, after_layers=0, before_speed=0, after_speed=0
[warning]	2026-08-21 22:06:12.876897[Thread 0x00007f22b9fe86c0]:[P2 Fan] layer_id=184 >= after_layers(0), speed=0
[warning]	2026-08-21 22:06:12.887425[Thread 0x00007f22c6be56c0]:[P2 Fan Config] before_layers=0, after_layers=0, before_speed=0, after_speed=0
[warning]	2026-08-21 22:06:12.887451[Thread 0x00007f22c6be56c0]:[P2 Fan] layer_id=185 >= after_layers(0), speed=0
[warning]	2026-08-21 22:06:12.894207[Thread 0x00007f22b9fe86c0]:[P2 Fan Config] before_layers=0, after_layers=0, before_speed=0, after_speed=0
[warning]	2026-08-21 22:06:12.894222[Thread 0x00007f22b9fe86c0]:[P2 Fan] layer_id=186 >= after_layers(0), speed=0
[warning]	2026-08-21 22:06:12.898942[Thread 0x00007f22c47ff6c0]:[P2 Fan Config] before_layers=0, after_layers=0, before_speed=0, after_speed=0
[warning]	2026-08-21 22:06:12.898951[Thread 0x00007f22c47ff6c0]:[P2 Fan] layer_id=187 >= after_layers(0), speed=0
[warning]	2026-08-21 22:06:12.903023[Thread 0x00007f22b9fe86c0]:[P2 Fan Config] before_layers=0, after_layers=0, before_speed=0, after_speed=0
[warning]	2026-08-21 22:06:12.903029[Thread 0x00007f22b9fe86c0]:[P2 Fan] layer_id=188 >= after_layers(0), speed=0
[warning]	2026-08-21 22:06:12.908178[Thread 0x00007f22c3bfc6c0]:[P2 Fan Config] before_layers=0, after_layers=0, before_speed=0, after_speed=0
[warning]	2026-08-21 22:06:12.908202[Thread 0x00007f22c3bfc6c0]:[P2 Fan] layer_id=189 >= after_layers(0), speed=0
[warning]	2026-08-21 22:06:12.916270[Thread 0x00007f22b9fe86c0]:[P2 Fan Config] before_layers=0, after_layers=0, before_speed=0, after_speed=0
[warning]	2026-08-21 22:06:12.916355[Thread 0x00007f22b9fe86c0]:[P2 Fan] layer_id=190 >= after_layers(0), speed=0
[warning]	2026-08-21 22:06:12.926468[Thread 0x00007f22c3bfc6c0]:[P2 Fan Config] before_layers=0, after_layers=0, before_speed=0, after_speed=0
[warning]	2026-08-21 22:06:12.926484[Thread 0x00007f22c3bfc6c0]:[P2 Fan] layer_id=191 >= after_layers(0), speed=0
[warning]	2026-08-21 22:06:12.931509[Thread 0x00007f22c3ffd6c0]:[P2 Fan Config] before_layers=0, after_layers=0, before_speed=0, after_speed=0
[warning]	2026-08-21 22:06:12.931551[Thread 0x00007f22c3ffd6c0]:[P2 Fan] layer_id=192 >= after_layers(0), speed=0
[warning]	2026-08-21 22:06:12.936830[Thread 0x00007f22c43fe6c0]:[P2 Fan Config] before_layers=0, after_layers=0, before_speed=0, after_speed=0
[warning]	2026-08-21 22:06:12.936839[Thread 0x00007f22c43fe6c0]:[P2 Fan] layer_id=193 >= after_layers(0), speed=0
[warning]	2026-08-21 22:06:12.941936[Thread 0x00007f22b9fe86c0]:[P2 Fan Config] before_layers=0, after_layers=0, before_speed=0, after_speed=0
[warning]	2026-08-21 22:06:12.941956[Thread 0x00007f22b9fe86c0]:[P2 Fan] layer_id=194 >= after_layers(0), speed=0
[warning]	2026-08-21 22:06:12.952940[Thread 0x00007f22c3bfc6c0]:[P2 Fan Config] before_layers=0, after_layers=0, before_speed=0, after_speed=0
[warning]	2026-08-21 22:06:12.952961[Thread 0x00007f22c3bfc6c0]:[P2 Fan] layer_id=195 >= after_layers(0), speed=0
[warning]	2026-08-21 22:06:12.959987[Thread 0x00007f22c73e66c0]:[P2 Fan Config] before_layers=0, after_layers=0, before_speed=0, after_speed=0
[warning]	2026-08-21 22:06:12.960000[Thread 0x00007f22c73e66c0]:[P2 Fan] layer_id=196 >= after_layers(0), speed=0
[warning]	2026-08-21 22:06:12.962845[Thread 0x00007f22c47ff6c0]:[P2 Fan Config] before_layers=0, after_layers=0, before_speed=0, after_speed=0
[warning]	2026-08-21 22:06:12.962854[Thread 0x00007f22c47ff6c0]:[P2 Fan] layer_id=197 >= after_layers(0), speed=0
[warning]	2026-08-21 22:06:12.965813[Thread 0x00007f22b9fe86c0]:[P2 Fan Config] before_layers=0, after_layers=0, before_speed=0, after_speed=0
[warning]	2026-08-21 22:06:12.965822[Thread 0x00007f22b9fe86c0]:[P2 Fan] layer_id=198 >= after_layers(0), speed=0
[warning]	2026-08-21 22:06:12.968657[Thread 0x00007f22c73e66c0]:[P2 Fan Config] before_layers=0, after_layers=0, before_speed=0, after_speed=0
[warning]	2026-08-21 22:06:12.968665[Thread 0x00007f22c73e66c0]:[P2 Fan] layer_id=199 >= after_layers(0), speed=0
[warning]	2026-08-21 22:06:12.971639[Thread 0x00007f22b9fe86c0]:[P2 Fan Config] before_layers=0, after_layers=0, before_speed=0, after_speed=0
[warning]	2026-08-21 22:06:12.971646[Thread 0x00007f22b9fe86c0]:[P2 Fan] layer_id=200 >= after_layers(0), speed=0
[warning]	2026-08-21 22:06:12.976584[Thread 0x00007f22c47ff6c0]:[P2 Fan Config] before_layers=0, after_layers=0, before_speed=0, after_speed=0
[warning]	2026-08-21 22:06:12.976606[Thread 0x00007f22c47ff6c0]:[P2 Fan] layer_id=201 >= after_layers(0), speed=0
[warning]	2026-08-21 22:06:12.986099[Thread 0x00007f22b9fe86c0]:[P2 Fan Config] before_layers=0, after_layers=0, before_speed=0, after_speed=0
[warning]	2026-08-21 22:06:12.986128[Thread 0x00007f22b9fe86c0]:[P2 Fan] layer_id=202 >= after_layers(0), speed=0
[warning]	2026-08-21 22:06:12.994519[Thread 0x00007f22c73e66c0]:[P2 Fan Config] before_layers=0, after_layers=0, before_speed=0, after_speed=0
[warning]	2026-08-21 22:06:12.994546[Thread 0x00007f22c73e66c0]:[P2 Fan] layer_id=203 >= after_layers(0), speed=0
[warning]	2026-08-21 22:06:13.006142[Thread 0x00007f22b9fe86c0]:[P2 Fan Config] before_layers=0, after_layers=0, before_speed=0, after_speed=0
[warning]	2026-08-21 22:06:13.006176[Thread 0x00007f22b9fe86c0]:[P2 Fan] layer_id=204 >= after_layers(0), speed=0
[warning]	2026-08-21 22:06:13.013979[Thread 0x00007f22c3ffd6c0]:[P2 Fan Config] before_layers=0, after_layers=0, before_speed=0, after_speed=0
[warning]	2026-08-21 22:06:13.013997[Thread 0x00007f22c3ffd6c0]:[P2 Fan] layer_id=205 >= after_layers(0), speed=0
[warning]	2026-08-21 22:06:13.023546[Thread 0x00007f22b9fe86c0]:[P2 Fan Config] before_layers=0, after_layers=0, before_speed=0, after_speed=0
[warning]	2026-08-21 22:06:13.023636[Thread 0x00007f22b9fe86c0]:[P2 Fan] layer_id=206 >= after_layers(0), speed=0
[warning]	2026-08-21 22:06:13.034484[Thread 0x00007f22c3ffd6c0]:[P2 Fan Config] before_layers=0, after_layers=0, before_speed=0, after_speed=0
[warning]	2026-08-21 22:06:13.034497[Thread 0x00007f22c3ffd6c0]:[P2 Fan] layer_id=207 >= after_layers(0), speed=0
[warning]	2026-08-21 22:06:13.038457[Thread 0x00007f22c43fe6c0]:[P2 Fan Config] before_layers=0, after_layers=0, before_speed=0, after_speed=0
[warning]	2026-08-21 22:06:13.038465[Thread 0x00007f22c43fe6c0]:[P2 Fan] layer_id=208 >= after_layers(0), speed=0
[warning]	2026-08-21 22:06:13.042418[Thread 0x00007f22b9fe86c0]:[P2 Fan Config] before_layers=0, after_layers=0, before_speed=0, after_speed=0
[warning]	2026-08-21 22:06:13.042426[Thread 0x00007f22b9fe86c0]:[P2 Fan] layer_id=209 >= after_layers(0), speed=0
[warning]	2026-08-21 22:06:13.046056[Thread 0x00007f22c3bfc6c0]:[P2 Fan Config] before_layers=0, after_layers=0, before_speed=0, after_speed=0
[warning]	2026-08-21 22:06:13.046064[Thread 0x00007f22c3bfc6c0]:[P2 Fan] layer_id=210 >= after_layers(0), speed=0
[warning]	2026-08-21 22:06:13.051992[Thread 0x00007f22b9fe86c0]:[P2 Fan Config] before_layers=0, after_layers=0, before_speed=0, after_speed=0
[warning]	2026-08-21 22:06:13.052019[Thread 0x00007f22b9fe86c0]:[P2 Fan] layer_id=211 >= after_layers(0), speed=0
[warning]	2026-08-21 22:06:13.060962[Thread 0x00007f22c47ff6c0]:[P2 Fan Config] before_layers=0, after_layers=0, before_speed=0, after_speed=0
[warning]	2026-08-21 22:06:13.060996[Thread 0x00007f22c47ff6c0]:[P2 Fan] layer_id=212 >= after_layers(0), speed=0
[warning]	2026-08-21 22:06:13.067449[Thread 0x00007f22b9fe86c0]:[P2 Fan Config] before_layers=0, after_layers=0, before_speed=0, after_speed=0
[warning]	2026-08-21 22:06:13.067463[Thread 0x00007f22b9fe86c0]:[P2 Fan] layer_id=213 >= after_layers(0), speed=0
[warning]	2026-08-21 22:06:13.071745[Thread 0x00007f22c3bfc6c0]:[P2 Fan Config] before_layers=0, after_layers=0, before_speed=0, after_speed=0
[warning]	2026-08-21 22:06:13.071754[Thread 0x00007f22c3bfc6c0]:[P2 Fan] layer_id=214 >= after_layers(0), speed=0
[warning]	2026-08-21 22:06:13.075321[Thread 0x00007f22b9fe86c0]:[P2 Fan Config] before_layers=0, after_layers=0, before_speed=0, after_speed=0
[warning]	2026-08-21 22:06:13.075329[Thread 0x00007f22b9fe86c0]:[P2 Fan] layer_id=215 >= after_layers(0), speed=0
[warning]	2026-08-21 22:06:13.078582[Thread 0x00007f22c47ff6c0]:[P2 Fan Config] before_layers=0, after_layers=0, before_speed=0, after_speed=0
[warning]	2026-08-21 22:06:13.078590[Thread 0x00007f22c47ff6c0]:[P2 Fan] layer_id=216 >= after_layers(0), speed=0
[warning]	2026-08-21 22:06:13.081595[Thread 0x00007f22b9fe86c0]:[P2 Fan Config] before_layers=0, after_layers=0, before_speed=0, after_speed=0
[warning]	2026-08-21 22:06:13.081614[Thread 0x00007f22b9fe86c0]:[P2 Fan] layer_id=217 >= after_layers(0), speed=0
[warning]	2026-08-21 22:06:13.086501[Thread 0x00007f22c47ff6c0]:[P2 Fan Config] before_layers=0, after_layers=0, before_speed=0, after_speed=0
[warning]	2026-08-21 22:06:13.086565[Thread 0x00007f22c47ff6c0]:[P2 Fan] layer_id=218 >= after_layers(0), speed=0
[warning]	2026-08-21 22:06:13.095194[Thread 0x00007f22c67e46c0]:[P2 Fan Config] before_layers=0, after_layers=0, before_speed=0, after_speed=0
[warning]	2026-08-21 22:06:13.095236[Thread 0x00007f22c67e46c0]:[P2 Fan] layer_id=219 >= after_layers(0), speed=0
[warning]	2026-08-21 22:06:13.101512[Thread 0x00007f22c47ff6c0]:[P2 Fan Config] before_layers=0, after_layers=0, before_speed=0, after_speed=0
[warning]	2026-08-21 22:06:13.101529[Thread 0x00007f22c47ff6c0]:[P2 Fan] layer_id=220 >= after_layers(0), speed=0
[warning]	2026-08-21 22:06:13.105262[Thread 0x00007f22c67e46c0]:[P2 Fan Config] before_layers=0, after_layers=0, before_speed=0, after_speed=0
[warning]	2026-08-21 22:06:13.105269[Thread 0x00007f22c67e46c0]:[P2 Fan] layer_id=221 >= after_layers(0), speed=0
[warning]	2026-08-21 22:06:13.108037[Thread 0x00007f22c3ffd6c0]:[P2 Fan Config] before_layers=0, after_layers=0, before_speed=0, after_speed=0
[warning]	2026-08-21 22:06:13.108045[Thread 0x00007f22c3ffd6c0]:[P2 Fan] layer_id=222 >= after_layers(0), speed=0
[warning]	2026-08-21 22:06:13.110367[Thread 0x00007f22c47ff6c0]:[P2 Fan Config] before_layers=0, after_layers=0, before_speed=0, after_speed=0
[warning]	2026-08-21 22:06:13.110374[Thread 0x00007f22c47ff6c0]:[P2 Fan] layer_id=223 >= after_layers(0), speed=0
[warning]	2026-08-21 22:06:13.113216[Thread 0x00007f22c73e66c0]:[P2 Fan Config] before_layers=0, after_layers=0, before_speed=0, after_speed=0
[warning]	2026-08-21 22:06:13.113263[Thread 0x00007f22c73e66c0]:[P2 Fan] layer_id=224 >= after_layers(0), speed=0
[warning]	2026-08-21 22:06:13.117072[Thread 0x00007f22c3ffd6c0]:[P2 Fan Config] before_layers=0, after_layers=0, before_speed=0, after_speed=0
[warning]	2026-08-21 22:06:13.117097[Thread 0x00007f22c3ffd6c0]:[P2 Fan] layer_id=225 >= after_layers(0), speed=0
[warning]	2026-08-21 22:06:13.121004[Thread 0x00007f22c6be56c0]:[P2 Fan Config] before_layers=0, after_layers=0, before_speed=0, after_speed=0
[warning]	2026-08-21 22:06:13.121048[Thread 0x00007f22c6be56c0]:[P2 Fan] layer_id=226 >= after_layers(0), speed=0
[warning]	2026-08-21 22:06:13.127081[Thread 0x00007f22c3ffd6c0]:[P2 Fan Config] before_layers=0, after_layers=0, before_speed=0, after_speed=0
[warning]	2026-08-21 22:06:13.127105[Thread 0x00007f22c3ffd6c0]:[P2 Fan] layer_id=227 >= after_layers(0), speed=0
[warning]	2026-08-21 22:06:13.134137[Thread 0x00007f22b9fe86c0]:[P2 Fan Config] before_layers=0, after_layers=0, before_speed=0, after_speed=0
[warning]	2026-08-21 22:06:13.134156[Thread 0x00007f22b9fe86c0]:[P2 Fan] layer_id=228 >= after_layers(0), speed=0
[warning]	2026-08-21 22:06:13.139104[Thread 0x00007f22c3bfc6c0]:[P2 Fan Config] before_layers=0, after_layers=0, before_speed=0, after_speed=0
[warning]	2026-08-21 22:06:13.139116[Thread 0x00007f22c3bfc6c0]:[P2 Fan] layer_id=229 >= after_layers(0), speed=0
[warning]	2026-08-21 22:06:13.142991[Thread 0x00007f22b9fe86c0]:[P2 Fan Config] before_layers=0, after_layers=0, before_speed=0, after_speed=0
[warning]	2026-08-21 22:06:13.143000[Thread 0x00007f22b9fe86c0]:[P2 Fan] layer_id=230 >= after_layers(0), speed=0
[warning]	2026-08-21 22:06:13.146933[Thread 0x00007f22c43fe6c0]:[P2 Fan Config] before_layers=0, after_layers=0, before_speed=0, after_speed=0
[warning]	2026-08-21 22:06:13.146942[Thread 0x00007f22c43fe6c0]:[P2 Fan] layer_id=231 >= after_layers(0), speed=0
[warning]	2026-08-21 22:06:13.151682[Thread 0x00007f22b9fe86c0]:[P2 Fan Config] before_layers=0, after_layers=0, before_speed=0, after_speed=0
[warning]	2026-08-21 22:06:13.151707[Thread 0x00007f22b9fe86c0]:[P2 Fan] layer_id=232 >= after_layers(0), speed=0
[warning]	2026-08-21 22:06:13.161332[Thread 0x00007f22c73e66c0]:[P2 Fan Config] before_layers=0, after_layers=0, before_speed=0, after_speed=0
[warning]	2026-08-21 22:06:13.161357[Thread 0x00007f22c73e66c0]:[P2 Fan] layer_id=233 >= after_layers(0), speed=0
[warning]	2026-08-21 22:06:13.167958[Thread 0x00007f22c43fe6c0]:[P2 Fan Config] before_layers=0, after_layers=0, before_speed=0, after_speed=0
[warning]	2026-08-21 22:06:13.167972[Thread 0x00007f22c43fe6c0]:[P2 Fan] layer_id=234 >= after_layers(0), speed=0
[warning]	2026-08-21 22:06:13.171429[Thread 0x00007f22b9fe86c0]:[P2 Fan Config] before_layers=0, after_layers=0, before_speed=0, after_speed=0
[warning]	2026-08-21 22:06:13.171438[Thread 0x00007f22b9fe86c0]:[P2 Fan] layer_id=235 >= after_layers(0), speed=0
[warning]	2026-08-21 22:06:13.174596[Thread 0x00007f22c6be56c0]:[P2 Fan Config] before_layers=0, after_layers=0, before_speed=0, after_speed=0
[warning]	2026-08-21 22:06:13.174605[Thread 0x00007f22c6be56c0]:[P2 Fan] layer_id=236 >= after_layers(0), speed=0
[warning]	2026-08-21 22:06:13.177300[Thread 0x00007f22b9fe86c0]:[P2 Fan Config] before_layers=0, after_layers=0, before_speed=0, after_speed=0
[warning]	2026-08-21 22:06:13.177308[Thread 0x00007f22b9fe86c0]:[P2 Fan] layer_id=237 >= after_layers(0), speed=0
[warning]	2026-08-21 22:06:13.179922[Thread 0x00007f22c43fe6c0]:[P2 Fan Config] before_layers=0, after_layers=0, before_speed=0, after_speed=0
[warning]	2026-08-21 22:06:13.179930[Thread 0x00007f22c43fe6c0]:[P2 Fan] layer_id=238 >= after_layers(0), speed=0
[warning]	2026-08-21 22:06:13.183550[Thread 0x00007f22b9fe86c0]:[P2 Fan Config] before_layers=0, after_layers=0, before_speed=0, after_speed=0
[warning]	2026-08-21 22:06:13.183570[Thread 0x00007f22b9fe86c0]:[P2 Fan] layer_id=239 >= after_layers(0), speed=0
[warning]	2026-08-21 22:06:13.188281[Thread 0x00007f22c47ff6c0]:[P2 Fan Config] before_layers=0, after_layers=0, before_speed=0, after_speed=0
[warning]	2026-08-21 22:06:13.188343[Thread 0x00007f22c47ff6c0]:[P2 Fan] layer_id=240 >= after_layers(0), speed=0
[warning]	2026-08-21 22:06:13.195419[Thread 0x00007f22b9fe86c0]:[P2 Fan Config] before_layers=0, after_layers=0, before_speed=0, after_speed=0
[warning]	2026-08-21 22:06:13.195458[Thread 0x00007f22b9fe86c0]:[P2 Fan] layer_id=241 >= after_layers(0), speed=0
[warning]	2026-08-21 22:06:13.199958[Thread 0x00007f22c43fe6c0]:[P2 Fan Config] before_layers=0, after_layers=0, before_speed=0, after_speed=0
[warning]	2026-08-21 22:06:13.199971[Thread 0x00007f22c43fe6c0]:[P2 Fan] layer_id=242 >= after_layers(0), speed=0
[warning]	2026-08-21 22:06:13.202369[Thread 0x00007f22b9fe86c0]:[P2 Fan Config] before_layers=0, after_layers=0, before_speed=0, after_speed=0
[warning]	2026-08-21 22:06:13.202378[Thread 0x00007f22b9fe86c0]:[P2 Fan] layer_id=243 >= after_layers(0), speed=0
[warning]	2026-08-21 22:06:13.204927[Thread 0x00007f22c43fe6c0]:[P2 Fan Config] before_layers=0, after_layers=0, before_speed=0, after_speed=0
[warning]	2026-08-21 22:06:13.204935[Thread 0x00007f22c43fe6c0]:[P2 Fan] layer_id=244 >= after_layers(0), speed=0
[warning]	2026-08-21 22:06:13.207414[Thread 0x00007f22b9fe86c0]:[P2 Fan Config] before_layers=0, after_layers=0, before_speed=0, after_speed=0
[warning]	2026-08-21 22:06:13.207422[Thread 0x00007f22b9fe86c0]:[P2 Fan] layer_id=245 >= after_layers(0), speed=0
[warning]	2026-08-21 22:06:13.210172[Thread 0x00007f22c47ff6c0]:[P2 Fan Config] before_layers=0, after_layers=0, before_speed=0, after_speed=0
[warning]	2026-08-21 22:06:13.210181[Thread 0x00007f22c47ff6c0]:[P2 Fan] layer_id=246 >= after_layers(0), speed=0
[warning]	2026-08-21 22:06:13.212978[Thread 0x00007f22b9fe86c0]:[P2 Fan Config] before_layers=0, after_layers=0, before_speed=0, after_speed=0
[warning]	2026-08-21 22:06:13.212985[Thread 0x00007f22b9fe86c0]:[P2 Fan] layer_id=247 >= after_layers(0), speed=0
[warning]	2026-08-21 22:06:13.218445[Thread 0x00007f22c47ff6c0]:[P2 Fan Config] before_layers=0, after_layers=0, before_speed=0, after_speed=0
[warning]	2026-08-21 22:06:13.218476[Thread 0x00007f22c47ff6c0]:[P2 Fan] layer_id=248 >= after_layers(0), speed=0
[warning]	2026-08-21 22:06:13.225957[Thread 0x00007f22b9fe86c0]:[P2 Fan Config] before_layers=0, after_layers=0, before_speed=0, after_speed=0
[warning]	2026-08-21 22:06:13.225988[Thread 0x00007f22b9fe86c0]:[P2 Fan] layer_id=249 >= after_layers(0), speed=0
[warning]	2026-08-21 22:06:13.235426[Thread 0x00007f22c3ffd6c0]:[P2 Fan Config] before_layers=0, after_layers=0, before_speed=0, after_speed=0
[warning]	2026-08-21 22:06:13.235441[Thread 0x00007f22c3ffd6c0]:[P2 Fan] layer_id=250 >= after_layers(0), speed=0
[warning]	2026-08-21 22:06:13.240631[Thread 0x00007f22b9fe86c0]:[P2 Fan Config] before_layers=0, after_layers=0, before_speed=0, after_speed=0
[warning]	2026-08-21 22:06:13.240640[Thread 0x00007f22b9fe86c0]:[P2 Fan] layer_id=251 >= after_layers(0), speed=0
[warning]	2026-08-21 22:06:13.243666[Thread 0x00007f22c3ffd6c0]:[P2 Fan Config] before_layers=0, after_layers=0, before_speed=0, after_speed=0
[warning]	2026-08-21 22:06:13.243673[Thread 0x00007f22c3ffd6c0]:[P2 Fan] layer_id=252 >= after_layers(0), speed=0
[warning]	2026-08-21 22:06:13.246703[Thread 0x00007f22b9fe86c0]:[P2 Fan Config] before_layers=0, after_layers=0, before_speed=0, after_speed=0
[warning]	2026-08-21 22:06:13.246712[Thread 0x00007f22b9fe86c0]:[P2 Fan] layer_id=253 >= after_layers(0), speed=0
[warning]	2026-08-21 22:06:13.251093[Thread 0x00007f22c73e66c0]:[P2 Fan Config] before_layers=0, after_layers=0, before_speed=0, after_speed=0
[warning]	2026-08-21 22:06:13.251117[Thread 0x00007f22c73e66c0]:[P2 Fan] layer_id=254 >= after_layers(0), speed=0
[warning]	2026-08-21 22:06:13.259462[Thread 0x00007f22c3ffd6c0]:[P2 Fan Config] before_layers=0, after_layers=0, before_speed=0, after_speed=0
[warning]	2026-08-21 22:06:13.259489[Thread 0x00007f22c3ffd6c0]:[P2 Fan] layer_id=255 >= after_layers(0), speed=0
[warning]	2026-08-21 22:06:13.266750[Thread 0x00007f22b9fe86c0]:[P2 Fan Config] before_layers=0, after_layers=0, before_speed=0, after_speed=0
[warning]	2026-08-21 22:06:13.266830[Thread 0x00007f22b9fe86c0]:[P2 Fan] layer_id=256 >= after_layers(0), speed=0
[warning]	2026-08-21 22:06:13.271352[Thread 0x00007f22c6be56c0]:[P2 Fan Config] before_layers=0, after_layers=0, before_speed=0, after_speed=0
[warning]	2026-08-21 22:06:13.271363[Thread 0x00007f22c6be56c0]:[P2 Fan] layer_id=257 >= after_layers(0), speed=0
[warning]	2026-08-21 22:06:13.273278[Thread 0x00007f22c43fe6c0]:[P2 Fan Config] before_layers=0, after_layers=0, before_speed=0, after_speed=0
[warning]	2026-08-21 22:06:13.273286[Thread 0x00007f22c43fe6c0]:[P2 Fan] layer_id=258 >= after_layers(0), speed=0
[warning]	2026-08-21 22:06:13.277833[Thread 0x00007f22b9fe86c0]:[P2 Fan Config] before_layers=0, after_layers=0, before_speed=0, after_speed=0
[warning]	2026-08-21 22:06:13.277842[Thread 0x00007f22b9fe86c0]:[P2 Fan] layer_id=259 >= after_layers(0), speed=0
[warning]	2026-08-21 22:06:13.281370[Thread 0x00007f22c6be56c0]:[P2 Fan Config] before_layers=0, after_layers=0, before_speed=0, after_speed=0
[warning]	2026-08-21 22:06:13.281401[Thread 0x00007f22c6be56c0]:[P2 Fan] layer_id=260 >= after_layers(0), speed=0
[warning]	2026-08-21 22:06:13.285412[Thread 0x00007f22c47ff6c0]:[P2 Fan Config] before_layers=0, after_layers=0, before_speed=0, after_speed=0
[warning]	2026-08-21 22:06:13.285441[Thread 0x00007f22c47ff6c0]:[P2 Fan] layer_id=261 >= after_layers(0), speed=0
[warning]	2026-08-21 22:06:13.291710[Thread 0x00007f22b9fe86c0]:[P2 Fan Config] before_layers=0, after_layers=0, before_speed=0, after_speed=0
[warning]	2026-08-21 22:06:13.291777[Thread 0x00007f22b9fe86c0]:[P2 Fan] layer_id=262 >= after_layers(0), speed=0
[warning]	2026-08-21 22:06:13.297728[Thread 0x00007f22c67e46c0]:[P2 Fan Config] before_layers=0, after_layers=0, before_speed=0, after_speed=0
[warning]	2026-08-21 22:06:13.297746[Thread 0x00007f22c67e46c0]:[P2 Fan] layer_id=263 >= after_layers(0), speed=0
[warning]	2026-08-21 22:06:13.301059[Thread 0x00007f22b9fe86c0]:[P2 Fan Config] before_layers=0, after_layers=0, before_speed=0, after_speed=0
[warning]	2026-08-21 22:06:13.301070[Thread 0x00007f22b9fe86c0]:[P2 Fan] layer_id=264 >= after_layers(0), speed=0
[warning]	2026-08-21 22:06:13.303875[Thread 0x00007f22c67e46c0]:[P2 Fan Config] before_layers=0, after_layers=0, before_speed=0, after_speed=0
[warning]	2026-08-21 22:06:13.303883[Thread 0x00007f22c67e46c0]:[P2 Fan] layer_id=265 >= after_layers(0), speed=0
[warning]	2026-08-21 22:06:13.307732[Thread 0x00007f22c6be56c0]:[P2 Fan Config] before_layers=0, after_layers=0, before_speed=0, after_speed=0
[warning]	2026-08-21 22:06:13.307742[Thread 0x00007f22c6be56c0]:[P2 Fan] layer_id=266 >= after_layers(0), speed=0
[warning]	2026-08-21 22:06:13.310711[Thread 0x00007f22b9fe86c0]:[P2 Fan Config] before_layers=0, after_layers=0, before_speed=0, after_speed=0
[warning]	2026-08-21 22:06:13.310718[Thread 0x00007f22b9fe86c0]:[P2 Fan] layer_id=267 >= after_layers(0), speed=0
[warning]	2026-08-21 22:06:13.313527[Thread 0x00007f22c73e66c0]:[P2 Fan Config] before_layers=0, after_layers=0, before_speed=0, after_speed=0
[warning]	2026-08-21 22:06:13.313537[Thread 0x00007f22c73e66c0]:[P2 Fan] layer_id=268 >= after_layers(0), speed=0
[warning]	2026-08-21 22:06:13.319164[Thread 0x00007f22c3bfc6c0]:[P2 Fan Config] before_layers=0, after_layers=0, before_speed=0, after_speed=0
[warning]	2026-08-21 22:06:13.319200[Thread 0x00007f22c3bfc6c0]:[P2 Fan] layer_id=269 >= after_layers(0), speed=0
[warning]	2026-08-21 22:06:13.328738[Thread 0x00007f22c73e66c0]:[P2 Fan Config] before_layers=0, after_layers=0, before_speed=0, after_speed=0
[warning]	2026-08-21 22:06:13.328847[Thread 0x00007f22c73e66c0]:[P2 Fan] layer_id=270 >= after_layers(0), speed=0
[warning]	2026-08-21 22:06:13.335557[Thread 0x00007f22c3bfc6c0]:[P2 Fan Config] before_layers=0, after_layers=0, before_speed=0, after_speed=0
[warning]	2026-08-21 22:06:13.335575[Thread 0x00007f22c3bfc6c0]:[P2 Fan] layer_id=271 >= after_layers(0), speed=0
[warning]	2026-08-21 22:06:13.339012[Thread 0x00007f22c73e66c0]:[P2 Fan Config] before_layers=0, after_layers=0, before_speed=0, after_speed=0
[warning]	2026-08-21 22:06:13.339026[Thread 0x00007f22c73e66c0]:[P2 Fan] layer_id=272 >= after_layers(0), speed=0
[warning]	2026-08-21 22:06:13.343766[Thread 0x00007f22c67e46c0]:[P2 Fan Config] before_layers=0, after_layers=0, before_speed=0, after_speed=0
[warning]	2026-08-21 22:06:13.343790[Thread 0x00007f22c67e46c0]:[P2 Fan] layer_id=273 >= after_layers(0), speed=0
[warning]	2026-08-21 22:06:13.356893[Thread 0x00007f22b9fe86c0]:[P2 Fan Config] before_layers=0, after_layers=0, before_speed=0, after_speed=0
[warning]	2026-08-21 22:06:13.356961[Thread 0x00007f22b9fe86c0]:[P2 Fan] layer_id=274 >= after_layers(0), speed=0
[warning]	2026-08-21 22:06:13.359437[Thread 0x00007f22c43fe6c0]:[P2 Fan Config] before_layers=0, after_layers=0, before_speed=0, after_speed=0
[warning]	2026-08-21 22:06:13.359495[Thread 0x00007f22c43fe6c0]:[P2 Fan] layer_id=275 >= after_layers(0), speed=0
[warning]	2026-08-21 22:06:13.360575[Thread 0x00007f22c43fe6c0]:[P2 Fan Config] before_layers=0, after_layers=0, before_speed=0, after_speed=0
[warning]	2026-08-21 22:06:13.360638[Thread 0x00007f22c43fe6c0]:[P2 Fan] layer_id=276 >= after_layers(0), speed=0
[warning]	2026-08-21 22:06:13.363508[Thread 0x00007f22c47ff6c0]:[P2 Fan Config] before_layers=0, after_layers=0, before_speed=0, after_speed=0
[warning]	2026-08-21 22:06:13.363553[Thread 0x00007f22c47ff6c0]:[P2 Fan] layer_id=277 >= after_layers(0), speed=0
[warning]	2026-08-21 22:06:13.366149[Thread 0x00007f22b9fe86c0]:[P2 Fan Config] before_layers=0, after_layers=0, before_speed=0, after_speed=0
[warning]	2026-08-21 22:06:13.366180[Thread 0x00007f22b9fe86c0]:[P2 Fan] layer_id=278 >= after_layers(0), speed=0
[warning]	2026-08-21 22:06:13.368452[Thread 0x00007f22c73e66c0]:[P2 Fan Config] before_layers=0, after_layers=0, before_speed=0, after_speed=0
[warning]	2026-08-21 22:06:13.368467[Thread 0x00007f22c73e66c0]:[P2 Fan] layer_id=279 >= after_layers(0), speed=0
[warning]	2026-08-21 22:06:13.369878[Thread 0x00007f22b9fe86c0]:[P2 Fan Config] before_layers=0, after_layers=0, before_speed=0, after_speed=0
[warning]	2026-08-21 22:06:13.369888[Thread 0x00007f22b9fe86c0]:[P2 Fan] layer_id=280 >= after_layers(0), speed=0
[warning]	2026-08-21 22:06:13.371810[Thread 0x00007f22c73e66c0]:[P2 Fan Config] before_layers=0, after_layers=0, before_speed=0, after_speed=0
[warning]	2026-08-21 22:06:13.371821[Thread 0x00007f22c73e66c0]:[P2 Fan] layer_id=281 >= after_layers(0), speed=0
[warning]	2026-08-21 22:06:13.373731[Thread 0x00007f22c3ffd6c0]:[P2 Fan Config] before_layers=0, after_layers=0, before_speed=0, after_speed=0
[warning]	2026-08-21 22:06:13.373743[Thread 0x00007f22c3ffd6c0]:[P2 Fan] layer_id=282 >= after_layers(0), speed=0
[warning]	2026-08-21 22:06:13.374893[Thread 0x00007f22c6be56c0]:[P2 Fan Config] before_layers=0, after_layers=0, before_speed=0, after_speed=0
[warning]	2026-08-21 22:06:13.374902[Thread 0x00007f22c6be56c0]:[P2 Fan] layer_id=283 >= after_layers(0), speed=0
[warning]	2026-08-21 22:06:13.376591[Thread 0x00007f22c47ff6c0]:[P2 Fan Config] before_layers=0, after_layers=0, before_speed=0, after_speed=0
[warning]	2026-08-21 22:06:13.376604[Thread 0x00007f22c47ff6c0]:[P2 Fan] layer_id=284 >= after_layers(0), speed=0
[warning]	2026-08-21 22:06:13.377898[Thread 0x00007f22c67e46c0]:[P2 Fan Config] before_layers=0, after_layers=0, before_speed=0, after_speed=0
[warning]	2026-08-21 22:06:13.377907[Thread 0x00007f22c67e46c0]:[P2 Fan] layer_id=285 >= after_layers(0), speed=0
[warning]	2026-08-21 22:06:13.379355[Thread 0x00007f22b9fe86c0]:[P2 Fan Config] before_layers=0, after_layers=0, before_speed=0, after_speed=0
[warning]	2026-08-21 22:06:13.379363[Thread 0x00007f22b9fe86c0]:[P2 Fan] layer_id=286 >= after_layers(0), speed=0
[warning]	2026-08-21 22:06:13.381068[Thread 0x00007f22c6be56c0]:[P2 Fan Config] before_layers=0, after_layers=0, before_speed=0, after_speed=0
[warning]	2026-08-21 22:06:13.381091[Thread 0x00007f22c6be56c0]:[P2 Fan] layer_id=287 >= after_layers(0), speed=0
[warning]	2026-08-21 22:06:13.383317[Thread 0x00007f22c73e66c0]:[P2 Fan Config] before_layers=0, after_layers=0, before_speed=0, after_speed=0
[warning]	2026-08-21 22:06:13.383436[Thread 0x00007f22c73e66c0]:[P2 Fan] layer_id=288 >= after_layers(0), speed=0
[warning]	2026-08-21 22:06:13.386060[Thread 0x00007f22b9fe86c0]:[P2 Fan Config] before_layers=0, after_layers=0, before_speed=0, after_speed=0
[warning]	2026-08-21 22:06:13.386087[Thread 0x00007f22b9fe86c0]:[P2 Fan] layer_id=289 >= after_layers(0), speed=0
[warning]	2026-08-21 22:06:13.390137[Thread 0x00007f22c73e66c0]:[P2 Fan Config] before_layers=0, after_layers=0, before_speed=0, after_speed=0
[warning]	2026-08-21 22:06:13.390211[Thread 0x00007f22c73e66c0]:[P2 Fan] layer_id=290 >= after_layers(0), speed=0
[warning]	2026-08-21 22:06:13.394655[Thread 0x00007f22b9fe86c0]:[P2 Fan Config] before_layers=0, after_layers=0, before_speed=0, after_speed=0
[warning]	2026-08-21 22:06:13.394697[Thread 0x00007f22b9fe86c0]:[P2 Fan] layer_id=291 >= after_layers(0), speed=0
[warning]	2026-08-21 22:06:13.398559[Thread 0x00007f22c73e66c0]:[P2 Fan Config] before_layers=0, after_layers=0, before_speed=0, after_speed=0
[warning]	2026-08-21 22:06:13.398583[Thread 0x00007f22c73e66c0]:[P2 Fan] layer_id=292 >= after_layers(0), speed=0
[warning]	2026-08-21 22:06:13.400774[Thread 0x00007f22b9fe86c0]:[P2 Fan Config] before_layers=0, after_layers=0, before_speed=0, after_speed=0
[warning]	2026-08-21 22:06:13.400794[Thread 0x00007f22b9fe86c0]:[P2 Fan] layer_id=293 >= after_layers(0), speed=0
[warning]	2026-08-21 22:06:13.402715[Thread 0x00007f22c73e66c0]:[P2 Fan Config] before_layers=0, after_layers=0, before_speed=0, after_speed=0
[warning]	2026-08-21 22:06:13.402725[Thread 0x00007f22c73e66c0]:[P2 Fan] layer_id=294 >= after_layers(0), speed=0
[warning]	2026-08-21 22:06:13.404423[Thread 0x00007f22b9fe86c0]:[P2 Fan Config] before_layers=0, after_layers=0, before_speed=0, after_speed=0
[warning]	2026-08-21 22:06:13.404432[Thread 0x00007f22b9fe86c0]:[P2 Fan] layer_id=295 >= after_layers(0), speed=0
[warning]	2026-08-21 22:06:13.406151[Thread 0x00007f22c73e66c0]:[P2 Fan Config] before_layers=0, after_layers=0, before_speed=0, after_speed=0
[warning]	2026-08-21 22:06:13.406161[Thread 0x00007f22c73e66c0]:[P2 Fan] layer_id=296 >= after_layers(0), speed=0
[warning]	2026-08-21 22:06:13.407499[Thread 0x00007f22b9fe86c0]:[P2 Fan Config] before_layers=0, after_layers=0, before_speed=0, after_speed=0
[warning]	2026-08-21 22:06:13.407507[Thread 0x00007f22b9fe86c0]:[P2 Fan] layer_id=297 >= after_layers(0), speed=0
[warning]	2026-08-21 22:06:13.408657[Thread 0x00007f22c67e46c0]:[P2 Fan Config] before_layers=0, after_layers=0, before_speed=0, after_speed=0
[warning]	2026-08-21 22:06:13.408665[Thread 0x00007f22c67e46c0]:[P2 Fan] layer_id=298 >= after_layers(0), speed=0
[warning]	2026-08-21 22:06:13.409919[Thread 0x00007f22b9fe86c0]:[P2 Fan Config] before_layers=0, after_layers=0, before_speed=0, after_speed=0
[warning]	2026-08-21 22:06:13.409928[Thread 0x00007f22b9fe86c0]:[P2 Fan] layer_id=299 >= after_layers(0), speed=0
[warning]	2026-08-21 22:06:13.411454[Thread 0x00007f22c6be56c0]:[P2 Fan Config] before_layers=0, after_layers=0, before_speed=0, after_speed=0
[warning]	2026-08-21 22:06:13.411463[Thread 0x00007f22c6be56c0]:[P2 Fan] layer_id=300 >= after_layers(0), speed=0
[warning]	2026-08-21 22:06:13.412891[Thread 0x00007f22b9fe86c0]:[P2 Fan Config] before_layers=0, after_layers=0, before_speed=0, after_speed=0
[warning]	2026-08-21 22:06:13.412900[Thread 0x00007f22b9fe86c0]:[P2 Fan] layer_id=301 >= after_layers(0), speed=0
[warning]	2026-08-21 22:06:13.413856[Thread 0x00007f22c6be56c0]:[P2 Fan Config] before_layers=0, after_layers=0, before_speed=0, after_speed=0
[warning]	2026-08-21 22:06:13.413863[Thread 0x00007f22c6be56c0]:[P2 Fan] layer_id=302 >= after_layers(0), speed=0
[warning]	2026-08-21 22:06:13.415380[Thread 0x00007f22b9fe86c0]:[P2 Fan Config] before_layers=0, after_layers=0, before_speed=0, after_speed=0
[warning]	2026-08-21 22:06:13.415401[Thread 0x00007f22b9fe86c0]:[P2 Fan] layer_id=303 >= after_layers(0), speed=0
[warning]	2026-08-21 22:06:13.417470[Thread 0x00007f22c6be56c0]:[P2 Fan Config] before_layers=0, after_layers=0, before_speed=0, after_speed=0
[warning]	2026-08-21 22:06:13.417491[Thread 0x00007f22c6be56c0]:[P2 Fan] layer_id=304 >= after_layers(0), speed=0
[warning]	2026-08-21 22:06:13.419288[Thread 0x00007f22b9fe86c0]:[P2 Fan Config] before_layers=0, after_layers=0, before_speed=0, after_speed=0
[warning]	2026-08-21 22:06:13.419305[Thread 0x00007f22b9fe86c0]:[P2 Fan] layer_id=305 >= after_layers(0), speed=0
[warning]	2026-08-21 22:06:13.421930[Thread 0x00007f22c6be56c0]:[P2 Fan Config] before_layers=0, after_layers=0, before_speed=0, after_speed=0
[warning]	2026-08-21 22:06:13.421985[Thread 0x00007f22c6be56c0]:[P2 Fan] layer_id=306 >= after_layers(0), speed=0
[warning]	2026-08-21 22:06:13.425667[Thread 0x00007f22b9fe86c0]:[P2 Fan Config] before_layers=0, after_layers=0, before_speed=0, after_speed=0
[warning]	2026-08-21 22:06:13.425729[Thread 0x00007f22b9fe86c0]:[P2 Fan] layer_id=307 >= after_layers(0), speed=0
[warning]	2026-08-21 22:06:13.428297[Thread 0x00007f22c6be56c0]:[P2 Fan Config] before_layers=0, after_layers=0, before_speed=0, after_speed=0
[warning]	2026-08-21 22:06:13.428330[Thread 0x00007f22c6be56c0]:[P2 Fan] layer_id=308 >= after_layers(0), speed=0
[warning]	2026-08-21 22:06:13.430588[Thread 0x00007f22b9fe86c0]:[P2 Fan Config] before_layers=0, after_layers=0, before_speed=0, after_speed=0
[warning]	2026-08-21 22:06:13.430617[Thread 0x00007f22b9fe86c0]:[P2 Fan] layer_id=309 >= after_layers(0), speed=0
[warning]	2026-08-21 22:06:13.432799[Thread 0x00007f22c43fe6c0]:[P2 Fan Config] before_layers=0, after_layers=0, before_speed=0, after_speed=0
[warning]	2026-08-21 22:06:13.432815[Thread 0x00007f22c43fe6c0]:[P2 Fan] layer_id=310 >= after_layers(0), speed=0
[warning]	2026-08-21 22:06:13.434201[Thread 0x00007f22b9fe86c0]:[P2 Fan Config] before_layers=0, after_layers=0, before_speed=0, after_speed=0
[warning]	2026-08-21 22:06:13.434212[Thread 0x00007f22b9fe86c0]:[P2 Fan] layer_id=311 >= after_layers(0), speed=0
[warning]	2026-08-21 22:06:13.435597[Thread 0x00007f22c6be56c0]:[P2 Fan Config] before_layers=0, after_layers=0, before_speed=0, after_speed=0
[warning]	2026-08-21 22:06:13.435608[Thread 0x00007f22c6be56c0]:[P2 Fan] layer_id=312 >= after_layers(0), speed=0
[warning]	2026-08-21 22:06:13.436946[Thread 0x00007f22b9fe86c0]:[P2 Fan Config] before_layers=0, after_layers=0, before_speed=0, after_speed=0
[warning]	2026-08-21 22:06:13.436956[Thread 0x00007f22b9fe86c0]:[P2 Fan] layer_id=313 >= after_layers(0), speed=0
[warning]	2026-08-21 22:06:13.437963[Thread 0x00007f22c6be56c0]:[P2 Fan Config] before_layers=0, after_layers=0, before_speed=0, after_speed=0
[warning]	2026-08-21 22:06:13.437974[Thread 0x00007f22c6be56c0]:[P2 Fan] layer_id=314 >= after_layers(0), speed=0
[warning]	2026-08-21 22:06:13.438978[Thread 0x00007f22b9fe86c0]:[P2 Fan Config] before_layers=0, after_layers=0, before_speed=0, after_speed=0
[warning]	2026-08-21 22:06:13.438990[Thread 0x00007f22b9fe86c0]:[P2 Fan] layer_id=315 >= after_layers(0), speed=0
[warning]	2026-08-21 22:06:13.440019[Thread 0x00007f22c6be56c0]:[P2 Fan Config] before_layers=0, after_layers=0, before_speed=0, after_speed=0
[warning]	2026-08-21 22:06:13.440030[Thread 0x00007f22c6be56c0]:[P2 Fan] layer_id=316 >= after_layers(0), speed=0
[warning]	2026-08-21 22:06:13.441031[Thread 0x00007f22b9fe86c0]:[P2 Fan Config] before_layers=0, after_layers=0, before_speed=0, after_speed=0
[warning]	2026-08-21 22:06:13.441042[Thread 0x00007f22b9fe86c0]:[P2 Fan] layer_id=317 >= after_layers(0), speed=0
[warning]	2026-08-21 22:06:13.443395[Thread 0x00007f22c47ff6c0]:[P2 Fan Config] before_layers=0, after_layers=0, before_speed=0, after_speed=0
[warning]	2026-08-21 22:06:13.443407[Thread 0x00007f22c47ff6c0]:[P2 Fan] layer_id=318 >= after_layers(0), speed=0
[warning]	2026-08-21 22:06:13.448370[Thread 0x00007f22c3bfc6c0]:[P2 Fan Config] before_layers=0, after_layers=0, before_speed=0, after_speed=0
[warning]	2026-08-21 22:06:13.448394[Thread 0x00007f22c3bfc6c0]:[P2 Fan] layer_id=319 >= after_layers(0), speed=0
[error]	2026-08-21 22:06:58.405924[Thread 0x00007f2358694fc0]:tree_sel_change_delayedcan not find page with current selection 
[error]	2026-08-21 22:07:16.017925[Thread 0x00007f2358694fc0]:tree_sel_change_delayedcan not find page with current selection 
[warning]	2026-08-21 22:07:49.250615[Thread 0x00007f22b9fe86c0]:SupportSpotsGenerator does not currently handle different materials properly, only first will be used
[warning]	2026-08-21 22:07:51.392231[Thread 0x00007f22b9fe86c0]:[P2 Fan Config] before_layers=0, after_layers=0, before_speed=0, after_speed=0
[warning]	2026-08-21 22:07:51.392263[Thread 0x00007f22b9fe86c0]:[P2 Fan] layer_id=0 <= before_layers(0), speed=0
[warning]	2026-08-21 22:07:51.406934[Thread 0x00007f22c3bfc6c0]:[P2 Fan Config] before_layers=0, after_layers=0, before_speed=0, after_speed=0
[warning]	2026-08-21 22:07:51.406965[Thread 0x00007f22c3bfc6c0]:[P2 Fan] layer_id=1 >= after_layers(0), speed=0
[warning]	2026-08-21 22:07:51.409887[Thread 0x00007f22c43fe6c0]:[P2 Fan Config] before_layers=0, after_layers=0, before_speed=0, after_speed=0
[warning]	2026-08-21 22:07:51.409940[Thread 0x00007f22c43fe6c0]:[P2 Fan] layer_id=2 >= after_layers(0), speed=0
[warning]	2026-08-21 22:07:51.413059[Thread 0x00007f22c73e66c0]:[P2 Fan Config] before_layers=0, after_layers=0, before_speed=0, after_speed=0
[warning]	2026-08-21 22:07:51.413131[Thread 0x00007f22c73e66c0]:[P2 Fan] layer_id=3 >= after_layers(0), speed=0
[warning]	2026-08-21 22:07:51.418086[Thread 0x00007f22b9fe86c0]:[P2 Fan Config] before_layers=0, after_layers=0, before_speed=0, after_speed=0
[warning]	2026-08-21 22:07:51.418112[Thread 0x00007f22b9fe86c0]:[P2 Fan] layer_id=4 >= after_layers(0), speed=0
[warning]	2026-08-21 22:07:51.422019[Thread 0x00007f22c73e66c0]:[P2 Fan Config] before_layers=0, after_layers=0, before_speed=0, after_speed=0
[warning]	2026-08-21 22:07:51.422057[Thread 0x00007f22c73e66c0]:[P2 Fan] layer_id=5 >= after_layers(0), speed=0
[warning]	2026-08-21 22:07:51.461196[Thread 0x00007f22b9fe86c0]:[P2 Fan Config] before_layers=0, after_layers=0, before_speed=0, after_speed=0
[warning]	2026-08-21 22:07:51.461209[Thread 0x00007f22b9fe86c0]:[P2 Fan] layer_id=6 >= after_layers(0), speed=0
[warning]	2026-08-21 22:07:51.465020[Thread 0x00007f22c47ff6c0]:[P2 Fan Config] before_layers=0, after_layers=0, before_speed=0, after_speed=0
[warning]	2026-08-21 22:07:51.465033[Thread 0x00007f22c47ff6c0]:[P2 Fan] layer_id=7 >= after_layers(0), speed=0
[warning]	2026-08-21 22:07:51.467377[Thread 0x00007f22c73e66c0]:[P2 Fan Config] before_layers=0, after_layers=0, before_speed=0, after_speed=0
[warning]	2026-08-21 22:07:51.467387[Thread 0x00007f22c73e66c0]:[P2 Fan] layer_id=8 >= after_layers(0), speed=0
[warning]	2026-08-21 22:07:51.471584[Thread 0x00007f22c47ff6c0]:[P2 Fan Config] before_layers=0, after_layers=0, before_speed=0, after_speed=0
[warning]	2026-08-21 22:07:51.471594[Thread 0x00007f22c47ff6c0]:[P2 Fan] layer_id=9 >= after_layers(0), speed=0
[warning]	2026-08-21 22:07:51.474055[Thread 0x00007f22c3ffd6c0]:[P2 Fan Config] before_layers=0, after_layers=0, before_speed=0, after_speed=0
[warning]	2026-08-21 22:07:51.474064[Thread 0x00007f22c3ffd6c0]:[P2 Fan] layer_id=10 >= after_layers(0), speed=0
[warning]	2026-08-21 22:07:51.594113[Thread 0x00007f22c3bfc6c0]:[P2 Fan Config] before_layers=0, after_layers=0, before_speed=0, after_speed=0
[warning]	2026-08-21 22:07:51.594127[Thread 0x00007f22c3bfc6c0]:[P2 Fan] layer_id=11 >= after_layers(0), speed=0
[warning]	2026-08-21 22:07:51.656331[Thread 0x00007f22b9fe86c0]:[P2 Fan Config] before_layers=0, after_layers=0, before_speed=0, after_speed=0
[warning]	2026-08-21 22:07:51.656403[Thread 0x00007f22b9fe86c0]:[P2 Fan] layer_id=12 >= after_layers(0), speed=0
[warning]	2026-08-21 22:07:51.662146[Thread 0x00007f22c43fe6c0]:[P2 Fan Config] before_layers=0, after_layers=0, before_speed=0, after_speed=0
[warning]	2026-08-21 22:07:51.662179[Thread 0x00007f22c43fe6c0]:[P2 Fan] layer_id=13 >= after_layers(0), speed=0
[warning]	2026-08-21 22:07:51.663554[Thread 0x00007f22c43fe6c0]:[P2 Fan Config] before_layers=0, after_layers=0, before_speed=0, after_speed=0
[warning]	2026-08-21 22:07:51.663565[Thread 0x00007f22c43fe6c0]:[P2 Fan] layer_id=14 >= after_layers(0), speed=0
[warning]	2026-08-21 22:07:51.664711[Thread 0x00007f22c43fe6c0]:[P2 Fan Config] before_layers=0, after_layers=0, before_speed=0, after_speed=0
[warning]	2026-08-21 22:07:51.664717[Thread 0x00007f22c43fe6c0]:[P2 Fan] layer_id=15 >= after_layers(0), speed=0
[warning]	2026-08-21 22:07:51.665790[Thread 0x00007f22c43fe6c0]:[P2 Fan Config] before_layers=0, after_layers=0, before_speed=0, after_speed=0
[warning]	2026-08-21 22:07:51.665795[Thread 0x00007f22c43fe6c0]:[P2 Fan] layer_id=16 >= after_layers(0), speed=0
[warning]	2026-08-21 22:07:51.666840[Thread 0x00007f22c43fe6c0]:[P2 Fan Config] before_layers=0, after_layers=0, before_speed=0, after_speed=0
[warning]	2026-08-21 22:07:51.666846[Thread 0x00007f22c43fe6c0]:[P2 Fan] layer_id=17 >= after_layers(0), speed=0
[warning]	2026-08-21 22:07:51.668095[Thread 0x00007f22c67e46c0]:[P2 Fan Config] before_layers=0, after_layers=0, before_speed=0, after_speed=0
[warning]	2026-08-21 22:07:51.668105[Thread 0x00007f22c67e46c0]:[P2 Fan] layer_id=18 >= after_layers(0), speed=0
[warning]	2026-08-21 22:07:51.669642[Thread 0x00007f22c3ffd6c0]:[P2 Fan Config] before_layers=0, after_layers=0, before_speed=0, after_speed=0
[warning]	2026-08-21 22:07:51.669653[Thread 0x00007f22c3ffd6c0]:[P2 Fan] layer_id=19 >= after_layers(0), speed=0
[warning]	2026-08-21 22:07:51.670619[Thread 0x00007f22c67e46c0]:[P2 Fan Config] before_layers=0, after_layers=0, before_speed=0, after_speed=0
[warning]	2026-08-21 22:07:51.670628[Thread 0x00007f22c67e46c0]:[P2 Fan] layer_id=20 >= after_layers(0), speed=0
[warning]	2026-08-21 22:07:51.672376[Thread 0x00007f22c3ffd6c0]:[P2 Fan Config] before_layers=0, after_layers=0, before_speed=0, after_speed=0
[warning]	2026-08-21 22:07:51.672383[Thread 0x00007f22c3ffd6c0]:[P2 Fan] layer_id=21 >= after_layers(0), speed=0
[warning]	2026-08-21 22:07:51.673354[Thread 0x00007f22c47ff6c0]:[P2 Fan Config] before_layers=0, after_layers=0, before_speed=0, after_speed=0
[warning]	2026-08-21 22:07:51.673364[Thread 0x00007f22c47ff6c0]:[P2 Fan] layer_id=22 >= after_layers(0), speed=0
[warning]	2026-08-21 22:07:51.674251[Thread 0x00007f22c6be56c0]:[P2 Fan Config] before_layers=0, after_layers=0, before_speed=0, after_speed=0
[warning]	2026-08-21 22:07:51.674260[Thread 0x00007f22c6be56c0]:[P2 Fan] layer_id=23 >= after_layers(0), speed=0
[warning]	2026-08-21 22:07:51.701807[Thread 0x00007f22b9fe86c0]:[P2 Fan Config] before_layers=0, after_layers=0, before_speed=0, after_speed=0
[warning]	2026-08-21 22:07:51.701823[Thread 0x00007f22b9fe86c0]:[P2 Fan] layer_id=24 >= after_layers(0), speed=0
[warning]	2026-08-21 22:07:51.704449[Thread 0x00007f22c43fe6c0]:[P2 Fan Config] before_layers=0, after_layers=0, before_speed=0, after_speed=0
[warning]	2026-08-21 22:07:51.704462[Thread 0x00007f22c43fe6c0]:[P2 Fan] layer_id=25 >= after_layers(0), speed=0
[warning]	2026-08-21 22:07:51.707512[Thread 0x00007f22b9fe86c0]:[P2 Fan Config] before_layers=0, after_layers=0, before_speed=0, after_speed=0
[warning]	2026-08-21 22:07:51.707526[Thread 0x00007f22b9fe86c0]:[P2 Fan] layer_id=26 >= after_layers(0), speed=0
[warning]	2026-08-21 22:07:51.710853[Thread 0x00007f22c3ffd6c0]:[P2 Fan Config] before_layers=0, after_layers=0, before_speed=0, after_speed=0
[warning]	2026-08-21 22:07:51.710864[Thread 0x00007f22c3ffd6c0]:[P2 Fan] layer_id=27 >= after_layers(0), speed=0
[warning]	2026-08-21 22:07:51.713391[Thread 0x00007f22c6be56c0]:[P2 Fan Config] before_layers=0, after_layers=0, before_speed=0, after_speed=0
[warning]	2026-08-21 22:07:51.713406[Thread 0x00007f22c6be56c0]:[P2 Fan] layer_id=28 >= after_layers(0), speed=0
[warning]	2026-08-21 22:07:51.716956[Thread 0x00007f22b9fe86c0]:[P2 Fan Config] before_layers=0, after_layers=0, before_speed=0, after_speed=0
[warning]	2026-08-21 22:07:51.716973[Thread 0x00007f22b9fe86c0]:[P2 Fan] layer_id=29 >= after_layers(0), speed=0
[warning]	2026-08-21 22:07:51.723895[Thread 0x00007f22c3ffd6c0]:[P2 Fan Config] before_layers=0, after_layers=0, before_speed=0, after_speed=0
[warning]	2026-08-21 22:07:51.724014[Thread 0x00007f22c3ffd6c0]:[P2 Fan] layer_id=30 >= after_layers(0), speed=0
[warning]	2026-08-21 22:07:51.728721[Thread 0x00007f22b9fe86c0]:[P2 Fan Config] before_layers=0, after_layers=0, before_speed=0, after_speed=0
[warning]	2026-08-21 22:07:51.728749[Thread 0x00007f22b9fe86c0]:[P2 Fan] layer_id=31 >= after_layers(0), speed=0
[warning]	2026-08-21 22:07:51.731838[Thread 0x00007f22c73e66c0]:[P2 Fan Config] before_layers=0, after_layers=0, before_speed=0, after_speed=0
[warning]	2026-08-21 22:07:51.731857[Thread 0x00007f22c73e66c0]:[P2 Fan] layer_id=32 >= after_layers(0), speed=0
[warning]	2026-08-21 22:07:51.734809[Thread 0x00007f22c43fe6c0]:[P2 Fan Config] before_layers=0, after_layers=0, before_speed=0, after_speed=0
[warning]	2026-08-21 22:07:51.734824[Thread 0x00007f22c43fe6c0]:[P2 Fan] layer_id=33 >= after_layers(0), speed=0
[warning]	2026-08-21 22:07:51.737678[Thread 0x00007f22c67e46c0]:[P2 Fan Config] before_layers=0, after_layers=0, before_speed=0, after_speed=0
[warning]	2026-08-21 22:07:51.737692[Thread 0x00007f22c67e46c0]:[P2 Fan] layer_id=34 >= after_layers(0), speed=0
[warning]	2026-08-21 22:07:51.740405[Thread 0x00007f22c3bfc6c0]:[P2 Fan Config] before_layers=0, after_layers=0, before_speed=0, after_speed=0
[warning]	2026-08-21 22:07:51.740420[Thread 0x00007f22c3bfc6c0]:[P2 Fan] layer_id=35 >= after_layers(0), speed=0
[warning]	2026-08-21 22:07:51.743158[Thread 0x00007f22b9fe86c0]:[P2 Fan Config] before_layers=0, after_layers=0, before_speed=0, after_speed=0
[warning]	2026-08-21 22:07:51.743173[Thread 0x00007f22b9fe86c0]:[P2 Fan] layer_id=36 >= after_layers(0), speed=0
[warning]	2026-08-21 22:07:51.747102[Thread 0x00007f22c47ff6c0]:[P2 Fan Config] before_layers=0, after_layers=0, before_speed=0, after_speed=0
[warning]	2026-08-21 22:07:51.747122[Thread 0x00007f22c47ff6c0]:[P2 Fan] layer_id=37 >= after_layers(0), speed=0
[warning]	2026-08-21 22:07:51.750811[Thread 0x00007f22c3bfc6c0]:[P2 Fan Config] before_layers=0, after_layers=0, before_speed=0, after_speed=0
[warning]	2026-08-21 22:07:51.750834[Thread 0x00007f22c3bfc6c0]:[P2 Fan] layer_id=38 >= after_layers(0), speed=0
[warning]	2026-08-21 22:07:51.756438[Thread 0x00007f22b9fe86c0]:[P2 Fan Config] before_layers=0, after_layers=0, before_speed=0, after_speed=0
[warning]	2026-08-21 22:07:51.756507[Thread 0x00007f22b9fe86c0]:[P2 Fan] layer_id=39 >= after_layers(0), speed=0
[warning]	2026-08-21 22:07:51.763490[Thread 0x00007f22c3bfc6c0]:[P2 Fan Config] before_layers=0, after_layers=0, before_speed=0, after_speed=0
[warning]	2026-08-21 22:07:51.763522[Thread 0x00007f22c3bfc6c0]:[P2 Fan] layer_id=40 >= after_layers(0), speed=0
[warning]	2026-08-21 22:07:51.768118[Thread 0x00007f22c67e46c0]:[P2 Fan Config] before_layers=0, after_layers=0, before_speed=0, after_speed=0
[warning]	2026-08-21 22:07:51.768138[Thread 0x00007f22c67e46c0]:[P2 Fan] layer_id=41 >= after_layers(0), speed=0
[warning]	2026-08-21 22:07:51.770953[Thread 0x00007f22b9fe86c0]:[P2 Fan Config] before_layers=0, after_layers=0, before_speed=0, after_speed=0
[warning]	2026-08-21 22:07:51.770967[Thread 0x00007f22b9fe86c0]:[P2 Fan] layer_id=42 >= after_layers(0), speed=0
[warning]	2026-08-21 22:07:51.773740[Thread 0x00007f22c43fe6c0]:[P2 Fan Config] before_layers=0, after_layers=0, before_speed=0, after_speed=0
[warning]	2026-08-21 22:07:51.773754[Thread 0x00007f22c43fe6c0]:[P2 Fan] layer_id=43 >= after_layers(0), speed=0
[warning]	2026-08-21 22:07:51.776493[Thread 0x00007f22b9fe86c0]:[P2 Fan Config] before_layers=0, after_layers=0, before_speed=0, after_speed=0
[warning]	2026-08-21 22:07:51.776506[Thread 0x00007f22b9fe86c0]:[P2 Fan] layer_id=44 >= after_layers(0), speed=0
[warning]	2026-08-21 22:07:51.779876[Thread 0x00007f22c3ffd6c0]:[P2 Fan Config] before_layers=0, after_layers=0, before_speed=0, after_speed=0
[warning]	2026-08-21 22:07:51.779892[Thread 0x00007f22c3ffd6c0]:[P2 Fan] layer_id=45 >= after_layers(0), speed=0
[warning]	2026-08-21 22:07:51.782816[Thread 0x00007f22c73e66c0]:[P2 Fan Config] before_layers=0, after_layers=0, before_speed=0, after_speed=0
[warning]	2026-08-21 22:07:51.782834[Thread 0x00007f22c73e66c0]:[P2 Fan] layer_id=46 >= after_layers(0), speed=0
[warning]	2026-08-21 22:07:51.788593[Thread 0x00007f22b9fe86c0]:[P2 Fan Config] before_layers=0, after_layers=0, before_speed=0, after_speed=0
[warning]	2026-08-21 22:07:51.788686[Thread 0x00007f22b9fe86c0]:[P2 Fan] layer_id=47 >= after_layers(0), speed=0
[warning]	2026-08-21 22:07:51.794227[Thread 0x00007f22c73e66c0]:[P2 Fan Config] before_layers=0, after_layers=0, before_speed=0, after_speed=0
[warning]	2026-08-21 22:07:51.794259[Thread 0x00007f22c73e66c0]:[P2 Fan] layer_id=48 >= after_layers(0), speed=0
[warning]	2026-08-21 22:07:51.797806[Thread 0x00007f22b9fe86c0]:[P2 Fan Config] before_layers=0, after_layers=0, before_speed=0, after_speed=0
[warning]	2026-08-21 22:07:51.797825[Thread 0x00007f22b9fe86c0]:[P2 Fan] layer_id=49 >= after_layers(0), speed=0
[warning]	2026-08-21 22:07:51.800898[Thread 0x00007f22c3bfc6c0]:[P2 Fan Config] before_layers=0, after_layers=0, before_speed=0, after_speed=0
[warning]	2026-08-21 22:07:51.800913[Thread 0x00007f22c3bfc6c0]:[P2 Fan] layer_id=50 >= after_layers(0), speed=0
[warning]	2026-08-21 22:07:51.804790[Thread 0x00007f22c3ffd6c0]:[P2 Fan Config] before_layers=0, after_layers=0, before_speed=0, after_speed=0
[warning]	2026-08-21 22:07:51.804808[Thread 0x00007f22c3ffd6c0]:[P2 Fan] layer_id=51 >= after_layers(0), speed=0
[warning]	2026-08-21 22:07:51.808657[Thread 0x00007f22c73e66c0]:[P2 Fan Config] before_layers=0, after_layers=0, before_speed=0, after_speed=0
[warning]	2026-08-21 22:07:51.808672[Thread 0x00007f22c73e66c0]:[P2 Fan] layer_id=52 >= after_layers(0), speed=0
[warning]	2026-08-21 22:07:51.811100[Thread 0x00007f22b9fe86c0]:[P2 Fan Config] before_layers=0, after_layers=0, before_speed=0, after_speed=0
[warning]	2026-08-21 22:07:51.811115[Thread 0x00007f22b9fe86c0]:[P2 Fan] layer_id=53 >= after_layers(0), speed=0
[warning]	2026-08-21 22:07:51.814369[Thread 0x00007f22c3ffd6c0]:[P2 Fan Config] before_layers=0, after_layers=0, before_speed=0, after_speed=0
[warning]	2026-08-21 22:07:51.814385[Thread 0x00007f22c3ffd6c0]:[P2 Fan] layer_id=54 >= after_layers(0), speed=0
[warning]	2026-08-21 22:07:51.819366[Thread 0x00007f22b9fe86c0]:[P2 Fan Config] before_layers=0, after_layers=0, before_speed=0, after_speed=0
[warning]	2026-08-21 22:07:51.819408[Thread 0x00007f22b9fe86c0]:[P2 Fan] layer_id=55 >= after_layers(0), speed=0
[warning]	2026-08-21 22:07:51.826663[Thread 0x00007f22c43fe6c0]:[P2 Fan Config] before_layers=0, after_layers=0, before_speed=0, after_speed=0
[warning]	2026-08-21 22:07:51.826697[Thread 0x00007f22c43fe6c0]:[P2 Fan] layer_id=56 >= after_layers(0), speed=0
[warning]	2026-08-21 22:07:51.830652[Thread 0x00007f22b9fe86c0]:[P2 Fan Config] before_layers=0, after_layers=0, before_speed=0, after_speed=0
[warning]	2026-08-21 22:07:51.830668[Thread 0x00007f22b9fe86c0]:[P2 Fan] layer_id=57 >= after_layers(0), speed=0
[warning]	2026-08-21 22:07:51.833753[Thread 0x00007f22c3bfc6c0]:[P2 Fan Config] before_layers=0, after_layers=0, before_speed=0, after_speed=0
[warning]	2026-08-21 22:07:51.833764[Thread 0x00007f22c3bfc6c0]:[P2 Fan] layer_id=58 >= after_layers(0), speed=0
[warning]	2026-08-21 22:07:51.836359[Thread 0x00007f22b9fe86c0]:[P2 Fan Config] before_layers=0, after_layers=0, before_speed=0, after_speed=0
[warning]	2026-08-21 22:07:51.836368[Thread 0x00007f22b9fe86c0]:[P2 Fan] layer_id=59 >= after_layers(0), speed=0
[warning]	2026-08-21 22:07:51.839007[Thread 0x00007f22c6be56c0]:[P2 Fan Config] before_layers=0, after_layers=0, before_speed=0, after_speed=0
[warning]	2026-08-21 22:07:51.839016[Thread 0x00007f22c6be56c0]:[P2 Fan] layer_id=60 >= after_layers(0), speed=0
[warning]	2026-08-21 22:07:51.841720[Thread 0x00007f22b9fe86c0]:[P2 Fan Config] before_layers=0, after_layers=0, before_speed=0, after_speed=0
[warning]	2026-08-21 22:07:51.841728[Thread 0x00007f22b9fe86c0]:[P2 Fan] layer_id=61 >= after_layers(0), speed=0
[warning]	2026-08-21 22:07:51.844273[Thread 0x00007f22c3bfc6c0]:[P2 Fan Config] before_layers=0, after_layers=0, before_speed=0, after_speed=0
[warning]	2026-08-21 22:07:51.844313[Thread 0x00007f22c3bfc6c0]:[P2 Fan] layer_id=62 >= after_layers(0), speed=0
[warning]	2026-08-21 22:07:51.847016[Thread 0x00007f22b9fe86c0]:[P2 Fan Config] before_layers=0, after_layers=0, before_speed=0, after_speed=0
[warning]	2026-08-21 22:07:51.847033[Thread 0x00007f22b9fe86c0]:[P2 Fan] layer_id=63 >= after_layers(0), speed=0
[warning]	2026-08-21 22:07:51.852904[Thread 0x00007f22c73e66c0]:[P2 Fan Config] before_layers=0, after_layers=0, before_speed=0, after_speed=0
[warning]	2026-08-21 22:07:51.852946[Thread 0x00007f22c73e66c0]:[P2 Fan] layer_id=64 >= after_layers(0), speed=0
[warning]	2026-08-21 22:07:51.858550[Thread 0x00007f22c3ffd6c0]:[P2 Fan Config] before_layers=0, after_layers=0, before_speed=0, after_speed=0
[warning]	2026-08-21 22:07:51.858578[Thread 0x00007f22c3ffd6c0]:[P2 Fan] layer_id=65 >= after_layers(0), speed=0
[warning]	2026-08-21 22:07:51.864777[Thread 0x00007f22c73e66c0]:[P2 Fan Config] before_layers=0, after_layers=0, before_speed=0, after_speed=0
[warning]	2026-08-21 22:07:51.864808[Thread 0x00007f22c73e66c0]:[P2 Fan] layer_id=66 >= after_layers(0), speed=0
[warning]	2026-08-21 22:07:51.868633[Thread 0x00007f22b9fe86c0]:[P2 Fan Config] before_layers=0, after_layers=0, before_speed=0, after_speed=0
[warning]	2026-08-21 22:07:51.868643[Thread 0x00007f22b9fe86c0]:[P2 Fan] layer_id=67 >= after_layers(0), speed=0
[warning]	2026-08-21 22:07:51.871471[Thread 0x00007f22c3ffd6c0]:[P2 Fan Config] before_layers=0, after_layers=0, before_speed=0, after_speed=0
[warning]	2026-08-21 22:07:51.871481[Thread 0x00007f22c3ffd6c0]:[P2 Fan] layer_id=68 >= after_layers(0), speed=0
[warning]	2026-08-21 22:07:51.874591[Thread 0x00007f22b9fe86c0]:[P2 Fan Config] before_layers=0, after_layers=0, before_speed=0, after_speed=0
[warning]	2026-08-21 22:07:51.874600[Thread 0x00007f22b9fe86c0]:[P2 Fan] layer_id=69 >= after_layers(0), speed=0
[warning]	2026-08-21 22:07:51.878523[Thread 0x00007f22c47ff6c0]:[P2 Fan Config] before_layers=0, after_layers=0, before_speed=0, after_speed=0
[warning]	2026-08-21 22:07:51.878535[Thread 0x00007f22c47ff6c0]:[P2 Fan] layer_id=70 >= after_layers(0), speed=0
[warning]	2026-08-21 22:07:51.884651[Thread 0x00007f22c3bfc6c0]:[P2 Fan Config] before_layers=0, after_layers=0, before_speed=0, after_speed=0
[warning]	2026-08-21 22:07:51.884703[Thread 0x00007f22c3bfc6c0]:[P2 Fan] layer_id=71 >= after_layers(0), speed=0
[warning]	2026-08-21 22:07:51.894646[Thread 0x00007f22c47ff6c0]:[P2 Fan Config] before_layers=0, after_layers=0, before_speed=0, after_speed=0
[warning]	2026-08-21 22:07:51.894676[Thread 0x00007f22c47ff6c0]:[P2 Fan] layer_id=72 >= after_layers(0), speed=0
[warning]	2026-08-21 22:07:51.900074[Thread 0x00007f22b9fe86c0]:[P2 Fan Config] before_layers=0, after_layers=0, before_speed=0, after_speed=0
[warning]	2026-08-21 22:07:51.900091[Thread 0x00007f22b9fe86c0]:[P2 Fan] layer_id=73 >= after_layers(0), speed=0
[warning]	2026-08-21 22:07:51.904554[Thread 0x00007f22c67e46c0]:[P2 Fan Config] before_layers=0, after_layers=0, before_speed=0, after_speed=0
[warning]	2026-08-21 22:07:51.904566[Thread 0x00007f22c67e46c0]:[P2 Fan] layer_id=74 >= after_layers(0), speed=0
[warning]	2026-08-21 22:07:51.917753[Thread 0x00007f22b9fe86c0]:[P2 Fan Config] before_layers=0, after_layers=0, before_speed=0, after_speed=0
[warning]	2026-08-21 22:07:51.917887[Thread 0x00007f22b9fe86c0]:[P2 Fan] layer_id=75 >= after_layers(0), speed=0
[warning]	2026-08-21 22:07:51.925162[Thread 0x00007f22c3ffd6c0]:[P2 Fan Config] before_layers=0, after_layers=0, before_speed=0, after_speed=0
[warning]	2026-08-21 22:07:51.925184[Thread 0x00007f22c3ffd6c0]:[P2 Fan] layer_id=76 >= after_layers(0), speed=0
[warning]	2026-08-21 22:07:51.933659[Thread 0x00007f22c6be56c0]:[P2 Fan Config] before_layers=0, after_layers=0, before_speed=0, after_speed=0
[warning]	2026-08-21 22:07:51.933675[Thread 0x00007f22c6be56c0]:[P2 Fan] layer_id=77 >= after_layers(0), speed=0
[warning]	2026-08-21 22:07:51.939678[Thread 0x00007f22c67e46c0]:[P2 Fan Config] before_layers=0, after_layers=0, before_speed=0, after_speed=0
[warning]	2026-08-21 22:07:51.939691[Thread 0x00007f22c67e46c0]:[P2 Fan] layer_id=78 >= after_layers(0), speed=0
[warning]	2026-08-21 22:07:51.957048[Thread 0x00007f22b9fe86c0]:[P2 Fan Config] before_layers=0, after_layers=0, before_speed=0, after_speed=0
[warning]	2026-08-21 22:07:51.957129[Thread 0x00007f22b9fe86c0]:[P2 Fan] layer_id=79 >= after_layers(0), speed=0
[warning]	2026-08-21 22:07:51.965907[Thread 0x00007f22c67e46c0]:[P2 Fan Config] before_layers=0, after_layers=0, before_speed=0, after_speed=0
[warning]	2026-08-21 22:07:51.965921[Thread 0x00007f22c67e46c0]:[P2 Fan] layer_id=80 >= after_layers(0), speed=0
[warning]	2026-08-21 22:07:51.969924[Thread 0x00007f22c3bfc6c0]:[P2 Fan Config] before_layers=0, after_layers=0, before_speed=0, after_speed=0
[warning]	2026-08-21 22:07:51.969933[Thread 0x00007f22c3bfc6c0]:[P2 Fan] layer_id=81 >= after_layers(0), speed=0
[warning]	2026-08-21 22:07:51.980471[Thread 0x00007f22b9fe86c0]:[P2 Fan Config] before_layers=0, after_layers=0, before_speed=0, after_speed=0
[warning]	2026-08-21 22:07:51.980496[Thread 0x00007f22b9fe86c0]:[P2 Fan] layer_id=82 >= after_layers(0), speed=0
[warning]	2026-08-21 22:07:51.983310[Thread 0x00007f22c47ff6c0]:[P2 Fan Config] before_layers=0, after_layers=0, before_speed=0, after_speed=0
[warning]	2026-08-21 22:07:51.983330[Thread 0x00007f22c47ff6c0]:[P2 Fan] layer_id=83 >= after_layers(0), speed=0
[warning]	2026-08-21 22:07:51.993389[Thread 0x00007f22c43fe6c0]:[P2 Fan Config] before_layers=0, after_layers=0, before_speed=0, after_speed=0
[warning]	2026-08-21 22:07:51.993430[Thread 0x00007f22c43fe6c0]:[P2 Fan] layer_id=84 >= after_layers(0), speed=0
[warning]	2026-08-21 22:07:52.005026[Thread 0x00007f22c6be56c0]:[P2 Fan Config] before_layers=0, after_layers=0, before_speed=0, after_speed=0
[warning]	2026-08-21 22:07:52.005045[Thread 0x00007f22c6be56c0]:[P2 Fan] layer_id=85 >= after_layers(0), speed=0
[warning]	2026-08-21 22:07:52.006484[Thread 0x00007f22c67e46c0]:[P2 Fan Config] before_layers=0, after_layers=0, before_speed=0, after_speed=0
[warning]	2026-08-21 22:07:52.006493[Thread 0x00007f22c67e46c0]:[P2 Fan] layer_id=86 >= after_layers(0), speed=0
[warning]	2026-08-21 22:07:52.009988[Thread 0x00007f22c73e66c0]:[P2 Fan Config] before_layers=0, after_layers=0, before_speed=0, after_speed=0
[warning]	2026-08-21 22:07:52.009999[Thread 0x00007f22c73e66c0]:[P2 Fan] layer_id=87 >= after_layers(0), speed=0
[warning]	2026-08-21 22:07:52.013099[Thread 0x00007f22c43fe6c0]:[P2 Fan Config] before_layers=0, after_layers=0, before_speed=0, after_speed=0
[warning]	2026-08-21 22:07:52.013120[Thread 0x00007f22c43fe6c0]:[P2 Fan] layer_id=88 >= after_layers(0), speed=0
[warning]	2026-08-21 22:07:52.017316[Thread 0x00007f22c73e66c0]:[P2 Fan Config] before_layers=0, after_layers=0, before_speed=0, after_speed=0
[warning]	2026-08-21 22:07:52.017334[Thread 0x00007f22c73e66c0]:[P2 Fan] layer_id=89 >= after_layers(0), speed=0
[warning]	2026-08-21 22:07:52.026137[Thread 0x00007f22b9fe86c0]:[P2 Fan Config] before_layers=0, after_layers=0, before_speed=0, after_speed=0
[warning]	2026-08-21 22:07:52.026165[Thread 0x00007f22b9fe86c0]:[P2 Fan] layer_id=90 >= after_layers(0), speed=0
[warning]	2026-08-21 22:07:52.032610[Thread 0x00007f22c3ffd6c0]:[P2 Fan Config] before_layers=0, after_layers=0, before_speed=0, after_speed=0
[warning]	2026-08-21 22:07:52.032626[Thread 0x00007f22c3ffd6c0]:[P2 Fan] layer_id=91 >= after_layers(0), speed=0
[warning]	2026-08-21 22:07:52.036281[Thread 0x00007f22b9fe86c0]:[P2 Fan Config] before_layers=0, after_layers=0, before_speed=0, after_speed=0
[warning]	2026-08-21 22:07:52.036294[Thread 0x00007f22b9fe86c0]:[P2 Fan] layer_id=92 >= after_layers(0), speed=0
[warning]	2026-08-21 22:07:52.040622[Thread 0x00007f22c6be56c0]:[P2 Fan Config] before_layers=0, after_layers=0, before_speed=0, after_speed=0
[warning]	2026-08-21 22:07:52.040635[Thread 0x00007f22c6be56c0]:[P2 Fan] layer_id=93 >= after_layers(0), speed=0
[warning]	2026-08-21 22:07:52.045243[Thread 0x00007f22b9fe86c0]:[P2 Fan Config] before_layers=0, after_layers=0, before_speed=0, after_speed=0
[warning]	2026-08-21 22:07:52.045295[Thread 0x00007f22b9fe86c0]:[P2 Fan] layer_id=94 >= after_layers(0), speed=0
[warning]	2026-08-21 22:07:52.054087[Thread 0x00007f22c47ff6c0]:[P2 Fan Config] before_layers=0, after_layers=0, before_speed=0, after_speed=0
[warning]	2026-08-21 22:07:52.054171[Thread 0x00007f22c47ff6c0]:[P2 Fan] layer_id=95 >= after_layers(0), speed=0
[warning]	2026-08-21 22:07:52.066102[Thread 0x00007f22b9fe86c0]:[P2 Fan Config] before_layers=0, after_layers=0, before_speed=0, after_speed=0
[warning]	2026-08-21 22:07:52.066121[Thread 0x00007f22b9fe86c0]:[P2 Fan] layer_id=96 >= after_layers(0), speed=0
[warning]	2026-08-21 22:07:52.072984[Thread 0x00007f22c47ff6c0]:[P2 Fan Config] before_layers=0, after_layers=0, before_speed=0, after_speed=0
[warning]	2026-08-21 22:07:52.072995[Thread 0x00007f22c47ff6c0]:[P2 Fan] layer_id=97 >= after_layers(0), speed=0
[warning]	2026-08-21 22:07:52.079035[Thread 0x00007f22b9fe86c0]:[P2 Fan Config] before_layers=0, after_layers=0, before_speed=0, after_speed=0
[warning]	2026-08-21 22:07:52.079046[Thread 0x00007f22b9fe86c0]:[P2 Fan] layer_id=98 >= after_layers(0), speed=0
[warning]	2026-08-21 22:07:52.090714[Thread 0x00007f22c47ff6c0]:[P2 Fan Config] before_layers=0, after_layers=0, before_speed=0, after_speed=0
[warning]	2026-08-21 22:07:52.090864[Thread 0x00007f22c47ff6c0]:[P2 Fan] layer_id=99 >= after_layers(0), speed=0
[warning]	2026-08-21 22:07:52.101338[Thread 0x00007f22b9fe86c0]:[P2 Fan Config] before_layers=0, after_layers=0, before_speed=0, after_speed=0
[warning]	2026-08-21 22:07:52.101355[Thread 0x00007f22b9fe86c0]:[P2 Fan] layer_id=100 >= after_layers(0), speed=0
[warning]	2026-08-21 22:07:52.106256[Thread 0x00007f22c47ff6c0]:[P2 Fan Config] before_layers=0, after_layers=0, before_speed=0, after_speed=0
[warning]	2026-08-21 22:07:52.106266[Thread 0x00007f22c47ff6c0]:[P2 Fan] layer_id=101 >= after_layers(0), speed=0
[warning]	2026-08-21 22:07:52.111643[Thread 0x00007f22b9fe86c0]:[P2 Fan Config] before_layers=0, after_layers=0, before_speed=0, after_speed=0
[warning]	2026-08-21 22:07:52.111655[Thread 0x00007f22b9fe86c0]:[P2 Fan] layer_id=102 >= after_layers(0), speed=0
[warning]	2026-08-21 22:07:52.119672[Thread 0x00007f22c3bfc6c0]:[P2 Fan Config] before_layers=0, after_layers=0, before_speed=0, after_speed=0
[warning]	2026-08-21 22:07:52.119832[Thread 0x00007f22c3bfc6c0]:[P2 Fan] layer_id=103 >= after_layers(0), speed=0
[warning]	2026-08-21 22:07:52.130705[Thread 0x00007f22b9fe86c0]:[P2 Fan Config] before_layers=0, after_layers=0, before_speed=0, after_speed=0
[warning]	2026-08-21 22:07:52.130723[Thread 0x00007f22b9fe86c0]:[P2 Fan] layer_id=104 >= after_layers(0), speed=0
[warning]	2026-08-21 22:07:52.134395[Thread 0x00007f22c73e66c0]:[P2 Fan Config] before_layers=0, after_layers=0, before_speed=0, after_speed=0
[warning]	2026-08-21 22:07:52.134405[Thread 0x00007f22c73e66c0]:[P2 Fan] layer_id=105 >= after_layers(0), speed=0
[warning]	2026-08-21 22:07:52.138772[Thread 0x00007f22b9fe86c0]:[P2 Fan Config] before_layers=0, after_layers=0, before_speed=0, after_speed=0
[warning]	2026-08-21 22:07:52.138793[Thread 0x00007f22b9fe86c0]:[P2 Fan] layer_id=106 >= after_layers(0), speed=0
[warning]	2026-08-21 22:07:52.141079[Thread 0x00007f22c73e66c0]:[P2 Fan Config] before_layers=0, after_layers=0, before_speed=0, after_speed=0
[warning]	2026-08-21 22:07:52.141089[Thread 0x00007f22c73e66c0]:[P2 Fan] layer_id=107 >= after_layers(0), speed=0
[warning]	2026-08-21 22:07:52.143709[Thread 0x00007f22c6be56c0]:[P2 Fan Config] before_layers=0, after_layers=0, before_speed=0, after_speed=0
[warning]	2026-08-21 22:07:52.143717[Thread 0x00007f22c6be56c0]:[P2 Fan] layer_id=108 >= after_layers(0), speed=0
[warning]	2026-08-21 22:07:52.146063[Thread 0x00007f22c3ffd6c0]:[P2 Fan Config] before_layers=0, after_layers=0, before_speed=0, after_speed=0
[warning]	2026-08-21 22:07:52.146080[Thread 0x00007f22c3ffd6c0]:[P2 Fan] layer_id=109 >= after_layers(0), speed=0
[warning]	2026-08-21 22:07:52.151110[Thread 0x00007f22c3bfc6c0]:[P2 Fan Config] before_layers=0, after_layers=0, before_speed=0, after_speed=0
[warning]	2026-08-21 22:07:52.151176[Thread 0x00007f22c3bfc6c0]:[P2 Fan] layer_id=110 >= after_layers(0), speed=0
[warning]	2026-08-21 22:07:52.160147[Thread 0x00007f22b9fe86c0]:[P2 Fan Config] before_layers=0, after_layers=0, before_speed=0, after_speed=0
[warning]	2026-08-21 22:07:52.160191[Thread 0x00007f22b9fe86c0]:[P2 Fan] layer_id=111 >= after_layers(0), speed=0
[warning]	2026-08-21 22:07:52.167527[Thread 0x00007f22c3bfc6c0]:[P2 Fan Config] before_layers=0, after_layers=0, before_speed=0, after_speed=0
[warning]	2026-08-21 22:07:52.167549[Thread 0x00007f22c3bfc6c0]:[P2 Fan] layer_id=112 >= after_layers(0), speed=0
[warning]	2026-08-21 22:07:52.174524[Thread 0x00007f22b9fe86c0]:[P2 Fan Config] before_layers=0, after_layers=0, before_speed=0, after_speed=0
[warning]	2026-08-21 22:07:52.174540[Thread 0x00007f22b9fe86c0]:[P2 Fan] layer_id=113 >= after_layers(0), speed=0
[warning]	2026-08-21 22:07:52.180443[Thread 0x00007f22c3bfc6c0]:[P2 Fan Config] before_layers=0, after_layers=0, before_speed=0, after_speed=0
[warning]	2026-08-21 22:07:52.180458[Thread 0x00007f22c3bfc6c0]:[P2 Fan] layer_id=114 >= after_layers(0), speed=0
[warning]	2026-08-21 22:07:52.189219[Thread 0x00007f22b9fe86c0]:[P2 Fan Config] before_layers=0, after_layers=0, before_speed=0, after_speed=0
[warning]	2026-08-21 22:07:52.189298[Thread 0x00007f22b9fe86c0]:[P2 Fan] layer_id=115 >= after_layers(0), speed=0
[warning]	2026-08-21 22:07:52.197436[Thread 0x00007f22c3bfc6c0]:[P2 Fan Config] before_layers=0, after_layers=0, before_speed=0, after_speed=0
[warning]	2026-08-21 22:07:52.197456[Thread 0x00007f22c3bfc6c0]:[P2 Fan] layer_id=116 >= after_layers(0), speed=0
[warning]	2026-08-21 22:07:52.203021[Thread 0x00007f22c6be56c0]:[P2 Fan Config] before_layers=0, after_layers=0, before_speed=0, after_speed=0
[warning]	2026-08-21 22:07:52.203032[Thread 0x00007f22c6be56c0]:[P2 Fan] layer_id=117 >= after_layers(0), speed=0
[warning]	2026-08-21 22:07:52.207490[Thread 0x00007f22c3bfc6c0]:[P2 Fan Config] before_layers=0, after_layers=0, before_speed=0, after_speed=0
[warning]	2026-08-21 22:07:52.207501[Thread 0x00007f22c3bfc6c0]:[P2 Fan] layer_id=118 >= after_layers(0), speed=0
[warning]	2026-08-21 22:07:52.211609[Thread 0x00007f22c73e66c0]:[P2 Fan Config] before_layers=0, after_layers=0, before_speed=0, after_speed=0
[warning]	2026-08-21 22:07:52.211619[Thread 0x00007f22c73e66c0]:[P2 Fan] layer_id=119 >= after_layers(0), speed=0
[warning]	2026-08-21 22:07:52.216088[Thread 0x00007f22c6be56c0]:[P2 Fan Config] before_layers=0, after_layers=0, before_speed=0, after_speed=0
[warning]	2026-08-21 22:07:52.216107[Thread 0x00007f22c6be56c0]:[P2 Fan] layer_id=120 >= after_layers(0), speed=0
[warning]	2026-08-21 22:07:52.228177[Thread 0x00007f22b9fe86c0]:[P2 Fan Config] before_layers=0, after_layers=0, before_speed=0, after_speed=0
[warning]	2026-08-21 22:07:52.228225[Thread 0x00007f22b9fe86c0]:[P2 Fan] layer_id=121 >= after_layers(0), speed=0
[warning]	2026-08-21 22:07:52.235390[Thread 0x00007f22c43fe6c0]:[P2 Fan Config] before_layers=0, after_layers=0, before_speed=0, after_speed=0
[warning]	2026-08-21 22:07:52.235411[Thread 0x00007f22c43fe6c0]:[P2 Fan] layer_id=122 >= after_layers(0), speed=0
[warning]	2026-08-21 22:07:52.241083[Thread 0x00007f22c3bfc6c0]:[P2 Fan Config] before_layers=0, after_layers=0, before_speed=0, after_speed=0
[warning]	2026-08-21 22:07:52.241096[Thread 0x00007f22c3bfc6c0]:[P2 Fan] layer_id=123 >= after_layers(0), speed=0
[warning]	2026-08-21 22:07:52.245838[Thread 0x00007f22c3ffd6c0]:[P2 Fan Config] before_layers=0, after_layers=0, before_speed=0, after_speed=0
[warning]	2026-08-21 22:07:52.245850[Thread 0x00007f22c3ffd6c0]:[P2 Fan] layer_id=124 >= after_layers(0), speed=0
[warning]	2026-08-21 22:07:52.252879[Thread 0x00007f22b9fe86c0]:[P2 Fan Config] before_layers=0, after_layers=0, before_speed=0, after_speed=0
[warning]	2026-08-21 22:07:52.252938[Thread 0x00007f22b9fe86c0]:[P2 Fan] layer_id=125 >= after_layers(0), speed=0
[warning]	2026-08-21 22:07:52.262474[Thread 0x00007f22c3bfc6c0]:[P2 Fan Config] before_layers=0, after_layers=0, before_speed=0, after_speed=0
[warning]	2026-08-21 22:07:52.262595[Thread 0x00007f22c3bfc6c0]:[P2 Fan] layer_id=126 >= after_layers(0), speed=0
[warning]	2026-08-21 22:07:52.267817[Thread 0x00007f22b9fe86c0]:[P2 Fan Config] before_layers=0, after_layers=0, before_speed=0, after_speed=0
[warning]	2026-08-21 22:07:52.267831[Thread 0x00007f22b9fe86c0]:[P2 Fan] layer_id=127 >= after_layers(0), speed=0
[warning]	2026-08-21 22:07:52.271978[Thread 0x00007f22c3bfc6c0]:[P2 Fan Config] before_layers=0, after_layers=0, before_speed=0, after_speed=0
[warning]	2026-08-21 22:07:52.271990[Thread 0x00007f22c3bfc6c0]:[P2 Fan] layer_id=128 >= after_layers(0), speed=0
[warning]	2026-08-21 22:07:52.276045[Thread 0x00007f22b9fe86c0]:[P2 Fan Config] before_layers=0, after_layers=0, before_speed=0, after_speed=0
[warning]	2026-08-21 22:07:52.276057[Thread 0x00007f22b9fe86c0]:[P2 Fan] layer_id=129 >= after_layers(0), speed=0
[warning]	2026-08-21 22:07:52.280618[Thread 0x00007f22c6be56c0]:[P2 Fan Config] before_layers=0, after_layers=0, before_speed=0, after_speed=0
[warning]	2026-08-21 22:07:52.280635[Thread 0x00007f22c6be56c0]:[P2 Fan] layer_id=130 >= after_layers(0), speed=0
[warning]	2026-08-21 22:07:52.285606[Thread 0x00007f22b9fe86c0]:[P2 Fan Config] before_layers=0, after_layers=0, before_speed=0, after_speed=0
[warning]	2026-08-21 22:07:52.285694[Thread 0x00007f22b9fe86c0]:[P2 Fan] layer_id=131 >= after_layers(0), speed=0
[warning]	2026-08-21 22:07:52.293210[Thread 0x00007f22c73e66c0]:[P2 Fan Config] before_layers=0, after_layers=0, before_speed=0, after_speed=0
[warning]	2026-08-21 22:07:52.293239[Thread 0x00007f22c73e66c0]:[P2 Fan] layer_id=132 >= after_layers(0), speed=0
[warning]	2026-08-21 22:07:52.298700[Thread 0x00007f22b9fe86c0]:[P2 Fan Config] before_layers=0, after_layers=0, before_speed=0, after_speed=0
[warning]	2026-08-21 22:07:52.298716[Thread 0x00007f22b9fe86c0]:[P2 Fan] layer_id=133 >= after_layers(0), speed=0
[warning]	2026-08-21 22:07:52.303307[Thread 0x00007f22c67e46c0]:[P2 Fan Config] before_layers=0, after_layers=0, before_speed=0, after_speed=0
[warning]	2026-08-21 22:07:52.303320[Thread 0x00007f22c67e46c0]:[P2 Fan] layer_id=134 >= after_layers(0), speed=0
[warning]	2026-08-21 22:07:52.307190[Thread 0x00007f22b9fe86c0]:[P2 Fan Config] before_layers=0, after_layers=0, before_speed=0, after_speed=0
[warning]	2026-08-21 22:07:52.307199[Thread 0x00007f22b9fe86c0]:[P2 Fan] layer_id=135 >= after_layers(0), speed=0
[warning]	2026-08-21 22:07:52.311242[Thread 0x00007f22c3bfc6c0]:[P2 Fan Config] before_layers=0, after_layers=0, before_speed=0, after_speed=0
[warning]	2026-08-21 22:07:52.311252[Thread 0x00007f22c3bfc6c0]:[P2 Fan] layer_id=136 >= after_layers(0), speed=0
[warning]	2026-08-21 22:07:52.316835[Thread 0x00007f22b9fe86c0]:[P2 Fan Config] before_layers=0, after_layers=0, before_speed=0, after_speed=0
[warning]	2026-08-21 22:07:52.316855[Thread 0x00007f22b9fe86c0]:[P2 Fan] layer_id=137 >= after_layers(0), speed=0
[warning]	2026-08-21 22:07:52.327179[Thread 0x00007f22c43fe6c0]:[P2 Fan Config] before_layers=0, after_layers=0, before_speed=0, after_speed=0
[warning]	2026-08-21 22:07:52.327223[Thread 0x00007f22c43fe6c0]:[P2 Fan] layer_id=138 >= after_layers(0), speed=0
[warning]	2026-08-21 22:07:52.335020[Thread 0x00007f22b9fe86c0]:[P2 Fan Config] before_layers=0, after_layers=0, before_speed=0, after_speed=0
[warning]	2026-08-21 22:07:52.335036[Thread 0x00007f22b9fe86c0]:[P2 Fan] layer_id=139 >= after_layers(0), speed=0
[warning]	2026-08-21 22:07:52.340054[Thread 0x00007f22c67e46c0]:[P2 Fan Config] before_layers=0, after_layers=0, before_speed=0, after_speed=0
[warning]	2026-08-21 22:07:52.340064[Thread 0x00007f22c67e46c0]:[P2 Fan] layer_id=140 >= after_layers(0), speed=0
[warning]	2026-08-21 22:07:52.344470[Thread 0x00007f22b9fe86c0]:[P2 Fan Config] before_layers=0, after_layers=0, before_speed=0, after_speed=0
[warning]	2026-08-21 22:07:52.344477[Thread 0x00007f22b9fe86c0]:[P2 Fan] layer_id=141 >= after_layers(0), speed=0
[warning]	2026-08-21 22:07:52.349372[Thread 0x00007f22c6be56c0]:[P2 Fan Config] before_layers=0, after_layers=0, before_speed=0, after_speed=0
[warning]	2026-08-21 22:07:52.349395[Thread 0x00007f22c6be56c0]:[P2 Fan] layer_id=142 >= after_layers(0), speed=0
[warning]	2026-08-21 22:07:52.362865[Thread 0x00007f22b9fe86c0]:[P2 Fan Config] before_layers=0, after_layers=0, before_speed=0, after_speed=0
[warning]	2026-08-21 22:07:52.362887[Thread 0x00007f22b9fe86c0]:[P2 Fan] layer_id=143 >= after_layers(0), speed=0
[warning]	2026-08-21 22:07:52.369073[Thread 0x00007f22c6be56c0]:[P2 Fan Config] before_layers=0, after_layers=0, before_speed=0, after_speed=0
[warning]	2026-08-21 22:07:52.369081[Thread 0x00007f22c6be56c0]:[P2 Fan] layer_id=144 >= after_layers(0), speed=0
[warning]	2026-08-21 22:07:52.372978[Thread 0x00007f22c73e66c0]:[P2 Fan Config] before_layers=0, after_layers=0, before_speed=0, after_speed=0
[warning]	2026-08-21 22:07:52.372987[Thread 0x00007f22c73e66c0]:[P2 Fan] layer_id=145 >= after_layers(0), speed=0
[warning]	2026-08-21 22:07:52.376864[Thread 0x00007f22c43fe6c0]:[P2 Fan Config] before_layers=0, after_layers=0, before_speed=0, after_speed=0
[warning]	2026-08-21 22:07:52.376872[Thread 0x00007f22c43fe6c0]:[P2 Fan] layer_id=146 >= after_layers(0), speed=0
[warning]	2026-08-21 22:07:52.380734[Thread 0x00007f22c6be56c0]:[P2 Fan Config] before_layers=0, after_layers=0, before_speed=0, after_speed=0
[warning]	2026-08-21 22:07:52.380764[Thread 0x00007f22c6be56c0]:[P2 Fan] layer_id=147 >= after_layers(0), speed=0
[warning]	2026-08-21 22:07:52.387317[Thread 0x00007f22b9fe86c0]:[P2 Fan Config] before_layers=0, after_layers=0, before_speed=0, after_speed=0
[warning]	2026-08-21 22:07:52.387393[Thread 0x00007f22b9fe86c0]:[P2 Fan] layer_id=148 >= after_layers(0), speed=0
[warning]	2026-08-21 22:07:52.396584[Thread 0x00007f22c3ffd6c0]:[P2 Fan Config] before_layers=0, after_layers=0, before_speed=0, after_speed=0
[warning]	2026-08-21 22:07:52.396605[Thread 0x00007f22c3ffd6c0]:[P2 Fan] layer_id=149 >= after_layers(0), speed=0
[warning]	2026-08-21 22:07:52.401533[Thread 0x00007f22b9fe86c0]:[P2 Fan Config] before_layers=0, after_layers=0, before_speed=0, after_speed=0
[warning]	2026-08-21 22:07:52.401546[Thread 0x00007f22b9fe86c0]:[P2 Fan] layer_id=150 >= after_layers(0), speed=0
[warning]	2026-08-21 22:07:52.405526[Thread 0x00007f22c3bfc6c0]:[P2 Fan Config] before_layers=0, after_layers=0, before_speed=0, after_speed=0
[warning]	2026-08-21 22:07:52.405538[Thread 0x00007f22c3bfc6c0]:[P2 Fan] layer_id=151 >= after_layers(0), speed=0
[warning]	2026-08-21 22:07:52.409514[Thread 0x00007f22b9fe86c0]:[P2 Fan Config] before_layers=0, after_layers=0, before_speed=0, after_speed=0
[warning]	2026-08-21 22:07:52.409525[Thread 0x00007f22b9fe86c0]:[P2 Fan] layer_id=152 >= after_layers(0), speed=0
[warning]	2026-08-21 22:07:52.413423[Thread 0x00007f22c67e46c0]:[P2 Fan Config] before_layers=0, after_layers=0, before_speed=0, after_speed=0
[warning]	2026-08-21 22:07:52.413443[Thread 0x00007f22c67e46c0]:[P2 Fan] layer_id=153 >= after_layers(0), speed=0
[warning]	2026-08-21 22:07:52.418421[Thread 0x00007f22c73e66c0]:[P2 Fan Config] before_layers=0, after_layers=0, before_speed=0, after_speed=0
[warning]	2026-08-21 22:07:52.418476[Thread 0x00007f22c73e66c0]:[P2 Fan] layer_id=154 >= after_layers(0), speed=0
[warning]	2026-08-21 22:07:52.428671[Thread 0x00007f22c3ffd6c0]:[P2 Fan Config] before_layers=0, after_layers=0, before_speed=0, after_speed=0
[warning]	2026-08-21 22:07:52.428711[Thread 0x00007f22c3ffd6c0]:[P2 Fan] layer_id=155 >= after_layers(0), speed=0
[warning]	2026-08-21 22:07:52.434230[Thread 0x00007f22b9fe86c0]:[P2 Fan Config] before_layers=0, after_layers=0, before_speed=0, after_speed=0
[warning]	2026-08-21 22:07:52.434250[Thread 0x00007f22b9fe86c0]:[P2 Fan] layer_id=156 >= after_layers(0), speed=0
[warning]	2026-08-21 22:07:52.441343[Thread 0x00007f22c47ff6c0]:[P2 Fan Config] before_layers=0, after_layers=0, before_speed=0, after_speed=0
[warning]	2026-08-21 22:07:52.441358[Thread 0x00007f22c47ff6c0]:[P2 Fan] layer_id=157 >= after_layers(0), speed=0
[warning]	2026-08-21 22:07:52.448666[Thread 0x00007f22b9fe86c0]:[P2 Fan Config] before_layers=0, after_layers=0, before_speed=0, after_speed=0
[warning]	2026-08-21 22:07:52.448770[Thread 0x00007f22b9fe86c0]:[P2 Fan] layer_id=158 >= after_layers(0), speed=0
[warning]	2026-08-21 22:07:52.460931[Thread 0x00007f22c47ff6c0]:[P2 Fan Config] before_layers=0, after_layers=0, before_speed=0, after_speed=0
[warning]	2026-08-21 22:07:52.460977[Thread 0x00007f22c47ff6c0]:[P2 Fan] layer_id=159 >= after_layers(0), speed=0
[warning]	2026-08-21 22:07:52.469674[Thread 0x00007f22b9fe86c0]:[P2 Fan Config] before_layers=0, after_layers=0, before_speed=0, after_speed=0
[warning]	2026-08-21 22:07:52.469691[Thread 0x00007f22b9fe86c0]:[P2 Fan] layer_id=160 >= after_layers(0), speed=0
[warning]	2026-08-21 22:07:52.475223[Thread 0x00007f22c47ff6c0]:[P2 Fan Config] before_layers=0, after_layers=0, before_speed=0, after_speed=0
[warning]	2026-08-21 22:07:52.475233[Thread 0x00007f22c47ff6c0]:[P2 Fan] layer_id=161 >= after_layers(0), speed=0
[warning]	2026-08-21 22:07:52.479239[Thread 0x00007f22b9fe86c0]:[P2 Fan Config] before_layers=0, after_layers=0, before_speed=0, after_speed=0
[warning]	2026-08-21 22:07:52.479247[Thread 0x00007f22b9fe86c0]:[P2 Fan] layer_id=162 >= after_layers(0), speed=0
[warning]	2026-08-21 22:07:52.483227[Thread 0x00007f22c43fe6c0]:[P2 Fan Config] before_layers=0, after_layers=0, before_speed=0, after_speed=0
[warning]	2026-08-21 22:07:52.483241[Thread 0x00007f22c43fe6c0]:[P2 Fan] layer_id=163 >= after_layers(0), speed=0
[warning]	2026-08-21 22:07:52.490032[Thread 0x00007f22b9fe86c0]:[P2 Fan Config] before_layers=0, after_layers=0, before_speed=0, after_speed=0
[warning]	2026-08-21 22:07:52.490071[Thread 0x00007f22b9fe86c0]:[P2 Fan] layer_id=164 >= after_layers(0), speed=0
[warning]	2026-08-21 22:07:52.499792[Thread 0x00007f22c47ff6c0]:[P2 Fan Config] before_layers=0, after_layers=0, before_speed=0, after_speed=0
[warning]	2026-08-21 22:07:52.499836[Thread 0x00007f22c47ff6c0]:[P2 Fan] layer_id=165 >= after_layers(0), speed=0
[warning]	2026-08-21 22:07:52.505337[Thread 0x00007f22b9fe86c0]:[P2 Fan Config] before_layers=0, after_layers=0, before_speed=0, after_speed=0
[warning]	2026-08-21 22:07:52.505348[Thread 0x00007f22b9fe86c0]:[P2 Fan] layer_id=166 >= after_layers(0), speed=0
[warning]	2026-08-21 22:07:52.509340[Thread 0x00007f22c73e66c0]:[P2 Fan Config] before_layers=0, after_layers=0, before_speed=0, after_speed=0
[warning]	2026-08-21 22:07:52.509349[Thread 0x00007f22c73e66c0]:[P2 Fan] layer_id=167 >= after_layers(0), speed=0
[warning]	2026-08-21 22:07:52.512601[Thread 0x00007f22b9fe86c0]:[P2 Fan Config] before_layers=0, after_layers=0, before_speed=0, after_speed=0
[warning]	2026-08-21 22:07:52.512609[Thread 0x00007f22b9fe86c0]:[P2 Fan] layer_id=168 >= after_layers(0), speed=0
[warning]	2026-08-21 22:07:52.515552[Thread 0x00007f22c3bfc6c0]:[P2 Fan Config] before_layers=0, after_layers=0, before_speed=0, after_speed=0
[warning]	2026-08-21 22:07:52.515560[Thread 0x00007f22c3bfc6c0]:[P2 Fan] layer_id=169 >= after_layers(0), speed=0
[warning]	2026-08-21 22:07:52.519277[Thread 0x00007f22b9fe86c0]:[P2 Fan Config] before_layers=0, after_layers=0, before_speed=0, after_speed=0
[warning]	2026-08-21 22:07:52.519296[Thread 0x00007f22b9fe86c0]:[P2 Fan] layer_id=170 >= after_layers(0), speed=0
[warning]	2026-08-21 22:07:52.525759[Thread 0x00007f22c73e66c0]:[P2 Fan Config] before_layers=0, after_layers=0, before_speed=0, after_speed=0
[warning]	2026-08-21 22:07:52.525890[Thread 0x00007f22c73e66c0]:[P2 Fan] layer_id=171 >= after_layers(0), speed=0
[warning]	2026-08-21 22:07:52.532709[Thread 0x00007f22b9fe86c0]:[P2 Fan Config] before_layers=0, after_layers=0, before_speed=0, after_speed=0
[warning]	2026-08-21 22:07:52.532728[Thread 0x00007f22b9fe86c0]:[P2 Fan] layer_id=172 >= after_layers(0), speed=0
[warning]	2026-08-21 22:07:52.536147[Thread 0x00007f22c47ff6c0]:[P2 Fan Config] before_layers=0, after_layers=0, before_speed=0, after_speed=0
[warning]	2026-08-21 22:07:52.536157[Thread 0x00007f22c47ff6c0]:[P2 Fan] layer_id=173 >= after_layers(0), speed=0
[warning]	2026-08-21 22:07:52.538487[Thread 0x00007f22b9fe86c0]:[P2 Fan Config] before_layers=0, after_layers=0, before_speed=0, after_speed=0
[warning]	2026-08-21 22:07:52.538495[Thread 0x00007f22b9fe86c0]:[P2 Fan] layer_id=174 >= after_layers(0), speed=0
[warning]	2026-08-21 22:07:52.540601[Thread 0x00007f22c6be56c0]:[P2 Fan Config] before_layers=0, after_layers=0, before_speed=0, after_speed=0
[warning]	2026-08-21 22:07:52.540608[Thread 0x00007f22c6be56c0]:[P2 Fan] layer_id=175 >= after_layers(0), speed=0
[warning]	2026-08-21 22:07:52.542694[Thread 0x00007f22c3bfc6c0]:[P2 Fan Config] before_layers=0, after_layers=0, before_speed=0, after_speed=0
[warning]	2026-08-21 22:07:52.542703[Thread 0x00007f22c3bfc6c0]:[P2 Fan] layer_id=176 >= after_layers(0), speed=0
[warning]	2026-08-21 22:07:52.544847[Thread 0x00007f22c6be56c0]:[P2 Fan Config] before_layers=0, after_layers=0, before_speed=0, after_speed=0
[warning]	2026-08-21 22:07:52.544854[Thread 0x00007f22c6be56c0]:[P2 Fan] layer_id=177 >= after_layers(0), speed=0
[warning]	2026-08-21 22:07:52.547287[Thread 0x00007f22c73e66c0]:[P2 Fan Config] before_layers=0, after_layers=0, before_speed=0, after_speed=0
[warning]	2026-08-21 22:07:52.547296[Thread 0x00007f22c73e66c0]:[P2 Fan] layer_id=178 >= after_layers(0), speed=0
[warning]	2026-08-21 22:07:52.549562[Thread 0x00007f22b9fe86c0]:[P2 Fan Config] before_layers=0, after_layers=0, before_speed=0, after_speed=0
[warning]	2026-08-21 22:07:52.549570[Thread 0x00007f22b9fe86c0]:[P2 Fan] layer_id=179 >= after_layers(0), speed=0
[warning]	2026-08-21 22:07:52.553105[Thread 0x00007f22c47ff6c0]:[P2 Fan Config] before_layers=0, after_layers=0, before_speed=0, after_speed=0
[warning]	2026-08-21 22:07:52.553125[Thread 0x00007f22c47ff6c0]:[P2 Fan] layer_id=180 >= after_layers(0), speed=0
[warning]	2026-08-21 22:07:52.562026[Thread 0x00007f22c3ffd6c0]:[P2 Fan Config] before_layers=0, after_layers=0, before_speed=0, after_speed=0
[warning]	2026-08-21 22:07:52.562054[Thread 0x00007f22c3ffd6c0]:[P2 Fan] layer_id=181 >= after_layers(0), speed=0
[warning]	2026-08-21 22:07:52.570382[Thread 0x00007f22b9fe86c0]:[P2 Fan Config] before_layers=0, after_layers=0, before_speed=0, after_speed=0
[warning]	2026-08-21 22:07:52.570399[Thread 0x00007f22b9fe86c0]:[P2 Fan] layer_id=182 >= after_layers(0), speed=0
[warning]	2026-08-21 22:07:52.576226[Thread 0x00007f22c3ffd6c0]:[P2 Fan Config] before_layers=0, after_layers=0, before_speed=0, after_speed=0
[warning]	2026-08-21 22:07:52.576236[Thread 0x00007f22c3ffd6c0]:[P2 Fan] layer_id=183 >= after_layers(0), speed=0
[warning]	2026-08-21 22:07:52.581815[Thread 0x00007f22b9fe86c0]:[P2 Fan Config] before_layers=0, after_layers=0, before_speed=0, after_speed=0
[warning]	2026-08-21 22:07:52.581824[Thread 0x00007f22b9fe86c0]:[P2 Fan] layer_id=184 >= after_layers(0), speed=0
[warning]	2026-08-21 22:07:52.588381[Thread 0x00007f22c3ffd6c0]:[P2 Fan Config] before_layers=0, after_layers=0, before_speed=0, after_speed=0
[warning]	2026-08-21 22:07:52.588444[Thread 0x00007f22c3ffd6c0]:[P2 Fan] layer_id=185 >= after_layers(0), speed=0
[warning]	2026-08-21 22:07:52.598646[Thread 0x00007f22b9fe86c0]:[P2 Fan Config] before_layers=0, after_layers=0, before_speed=0, after_speed=0
[warning]	2026-08-21 22:07:52.598675[Thread 0x00007f22b9fe86c0]:[P2 Fan] layer_id=186 >= after_layers(0), speed=0
[warning]	2026-08-21 22:07:52.605410[Thread 0x00007f22c67e46c0]:[P2 Fan Config] before_layers=0, after_layers=0, before_speed=0, after_speed=0
[warning]	2026-08-21 22:07:52.605425[Thread 0x00007f22c67e46c0]:[P2 Fan] layer_id=187 >= after_layers(0), speed=0
[warning]	2026-08-21 22:07:52.610244[Thread 0x00007f22b9fe86c0]:[P2 Fan Config] before_layers=0, after_layers=0, before_speed=0, after_speed=0
[warning]	2026-08-21 22:07:52.610253[Thread 0x00007f22b9fe86c0]:[P2 Fan] layer_id=188 >= after_layers(0), speed=0
[warning]	2026-08-21 22:07:52.614662[Thread 0x00007f22c47ff6c0]:[P2 Fan Config] before_layers=0, after_layers=0, before_speed=0, after_speed=0
[warning]	2026-08-21 22:07:52.614671[Thread 0x00007f22c47ff6c0]:[P2 Fan] layer_id=189 >= after_layers(0), speed=0
[warning]	2026-08-21 22:07:52.619464[Thread 0x00007f22b9fe86c0]:[P2 Fan Config] before_layers=0, after_layers=0, before_speed=0, after_speed=0
[warning]	2026-08-21 22:07:52.619554[Thread 0x00007f22b9fe86c0]:[P2 Fan] layer_id=190 >= after_layers(0), speed=0
[warning]	2026-08-21 22:07:52.629319[Thread 0x00007f22c3bfc6c0]:[P2 Fan Config] before_layers=0, after_layers=0, before_speed=0, after_speed=0
[warning]	2026-08-21 22:07:52.629360[Thread 0x00007f22c3bfc6c0]:[P2 Fan] layer_id=191 >= after_layers(0), speed=0
[warning]	2026-08-21 22:07:52.636192[Thread 0x00007f22c6be56c0]:[P2 Fan Config] before_layers=0, after_layers=0, before_speed=0, after_speed=0
[warning]	2026-08-21 22:07:52.636205[Thread 0x00007f22c6be56c0]:[P2 Fan] layer_id=192 >= after_layers(0), speed=0
[warning]	2026-08-21 22:07:52.639820[Thread 0x00007f22b9fe86c0]:[P2 Fan Config] before_layers=0, after_layers=0, before_speed=0, after_speed=0
[warning]	2026-08-21 22:07:52.639830[Thread 0x00007f22b9fe86c0]:[P2 Fan] layer_id=193 >= after_layers(0), speed=0
[warning]	2026-08-21 22:07:52.643259[Thread 0x00007f22c43fe6c0]:[P2 Fan Config] before_layers=0, after_layers=0, before_speed=0, after_speed=0
[warning]	2026-08-21 22:07:52.643268[Thread 0x00007f22c43fe6c0]:[P2 Fan] layer_id=194 >= after_layers(0), speed=0
[warning]	2026-08-21 22:07:52.646348[Thread 0x00007f22b9fe86c0]:[P2 Fan Config] before_layers=0, after_layers=0, before_speed=0, after_speed=0
[warning]	2026-08-21 22:07:52.646355[Thread 0x00007f22b9fe86c0]:[P2 Fan] layer_id=195 >= after_layers(0), speed=0
[warning]	2026-08-21 22:07:52.649126[Thread 0x00007f22c73e66c0]:[P2 Fan Config] before_layers=0, after_layers=0, before_speed=0, after_speed=0
[warning]	2026-08-21 22:07:52.649135[Thread 0x00007f22c73e66c0]:[P2 Fan] layer_id=196 >= after_layers(0), speed=0
[warning]	2026-08-21 22:07:52.652821[Thread 0x00007f22b9fe86c0]:[P2 Fan Config] before_layers=0, after_layers=0, before_speed=0, after_speed=0
[warning]	2026-08-21 22:07:52.652846[Thread 0x00007f22b9fe86c0]:[P2 Fan] layer_id=197 >= after_layers(0), speed=0
[warning]	2026-08-21 22:07:52.659145[Thread 0x00007f22c73e66c0]:[P2 Fan Config] before_layers=0, after_layers=0, before_speed=0, after_speed=0
[warning]	2026-08-21 22:07:52.659210[Thread 0x00007f22c73e66c0]:[P2 Fan] layer_id=198 >= after_layers(0), speed=0
[warning]	2026-08-21 22:07:52.667391[Thread 0x00007f22b9fe86c0]:[P2 Fan Config] before_layers=0, after_layers=0, before_speed=0, after_speed=0
[warning]	2026-08-21 22:07:52.667421[Thread 0x00007f22b9fe86c0]:[P2 Fan] layer_id=199 >= after_layers(0), speed=0
[warning]	2026-08-21 22:07:52.671925[Thread 0x00007f22c67e46c0]:[P2 Fan Config] before_layers=0, after_layers=0, before_speed=0, after_speed=0
[warning]	2026-08-21 22:07:52.671938[Thread 0x00007f22c67e46c0]:[P2 Fan] layer_id=200 >= after_layers(0), speed=0
[warning]	2026-08-21 22:07:52.677035[Thread 0x00007f22c3ffd6c0]:[P2 Fan Config] before_layers=0, after_layers=0, before_speed=0, after_speed=0
[warning]	2026-08-21 22:07:52.677044[Thread 0x00007f22c3ffd6c0]:[P2 Fan] layer_id=201 >= after_layers(0), speed=0
[warning]	2026-08-21 22:07:52.679948[Thread 0x00007f22c3bfc6c0]:[P2 Fan Config] before_layers=0, after_layers=0, before_speed=0, after_speed=0
[warning]	2026-08-21 22:07:52.679958[Thread 0x00007f22c3bfc6c0]:[P2 Fan] layer_id=202 >= after_layers(0), speed=0
[warning]	2026-08-21 22:07:52.683772[Thread 0x00007f22b9fe86c0]:[P2 Fan Config] before_layers=0, after_layers=0, before_speed=0, after_speed=0
[warning]	2026-08-21 22:07:52.683801[Thread 0x00007f22b9fe86c0]:[P2 Fan] layer_id=203 >= after_layers(0), speed=0
[warning]	2026-08-21 22:07:52.690629[Thread 0x00007f22c6be56c0]:[P2 Fan Config] before_layers=0, after_layers=0, before_speed=0, after_speed=0
[warning]	2026-08-21 22:07:52.690691[Thread 0x00007f22c6be56c0]:[P2 Fan] layer_id=204 >= after_layers(0), speed=0
[warning]	2026-08-21 22:07:52.700928[Thread 0x00007f22b9fe86c0]:[P2 Fan Config] before_layers=0, after_layers=0, before_speed=0, after_speed=0
[warning]	2026-08-21 22:07:52.700947[Thread 0x00007f22b9fe86c0]:[P2 Fan] layer_id=205 >= after_layers(0), speed=0
[warning]	2026-08-21 22:07:52.713095[Thread 0x00007f22c67e46c0]:[P2 Fan Config] before_layers=0, after_layers=0, before_speed=0, after_speed=0
[warning]	2026-08-21 22:07:52.713109[Thread 0x00007f22c67e46c0]:[P2 Fan] layer_id=206 >= after_layers(0), speed=0
[warning]	2026-08-21 22:07:52.716281[Thread 0x00007f22c3bfc6c0]:[P2 Fan Config] before_layers=0, after_layers=0, before_speed=0, after_speed=0
[warning]	2026-08-21 22:07:52.716292[Thread 0x00007f22c3bfc6c0]:[P2 Fan] layer_id=207 >= after_layers(0), speed=0
[warning]	2026-08-21 22:07:52.724046[Thread 0x00007f22c6be56c0]:[P2 Fan Config] before_layers=0, after_layers=0, before_speed=0, after_speed=0
[warning]	2026-08-21 22:07:52.724104[Thread 0x00007f22c6be56c0]:[P2 Fan] layer_id=208 >= after_layers(0), speed=0
[warning]	2026-08-21 22:07:52.736161[Thread 0x00007f22b9fe86c0]:[P2 Fan Config] before_layers=0, after_layers=0, before_speed=0, after_speed=0
[warning]	2026-08-21 22:07:52.736177[Thread 0x00007f22b9fe86c0]:[P2 Fan] layer_id=209 >= after_layers(0), speed=0
[warning]	2026-08-21 22:07:52.742391[Thread 0x00007f22c6be56c0]:[P2 Fan Config] before_layers=0, after_layers=0, before_speed=0, after_speed=0
[warning]	2026-08-21 22:07:52.742401[Thread 0x00007f22c6be56c0]:[P2 Fan] layer_id=210 >= after_layers(0), speed=0
[warning]	2026-08-21 22:07:52.747518[Thread 0x00007f22b9fe86c0]:[P2 Fan Config] before_layers=0, after_layers=0, before_speed=0, after_speed=0
[warning]	2026-08-21 22:07:52.747527[Thread 0x00007f22b9fe86c0]:[P2 Fan] layer_id=211 >= after_layers(0), speed=0
[warning]	2026-08-21 22:07:52.751090[Thread 0x00007f22c47ff6c0]:[P2 Fan Config] before_layers=0, after_layers=0, before_speed=0, after_speed=0
[warning]	2026-08-21 22:07:52.751108[Thread 0x00007f22c47ff6c0]:[P2 Fan] layer_id=212 >= after_layers(0), speed=0
[warning]	2026-08-21 22:07:52.769866[Thread 0x00007f22c73e66c0]:[P2 Fan Config] before_layers=0, after_layers=0, before_speed=0, after_speed=0
[warning]	2026-08-21 22:07:52.769905[Thread 0x00007f22c73e66c0]:[P2 Fan] layer_id=213 >= after_layers(0), speed=0
[warning]	2026-08-21 22:07:52.773755[Thread 0x00007f22c67e46c0]:[P2 Fan Config] before_layers=0, after_layers=0, before_speed=0, after_speed=0
[warning]	2026-08-21 22:07:52.773769[Thread 0x00007f22c67e46c0]:[P2 Fan] layer_id=214 >= after_layers(0), speed=0
[warning]	2026-08-21 22:07:52.777695[Thread 0x00007f22c3ffd6c0]:[P2 Fan Config] before_layers=0, after_layers=0, before_speed=0, after_speed=0
[warning]	2026-08-21 22:07:52.777704[Thread 0x00007f22c3ffd6c0]:[P2 Fan] layer_id=215 >= after_layers(0), speed=0
[warning]	2026-08-21 22:07:52.782525[Thread 0x00007f22b9fe86c0]:[P2 Fan Config] before_layers=0, after_layers=0, before_speed=0, after_speed=0
[warning]	2026-08-21 22:07:52.782539[Thread 0x00007f22b9fe86c0]:[P2 Fan] layer_id=216 >= after_layers(0), speed=0
[warning]	2026-08-21 22:07:52.788204[Thread 0x00007f22c3bfc6c0]:[P2 Fan Config] before_layers=0, after_layers=0, before_speed=0, after_speed=0
[warning]	2026-08-21 22:07:52.788223[Thread 0x00007f22c3bfc6c0]:[P2 Fan] layer_id=217 >= after_layers(0), speed=0
[warning]	2026-08-21 22:07:52.802014[Thread 0x00007f22c73e66c0]:[P2 Fan Config] before_layers=0, after_layers=0, before_speed=0, after_speed=0
[warning]	2026-08-21 22:07:52.802038[Thread 0x00007f22c73e66c0]:[P2 Fan] layer_id=218 >= after_layers(0), speed=0
[warning]	2026-08-21 22:07:52.805738[Thread 0x00007f22c3bfc6c0]:[P2 Fan Config] before_layers=0, after_layers=0, before_speed=0, after_speed=0
[warning]	2026-08-21 22:07:52.805754[Thread 0x00007f22c3bfc6c0]:[P2 Fan] layer_id=219 >= after_layers(0), speed=0
[warning]	2026-08-21 22:07:52.809193[Thread 0x00007f22b9fe86c0]:[P2 Fan Config] before_layers=0, after_layers=0, before_speed=0, after_speed=0
[warning]	2026-08-21 22:07:52.809203[Thread 0x00007f22b9fe86c0]:[P2 Fan] layer_id=220 >= after_layers(0), speed=0
[warning]	2026-08-21 22:07:52.812164[Thread 0x00007f22c3ffd6c0]:[P2 Fan Config] before_layers=0, after_layers=0, before_speed=0, after_speed=0
[warning]	2026-08-21 22:07:52.812174[Thread 0x00007f22c3ffd6c0]:[P2 Fan] layer_id=221 >= after_layers(0), speed=0
[warning]	2026-08-21 22:07:52.816271[Thread 0x00007f22b9fe86c0]:[P2 Fan Config] before_layers=0, after_layers=0, before_speed=0, after_speed=0
[warning]	2026-08-21 22:07:52.816331[Thread 0x00007f22b9fe86c0]:[P2 Fan] layer_id=222 >= after_layers(0), speed=0
[warning]	2026-08-21 22:07:52.822186[Thread 0x00007f22c47ff6c0]:[P2 Fan Config] before_layers=0, after_layers=0, before_speed=0, after_speed=0
[warning]	2026-08-21 22:07:52.822243[Thread 0x00007f22c47ff6c0]:[P2 Fan] layer_id=223 >= after_layers(0), speed=0
[warning]	2026-08-21 22:07:52.835596[Thread 0x00007f22c73e66c0]:[P2 Fan Config] before_layers=0, after_layers=0, before_speed=0, after_speed=0
[warning]	2026-08-21 22:07:52.835618[Thread 0x00007f22c73e66c0]:[P2 Fan] layer_id=224 >= after_layers(0), speed=0
[warning]	2026-08-21 22:07:52.838127[Thread 0x00007f22b9fe86c0]:[P2 Fan Config] before_layers=0, after_layers=0, before_speed=0, after_speed=0
[warning]	2026-08-21 22:07:52.838140[Thread 0x00007f22b9fe86c0]:[P2 Fan] layer_id=225 >= after_layers(0), speed=0
[warning]	2026-08-21 22:07:52.841967[Thread 0x00007f22c67e46c0]:[P2 Fan Config] before_layers=0, after_layers=0, before_speed=0, after_speed=0
[warning]	2026-08-21 22:07:52.841977[Thread 0x00007f22c67e46c0]:[P2 Fan] layer_id=226 >= after_layers(0), speed=0
[warning]	2026-08-21 22:07:52.845582[Thread 0x00007f22b9fe86c0]:[P2 Fan Config] before_layers=0, after_layers=0, before_speed=0, after_speed=0
[warning]	2026-08-21 22:07:52.845591[Thread 0x00007f22b9fe86c0]:[P2 Fan] layer_id=227 >= after_layers(0), speed=0
[warning]	2026-08-21 22:07:52.848981[Thread 0x00007f22c3bfc6c0]:[P2 Fan Config] before_layers=0, after_layers=0, before_speed=0, after_speed=0
[warning]	2026-08-21 22:07:52.848990[Thread 0x00007f22c3bfc6c0]:[P2 Fan] layer_id=228 >= after_layers(0), speed=0
[warning]	2026-08-21 22:07:52.853721[Thread 0x00007f22b9fe86c0]:[P2 Fan Config] before_layers=0, after_layers=0, before_speed=0, after_speed=0
[warning]	2026-08-21 22:07:52.853742[Thread 0x00007f22b9fe86c0]:[P2 Fan] layer_id=229 >= after_layers(0), speed=0
[warning]	2026-08-21 22:07:52.860523[Thread 0x00007f22c3ffd6c0]:[P2 Fan Config] before_layers=0, after_layers=0, before_speed=0, after_speed=0
[warning]	2026-08-21 22:07:52.860604[Thread 0x00007f22c3ffd6c0]:[P2 Fan] layer_id=230 >= after_layers(0), speed=0
[warning]	2026-08-21 22:07:52.871209[Thread 0x00007f22b9fe86c0]:[P2 Fan Config] before_layers=0, after_layers=0, before_speed=0, after_speed=0
[warning]	2026-08-21 22:07:52.871227[Thread 0x00007f22b9fe86c0]:[P2 Fan] layer_id=231 >= after_layers(0), speed=0
[warning]	2026-08-21 22:07:52.876847[Thread 0x00007f22c47ff6c0]:[P2 Fan Config] before_layers=0, after_layers=0, before_speed=0, after_speed=0
[warning]	2026-08-21 22:07:52.876860[Thread 0x00007f22c47ff6c0]:[P2 Fan] layer_id=232 >= after_layers(0), speed=0
[warning]	2026-08-21 22:07:52.879968[Thread 0x00007f22c67e46c0]:[P2 Fan Config] before_layers=0, after_layers=0, before_speed=0, after_speed=0
[warning]	2026-08-21 22:07:52.879980[Thread 0x00007f22c67e46c0]:[P2 Fan] layer_id=233 >= after_layers(0), speed=0
[warning]	2026-08-21 22:07:52.885435[Thread 0x00007f22b9fe86c0]:[P2 Fan Config] before_layers=0, after_layers=0, before_speed=0, after_speed=0
[warning]	2026-08-21 22:07:52.885458[Thread 0x00007f22b9fe86c0]:[P2 Fan] layer_id=234 >= after_layers(0), speed=0
[warning]	2026-08-21 22:07:52.893404[Thread 0x00007f22c47ff6c0]:[P2 Fan Config] before_layers=0, after_layers=0, before_speed=0, after_speed=0
[warning]	2026-08-21 22:07:52.893498[Thread 0x00007f22c47ff6c0]:[P2 Fan] layer_id=235 >= after_layers(0), speed=0
[warning]	2026-08-21 22:07:52.899288[Thread 0x00007f22c73e66c0]:[P2 Fan Config] before_layers=0, after_layers=0, before_speed=0, after_speed=0
[warning]	2026-08-21 22:07:52.899319[Thread 0x00007f22c73e66c0]:[P2 Fan] layer_id=236 >= after_layers(0), speed=0
[warning]	2026-08-21 22:07:52.903342[Thread 0x00007f22b9fe86c0]:[P2 Fan Config] before_layers=0, after_layers=0, before_speed=0, after_speed=0
[warning]	2026-08-21 22:07:52.903355[Thread 0x00007f22b9fe86c0]:[P2 Fan] layer_id=237 >= after_layers(0), speed=0
[warning]	2026-08-21 22:07:52.906188[Thread 0x00007f22c43fe6c0]:[P2 Fan Config] before_layers=0, after_layers=0, before_speed=0, after_speed=0
[warning]	2026-08-21 22:07:52.906197[Thread 0x00007f22c43fe6c0]:[P2 Fan] layer_id=238 >= after_layers(0), speed=0
[warning]	2026-08-21 22:07:52.908884[Thread 0x00007f22b9fe86c0]:[P2 Fan Config] before_layers=0, after_layers=0, before_speed=0, after_speed=0
[warning]	2026-08-21 22:07:52.908892[Thread 0x00007f22b9fe86c0]:[P2 Fan] layer_id=239 >= after_layers(0), speed=0
[warning]	2026-08-21 22:07:52.911095[Thread 0x00007f22c3bfc6c0]:[P2 Fan Config] before_layers=0, after_layers=0, before_speed=0, after_speed=0
[warning]	2026-08-21 22:07:52.911104[Thread 0x00007f22c3bfc6c0]:[P2 Fan] layer_id=240 >= after_layers(0), speed=0
[warning]	2026-08-21 22:07:52.913385[Thread 0x00007f22b9fe86c0]:[P2 Fan Config] before_layers=0, after_layers=0, before_speed=0, after_speed=0
[warning]	2026-08-21 22:07:52.913392[Thread 0x00007f22b9fe86c0]:[P2 Fan] layer_id=241 >= after_layers(0), speed=0
[warning]	2026-08-21 22:07:52.915753[Thread 0x00007f22c6be56c0]:[P2 Fan Config] before_layers=0, after_layers=0, before_speed=0, after_speed=0
[warning]	2026-08-21 22:07:52.915774[Thread 0x00007f22c6be56c0]:[P2 Fan] layer_id=242 >= after_layers(0), speed=0
[warning]	2026-08-21 22:07:52.917988[Thread 0x00007f22b9fe86c0]:[P2 Fan Config] before_layers=0, after_layers=0, before_speed=0, after_speed=0
[warning]	2026-08-21 22:07:52.918001[Thread 0x00007f22b9fe86c0]:[P2 Fan] layer_id=243 >= after_layers(0), speed=0
[warning]	2026-08-21 22:07:52.922439[Thread 0x00007f22c3bfc6c0]:[P2 Fan Config] before_layers=0, after_layers=0, before_speed=0, after_speed=0
[warning]	2026-08-21 22:07:52.922496[Thread 0x00007f22c3bfc6c0]:[P2 Fan] layer_id=244 >= after_layers(0), speed=0
[warning]	2026-08-21 22:07:52.929868[Thread 0x00007f22b9fe86c0]:[P2 Fan Config] before_layers=0, after_layers=0, before_speed=0, after_speed=0
[warning]	2026-08-21 22:07:52.929911[Thread 0x00007f22b9fe86c0]:[P2 Fan] layer_id=245 >= after_layers(0), speed=0
[warning]	2026-08-21 22:07:52.934944[Thread 0x00007f22c47ff6c0]:[P2 Fan Config] before_layers=0, after_layers=0, before_speed=0, after_speed=0
[warning]	2026-08-21 22:07:52.934959[Thread 0x00007f22c47ff6c0]:[P2 Fan] layer_id=246 >= after_layers(0), speed=0
[warning]	2026-08-21 22:07:52.938210[Thread 0x00007f22b9fe86c0]:[P2 Fan Config] before_layers=0, after_layers=0, before_speed=0, after_speed=0
[warning]	2026-08-21 22:07:52.938219[Thread 0x00007f22b9fe86c0]:[P2 Fan] layer_id=247 >= after_layers(0), speed=0
[warning]	2026-08-21 22:07:52.941459[Thread 0x00007f22c6be56c0]:[P2 Fan Config] before_layers=0, after_layers=0, before_speed=0, after_speed=0
[warning]	2026-08-21 22:07:52.941467[Thread 0x00007f22c6be56c0]:[P2 Fan] layer_id=248 >= after_layers(0), speed=0
[warning]	2026-08-21 22:07:52.944631[Thread 0x00007f22b9fe86c0]:[P2 Fan Config] before_layers=0, after_layers=0, before_speed=0, after_speed=0
[warning]	2026-08-21 22:07:52.944639[Thread 0x00007f22b9fe86c0]:[P2 Fan] layer_id=249 >= after_layers(0), speed=0
[warning]	2026-08-21 22:07:52.947665[Thread 0x00007f22c47ff6c0]:[P2 Fan Config] before_layers=0, after_layers=0, before_speed=0, after_speed=0
[warning]	2026-08-21 22:07:52.947673[Thread 0x00007f22c47ff6c0]:[P2 Fan] layer_id=250 >= after_layers(0), speed=0
[warning]	2026-08-21 22:07:52.950736[Thread 0x00007f22b9fe86c0]:[P2 Fan Config] before_layers=0, after_layers=0, before_speed=0, after_speed=0
[warning]	2026-08-21 22:07:52.950748[Thread 0x00007f22b9fe86c0]:[P2 Fan] layer_id=251 >= after_layers(0), speed=0
[warning]	2026-08-21 22:07:52.955891[Thread 0x00007f22c3bfc6c0]:[P2 Fan Config] before_layers=0, after_layers=0, before_speed=0, after_speed=0
[warning]	2026-08-21 22:07:52.955939[Thread 0x00007f22c3bfc6c0]:[P2 Fan] layer_id=252 >= after_layers(0), speed=0
[warning]	2026-08-21 22:07:52.964532[Thread 0x00007f22b9fe86c0]:[P2 Fan Config] before_layers=0, after_layers=0, before_speed=0, after_speed=0
[warning]	2026-08-21 22:07:52.964568[Thread 0x00007f22b9fe86c0]:[P2 Fan] layer_id=253 >= after_layers(0), speed=0
[warning]	2026-08-21 22:07:52.969458[Thread 0x00007f22c43fe6c0]:[P2 Fan Config] before_layers=0, after_layers=0, before_speed=0, after_speed=0
[warning]	2026-08-21 22:07:52.969509[Thread 0x00007f22c43fe6c0]:[P2 Fan] layer_id=254 >= after_layers(0), speed=0
[warning]	2026-08-21 22:07:52.972886[Thread 0x00007f22b9fe86c0]:[P2 Fan Config] before_layers=0, after_layers=0, before_speed=0, after_speed=0
[warning]	2026-08-21 22:07:52.972895[Thread 0x00007f22b9fe86c0]:[P2 Fan] layer_id=255 >= after_layers(0), speed=0
[warning]	2026-08-21 22:07:52.976712[Thread 0x00007f22c73e66c0]:[P2 Fan Config] before_layers=0, after_layers=0, before_speed=0, after_speed=0
[warning]	2026-08-21 22:07:52.976723[Thread 0x00007f22c73e66c0]:[P2 Fan] layer_id=256 >= after_layers(0), speed=0
[warning]	2026-08-21 22:07:52.980050[Thread 0x00007f22c67e46c0]:[P2 Fan Config] before_layers=0, after_layers=0, before_speed=0, after_speed=0
[warning]	2026-08-21 22:07:52.980057[Thread 0x00007f22c67e46c0]:[P2 Fan] layer_id=257 >= after_layers(0), speed=0
[warning]	2026-08-21 22:07:52.982533[Thread 0x00007f22c6be56c0]:[P2 Fan Config] before_layers=0, after_layers=0, before_speed=0, after_speed=0
[warning]	2026-08-21 22:07:52.982541[Thread 0x00007f22c6be56c0]:[P2 Fan] layer_id=258 >= after_layers(0), speed=0
[warning]	2026-08-21 22:07:52.985900[Thread 0x00007f22c67e46c0]:[P2 Fan Config] before_layers=0, after_layers=0, before_speed=0, after_speed=0
[warning]	2026-08-21 22:07:52.985922[Thread 0x00007f22c67e46c0]:[P2 Fan] layer_id=259 >= after_layers(0), speed=0
[warning]	2026-08-21 22:07:52.993114[Thread 0x00007f22c47ff6c0]:[P2 Fan Config] before_layers=0, after_layers=0, before_speed=0, after_speed=0
[warning]	2026-08-21 22:07:52.993194[Thread 0x00007f22c47ff6c0]:[P2 Fan] layer_id=260 >= after_layers(0), speed=0
[warning]	2026-08-21 22:07:53.001256[Thread 0x00007f22b9fe86c0]:[P2 Fan Config] before_layers=0, after_layers=0, before_speed=0, after_speed=0
[warning]	2026-08-21 22:07:53.001275[Thread 0x00007f22b9fe86c0]:[P2 Fan] layer_id=261 >= after_layers(0), speed=0
[warning]	2026-08-21 22:07:53.005715[Thread 0x00007f22c47ff6c0]:[P2 Fan Config] before_layers=0, after_layers=0, before_speed=0, after_speed=0
[warning]	2026-08-21 22:07:53.005728[Thread 0x00007f22c47ff6c0]:[P2 Fan] layer_id=262 >= after_layers(0), speed=0
[warning]	2026-08-21 22:07:53.008274[Thread 0x00007f22c67e46c0]:[P2 Fan Config] before_layers=0, after_layers=0, before_speed=0, after_speed=0
[warning]	2026-08-21 22:07:53.008286[Thread 0x00007f22c67e46c0]:[P2 Fan] layer_id=263 >= after_layers(0), speed=0
[warning]	2026-08-21 22:07:53.011187[Thread 0x00007f22c73e66c0]:[P2 Fan Config] before_layers=0, after_layers=0, before_speed=0, after_speed=0
[warning]	2026-08-21 22:07:53.011195[Thread 0x00007f22c73e66c0]:[P2 Fan] layer_id=264 >= after_layers(0), speed=0
[warning]	2026-08-21 22:07:53.013566[Thread 0x00007f22b9fe86c0]:[P2 Fan Config] before_layers=0, after_layers=0, before_speed=0, after_speed=0
[warning]	2026-08-21 22:07:53.013575[Thread 0x00007f22b9fe86c0]:[P2 Fan] layer_id=265 >= after_layers(0), speed=0
[warning]	2026-08-21 22:07:53.016049[Thread 0x00007f22c67e46c0]:[P2 Fan Config] before_layers=0, after_layers=0, before_speed=0, after_speed=0
[warning]	2026-08-21 22:07:53.016058[Thread 0x00007f22c67e46c0]:[P2 Fan] layer_id=266 >= after_layers(0), speed=0
[warning]	2026-08-21 22:07:53.018403[Thread 0x00007f22b9fe86c0]:[P2 Fan Config] before_layers=0, after_layers=0, before_speed=0, after_speed=0
[warning]	2026-08-21 22:07:53.018416[Thread 0x00007f22b9fe86c0]:[P2 Fan] layer_id=267 >= after_layers(0), speed=0
[warning]	2026-08-21 22:07:53.023439[Thread 0x00007f22c43fe6c0]:[P2 Fan Config] before_layers=0, after_layers=0, before_speed=0, after_speed=0
[warning]	2026-08-21 22:07:53.023494[Thread 0x00007f22c43fe6c0]:[P2 Fan] layer_id=268 >= after_layers(0), speed=0
[warning]	2026-08-21 22:07:53.031161[Thread 0x00007f22b9fe86c0]:[P2 Fan Config] before_layers=0, after_layers=0, before_speed=0, after_speed=0
[warning]	2026-08-21 22:07:53.031198[Thread 0x00007f22b9fe86c0]:[P2 Fan] layer_id=269 >= after_layers(0), speed=0
[warning]	2026-08-21 22:07:53.035582[Thread 0x00007f22c6be56c0]:[P2 Fan Config] before_layers=0, after_layers=0, before_speed=0, after_speed=0
[warning]	2026-08-21 22:07:53.035596[Thread 0x00007f22c6be56c0]:[P2 Fan] layer_id=270 >= after_layers(0), speed=0
[warning]	2026-08-21 22:07:53.039195[Thread 0x00007f22b9fe86c0]:[P2 Fan Config] before_layers=0, after_layers=0, before_speed=0, after_speed=0
[warning]	2026-08-21 22:07:53.039205[Thread 0x00007f22b9fe86c0]:[P2 Fan] layer_id=271 >= after_layers(0), speed=0
[warning]	2026-08-21 22:07:53.042116[Thread 0x00007f22c3bfc6c0]:[P2 Fan Config] before_layers=0, after_layers=0, before_speed=0, after_speed=0
[warning]	2026-08-21 22:07:53.042130[Thread 0x00007f22c3bfc6c0]:[P2 Fan] layer_id=272 >= after_layers(0), speed=0
[warning]	2026-08-21 22:07:53.046758[Thread 0x00007f22c3ffd6c0]:[P2 Fan Config] before_layers=0, after_layers=0, before_speed=0, after_speed=0
[warning]	2026-08-21 22:07:53.046777[Thread 0x00007f22c3ffd6c0]:[P2 Fan] layer_id=273 >= after_layers(0), speed=0
[warning]	2026-08-21 22:07:53.056126[Thread 0x00007f22c43fe6c0]:[P2 Fan Config] before_layers=0, after_layers=0, before_speed=0, after_speed=0
[warning]	2026-08-21 22:07:53.056182[Thread 0x00007f22c43fe6c0]:[P2 Fan] layer_id=274 >= after_layers(0), speed=0
[warning]	2026-08-21 22:07:53.058464[Thread 0x00007f22c47ff6c0]:[P2 Fan Config] before_layers=0, after_layers=0, before_speed=0, after_speed=0
[warning]	2026-08-21 22:07:53.058521[Thread 0x00007f22c47ff6c0]:[P2 Fan] layer_id=275 >= after_layers(0), speed=0
[warning]	2026-08-21 22:07:53.059956[Thread 0x00007f22c67e46c0]:[P2 Fan Config] before_layers=0, after_layers=0, before_speed=0, after_speed=0
[warning]	2026-08-21 22:07:53.060034[Thread 0x00007f22c67e46c0]:[P2 Fan] layer_id=276 >= after_layers(0), speed=0
[warning]	2026-08-21 22:07:53.063703[Thread 0x00007f22c47ff6c0]:[P2 Fan Config] before_layers=0, after_layers=0, before_speed=0, after_speed=0
[warning]	2026-08-21 22:07:53.063744[Thread 0x00007f22c47ff6c0]:[P2 Fan] layer_id=277 >= after_layers(0), speed=0
[warning]	2026-08-21 22:07:53.067341[Thread 0x00007f22c67e46c0]:[P2 Fan Config] before_layers=0, after_layers=0, before_speed=0, after_speed=0
[warning]	2026-08-21 22:07:53.067373[Thread 0x00007f22c67e46c0]:[P2 Fan] layer_id=278 >= after_layers(0), speed=0
[warning]	2026-08-21 22:07:53.069962[Thread 0x00007f22c47ff6c0]:[P2 Fan Config] before_layers=0, after_layers=0, before_speed=0, after_speed=0
[warning]	2026-08-21 22:07:53.069977[Thread 0x00007f22c47ff6c0]:[P2 Fan] layer_id=279 >= after_layers(0), speed=0
[warning]	2026-08-21 22:07:53.071136[Thread 0x00007f22c3bfc6c0]:[P2 Fan Config] before_layers=0, after_layers=0, before_speed=0, after_speed=0
[warning]	2026-08-21 22:07:53.071145[Thread 0x00007f22c3bfc6c0]:[P2 Fan] layer_id=280 >= after_layers(0), speed=0
[warning]	2026-08-21 22:07:53.072618[Thread 0x00007f22c47ff6c0]:[P2 Fan Config] before_layers=0, after_layers=0, before_speed=0, after_speed=0
[warning]	2026-08-21 22:07:53.072626[Thread 0x00007f22c47ff6c0]:[P2 Fan] layer_id=281 >= after_layers(0), speed=0
[warning]	2026-08-21 22:07:53.074454[Thread 0x00007f22c67e46c0]:[P2 Fan Config] before_layers=0, after_layers=0, before_speed=0, after_speed=0
[warning]	2026-08-21 22:07:53.074464[Thread 0x00007f22c67e46c0]:[P2 Fan] layer_id=282 >= after_layers(0), speed=0
[warning]	2026-08-21 22:07:53.075411[Thread 0x00007f22c3ffd6c0]:[P2 Fan Config] before_layers=0, after_layers=0, before_speed=0, after_speed=0
[warning]	2026-08-21 22:07:53.075419[Thread 0x00007f22c3ffd6c0]:[P2 Fan] layer_id=283 >= after_layers(0), speed=0
[warning]	2026-08-21 22:07:53.077104[Thread 0x00007f22c67e46c0]:[P2 Fan Config] before_layers=0, after_layers=0, before_speed=0, after_speed=0
[warning]	2026-08-21 22:07:53.077114[Thread 0x00007f22c67e46c0]:[P2 Fan] layer_id=284 >= after_layers(0), speed=0
[warning]	2026-08-21 22:07:53.078460[Thread 0x00007f22c43fe6c0]:[P2 Fan Config] before_layers=0, after_layers=0, before_speed=0, after_speed=0
[warning]	2026-08-21 22:07:53.078472[Thread 0x00007f22c43fe6c0]:[P2 Fan] layer_id=285 >= after_layers(0), speed=0
[warning]	2026-08-21 22:07:53.079628[Thread 0x00007f22c73e66c0]:[P2 Fan Config] before_layers=0, after_layers=0, before_speed=0, after_speed=0
[warning]	2026-08-21 22:07:53.079668[Thread 0x00007f22c73e66c0]:[P2 Fan] layer_id=286 >= after_layers(0), speed=0
[warning]	2026-08-21 22:07:53.081189[Thread 0x00007f22c47ff6c0]:[P2 Fan Config] before_layers=0, after_layers=0, before_speed=0, after_speed=0
[warning]	2026-08-21 22:07:53.081197[Thread 0x00007f22c47ff6c0]:[P2 Fan] layer_id=287 >= after_layers(0), speed=0
[warning]	2026-08-21 22:07:53.082526[Thread 0x00007f22c3ffd6c0]:[P2 Fan Config] before_layers=0, after_layers=0, before_speed=0, after_speed=0
[warning]	2026-08-21 22:07:53.082537[Thread 0x00007f22c3ffd6c0]:[P2 Fan] layer_id=288 >= after_layers(0), speed=0
[warning]	2026-08-21 22:07:53.083983[Thread 0x00007f22c6be56c0]:[P2 Fan Config] before_layers=0, after_layers=0, before_speed=0, after_speed=0
[warning]	2026-08-21 22:07:53.083996[Thread 0x00007f22c6be56c0]:[P2 Fan] layer_id=289 >= after_layers(0), speed=0
[warning]	2026-08-21 22:07:53.085677[Thread 0x00007f22c3ffd6c0]:[P2 Fan Config] before_layers=0, after_layers=0, before_speed=0, after_speed=0
[warning]	2026-08-21 22:07:53.085691[Thread 0x00007f22c3ffd6c0]:[P2 Fan] layer_id=290 >= after_layers(0), speed=0
[warning]	2026-08-21 22:07:53.087496[Thread 0x00007f22b9fe86c0]:[P2 Fan Config] before_layers=0, after_layers=0, before_speed=0, after_speed=0
[warning]	2026-08-21 22:07:53.087512[Thread 0x00007f22b9fe86c0]:[P2 Fan] layer_id=291 >= after_layers(0), speed=0
[warning]	2026-08-21 22:07:53.090025[Thread 0x00007f22c3bfc6c0]:[P2 Fan Config] before_layers=0, after_layers=0, before_speed=0, after_speed=0
[warning]	2026-08-21 22:07:53.090084[Thread 0x00007f22c3bfc6c0]:[P2 Fan] layer_id=292 >= after_layers(0), speed=0
[warning]	2026-08-21 22:07:53.094635[Thread 0x00007f22b9fe86c0]:[P2 Fan Config] before_layers=0, after_layers=0, before_speed=0, after_speed=0
[warning]	2026-08-21 22:07:53.094697[Thread 0x00007f22b9fe86c0]:[P2 Fan] layer_id=293 >= after_layers(0), speed=0
[warning]	2026-08-21 22:07:53.099461[Thread 0x00007f22c43fe6c0]:[P2 Fan Config] before_layers=0, after_layers=0, before_speed=0, after_speed=0
[warning]	2026-08-21 22:07:53.099498[Thread 0x00007f22c43fe6c0]:[P2 Fan] layer_id=294 >= after_layers(0), speed=0
[warning]	2026-08-21 22:07:53.102008[Thread 0x00007f22b9fe86c0]:[P2 Fan Config] before_layers=0, after_layers=0, before_speed=0, after_speed=0
[warning]	2026-08-21 22:07:53.102024[Thread 0x00007f22b9fe86c0]:[P2 Fan] layer_id=295 >= after_layers(0), speed=0
[warning]	2026-08-21 22:07:53.104019[Thread 0x00007f22c43fe6c0]:[P2 Fan Config] before_layers=0, after_layers=0, before_speed=0, after_speed=0
[warning]	2026-08-21 22:07:53.104030[Thread 0x00007f22c43fe6c0]:[P2 Fan] layer_id=296 >= after_layers(0), speed=0
[warning]	2026-08-21 22:07:53.105588[Thread 0x00007f22b9fe86c0]:[P2 Fan Config] before_layers=0, after_layers=0, before_speed=0, after_speed=0
[warning]	2026-08-21 22:07:53.105598[Thread 0x00007f22b9fe86c0]:[P2 Fan] layer_id=297 >= after_layers(0), speed=0
[warning]	2026-08-21 22:07:53.107217[Thread 0x00007f22c43fe6c0]:[P2 Fan Config] before_layers=0, after_layers=0, before_speed=0, after_speed=0
[warning]	2026-08-21 22:07:53.107226[Thread 0x00007f22c43fe6c0]:[P2 Fan] layer_id=298 >= after_layers(0), speed=0
[warning]	2026-08-21 22:07:53.108686[Thread 0x00007f22b9fe86c0]:[P2 Fan Config] before_layers=0, after_layers=0, before_speed=0, after_speed=0
[warning]	2026-08-21 22:07:53.108696[Thread 0x00007f22b9fe86c0]:[P2 Fan] layer_id=299 >= after_layers(0), speed=0
[warning]	2026-08-21 22:07:53.110240[Thread 0x00007f22c43fe6c0]:[P2 Fan Config] before_layers=0, after_layers=0, before_speed=0, after_speed=0
[warning]	2026-08-21 22:07:53.110249[Thread 0x00007f22c43fe6c0]:[P2 Fan] layer_id=300 >= after_layers(0), speed=0
[warning]	2026-08-21 22:07:53.111642[Thread 0x00007f22b9fe86c0]:[P2 Fan Config] before_layers=0, after_layers=0, before_speed=0, after_speed=0
[warning]	2026-08-21 22:07:53.111651[Thread 0x00007f22b9fe86c0]:[P2 Fan] layer_id=301 >= after_layers(0), speed=0
[warning]	2026-08-21 22:07:53.113115[Thread 0x00007f22c43fe6c0]:[P2 Fan Config] before_layers=0, after_layers=0, before_speed=0, after_speed=0
[warning]	2026-08-21 22:07:53.113124[Thread 0x00007f22c43fe6c0]:[P2 Fan] layer_id=302 >= after_layers(0), speed=0
[warning]	2026-08-21 22:07:53.114478[Thread 0x00007f22b9fe86c0]:[P2 Fan Config] before_layers=0, after_layers=0, before_speed=0, after_speed=0
[warning]	2026-08-21 22:07:53.114487[Thread 0x00007f22b9fe86c0]:[P2 Fan] layer_id=303 >= after_layers(0), speed=0
[warning]	2026-08-21 22:07:53.115694[Thread 0x00007f22c43fe6c0]:[P2 Fan Config] before_layers=0, after_layers=0, before_speed=0, after_speed=0
[warning]	2026-08-21 22:07:53.115703[Thread 0x00007f22c43fe6c0]:[P2 Fan] layer_id=304 >= after_layers(0), speed=0
[warning]	2026-08-21 22:07:53.116904[Thread 0x00007f22b9fe86c0]:[P2 Fan Config] before_layers=0, after_layers=0, before_speed=0, after_speed=0
[warning]	2026-08-21 22:07:53.116916[Thread 0x00007f22b9fe86c0]:[P2 Fan] layer_id=305 >= after_layers(0), speed=0
[warning]	2026-08-21 22:07:53.118340[Thread 0x00007f22c43fe6c0]:[P2 Fan Config] before_layers=0, after_layers=0, before_speed=0, after_speed=0
[warning]	2026-08-21 22:07:53.118350[Thread 0x00007f22c43fe6c0]:[P2 Fan] layer_id=306 >= after_layers(0), speed=0
[warning]	2026-08-21 22:07:53.119973[Thread 0x00007f22b9fe86c0]:[P2 Fan Config] before_layers=0, after_layers=0, before_speed=0, after_speed=0
[warning]	2026-08-21 22:07:53.119987[Thread 0x00007f22b9fe86c0]:[P2 Fan] layer_id=307 >= after_layers(0), speed=0
[warning]	2026-08-21 22:07:53.121699[Thread 0x00007f22c3bfc6c0]:[P2 Fan Config] before_layers=0, after_layers=0, before_speed=0, after_speed=0
[warning]	2026-08-21 22:07:53.121748[Thread 0x00007f22c3bfc6c0]:[P2 Fan] layer_id=308 >= after_layers(0), speed=0
[warning]	2026-08-21 22:07:53.124674[Thread 0x00007f22b9fe86c0]:[P2 Fan Config] before_layers=0, after_layers=0, before_speed=0, after_speed=0
[warning]	2026-08-21 22:07:53.124740[Thread 0x00007f22b9fe86c0]:[P2 Fan] layer_id=309 >= after_layers(0), speed=0
[warning]	2026-08-21 22:07:53.129994[Thread 0x00007f22c73e66c0]:[P2 Fan Config] before_layers=0, after_layers=0, before_speed=0, after_speed=0
[warning]	2026-08-21 22:07:53.130032[Thread 0x00007f22c73e66c0]:[P2 Fan] layer_id=310 >= after_layers(0), speed=0
[warning]	2026-08-21 22:07:53.132669[Thread 0x00007f22b9fe86c0]:[P2 Fan Config] before_layers=0, after_layers=0, before_speed=0, after_speed=0
[warning]	2026-08-21 22:07:53.132696[Thread 0x00007f22b9fe86c0]:[P2 Fan] layer_id=311 >= after_layers(0), speed=0
[warning]	2026-08-21 22:07:53.134921[Thread 0x00007f22c73e66c0]:[P2 Fan Config] before_layers=0, after_layers=0, before_speed=0, after_speed=0
[warning]	2026-08-21 22:07:53.134934[Thread 0x00007f22c73e66c0]:[P2 Fan] layer_id=312 >= after_layers(0), speed=0
[warning]	2026-08-21 22:07:53.136391[Thread 0x00007f22b9fe86c0]:[P2 Fan Config] before_layers=0, after_layers=0, before_speed=0, after_speed=0
[warning]	2026-08-21 22:07:53.136401[Thread 0x00007f22b9fe86c0]:[P2 Fan] layer_id=313 >= after_layers(0), speed=0
[warning]	2026-08-21 22:07:53.137408[Thread 0x00007f22c73e66c0]:[P2 Fan Config] before_layers=0, after_layers=0, before_speed=0, after_speed=0
[warning]	2026-08-21 22:07:53.137417[Thread 0x00007f22c73e66c0]:[P2 Fan] layer_id=314 >= after_layers(0), speed=0
[warning]	2026-08-21 22:07:53.138435[Thread 0x00007f22b9fe86c0]:[P2 Fan Config] before_layers=0, after_layers=0, before_speed=0, after_speed=0
[warning]	2026-08-21 22:07:53.138444[Thread 0x00007f22b9fe86c0]:[P2 Fan] layer_id=315 >= after_layers(0), speed=0
[warning]	2026-08-21 22:07:53.139723[Thread 0x00007f22c73e66c0]:[P2 Fan Config] before_layers=0, after_layers=0, before_speed=0, after_speed=0
[warning]	2026-08-21 22:07:53.139732[Thread 0x00007f22c73e66c0]:[P2 Fan] layer_id=316 >= after_layers(0), speed=0
[warning]	2026-08-21 22:07:53.140721[Thread 0x00007f22b9fe86c0]:[P2 Fan Config] before_layers=0, after_layers=0, before_speed=0, after_speed=0
[warning]	2026-08-21 22:07:53.140731[Thread 0x00007f22b9fe86c0]:[P2 Fan] layer_id=317 >= after_layers(0), speed=0
[warning]	2026-08-21 22:07:53.143554[Thread 0x00007f22c73e66c0]:[P2 Fan Config] before_layers=0, after_layers=0, before_speed=0, after_speed=0
[warning]	2026-08-21 22:07:53.143600[Thread 0x00007f22c73e66c0]:[P2 Fan] layer_id=318 >= after_layers(0), speed=0
[warning]	2026-08-21 22:07:53.148344[Thread 0x00007f22b9fe86c0]:[P2 Fan Config] before_layers=0, after_layers=0, before_speed=0, after_speed=0
[warning]	2026-08-21 22:07:53.148351[Thread 0x00007f22b9fe86c0]:[P2 Fan] layer_id=319 >= after_layers(0), speed=0
[warning]	2026-08-21 22:08:30.648851[Thread 0x00007f22b9fe86c0]:SupportSpotsGenerator does not currently handle different materials properly, only first will be used
[warning]	2026-08-21 22:08:32.986708[Thread 0x00007f22b9fe86c0]:[P2 Fan Config] before_layers=0, after_layers=0, before_speed=0, after_speed=0
[warning]	2026-08-21 22:08:32.986753[Thread 0x00007f22b9fe86c0]:[P2 Fan] layer_id=0 <= before_layers(0), speed=0
[warning]	2026-08-21 22:08:33.013244[Thread 0x00007f22c67e46c0]:[P2 Fan Config] before_layers=0, after_layers=0, before_speed=0, after_speed=0
[warning]	2026-08-21 22:08:33.013270[Thread 0x00007f22c67e46c0]:[P2 Fan] layer_id=1 >= after_layers(0), speed=0
[warning]	2026-08-21 22:08:33.017964[Thread 0x00007f22c73e66c0]:[P2 Fan Config] before_layers=0, after_layers=0, before_speed=0, after_speed=0
[warning]	2026-08-21 22:08:33.017984[Thread 0x00007f22c73e66c0]:[P2 Fan] layer_id=2 >= after_layers(0), speed=0
[warning]	2026-08-21 22:08:33.021614[Thread 0x00007f22c3bfc6c0]:[P2 Fan Config] before_layers=0, after_layers=0, before_speed=0, after_speed=0
[warning]	2026-08-21 22:08:33.021648[Thread 0x00007f22c3bfc6c0]:[P2 Fan] layer_id=3 >= after_layers(0), speed=0
[warning]	2026-08-21 22:08:33.024586[Thread 0x00007f22c67e46c0]:[P2 Fan Config] before_layers=0, after_layers=0, before_speed=0, after_speed=0
[warning]	2026-08-21 22:08:33.024642[Thread 0x00007f22c67e46c0]:[P2 Fan] layer_id=4 >= after_layers(0), speed=0
[warning]	2026-08-21 22:08:33.033489[Thread 0x00007f22b9fe86c0]:[P2 Fan Config] before_layers=0, after_layers=0, before_speed=0, after_speed=0
[warning]	2026-08-21 22:08:33.033524[Thread 0x00007f22b9fe86c0]:[P2 Fan] layer_id=5 >= after_layers(0), speed=0
[warning]	2026-08-21 22:08:33.085162[Thread 0x00007f22c47ff6c0]:[P2 Fan Config] before_layers=0, after_layers=0, before_speed=0, after_speed=0
[warning]	2026-08-21 22:08:33.085185[Thread 0x00007f22c47ff6c0]:[P2 Fan] layer_id=6 >= after_layers(0), speed=0
[warning]	2026-08-21 22:08:33.090091[Thread 0x00007f22b9fe86c0]:[P2 Fan Config] before_layers=0, after_layers=0, before_speed=0, after_speed=0
[warning]	2026-08-21 22:08:33.090154[Thread 0x00007f22b9fe86c0]:[P2 Fan] layer_id=7 >= after_layers(0), speed=0
[warning]	2026-08-21 22:08:33.094413[Thread 0x00007f22b9fe86c0]:[P2 Fan Config] before_layers=0, after_layers=0, before_speed=0, after_speed=0
[warning]	2026-08-21 22:08:33.094433[Thread 0x00007f22b9fe86c0]:[P2 Fan] layer_id=8 >= after_layers(0), speed=0
[warning]	2026-08-21 22:08:33.098810[Thread 0x00007f22b9fe86c0]:[P2 Fan Config] before_layers=0, after_layers=0, before_speed=0, after_speed=0
[warning]	2026-08-21 22:08:33.098822[Thread 0x00007f22b9fe86c0]:[P2 Fan] layer_id=9 >= after_layers(0), speed=0
[warning]	2026-08-21 22:08:33.103373[Thread 0x00007f22c6be56c0]:[P2 Fan Config] before_layers=0, after_layers=0, before_speed=0, after_speed=0
[warning]	2026-08-21 22:08:33.103384[Thread 0x00007f22c6be56c0]:[P2 Fan] layer_id=10 >= after_layers(0), speed=0
[warning]	2026-08-21 22:08:33.224831[Thread 0x00007f22c43fe6c0]:[P2 Fan Config] before_layers=0, after_layers=0, before_speed=0, after_speed=0
[warning]	2026-08-21 22:08:33.224845[Thread 0x00007f22c43fe6c0]:[P2 Fan] layer_id=11 >= after_layers(0), speed=0
[warning]	2026-08-21 22:08:33.275950[Thread 0x00007f22b9fe86c0]:[P2 Fan Config] before_layers=0, after_layers=0, before_speed=0, after_speed=0
[warning]	2026-08-21 22:08:33.275982[Thread 0x00007f22b9fe86c0]:[P2 Fan] layer_id=12 >= after_layers(0), speed=0
[warning]	2026-08-21 22:08:33.281488[Thread 0x00007f22c67e46c0]:[P2 Fan Config] before_layers=0, after_layers=0, before_speed=0, after_speed=0
[warning]	2026-08-21 22:08:33.281544[Thread 0x00007f22c67e46c0]:[P2 Fan] layer_id=13 >= after_layers(0), speed=0
[warning]	2026-08-21 22:08:33.284508[Thread 0x00007f22c67e46c0]:[P2 Fan Config] before_layers=0, after_layers=0, before_speed=0, after_speed=0
[warning]	2026-08-21 22:08:33.284582[Thread 0x00007f22c67e46c0]:[P2 Fan] layer_id=14 >= after_layers(0), speed=0
[warning]	2026-08-21 22:08:33.287427[Thread 0x00007f22c67e46c0]:[P2 Fan Config] before_layers=0, after_layers=0, before_speed=0, after_speed=0
[warning]	2026-08-21 22:08:33.287454[Thread 0x00007f22c67e46c0]:[P2 Fan] layer_id=15 >= after_layers(0), speed=0
[warning]	2026-08-21 22:08:33.290283[Thread 0x00007f22c67e46c0]:[P2 Fan Config] before_layers=0, after_layers=0, before_speed=0, after_speed=0
[warning]	2026-08-21 22:08:33.290308[Thread 0x00007f22c67e46c0]:[P2 Fan] layer_id=16 >= after_layers(0), speed=0
[warning]	2026-08-21 22:08:33.292628[Thread 0x00007f22c67e46c0]:[P2 Fan Config] before_layers=0, after_layers=0, before_speed=0, after_speed=0
[warning]	2026-08-21 22:08:33.292638[Thread 0x00007f22c67e46c0]:[P2 Fan] layer_id=17 >= after_layers(0), speed=0
[warning]	2026-08-21 22:08:33.294907[Thread 0x00007f22c67e46c0]:[P2 Fan Config] before_layers=0, after_layers=0, before_speed=0, after_speed=0
[warning]	2026-08-21 22:08:33.294919[Thread 0x00007f22c67e46c0]:[P2 Fan] layer_id=18 >= after_layers(0), speed=0
[warning]	2026-08-21 22:08:33.296078[Thread 0x00007f22b9fe86c0]:[P2 Fan Config] before_layers=0, after_layers=0, before_speed=0, after_speed=0
[warning]	2026-08-21 22:08:33.296086[Thread 0x00007f22b9fe86c0]:[P2 Fan] layer_id=19 >= after_layers(0), speed=0
[warning]	2026-08-21 22:08:33.297818[Thread 0x00007f22c67e46c0]:[P2 Fan Config] before_layers=0, after_layers=0, before_speed=0, after_speed=0
[warning]	2026-08-21 22:08:33.297827[Thread 0x00007f22c67e46c0]:[P2 Fan] layer_id=20 >= after_layers(0), speed=0
[warning]	2026-08-21 22:08:33.299099[Thread 0x00007f22c73e66c0]:[P2 Fan Config] before_layers=0, after_layers=0, before_speed=0, after_speed=0
[warning]	2026-08-21 22:08:33.299109[Thread 0x00007f22c73e66c0]:[P2 Fan] layer_id=21 >= after_layers(0), speed=0
[warning]	2026-08-21 22:08:33.300183[Thread 0x00007f22c6be56c0]:[P2 Fan Config] before_layers=0, after_layers=0, before_speed=0, after_speed=0
[warning]	2026-08-21 22:08:33.300192[Thread 0x00007f22c6be56c0]:[P2 Fan] layer_id=22 >= after_layers(0), speed=0
[warning]	2026-08-21 22:08:33.301269[Thread 0x00007f22c47ff6c0]:[P2 Fan Config] before_layers=0, after_layers=0, before_speed=0, after_speed=0
[warning]	2026-08-21 22:08:33.301277[Thread 0x00007f22c47ff6c0]:[P2 Fan] layer_id=23 >= after_layers(0), speed=0
[warning]	2026-08-21 22:08:33.329585[Thread 0x00007f22b9fe86c0]:[P2 Fan Config] before_layers=0, after_layers=0, before_speed=0, after_speed=0
[warning]	2026-08-21 22:08:33.329626[Thread 0x00007f22b9fe86c0]:[P2 Fan] layer_id=24 >= after_layers(0), speed=0
[warning]	2026-08-21 22:08:33.332847[Thread 0x00007f22c47ff6c0]:[P2 Fan Config] before_layers=0, after_layers=0, before_speed=0, after_speed=0
[warning]	2026-08-21 22:08:33.332862[Thread 0x00007f22c47ff6c0]:[P2 Fan] layer_id=25 >= after_layers(0), speed=0
[warning]	2026-08-21 22:08:33.336668[Thread 0x00007f22c3ffd6c0]:[P2 Fan Config] before_layers=0, after_layers=0, before_speed=0, after_speed=0
[warning]	2026-08-21 22:08:33.336680[Thread 0x00007f22c3ffd6c0]:[P2 Fan] layer_id=26 >= after_layers(0), speed=0
[warning]	2026-08-21 22:08:33.338650[Thread 0x00007f22b9fe86c0]:[P2 Fan Config] before_layers=0, after_layers=0, before_speed=0, after_speed=0
[warning]	2026-08-21 22:08:33.338659[Thread 0x00007f22b9fe86c0]:[P2 Fan] layer_id=27 >= after_layers(0), speed=0
[warning]	2026-08-21 22:08:33.340586[Thread 0x00007f22c6be56c0]:[P2 Fan Config] before_layers=0, after_layers=0, before_speed=0, after_speed=0
[warning]	2026-08-21 22:08:33.340595[Thread 0x00007f22c6be56c0]:[P2 Fan] layer_id=28 >= after_layers(0), speed=0
[warning]	2026-08-21 22:08:33.342571[Thread 0x00007f22b9fe86c0]:[P2 Fan Config] before_layers=0, after_layers=0, before_speed=0, after_speed=0
[warning]	2026-08-21 22:08:33.342579[Thread 0x00007f22b9fe86c0]:[P2 Fan] layer_id=29 >= after_layers(0), speed=0
[warning]	2026-08-21 22:08:33.345283[Thread 0x00007f22c47ff6c0]:[P2 Fan Config] before_layers=0, after_layers=0, before_speed=0, after_speed=0
[warning]	2026-08-21 22:08:33.345293[Thread 0x00007f22c47ff6c0]:[P2 Fan] layer_id=30 >= after_layers(0), speed=0
[warning]	2026-08-21 22:08:33.348140[Thread 0x00007f22c3ffd6c0]:[P2 Fan Config] before_layers=0, after_layers=0, before_speed=0, after_speed=0
[warning]	2026-08-21 22:08:33.348155[Thread 0x00007f22c3ffd6c0]:[P2 Fan] layer_id=31 >= after_layers(0), speed=0
[warning]	2026-08-21 22:08:33.350400[Thread 0x00007f22c67e46c0]:[P2 Fan Config] before_layers=0, after_layers=0, before_speed=0, after_speed=0
[warning]	2026-08-21 22:08:33.350417[Thread 0x00007f22c67e46c0]:[P2 Fan] layer_id=32 >= after_layers(0), speed=0
[warning]	2026-08-21 22:08:33.354268[Thread 0x00007f22c43fe6c0]:[P2 Fan Config] before_layers=0, after_layers=0, before_speed=0, after_speed=0
[warning]	2026-08-21 22:08:33.354323[Thread 0x00007f22c43fe6c0]:[P2 Fan] layer_id=33 >= after_layers(0), speed=0
[warning]	2026-08-21 22:08:33.360988[Thread 0x00007f22c3bfc6c0]:[P2 Fan Config] before_layers=0, after_layers=0, before_speed=0, after_speed=0
[warning]	2026-08-21 22:08:33.361029[Thread 0x00007f22c3bfc6c0]:[P2 Fan] layer_id=34 >= after_layers(0), speed=0
[warning]	2026-08-21 22:08:33.364510[Thread 0x00007f22b9fe86c0]:[P2 Fan Config] before_layers=0, after_layers=0, before_speed=0, after_speed=0
[warning]	2026-08-21 22:08:33.364530[Thread 0x00007f22b9fe86c0]:[P2 Fan] layer_id=35 >= after_layers(0), speed=0
[warning]	2026-08-21 22:08:33.366909[Thread 0x00007f22c73e66c0]:[P2 Fan Config] before_layers=0, after_layers=0, before_speed=0, after_speed=0
[warning]	2026-08-21 22:08:33.366921[Thread 0x00007f22c73e66c0]:[P2 Fan] layer_id=36 >= after_layers(0), speed=0
[warning]	2026-08-21 22:08:33.369021[Thread 0x00007f22c3ffd6c0]:[P2 Fan Config] before_layers=0, after_layers=0, before_speed=0, after_speed=0
[warning]	2026-08-21 22:08:33.369032[Thread 0x00007f22c3ffd6c0]:[P2 Fan] layer_id=37 >= after_layers(0), speed=0
[warning]	2026-08-21 22:08:33.371209[Thread 0x00007f22b9fe86c0]:[P2 Fan Config] before_layers=0, after_layers=0, before_speed=0, after_speed=0
[warning]	2026-08-21 22:08:33.371219[Thread 0x00007f22b9fe86c0]:[P2 Fan] layer_id=38 >= after_layers(0), speed=0
[warning]	2026-08-21 22:08:33.373542[Thread 0x00007f22c3bfc6c0]:[P2 Fan Config] before_layers=0, after_layers=0, before_speed=0, after_speed=0
[warning]	2026-08-21 22:08:33.373554[Thread 0x00007f22c3bfc6c0]:[P2 Fan] layer_id=39 >= after_layers(0), speed=0
[warning]	2026-08-21 22:08:33.375819[Thread 0x00007f22c6be56c0]:[P2 Fan Config] before_layers=0, after_layers=0, before_speed=0, after_speed=0
[warning]	2026-08-21 22:08:33.375830[Thread 0x00007f22c6be56c0]:[P2 Fan] layer_id=40 >= after_layers(0), speed=0
[warning]	2026-08-21 22:08:33.377506[Thread 0x00007f22c3bfc6c0]:[P2 Fan Config] before_layers=0, after_layers=0, before_speed=0, after_speed=0
[warning]	2026-08-21 22:08:33.377514[Thread 0x00007f22c3bfc6c0]:[P2 Fan] layer_id=41 >= after_layers(0), speed=0
[warning]	2026-08-21 22:08:33.379288[Thread 0x00007f22b9fe86c0]:[P2 Fan Config] before_layers=0, after_layers=0, before_speed=0, after_speed=0
[warning]	2026-08-21 22:08:33.379297[Thread 0x00007f22b9fe86c0]:[P2 Fan] layer_id=42 >= after_layers(0), speed=0
[warning]	2026-08-21 22:08:33.381061[Thread 0x00007f22c3ffd6c0]:[P2 Fan Config] before_layers=0, after_layers=0, before_speed=0, after_speed=0
[warning]	2026-08-21 22:08:33.381074[Thread 0x00007f22c3ffd6c0]:[P2 Fan] layer_id=43 >= after_layers(0), speed=0
[warning]	2026-08-21 22:08:33.384826[Thread 0x00007f22c47ff6c0]:[P2 Fan Config] before_layers=0, after_layers=0, before_speed=0, after_speed=0
[warning]	2026-08-21 22:08:33.384850[Thread 0x00007f22c47ff6c0]:[P2 Fan] layer_id=44 >= after_layers(0), speed=0
[warning]	2026-08-21 22:08:33.390754[Thread 0x00007f22b9fe86c0]:[P2 Fan Config] before_layers=0, after_layers=0, before_speed=0, after_speed=0
[warning]	2026-08-21 22:08:33.390868[Thread 0x00007f22b9fe86c0]:[P2 Fan] layer_id=45 >= after_layers(0), speed=0
[warning]	2026-08-21 22:08:33.398247[Thread 0x00007f22c47ff6c0]:[P2 Fan Config] before_layers=0, after_layers=0, before_speed=0, after_speed=0
[warning]	2026-08-21 22:08:33.398271[Thread 0x00007f22c47ff6c0]:[P2 Fan] layer_id=46 >= after_layers(0), speed=0
[warning]	2026-08-21 22:08:33.402100[Thread 0x00007f22b9fe86c0]:[P2 Fan Config] before_layers=0, after_layers=0, before_speed=0, after_speed=0
[warning]	2026-08-21 22:08:33.402111[Thread 0x00007f22b9fe86c0]:[P2 Fan] layer_id=47 >= after_layers(0), speed=0
[warning]	2026-08-21 22:08:33.404222[Thread 0x00007f22c67e46c0]:[P2 Fan Config] before_layers=0, after_layers=0, before_speed=0, after_speed=0
[warning]	2026-08-21 22:08:33.404232[Thread 0x00007f22c67e46c0]:[P2 Fan] layer_id=48 >= after_layers(0), speed=0
[warning]	2026-08-21 22:08:33.408486[Thread 0x00007f22c47ff6c0]:[P2 Fan Config] before_layers=0, after_layers=0, before_speed=0, after_speed=0
[warning]	2026-08-21 22:08:33.408498[Thread 0x00007f22c47ff6c0]:[P2 Fan] layer_id=49 >= after_layers(0), speed=0
[warning]	2026-08-21 22:08:33.409736[Thread 0x00007f22c73e66c0]:[P2 Fan Config] before_layers=0, after_layers=0, before_speed=0, after_speed=0
[warning]	2026-08-21 22:08:33.409746[Thread 0x00007f22c73e66c0]:[P2 Fan] layer_id=50 >= after_layers(0), speed=0
[warning]	2026-08-21 22:08:33.413091[Thread 0x00007f22b9fe86c0]:[P2 Fan Config] before_layers=0, after_layers=0, before_speed=0, after_speed=0
[warning]	2026-08-21 22:08:33.413100[Thread 0x00007f22b9fe86c0]:[P2 Fan] layer_id=51 >= after_layers(0), speed=0
[warning]	2026-08-21 22:08:33.414799[Thread 0x00007f22c3bfc6c0]:[P2 Fan Config] before_layers=0, after_layers=0, before_speed=0, after_speed=0
[warning]	2026-08-21 22:08:33.414816[Thread 0x00007f22c3bfc6c0]:[P2 Fan] layer_id=52 >= after_layers(0), speed=0
[warning]	2026-08-21 22:08:33.419299[Thread 0x00007f22c47ff6c0]:[P2 Fan Config] before_layers=0, after_layers=0, before_speed=0, after_speed=0
[warning]	2026-08-21 22:08:33.419362[Thread 0x00007f22c47ff6c0]:[P2 Fan] layer_id=53 >= after_layers(0), speed=0
[warning]	2026-08-21 22:08:33.425908[Thread 0x00007f22b9fe86c0]:[P2 Fan Config] before_layers=0, after_layers=0, before_speed=0, after_speed=0
[warning]	2026-08-21 22:08:33.425937[Thread 0x00007f22b9fe86c0]:[P2 Fan] layer_id=54 >= after_layers(0), speed=0
[warning]	2026-08-21 22:08:33.432459[Thread 0x00007f22c47ff6c0]:[P2 Fan Config] before_layers=0, after_layers=0, before_speed=0, after_speed=0
[warning]	2026-08-21 22:08:33.432479[Thread 0x00007f22c47ff6c0]:[P2 Fan] layer_id=55 >= after_layers(0), speed=0
[warning]	2026-08-21 22:08:33.436267[Thread 0x00007f22b9fe86c0]:[P2 Fan Config] before_layers=0, after_layers=0, before_speed=0, after_speed=0
[warning]	2026-08-21 22:08:33.436277[Thread 0x00007f22b9fe86c0]:[P2 Fan] layer_id=56 >= after_layers(0), speed=0
[warning]	2026-08-21 22:08:33.438950[Thread 0x00007f22c6be56c0]:[P2 Fan Config] before_layers=0, after_layers=0, before_speed=0, after_speed=0
[warning]	2026-08-21 22:08:33.438959[Thread 0x00007f22c6be56c0]:[P2 Fan] layer_id=57 >= after_layers(0), speed=0
[warning]	2026-08-21 22:08:33.443102[Thread 0x00007f22c47ff6c0]:[P2 Fan Config] before_layers=0, after_layers=0, before_speed=0, after_speed=0
[warning]	2026-08-21 22:08:33.443113[Thread 0x00007f22c47ff6c0]:[P2 Fan] layer_id=58 >= after_layers(0), speed=0
[warning]	2026-08-21 22:08:33.446405[Thread 0x00007f22b9fe86c0]:[P2 Fan Config] before_layers=0, after_layers=0, before_speed=0, after_speed=0
[warning]	2026-08-21 22:08:33.446414[Thread 0x00007f22b9fe86c0]:[P2 Fan] layer_id=59 >= after_layers(0), speed=0
[warning]	2026-08-21 22:08:33.449018[Thread 0x00007f22c3ffd6c0]:[P2 Fan Config] before_layers=0, after_layers=0, before_speed=0, after_speed=0
[warning]	2026-08-21 22:08:33.449031[Thread 0x00007f22c3ffd6c0]:[P2 Fan] layer_id=60 >= after_layers(0), speed=0
[warning]	2026-08-21 22:08:33.453110[Thread 0x00007f22b9fe86c0]:[P2 Fan Config] before_layers=0, after_layers=0, before_speed=0, after_speed=0
[warning]	2026-08-21 22:08:33.453155[Thread 0x00007f22b9fe86c0]:[P2 Fan] layer_id=61 >= after_layers(0), speed=0
[warning]	2026-08-21 22:08:33.461099[Thread 0x00007f22c6be56c0]:[P2 Fan Config] before_layers=0, after_layers=0, before_speed=0, after_speed=0
[warning]	2026-08-21 22:08:33.461137[Thread 0x00007f22c6be56c0]:[P2 Fan] layer_id=62 >= after_layers(0), speed=0
[warning]	2026-08-21 22:08:33.465605[Thread 0x00007f22b9fe86c0]:[P2 Fan Config] before_layers=0, after_layers=0, before_speed=0, after_speed=0
[warning]	2026-08-21 22:08:33.465620[Thread 0x00007f22b9fe86c0]:[P2 Fan] layer_id=63 >= after_layers(0), speed=0
[warning]	2026-08-21 22:08:33.468664[Thread 0x00007f22c73e66c0]:[P2 Fan Config] before_layers=0, after_layers=0, before_speed=0, after_speed=0
[warning]	2026-08-21 22:08:33.468675[Thread 0x00007f22c73e66c0]:[P2 Fan] layer_id=64 >= after_layers(0), speed=0
[warning]	2026-08-21 22:08:33.471610[Thread 0x00007f22b9fe86c0]:[P2 Fan Config] before_layers=0, after_layers=0, before_speed=0, after_speed=0
[warning]	2026-08-21 22:08:33.471620[Thread 0x00007f22b9fe86c0]:[P2 Fan] layer_id=65 >= after_layers(0), speed=0
[warning]	2026-08-21 22:08:33.475198[Thread 0x00007f22c47ff6c0]:[P2 Fan Config] before_layers=0, after_layers=0, before_speed=0, after_speed=0
[warning]	2026-08-21 22:08:33.475211[Thread 0x00007f22c47ff6c0]:[P2 Fan] layer_id=66 >= after_layers(0), speed=0
[warning]	2026-08-21 22:08:33.477033[Thread 0x00007f22c73e66c0]:[P2 Fan Config] before_layers=0, after_layers=0, before_speed=0, after_speed=0
[warning]	2026-08-21 22:08:33.477042[Thread 0x00007f22c73e66c0]:[P2 Fan] layer_id=67 >= after_layers(0), speed=0
[warning]	2026-08-21 22:08:33.481532[Thread 0x00007f22b9fe86c0]:[P2 Fan Config] before_layers=0, after_layers=0, before_speed=0, after_speed=0
[warning]	2026-08-21 22:08:33.481548[Thread 0x00007f22b9fe86c0]:[P2 Fan] layer_id=68 >= after_layers(0), speed=0
[warning]	2026-08-21 22:08:33.488305[Thread 0x00007f22c47ff6c0]:[P2 Fan Config] before_layers=0, after_layers=0, before_speed=0, after_speed=0
[warning]	2026-08-21 22:08:33.488387[Thread 0x00007f22c47ff6c0]:[P2 Fan] layer_id=69 >= after_layers(0), speed=0
[warning]	2026-08-21 22:08:33.494918[Thread 0x00007f22c3ffd6c0]:[P2 Fan Config] before_layers=0, after_layers=0, before_speed=0, after_speed=0
[warning]	2026-08-21 22:08:33.494958[Thread 0x00007f22c3ffd6c0]:[P2 Fan] layer_id=70 >= after_layers(0), speed=0
[warning]	2026-08-21 22:08:33.501263[Thread 0x00007f22c43fe6c0]:[P2 Fan Config] before_layers=0, after_layers=0, before_speed=0, after_speed=0
[warning]	2026-08-21 22:08:33.501280[Thread 0x00007f22c43fe6c0]:[P2 Fan] layer_id=71 >= after_layers(0), speed=0
[warning]	2026-08-21 22:08:33.504489[Thread 0x00007f22b9fe86c0]:[P2 Fan Config] before_layers=0, after_layers=0, before_speed=0, after_speed=0
[warning]	2026-08-21 22:08:33.504500[Thread 0x00007f22b9fe86c0]:[P2 Fan] layer_id=72 >= after_layers(0), speed=0
[warning]	2026-08-21 22:08:33.508252[Thread 0x00007f22c6be56c0]:[P2 Fan Config] before_layers=0, after_layers=0, before_speed=0, after_speed=0
[warning]	2026-08-21 22:08:33.508260[Thread 0x00007f22c6be56c0]:[P2 Fan] layer_id=73 >= after_layers(0), speed=0
[warning]	2026-08-21 22:08:33.511711[Thread 0x00007f22b9fe86c0]:[P2 Fan Config] before_layers=0, after_layers=0, before_speed=0, after_speed=0
[warning]	2026-08-21 22:08:33.511719[Thread 0x00007f22b9fe86c0]:[P2 Fan] layer_id=74 >= after_layers(0), speed=0
[warning]	2026-08-21 22:08:33.515337[Thread 0x00007f22c47ff6c0]:[P2 Fan Config] before_layers=0, after_layers=0, before_speed=0, after_speed=0
[warning]	2026-08-21 22:08:33.515351[Thread 0x00007f22c47ff6c0]:[P2 Fan] layer_id=75 >= after_layers(0), speed=0
[warning]	2026-08-21 22:08:33.524635[Thread 0x00007f22b9fe86c0]:[P2 Fan Config] before_layers=0, after_layers=0, before_speed=0, after_speed=0
[warning]	2026-08-21 22:08:33.524685[Thread 0x00007f22b9fe86c0]:[P2 Fan] layer_id=76 >= after_layers(0), speed=0
[warning]	2026-08-21 22:08:33.536387[Thread 0x00007f22c3ffd6c0]:[P2 Fan Config] before_layers=0, after_layers=0, before_speed=0, after_speed=0
[warning]	2026-08-21 22:08:33.536406[Thread 0x00007f22c3ffd6c0]:[P2 Fan] layer_id=77 >= after_layers(0), speed=0
[warning]	2026-08-21 22:08:33.540438[Thread 0x00007f22c43fe6c0]:[P2 Fan Config] before_layers=0, after_layers=0, before_speed=0, after_speed=0
[warning]	2026-08-21 22:08:33.540449[Thread 0x00007f22c43fe6c0]:[P2 Fan] layer_id=78 >= after_layers(0), speed=0
[warning]	2026-08-21 22:08:33.547131[Thread 0x00007f22b9fe86c0]:[P2 Fan Config] before_layers=0, after_layers=0, before_speed=0, after_speed=0
[warning]	2026-08-21 22:08:33.547144[Thread 0x00007f22b9fe86c0]:[P2 Fan] layer_id=79 >= after_layers(0), speed=0
[warning]	2026-08-21 22:08:33.554691[Thread 0x00007f22c3ffd6c0]:[P2 Fan Config] before_layers=0, after_layers=0, before_speed=0, after_speed=0
[warning]	2026-08-21 22:08:33.554713[Thread 0x00007f22c3ffd6c0]:[P2 Fan] layer_id=80 >= after_layers(0), speed=0
[warning]	2026-08-21 22:08:33.560313[Thread 0x00007f22c43fe6c0]:[P2 Fan Config] before_layers=0, after_layers=0, before_speed=0, after_speed=0
[warning]	2026-08-21 22:08:33.560331[Thread 0x00007f22c43fe6c0]:[P2 Fan] layer_id=81 >= after_layers(0), speed=0
[warning]	2026-08-21 22:08:33.571333[Thread 0x00007f22c47ff6c0]:[P2 Fan Config] before_layers=0, after_layers=0, before_speed=0, after_speed=0
[warning]	2026-08-21 22:08:33.571366[Thread 0x00007f22c47ff6c0]:[P2 Fan] layer_id=82 >= after_layers(0), speed=0
[warning]	2026-08-21 22:08:33.579488[Thread 0x00007f22c43fe6c0]:[P2 Fan Config] before_layers=0, after_layers=0, before_speed=0, after_speed=0
[warning]	2026-08-21 22:08:33.579504[Thread 0x00007f22c43fe6c0]:[P2 Fan] layer_id=83 >= after_layers(0), speed=0
[warning]	2026-08-21 22:08:33.584771[Thread 0x00007f22c47ff6c0]:[P2 Fan Config] before_layers=0, after_layers=0, before_speed=0, after_speed=0
[warning]	2026-08-21 22:08:33.584788[Thread 0x00007f22c47ff6c0]:[P2 Fan] layer_id=84 >= after_layers(0), speed=0
[warning]	2026-08-21 22:08:33.587807[Thread 0x00007f22b9fe86c0]:[P2 Fan Config] before_layers=0, after_layers=0, before_speed=0, after_speed=0
[warning]	2026-08-21 22:08:33.587817[Thread 0x00007f22b9fe86c0]:[P2 Fan] layer_id=85 >= after_layers(0), speed=0
[warning]	2026-08-21 22:08:33.590686[Thread 0x00007f22c43fe6c0]:[P2 Fan Config] before_layers=0, after_layers=0, before_speed=0, after_speed=0
[warning]	2026-08-21 22:08:33.590694[Thread 0x00007f22c43fe6c0]:[P2 Fan] layer_id=86 >= after_layers(0), speed=0
[warning]	2026-08-21 22:08:33.593093[Thread 0x00007f22b9fe86c0]:[P2 Fan Config] before_layers=0, after_layers=0, before_speed=0, after_speed=0
[warning]	2026-08-21 22:08:33.593101[Thread 0x00007f22b9fe86c0]:[P2 Fan] layer_id=87 >= after_layers(0), speed=0
[warning]	2026-08-21 22:08:33.595395[Thread 0x00007f22c47ff6c0]:[P2 Fan Config] before_layers=0, after_layers=0, before_speed=0, after_speed=0
[warning]	2026-08-21 22:08:33.595402[Thread 0x00007f22c47ff6c0]:[P2 Fan] layer_id=88 >= after_layers(0), speed=0
[warning]	2026-08-21 22:08:33.597788[Thread 0x00007f22c3ffd6c0]:[P2 Fan Config] before_layers=0, after_layers=0, before_speed=0, after_speed=0
[warning]	2026-08-21 22:08:33.597795[Thread 0x00007f22c3ffd6c0]:[P2 Fan] layer_id=89 >= after_layers(0), speed=0
[warning]	2026-08-21 22:08:33.600168[Thread 0x00007f22c47ff6c0]:[P2 Fan Config] before_layers=0, after_layers=0, before_speed=0, after_speed=0
[warning]	2026-08-21 22:08:33.600174[Thread 0x00007f22c47ff6c0]:[P2 Fan] layer_id=90 >= after_layers(0), speed=0
[warning]	2026-08-21 22:08:33.602713[Thread 0x00007f22b9fe86c0]:[P2 Fan Config] before_layers=0, after_layers=0, before_speed=0, after_speed=0
[warning]	2026-08-21 22:08:33.602720[Thread 0x00007f22b9fe86c0]:[P2 Fan] layer_id=91 >= after_layers(0), speed=0
[warning]	2026-08-21 22:08:33.605389[Thread 0x00007f22c67e46c0]:[P2 Fan Config] before_layers=0, after_layers=0, before_speed=0, after_speed=0
[warning]	2026-08-21 22:08:33.605397[Thread 0x00007f22c67e46c0]:[P2 Fan] layer_id=92 >= after_layers(0), speed=0
[warning]	2026-08-21 22:08:33.608194[Thread 0x00007f22b9fe86c0]:[P2 Fan Config] before_layers=0, after_layers=0, before_speed=0, after_speed=0
[warning]	2026-08-21 22:08:33.608201[Thread 0x00007f22b9fe86c0]:[P2 Fan] layer_id=93 >= after_layers(0), speed=0
[warning]	2026-08-21 22:08:33.611289[Thread 0x00007f22c6be56c0]:[P2 Fan Config] before_layers=0, after_layers=0, before_speed=0, after_speed=0
[warning]	2026-08-21 22:08:33.611296[Thread 0x00007f22c6be56c0]:[P2 Fan] layer_id=94 >= after_layers(0), speed=0
[warning]	2026-08-21 22:08:33.615741[Thread 0x00007f22b9fe86c0]:[P2 Fan Config] before_layers=0, after_layers=0, before_speed=0, after_speed=0
[warning]	2026-08-21 22:08:33.615764[Thread 0x00007f22b9fe86c0]:[P2 Fan] layer_id=95 >= after_layers(0), speed=0
[warning]	2026-08-21 22:08:33.625709[Thread 0x00007f22c47ff6c0]:[P2 Fan Config] before_layers=0, after_layers=0, before_speed=0, after_speed=0
[warning]	2026-08-21 22:08:33.625753[Thread 0x00007f22c47ff6c0]:[P2 Fan] layer_id=96 >= after_layers(0), speed=0
[warning]	2026-08-21 22:08:33.632961[Thread 0x00007f22b9fe86c0]:[P2 Fan Config] before_layers=0, after_layers=0, before_speed=0, after_speed=0
[warning]	2026-08-21 22:08:33.632976[Thread 0x00007f22b9fe86c0]:[P2 Fan] layer_id=97 >= after_layers(0), speed=0
[warning]	2026-08-21 22:08:33.637731[Thread 0x00007f22c6be56c0]:[P2 Fan Config] before_layers=0, after_layers=0, before_speed=0, after_speed=0
[warning]	2026-08-21 22:08:33.637740[Thread 0x00007f22c6be56c0]:[P2 Fan] layer_id=98 >= after_layers(0), speed=0
[warning]	2026-08-21 22:08:33.642406[Thread 0x00007f22b9fe86c0]:[P2 Fan Config] before_layers=0, after_layers=0, before_speed=0, after_speed=0
[warning]	2026-08-21 22:08:33.642414[Thread 0x00007f22b9fe86c0]:[P2 Fan] layer_id=99 >= after_layers(0), speed=0
[warning]	2026-08-21 22:08:33.646640[Thread 0x00007f22c6be56c0]:[P2 Fan Config] before_layers=0, after_layers=0, before_speed=0, after_speed=0
[warning]	2026-08-21 22:08:33.646657[Thread 0x00007f22c6be56c0]:[P2 Fan] layer_id=100 >= after_layers(0), speed=0
[warning]	2026-08-21 22:08:33.653280[Thread 0x00007f22b9fe86c0]:[P2 Fan Config] before_layers=0, after_layers=0, before_speed=0, after_speed=0
[warning]	2026-08-21 22:08:33.653353[Thread 0x00007f22b9fe86c0]:[P2 Fan] layer_id=101 >= after_layers(0), speed=0
[warning]	2026-08-21 22:08:33.662678[Thread 0x00007f22c73e66c0]:[P2 Fan Config] before_layers=0, after_layers=0, before_speed=0, after_speed=0
[warning]	2026-08-21 22:08:33.662698[Thread 0x00007f22c73e66c0]:[P2 Fan] layer_id=102 >= after_layers(0), speed=0
[warning]	2026-08-21 22:08:33.667814[Thread 0x00007f22b9fe86c0]:[P2 Fan Config] before_layers=0, after_layers=0, before_speed=0, after_speed=0
[warning]	2026-08-21 22:08:33.667824[Thread 0x00007f22b9fe86c0]:[P2 Fan] layer_id=103 >= after_layers(0), speed=0
[warning]	2026-08-21 22:08:33.671850[Thread 0x00007f22c3bfc6c0]:[P2 Fan Config] before_layers=0, after_layers=0, before_speed=0, after_speed=0
[warning]	2026-08-21 22:08:33.671861[Thread 0x00007f22c3bfc6c0]:[P2 Fan] layer_id=104 >= after_layers(0), speed=0
[warning]	2026-08-21 22:08:33.674980[Thread 0x00007f22b9fe86c0]:[P2 Fan Config] before_layers=0, after_layers=0, before_speed=0, after_speed=0
[warning]	2026-08-21 22:08:33.674988[Thread 0x00007f22b9fe86c0]:[P2 Fan] layer_id=105 >= after_layers(0), speed=0
[warning]	2026-08-21 22:08:33.677904[Thread 0x00007f22c6be56c0]:[P2 Fan Config] before_layers=0, after_layers=0, before_speed=0, after_speed=0
[warning]	2026-08-21 22:08:33.677912[Thread 0x00007f22c6be56c0]:[P2 Fan] layer_id=106 >= after_layers(0), speed=0
[warning]	2026-08-21 22:08:33.680438[Thread 0x00007f22b9fe86c0]:[P2 Fan Config] before_layers=0, after_layers=0, before_speed=0, after_speed=0
[warning]	2026-08-21 22:08:33.680450[Thread 0x00007f22b9fe86c0]:[P2 Fan] layer_id=107 >= after_layers(0), speed=0
[warning]	2026-08-21 22:08:33.686667[Thread 0x00007f22c3ffd6c0]:[P2 Fan Config] before_layers=0, after_layers=0, before_speed=0, after_speed=0
[warning]	2026-08-21 22:08:33.686733[Thread 0x00007f22c3ffd6c0]:[P2 Fan] layer_id=108 >= after_layers(0), speed=0
[warning]	2026-08-21 22:08:33.693278[Thread 0x00007f22b9fe86c0]:[P2 Fan Config] before_layers=0, after_layers=0, before_speed=0, after_speed=0
[warning]	2026-08-21 22:08:33.693313[Thread 0x00007f22b9fe86c0]:[P2 Fan] layer_id=109 >= after_layers(0), speed=0
[warning]	2026-08-21 22:08:33.697561[Thread 0x00007f22c43fe6c0]:[P2 Fan Config] before_layers=0, after_layers=0, before_speed=0, after_speed=0
[warning]	2026-08-21 22:08:33.697576[Thread 0x00007f22c43fe6c0]:[P2 Fan] layer_id=110 >= after_layers(0), speed=0
[warning]	2026-08-21 22:08:33.700322[Thread 0x00007f22b9fe86c0]:[P2 Fan Config] before_layers=0, after_layers=0, before_speed=0, after_speed=0
[warning]	2026-08-21 22:08:33.700331[Thread 0x00007f22b9fe86c0]:[P2 Fan] layer_id=111 >= after_layers(0), speed=0
[warning]	2026-08-21 22:08:33.703322[Thread 0x00007f22c6be56c0]:[P2 Fan Config] before_layers=0, after_layers=0, before_speed=0, after_speed=0
[warning]	2026-08-21 22:08:33.703331[Thread 0x00007f22c6be56c0]:[P2 Fan] layer_id=112 >= after_layers(0), speed=0
[warning]	2026-08-21 22:08:33.705896[Thread 0x00007f22b9fe86c0]:[P2 Fan Config] before_layers=0, after_layers=0, before_speed=0, after_speed=0
[warning]	2026-08-21 22:08:33.705903[Thread 0x00007f22b9fe86c0]:[P2 Fan] layer_id=113 >= after_layers(0), speed=0
[warning]	2026-08-21 22:08:33.708831[Thread 0x00007f22c6be56c0]:[P2 Fan Config] before_layers=0, after_layers=0, before_speed=0, after_speed=0
[warning]	2026-08-21 22:08:33.708839[Thread 0x00007f22c6be56c0]:[P2 Fan] layer_id=114 >= after_layers(0), speed=0
[warning]	2026-08-21 22:08:33.711793[Thread 0x00007f22b9fe86c0]:[P2 Fan Config] before_layers=0, after_layers=0, before_speed=0, after_speed=0
[warning]	2026-08-21 22:08:33.711801[Thread 0x00007f22b9fe86c0]:[P2 Fan] layer_id=115 >= after_layers(0), speed=0
[warning]	2026-08-21 22:08:33.715997[Thread 0x00007f22c6be56c0]:[P2 Fan Config] before_layers=0, after_layers=0, before_speed=0, after_speed=0
[warning]	2026-08-21 22:08:33.716015[Thread 0x00007f22c6be56c0]:[P2 Fan] layer_id=116 >= after_layers(0), speed=0
[warning]	2026-08-21 22:08:33.725706[Thread 0x00007f22b9fe86c0]:[P2 Fan Config] before_layers=0, after_layers=0, before_speed=0, after_speed=0
[warning]	2026-08-21 22:08:33.725738[Thread 0x00007f22b9fe86c0]:[P2 Fan] layer_id=117 >= after_layers(0), speed=0
[warning]	2026-08-21 22:08:33.732073[Thread 0x00007f22c6be56c0]:[P2 Fan Config] before_layers=0, after_layers=0, before_speed=0, after_speed=0
[warning]	2026-08-21 22:08:33.732087[Thread 0x00007f22c6be56c0]:[P2 Fan] layer_id=118 >= after_layers(0), speed=0
[warning]	2026-08-21 22:08:33.736333[Thread 0x00007f22b9fe86c0]:[P2 Fan Config] before_layers=0, after_layers=0, before_speed=0, after_speed=0
[warning]	2026-08-21 22:08:33.736342[Thread 0x00007f22b9fe86c0]:[P2 Fan] layer_id=119 >= after_layers(0), speed=0
[warning]	2026-08-21 22:08:33.739991[Thread 0x00007f22c3bfc6c0]:[P2 Fan Config] before_layers=0, after_layers=0, before_speed=0, after_speed=0
[warning]	2026-08-21 22:08:33.740000[Thread 0x00007f22c3bfc6c0]:[P2 Fan] layer_id=120 >= after_layers(0), speed=0
[warning]	2026-08-21 22:08:33.743586[Thread 0x00007f22b9fe86c0]:[P2 Fan Config] before_layers=0, after_layers=0, before_speed=0, after_speed=0
[warning]	2026-08-21 22:08:33.743603[Thread 0x00007f22b9fe86c0]:[P2 Fan] layer_id=121 >= after_layers(0), speed=0
[warning]	2026-08-21 22:08:33.747915[Thread 0x00007f22c47ff6c0]:[P2 Fan Config] before_layers=0, after_layers=0, before_speed=0, after_speed=0
[warning]	2026-08-21 22:08:33.747943[Thread 0x00007f22c47ff6c0]:[P2 Fan] layer_id=122 >= after_layers(0), speed=0
[warning]	2026-08-21 22:08:33.758486[Thread 0x00007f22c6be56c0]:[P2 Fan Config] before_layers=0, after_layers=0, before_speed=0, after_speed=0
[warning]	2026-08-21 22:08:33.758513[Thread 0x00007f22c6be56c0]:[P2 Fan] layer_id=123 >= after_layers(0), speed=0
[warning]	2026-08-21 22:08:33.765406[Thread 0x00007f22b9fe86c0]:[P2 Fan Config] before_layers=0, after_layers=0, before_speed=0, after_speed=0
[warning]	2026-08-21 22:08:33.765422[Thread 0x00007f22b9fe86c0]:[P2 Fan] layer_id=124 >= after_layers(0), speed=0
[warning]	2026-08-21 22:08:33.768932[Thread 0x00007f22c3bfc6c0]:[P2 Fan Config] before_layers=0, after_layers=0, before_speed=0, after_speed=0
[warning]	2026-08-21 22:08:33.768941[Thread 0x00007f22c3bfc6c0]:[P2 Fan] layer_id=125 >= after_layers(0), speed=0
[warning]	2026-08-21 22:08:33.772447[Thread 0x00007f22b9fe86c0]:[P2 Fan Config] before_layers=0, after_layers=0, before_speed=0, after_speed=0
[warning]	2026-08-21 22:08:33.772455[Thread 0x00007f22b9fe86c0]:[P2 Fan] layer_id=126 >= after_layers(0), speed=0
[warning]	2026-08-21 22:08:33.775561[Thread 0x00007f22c47ff6c0]:[P2 Fan Config] before_layers=0, after_layers=0, before_speed=0, after_speed=0
[warning]	2026-08-21 22:08:33.775569[Thread 0x00007f22c47ff6c0]:[P2 Fan] layer_id=127 >= after_layers(0), speed=0
[warning]	2026-08-21 22:08:33.778613[Thread 0x00007f22b9fe86c0]:[P2 Fan Config] before_layers=0, after_layers=0, before_speed=0, after_speed=0
[warning]	2026-08-21 22:08:33.778622[Thread 0x00007f22b9fe86c0]:[P2 Fan] layer_id=128 >= after_layers(0), speed=0
[warning]	2026-08-21 22:08:33.783304[Thread 0x00007f22c3ffd6c0]:[P2 Fan Config] before_layers=0, after_layers=0, before_speed=0, after_speed=0
[warning]	2026-08-21 22:08:33.783324[Thread 0x00007f22c3ffd6c0]:[P2 Fan] layer_id=129 >= after_layers(0), speed=0
[warning]	2026-08-21 22:08:33.793071[Thread 0x00007f22c3bfc6c0]:[P2 Fan Config] before_layers=0, after_layers=0, before_speed=0, after_speed=0
[warning]	2026-08-21 22:08:33.793114[Thread 0x00007f22c3bfc6c0]:[P2 Fan] layer_id=130 >= after_layers(0), speed=0
[warning]	2026-08-21 22:08:33.800095[Thread 0x00007f22c3ffd6c0]:[P2 Fan Config] before_layers=0, after_layers=0, before_speed=0, after_speed=0
[warning]	2026-08-21 22:08:33.800114[Thread 0x00007f22c3ffd6c0]:[P2 Fan] layer_id=131 >= after_layers(0), speed=0
[warning]	2026-08-21 22:08:33.804155[Thread 0x00007f22c3bfc6c0]:[P2 Fan Config] before_layers=0, after_layers=0, before_speed=0, after_speed=0
[warning]	2026-08-21 22:08:33.804165[Thread 0x00007f22c3bfc6c0]:[P2 Fan] layer_id=132 >= after_layers(0), speed=0
[warning]	2026-08-21 22:08:33.807365[Thread 0x00007f22c67e46c0]:[P2 Fan Config] before_layers=0, after_layers=0, before_speed=0, after_speed=0
[warning]	2026-08-21 22:08:33.807374[Thread 0x00007f22c67e46c0]:[P2 Fan] layer_id=133 >= after_layers(0), speed=0
[warning]	2026-08-21 22:08:33.810895[Thread 0x00007f22c73e66c0]:[P2 Fan Config] before_layers=0, after_layers=0, before_speed=0, after_speed=0
[warning]	2026-08-21 22:08:33.810905[Thread 0x00007f22c73e66c0]:[P2 Fan] layer_id=134 >= after_layers(0), speed=0
[warning]	2026-08-21 22:08:33.815636[Thread 0x00007f22c47ff6c0]:[P2 Fan Config] before_layers=0, after_layers=0, before_speed=0, after_speed=0
[warning]	2026-08-21 22:08:33.815663[Thread 0x00007f22c47ff6c0]:[P2 Fan] layer_id=135 >= after_layers(0), speed=0
[warning]	2026-08-21 22:08:33.825580[Thread 0x00007f22c3ffd6c0]:[P2 Fan Config] before_layers=0, after_layers=0, before_speed=0, after_speed=0
[warning]	2026-08-21 22:08:33.825643[Thread 0x00007f22c3ffd6c0]:[P2 Fan] layer_id=136 >= after_layers(0), speed=0
[warning]	2026-08-21 22:08:33.834537[Thread 0x00007f22b9fe86c0]:[P2 Fan Config] before_layers=0, after_layers=0, before_speed=0, after_speed=0
[warning]	2026-08-21 22:08:33.834558[Thread 0x00007f22b9fe86c0]:[P2 Fan] layer_id=137 >= after_layers(0), speed=0
[warning]	2026-08-21 22:08:33.843047[Thread 0x00007f22c67e46c0]:[P2 Fan Config] before_layers=0, after_layers=0, before_speed=0, after_speed=0
[warning]	2026-08-21 22:08:33.843060[Thread 0x00007f22c67e46c0]:[P2 Fan] layer_id=138 >= after_layers(0), speed=0
[warning]	2026-08-21 22:08:33.850299[Thread 0x00007f22b9fe86c0]:[P2 Fan Config] before_layers=0, after_layers=0, before_speed=0, after_speed=0
[warning]	2026-08-21 22:08:33.850321[Thread 0x00007f22b9fe86c0]:[P2 Fan] layer_id=139 >= after_layers(0), speed=0
[warning]	2026-08-21 22:08:33.862063[Thread 0x00007f22c67e46c0]:[P2 Fan Config] before_layers=0, after_layers=0, before_speed=0, after_speed=0
[warning]	2026-08-21 22:08:33.862097[Thread 0x00007f22c67e46c0]:[P2 Fan] layer_id=140 >= after_layers(0), speed=0
[warning]	2026-08-21 22:08:33.867705[Thread 0x00007f22b9fe86c0]:[P2 Fan Config] before_layers=0, after_layers=0, before_speed=0, after_speed=0
[warning]	2026-08-21 22:08:33.867717[Thread 0x00007f22b9fe86c0]:[P2 Fan] layer_id=141 >= after_layers(0), speed=0
[warning]	2026-08-21 22:08:33.872181[Thread 0x00007f22c43fe6c0]:[P2 Fan Config] before_layers=0, after_layers=0, before_speed=0, after_speed=0
[warning]	2026-08-21 22:08:33.872191[Thread 0x00007f22c43fe6c0]:[P2 Fan] layer_id=142 >= after_layers(0), speed=0
[warning]	2026-08-21 22:08:33.876324[Thread 0x00007f22b9fe86c0]:[P2 Fan Config] before_layers=0, after_layers=0, before_speed=0, after_speed=0
[warning]	2026-08-21 22:08:33.876331[Thread 0x00007f22b9fe86c0]:[P2 Fan] layer_id=143 >= after_layers(0), speed=0
[warning]	2026-08-21 22:08:33.879998[Thread 0x00007f22c3ffd6c0]:[P2 Fan Config] before_layers=0, after_layers=0, before_speed=0, after_speed=0
[warning]	2026-08-21 22:08:33.880011[Thread 0x00007f22c3ffd6c0]:[P2 Fan] layer_id=144 >= after_layers(0), speed=0
[warning]	2026-08-21 22:08:33.886474[Thread 0x00007f22b9fe86c0]:[P2 Fan Config] before_layers=0, after_layers=0, before_speed=0, after_speed=0
[warning]	2026-08-21 22:08:33.886570[Thread 0x00007f22b9fe86c0]:[P2 Fan] layer_id=145 >= after_layers(0), speed=0
[warning]	2026-08-21 22:08:33.897047[Thread 0x00007f22c43fe6c0]:[P2 Fan Config] before_layers=0, after_layers=0, before_speed=0, after_speed=0
[warning]	2026-08-21 22:08:33.897065[Thread 0x00007f22c43fe6c0]:[P2 Fan] layer_id=146 >= after_layers(0), speed=0
[warning]	2026-08-21 22:08:33.901850[Thread 0x00007f22b9fe86c0]:[P2 Fan Config] before_layers=0, after_layers=0, before_speed=0, after_speed=0
[warning]	2026-08-21 22:08:33.901862[Thread 0x00007f22b9fe86c0]:[P2 Fan] layer_id=147 >= after_layers(0), speed=0
[warning]	2026-08-21 22:08:33.905871[Thread 0x00007f22c43fe6c0]:[P2 Fan Config] before_layers=0, after_layers=0, before_speed=0, after_speed=0
[warning]	2026-08-21 22:08:33.905881[Thread 0x00007f22c43fe6c0]:[P2 Fan] layer_id=148 >= after_layers(0), speed=0
[warning]	2026-08-21 22:08:33.909184[Thread 0x00007f22c47ff6c0]:[P2 Fan Config] before_layers=0, after_layers=0, before_speed=0, after_speed=0
[warning]	2026-08-21 22:08:33.909193[Thread 0x00007f22c47ff6c0]:[P2 Fan] layer_id=149 >= after_layers(0), speed=0
[warning]	2026-08-21 22:08:33.912249[Thread 0x00007f22b9fe86c0]:[P2 Fan Config] before_layers=0, after_layers=0, before_speed=0, after_speed=0
[warning]	2026-08-21 22:08:33.912258[Thread 0x00007f22b9fe86c0]:[P2 Fan] layer_id=150 >= after_layers(0), speed=0
[warning]	2026-08-21 22:08:33.917879[Thread 0x00007f22c43fe6c0]:[P2 Fan Config] before_layers=0, after_layers=0, before_speed=0, after_speed=0
[warning]	2026-08-21 22:08:33.917939[Thread 0x00007f22c43fe6c0]:[P2 Fan] layer_id=151 >= after_layers(0), speed=0
[warning]	2026-08-21 22:08:33.928618[Thread 0x00007f22c73e66c0]:[P2 Fan Config] before_layers=0, after_layers=0, before_speed=0, after_speed=0
[warning]	2026-08-21 22:08:33.928652[Thread 0x00007f22c73e66c0]:[P2 Fan] layer_id=152 >= after_layers(0), speed=0
[warning]	2026-08-21 22:08:33.933951[Thread 0x00007f22c43fe6c0]:[P2 Fan Config] before_layers=0, after_layers=0, before_speed=0, after_speed=0
[warning]	2026-08-21 22:08:33.933963[Thread 0x00007f22c43fe6c0]:[P2 Fan] layer_id=153 >= after_layers(0), speed=0
[warning]	2026-08-21 22:08:33.936763[Thread 0x00007f22b9fe86c0]:[P2 Fan Config] before_layers=0, after_layers=0, before_speed=0, after_speed=0
[warning]	2026-08-21 22:08:33.936772[Thread 0x00007f22b9fe86c0]:[P2 Fan] layer_id=154 >= after_layers(0), speed=0
[warning]	2026-08-21 22:08:33.939670[Thread 0x00007f22c3bfc6c0]:[P2 Fan Config] before_layers=0, after_layers=0, before_speed=0, after_speed=0
[warning]	2026-08-21 22:08:33.939679[Thread 0x00007f22c3bfc6c0]:[P2 Fan] layer_id=155 >= after_layers(0), speed=0
[warning]	2026-08-21 22:08:33.942545[Thread 0x00007f22b9fe86c0]:[P2 Fan Config] before_layers=0, after_layers=0, before_speed=0, after_speed=0
[warning]	2026-08-21 22:08:33.942553[Thread 0x00007f22b9fe86c0]:[P2 Fan] layer_id=156 >= after_layers(0), speed=0
[warning]	2026-08-21 22:08:33.945939[Thread 0x00007f22c3ffd6c0]:[P2 Fan Config] before_layers=0, after_layers=0, before_speed=0, after_speed=0
[warning]	2026-08-21 22:08:33.945956[Thread 0x00007f22c3ffd6c0]:[P2 Fan] layer_id=157 >= after_layers(0), speed=0
[warning]	2026-08-21 22:08:33.950737[Thread 0x00007f22b9fe86c0]:[P2 Fan Config] before_layers=0, after_layers=0, before_speed=0, after_speed=0
[warning]	2026-08-21 22:08:33.950751[Thread 0x00007f22b9fe86c0]:[P2 Fan] layer_id=158 >= after_layers(0), speed=0
[warning]	2026-08-21 22:08:33.960517[Thread 0x00007f22c47ff6c0]:[P2 Fan Config] before_layers=0, after_layers=0, before_speed=0, after_speed=0
[warning]	2026-08-21 22:08:33.960551[Thread 0x00007f22c47ff6c0]:[P2 Fan] layer_id=159 >= after_layers(0), speed=0
[warning]	2026-08-21 22:08:33.967039[Thread 0x00007f22c3ffd6c0]:[P2 Fan Config] before_layers=0, after_layers=0, before_speed=0, after_speed=0
[warning]	2026-08-21 22:08:33.967054[Thread 0x00007f22c3ffd6c0]:[P2 Fan] layer_id=160 >= after_layers(0), speed=0
[warning]	2026-08-21 22:08:33.973029[Thread 0x00007f22c73e66c0]:[P2 Fan Config] before_layers=0, after_layers=0, before_speed=0, after_speed=0
[warning]	2026-08-21 22:08:33.973041[Thread 0x00007f22c73e66c0]:[P2 Fan] layer_id=161 >= after_layers(0), speed=0
[warning]	2026-08-21 22:08:33.978416[Thread 0x00007f22c43fe6c0]:[P2 Fan Config] before_layers=0, after_layers=0, before_speed=0, after_speed=0
[warning]	2026-08-21 22:08:33.978427[Thread 0x00007f22c43fe6c0]:[P2 Fan] layer_id=162 >= after_layers(0), speed=0
[warning]	2026-08-21 22:08:33.984700[Thread 0x00007f22c67e46c0]:[P2 Fan Config] before_layers=0, after_layers=0, before_speed=0, after_speed=0
[warning]	2026-08-21 22:08:33.984762[Thread 0x00007f22c67e46c0]:[P2 Fan] layer_id=163 >= after_layers(0), speed=0
[warning]	2026-08-21 22:08:33.994831[Thread 0x00007f22c73e66c0]:[P2 Fan Config] before_layers=0, after_layers=0, before_speed=0, after_speed=0
[warning]	2026-08-21 22:08:33.994868[Thread 0x00007f22c73e66c0]:[P2 Fan] layer_id=164 >= after_layers(0), speed=0
[warning]	2026-08-21 22:08:34.001892[Thread 0x00007f22c67e46c0]:[P2 Fan Config] before_layers=0, after_layers=0, before_speed=0, after_speed=0
[warning]	2026-08-21 22:08:34.001909[Thread 0x00007f22c67e46c0]:[P2 Fan] layer_id=165 >= after_layers(0), speed=0
[warning]	2026-08-21 22:08:34.008617[Thread 0x00007f22c43fe6c0]:[P2 Fan Config] before_layers=0, after_layers=0, before_speed=0, after_speed=0
[warning]	2026-08-21 22:08:34.008631[Thread 0x00007f22c43fe6c0]:[P2 Fan] layer_id=166 >= after_layers(0), speed=0
[warning]	2026-08-21 22:08:34.016348[Thread 0x00007f22b9fe86c0]:[P2 Fan Config] before_layers=0, after_layers=0, before_speed=0, after_speed=0
[warning]	2026-08-21 22:08:34.016375[Thread 0x00007f22b9fe86c0]:[P2 Fan] layer_id=167 >= after_layers(0), speed=0
[warning]	2026-08-21 22:08:34.029541[Thread 0x00007f22c6be56c0]:[P2 Fan Config] before_layers=0, after_layers=0, before_speed=0, after_speed=0
[warning]	2026-08-21 22:08:34.029563[Thread 0x00007f22c6be56c0]:[P2 Fan] layer_id=168 >= after_layers(0), speed=0
[warning]	2026-08-21 22:08:34.035748[Thread 0x00007f22b9fe86c0]:[P2 Fan Config] before_layers=0, after_layers=0, before_speed=0, after_speed=0
[warning]	2026-08-21 22:08:34.035758[Thread 0x00007f22b9fe86c0]:[P2 Fan] layer_id=169 >= after_layers(0), speed=0
[warning]	2026-08-21 22:08:34.039084[Thread 0x00007f22c67e46c0]:[P2 Fan Config] before_layers=0, after_layers=0, before_speed=0, after_speed=0
[warning]	2026-08-21 22:08:34.039093[Thread 0x00007f22c67e46c0]:[P2 Fan] layer_id=170 >= after_layers(0), speed=0
[warning]	2026-08-21 22:08:34.043124[Thread 0x00007f22c3bfc6c0]:[P2 Fan Config] before_layers=0, after_layers=0, before_speed=0, after_speed=0
[warning]	2026-08-21 22:08:34.043136[Thread 0x00007f22c3bfc6c0]:[P2 Fan] layer_id=171 >= after_layers(0), speed=0
[warning]	2026-08-21 22:08:34.046687[Thread 0x00007f22c3ffd6c0]:[P2 Fan Config] before_layers=0, after_layers=0, before_speed=0, after_speed=0
[warning]	2026-08-21 22:08:34.046703[Thread 0x00007f22c3ffd6c0]:[P2 Fan] layer_id=172 >= after_layers(0), speed=0
[warning]	2026-08-21 22:08:34.050086[Thread 0x00007f22c47ff6c0]:[P2 Fan Config] before_layers=0, after_layers=0, before_speed=0, after_speed=0
[warning]	2026-08-21 22:08:34.050102[Thread 0x00007f22c47ff6c0]:[P2 Fan] layer_id=173 >= after_layers(0), speed=0
[warning]	2026-08-21 22:08:34.056302[Thread 0x00007f22b9fe86c0]:[P2 Fan Config] before_layers=0, after_layers=0, before_speed=0, after_speed=0
[warning]	2026-08-21 22:08:34.056359[Thread 0x00007f22b9fe86c0]:[P2 Fan] layer_id=174 >= after_layers(0), speed=0
[warning]	2026-08-21 22:08:34.061980[Thread 0x00007f22c3ffd6c0]:[P2 Fan Config] before_layers=0, after_layers=0, before_speed=0, after_speed=0
[warning]	2026-08-21 22:08:34.062017[Thread 0x00007f22c3ffd6c0]:[P2 Fan] layer_id=175 >= after_layers(0), speed=0
[warning]	2026-08-21 22:08:34.066282[Thread 0x00007f22b9fe86c0]:[P2 Fan Config] before_layers=0, after_layers=0, before_speed=0, after_speed=0
[warning]	2026-08-21 22:08:34.066301[Thread 0x00007f22b9fe86c0]:[P2 Fan] layer_id=176 >= after_layers(0), speed=0
[warning]	2026-08-21 22:08:34.070109[Thread 0x00007f22c3bfc6c0]:[P2 Fan Config] before_layers=0, after_layers=0, before_speed=0, after_speed=0
[warning]	2026-08-21 22:08:34.070123[Thread 0x00007f22c3bfc6c0]:[P2 Fan] layer_id=177 >= after_layers(0), speed=0
[warning]	2026-08-21 22:08:34.074214[Thread 0x00007f22b9fe86c0]:[P2 Fan Config] before_layers=0, after_layers=0, before_speed=0, after_speed=0
[warning]	2026-08-21 22:08:34.074225[Thread 0x00007f22b9fe86c0]:[P2 Fan] layer_id=178 >= after_layers(0), speed=0
[warning]	2026-08-21 22:08:34.078473[Thread 0x00007f22c6be56c0]:[P2 Fan Config] before_layers=0, after_layers=0, before_speed=0, after_speed=0
[warning]	2026-08-21 22:08:34.078487[Thread 0x00007f22c6be56c0]:[P2 Fan] layer_id=179 >= after_layers(0), speed=0
[warning]	2026-08-21 22:08:34.082656[Thread 0x00007f22c3ffd6c0]:[P2 Fan Config] before_layers=0, after_layers=0, before_speed=0, after_speed=0
[warning]	2026-08-21 22:08:34.082678[Thread 0x00007f22c3ffd6c0]:[P2 Fan] layer_id=180 >= after_layers(0), speed=0
[warning]	2026-08-21 22:08:34.088958[Thread 0x00007f22c67e46c0]:[P2 Fan Config] before_layers=0, after_layers=0, before_speed=0, after_speed=0
[warning]	2026-08-21 22:08:34.089031[Thread 0x00007f22c67e46c0]:[P2 Fan] layer_id=181 >= after_layers(0), speed=0
[warning]	2026-08-21 22:08:34.097149[Thread 0x00007f22b9fe86c0]:[P2 Fan Config] before_layers=0, after_layers=0, before_speed=0, after_speed=0
[warning]	2026-08-21 22:08:34.097166[Thread 0x00007f22b9fe86c0]:[P2 Fan] layer_id=182 >= after_layers(0), speed=0
[warning]	2026-08-21 22:08:34.101136[Thread 0x00007f22c3ffd6c0]:[P2 Fan Config] before_layers=0, after_layers=0, before_speed=0, after_speed=0
[warning]	2026-08-21 22:08:34.101145[Thread 0x00007f22c3ffd6c0]:[P2 Fan] layer_id=183 >= after_layers(0), speed=0
[warning]	2026-08-21 22:08:34.105047[Thread 0x00007f22b9fe86c0]:[P2 Fan Config] before_layers=0, after_layers=0, before_speed=0, after_speed=0
[warning]	2026-08-21 22:08:34.105054[Thread 0x00007f22b9fe86c0]:[P2 Fan] layer_id=184 >= after_layers(0), speed=0
[warning]	2026-08-21 22:08:34.108925[Thread 0x00007f22c67e46c0]:[P2 Fan Config] before_layers=0, after_layers=0, before_speed=0, after_speed=0
[warning]	2026-08-21 22:08:34.108932[Thread 0x00007f22c67e46c0]:[P2 Fan] layer_id=185 >= after_layers(0), speed=0
[warning]	2026-08-21 22:08:34.112967[Thread 0x00007f22b9fe86c0]:[P2 Fan Config] before_layers=0, after_layers=0, before_speed=0, after_speed=0
[warning]	2026-08-21 22:08:34.112982[Thread 0x00007f22b9fe86c0]:[P2 Fan] layer_id=186 >= after_layers(0), speed=0
[warning]	2026-08-21 22:08:34.119993[Thread 0x00007f22c3ffd6c0]:[P2 Fan Config] before_layers=0, after_layers=0, before_speed=0, after_speed=0
[warning]	2026-08-21 22:08:34.120016[Thread 0x00007f22c3ffd6c0]:[P2 Fan] layer_id=187 >= after_layers(0), speed=0
[warning]	2026-08-21 22:08:34.130169[Thread 0x00007f22b9fe86c0]:[P2 Fan Config] before_layers=0, after_layers=0, before_speed=0, after_speed=0
[warning]	2026-08-21 22:08:34.130185[Thread 0x00007f22b9fe86c0]:[P2 Fan] layer_id=188 >= after_layers(0), speed=0
[warning]	2026-08-21 22:08:34.135983[Thread 0x00007f22c47ff6c0]:[P2 Fan Config] before_layers=0, after_layers=0, before_speed=0, after_speed=0
[warning]	2026-08-21 22:08:34.135993[Thread 0x00007f22c47ff6c0]:[P2 Fan] layer_id=189 >= after_layers(0), speed=0
[warning]	2026-08-21 22:08:34.140657[Thread 0x00007f22b9fe86c0]:[P2 Fan Config] before_layers=0, after_layers=0, before_speed=0, after_speed=0
[warning]	2026-08-21 22:08:34.140665[Thread 0x00007f22b9fe86c0]:[P2 Fan] layer_id=190 >= after_layers(0), speed=0
[warning]	2026-08-21 22:08:34.144722[Thread 0x00007f22c6be56c0]:[P2 Fan Config] before_layers=0, after_layers=0, before_speed=0, after_speed=0
[warning]	2026-08-21 22:08:34.144730[Thread 0x00007f22c6be56c0]:[P2 Fan] layer_id=191 >= after_layers(0), speed=0
[warning]	2026-08-21 22:08:34.149369[Thread 0x00007f22b9fe86c0]:[P2 Fan Config] before_layers=0, after_layers=0, before_speed=0, after_speed=0
[warning]	2026-08-21 22:08:34.149392[Thread 0x00007f22b9fe86c0]:[P2 Fan] layer_id=192 >= after_layers(0), speed=0
[warning]	2026-08-21 22:08:34.157677[Thread 0x00007f22c3bfc6c0]:[P2 Fan Config] before_layers=0, after_layers=0, before_speed=0, after_speed=0
[warning]	2026-08-21 22:08:34.157701[Thread 0x00007f22c3bfc6c0]:[P2 Fan] layer_id=193 >= after_layers(0), speed=0
[warning]	2026-08-21 22:08:34.165385[Thread 0x00007f22b9fe86c0]:[P2 Fan Config] before_layers=0, after_layers=0, before_speed=0, after_speed=0
[warning]	2026-08-21 22:08:34.165400[Thread 0x00007f22b9fe86c0]:[P2 Fan] layer_id=194 >= after_layers(0), speed=0
[warning]	2026-08-21 22:08:34.170687[Thread 0x00007f22c3bfc6c0]:[P2 Fan Config] before_layers=0, after_layers=0, before_speed=0, after_speed=0
[warning]	2026-08-21 22:08:34.170700[Thread 0x00007f22c3bfc6c0]:[P2 Fan] layer_id=195 >= after_layers(0), speed=0
[warning]	2026-08-21 22:08:34.175045[Thread 0x00007f22c43fe6c0]:[P2 Fan Config] before_layers=0, after_layers=0, before_speed=0, after_speed=0
[warning]	2026-08-21 22:08:34.175054[Thread 0x00007f22c43fe6c0]:[P2 Fan] layer_id=196 >= after_layers(0), speed=0
[warning]	2026-08-21 22:08:34.177548[Thread 0x00007f22c3ffd6c0]:[P2 Fan Config] before_layers=0, after_layers=0, before_speed=0, after_speed=0
[warning]	2026-08-21 22:08:34.177556[Thread 0x00007f22c3ffd6c0]:[P2 Fan] layer_id=197 >= after_layers(0), speed=0
[warning]	2026-08-21 22:08:34.180375[Thread 0x00007f22c3bfc6c0]:[P2 Fan Config] before_layers=0, after_layers=0, before_speed=0, after_speed=0
[warning]	2026-08-21 22:08:34.180385[Thread 0x00007f22c3bfc6c0]:[P2 Fan] layer_id=198 >= after_layers(0), speed=0
[warning]	2026-08-21 22:08:34.185111[Thread 0x00007f22b9fe86c0]:[P2 Fan Config] before_layers=0, after_layers=0, before_speed=0, after_speed=0
[warning]	2026-08-21 22:08:34.185171[Thread 0x00007f22b9fe86c0]:[P2 Fan] layer_id=199 >= after_layers(0), speed=0
[warning]	2026-08-21 22:08:34.193451[Thread 0x00007f22c3bfc6c0]:[P2 Fan Config] before_layers=0, after_layers=0, before_speed=0, after_speed=0
[warning]	2026-08-21 22:08:34.193490[Thread 0x00007f22c3bfc6c0]:[P2 Fan] layer_id=200 >= after_layers(0), speed=0
[warning]	2026-08-21 22:08:34.199507[Thread 0x00007f22b9fe86c0]:[P2 Fan Config] before_layers=0, after_layers=0, before_speed=0, after_speed=0
[warning]	2026-08-21 22:08:34.199522[Thread 0x00007f22b9fe86c0]:[P2 Fan] layer_id=201 >= after_layers(0), speed=0
[warning]	2026-08-21 22:08:34.203603[Thread 0x00007f22c3bfc6c0]:[P2 Fan Config] before_layers=0, after_layers=0, before_speed=0, after_speed=0
[warning]	2026-08-21 22:08:34.203613[Thread 0x00007f22c3bfc6c0]:[P2 Fan] layer_id=202 >= after_layers(0), speed=0
[warning]	2026-08-21 22:08:34.207564[Thread 0x00007f22b9fe86c0]:[P2 Fan Config] before_layers=0, after_layers=0, before_speed=0, after_speed=0
[warning]	2026-08-21 22:08:34.207571[Thread 0x00007f22b9fe86c0]:[P2 Fan] layer_id=203 >= after_layers(0), speed=0
[warning]	2026-08-21 22:08:34.211318[Thread 0x00007f22c6be56c0]:[P2 Fan Config] before_layers=0, after_layers=0, before_speed=0, after_speed=0
[warning]	2026-08-21 22:08:34.211326[Thread 0x00007f22c6be56c0]:[P2 Fan] layer_id=204 >= after_layers(0), speed=0
[warning]	2026-08-21 22:08:34.215889[Thread 0x00007f22b9fe86c0]:[P2 Fan Config] before_layers=0, after_layers=0, before_speed=0, after_speed=0
[warning]	2026-08-21 22:08:34.215912[Thread 0x00007f22b9fe86c0]:[P2 Fan] layer_id=205 >= after_layers(0), speed=0
[warning]	2026-08-21 22:08:34.225916[Thread 0x00007f22c47ff6c0]:[P2 Fan Config] before_layers=0, after_layers=0, before_speed=0, after_speed=0
[warning]	2026-08-21 22:08:34.225938[Thread 0x00007f22c47ff6c0]:[P2 Fan] layer_id=206 >= after_layers(0), speed=0
[warning]	2026-08-21 22:08:34.233041[Thread 0x00007f22b9fe86c0]:[P2 Fan Config] before_layers=0, after_layers=0, before_speed=0, after_speed=0
[warning]	2026-08-21 22:08:34.233054[Thread 0x00007f22b9fe86c0]:[P2 Fan] layer_id=207 >= after_layers(0), speed=0
[warning]	2026-08-21 22:08:34.236896[Thread 0x00007f22c73e66c0]:[P2 Fan Config] before_layers=0, after_layers=0, before_speed=0, after_speed=0
[warning]	2026-08-21 22:08:34.236905[Thread 0x00007f22c73e66c0]:[P2 Fan] layer_id=208 >= after_layers(0), speed=0
[warning]	2026-08-21 22:08:34.240889[Thread 0x00007f22b9fe86c0]:[P2 Fan Config] before_layers=0, after_layers=0, before_speed=0, after_speed=0
[warning]	2026-08-21 22:08:34.240896[Thread 0x00007f22b9fe86c0]:[P2 Fan] layer_id=209 >= after_layers(0), speed=0
[warning]	2026-08-21 22:08:34.244702[Thread 0x00007f22c67e46c0]:[P2 Fan Config] before_layers=0, after_layers=0, before_speed=0, after_speed=0
[warning]	2026-08-21 22:08:34.244710[Thread 0x00007f22c67e46c0]:[P2 Fan] layer_id=210 >= after_layers(0), speed=0
[warning]	2026-08-21 22:08:34.249151[Thread 0x00007f22b9fe86c0]:[P2 Fan Config] before_layers=0, after_layers=0, before_speed=0, after_speed=0
[warning]	2026-08-21 22:08:34.249174[Thread 0x00007f22b9fe86c0]:[P2 Fan] layer_id=211 >= after_layers(0), speed=0
[warning]	2026-08-21 22:08:34.261896[Thread 0x00007f22c67e46c0]:[P2 Fan Config] before_layers=0, after_layers=0, before_speed=0, after_speed=0
[warning]	2026-08-21 22:08:34.261925[Thread 0x00007f22c67e46c0]:[P2 Fan] layer_id=212 >= after_layers(0), speed=0
[warning]	2026-08-21 22:08:34.269229[Thread 0x00007f22c43fe6c0]:[P2 Fan Config] before_layers=0, after_layers=0, before_speed=0, after_speed=0
[warning]	2026-08-21 22:08:34.269243[Thread 0x00007f22c43fe6c0]:[P2 Fan] layer_id=213 >= after_layers(0), speed=0
[warning]	2026-08-21 22:08:34.273761[Thread 0x00007f22c67e46c0]:[P2 Fan Config] before_layers=0, after_layers=0, before_speed=0, after_speed=0
[warning]	2026-08-21 22:08:34.273769[Thread 0x00007f22c67e46c0]:[P2 Fan] layer_id=214 >= after_layers(0), speed=0
[warning]	2026-08-21 22:08:34.276954[Thread 0x00007f22c47ff6c0]:[P2 Fan Config] before_layers=0, after_layers=0, before_speed=0, after_speed=0
[warning]	2026-08-21 22:08:34.276963[Thread 0x00007f22c47ff6c0]:[P2 Fan] layer_id=215 >= after_layers(0), speed=0
[warning]	2026-08-21 22:08:34.280315[Thread 0x00007f22c67e46c0]:[P2 Fan Config] before_layers=0, after_layers=0, before_speed=0, after_speed=0
[warning]	2026-08-21 22:08:34.280331[Thread 0x00007f22c67e46c0]:[P2 Fan] layer_id=216 >= after_layers(0), speed=0
[warning]	2026-08-21 22:08:34.284591[Thread 0x00007f22c47ff6c0]:[P2 Fan Config] before_layers=0, after_layers=0, before_speed=0, after_speed=0
[warning]	2026-08-21 22:08:34.284626[Thread 0x00007f22c47ff6c0]:[P2 Fan] layer_id=217 >= after_layers(0), speed=0
[warning]	2026-08-21 22:08:34.293542[Thread 0x00007f22b9fe86c0]:[P2 Fan Config] before_layers=0, after_layers=0, before_speed=0, after_speed=0
[warning]	2026-08-21 22:08:34.293586[Thread 0x00007f22b9fe86c0]:[P2 Fan] layer_id=218 >= after_layers(0), speed=0
[warning]	2026-08-21 22:08:34.298569[Thread 0x00007f22c67e46c0]:[P2 Fan Config] before_layers=0, after_layers=0, before_speed=0, after_speed=0
[warning]	2026-08-21 22:08:34.298582[Thread 0x00007f22c67e46c0]:[P2 Fan] layer_id=219 >= after_layers(0), speed=0
[warning]	2026-08-21 22:08:34.301498[Thread 0x00007f22b9fe86c0]:[P2 Fan Config] before_layers=0, after_layers=0, before_speed=0, after_speed=0
[warning]	2026-08-21 22:08:34.301506[Thread 0x00007f22b9fe86c0]:[P2 Fan] layer_id=220 >= after_layers(0), speed=0
[warning]	2026-08-21 22:08:34.303962[Thread 0x00007f22c3ffd6c0]:[P2 Fan Config] before_layers=0, after_layers=0, before_speed=0, after_speed=0
[warning]	2026-08-21 22:08:34.303970[Thread 0x00007f22c3ffd6c0]:[P2 Fan] layer_id=221 >= after_layers(0), speed=0
[warning]	2026-08-21 22:08:34.306673[Thread 0x00007f22b9fe86c0]:[P2 Fan Config] before_layers=0, after_layers=0, before_speed=0, after_speed=0
[warning]	2026-08-21 22:08:34.306681[Thread 0x00007f22b9fe86c0]:[P2 Fan] layer_id=222 >= after_layers(0), speed=0
[warning]	2026-08-21 22:08:34.311054[Thread 0x00007f22c6be56c0]:[P2 Fan Config] before_layers=0, after_layers=0, before_speed=0, after_speed=0
[warning]	2026-08-21 22:08:34.311069[Thread 0x00007f22c6be56c0]:[P2 Fan] layer_id=223 >= after_layers(0), speed=0
[warning]	2026-08-21 22:08:34.314386[Thread 0x00007f22b9fe86c0]:[P2 Fan Config] before_layers=0, after_layers=0, before_speed=0, after_speed=0
[warning]	2026-08-21 22:08:34.314397[Thread 0x00007f22b9fe86c0]:[P2 Fan] layer_id=224 >= after_layers(0), speed=0
[warning]	2026-08-21 22:08:34.318018[Thread 0x00007f22c43fe6c0]:[P2 Fan Config] before_layers=0, after_layers=0, before_speed=0, after_speed=0
[warning]	2026-08-21 22:08:34.318034[Thread 0x00007f22c43fe6c0]:[P2 Fan] layer_id=225 >= after_layers(0), speed=0
[warning]	2026-08-21 22:08:34.324281[Thread 0x00007f22c6be56c0]:[P2 Fan Config] before_layers=0, after_layers=0, before_speed=0, after_speed=0
[warning]	2026-08-21 22:08:34.324309[Thread 0x00007f22c6be56c0]:[P2 Fan] layer_id=226 >= after_layers(0), speed=0
[warning]	2026-08-21 22:08:34.329772[Thread 0x00007f22b9fe86c0]:[P2 Fan Config] before_layers=0, after_layers=0, before_speed=0, after_speed=0
[warning]	2026-08-21 22:08:34.329886[Thread 0x00007f22b9fe86c0]:[P2 Fan] layer_id=227 >= after_layers(0), speed=0
[warning]	2026-08-21 22:08:34.338338[Thread 0x00007f22c43fe6c0]:[P2 Fan Config] before_layers=0, after_layers=0, before_speed=0, after_speed=0
[warning]	2026-08-21 22:08:34.338374[Thread 0x00007f22c43fe6c0]:[P2 Fan] layer_id=228 >= after_layers(0), speed=0
[warning]	2026-08-21 22:08:34.343934[Thread 0x00007f22b9fe86c0]:[P2 Fan Config] before_layers=0, after_layers=0, before_speed=0, after_speed=0
[warning]	2026-08-21 22:08:34.343947[Thread 0x00007f22b9fe86c0]:[P2 Fan] layer_id=229 >= after_layers(0), speed=0
[warning]	2026-08-21 22:08:34.347565[Thread 0x00007f22c6be56c0]:[P2 Fan Config] before_layers=0, after_layers=0, before_speed=0, after_speed=0
[warning]	2026-08-21 22:08:34.347574[Thread 0x00007f22c6be56c0]:[P2 Fan] layer_id=230 >= after_layers(0), speed=0
[warning]	2026-08-21 22:08:34.352102[Thread 0x00007f22b9fe86c0]:[P2 Fan Config] before_layers=0, after_layers=0, before_speed=0, after_speed=0
[warning]	2026-08-21 22:08:34.352112[Thread 0x00007f22b9fe86c0]:[P2 Fan] layer_id=231 >= after_layers(0), speed=0
[warning]	2026-08-21 22:08:34.356975[Thread 0x00007f22c3ffd6c0]:[P2 Fan Config] before_layers=0, after_layers=0, before_speed=0, after_speed=0
[warning]	2026-08-21 22:08:34.356986[Thread 0x00007f22c3ffd6c0]:[P2 Fan] layer_id=232 >= after_layers(0), speed=0
[warning]	2026-08-21 22:08:34.359456[Thread 0x00007f22c67e46c0]:[P2 Fan Config] before_layers=0, after_layers=0, before_speed=0, after_speed=0
[warning]	2026-08-21 22:08:34.359465[Thread 0x00007f22c67e46c0]:[P2 Fan] layer_id=233 >= after_layers(0), speed=0
[warning]	2026-08-21 22:08:34.364332[Thread 0x00007f22b9fe86c0]:[P2 Fan Config] before_layers=0, after_layers=0, before_speed=0, after_speed=0
[warning]	2026-08-21 22:08:34.364341[Thread 0x00007f22b9fe86c0]:[P2 Fan] layer_id=234 >= after_layers(0), speed=0
[warning]	2026-08-21 22:08:34.368133[Thread 0x00007f22c3ffd6c0]:[P2 Fan Config] before_layers=0, after_layers=0, before_speed=0, after_speed=0
[warning]	2026-08-21 22:08:34.368142[Thread 0x00007f22c3ffd6c0]:[P2 Fan] layer_id=235 >= after_layers(0), speed=0
[warning]	2026-08-21 22:08:34.369870[Thread 0x00007f22c73e66c0]:[P2 Fan Config] before_layers=0, after_layers=0, before_speed=0, after_speed=0
[warning]	2026-08-21 22:08:34.369878[Thread 0x00007f22c73e66c0]:[P2 Fan] layer_id=236 >= after_layers(0), speed=0
[warning]	2026-08-21 22:08:34.375627[Thread 0x00007f22b9fe86c0]:[P2 Fan Config] before_layers=0, after_layers=0, before_speed=0, after_speed=0
[warning]	2026-08-21 22:08:34.375651[Thread 0x00007f22b9fe86c0]:[P2 Fan] layer_id=237 >= after_layers(0), speed=0
[warning]	2026-08-21 22:08:34.381723[Thread 0x00007f22c3ffd6c0]:[P2 Fan Config] before_layers=0, after_layers=0, before_speed=0, after_speed=0
[warning]	2026-08-21 22:08:34.381812[Thread 0x00007f22c3ffd6c0]:[P2 Fan] layer_id=238 >= after_layers(0), speed=0
[warning]	2026-08-21 22:08:34.389443[Thread 0x00007f22b9fe86c0]:[P2 Fan Config] before_layers=0, after_layers=0, before_speed=0, after_speed=0
[warning]	2026-08-21 22:08:34.389479[Thread 0x00007f22b9fe86c0]:[P2 Fan] layer_id=239 >= after_layers(0), speed=0
[warning]	2026-08-21 22:08:34.394076[Thread 0x00007f22c6be56c0]:[P2 Fan Config] before_layers=0, after_layers=0, before_speed=0, after_speed=0
[warning]	2026-08-21 22:08:34.394109[Thread 0x00007f22c6be56c0]:[P2 Fan] layer_id=240 >= after_layers(0), speed=0
[warning]	2026-08-21 22:08:34.397293[Thread 0x00007f22b9fe86c0]:[P2 Fan Config] before_layers=0, after_layers=0, before_speed=0, after_speed=0
[warning]	2026-08-21 22:08:34.397303[Thread 0x00007f22b9fe86c0]:[P2 Fan] layer_id=241 >= after_layers(0), speed=0
[warning]	2026-08-21 22:08:34.400053[Thread 0x00007f22c3ffd6c0]:[P2 Fan Config] before_layers=0, after_layers=0, before_speed=0, after_speed=0
[warning]	2026-08-21 22:08:34.400063[Thread 0x00007f22c3ffd6c0]:[P2 Fan] layer_id=242 >= after_layers(0), speed=0
[warning]	2026-08-21 22:08:34.402609[Thread 0x00007f22b9fe86c0]:[P2 Fan Config] before_layers=0, after_layers=0, before_speed=0, after_speed=0
[warning]	2026-08-21 22:08:34.402618[Thread 0x00007f22b9fe86c0]:[P2 Fan] layer_id=243 >= after_layers(0), speed=0
[warning]	2026-08-21 22:08:34.405297[Thread 0x00007f22c73e66c0]:[P2 Fan Config] before_layers=0, after_layers=0, before_speed=0, after_speed=0
[warning]	2026-08-21 22:08:34.405306[Thread 0x00007f22c73e66c0]:[P2 Fan] layer_id=244 >= after_layers(0), speed=0
[warning]	2026-08-21 22:08:34.409770[Thread 0x00007f22b9fe86c0]:[P2 Fan Config] before_layers=0, after_layers=0, before_speed=0, after_speed=0
[warning]	2026-08-21 22:08:34.409803[Thread 0x00007f22b9fe86c0]:[P2 Fan] layer_id=245 >= after_layers(0), speed=0
[warning]	2026-08-21 22:08:34.415527[Thread 0x00007f22c47ff6c0]:[P2 Fan Config] before_layers=0, after_layers=0, before_speed=0, after_speed=0
[warning]	2026-08-21 22:08:34.415565[Thread 0x00007f22c47ff6c0]:[P2 Fan] layer_id=246 >= after_layers(0), speed=0
[warning]	2026-08-21 22:08:34.423925[Thread 0x00007f22b9fe86c0]:[P2 Fan Config] before_layers=0, after_layers=0, before_speed=0, after_speed=0
[warning]	2026-08-21 22:08:34.423954[Thread 0x00007f22b9fe86c0]:[P2 Fan] layer_id=247 >= after_layers(0), speed=0
[warning]	2026-08-21 22:08:34.428914[Thread 0x00007f22c47ff6c0]:[P2 Fan Config] before_layers=0, after_layers=0, before_speed=0, after_speed=0
[warning]	2026-08-21 22:08:34.428930[Thread 0x00007f22c47ff6c0]:[P2 Fan] layer_id=248 >= after_layers(0), speed=0
[warning]	2026-08-21 22:08:34.432807[Thread 0x00007f22b9fe86c0]:[P2 Fan Config] before_layers=0, after_layers=0, before_speed=0, after_speed=0
[warning]	2026-08-21 22:08:34.432816[Thread 0x00007f22b9fe86c0]:[P2 Fan] layer_id=249 >= after_layers(0), speed=0
[warning]	2026-08-21 22:08:34.436266[Thread 0x00007f22c73e66c0]:[P2 Fan Config] before_layers=0, after_layers=0, before_speed=0, after_speed=0
[warning]	2026-08-21 22:08:34.436275[Thread 0x00007f22c73e66c0]:[P2 Fan] layer_id=250 >= after_layers(0), speed=0
[warning]	2026-08-21 22:08:34.440103[Thread 0x00007f22b9fe86c0]:[P2 Fan Config] before_layers=0, after_layers=0, before_speed=0, after_speed=0
[warning]	2026-08-21 22:08:34.440115[Thread 0x00007f22b9fe86c0]:[P2 Fan] layer_id=251 >= after_layers(0), speed=0
[warning]	2026-08-21 22:08:34.445357[Thread 0x00007f22c73e66c0]:[P2 Fan Config] before_layers=0, after_layers=0, before_speed=0, after_speed=0
[warning]	2026-08-21 22:08:34.445422[Thread 0x00007f22c73e66c0]:[P2 Fan] layer_id=252 >= after_layers(0), speed=0
[warning]	2026-08-21 22:08:34.453706[Thread 0x00007f22b9fe86c0]:[P2 Fan Config] before_layers=0, after_layers=0, before_speed=0, after_speed=0
[warning]	2026-08-21 22:08:34.453736[Thread 0x00007f22b9fe86c0]:[P2 Fan] layer_id=253 >= after_layers(0), speed=0
[warning]	2026-08-21 22:08:34.458854[Thread 0x00007f22c67e46c0]:[P2 Fan Config] before_layers=0, after_layers=0, before_speed=0, after_speed=0
[warning]	2026-08-21 22:08:34.458867[Thread 0x00007f22c67e46c0]:[P2 Fan] layer_id=254 >= after_layers(0), speed=0
[warning]	2026-08-21 22:08:34.463585[Thread 0x00007f22b9fe86c0]:[P2 Fan Config] before_layers=0, after_layers=0, before_speed=0, after_speed=0
[warning]	2026-08-21 22:08:34.463597[Thread 0x00007f22b9fe86c0]:[P2 Fan] layer_id=255 >= after_layers(0), speed=0
[warning]	2026-08-21 22:08:34.468090[Thread 0x00007f22c3bfc6c0]:[P2 Fan Config] before_layers=0, after_layers=0, before_speed=0, after_speed=0
[warning]	2026-08-21 22:08:34.468103[Thread 0x00007f22c3bfc6c0]:[P2 Fan] layer_id=256 >= after_layers(0), speed=0
[warning]	2026-08-21 22:08:34.470089[Thread 0x00007f22c47ff6c0]:[P2 Fan Config] before_layers=0, after_layers=0, before_speed=0, after_speed=0
[warning]	2026-08-21 22:08:34.470097[Thread 0x00007f22c47ff6c0]:[P2 Fan] layer_id=257 >= after_layers(0), speed=0
[warning]	2026-08-21 22:08:34.474807[Thread 0x00007f22b9fe86c0]:[P2 Fan Config] before_layers=0, after_layers=0, before_speed=0, after_speed=0
[warning]	2026-08-21 22:08:34.474826[Thread 0x00007f22b9fe86c0]:[P2 Fan] layer_id=258 >= after_layers(0), speed=0
[warning]	2026-08-21 22:08:34.482999[Thread 0x00007f22c3bfc6c0]:[P2 Fan Config] before_layers=0, after_layers=0, before_speed=0, after_speed=0
[warning]	2026-08-21 22:08:34.483040[Thread 0x00007f22c3bfc6c0]:[P2 Fan] layer_id=259 >= after_layers(0), speed=0
[warning]	2026-08-21 22:08:34.490363[Thread 0x00007f22b9fe86c0]:[P2 Fan Config] before_layers=0, after_layers=0, before_speed=0, after_speed=0
[warning]	2026-08-21 22:08:34.490380[Thread 0x00007f22b9fe86c0]:[P2 Fan] layer_id=260 >= after_layers(0), speed=0
[warning]	2026-08-21 22:08:34.494523[Thread 0x00007f22c3bfc6c0]:[P2 Fan Config] before_layers=0, after_layers=0, before_speed=0, after_speed=0
[warning]	2026-08-21 22:08:34.494535[Thread 0x00007f22c3bfc6c0]:[P2 Fan] layer_id=261 >= after_layers(0), speed=0
[warning]	2026-08-21 22:08:34.496213[Thread 0x00007f22c67e46c0]:[P2 Fan Config] before_layers=0, after_layers=0, before_speed=0, after_speed=0
[warning]	2026-08-21 22:08:34.496221[Thread 0x00007f22c67e46c0]:[P2 Fan] layer_id=262 >= after_layers(0), speed=0
[warning]	2026-08-21 22:08:34.500244[Thread 0x00007f22b9fe86c0]:[P2 Fan Config] before_layers=0, after_layers=0, before_speed=0, after_speed=0
[warning]	2026-08-21 22:08:34.500254[Thread 0x00007f22b9fe86c0]:[P2 Fan] layer_id=263 >= after_layers(0), speed=0
[warning]	2026-08-21 22:08:34.503674[Thread 0x00007f22c3bfc6c0]:[P2 Fan Config] before_layers=0, after_layers=0, before_speed=0, after_speed=0
[warning]	2026-08-21 22:08:34.503684[Thread 0x00007f22c3bfc6c0]:[P2 Fan] layer_id=264 >= after_layers(0), speed=0
[warning]	2026-08-21 22:08:34.505516[Thread 0x00007f22c47ff6c0]:[P2 Fan Config] before_layers=0, after_layers=0, before_speed=0, after_speed=0
[warning]	2026-08-21 22:08:34.505532[Thread 0x00007f22c47ff6c0]:[P2 Fan] layer_id=265 >= after_layers(0), speed=0
[warning]	2026-08-21 22:08:34.510216[Thread 0x00007f22b9fe86c0]:[P2 Fan Config] before_layers=0, after_layers=0, before_speed=0, after_speed=0
[warning]	2026-08-21 22:08:34.510247[Thread 0x00007f22b9fe86c0]:[P2 Fan] layer_id=266 >= after_layers(0), speed=0
[warning]	2026-08-21 22:08:34.519686[Thread 0x00007f22c3bfc6c0]:[P2 Fan Config] before_layers=0, after_layers=0, before_speed=0, after_speed=0
[warning]	2026-08-21 22:08:34.519718[Thread 0x00007f22c3bfc6c0]:[P2 Fan] layer_id=267 >= after_layers(0), speed=0
[warning]	2026-08-21 22:08:34.525900[Thread 0x00007f22b9fe86c0]:[P2 Fan Config] before_layers=0, after_layers=0, before_speed=0, after_speed=0
[warning]	2026-08-21 22:08:34.525918[Thread 0x00007f22b9fe86c0]:[P2 Fan] layer_id=268 >= after_layers(0), speed=0
[warning]	2026-08-21 22:08:34.530679[Thread 0x00007f22c3bfc6c0]:[P2 Fan Config] before_layers=0, after_layers=0, before_speed=0, after_speed=0
[warning]	2026-08-21 22:08:34.530692[Thread 0x00007f22c3bfc6c0]:[P2 Fan] layer_id=269 >= after_layers(0), speed=0
[warning]	2026-08-21 22:08:34.532812[Thread 0x00007f22c47ff6c0]:[P2 Fan Config] before_layers=0, after_layers=0, before_speed=0, after_speed=0
[warning]	2026-08-21 22:08:34.532820[Thread 0x00007f22c47ff6c0]:[P2 Fan] layer_id=270 >= after_layers(0), speed=0
[warning]	2026-08-21 22:08:34.537439[Thread 0x00007f22b9fe86c0]:[P2 Fan Config] before_layers=0, after_layers=0, before_speed=0, after_speed=0
[warning]	2026-08-21 22:08:34.537449[Thread 0x00007f22b9fe86c0]:[P2 Fan] layer_id=271 >= after_layers(0), speed=0
[warning]	2026-08-21 22:08:34.541165[Thread 0x00007f22c3bfc6c0]:[P2 Fan Config] before_layers=0, after_layers=0, before_speed=0, after_speed=0
[warning]	2026-08-21 22:08:34.541203[Thread 0x00007f22c3bfc6c0]:[P2 Fan] layer_id=272 >= after_layers(0), speed=0
[warning]	2026-08-21 22:08:34.553620[Thread 0x00007f22c47ff6c0]:[P2 Fan Config] before_layers=0, after_layers=0, before_speed=0, after_speed=0
[warning]	2026-08-21 22:08:34.553676[Thread 0x00007f22c47ff6c0]:[P2 Fan] layer_id=273 >= after_layers(0), speed=0
[warning]	2026-08-21 22:08:34.570170[Thread 0x00007f22c73e66c0]:[P2 Fan Config] before_layers=0, after_layers=0, before_speed=0, after_speed=0
[warning]	2026-08-21 22:08:34.570194[Thread 0x00007f22c73e66c0]:[P2 Fan] layer_id=274 >= after_layers(0), speed=0
[warning]	2026-08-21 22:08:34.571182[Thread 0x00007f22c67e46c0]:[P2 Fan Config] before_layers=0, after_layers=0, before_speed=0, after_speed=0
[warning]	2026-08-21 22:08:34.571192[Thread 0x00007f22c67e46c0]:[P2 Fan] layer_id=275 >= after_layers(0), speed=0
[warning]	2026-08-21 22:08:34.571763[Thread 0x00007f22c67e46c0]:[P2 Fan Config] before_layers=0, after_layers=0, before_speed=0, after_speed=0
[warning]	2026-08-21 22:08:34.571769[Thread 0x00007f22c67e46c0]:[P2 Fan] layer_id=276 >= after_layers(0), speed=0
[warning]	2026-08-21 22:08:34.572562[Thread 0x00007f22c3bfc6c0]:[P2 Fan Config] before_layers=0, after_layers=0, before_speed=0, after_speed=0
[warning]	2026-08-21 22:08:34.572575[Thread 0x00007f22c3bfc6c0]:[P2 Fan] layer_id=277 >= after_layers(0), speed=0
[warning]	2026-08-21 22:08:34.573324[Thread 0x00007f22c67e46c0]:[P2 Fan Config] before_layers=0, after_layers=0, before_speed=0, after_speed=0
[warning]	2026-08-21 22:08:34.573341[Thread 0x00007f22c67e46c0]:[P2 Fan] layer_id=278 >= after_layers(0), speed=0
[warning]	2026-08-21 22:08:34.574839[Thread 0x00007f22c6be56c0]:[P2 Fan Config] before_layers=0, after_layers=0, before_speed=0, after_speed=0
[warning]	2026-08-21 22:08:34.574857[Thread 0x00007f22c6be56c0]:[P2 Fan] layer_id=279 >= after_layers(0), speed=0
[warning]	2026-08-21 22:08:34.575938[Thread 0x00007f22c73e66c0]:[P2 Fan Config] before_layers=0, after_layers=0, before_speed=0, after_speed=0
[warning]	2026-08-21 22:08:34.575957[Thread 0x00007f22c73e66c0]:[P2 Fan] layer_id=280 >= after_layers(0), speed=0
[warning]	2026-08-21 22:08:34.577676[Thread 0x00007f22c47ff6c0]:[P2 Fan Config] before_layers=0, after_layers=0, before_speed=0, after_speed=0
[warning]	2026-08-21 22:08:34.577692[Thread 0x00007f22c47ff6c0]:[P2 Fan] layer_id=281 >= after_layers(0), speed=0
[warning]	2026-08-21 22:08:34.579599[Thread 0x00007f22c73e66c0]:[P2 Fan Config] before_layers=0, after_layers=0, before_speed=0, after_speed=0
[warning]	2026-08-21 22:08:34.579612[Thread 0x00007f22c73e66c0]:[P2 Fan] layer_id=282 >= after_layers(0), speed=0
[warning]	2026-08-21 22:08:34.582527[Thread 0x00007f22c67e46c0]:[P2 Fan Config] before_layers=0, after_layers=0, before_speed=0, after_speed=0
[warning]	2026-08-21 22:08:34.582587[Thread 0x00007f22c67e46c0]:[P2 Fan] layer_id=283 >= after_layers(0), speed=0
[warning]	2026-08-21 22:08:34.587566[Thread 0x00007f22c73e66c0]:[P2 Fan Config] before_layers=0, after_layers=0, before_speed=0, after_speed=0
[warning]	2026-08-21 22:08:34.587605[Thread 0x00007f22c73e66c0]:[P2 Fan] layer_id=284 >= after_layers(0), speed=0
[warning]	2026-08-21 22:08:34.590619[Thread 0x00007f22c6be56c0]:[P2 Fan Config] before_layers=0, after_layers=0, before_speed=0, after_speed=0
[warning]	2026-08-21 22:08:34.590648[Thread 0x00007f22c6be56c0]:[P2 Fan] layer_id=285 >= after_layers(0), speed=0
[warning]	2026-08-21 22:08:34.593939[Thread 0x00007f22c43fe6c0]:[P2 Fan Config] before_layers=0, after_layers=0, before_speed=0, after_speed=0
[warning]	2026-08-21 22:08:34.593957[Thread 0x00007f22c43fe6c0]:[P2 Fan] layer_id=286 >= after_layers(0), speed=0
[warning]	2026-08-21 22:08:34.595822[Thread 0x00007f22c47ff6c0]:[P2 Fan Config] before_layers=0, after_layers=0, before_speed=0, after_speed=0
[warning]	2026-08-21 22:08:34.595832[Thread 0x00007f22c47ff6c0]:[P2 Fan] layer_id=287 >= after_layers(0), speed=0
[warning]	2026-08-21 22:08:34.597645[Thread 0x00007f22c43fe6c0]:[P2 Fan Config] before_layers=0, after_layers=0, before_speed=0, after_speed=0
[warning]	2026-08-21 22:08:34.597655[Thread 0x00007f22c43fe6c0]:[P2 Fan] layer_id=288 >= after_layers(0), speed=0
[warning]	2026-08-21 22:08:34.598894[Thread 0x00007f22c6be56c0]:[P2 Fan Config] before_layers=0, after_layers=0, before_speed=0, after_speed=0
[warning]	2026-08-21 22:08:34.598903[Thread 0x00007f22c6be56c0]:[P2 Fan] layer_id=289 >= after_layers(0), speed=0
[warning]	2026-08-21 22:08:34.600503[Thread 0x00007f22c47ff6c0]:[P2 Fan Config] before_layers=0, after_layers=0, before_speed=0, after_speed=0
[warning]	2026-08-21 22:08:34.600514[Thread 0x00007f22c47ff6c0]:[P2 Fan] layer_id=290 >= after_layers(0), speed=0
[warning]	2026-08-21 22:08:34.602025[Thread 0x00007f22b9fe86c0]:[P2 Fan Config] before_layers=0, after_layers=0, before_speed=0, after_speed=0
[warning]	2026-08-21 22:08:34.602034[Thread 0x00007f22b9fe86c0]:[P2 Fan] layer_id=291 >= after_layers(0), speed=0
[warning]	2026-08-21 22:08:34.603304[Thread 0x00007f22c73e66c0]:[P2 Fan Config] before_layers=0, after_layers=0, before_speed=0, after_speed=0
[warning]	2026-08-21 22:08:34.603313[Thread 0x00007f22c73e66c0]:[P2 Fan] layer_id=292 >= after_layers(0), speed=0
[warning]	2026-08-21 22:08:34.604595[Thread 0x00007f22b9fe86c0]:[P2 Fan Config] before_layers=0, after_layers=0, before_speed=0, after_speed=0
[warning]	2026-08-21 22:08:34.604604[Thread 0x00007f22b9fe86c0]:[P2 Fan] layer_id=293 >= after_layers(0), speed=0
[warning]	2026-08-21 22:08:34.605833[Thread 0x00007f22c47ff6c0]:[P2 Fan Config] before_layers=0, after_layers=0, before_speed=0, after_speed=0
[warning]	2026-08-21 22:08:34.605850[Thread 0x00007f22c47ff6c0]:[P2 Fan] layer_id=294 >= after_layers(0), speed=0
[warning]	2026-08-21 22:08:34.607431[Thread 0x00007f22b9fe86c0]:[P2 Fan Config] before_layers=0, after_layers=0, before_speed=0, after_speed=0
[warning]	2026-08-21 22:08:34.607442[Thread 0x00007f22b9fe86c0]:[P2 Fan] layer_id=295 >= after_layers(0), speed=0
[warning]	2026-08-21 22:08:34.609626[Thread 0x00007f22c47ff6c0]:[P2 Fan Config] before_layers=0, after_layers=0, before_speed=0, after_speed=0
[warning]	2026-08-21 22:08:34.609660[Thread 0x00007f22c47ff6c0]:[P2 Fan] layer_id=296 >= after_layers(0), speed=0
[warning]	2026-08-21 22:08:34.612028[Thread 0x00007f22b9fe86c0]:[P2 Fan Config] before_layers=0, after_layers=0, before_speed=0, after_speed=0
[warning]	2026-08-21 22:08:34.612073[Thread 0x00007f22b9fe86c0]:[P2 Fan] layer_id=297 >= after_layers(0), speed=0
[warning]	2026-08-21 22:08:34.616179[Thread 0x00007f22c3bfc6c0]:[P2 Fan Config] before_layers=0, after_layers=0, before_speed=0, after_speed=0
[warning]	2026-08-21 22:08:34.616245[Thread 0x00007f22c3bfc6c0]:[P2 Fan] layer_id=298 >= after_layers(0), speed=0
[warning]	2026-08-21 22:08:34.619158[Thread 0x00007f22b9fe86c0]:[P2 Fan Config] before_layers=0, after_layers=0, before_speed=0, after_speed=0
[warning]	2026-08-21 22:08:34.619186[Thread 0x00007f22b9fe86c0]:[P2 Fan] layer_id=299 >= after_layers(0), speed=0
[warning]	2026-08-21 22:08:34.621728[Thread 0x00007f22c3bfc6c0]:[P2 Fan Config] before_layers=0, after_layers=0, before_speed=0, after_speed=0
[warning]	2026-08-21 22:08:34.621758[Thread 0x00007f22c3bfc6c0]:[P2 Fan] layer_id=300 >= after_layers(0), speed=0
[warning]	2026-08-21 22:08:34.623664[Thread 0x00007f22b9fe86c0]:[P2 Fan Config] before_layers=0, after_layers=0, before_speed=0, after_speed=0
[warning]	2026-08-21 22:08:34.623675[Thread 0x00007f22b9fe86c0]:[P2 Fan] layer_id=301 >= after_layers(0), speed=0
[warning]	2026-08-21 22:08:34.626077[Thread 0x00007f22c47ff6c0]:[P2 Fan Config] before_layers=0, after_layers=0, before_speed=0, after_speed=0
[warning]	2026-08-21 22:08:34.626089[Thread 0x00007f22c47ff6c0]:[P2 Fan] layer_id=302 >= after_layers(0), speed=0
[warning]	2026-08-21 22:08:34.627402[Thread 0x00007f22b9fe86c0]:[P2 Fan Config] before_layers=0, after_layers=0, before_speed=0, after_speed=0
[warning]	2026-08-21 22:08:34.627413[Thread 0x00007f22b9fe86c0]:[P2 Fan] layer_id=303 >= after_layers(0), speed=0
[warning]	2026-08-21 22:08:34.628704[Thread 0x00007f22c73e66c0]:[P2 Fan Config] before_layers=0, after_layers=0, before_speed=0, after_speed=0
[warning]	2026-08-21 22:08:34.628717[Thread 0x00007f22c73e66c0]:[P2 Fan] layer_id=304 >= after_layers(0), speed=0
[warning]	2026-08-21 22:08:34.629956[Thread 0x00007f22b9fe86c0]:[P2 Fan Config] before_layers=0, after_layers=0, before_speed=0, after_speed=0
[warning]	2026-08-21 22:08:34.629964[Thread 0x00007f22b9fe86c0]:[P2 Fan] layer_id=305 >= after_layers(0), speed=0
[warning]	2026-08-21 22:08:34.631202[Thread 0x00007f22c47ff6c0]:[P2 Fan Config] before_layers=0, after_layers=0, before_speed=0, after_speed=0
[warning]	2026-08-21 22:08:34.631212[Thread 0x00007f22c47ff6c0]:[P2 Fan] layer_id=306 >= after_layers(0), speed=0
[warning]	2026-08-21 22:08:34.632219[Thread 0x00007f22b9fe86c0]:[P2 Fan Config] before_layers=0, after_layers=0, before_speed=0, after_speed=0
[warning]	2026-08-21 22:08:34.632228[Thread 0x00007f22b9fe86c0]:[P2 Fan] layer_id=307 >= after_layers(0), speed=0
[warning]	2026-08-21 22:08:34.633376[Thread 0x00007f22c67e46c0]:[P2 Fan Config] before_layers=0, after_layers=0, before_speed=0, after_speed=0
[warning]	2026-08-21 22:08:34.633386[Thread 0x00007f22c67e46c0]:[P2 Fan] layer_id=308 >= after_layers(0), speed=0
[warning]	2026-08-21 22:08:34.634492[Thread 0x00007f22b9fe86c0]:[P2 Fan Config] before_layers=0, after_layers=0, before_speed=0, after_speed=0
[warning]	2026-08-21 22:08:34.634501[Thread 0x00007f22b9fe86c0]:[P2 Fan] layer_id=309 >= after_layers(0), speed=0
[warning]	2026-08-21 22:08:34.635728[Thread 0x00007f22c43fe6c0]:[P2 Fan Config] before_layers=0, after_layers=0, before_speed=0, after_speed=0
[warning]	2026-08-21 22:08:34.635740[Thread 0x00007f22c43fe6c0]:[P2 Fan] layer_id=310 >= after_layers(0), speed=0
[warning]	2026-08-21 22:08:34.636839[Thread 0x00007f22b9fe86c0]:[P2 Fan Config] before_layers=0, after_layers=0, before_speed=0, after_speed=0
[warning]	2026-08-21 22:08:34.636846[Thread 0x00007f22b9fe86c0]:[P2 Fan] layer_id=311 >= after_layers(0), speed=0
[warning]	2026-08-21 22:08:34.637863[Thread 0x00007f22c67e46c0]:[P2 Fan Config] before_layers=0, after_layers=0, before_speed=0, after_speed=0
[warning]	2026-08-21 22:08:34.637871[Thread 0x00007f22c67e46c0]:[P2 Fan] layer_id=312 >= after_layers(0), speed=0
[warning]	2026-08-21 22:08:34.638873[Thread 0x00007f22b9fe86c0]:[P2 Fan Config] before_layers=0, after_layers=0, before_speed=0, after_speed=0
[warning]	2026-08-21 22:08:34.638883[Thread 0x00007f22b9fe86c0]:[P2 Fan] layer_id=313 >= after_layers(0), speed=0
[warning]	2026-08-21 22:08:34.640133[Thread 0x00007f22c6be56c0]:[P2 Fan Config] before_layers=0, after_layers=0, before_speed=0, after_speed=0
[warning]	2026-08-21 22:08:34.640146[Thread 0x00007f22c6be56c0]:[P2 Fan] layer_id=314 >= after_layers(0), speed=0
[warning]	2026-08-21 22:08:34.641436[Thread 0x00007f22b9fe86c0]:[P2 Fan Config] before_layers=0, after_layers=0, before_speed=0, after_speed=0
[warning]	2026-08-21 22:08:34.641455[Thread 0x00007f22b9fe86c0]:[P2 Fan] layer_id=315 >= after_layers(0), speed=0
[warning]	2026-08-21 22:08:34.643189[Thread 0x00007f22c6be56c0]:[P2 Fan Config] before_layers=0, after_layers=0, before_speed=0, after_speed=0
[warning]	2026-08-21 22:08:34.643201[Thread 0x00007f22c6be56c0]:[P2 Fan] layer_id=316 >= after_layers(0), speed=0
[warning]	2026-08-21 22:08:34.646261[Thread 0x00007f22c67e46c0]:[P2 Fan Config] before_layers=0, after_layers=0, before_speed=0, after_speed=0
[warning]	2026-08-21 22:08:34.646334[Thread 0x00007f22c67e46c0]:[P2 Fan] layer_id=317 >= after_layers(0), speed=0
[warning]	2026-08-21 22:08:34.652135[Thread 0x00007f22b9fe86c0]:[P2 Fan Config] before_layers=0, after_layers=0, before_speed=0, after_speed=0
[warning]	2026-08-21 22:08:34.652176[Thread 0x00007f22b9fe86c0]:[P2 Fan] layer_id=318 >= after_layers(0), speed=0
[warning]	2026-08-21 22:08:34.661331[Thread 0x00007f22c67e46c0]:[P2 Fan Config] before_layers=0, after_layers=0, before_speed=0, after_speed=0
[warning]	2026-08-21 22:08:34.661343[Thread 0x00007f22c67e46c0]:[P2 Fan] layer_id=319 >= after_layers(0), speed=0
[warning]	2026-08-21 22:14:53.842175[Thread 0x00007f2358694fc0]:462 @ OnExitByGui
[warning]	2026-08-21 22:14:54.166153[Thread 0x00007f2358694fc0]:~WebViewPanel Start
[warning]	2026-08-21 22:14:54.196881[Thread 0x00007f2358694fc0]:~WebViewPanel End
[warning]	2026-08-21 22:14:54.197704[Thread 0x00007f2358694fc0]:~WorkbenchPanel
[warning]	2026-08-21 22:14:54.199933[Thread 0x00007f2358694fc0]:WorkbenchPanel destroyed0x5596c337d250
[warning]	2026-08-21 22:14:54.611777[Thread 0x00007f2358694fc0]:347 @ OnExitByApp
[warning]	2026-08-21 22:14:54.611818[Thread 0x00007f2358694fc0]:312 @ ~AnycubicContext
