solid OpenSCAD_Model
  facet normal 0.980801 0.195013 0
    outer loop
      vertex 28.4829 22.2611 15
      vertex 28.4319 22.5176 4
      vertex 28.4319 22.5176 15
    endloop
  endfacet
  facet normal 0.980801 0.195013 0
    outer loop
      vertex 28.4319 22.5176 4
      vertex 28.4829 22.2611 15
      vertex 28.4829 22.2611 4
    endloop
  endfacet
  facet normal 0.997862 0.0653521 0
    outer loop
      vertex 28.5 22 15
      vertex 28.4829 22.2611 4
      vertex 28.4829 22.2611 15
    endloop
  endfacet
  facet normal 0.997862 0.0653521 0
    outer loop
      vertex 28.4829 22.2611 4
      vertex 28.5 22 15
      vertex 28.5 22 4
    endloop
  endfacet
  facet normal 0.0653521 -0.997862 0
    outer loop
      vertex 26.5 20 4
      vertex 26.7611 20.0171 15
      vertex 26.5 20 15
    endloop
  endfacet
  facet normal 0.0653521 -0.997862 0
    outer loop
      vertex 26.7611 20.0171 15
      vertex 26.5 20 4
      vertex 26.7611 20.0171 4
    endloop
  endfacet
  facet normal 0.751842 -0.659343 0
    outer loop
      vertex 27.9142 20.5858 15
      vertex 28.0867 20.7825 4
      vertex 28.0867 20.7825 15
    endloop
  endfacet
  facet normal 0.751842 -0.659343 0
    outer loop
      vertex 28.0867 20.7825 4
      vertex 27.9142 20.5858 15
      vertex 27.9142 20.5858 4
    endloop
  endfacet
  facet normal -0.94695 0.321382 0
    outer loop
      vertex 24.5681 22.5176 4
      vertex 24.6522 22.7654 15
      vertex 24.6522 22.7654 4
    endloop
  endfacet
  facet normal -0.94695 0.321382 0
    outer loop
      vertex 24.6522 22.7654 15
      vertex 24.5681 22.5176 4
      vertex 24.5681 22.5176 15
    endloop
  endfacet
  facet normal 0.831344 0.555758 0
    outer loop
      vertex 28.2321 23 15
      vertex 28.0867 23.2175 4
      vertex 28.0867 23.2175 15
    endloop
  endfacet
  facet normal 0.831344 0.555758 0
    outer loop
      vertex 28.0867 23.2175 4
      vertex 28.2321 23 15
      vertex 28.2321 23 4
    endloop
  endfacet
  facet normal 0.980801 -0.195013 0
    outer loop
      vertex 28.4319 21.4824 15
      vertex 28.4829 21.7389 4
      vertex 28.4829 21.7389 15
    endloop
  endfacet
  facet normal 0.980801 -0.195013 0
    outer loop
      vertex 28.4829 21.7389 4
      vertex 28.4319 21.4824 15
      vertex 28.4319 21.4824 4
    endloop
  endfacet
  facet normal 0.659343 -0.751842 0
    outer loop
      vertex 27.7175 20.4133 4
      vertex 27.9142 20.5858 15
      vertex 27.7175 20.4133 15
    endloop
  endfacet
  facet normal 0.659343 -0.751842 0
    outer loop
      vertex 27.9142 20.5858 15
      vertex 27.7175 20.4133 4
      vertex 27.9142 20.5858 4
    endloop
  endfacet
  facet normal -0.831521 -0.555494 0
    outer loop
      vertex 24.9133 20.7825 4
      vertex 24.768 21 15
      vertex 24.768 21 4
    endloop
  endfacet
  facet normal -0.831521 -0.555494 0
    outer loop
      vertex 24.768 21 15
      vertex 24.9133 20.7825 4
      vertex 24.9133 20.7825 15
    endloop
  endfacet
  facet normal -0.997862 0.0653521 0
    outer loop
      vertex 24.5 22 4
      vertex 24.5171 22.2611 15
      vertex 24.5171 22.2611 4
    endloop
  endfacet
  facet normal -0.997862 0.0653521 0
    outer loop
      vertex 24.5171 22.2611 15
      vertex 24.5 22 4
      vertex 24.5 22 15
    endloop
  endfacet
  facet normal 0.89686 0.442314 0
    outer loop
      vertex 28.3478 22.7654 15
      vertex 28.2321 23 4
      vertex 28.2321 23 15
    endloop
  endfacet
  facet normal 0.89686 0.442314 0
    outer loop
      vertex 28.2321 23 4
      vertex 28.3478 22.7654 15
      vertex 28.3478 22.7654 4
    endloop
  endfacet
  facet normal -0.980801 -0.195013 0
    outer loop
      vertex 24.5681 21.4824 4
      vertex 24.5171 21.7389 15
      vertex 24.5171 21.7389 4
    endloop
  endfacet
  facet normal -0.980801 -0.195013 0
    outer loop
      vertex 24.5171 21.7389 15
      vertex 24.5681 21.4824 4
      vertex 24.5681 21.4824 15
    endloop
  endfacet
  facet normal 0.321382 -0.94695 0
    outer loop
      vertex 27.0176 20.0681 4
      vertex 27.2654 20.1522 15
      vertex 27.0176 20.0681 15
    endloop
  endfacet
  facet normal 0.321382 -0.94695 0
    outer loop
      vertex 27.2654 20.1522 15
      vertex 27.0176 20.0681 4
      vertex 27.2654 20.1522 4
    endloop
  endfacet
  facet normal 0.659343 0.751842 -0
    outer loop
      vertex 27.9142 23.4142 4
      vertex 27.7175 23.5867 15
      vertex 27.9142 23.4142 15
    endloop
  endfacet
  facet normal 0.659343 0.751842 0
    outer loop
      vertex 27.7175 23.5867 15
      vertex 27.9142 23.4142 4
      vertex 27.7175 23.5867 4
    endloop
  endfacet
  facet normal -0.751842 0.659343 0
    outer loop
      vertex 24.9133 23.2175 4
      vertex 25.0858 23.4142 15
      vertex 25.0858 23.4142 4
    endloop
  endfacet
  facet normal -0.751842 0.659343 0
    outer loop
      vertex 25.0858 23.4142 15
      vertex 24.9133 23.2175 4
      vertex 24.9133 23.2175 15
    endloop
  endfacet
  facet normal -0.659343 0.751842 0
    outer loop
      vertex 25.2825 23.5867 4
      vertex 25.0858 23.4142 15
      vertex 25.2825 23.5867 15
    endloop
  endfacet
  facet normal -0.659343 0.751842 0
    outer loop
      vertex 25.0858 23.4142 15
      vertex 25.2825 23.5867 4
      vertex 25.0858 23.4142 4
    endloop
  endfacet
  facet normal -0.321382 0.94695 0
    outer loop
      vertex 25.9824 23.9319 4
      vertex 25.7346 23.8478 15
      vertex 25.9824 23.9319 15
    endloop
  endfacet
  facet normal -0.321382 0.94695 0
    outer loop
      vertex 25.7346 23.8478 15
      vertex 25.9824 23.9319 4
      vertex 25.7346 23.8478 4
    endloop
  endfacet
  facet normal -0.659343 -0.751842 0
    outer loop
      vertex 25.0858 20.5858 4
      vertex 25.2825 20.4133 15
      vertex 25.0858 20.5858 15
    endloop
  endfacet
  facet normal -0.659343 -0.751842 -0
    outer loop
      vertex 25.2825 20.4133 15
      vertex 25.0858 20.5858 4
      vertex 25.2825 20.4133 4
    endloop
  endfacet
  facet normal -0.555494 0.831521 0
    outer loop
      vertex 25.5 23.732 4
      vertex 25.2825 23.5867 15
      vertex 25.5 23.732 15
    endloop
  endfacet
  facet normal -0.555494 0.831521 0
    outer loop
      vertex 25.2825 23.5867 15
      vertex 25.5 23.732 4
      vertex 25.2825 23.5867 4
    endloop
  endfacet
  facet normal -0.751842 -0.659343 0
    outer loop
      vertex 25.0858 20.5858 4
      vertex 24.9133 20.7825 15
      vertex 24.9133 20.7825 4
    endloop
  endfacet
  facet normal -0.751842 -0.659343 0
    outer loop
      vertex 24.9133 20.7825 15
      vertex 25.0858 20.5858 4
      vertex 25.0858 20.5858 15
    endloop
  endfacet
  facet normal 0.831344 -0.555758 0
    outer loop
      vertex 28.0867 20.7825 15
      vertex 28.2321 21 4
      vertex 28.2321 21 15
    endloop
  endfacet
  facet normal 0.831344 -0.555758 0
    outer loop
      vertex 28.2321 21 4
      vertex 28.0867 20.7825 15
      vertex 28.0867 20.7825 4
    endloop
  endfacet
  facet normal 0.751842 0.659343 0
    outer loop
      vertex 28.0867 23.2175 15
      vertex 27.9142 23.4142 4
      vertex 27.9142 23.4142 15
    endloop
  endfacet
  facet normal 0.751842 0.659343 0
    outer loop
      vertex 27.9142 23.4142 4
      vertex 28.0867 23.2175 15
      vertex 28.0867 23.2175 4
    endloop
  endfacet
  facet normal -0.321382 -0.94695 0
    outer loop
      vertex 25.7346 20.1522 4
      vertex 25.9824 20.0681 15
      vertex 25.7346 20.1522 15
    endloop
  endfacet
  facet normal -0.321382 -0.94695 -0
    outer loop
      vertex 25.9824 20.0681 15
      vertex 25.7346 20.1522 4
      vertex 25.9824 20.0681 4
    endloop
  endfacet
  facet normal -0.997862 -0.0653521 0
    outer loop
      vertex 24.5171 21.7389 4
      vertex 24.5 22 15
      vertex 24.5 22 4
    endloop
  endfacet
  facet normal -0.997862 -0.0653521 0
    outer loop
      vertex 24.5 22 15
      vertex 24.5171 21.7389 4
      vertex 24.5171 21.7389 15
    endloop
  endfacet
  facet normal -0.94695 -0.321382 0
    outer loop
      vertex 24.6522 21.2346 4
      vertex 24.5681 21.4824 15
      vertex 24.5681 21.4824 4
    endloop
  endfacet
  facet normal -0.94695 -0.321382 0
    outer loop
      vertex 24.5681 21.4824 15
      vertex 24.6522 21.2346 4
      vertex 24.6522 21.2346 15
    endloop
  endfacet
  facet normal 0.997862 -0.0653521 0
    outer loop
      vertex 28.4829 21.7389 15
      vertex 28.5 22 4
      vertex 28.5 22 15
    endloop
  endfacet
  facet normal 0.997862 -0.0653521 0
    outer loop
      vertex 28.5 22 4
      vertex 28.4829 21.7389 15
      vertex 28.4829 21.7389 4
    endloop
  endfacet
  facet normal 0.321382 0.94695 -0
    outer loop
      vertex 27.2654 23.8478 4
      vertex 27.0176 23.9319 15
      vertex 27.2654 23.8478 15
    endloop
  endfacet
  facet normal 0.321382 0.94695 0
    outer loop
      vertex 27.0176 23.9319 15
      vertex 27.2654 23.8478 4
      vertex 27.0176 23.9319 4
    endloop
  endfacet
  facet normal 0.555494 0.831521 -0
    outer loop
      vertex 27.7175 23.5867 4
      vertex 27.5 23.732 15
      vertex 27.7175 23.5867 15
    endloop
  endfacet
  facet normal 0.555494 0.831521 0
    outer loop
      vertex 27.5 23.732 15
      vertex 27.7175 23.5867 4
      vertex 27.5 23.732 4
    endloop
  endfacet
  facet normal -0.195013 -0.980801 0
    outer loop
      vertex 25.9824 20.0681 4
      vertex 26.2389 20.0171 15
      vertex 25.9824 20.0681 15
    endloop
  endfacet
  facet normal -0.195013 -0.980801 -0
    outer loop
      vertex 26.2389 20.0171 15
      vertex 25.9824 20.0681 4
      vertex 26.2389 20.0171 4
    endloop
  endfacet
  facet normal -0.980801 0.195013 0
    outer loop
      vertex 24.5171 22.2611 4
      vertex 24.5681 22.5176 15
      vertex 24.5681 22.5176 4
    endloop
  endfacet
  facet normal -0.980801 0.195013 0
    outer loop
      vertex 24.5681 22.5176 15
      vertex 24.5171 22.2611 4
      vertex 24.5171 22.2611 15
    endloop
  endfacet
  facet normal -0.195013 0.980801 0
    outer loop
      vertex 26.2389 23.9829 4
      vertex 25.9824 23.9319 15
      vertex 26.2389 23.9829 15
    endloop
  endfacet
  facet normal -0.195013 0.980801 0
    outer loop
      vertex 25.9824 23.9319 15
      vertex 26.2389 23.9829 4
      vertex 25.9824 23.9319 4
    endloop
  endfacet
  facet normal -0.0653521 0.997862 0
    outer loop
      vertex 26.5 24 4
      vertex 26.2389 23.9829 15
      vertex 26.5 24 15
    endloop
  endfacet
  facet normal -0.0653521 0.997862 0
    outer loop
      vertex 26.2389 23.9829 15
      vertex 26.5 24 4
      vertex 26.2389 23.9829 4
    endloop
  endfacet
  facet normal 0.0653521 0.997862 -0
    outer loop
      vertex 26.7611 23.9829 4
      vertex 26.5 24 15
      vertex 26.7611 23.9829 15
    endloop
  endfacet
  facet normal 0.0653521 0.997862 0
    outer loop
      vertex 26.5 24 15
      vertex 26.7611 23.9829 4
      vertex 26.5 24 4
    endloop
  endfacet
  facet normal 0.195013 -0.980801 0
    outer loop
      vertex 26.7611 20.0171 4
      vertex 27.0176 20.0681 15
      vertex 26.7611 20.0171 15
    endloop
  endfacet
  facet normal 0.195013 -0.980801 0
    outer loop
      vertex 27.0176 20.0681 15
      vertex 26.7611 20.0171 4
      vertex 27.0176 20.0681 4
    endloop
  endfacet
  facet normal 0.442621 0.896709 -0
    outer loop
      vertex 27.5 23.732 4
      vertex 27.2654 23.8478 15
      vertex 27.5 23.732 15
    endloop
  endfacet
  facet normal 0.442621 0.896709 0
    outer loop
      vertex 27.2654 23.8478 15
      vertex 27.5 23.732 4
      vertex 27.2654 23.8478 4
    endloop
  endfacet
  facet normal -0.0653521 -0.997862 0
    outer loop
      vertex 26.2389 20.0171 4
      vertex 26.5 20 15
      vertex 26.2389 20.0171 15
    endloop
  endfacet
  facet normal -0.0653521 -0.997862 -0
    outer loop
      vertex 26.5 20 15
      vertex 26.2389 20.0171 4
      vertex 26.5 20 4
    endloop
  endfacet
  facet normal -0.896709 -0.442621 0
    outer loop
      vertex 24.768 21 4
      vertex 24.6522 21.2346 15
      vertex 24.6522 21.2346 4
    endloop
  endfacet
  facet normal -0.896709 -0.442621 0
    outer loop
      vertex 24.6522 21.2346 15
      vertex 24.768 21 4
      vertex 24.768 21 15
    endloop
  endfacet
  facet normal 0.195013 0.980801 -0
    outer loop
      vertex 27.0176 23.9319 4
      vertex 26.7611 23.9829 15
      vertex 27.0176 23.9319 15
    endloop
  endfacet
  facet normal 0.195013 0.980801 0
    outer loop
      vertex 26.7611 23.9829 15
      vertex 27.0176 23.9319 4
      vertex 26.7611 23.9829 4
    endloop
  endfacet
  facet normal 0.94695 0.321382 0
    outer loop
      vertex 28.4319 22.5176 15
      vertex 28.3478 22.7654 4
      vertex 28.3478 22.7654 15
    endloop
  endfacet
  facet normal 0.94695 0.321382 0
    outer loop
      vertex 28.3478 22.7654 4
      vertex 28.4319 22.5176 15
      vertex 28.4319 22.5176 4
    endloop
  endfacet
  facet normal 0.555494 -0.831521 0
    outer loop
      vertex 27.5 20.268 4
      vertex 27.7175 20.4133 15
      vertex 27.5 20.268 15
    endloop
  endfacet
  facet normal 0.555494 -0.831521 0
    outer loop
      vertex 27.7175 20.4133 15
      vertex 27.5 20.268 4
      vertex 27.7175 20.4133 4
    endloop
  endfacet
  facet normal 0.94695 -0.321382 0
    outer loop
      vertex 28.3478 21.2346 15
      vertex 28.4319 21.4824 4
      vertex 28.4319 21.4824 15
    endloop
  endfacet
  facet normal 0.94695 -0.321382 0
    outer loop
      vertex 28.4319 21.4824 4
      vertex 28.3478 21.2346 15
      vertex 28.3478 21.2346 4
    endloop
  endfacet
  facet normal 0.89686 -0.442314 0
    outer loop
      vertex 28.2321 21 15
      vertex 28.3478 21.2346 4
      vertex 28.3478 21.2346 15
    endloop
  endfacet
  facet normal 0.89686 -0.442314 0
    outer loop
      vertex 28.3478 21.2346 4
      vertex 28.2321 21 15
      vertex 28.2321 21 4
    endloop
  endfacet
  facet normal -0.442621 0.896709 0
    outer loop
      vertex 25.7346 23.8478 4
      vertex 25.5 23.732 15
      vertex 25.7346 23.8478 15
    endloop
  endfacet
  facet normal -0.442621 0.896709 0
    outer loop
      vertex 25.5 23.732 15
      vertex 25.7346 23.8478 4
      vertex 25.5 23.732 4
    endloop
  endfacet
  facet normal 0.442621 -0.896709 0
    outer loop
      vertex 27.2654 20.1522 4
      vertex 27.5 20.268 15
      vertex 27.2654 20.1522 15
    endloop
  endfacet
  facet normal 0.442621 -0.896709 0
    outer loop
      vertex 27.5 20.268 15
      vertex 27.2654 20.1522 4
      vertex 27.5 20.268 4
    endloop
  endfacet
  facet normal -0.442621 -0.896709 0
    outer loop
      vertex 25.5 20.268 4
      vertex 25.7346 20.1522 15
      vertex 25.5 20.268 15
    endloop
  endfacet
  facet normal -0.442621 -0.896709 -0
    outer loop
      vertex 25.7346 20.1522 15
      vertex 25.5 20.268 4
      vertex 25.7346 20.1522 4
    endloop
  endfacet
  facet normal 0 0 1
    outer loop
      vertex 64.5 37 4
      vertex 67.5 34 4
      vertex 67.4743 34.3916 4
    endloop
  endfacet
  facet normal 0 0 1
    outer loop
      vertex 67.5 34 4
      vertex 55.5 22 4
      vertex 67.5 10 4
    endloop
  endfacet
  facet normal 0 0 1
    outer loop
      vertex 64.5 37 4
      vertex 67.4743 34.3916 4
      vertex 67.3978 34.7765 4
    endloop
  endfacet
  facet normal -0 0 1
    outer loop
      vertex 55.4829 21.7389 4
      vertex 67.5 10 4
      vertex 55.5 22 4
    endloop
  endfacet
  facet normal 0 0 1
    outer loop
      vertex 64.5 37 4
      vertex 67.3978 34.7765 4
      vertex 67.2716 35.148 4
    endloop
  endfacet
  facet normal -0 0 1
    outer loop
      vertex 55.4319 21.4824 4
      vertex 67.5 10 4
      vertex 55.4829 21.7389 4
    endloop
  endfacet
  facet normal 0 0 1
    outer loop
      vertex 64.5 37 4
      vertex 67.2716 35.148 4
      vertex 67.0981 35.5 4
    endloop
  endfacet
  facet normal -0 0 1
    outer loop
      vertex 55.3478 21.2346 4
      vertex 67.5 10 4
      vertex 55.4319 21.4824 4
    endloop
  endfacet
  facet normal 0 0 1
    outer loop
      vertex 64.5 37 4
      vertex 67.0981 35.5 4
      vertex 66.8801 35.8263 4
    endloop
  endfacet
  facet normal -0 0 1
    outer loop
      vertex 55.232 21 4
      vertex 67.5 10 4
      vertex 55.3478 21.2346 4
    endloop
  endfacet
  facet normal 0 0 1
    outer loop
      vertex 64.5 37 4
      vertex 66.8801 35.8263 4
      vertex 66.6213 36.1213 4
    endloop
  endfacet
  facet normal -0 0 1
    outer loop
      vertex 55.0867 20.7825 4
      vertex 67.5 10 4
      vertex 55.232 21 4
    endloop
  endfacet
  facet normal 0 0 1
    outer loop
      vertex 64.5 37 4
      vertex 66.6213 36.1213 4
      vertex 66.3263 36.3801 4
    endloop
  endfacet
  facet normal -0 0 1
    outer loop
      vertex 54.9142 20.5858 4
      vertex 67.5 10 4
      vertex 55.0867 20.7825 4
    endloop
  endfacet
  facet normal 0 0 1
    outer loop
      vertex 64.5 37 4
      vertex 66.3263 36.3801 4
      vertex 66 36.5981 4
    endloop
  endfacet
  facet normal 0 -0 1
    outer loop
      vertex 64.5 7 4
      vertex 67.5 10 4
      vertex 54.9142 20.5858 4
    endloop
  endfacet
  facet normal 0 0 1
    outer loop
      vertex 64.5 37 4
      vertex 66 36.5981 4
      vertex 65.648 36.7716 4
    endloop
  endfacet
  facet normal 0 0 1
    outer loop
      vertex 67.5 10 4
      vertex 64.5 7 4
      vertex 67.4743 9.60842 4
    endloop
  endfacet
  facet normal 0 0 1
    outer loop
      vertex 64.5 37 4
      vertex 65.648 36.7716 4
      vertex 65.2765 36.8978 4
    endloop
  endfacet
  facet normal 0 0 1
    outer loop
      vertex 67.4743 9.60842 4
      vertex 64.5 7 4
      vertex 67.3978 9.22354 4
    endloop
  endfacet
  facet normal 0 0 1
    outer loop
      vertex 64.5 37 4
      vertex 65.2765 36.8978 4
      vertex 64.8916 36.9743 4
    endloop
  endfacet
  facet normal 0 0 1
    outer loop
      vertex 67.2716 8.85195 4
      vertex 64.5 7 4
      vertex 67.0981 8.5 4
    endloop
  endfacet
  facet normal 0 0 1
    outer loop
      vertex 67.5 34 4
      vertex 64.5 37 4
      vertex 54.9142 23.4142 4
    endloop
  endfacet
  facet normal 0 0 1
    outer loop
      vertex 67.0981 8.5 4
      vertex 64.5 7 4
      vertex 66.8801 8.17372 4
    endloop
  endfacet
  facet normal 0 0 1
    outer loop
      vertex 66.8801 8.17372 4
      vertex 64.5 7 4
      vertex 66.6213 7.87868 4
    endloop
  endfacet
  facet normal 0 0 1
    outer loop
      vertex 67.5 34 4
      vertex 55.4829 22.2611 4
      vertex 55.5 22 4
    endloop
  endfacet
  facet normal 0 0 1
    outer loop
      vertex 67.5 34 4
      vertex 55.4319 22.5176 4
      vertex 55.4829 22.2611 4
    endloop
  endfacet
  facet normal 0 0 1
    outer loop
      vertex 67.5 34 4
      vertex 55.3478 22.7654 4
      vertex 55.4319 22.5176 4
    endloop
  endfacet
  facet normal 0 0 1
    outer loop
      vertex 67.5 34 4
      vertex 55.232 23 4
      vertex 55.3478 22.7654 4
    endloop
  endfacet
  facet normal 0 0 1
    outer loop
      vertex 67.5 34 4
      vertex 55.0867 23.2175 4
      vertex 55.232 23 4
    endloop
  endfacet
  facet normal 0 0 1
    outer loop
      vertex 67.5 34 4
      vertex 54.9142 23.4142 4
      vertex 55.0867 23.2175 4
    endloop
  endfacet
  facet normal 0 0 1
    outer loop
      vertex 64.5 37 4
      vertex 54.7175 23.5867 4
      vertex 54.9142 23.4142 4
    endloop
  endfacet
  facet normal 0 0 1
    outer loop
      vertex 64.5 37 4
      vertex 54.5 23.732 4
      vertex 54.7175 23.5867 4
    endloop
  endfacet
  facet normal 0 0 1
    outer loop
      vertex 64.5 37 4
      vertex 54.2654 23.8478 4
      vertex 54.5 23.732 4
    endloop
  endfacet
  facet normal 0 0 1
    outer loop
      vertex 64.5 37 4
      vertex 54.0176 23.9319 4
      vertex 54.2654 23.8478 4
    endloop
  endfacet
  facet normal 0 0 1
    outer loop
      vertex 64.5 37 4
      vertex 53.7611 23.9829 4
      vertex 54.0176 23.9319 4
    endloop
  endfacet
  facet normal 0 0 1
    outer loop
      vertex 64.5 37 4
      vertex 53.5 24 4
      vertex 53.7611 23.9829 4
    endloop
  endfacet
  facet normal 0 0 1
    outer loop
      vertex 64.5 37 4
      vertex 53.2389 23.9829 4
      vertex 53.5 24 4
    endloop
  endfacet
  facet normal 0 0 1
    outer loop
      vertex 64.5 37 4
      vertex 52.9824 23.9319 4
      vertex 53.2389 23.9829 4
    endloop
  endfacet
  facet normal 0 0 1
    outer loop
      vertex 64.5 37 4
      vertex 52.7346 23.8478 4
      vertex 52.9824 23.9319 4
    endloop
  endfacet
  facet normal 0 0 1
    outer loop
      vertex 64.5 37 4
      vertex 52.5 23.732 4
      vertex 52.7346 23.8478 4
    endloop
  endfacet
  facet normal 0 0 1
    outer loop
      vertex 27.5 23.732 4
      vertex 52.5 23.732 4
      vertex 64.5 37 4
    endloop
  endfacet
  facet normal 0 0 1
    outer loop
      vertex 52.5 23.732 4
      vertex 27.5 23.732 4
      vertex 52.2825 23.5867 4
    endloop
  endfacet
  facet normal 0 0 1
    outer loop
      vertex 51.5171 22.2611 4
      vertex 28.5 22 4
      vertex 51.5 22 4
    endloop
  endfacet
  facet normal 0 0 1
    outer loop
      vertex 28.4829 22.2611 4
      vertex 51.5171 22.2611 4
      vertex 51.5681 22.5176 4
    endloop
  endfacet
  facet normal 0 0 1
    outer loop
      vertex 28.4319 22.5176 4
      vertex 51.5681 22.5176 4
      vertex 51.6522 22.7654 4
    endloop
  endfacet
  facet normal 0 0 1
    outer loop
      vertex 28.3478 22.7654 4
      vertex 51.6522 22.7654 4
      vertex 51.7679 23 4
    endloop
  endfacet
  facet normal 0 0 1
    outer loop
      vertex 28.2321 23 4
      vertex 51.7679 23 4
      vertex 51.9133 23.2175 4
    endloop
  endfacet
  facet normal 0 0 1
    outer loop
      vertex 28.0867 23.2175 4
      vertex 51.9133 23.2175 4
      vertex 52.0858 23.4142 4
    endloop
  endfacet
  facet normal 0 -0 1
    outer loop
      vertex 27.7175 23.5867 4
      vertex 52.2825 23.5867 4
      vertex 27.5 23.732 4
    endloop
  endfacet
  facet normal 0 0 1
    outer loop
      vertex 51.5171 22.2611 4
      vertex 28.4829 22.2611 4
      vertex 28.5 22 4
    endloop
  endfacet
  facet normal 0 0 1
    outer loop
      vertex 51.5681 22.5176 4
      vertex 28.4319 22.5176 4
      vertex 28.4829 22.2611 4
    endloop
  endfacet
  facet normal 0 0 1
    outer loop
      vertex 51.6522 22.7654 4
      vertex 28.3478 22.7654 4
      vertex 28.4319 22.5176 4
    endloop
  endfacet
  facet normal 0 0 1
    outer loop
      vertex 51.7679 23 4
      vertex 28.2321 23 4
      vertex 28.3478 22.7654 4
    endloop
  endfacet
  facet normal 0 0 1
    outer loop
      vertex 51.9133 23.2175 4
      vertex 28.0867 23.2175 4
      vertex 28.2321 23 4
    endloop
  endfacet
  facet normal 0 0 1
    outer loop
      vertex 52.0858 23.4142 4
      vertex 27.9142 23.4142 4
      vertex 28.0867 23.2175 4
    endloop
  endfacet
  facet normal 0 0 1
    outer loop
      vertex 52.0858 23.4142 4
      vertex 27.7175 23.5867 4
      vertex 27.9142 23.4142 4
    endloop
  endfacet
  facet normal 0 0 1
    outer loop
      vertex 52.2825 23.5867 4
      vertex 27.7175 23.5867 4
      vertex 52.0858 23.4142 4
    endloop
  endfacet
  facet normal -0 0 1
    outer loop
      vertex 15.5 37 4
      vertex 27.5 23.732 4
      vertex 64.5 37 4
    endloop
  endfacet
  facet normal 0 0 1
    outer loop
      vertex 27.5 23.732 4
      vertex 15.5 37 4
      vertex 27.2654 23.8478 4
    endloop
  endfacet
  facet normal 0 0 1
    outer loop
      vertex 27.2654 23.8478 4
      vertex 15.5 37 4
      vertex 27.0176 23.9319 4
    endloop
  endfacet
  facet normal 0 0 1
    outer loop
      vertex 27.0176 23.9319 4
      vertex 15.5 37 4
      vertex 26.7611 23.9829 4
    endloop
  endfacet
  facet normal 0 0 1
    outer loop
      vertex 26.7611 23.9829 4
      vertex 15.5 37 4
      vertex 26.5 24 4
    endloop
  endfacet
  facet normal 0 0 1
    outer loop
      vertex 26.5 24 4
      vertex 15.5 37 4
      vertex 26.2389 23.9829 4
    endloop
  endfacet
  facet normal 0 0 1
    outer loop
      vertex 24.5681 22.5176 4
      vertex 12.5 34 4
      vertex 24.5171 22.2611 4
    endloop
  endfacet
  facet normal 0 0 1
    outer loop
      vertex 24.6522 22.7654 4
      vertex 12.5 34 4
      vertex 24.5681 22.5176 4
    endloop
  endfacet
  facet normal 0 0 1
    outer loop
      vertex 24.768 23 4
      vertex 12.5 34 4
      vertex 24.6522 22.7654 4
    endloop
  endfacet
  facet normal 0 0 1
    outer loop
      vertex 24.9133 23.2175 4
      vertex 12.5 34 4
      vertex 24.768 23 4
    endloop
  endfacet
  facet normal 0 0 1
    outer loop
      vertex 25.0858 23.4142 4
      vertex 12.5 34 4
      vertex 24.9133 23.2175 4
    endloop
  endfacet
  facet normal -0 0 1
    outer loop
      vertex 12.5 34 4
      vertex 25.0858 23.4142 4
      vertex 15.5 37 4
    endloop
  endfacet
  facet normal 0 0 1
    outer loop
      vertex 25.2825 23.5867 4
      vertex 15.5 37 4
      vertex 25.0858 23.4142 4
    endloop
  endfacet
  facet normal 0 0 1
    outer loop
      vertex 25.5 23.732 4
      vertex 15.5 37 4
      vertex 25.2825 23.5867 4
    endloop
  endfacet
  facet normal 0 0 1
    outer loop
      vertex 25.7346 23.8478 4
      vertex 15.5 37 4
      vertex 25.5 23.732 4
    endloop
  endfacet
  facet normal 0 0 1
    outer loop
      vertex 25.9824 23.9319 4
      vertex 15.5 37 4
      vertex 25.7346 23.8478 4
    endloop
  endfacet
  facet normal 0 0 1
    outer loop
      vertex 26.2389 23.9829 4
      vertex 15.5 37 4
      vertex 25.9824 23.9319 4
    endloop
  endfacet
  facet normal 0 0 1
    outer loop
      vertex 66.3263 7.61994 4
      vertex 64.5 7 4
      vertex 66 7.40192 4
    endloop
  endfacet
  facet normal 0 0 1
    outer loop
      vertex 66 7.40192 4
      vertex 64.5 7 4
      vertex 65.648 7.22836 4
    endloop
  endfacet
  facet normal 0 0 1
    outer loop
      vertex 65.2765 7.10222 4
      vertex 64.5 7 4
      vertex 64.8916 7.02567 4
    endloop
  endfacet
  facet normal 0 0 1
    outer loop
      vertex 65.648 7.22836 4
      vertex 64.5 7 4
      vertex 65.2765 7.10222 4
    endloop
  endfacet
  facet normal 0 0 1
    outer loop
      vertex 66.6213 7.87868 4
      vertex 64.5 7 4
      vertex 66.3263 7.61994 4
    endloop
  endfacet
  facet normal 0 0 1
    outer loop
      vertex 67.3978 9.22354 4
      vertex 64.5 7 4
      vertex 67.2716 8.85195 4
    endloop
  endfacet
  facet normal -0 0 1
    outer loop
      vertex 54.7175 20.4133 4
      vertex 64.5 7 4
      vertex 54.9142 20.5858 4
    endloop
  endfacet
  facet normal -0 0 1
    outer loop
      vertex 54.5 20.268 4
      vertex 64.5 7 4
      vertex 54.7175 20.4133 4
    endloop
  endfacet
  facet normal -0 0 1
    outer loop
      vertex 54.2654 20.1522 4
      vertex 64.5 7 4
      vertex 54.5 20.268 4
    endloop
  endfacet
  facet normal -0 0 1
    outer loop
      vertex 54.0176 20.0681 4
      vertex 64.5 7 4
      vertex 54.2654 20.1522 4
    endloop
  endfacet
  facet normal -0 0 1
    outer loop
      vertex 53.7611 20.0171 4
      vertex 64.5 7 4
      vertex 54.0176 20.0681 4
    endloop
  endfacet
  facet normal -0 0 1
    outer loop
      vertex 53.5 20 4
      vertex 64.5 7 4
      vertex 53.7611 20.0171 4
    endloop
  endfacet
  facet normal 0 0 1
    outer loop
      vertex 53.2389 20.0171 4
      vertex 64.5 7 4
      vertex 53.5 20 4
    endloop
  endfacet
  facet normal 0 0 1
    outer loop
      vertex 52.9824 20.0681 4
      vertex 64.5 7 4
      vertex 53.2389 20.0171 4
    endloop
  endfacet
  facet normal 0 0 1
    outer loop
      vertex 52.7346 20.1522 4
      vertex 64.5 7 4
      vertex 52.9824 20.0681 4
    endloop
  endfacet
  facet normal 0 0 1
    outer loop
      vertex 52.5 20.268 4
      vertex 64.5 7 4
      vertex 52.7346 20.1522 4
    endloop
  endfacet
  facet normal 0 0 1
    outer loop
      vertex 27.5 20.268 4
      vertex 52.5 20.268 4
      vertex 52.2825 20.4133 4
    endloop
  endfacet
  facet normal 0 0 1
    outer loop
      vertex 27.7175 20.4133 4
      vertex 52.2825 20.4133 4
      vertex 52.0858 20.5858 4
    endloop
  endfacet
  facet normal -0 0 1
    outer loop
      vertex 28.5 22 4
      vertex 51.5171 21.7389 4
      vertex 51.5 22 4
    endloop
  endfacet
  facet normal 0 0 1
    outer loop
      vertex 28.4829 21.7389 4
      vertex 51.5171 21.7389 4
      vertex 28.5 22 4
    endloop
  endfacet
  facet normal 0 0 1
    outer loop
      vertex 51.5171 21.7389 4
      vertex 28.4829 21.7389 4
      vertex 51.5681 21.4824 4
    endloop
  endfacet
  facet normal 0 0 1
    outer loop
      vertex 28.4319 21.4824 4
      vertex 51.5681 21.4824 4
      vertex 28.4829 21.7389 4
    endloop
  endfacet
  facet normal 0 0 1
    outer loop
      vertex 51.5681 21.4824 4
      vertex 28.4319 21.4824 4
      vertex 51.6522 21.2346 4
    endloop
  endfacet
  facet normal 0 0 1
    outer loop
      vertex 28.3478 21.2346 4
      vertex 51.6522 21.2346 4
      vertex 28.4319 21.4824 4
    endloop
  endfacet
  facet normal 0 0 1
    outer loop
      vertex 51.6522 21.2346 4
      vertex 28.3478 21.2346 4
      vertex 51.7679 21 4
    endloop
  endfacet
  facet normal 0 0 1
    outer loop
      vertex 28.2321 21 4
      vertex 51.7679 21 4
      vertex 28.3478 21.2346 4
    endloop
  endfacet
  facet normal 0 0 1
    outer loop
      vertex 51.7679 21 4
      vertex 28.2321 21 4
      vertex 51.9133 20.7825 4
    endloop
  endfacet
  facet normal 0 0 1
    outer loop
      vertex 28.0867 20.7825 4
      vertex 51.9133 20.7825 4
      vertex 28.2321 21 4
    endloop
  endfacet
  facet normal 0 0 1
    outer loop
      vertex 51.9133 20.7825 4
      vertex 28.0867 20.7825 4
      vertex 52.0858 20.5858 4
    endloop
  endfacet
  facet normal 0 0 1
    outer loop
      vertex 27.9142 20.5858 4
      vertex 52.0858 20.5858 4
      vertex 28.0867 20.7825 4
    endloop
  endfacet
  facet normal 0 0 1
    outer loop
      vertex 27.7175 20.4133 4
      vertex 52.0858 20.5858 4
      vertex 27.9142 20.5858 4
    endloop
  endfacet
  facet normal 0 0 1
    outer loop
      vertex 52.2825 20.4133 4
      vertex 27.7175 20.4133 4
      vertex 27.5 20.268 4
    endloop
  endfacet
  facet normal 0 0 1
    outer loop
      vertex 52.5 20.268 4
      vertex 27.5 20.268 4
      vertex 64.5 7 4
    endloop
  endfacet
  facet normal 0 0 1
    outer loop
      vertex 15.5 7 4
      vertex 27.5 20.268 4
      vertex 27.2654 20.1522 4
    endloop
  endfacet
  facet normal 0 0 1
    outer loop
      vertex 15.5 7 4
      vertex 27.2654 20.1522 4
      vertex 27.0176 20.0681 4
    endloop
  endfacet
  facet normal 0 0 1
    outer loop
      vertex 15.5 7 4
      vertex 27.0176 20.0681 4
      vertex 26.7611 20.0171 4
    endloop
  endfacet
  facet normal 0 0 1
    outer loop
      vertex 15.5 7 4
      vertex 26.7611 20.0171 4
      vertex 26.5 20 4
    endloop
  endfacet
  facet normal 0 0 1
    outer loop
      vertex 15.5 7 4
      vertex 26.5 20 4
      vertex 26.2389 20.0171 4
    endloop
  endfacet
  facet normal 0 0 1
    outer loop
      vertex 15.5 7 4
      vertex 26.2389 20.0171 4
      vertex 25.9824 20.0681 4
    endloop
  endfacet
  facet normal 0 0 1
    outer loop
      vertex 24.5171 22.2611 4
      vertex 12.5 34 4
      vertex 24.5 22 4
    endloop
  endfacet
  facet normal 0 0 1
    outer loop
      vertex 12.5 10 4
      vertex 24.5 22 4
      vertex 12.5 34 4
    endloop
  endfacet
  facet normal 0 0 1
    outer loop
      vertex 24.5 22 4
      vertex 12.5 10 4
      vertex 24.5171 21.7389 4
    endloop
  endfacet
  facet normal 0 0 1
    outer loop
      vertex 24.5171 21.7389 4
      vertex 12.5 10 4
      vertex 24.5681 21.4824 4
    endloop
  endfacet
  facet normal 0 0 1
    outer loop
      vertex 27.5 20.268 4
      vertex 15.5 7 4
      vertex 64.5 7 4
    endloop
  endfacet
  facet normal 0 0 1
    outer loop
      vertex 25.7346 20.1522 4
      vertex 15.5 7 4
      vertex 25.9824 20.0681 4
    endloop
  endfacet
  facet normal 0 0 1
    outer loop
      vertex 25.5 20.268 4
      vertex 15.5 7 4
      vertex 25.7346 20.1522 4
    endloop
  endfacet
  facet normal 0 0 1
    outer loop
      vertex 25.2825 20.4133 4
      vertex 15.5 7 4
      vertex 25.5 20.268 4
    endloop
  endfacet
  facet normal 0 0 1
    outer loop
      vertex 25.0858 20.5858 4
      vertex 15.5 7 4
      vertex 25.2825 20.4133 4
    endloop
  endfacet
  facet normal 0 0 1
    outer loop
      vertex 12.5 10 4
      vertex 25.0858 20.5858 4
      vertex 24.9133 20.7825 4
    endloop
  endfacet
  facet normal 0 0 1
    outer loop
      vertex 12.5 10 4
      vertex 24.9133 20.7825 4
      vertex 24.768 21 4
    endloop
  endfacet
  facet normal 0 0 1
    outer loop
      vertex 24.5681 21.4824 4
      vertex 12.5 10 4
      vertex 24.6522 21.2346 4
    endloop
  endfacet
  facet normal 0 0 1
    outer loop
      vertex 12.5 34 4
      vertex 15.5 37 4
      vertex 15.1084 36.9743 4
    endloop
  endfacet
  facet normal 0 0 1
    outer loop
      vertex 24.6522 21.2346 4
      vertex 12.5 10 4
      vertex 24.768 21 4
    endloop
  endfacet
  facet normal 0 0 1
    outer loop
      vertex 12.5 34 4
      vertex 15.1084 36.9743 4
      vertex 14.7235 36.8978 4
    endloop
  endfacet
  facet normal 0 0 1
    outer loop
      vertex 25.0858 20.5858 4
      vertex 12.5 10 4
      vertex 15.5 7 4
    endloop
  endfacet
  facet normal 0 0 1
    outer loop
      vertex 12.5 34 4
      vertex 14.7235 36.8978 4
      vertex 14.3519 36.7716 4
    endloop
  endfacet
  facet normal 0 0 1
    outer loop
      vertex 15.5 7 4
      vertex 12.5 10 4
      vertex 15.1084 7.02567 4
    endloop
  endfacet
  facet normal 0 0 1
    outer loop
      vertex 12.5 34 4
      vertex 14.3519 36.7716 4
      vertex 14 36.5981 4
    endloop
  endfacet
  facet normal 0 0 1
    outer loop
      vertex 15.1084 7.02567 4
      vertex 12.5 10 4
      vertex 14.7235 7.10222 4
    endloop
  endfacet
  facet normal 0 0 1
    outer loop
      vertex 12.5 34 4
      vertex 14 36.5981 4
      vertex 13.6737 36.3801 4
    endloop
  endfacet
  facet normal 0 0 1
    outer loop
      vertex 14.7235 7.10222 4
      vertex 12.5 10 4
      vertex 14.3519 7.22836 4
    endloop
  endfacet
  facet normal 0 0 1
    outer loop
      vertex 12.5 34 4
      vertex 13.6737 36.3801 4
      vertex 13.3787 36.1213 4
    endloop
  endfacet
  facet normal 0 0 1
    outer loop
      vertex 14.3519 7.22836 4
      vertex 12.5 10 4
      vertex 14 7.40192 4
    endloop
  endfacet
  facet normal 0 0 1
    outer loop
      vertex 12.5 34 4
      vertex 13.3787 36.1213 4
      vertex 13.1199 35.8263 4
    endloop
  endfacet
  facet normal 0 0 1
    outer loop
      vertex 14 7.40192 4
      vertex 12.5 10 4
      vertex 13.6737 7.61994 4
    endloop
  endfacet
  facet normal 0 0 1
    outer loop
      vertex 12.5 34 4
      vertex 13.1199 35.8263 4
      vertex 12.9019 35.5 4
    endloop
  endfacet
  facet normal 0 0 1
    outer loop
      vertex 13.6737 7.61994 4
      vertex 12.5 10 4
      vertex 13.3787 7.87868 4
    endloop
  endfacet
  facet normal 0 0 1
    outer loop
      vertex 12.5 34 4
      vertex 12.9019 35.5 4
      vertex 12.7284 35.148 4
    endloop
  endfacet
  facet normal 0 0 1
    outer loop
      vertex 13.3787 7.87868 4
      vertex 12.5 10 4
      vertex 13.1199 8.17372 4
    endloop
  endfacet
  facet normal 0 0 1
    outer loop
      vertex 12.5 34 4
      vertex 12.7284 35.148 4
      vertex 12.6022 34.7765 4
    endloop
  endfacet
  facet normal 0 0 1
    outer loop
      vertex 13.1199 8.17372 4
      vertex 12.5 10 4
      vertex 12.9019 8.5 4
    endloop
  endfacet
  facet normal 0 0 1
    outer loop
      vertex 12.5 34 4
      vertex 12.6022 34.7765 4
      vertex 12.5257 34.3916 4
    endloop
  endfacet
  facet normal 0 0 1
    outer loop
      vertex 12.9019 8.5 4
      vertex 12.5 10 4
      vertex 12.7284 8.85195 4
    endloop
  endfacet
  facet normal 0 0 1
    outer loop
      vertex 12.7284 8.85195 4
      vertex 12.5 10 4
      vertex 12.6022 9.22354 4
    endloop
  endfacet
  facet normal 0 0 1
    outer loop
      vertex 12.6022 9.22354 4
      vertex 12.5 10 4
      vertex 12.5257 9.60842 4
    endloop
  endfacet
  facet normal -0.896709 0.442621 0
    outer loop
      vertex 24.6522 22.7654 4
      vertex 24.768 23 15
      vertex 24.768 23 4
    endloop
  endfacet
  facet normal -0.896709 0.442621 0
    outer loop
      vertex 24.768 23 15
      vertex 24.6522 22.7654 4
      vertex 24.6522 22.7654 15
    endloop
  endfacet
  facet normal -0.831521 0.555494 0
    outer loop
      vertex 24.768 23 4
      vertex 24.9133 23.2175 15
      vertex 24.9133 23.2175 4
    endloop
  endfacet
  facet normal -0.831521 0.555494 0
    outer loop
      vertex 24.9133 23.2175 15
      vertex 24.768 23 4
      vertex 24.768 23 15
    endloop
  endfacet
  facet normal -0.555494 -0.831521 0
    outer loop
      vertex 25.2825 20.4133 4
      vertex 25.5 20.268 15
      vertex 25.2825 20.4133 15
    endloop
  endfacet
  facet normal -0.555494 -0.831521 -0
    outer loop
      vertex 25.5 20.268 15
      vertex 25.2825 20.4133 4
      vertex 25.5 20.268 4
    endloop
  endfacet
  facet normal 0 0 1
    outer loop
      vertex 28.4829 22.2611 15
      vertex 28.4829 21.7389 15
      vertex 28.5 22 15
    endloop
  endfacet
  facet normal 0 0 1
    outer loop
      vertex 28.4319 22.5176 15
      vertex 28.4829 21.7389 15
      vertex 28.4829 22.2611 15
    endloop
  endfacet
  facet normal 0 0 1
    outer loop
      vertex 28.4319 22.5176 15
      vertex 28.4319 21.4824 15
      vertex 28.4829 21.7389 15
    endloop
  endfacet
  facet normal 0 0 1
    outer loop
      vertex 28.3478 22.7654 15
      vertex 28.4319 21.4824 15
      vertex 28.4319 22.5176 15
    endloop
  endfacet
  facet normal 0 0 1
    outer loop
      vertex 28.3478 22.7654 15
      vertex 28.3478 21.2346 15
      vertex 28.4319 21.4824 15
    endloop
  endfacet
  facet normal 0 0 1
    outer loop
      vertex 28.2321 23 15
      vertex 28.3478 21.2346 15
      vertex 28.3478 22.7654 15
    endloop
  endfacet
  facet normal 0 0 1
    outer loop
      vertex 28.2321 23 15
      vertex 28.2321 21 15
      vertex 28.3478 21.2346 15
    endloop
  endfacet
  facet normal 0 0 1
    outer loop
      vertex 28.0867 23.2175 15
      vertex 28.2321 21 15
      vertex 28.2321 23 15
    endloop
  endfacet
  facet normal 0 0 1
    outer loop
      vertex 28.0867 23.2175 15
      vertex 28.0867 20.7825 15
      vertex 28.2321 21 15
    endloop
  endfacet
  facet normal 0 0 1
    outer loop
      vertex 27.9142 23.4142 15
      vertex 28.0867 20.7825 15
      vertex 28.0867 23.2175 15
    endloop
  endfacet
  facet normal 0 0 1
    outer loop
      vertex 27.9142 23.4142 15
      vertex 27.9142 20.5858 15
      vertex 28.0867 20.7825 15
    endloop
  endfacet
  facet normal 0 0 1
    outer loop
      vertex 27.7175 23.5867 15
      vertex 27.9142 20.5858 15
      vertex 27.9142 23.4142 15
    endloop
  endfacet
  facet normal 0 0 1
    outer loop
      vertex 27.7175 23.5867 15
      vertex 27.7175 20.4133 15
      vertex 27.9142 20.5858 15
    endloop
  endfacet
  facet normal 0 0 1
    outer loop
      vertex 27.5 23.732 15
      vertex 27.7175 20.4133 15
      vertex 27.7175 23.5867 15
    endloop
  endfacet
  facet normal 0 0 1
    outer loop
      vertex 27.5 23.732 15
      vertex 27.5 20.268 15
      vertex 27.7175 20.4133 15
    endloop
  endfacet
  facet normal 0 0 1
    outer loop
      vertex 27.2654 23.8478 15
      vertex 27.5 20.268 15
      vertex 27.5 23.732 15
    endloop
  endfacet
  facet normal 0 0 1
    outer loop
      vertex 27.2654 23.8478 15
      vertex 27.2654 20.1522 15
      vertex 27.5 20.268 15
    endloop
  endfacet
  facet normal 0 0 1
    outer loop
      vertex 27.0176 23.9319 15
      vertex 27.2654 20.1522 15
      vertex 27.2654 23.8478 15
    endloop
  endfacet
  facet normal 0 0 1
    outer loop
      vertex 27.0176 23.9319 15
      vertex 27.0176 20.0681 15
      vertex 27.2654 20.1522 15
    endloop
  endfacet
  facet normal 0 0 1
    outer loop
      vertex 26.7611 23.9829 15
      vertex 27.0176 20.0681 15
      vertex 27.0176 23.9319 15
    endloop
  endfacet
  facet normal 0 0 1
    outer loop
      vertex 26.7611 23.9829 15
      vertex 26.7611 20.0171 15
      vertex 27.0176 20.0681 15
    endloop
  endfacet
  facet normal 0 0 1
    outer loop
      vertex 26.5 24 15
      vertex 26.7611 20.0171 15
      vertex 26.7611 23.9829 15
    endloop
  endfacet
  facet normal 0 0 1
    outer loop
      vertex 26.5 24 15
      vertex 26.5 20 15
      vertex 26.7611 20.0171 15
    endloop
  endfacet
  facet normal -0 0 1
    outer loop
      vertex 26.2389 23.9829 15
      vertex 26.5 20 15
      vertex 26.5 24 15
    endloop
  endfacet
  facet normal 0 0 1
    outer loop
      vertex 26.2389 23.9829 15
      vertex 26.2389 20.0171 15
      vertex 26.5 20 15
    endloop
  endfacet
  facet normal -0 0 1
    outer loop
      vertex 25.9824 23.9319 15
      vertex 26.2389 20.0171 15
      vertex 26.2389 23.9829 15
    endloop
  endfacet
  facet normal 0 0 1
    outer loop
      vertex 25.9824 23.9319 15
      vertex 25.9824 20.0681 15
      vertex 26.2389 20.0171 15
    endloop
  endfacet
  facet normal -0 0 1
    outer loop
      vertex 25.7346 23.8478 15
      vertex 25.9824 20.0681 15
      vertex 25.9824 23.9319 15
    endloop
  endfacet
  facet normal 0 0 1
    outer loop
      vertex 25.7346 23.8478 15
      vertex 25.7346 20.1522 15
      vertex 25.9824 20.0681 15
    endloop
  endfacet
  facet normal -0 0 1
    outer loop
      vertex 25.5 23.732 15
      vertex 25.7346 20.1522 15
      vertex 25.7346 23.8478 15
    endloop
  endfacet
  facet normal 0 0 1
    outer loop
      vertex 25.5 23.732 15
      vertex 25.5 20.268 15
      vertex 25.7346 20.1522 15
    endloop
  endfacet
  facet normal -0 0 1
    outer loop
      vertex 25.2825 23.5867 15
      vertex 25.5 20.268 15
      vertex 25.5 23.732 15
    endloop
  endfacet
  facet normal 0 0 1
    outer loop
      vertex 25.2825 23.5867 15
      vertex 25.2825 20.4133 15
      vertex 25.5 20.268 15
    endloop
  endfacet
  facet normal -0 0 1
    outer loop
      vertex 25.0858 23.4142 15
      vertex 25.2825 20.4133 15
      vertex 25.2825 23.5867 15
    endloop
  endfacet
  facet normal 0 0 1
    outer loop
      vertex 25.0858 23.4142 15
      vertex 25.0858 20.5858 15
      vertex 25.2825 20.4133 15
    endloop
  endfacet
  facet normal -0 0 1
    outer loop
      vertex 24.9133 23.2175 15
      vertex 25.0858 20.5858 15
      vertex 25.0858 23.4142 15
    endloop
  endfacet
  facet normal 0 0 1
    outer loop
      vertex 24.9133 23.2175 15
      vertex 24.9133 20.7825 15
      vertex 25.0858 20.5858 15
    endloop
  endfacet
  facet normal -0 0 1
    outer loop
      vertex 24.768 23 15
      vertex 24.9133 20.7825 15
      vertex 24.9133 23.2175 15
    endloop
  endfacet
  facet normal 0 0 1
    outer loop
      vertex 24.768 23 15
      vertex 24.768 21 15
      vertex 24.9133 20.7825 15
    endloop
  endfacet
  facet normal -0 0 1
    outer loop
      vertex 24.6522 22.7654 15
      vertex 24.768 21 15
      vertex 24.768 23 15
    endloop
  endfacet
  facet normal 0 0 1
    outer loop
      vertex 24.6522 22.7654 15
      vertex 24.6522 21.2346 15
      vertex 24.768 21 15
    endloop
  endfacet
  facet normal -0 0 1
    outer loop
      vertex 24.5681 22.5176 15
      vertex 24.6522 21.2346 15
      vertex 24.6522 22.7654 15
    endloop
  endfacet
  facet normal 0 0 1
    outer loop
      vertex 24.5681 22.5176 15
      vertex 24.5681 21.4824 15
      vertex 24.6522 21.2346 15
    endloop
  endfacet
  facet normal -0 0 1
    outer loop
      vertex 24.5171 22.2611 15
      vertex 24.5681 21.4824 15
      vertex 24.5681 22.5176 15
    endloop
  endfacet
  facet normal 0 0 1
    outer loop
      vertex 24.5171 22.2611 15
      vertex 24.5171 21.7389 15
      vertex 24.5681 21.4824 15
    endloop
  endfacet
  facet normal 0 -0 1
    outer loop
      vertex 24.5171 21.7389 15
      vertex 24.5171 22.2611 15
      vertex 24.5 22 15
    endloop
  endfacet
  facet normal 0.0653521 -0.997862 0
    outer loop
      vertex 53.5 20 4
      vertex 53.7611 20.0171 15
      vertex 53.5 20 15
    endloop
  endfacet
  facet normal 0.0653521 -0.997862 0
    outer loop
      vertex 53.7611 20.0171 15
      vertex 53.5 20 4
      vertex 53.7611 20.0171 4
    endloop
  endfacet
  facet normal 0.980801 0.195013 0
    outer loop
      vertex 55.4829 22.2611 15
      vertex 55.4319 22.5176 4
      vertex 55.4319 22.5176 15
    endloop
  endfacet
  facet normal 0.980801 0.195013 0
    outer loop
      vertex 55.4319 22.5176 4
      vertex 55.4829 22.2611 15
      vertex 55.4829 22.2611 4
    endloop
  endfacet
  facet normal 0.997862 0.0653521 0
    outer loop
      vertex 55.5 22 15
      vertex 55.4829 22.2611 4
      vertex 55.4829 22.2611 15
    endloop
  endfacet
  facet normal 0.997862 0.0653521 0
    outer loop
      vertex 55.4829 22.2611 4
      vertex 55.5 22 15
      vertex 55.5 22 4
    endloop
  endfacet
  facet normal 0.980801 -0.195013 0
    outer loop
      vertex 55.4319 21.4824 15
      vertex 55.4829 21.7389 4
      vertex 55.4829 21.7389 15
    endloop
  endfacet
  facet normal 0.980801 -0.195013 0
    outer loop
      vertex 55.4829 21.7389 4
      vertex 55.4319 21.4824 15
      vertex 55.4319 21.4824 4
    endloop
  endfacet
  facet normal 0.94695 -0.321382 0
    outer loop
      vertex 55.3478 21.2346 15
      vertex 55.4319 21.4824 4
      vertex 55.4319 21.4824 15
    endloop
  endfacet
  facet normal 0.94695 -0.321382 0
    outer loop
      vertex 55.4319 21.4824 4
      vertex 55.3478 21.2346 15
      vertex 55.3478 21.2346 4
    endloop
  endfacet
  facet normal -0.195013 -0.980801 0
    outer loop
      vertex 52.9824 20.0681 4
      vertex 53.2389 20.0171 15
      vertex 52.9824 20.0681 15
    endloop
  endfacet
  facet normal -0.195013 -0.980801 -0
    outer loop
      vertex 53.2389 20.0171 15
      vertex 52.9824 20.0681 4
      vertex 53.2389 20.0171 4
    endloop
  endfacet
  facet normal -0.321382 0.94695 0
    outer loop
      vertex 52.9824 23.9319 4
      vertex 52.7346 23.8478 15
      vertex 52.9824 23.9319 15
    endloop
  endfacet
  facet normal -0.321382 0.94695 0
    outer loop
      vertex 52.7346 23.8478 15
      vertex 52.9824 23.9319 4
      vertex 52.7346 23.8478 4
    endloop
  endfacet
  facet normal -0.555494 0.831521 0
    outer loop
      vertex 52.5 23.732 4
      vertex 52.2825 23.5867 15
      vertex 52.5 23.732 15
    endloop
  endfacet
  facet normal -0.555494 0.831521 0
    outer loop
      vertex 52.2825 23.5867 15
      vertex 52.5 23.732 4
      vertex 52.2825 23.5867 4
    endloop
  endfacet
  facet normal 0.896709 0.442621 0
    outer loop
      vertex 55.3478 22.7654 15
      vertex 55.232 23 4
      vertex 55.232 23 15
    endloop
  endfacet
  facet normal 0.896709 0.442621 0
    outer loop
      vertex 55.232 23 4
      vertex 55.3478 22.7654 15
      vertex 55.3478 22.7654 4
    endloop
  endfacet
  facet normal 0.195013 -0.980801 0
    outer loop
      vertex 53.7611 20.0171 4
      vertex 54.0176 20.0681 15
      vertex 53.7611 20.0171 15
    endloop
  endfacet
  facet normal 0.195013 -0.980801 0
    outer loop
      vertex 54.0176 20.0681 15
      vertex 53.7611 20.0171 4
      vertex 54.0176 20.0681 4
    endloop
  endfacet
  facet normal 0.442621 -0.896709 0
    outer loop
      vertex 54.2654 20.1522 4
      vertex 54.5 20.268 15
      vertex 54.2654 20.1522 15
    endloop
  endfacet
  facet normal 0.442621 -0.896709 0
    outer loop
      vertex 54.5 20.268 15
      vertex 54.2654 20.1522 4
      vertex 54.5 20.268 4
    endloop
  endfacet
  facet normal 0.321382 -0.94695 0
    outer loop
      vertex 54.0176 20.0681 4
      vertex 54.2654 20.1522 15
      vertex 54.0176 20.0681 15
    endloop
  endfacet
  facet normal 0.321382 -0.94695 0
    outer loop
      vertex 54.2654 20.1522 15
      vertex 54.0176 20.0681 4
      vertex 54.2654 20.1522 4
    endloop
  endfacet
  facet normal 0.555494 -0.831521 0
    outer loop
      vertex 54.5 20.268 4
      vertex 54.7175 20.4133 15
      vertex 54.5 20.268 15
    endloop
  endfacet
  facet normal 0.555494 -0.831521 0
    outer loop
      vertex 54.7175 20.4133 15
      vertex 54.5 20.268 4
      vertex 54.7175 20.4133 4
    endloop
  endfacet
  facet normal -0.442621 0.896709 0
    outer loop
      vertex 52.7346 23.8478 4
      vertex 52.5 23.732 15
      vertex 52.7346 23.8478 15
    endloop
  endfacet
  facet normal -0.442621 0.896709 0
    outer loop
      vertex 52.5 23.732 15
      vertex 52.7346 23.8478 4
      vertex 52.5 23.732 4
    endloop
  endfacet
  facet normal -0.751842 -0.659343 0
    outer loop
      vertex 52.0858 20.5858 4
      vertex 51.9133 20.7825 15
      vertex 51.9133 20.7825 4
    endloop
  endfacet
  facet normal -0.751842 -0.659343 0
    outer loop
      vertex 51.9133 20.7825 15
      vertex 52.0858 20.5858 4
      vertex 52.0858 20.5858 15
    endloop
  endfacet
  facet normal -0.997862 -0.0653521 0
    outer loop
      vertex 51.5171 21.7389 4
      vertex 51.5 22 15
      vertex 51.5 22 4
    endloop
  endfacet
  facet normal -0.997862 -0.0653521 0
    outer loop
      vertex 51.5 22 15
      vertex 51.5171 21.7389 4
      vertex 51.5171 21.7389 15
    endloop
  endfacet
  facet normal 0.831521 0.555494 0
    outer loop
      vertex 55.232 23 15
      vertex 55.0867 23.2175 4
      vertex 55.0867 23.2175 15
    endloop
  endfacet
  facet normal 0.831521 0.555494 0
    outer loop
      vertex 55.0867 23.2175 4
      vertex 55.232 23 15
      vertex 55.232 23 4
    endloop
  endfacet
  facet normal -0.997862 0.0653521 0
    outer loop
      vertex 51.5 22 4
      vertex 51.5171 22.2611 15
      vertex 51.5171 22.2611 4
    endloop
  endfacet
  facet normal -0.997862 0.0653521 0
    outer loop
      vertex 51.5171 22.2611 15
      vertex 51.5 22 4
      vertex 51.5 22 15
    endloop
  endfacet
  facet normal -0.555494 -0.831521 0
    outer loop
      vertex 52.2825 20.4133 4
      vertex 52.5 20.268 15
      vertex 52.2825 20.4133 15
    endloop
  endfacet
  facet normal -0.555494 -0.831521 -0
    outer loop
      vertex 52.5 20.268 15
      vertex 52.2825 20.4133 4
      vertex 52.5 20.268 4
    endloop
  endfacet
  facet normal -0.980801 0.195013 0
    outer loop
      vertex 51.5171 22.2611 4
      vertex 51.5681 22.5176 15
      vertex 51.5681 22.5176 4
    endloop
  endfacet
  facet normal -0.980801 0.195013 0
    outer loop
      vertex 51.5681 22.5176 15
      vertex 51.5171 22.2611 4
      vertex 51.5171 22.2611 15
    endloop
  endfacet
  facet normal -0.751842 0.659343 0
    outer loop
      vertex 51.9133 23.2175 4
      vertex 52.0858 23.4142 15
      vertex 52.0858 23.4142 4
    endloop
  endfacet
  facet normal -0.751842 0.659343 0
    outer loop
      vertex 52.0858 23.4142 15
      vertex 51.9133 23.2175 4
      vertex 51.9133 23.2175 15
    endloop
  endfacet
  facet normal -0.94695 -0.321382 0
    outer loop
      vertex 51.6522 21.2346 4
      vertex 51.5681 21.4824 15
      vertex 51.5681 21.4824 4
    endloop
  endfacet
  facet normal -0.94695 -0.321382 0
    outer loop
      vertex 51.5681 21.4824 15
      vertex 51.6522 21.2346 4
      vertex 51.6522 21.2346 15
    endloop
  endfacet
  facet normal 0.997862 -0.0653521 0
    outer loop
      vertex 55.4829 21.7389 15
      vertex 55.5 22 4
      vertex 55.5 22 15
    endloop
  endfacet
  facet normal 0.997862 -0.0653521 0
    outer loop
      vertex 55.5 22 4
      vertex 55.4829 21.7389 15
      vertex 55.4829 21.7389 4
    endloop
  endfacet
  facet normal 0.442621 0.896709 -0
    outer loop
      vertex 54.5 23.732 4
      vertex 54.2654 23.8478 15
      vertex 54.5 23.732 15
    endloop
  endfacet
  facet normal 0.442621 0.896709 0
    outer loop
      vertex 54.2654 23.8478 15
      vertex 54.5 23.732 4
      vertex 54.2654 23.8478 4
    endloop
  endfacet
  facet normal 0.751842 0.659343 0
    outer loop
      vertex 55.0867 23.2175 15
      vertex 54.9142 23.4142 4
      vertex 54.9142 23.4142 15
    endloop
  endfacet
  facet normal 0.751842 0.659343 0
    outer loop
      vertex 54.9142 23.4142 4
      vertex 55.0867 23.2175 15
      vertex 55.0867 23.2175 4
    endloop
  endfacet
  facet normal 0.555494 0.831521 -0
    outer loop
      vertex 54.7175 23.5867 4
      vertex 54.5 23.732 15
      vertex 54.7175 23.5867 15
    endloop
  endfacet
  facet normal 0.555494 0.831521 0
    outer loop
      vertex 54.5 23.732 15
      vertex 54.7175 23.5867 4
      vertex 54.5 23.732 4
    endloop
  endfacet
  facet normal 0.896709 -0.442621 0
    outer loop
      vertex 55.232 21 15
      vertex 55.3478 21.2346 4
      vertex 55.3478 21.2346 15
    endloop
  endfacet
  facet normal 0.896709 -0.442621 0
    outer loop
      vertex 55.3478 21.2346 4
      vertex 55.232 21 15
      vertex 55.232 21 4
    endloop
  endfacet
  facet normal 0.831521 -0.555494 0
    outer loop
      vertex 55.0867 20.7825 15
      vertex 55.232 21 4
      vertex 55.232 21 15
    endloop
  endfacet
  facet normal 0.831521 -0.555494 0
    outer loop
      vertex 55.232 21 4
      vertex 55.0867 20.7825 15
      vertex 55.0867 20.7825 4
    endloop
  endfacet
  facet normal -0.831344 0.555758 0
    outer loop
      vertex 51.7679 23 4
      vertex 51.9133 23.2175 15
      vertex 51.9133 23.2175 4
    endloop
  endfacet
  facet normal -0.831344 0.555758 0
    outer loop
      vertex 51.9133 23.2175 15
      vertex 51.7679 23 4
      vertex 51.7679 23 15
    endloop
  endfacet
  facet normal -0.195013 0.980801 0
    outer loop
      vertex 53.2389 23.9829 4
      vertex 52.9824 23.9319 15
      vertex 53.2389 23.9829 15
    endloop
  endfacet
  facet normal -0.195013 0.980801 0
    outer loop
      vertex 52.9824 23.9319 15
      vertex 53.2389 23.9829 4
      vertex 52.9824 23.9319 4
    endloop
  endfacet
  facet normal 0.659343 0.751842 -0
    outer loop
      vertex 54.9142 23.4142 4
      vertex 54.7175 23.5867 15
      vertex 54.9142 23.4142 15
    endloop
  endfacet
  facet normal 0.659343 0.751842 0
    outer loop
      vertex 54.7175 23.5867 15
      vertex 54.9142 23.4142 4
      vertex 54.7175 23.5867 4
    endloop
  endfacet
  facet normal 0.751842 -0.659343 0
    outer loop
      vertex 54.9142 20.5858 15
      vertex 55.0867 20.7825 4
      vertex 55.0867 20.7825 15
    endloop
  endfacet
  facet normal 0.751842 -0.659343 0
    outer loop
      vertex 55.0867 20.7825 4
      vertex 54.9142 20.5858 15
      vertex 54.9142 20.5858 4
    endloop
  endfacet
  facet normal -0.321382 -0.94695 0
    outer loop
      vertex 52.7346 20.1522 4
      vertex 52.9824 20.0681 15
      vertex 52.7346 20.1522 15
    endloop
  endfacet
  facet normal -0.321382 -0.94695 -0
    outer loop
      vertex 52.9824 20.0681 15
      vertex 52.7346 20.1522 4
      vertex 52.9824 20.0681 4
    endloop
  endfacet
  facet normal 0.0653521 0.997862 -0
    outer loop
      vertex 53.7611 23.9829 4
      vertex 53.5 24 15
      vertex 53.7611 23.9829 15
    endloop
  endfacet
  facet normal 0.0653521 0.997862 0
    outer loop
      vertex 53.5 24 15
      vertex 53.7611 23.9829 4
      vertex 53.5 24 4
    endloop
  endfacet
  facet normal -0.831344 -0.555758 0
    outer loop
      vertex 51.9133 20.7825 4
      vertex 51.7679 21 15
      vertex 51.7679 21 4
    endloop
  endfacet
  facet normal -0.831344 -0.555758 0
    outer loop
      vertex 51.7679 21 15
      vertex 51.9133 20.7825 4
      vertex 51.9133 20.7825 15
    endloop
  endfacet
  facet normal -0.659343 0.751842 0
    outer loop
      vertex 52.2825 23.5867 4
      vertex 52.0858 23.4142 15
      vertex 52.2825 23.5867 15
    endloop
  endfacet
  facet normal -0.659343 0.751842 0
    outer loop
      vertex 52.0858 23.4142 15
      vertex 52.2825 23.5867 4
      vertex 52.0858 23.4142 4
    endloop
  endfacet
  facet normal -0.89686 0.442314 0
    outer loop
      vertex 51.6522 22.7654 4
      vertex 51.7679 23 15
      vertex 51.7679 23 4
    endloop
  endfacet
  facet normal -0.89686 0.442314 0
    outer loop
      vertex 51.7679 23 15
      vertex 51.6522 22.7654 4
      vertex 51.6522 22.7654 15
    endloop
  endfacet
  facet normal -0.0653521 0.997862 0
    outer loop
      vertex 53.5 24 4
      vertex 53.2389 23.9829 15
      vertex 53.5 24 15
    endloop
  endfacet
  facet normal -0.0653521 0.997862 0
    outer loop
      vertex 53.2389 23.9829 15
      vertex 53.5 24 4
      vertex 53.2389 23.9829 4
    endloop
  endfacet
  facet normal -0.980801 -0.195013 0
    outer loop
      vertex 51.5681 21.4824 4
      vertex 51.5171 21.7389 15
      vertex 51.5171 21.7389 4
    endloop
  endfacet
  facet normal -0.980801 -0.195013 0
    outer loop
      vertex 51.5171 21.7389 15
      vertex 51.5681 21.4824 4
      vertex 51.5681 21.4824 15
    endloop
  endfacet
  facet normal 0.321382 0.94695 -0
    outer loop
      vertex 54.2654 23.8478 4
      vertex 54.0176 23.9319 15
      vertex 54.2654 23.8478 15
    endloop
  endfacet
  facet normal 0.321382 0.94695 0
    outer loop
      vertex 54.0176 23.9319 15
      vertex 54.2654 23.8478 4
      vertex 54.0176 23.9319 4
    endloop
  endfacet
  facet normal -0.94695 0.321382 0
    outer loop
      vertex 51.5681 22.5176 4
      vertex 51.6522 22.7654 15
      vertex 51.6522 22.7654 4
    endloop
  endfacet
  facet normal -0.94695 0.321382 0
    outer loop
      vertex 51.6522 22.7654 15
      vertex 51.5681 22.5176 4
      vertex 51.5681 22.5176 15
    endloop
  endfacet
  facet normal 0.94695 0.321382 0
    outer loop
      vertex 55.4319 22.5176 15
      vertex 55.3478 22.7654 4
      vertex 55.3478 22.7654 15
    endloop
  endfacet
  facet normal 0.94695 0.321382 0
    outer loop
      vertex 55.3478 22.7654 4
      vertex 55.4319 22.5176 15
      vertex 55.4319 22.5176 4
    endloop
  endfacet
  facet normal -0.442621 -0.896709 0
    outer loop
      vertex 52.5 20.268 4
      vertex 52.7346 20.1522 15
      vertex 52.5 20.268 15
    endloop
  endfacet
  facet normal -0.442621 -0.896709 -0
    outer loop
      vertex 52.7346 20.1522 15
      vertex 52.5 20.268 4
      vertex 52.7346 20.1522 4
    endloop
  endfacet
  facet normal -0.659343 -0.751842 0
    outer loop
      vertex 52.0858 20.5858 4
      vertex 52.2825 20.4133 15
      vertex 52.0858 20.5858 15
    endloop
  endfacet
  facet normal -0.659343 -0.751842 -0
    outer loop
      vertex 52.2825 20.4133 15
      vertex 52.0858 20.5858 4
      vertex 52.2825 20.4133 4
    endloop
  endfacet
  facet normal -0.0653521 -0.997862 0
    outer loop
      vertex 53.2389 20.0171 4
      vertex 53.5 20 15
      vertex 53.2389 20.0171 15
    endloop
  endfacet
  facet normal -0.0653521 -0.997862 -0
    outer loop
      vertex 53.5 20 15
      vertex 53.2389 20.0171 4
      vertex 53.5 20 4
    endloop
  endfacet
  facet normal -0.89686 -0.442314 0
    outer loop
      vertex 51.7679 21 4
      vertex 51.6522 21.2346 15
      vertex 51.6522 21.2346 4
    endloop
  endfacet
  facet normal -0.89686 -0.442314 0
    outer loop
      vertex 51.6522 21.2346 15
      vertex 51.7679 21 4
      vertex 51.7679 21 15
    endloop
  endfacet
  facet normal 0 0 1
    outer loop
      vertex 55.4829 22.2611 15
      vertex 55.4829 21.7389 15
      vertex 55.5 22 15
    endloop
  endfacet
  facet normal 0 0 1
    outer loop
      vertex 55.4319 22.5176 15
      vertex 55.4829 21.7389 15
      vertex 55.4829 22.2611 15
    endloop
  endfacet
  facet normal 0 0 1
    outer loop
      vertex 55.4319 22.5176 15
      vertex 55.4319 21.4824 15
      vertex 55.4829 21.7389 15
    endloop
  endfacet
  facet normal 0 0 1
    outer loop
      vertex 55.3478 22.7654 15
      vertex 55.4319 21.4824 15
      vertex 55.4319 22.5176 15
    endloop
  endfacet
  facet normal 0 0 1
    outer loop
      vertex 55.3478 22.7654 15
      vertex 55.3478 21.2346 15
      vertex 55.4319 21.4824 15
    endloop
  endfacet
  facet normal 0 0 1
    outer loop
      vertex 55.232 23 15
      vertex 55.3478 21.2346 15
      vertex 55.3478 22.7654 15
    endloop
  endfacet
  facet normal 0 0 1
    outer loop
      vertex 55.232 23 15
      vertex 55.232 21 15
      vertex 55.3478 21.2346 15
    endloop
  endfacet
  facet normal 0 0 1
    outer loop
      vertex 55.0867 23.2175 15
      vertex 55.232 21 15
      vertex 55.232 23 15
    endloop
  endfacet
  facet normal 0 0 1
    outer loop
      vertex 55.0867 23.2175 15
      vertex 55.0867 20.7825 15
      vertex 55.232 21 15
    endloop
  endfacet
  facet normal 0 0 1
    outer loop
      vertex 54.9142 23.4142 15
      vertex 55.0867 20.7825 15
      vertex 55.0867 23.2175 15
    endloop
  endfacet
  facet normal 0 0 1
    outer loop
      vertex 54.9142 23.4142 15
      vertex 54.9142 20.5858 15
      vertex 55.0867 20.7825 15
    endloop
  endfacet
  facet normal 0 0 1
    outer loop
      vertex 54.7175 23.5867 15
      vertex 54.9142 20.5858 15
      vertex 54.9142 23.4142 15
    endloop
  endfacet
  facet normal 0 0 1
    outer loop
      vertex 54.7175 23.5867 15
      vertex 54.7175 20.4133 15
      vertex 54.9142 20.5858 15
    endloop
  endfacet
  facet normal 0 0 1
    outer loop
      vertex 54.5 23.732 15
      vertex 54.7175 20.4133 15
      vertex 54.7175 23.5867 15
    endloop
  endfacet
  facet normal 0 0 1
    outer loop
      vertex 54.5 23.732 15
      vertex 54.5 20.268 15
      vertex 54.7175 20.4133 15
    endloop
  endfacet
  facet normal 0 0 1
    outer loop
      vertex 54.2654 23.8478 15
      vertex 54.5 20.268 15
      vertex 54.5 23.732 15
    endloop
  endfacet
  facet normal 0 0 1
    outer loop
      vertex 54.2654 23.8478 15
      vertex 54.2654 20.1522 15
      vertex 54.5 20.268 15
    endloop
  endfacet
  facet normal 0 0 1
    outer loop
      vertex 54.0176 23.9319 15
      vertex 54.2654 20.1522 15
      vertex 54.2654 23.8478 15
    endloop
  endfacet
  facet normal 0 0 1
    outer loop
      vertex 54.0176 23.9319 15
      vertex 54.0176 20.0681 15
      vertex 54.2654 20.1522 15
    endloop
  endfacet
  facet normal 0 0 1
    outer loop
      vertex 53.7611 23.9829 15
      vertex 54.0176 20.0681 15
      vertex 54.0176 23.9319 15
    endloop
  endfacet
  facet normal 0 0 1
    outer loop
      vertex 53.7611 23.9829 15
      vertex 53.7611 20.0171 15
      vertex 54.0176 20.0681 15
    endloop
  endfacet
  facet normal 0 0 1
    outer loop
      vertex 53.5 24 15
      vertex 53.7611 20.0171 15
      vertex 53.7611 23.9829 15
    endloop
  endfacet
  facet normal 0 0 1
    outer loop
      vertex 53.5 24 15
      vertex 53.5 20 15
      vertex 53.7611 20.0171 15
    endloop
  endfacet
  facet normal -0 0 1
    outer loop
      vertex 53.2389 23.9829 15
      vertex 53.5 20 15
      vertex 53.5 24 15
    endloop
  endfacet
  facet normal 0 0 1
    outer loop
      vertex 53.2389 23.9829 15
      vertex 53.2389 20.0171 15
      vertex 53.5 20 15
    endloop
  endfacet
  facet normal -0 0 1
    outer loop
      vertex 52.9824 23.9319 15
      vertex 53.2389 20.0171 15
      vertex 53.2389 23.9829 15
    endloop
  endfacet
  facet normal 0 0 1
    outer loop
      vertex 52.9824 23.9319 15
      vertex 52.9824 20.0681 15
      vertex 53.2389 20.0171 15
    endloop
  endfacet
  facet normal -0 0 1
    outer loop
      vertex 52.7346 23.8478 15
      vertex 52.9824 20.0681 15
      vertex 52.9824 23.9319 15
    endloop
  endfacet
  facet normal 0 0 1
    outer loop
      vertex 52.7346 23.8478 15
      vertex 52.7346 20.1522 15
      vertex 52.9824 20.0681 15
    endloop
  endfacet
  facet normal -0 0 1
    outer loop
      vertex 52.5 23.732 15
      vertex 52.7346 20.1522 15
      vertex 52.7346 23.8478 15
    endloop
  endfacet
  facet normal 0 0 1
    outer loop
      vertex 52.5 23.732 15
      vertex 52.5 20.268 15
      vertex 52.7346 20.1522 15
    endloop
  endfacet
  facet normal -0 0 1
    outer loop
      vertex 52.2825 23.5867 15
      vertex 52.5 20.268 15
      vertex 52.5 23.732 15
    endloop
  endfacet
  facet normal 0 0 1
    outer loop
      vertex 52.2825 23.5867 15
      vertex 52.2825 20.4133 15
      vertex 52.5 20.268 15
    endloop
  endfacet
  facet normal -0 0 1
    outer loop
      vertex 52.0858 23.4142 15
      vertex 52.2825 20.4133 15
      vertex 52.2825 23.5867 15
    endloop
  endfacet
  facet normal 0 0 1
    outer loop
      vertex 52.0858 23.4142 15
      vertex 52.0858 20.5858 15
      vertex 52.2825 20.4133 15
    endloop
  endfacet
  facet normal -0 0 1
    outer loop
      vertex 51.9133 23.2175 15
      vertex 52.0858 20.5858 15
      vertex 52.0858 23.4142 15
    endloop
  endfacet
  facet normal 0 0 1
    outer loop
      vertex 51.9133 23.2175 15
      vertex 51.9133 20.7825 15
      vertex 52.0858 20.5858 15
    endloop
  endfacet
  facet normal -0 0 1
    outer loop
      vertex 51.7679 23 15
      vertex 51.9133 20.7825 15
      vertex 51.9133 23.2175 15
    endloop
  endfacet
  facet normal 0 0 1
    outer loop
      vertex 51.7679 23 15
      vertex 51.7679 21 15
      vertex 51.9133 20.7825 15
    endloop
  endfacet
  facet normal -0 0 1
    outer loop
      vertex 51.6522 22.7654 15
      vertex 51.7679 21 15
      vertex 51.7679 23 15
    endloop
  endfacet
  facet normal 0 0 1
    outer loop
      vertex 51.6522 22.7654 15
      vertex 51.6522 21.2346 15
      vertex 51.7679 21 15
    endloop
  endfacet
  facet normal -0 0 1
    outer loop
      vertex 51.5681 22.5176 15
      vertex 51.6522 21.2346 15
      vertex 51.6522 22.7654 15
    endloop
  endfacet
  facet normal 0 0 1
    outer loop
      vertex 51.5681 22.5176 15
      vertex 51.5681 21.4824 15
      vertex 51.6522 21.2346 15
    endloop
  endfacet
  facet normal -0 0 1
    outer loop
      vertex 51.5171 22.2611 15
      vertex 51.5681 21.4824 15
      vertex 51.5681 22.5176 15
    endloop
  endfacet
  facet normal 0 0 1
    outer loop
      vertex 51.5171 22.2611 15
      vertex 51.5171 21.7389 15
      vertex 51.5681 21.4824 15
    endloop
  endfacet
  facet normal 0 -0 1
    outer loop
      vertex 51.5171 21.7389 15
      vertex 51.5171 22.2611 15
      vertex 51.5 22 15
    endloop
  endfacet
  facet normal 0.195013 0.980801 -0
    outer loop
      vertex 54.0176 23.9319 4
      vertex 53.7611 23.9829 15
      vertex 54.0176 23.9319 15
    endloop
  endfacet
  facet normal 0.195013 0.980801 0
    outer loop
      vertex 53.7611 23.9829 15
      vertex 54.0176 23.9319 4
      vertex 53.7611 23.9829 4
    endloop
  endfacet
  facet normal 0.659343 -0.751842 0
    outer loop
      vertex 54.7175 20.4133 4
      vertex 54.9142 20.5858 15
      vertex 54.7175 20.4133 15
    endloop
  endfacet
  facet normal 0.659343 -0.751842 0
    outer loop
      vertex 54.9142 20.5858 15
      vertex 54.7175 20.4133 4
      vertex 54.9142 20.5858 4
    endloop
  endfacet
  facet normal 0 1 -0
    outer loop
      vertex 64.5 37 0
      vertex 15.5 37 4
      vertex 64.5 37 4
    endloop
  endfacet
  facet normal 0 1 0
    outer loop
      vertex 15.5 37 4
      vertex 64.5 37 0
      vertex 15.5 37 0
    endloop
  endfacet
  facet normal 0.946858 0.321651 0
    outer loop
      vertex 67.3978 34.7765 4
      vertex 67.2716 35.148 0
      vertex 67.2716 35.148 4
    endloop
  endfacet
  facet normal 0.946858 0.321651 0
    outer loop
      vertex 67.2716 35.148 0
      vertex 67.3978 34.7765 4
      vertex 67.3978 34.7765 0
    endloop
  endfacet
  facet normal -0.831501 0.555523 0
    outer loop
      vertex 12.9019 35.5 0
      vertex 13.1199 35.8263 4
      vertex 13.1199 35.8263 0
    endloop
  endfacet
  facet normal -0.831501 0.555523 0
    outer loop
      vertex 13.1199 35.8263 4
      vertex 12.9019 35.5 0
      vertex 12.9019 35.5 4
    endloop
  endfacet
  facet normal 0 0 -1
    outer loop
      vertex 64.5 7 0
      vertex 67.5 10 0
      vertex 67.4743 9.60842 0
    endloop
  endfacet
  facet normal -0 0 -1
    outer loop
      vertex 67.5 10 0
      vertex 64.5 7 0
      vertex 67.5 34 0
    endloop
  endfacet
  facet normal 0 0 -1
    outer loop
      vertex 64.5 7 0
      vertex 67.4743 9.60842 0
      vertex 67.3978 9.22354 0
    endloop
  endfacet
  facet normal 0 0 -1
    outer loop
      vertex 64.5 37 0
      vertex 67.5 34 0
      vertex 64.5 7 0
    endloop
  endfacet
  facet normal 0 0 -1
    outer loop
      vertex 64.5 7 0
      vertex 67.3978 9.22354 0
      vertex 67.2716 8.85195 0
    endloop
  endfacet
  facet normal 0 0 -1
    outer loop
      vertex 67.5 34 0
      vertex 64.5 37 0
      vertex 67.4743 34.3916 0
    endloop
  endfacet
  facet normal 0 0 -1
    outer loop
      vertex 64.5 7 0
      vertex 67.2716 8.85195 0
      vertex 67.0981 8.5 0
    endloop
  endfacet
  facet normal 0 0 -1
    outer loop
      vertex 67.4743 34.3916 0
      vertex 64.5 37 0
      vertex 67.3978 34.7765 0
    endloop
  endfacet
  facet normal 0 0 -1
    outer loop
      vertex 64.5 7 0
      vertex 67.0981 8.5 0
      vertex 66.8801 8.17372 0
    endloop
  endfacet
  facet normal 0 0 -1
    outer loop
      vertex 67.3978 34.7765 0
      vertex 64.5 37 0
      vertex 67.2716 35.148 0
    endloop
  endfacet
  facet normal 0 0 -1
    outer loop
      vertex 64.5 7 0
      vertex 66.8801 8.17372 0
      vertex 66.6213 7.87868 0
    endloop
  endfacet
  facet normal 0 0 -1
    outer loop
      vertex 67.2716 35.148 0
      vertex 64.5 37 0
      vertex 67.0981 35.5 0
    endloop
  endfacet
  facet normal 0 0 -1
    outer loop
      vertex 64.5 7 0
      vertex 66.6213 7.87868 0
      vertex 66.3263 7.61994 0
    endloop
  endfacet
  facet normal 0 0 -1
    outer loop
      vertex 67.0981 35.5 0
      vertex 64.5 37 0
      vertex 66.8801 35.8263 0
    endloop
  endfacet
  facet normal 0 0 -1
    outer loop
      vertex 64.5 7 0
      vertex 66.3263 7.61994 0
      vertex 66 7.40192 0
    endloop
  endfacet
  facet normal 0 0 -1
    outer loop
      vertex 66.8801 35.8263 0
      vertex 64.5 37 0
      vertex 66.6213 36.1213 0
    endloop
  endfacet
  facet normal 0 0 -1
    outer loop
      vertex 64.5 7 0
      vertex 66 7.40192 0
      vertex 65.648 7.22836 0
    endloop
  endfacet
  facet normal 0 0 -1
    outer loop
      vertex 66.6213 36.1213 0
      vertex 64.5 37 0
      vertex 66.3263 36.3801 0
    endloop
  endfacet
  facet normal 0 0 -1
    outer loop
      vertex 64.5 7 0
      vertex 65.648 7.22836 0
      vertex 65.2765 7.10222 0
    endloop
  endfacet
  facet normal 0 0 -1
    outer loop
      vertex 66.3263 36.3801 0
      vertex 64.5 37 0
      vertex 66 36.5981 0
    endloop
  endfacet
  facet normal 0 0 -1
    outer loop
      vertex 64.5 7 0
      vertex 65.2765 7.10222 0
      vertex 64.8916 7.02567 0
    endloop
  endfacet
  facet normal 0 0 -1
    outer loop
      vertex 66 36.5981 0
      vertex 64.5 37 0
      vertex 65.648 36.7716 0
    endloop
  endfacet
  facet normal 0 0 -1
    outer loop
      vertex 65.648 36.7716 0
      vertex 64.5 37 0
      vertex 65.2765 36.8978 0
    endloop
  endfacet
  facet normal 0 0 -1
    outer loop
      vertex 65.2765 36.8978 0
      vertex 64.5 37 0
      vertex 64.8916 36.9743 0
    endloop
  endfacet
  facet normal 0 0 -1
    outer loop
      vertex 15.5 7 0
      vertex 64.5 37 0
      vertex 64.5 7 0
    endloop
  endfacet
  facet normal 0 0 -1
    outer loop
      vertex 15.5 7 0
      vertex 15.5 37 0
      vertex 64.5 37 0
    endloop
  endfacet
  facet normal 0 0 -1
    outer loop
      vertex 12.5 10 0
      vertex 15.5 7 0
      vertex 15.1084 7.02567 0
    endloop
  endfacet
  facet normal 0 0 -1
    outer loop
      vertex 15.5 7 0
      vertex 12.5 10 0
      vertex 15.5 37 0
    endloop
  endfacet
  facet normal 0 0 -1
    outer loop
      vertex 12.5 10 0
      vertex 15.1084 7.02567 0
      vertex 14.7235 7.10222 0
    endloop
  endfacet
  facet normal 0 0 -1
    outer loop
      vertex 12.5 34 0
      vertex 15.5 37 0
      vertex 12.5 10 0
    endloop
  endfacet
  facet normal 0 0 -1
    outer loop
      vertex 12.5 10 0
      vertex 14.7235 7.10222 0
      vertex 14.3519 7.22836 0
    endloop
  endfacet
  facet normal 0 0 -1
    outer loop
      vertex 15.5 37 0
      vertex 12.5 34 0
      vertex 15.1084 36.9743 0
    endloop
  endfacet
  facet normal 0 0 -1
    outer loop
      vertex 12.5 10 0
      vertex 14.3519 7.22836 0
      vertex 14 7.40192 0
    endloop
  endfacet
  facet normal 0 0 -1
    outer loop
      vertex 15.1084 36.9743 0
      vertex 12.5 34 0
      vertex 14.7235 36.8978 0
    endloop
  endfacet
  facet normal 0 0 -1
    outer loop
      vertex 12.5 10 0
      vertex 14 7.40192 0
      vertex 13.6737 7.61994 0
    endloop
  endfacet
  facet normal 0 0 -1
    outer loop
      vertex 14.7235 36.8978 0
      vertex 12.5 34 0
      vertex 14.3519 36.7716 0
    endloop
  endfacet
  facet normal 0 0 -1
    outer loop
      vertex 12.5 10 0
      vertex 13.6737 7.61994 0
      vertex 13.3787 7.87868 0
    endloop
  endfacet
  facet normal 0 0 -1
    outer loop
      vertex 14.3519 36.7716 0
      vertex 12.5 34 0
      vertex 14 36.5981 0
    endloop
  endfacet
  facet normal 0 0 -1
    outer loop
      vertex 12.5 10 0
      vertex 13.3787 7.87868 0
      vertex 13.1199 8.17372 0
    endloop
  endfacet
  facet normal 0 0 -1
    outer loop
      vertex 14 36.5981 0
      vertex 12.5 34 0
      vertex 13.6737 36.3801 0
    endloop
  endfacet
  facet normal 0 0 -1
    outer loop
      vertex 12.5 10 0
      vertex 13.1199 8.17372 0
      vertex 12.9019 8.5 0
    endloop
  endfacet
  facet normal 0 0 -1
    outer loop
      vertex 13.6737 36.3801 0
      vertex 12.5 34 0
      vertex 13.3787 36.1213 0
    endloop
  endfacet
  facet normal 0 0 -1
    outer loop
      vertex 12.5 10 0
      vertex 12.9019 8.5 0
      vertex 12.7284 8.85195 0
    endloop
  endfacet
  facet normal 0 0 -1
    outer loop
      vertex 13.3787 36.1213 0
      vertex 12.5 34 0
      vertex 13.1199 35.8263 0
    endloop
  endfacet
  facet normal 0 0 -1
    outer loop
      vertex 12.5 10 0
      vertex 12.7284 8.85195 0
      vertex 12.6022 9.22354 0
    endloop
  endfacet
  facet normal 0 0 -1
    outer loop
      vertex 13.1199 35.8263 0
      vertex 12.5 34 0
      vertex 12.9019 35.5 0
    endloop
  endfacet
  facet normal 0 0 -1
    outer loop
      vertex 12.5 10 0
      vertex 12.6022 9.22354 0
      vertex 12.5257 9.60842 0
    endloop
  endfacet
  facet normal 0 0 -1
    outer loop
      vertex 12.9019 35.5 0
      vertex 12.5 34 0
      vertex 12.7284 35.148 0
    endloop
  endfacet
  facet normal 0 0 -1
    outer loop
      vertex 12.7284 35.148 0
      vertex 12.5 34 0
      vertex 12.6022 34.7765 0
    endloop
  endfacet
  facet normal 0 0 -1
    outer loop
      vertex 12.6022 34.7765 0
      vertex 12.5 34 0
      vertex 12.5257 34.3916 0
    endloop
  endfacet
  facet normal -0.946858 0.321651 0
    outer loop
      vertex 12.6022 34.7765 0
      vertex 12.7284 35.148 4
      vertex 12.7284 35.148 0
    endloop
  endfacet
  facet normal -0.946858 0.321651 0
    outer loop
      vertex 12.7284 35.148 4
      vertex 12.6022 34.7765 0
      vertex 12.6022 34.7765 4
    endloop
  endfacet
  facet normal -0.195062 -0.980791 0
    outer loop
      vertex 14.7235 7.10222 0
      vertex 15.1084 7.02567 4
      vertex 14.7235 7.10222 4
    endloop
  endfacet
  facet normal -0.195062 -0.980791 -0
    outer loop
      vertex 15.1084 7.02567 4
      vertex 14.7235 7.10222 0
      vertex 15.1084 7.02567 0
    endloop
  endfacet
  facet normal 1 -0 0
    outer loop
      vertex 67.5 10 4
      vertex 67.5 34 0
      vertex 67.5 34 4
    endloop
  endfacet
  facet normal 1 0 0
    outer loop
      vertex 67.5 34 0
      vertex 67.5 10 4
      vertex 67.5 10 0
    endloop
  endfacet
  facet normal 0.659392 -0.751799 0
    outer loop
      vertex 66.3263 7.61994 0
      vertex 66.6213 7.87868 4
      vertex 66.3263 7.61994 4
    endloop
  endfacet
  facet normal 0.659392 -0.751799 0
    outer loop
      vertex 66.6213 7.87868 4
      vertex 66.3263 7.61994 0
      vertex 66.6213 7.87868 0
    endloop
  endfacet
  facet normal 0.896936 -0.44216 0
    outer loop
      vertex 67.0981 8.5 4
      vertex 67.2716 8.85195 0
      vertex 67.2716 8.85195 4
    endloop
  endfacet
  facet normal 0.896936 -0.44216 0
    outer loop
      vertex 67.2716 8.85195 0
      vertex 67.0981 8.5 4
      vertex 67.0981 8.5 0
    endloop
  endfacet
  facet normal -0.980815 0.19494 0
    outer loop
      vertex 12.5257 34.3916 0
      vertex 12.6022 34.7765 4
      vertex 12.6022 34.7765 0
    endloop
  endfacet
  facet normal -0.980815 0.19494 0
    outer loop
      vertex 12.6022 34.7765 4
      vertex 12.5257 34.3916 0
      vertex 12.5257 34.3916 4
    endloop
  endfacet
  facet normal -1 0 0
    outer loop
      vertex 12.5 10 0
      vertex 12.5 34 4
      vertex 12.5 34 0
    endloop
  endfacet
  facet normal -1 -0 0
    outer loop
      vertex 12.5 34 4
      vertex 12.5 10 0
      vertex 12.5 10 4
    endloop
  endfacet
  facet normal -0.659478 0.751724 0
    outer loop
      vertex 13.6737 36.3801 0
      vertex 13.3787 36.1213 4
      vertex 13.6737 36.3801 4
    endloop
  endfacet
  facet normal -0.659478 0.751724 0
    outer loop
      vertex 13.3787 36.1213 4
      vertex 13.6737 36.3801 0
      vertex 13.3787 36.1213 0
    endloop
  endfacet
  facet normal 0 -1 0
    outer loop
      vertex 15.5 7 0
      vertex 64.5 7 4
      vertex 15.5 7 4
    endloop
  endfacet
  facet normal 0 -1 -0
    outer loop
      vertex 64.5 7 4
      vertex 15.5 7 0
      vertex 64.5 7 0
    endloop
  endfacet
  facet normal 0.751724 0.659478 0
    outer loop
      vertex 66.8801 35.8263 4
      vertex 66.6213 36.1213 0
      vertex 66.6213 36.1213 4
    endloop
  endfacet
  facet normal 0.751724 0.659478 0
    outer loop
      vertex 66.6213 36.1213 0
      vertex 66.8801 35.8263 4
      vertex 66.8801 35.8263 0
    endloop
  endfacet
  facet normal -0.321437 -0.946931 0
    outer loop
      vertex 14.3519 7.22836 0
      vertex 14.7235 7.10222 4
      vertex 14.3519 7.22836 4
    endloop
  endfacet
  facet normal -0.321437 -0.946931 -0
    outer loop
      vertex 14.7235 7.10222 4
      vertex 14.3519 7.22836 0
      vertex 14.7235 7.10222 0
    endloop
  endfacet
  facet normal 0.442233 -0.8969 0
    outer loop
      vertex 65.648 7.22836 0
      vertex 66 7.40192 4
      vertex 65.648 7.22836 4
    endloop
  endfacet
  facet normal 0.442233 -0.8969 0
    outer loop
      vertex 66 7.40192 4
      vertex 65.648 7.22836 0
      vertex 66 7.40192 0
    endloop
  endfacet
  facet normal 0.896961 0.44211 0
    outer loop
      vertex 67.2716 35.148 4
      vertex 67.0981 35.5 0
      vertex 67.0981 35.5 4
    endloop
  endfacet
  facet normal 0.896961 0.44211 0
    outer loop
      vertex 67.0981 35.5 0
      vertex 67.2716 35.148 4
      vertex 67.2716 35.148 0
    endloop
  endfacet
  facet normal -0.659392 -0.751799 0
    outer loop
      vertex 13.3787 7.87868 0
      vertex 13.6737 7.61994 4
      vertex 13.3787 7.87868 4
    endloop
  endfacet
  facet normal -0.659392 -0.751799 -0
    outer loop
      vertex 13.6737 7.61994 4
      vertex 13.3787 7.87868 0
      vertex 13.6737 7.61994 0
    endloop
  endfacet
  facet normal 0.659478 0.751724 -0
    outer loop
      vertex 66.6213 36.1213 0
      vertex 66.3263 36.3801 4
      vertex 66.6213 36.1213 4
    endloop
  endfacet
  facet normal 0.659478 0.751724 0
    outer loop
      vertex 66.3263 36.3801 4
      vertex 66.6213 36.1213 0
      vertex 66.3263 36.3801 0
    endloop
  endfacet
  facet normal -0.831485 -0.555547 0
    outer loop
      vertex 13.1199 8.17372 0
      vertex 12.9019 8.5 4
      vertex 12.9019 8.5 0
    endloop
  endfacet
  facet normal -0.831485 -0.555547 0
    outer loop
      vertex 12.9019 8.5 4
      vertex 13.1199 8.17372 0
      vertex 13.1199 8.17372 4
    endloop
  endfacet
  facet normal -0.555523 0.831501 0
    outer loop
      vertex 14 36.5981 0
      vertex 13.6737 36.3801 4
      vertex 14 36.5981 4
    endloop
  endfacet
  facet normal -0.555523 0.831501 0
    outer loop
      vertex 13.6737 36.3801 4
      vertex 14 36.5981 0
      vertex 13.6737 36.3801 0
    endloop
  endfacet
  facet normal 0.751768 -0.659428 0
    outer loop
      vertex 66.6213 7.87868 4
      vertex 66.8801 8.17372 0
      vertex 66.8801 8.17372 4
    endloop
  endfacet
  facet normal 0.751768 -0.659428 0
    outer loop
      vertex 66.8801 8.17372 0
      vertex 66.6213 7.87868 4
      vertex 66.6213 7.87868 0
    endloop
  endfacet
  facet normal 0.321514 -0.946905 0
    outer loop
      vertex 65.2765 7.10222 0
      vertex 65.648 7.22836 4
      vertex 65.2765 7.10222 4
    endloop
  endfacet
  facet normal 0.321514 -0.946905 0
    outer loop
      vertex 65.648 7.22836 4
      vertex 65.2765 7.10222 0
      vertex 65.648 7.22836 0
    endloop
  endfacet
  facet normal -0.321574 0.946885 0
    outer loop
      vertex 14.7235 36.8978 0
      vertex 14.3519 36.7716 4
      vertex 14.7235 36.8978 4
    endloop
  endfacet
  facet normal -0.321574 0.946885 0
    outer loop
      vertex 14.3519 36.7716 4
      vertex 14.7235 36.8978 0
      vertex 14.3519 36.7716 0
    endloop
  endfacet
  facet normal 0.946882 -0.321582 0
    outer loop
      vertex 67.2716 8.85195 4
      vertex 67.3978 9.22354 0
      vertex 67.3978 9.22354 4
    endloop
  endfacet
  facet normal 0.946882 -0.321582 0
    outer loop
      vertex 67.3978 9.22354 0
      vertex 67.2716 8.85195 4
      vertex 67.2716 8.85195 0
    endloop
  endfacet
  facet normal -0.442211 0.896911 0
    outer loop
      vertex 14.3519 36.7716 0
      vertex 14 36.5981 4
      vertex 14.3519 36.7716 4
    endloop
  endfacet
  facet normal -0.442211 0.896911 0
    outer loop
      vertex 14 36.5981 4
      vertex 14.3519 36.7716 0
      vertex 14 36.5981 0
    endloop
  endfacet
  facet normal -0.980813 -0.19495 0
    outer loop
      vertex 12.6022 9.22354 0
      vertex 12.5257 9.60842 4
      vertex 12.5257 9.60842 0
    endloop
  endfacet
  facet normal -0.980813 -0.19495 0
    outer loop
      vertex 12.5257 9.60842 4
      vertex 12.6022 9.22354 0
      vertex 12.6022 9.22354 4
    endloop
  endfacet
  facet normal -0.19494 0.980815 0
    outer loop
      vertex 15.1084 36.9743 0
      vertex 14.7235 36.8978 4
      vertex 15.1084 36.9743 4
    endloop
  endfacet
  facet normal -0.19494 0.980815 0
    outer loop
      vertex 14.7235 36.8978 4
      vertex 15.1084 36.9743 0
      vertex 14.7235 36.8978 0
    endloop
  endfacet
  facet normal 0.980815 0.19494 0
    outer loop
      vertex 67.4743 34.3916 4
      vertex 67.3978 34.7765 0
      vertex 67.3978 34.7765 4
    endloop
  endfacet
  facet normal 0.980815 0.19494 0
    outer loop
      vertex 67.3978 34.7765 0
      vertex 67.4743 34.3916 4
      vertex 67.4743 34.3916 0
    endloop
  endfacet
  facet normal -0.0654873 0.997853 0
    outer loop
      vertex 15.5 37 0
      vertex 15.1084 36.9743 4
      vertex 15.5 37 4
    endloop
  endfacet
  facet normal -0.0654873 0.997853 0
    outer loop
      vertex 15.1084 36.9743 4
      vertex 15.5 37 0
      vertex 15.1084 36.9743 0
    endloop
  endfacet
  facet normal 0.0654873 0.997853 -0
    outer loop
      vertex 64.8916 36.9743 0
      vertex 64.5 37 4
      vertex 64.8916 36.9743 4
    endloop
  endfacet
  facet normal 0.0654873 0.997853 0
    outer loop
      vertex 64.5 37 4
      vertex 64.8916 36.9743 0
      vertex 64.5 37 0
    endloop
  endfacet
  facet normal -0.997853 0.0654873 0
    outer loop
      vertex 12.5 34 0
      vertex 12.5257 34.3916 4
      vertex 12.5257 34.3916 0
    endloop
  endfacet
  facet normal -0.997853 0.0654873 0
    outer loop
      vertex 12.5257 34.3916 4
      vertex 12.5 34 0
      vertex 12.5 34 4
    endloop
  endfacet
  facet normal 0.831501 0.555523 0
    outer loop
      vertex 67.0981 35.5 4
      vertex 66.8801 35.8263 0
      vertex 66.8801 35.8263 4
    endloop
  endfacet
  facet normal 0.831501 0.555523 0
    outer loop
      vertex 66.8801 35.8263 0
      vertex 67.0981 35.5 4
      vertex 67.0981 35.5 0
    endloop
  endfacet
  facet normal -0.555558 -0.831477 0
    outer loop
      vertex 13.6737 7.61994 0
      vertex 14 7.40192 4
      vertex 13.6737 7.61994 4
    endloop
  endfacet
  facet normal -0.555558 -0.831477 -0
    outer loop
      vertex 14 7.40192 4
      vertex 13.6737 7.61994 0
      vertex 14 7.40192 0
    endloop
  endfacet
  facet normal 0.44211 0.896961 -0
    outer loop
      vertex 66 36.5981 0
      vertex 65.648 36.7716 4
      vertex 66 36.5981 4
    endloop
  endfacet
  facet normal 0.44211 0.896961 0
    outer loop
      vertex 65.648 36.7716 4
      vertex 66 36.5981 0
      vertex 65.648 36.7716 0
    endloop
  endfacet
  facet normal -0.896936 -0.44216 0
    outer loop
      vertex 12.9019 8.5 0
      vertex 12.7284 8.85195 4
      vertex 12.7284 8.85195 0
    endloop
  endfacet
  facet normal -0.896936 -0.44216 0
    outer loop
      vertex 12.7284 8.85195 4
      vertex 12.9019 8.5 0
      vertex 12.9019 8.5 4
    endloop
  endfacet
  facet normal 0.321651 0.946858 -0
    outer loop
      vertex 65.648 36.7716 0
      vertex 65.2765 36.8978 4
      vertex 65.648 36.7716 4
    endloop
  endfacet
  facet normal 0.321651 0.946858 0
    outer loop
      vertex 65.2765 36.8978 4
      vertex 65.648 36.7716 0
      vertex 65.2765 36.8978 0
    endloop
  endfacet
  facet normal -0.0654112 -0.997858 0
    outer loop
      vertex 15.1084 7.02567 0
      vertex 15.5 7 4
      vertex 15.1084 7.02567 4
    endloop
  endfacet
  facet normal -0.0654112 -0.997858 -0
    outer loop
      vertex 15.5 7 4
      vertex 15.1084 7.02567 0
      vertex 15.5 7 0
    endloop
  endfacet
  facet normal -0.751724 0.659478 0
    outer loop
      vertex 13.1199 35.8263 0
      vertex 13.3787 36.1213 4
      vertex 13.3787 36.1213 0
    endloop
  endfacet
  facet normal -0.751724 0.659478 0
    outer loop
      vertex 13.3787 36.1213 4
      vertex 13.1199 35.8263 0
      vertex 13.1199 35.8263 4
    endloop
  endfacet
  facet normal -0.946882 -0.321582 0
    outer loop
      vertex 12.7284 8.85195 0
      vertex 12.6022 9.22354 4
      vertex 12.6022 9.22354 0
    endloop
  endfacet
  facet normal -0.946882 -0.321582 0
    outer loop
      vertex 12.6022 9.22354 4
      vertex 12.7284 8.85195 0
      vertex 12.7284 8.85195 4
    endloop
  endfacet
  facet normal 0.19494 0.980815 -0
    outer loop
      vertex 65.2765 36.8978 0
      vertex 64.8916 36.9743 4
      vertex 65.2765 36.8978 4
    endloop
  endfacet
  facet normal 0.19494 0.980815 0
    outer loop
      vertex 64.8916 36.9743 4
      vertex 65.2765 36.8978 0
      vertex 64.8916 36.9743 0
    endloop
  endfacet
  facet normal 0.997853 -0.0654906 0
    outer loop
      vertex 67.4743 9.60842 4
      vertex 67.5 10 0
      vertex 67.5 10 4
    endloop
  endfacet
  facet normal 0.997853 -0.0654906 0
    outer loop
      vertex 67.5 10 0
      vertex 67.4743 9.60842 4
      vertex 67.4743 9.60842 0
    endloop
  endfacet
  facet normal 0.980813 -0.19495 0
    outer loop
      vertex 67.3978 9.22354 4
      vertex 67.4743 9.60842 0
      vertex 67.4743 9.60842 4
    endloop
  endfacet
  facet normal 0.980813 -0.19495 0
    outer loop
      vertex 67.4743 9.60842 0
      vertex 67.3978 9.22354 4
      vertex 67.3978 9.22354 0
    endloop
  endfacet
  facet normal -0.997853 -0.0654906 0
    outer loop
      vertex 12.5257 9.60842 0
      vertex 12.5 10 4
      vertex 12.5 10 0
    endloop
  endfacet
  facet normal -0.997853 -0.0654906 0
    outer loop
      vertex 12.5 10 4
      vertex 12.5257 9.60842 0
      vertex 12.5257 9.60842 4
    endloop
  endfacet
  facet normal 0.555558 -0.831477 0
    outer loop
      vertex 66 7.40192 0
      vertex 66.3263 7.61994 4
      vertex 66 7.40192 4
    endloop
  endfacet
  facet normal 0.555558 -0.831477 0
    outer loop
      vertex 66.3263 7.61994 4
      vertex 66 7.40192 0
      vertex 66.3263 7.61994 0
    endloop
  endfacet
  facet normal -0.751768 -0.659428 0
    outer loop
      vertex 13.3787 7.87868 0
      vertex 13.1199 8.17372 4
      vertex 13.1199 8.17372 0
    endloop
  endfacet
  facet normal -0.751768 -0.659428 0
    outer loop
      vertex 13.1199 8.17372 4
      vertex 13.3787 7.87868 0
      vertex 13.3787 7.87868 4
    endloop
  endfacet
  facet normal 0.195062 -0.980791 0
    outer loop
      vertex 64.8916 7.02567 0
      vertex 65.2765 7.10222 4
      vertex 64.8916 7.02567 4
    endloop
  endfacet
  facet normal 0.195062 -0.980791 0
    outer loop
      vertex 65.2765 7.10222 4
      vertex 64.8916 7.02567 0
      vertex 65.2765 7.10222 0
    endloop
  endfacet
  facet normal -0.442334 -0.89685 0
    outer loop
      vertex 14 7.40192 0
      vertex 14.3519 7.22836 4
      vertex 14 7.40192 4
    endloop
  endfacet
  facet normal -0.442334 -0.89685 -0
    outer loop
      vertex 14.3519 7.22836 4
      vertex 14 7.40192 0
      vertex 14.3519 7.22836 0
    endloop
  endfacet
  facet normal 0.555523 0.831501 -0
    outer loop
      vertex 66.3263 36.3801 0
      vertex 66 36.5981 4
      vertex 66.3263 36.3801 4
    endloop
  endfacet
  facet normal 0.555523 0.831501 0
    outer loop
      vertex 66 36.5981 4
      vertex 66.3263 36.3801 0
      vertex 66 36.5981 0
    endloop
  endfacet
  facet normal -0.896961 0.44211 0
    outer loop
      vertex 12.7284 35.148 0
      vertex 12.9019 35.5 4
      vertex 12.9019 35.5 0
    endloop
  endfacet
  facet normal -0.896961 0.44211 0
    outer loop
      vertex 12.9019 35.5 4
      vertex 12.7284 35.148 0
      vertex 12.7284 35.148 4
    endloop
  endfacet
  facet normal 0.831485 -0.555547 0
    outer loop
      vertex 66.8801 8.17372 4
      vertex 67.0981 8.5 0
      vertex 67.0981 8.5 4
    endloop
  endfacet
  facet normal 0.831485 -0.555547 0
    outer loop
      vertex 67.0981 8.5 0
      vertex 66.8801 8.17372 4
      vertex 66.8801 8.17372 0
    endloop
  endfacet
  facet normal 0.0654112 -0.997858 0
    outer loop
      vertex 64.5 7 0
      vertex 64.8916 7.02567 4
      vertex 64.5 7 4
    endloop
  endfacet
  facet normal 0.0654112 -0.997858 0
    outer loop
      vertex 64.8916 7.02567 4
      vertex 64.5 7 0
      vertex 64.8916 7.02567 0
    endloop
  endfacet
  facet normal 0.997853 0.0654873 0
    outer loop
      vertex 67.5 34 4
      vertex 67.4743 34.3916 0
      vertex 67.4743 34.3916 4
    endloop
  endfacet
  facet normal 0.997853 0.0654873 0
    outer loop
      vertex 67.4743 34.3916 0
      vertex 67.5 34 4
      vertex 67.5 34 0
    endloop
  endfacet
  facet normal 0.0858115 0.996311 -0
    outer loop
      vertex 32.5 58.7697 0
      vertex 29.0366 59.068 6
      vertex 32.5 58.7697 6
    endloop
  endfacet
  facet normal 0.0858115 0.996311 0
    outer loop
      vertex 29.0366 59.068 6
      vertex 32.5 58.7697 0
      vertex 29.0366 59.068 0
    endloop
  endfacet
  facet normal 0 0 -1
    outer loop
      vertex 26.5834 48.5219 0
      vertex 26.4432 52.4401 0
      vertex 27.9166 49.2916 0
    endloop
  endfacet
  facet normal 0 0 -1
    outer loop
      vertex 23.125 56.0514 0
      vertex 26.4432 52.4401 0
      vertex 24.5934 51.3721 0
    endloop
  endfacet
  facet normal 0 0 -1
    outer loop
      vertex 24.5934 51.3721 0
      vertex 26.4432 52.4401 0
      vertex 26.5834 48.5219 0
    endloop
  endfacet
  facet normal 0 0 -1
    outer loop
      vertex 30.7084 52.0834 0
      vertex 28.6279 55.4066 0
      vertex 31.4781 53.4166 0
    endloop
  endfacet
  facet normal -0 0 -1
    outer loop
      vertex 28.6279 55.4066 0
      vertex 27.5599 53.5568 0
      vertex 28.6279 60.5934 0
    endloop
  endfacet
  facet normal 0 0 -1
    outer loop
      vertex 27.5599 53.5568 0
      vertex 28.6279 55.4066 0
      vertex 30.7084 52.0834 0
    endloop
  endfacet
  facet normal 0 0 -1
    outer loop
      vertex 29.0366 56.932 0
      vertex 32.5 58.7697 0
      vertex 32.5 57.2303 0
    endloop
  endfacet
  facet normal 0 0 -1
    outer loop
      vertex 29.0366 56.932 0
      vertex 29.0366 59.068 0
      vertex 32.5 58.7697 0
    endloop
  endfacet
  facet normal 0 0 -1
    outer loop
      vertex 28.6279 55.4066 0
      vertex 29.0366 56.932 0
      vertex 28.8822 56.1559 0
    endloop
  endfacet
  facet normal -0 0 -1
    outer loop
      vertex 29.0366 56.932 0
      vertex 28.6279 55.4066 0
      vertex 29.0366 59.068 0
    endloop
  endfacet
  facet normal 0 0 -1
    outer loop
      vertex 28.6279 60.5934 0
      vertex 29.0366 59.068 0
      vertex 28.6279 55.4066 0
    endloop
  endfacet
  facet normal 0 0 -1
    outer loop
      vertex 29.0366 59.068 0
      vertex 28.6279 60.5934 0
      vertex 28.8822 59.8441 0
    endloop
  endfacet
  facet normal 0 0 -1
    outer loop
      vertex 28.6279 60.5934 0
      vertex 30.7084 63.9166 0
      vertex 31.4781 62.5834 0
    endloop
  endfacet
  facet normal 0 0 -1
    outer loop
      vertex 28.6279 60.5934 0
      vertex 27.5599 62.4432 0
      vertex 30.7084 63.9166 0
    endloop
  endfacet
  facet normal 0 0 -1
    outer loop
      vertex 27.5599 53.5568 0
      vertex 27.5599 62.4432 0
      vertex 28.6279 60.5934 0
    endloop
  endfacet
  facet normal 0 0 -1
    outer loop
      vertex 26.4432 52.4401 0
      vertex 27.5599 53.5568 0
      vertex 27.0381 52.9619 0
    endloop
  endfacet
  facet normal -0 0 -1
    outer loop
      vertex 27.5599 53.5568 0
      vertex 26.4432 52.4401 0
      vertex 27.5599 62.4432 0
    endloop
  endfacet
  facet normal 0 0 -1
    outer loop
      vertex 26.4432 63.5599 0
      vertex 27.5599 62.4432 0
      vertex 26.4432 52.4401 0
    endloop
  endfacet
  facet normal 0 0 -1
    outer loop
      vertex 27.5599 62.4432 0
      vertex 26.4432 63.5599 0
      vertex 27.0381 63.0381 0
    endloop
  endfacet
  facet normal 0 0 -1
    outer loop
      vertex 26.4432 63.5599 0
      vertex 26.5834 67.4781 0
      vertex 27.9166 66.7084 0
    endloop
  endfacet
  facet normal 0 -0 -1
    outer loop
      vertex 24.25 58 0
      vertex 26.4432 52.4401 0
      vertex 24.2308 57.7063 0
    endloop
  endfacet
  facet normal 0 0 -1
    outer loop
      vertex 24.2308 58.2937 0
      vertex 26.4432 63.5599 0
      vertex 24.25 58 0
    endloop
  endfacet
  facet normal 0 0 -1
    outer loop
      vertex 24.1733 58.5823 0
      vertex 26.4432 63.5599 0
      vertex 24.2308 58.2937 0
    endloop
  endfacet
  facet normal 0 0 -1
    outer loop
      vertex 26.4432 52.4401 0
      vertex 24.25 58 0
      vertex 26.4432 63.5599 0
    endloop
  endfacet
  facet normal 0 0 -1
    outer loop
      vertex 26.4432 52.4401 0
      vertex 24.1733 57.4177 0
      vertex 24.2308 57.7063 0
    endloop
  endfacet
  facet normal 0 0 -1
    outer loop
      vertex 26.4432 52.4401 0
      vertex 24.0787 57.139 0
      vertex 24.1733 57.4177 0
    endloop
  endfacet
  facet normal 0 0 -1
    outer loop
      vertex 26.4432 52.4401 0
      vertex 23.9486 56.875 0
      vertex 24.0787 57.139 0
    endloop
  endfacet
  facet normal 0 0 -1
    outer loop
      vertex 22.5823 55.8267 0
      vertex 24.5934 51.3721 0
      vertex 23.8441 51.1178 0
    endloop
  endfacet
  facet normal 0 0 -1
    outer loop
      vertex 26.4432 52.4401 0
      vertex 23.785 56.6303 0
      vertex 23.9486 56.875 0
    endloop
  endfacet
  facet normal 0 0 -1
    outer loop
      vertex 26.4432 52.4401 0
      vertex 23.591 56.409 0
      vertex 23.785 56.6303 0
    endloop
  endfacet
  facet normal 0 0 -1
    outer loop
      vertex 26.4432 52.4401 0
      vertex 23.3697 56.215 0
      vertex 23.591 56.409 0
    endloop
  endfacet
  facet normal 0 0 -1
    outer loop
      vertex 26.4432 52.4401 0
      vertex 23.125 56.0514 0
      vertex 23.3697 56.215 0
    endloop
  endfacet
  facet normal 0 0 -1
    outer loop
      vertex 22.5823 55.8267 0
      vertex 23.8441 51.1178 0
      vertex 23.068 50.9634 0
    endloop
  endfacet
  facet normal 0 0 -1
    outer loop
      vertex 24.5934 51.3721 0
      vertex 22.861 55.9213 0
      vertex 23.125 56.0514 0
    endloop
  endfacet
  facet normal 0 0 -1
    outer loop
      vertex 20.932 50.9634 0
      vertex 23.068 50.9634 0
      vertex 22.7697 47.5 0
    endloop
  endfacet
  facet normal 0 -0 -1
    outer loop
      vertex 22 55.75 0
      vertex 23.068 50.9634 0
      vertex 20.932 50.9634 0
    endloop
  endfacet
  facet normal 0 0 -1
    outer loop
      vertex 24.5934 51.3721 0
      vertex 22.5823 55.8267 0
      vertex 22.861 55.9213 0
    endloop
  endfacet
  facet normal 0 0 -1
    outer loop
      vertex 23.068 50.9634 0
      vertex 22.2937 55.7692 0
      vertex 22.5823 55.8267 0
    endloop
  endfacet
  facet normal 0 0 -1
    outer loop
      vertex 23.068 50.9634 0
      vertex 22 55.75 0
      vertex 22.2937 55.7692 0
    endloop
  endfacet
  facet normal -0 0 -1
    outer loop
      vertex 22 55.75 0
      vertex 20.932 50.9634 0
      vertex 21.7063 55.7692 0
    endloop
  endfacet
  facet normal 0 0 -1
    outer loop
      vertex 20.932 50.9634 0
      vertex 22.7697 47.5 0
      vertex 21.2303 47.5 0
    endloop
  endfacet
  facet normal -0 0 -1
    outer loop
      vertex 21.7063 55.7692 0
      vertex 20.932 50.9634 0
      vertex 21.4177 55.8267 0
    endloop
  endfacet
  facet normal 0 0 -1
    outer loop
      vertex 20.1559 51.1178 0
      vertex 21.4177 55.8267 0
      vertex 20.932 50.9634 0
    endloop
  endfacet
  facet normal 0 0 -1
    outer loop
      vertex 19.4066 51.3721 0
      vertex 21.4177 55.8267 0
      vertex 20.1559 51.1178 0
    endloop
  endfacet
  facet normal -0 0 -1
    outer loop
      vertex 21.4177 55.8267 0
      vertex 19.4066 51.3721 0
      vertex 21.139 55.9213 0
    endloop
  endfacet
  facet normal -0 0 -1
    outer loop
      vertex 21.139 55.9213 0
      vertex 19.4066 51.3721 0
      vertex 20.875 56.0514 0
    endloop
  endfacet
  facet normal 0 0 -1
    outer loop
      vertex 17.5568 52.4401 0
      vertex 20.875 56.0514 0
      vertex 19.4066 51.3721 0
    endloop
  endfacet
  facet normal -0 0 -1
    outer loop
      vertex 20.875 56.0514 0
      vertex 17.5568 52.4401 0
      vertex 20.6303 56.215 0
    endloop
  endfacet
  facet normal -0 0 -1
    outer loop
      vertex 20.6303 56.215 0
      vertex 17.5568 52.4401 0
      vertex 20.409 56.409 0
    endloop
  endfacet
  facet normal 0 0 -1
    outer loop
      vertex 16.9619 52.9619 0
      vertex 20.409 56.409 0
      vertex 17.5568 52.4401 0
    endloop
  endfacet
  facet normal 0 0 -1
    outer loop
      vertex 16.4401 53.5568 0
      vertex 20.409 56.409 0
      vertex 16.9619 52.9619 0
    endloop
  endfacet
  facet normal -0 0 -1
    outer loop
      vertex 20.409 56.409 0
      vertex 16.4401 53.5568 0
      vertex 20.215 56.6303 0
    endloop
  endfacet
  facet normal -0 0 -1
    outer loop
      vertex 20.215 56.6303 0
      vertex 16.4401 53.5568 0
      vertex 20.0514 56.875 0
    endloop
  endfacet
  facet normal 0 0 -1
    outer loop
      vertex 15.3721 55.4066 0
      vertex 20.0514 56.875 0
      vertex 16.4401 53.5568 0
    endloop
  endfacet
  facet normal -0 0 -1
    outer loop
      vertex 19.7692 57.7063 0
      vertex 14.9634 56.932 0
      vertex 19.75 58 0
    endloop
  endfacet
  facet normal 0 0 -1
    outer loop
      vertex 14.9634 59.068 0
      vertex 19.75 58 0
      vertex 14.9634 56.932 0
    endloop
  endfacet
  facet normal 0 -0 -1
    outer loop
      vertex 15.1178 59.8441 0
      vertex 19.75 58 0
      vertex 14.9634 59.068 0
    endloop
  endfacet
  facet normal 0 0 -1
    outer loop
      vertex 19.75 58 0
      vertex 15.1178 59.8441 0
      vertex 15.3721 60.5934 0
    endloop
  endfacet
  facet normal 0 0 -1
    outer loop
      vertex 11.5 57.2303 0
      vertex 14.9634 59.068 0
      vertex 14.9634 56.932 0
    endloop
  endfacet
  facet normal 0 0 -1
    outer loop
      vertex 14.9634 59.068 0
      vertex 11.5 57.2303 0
      vertex 11.5 58.7697 0
    endloop
  endfacet
  facet normal 0 0 -1
    outer loop
      vertex 15.1178 56.1559 0
      vertex 19.8267 57.4177 0
      vertex 15.3721 55.4066 0
    endloop
  endfacet
  facet normal 0 0 -1
    outer loop
      vertex 14.9634 56.932 0
      vertex 19.8267 57.4177 0
      vertex 15.1178 56.1559 0
    endloop
  endfacet
  facet normal 0 -0 -1
    outer loop
      vertex 16.9619 63.0381 0
      vertex 19.75 58 0
      vertex 16.4401 62.4432 0
    endloop
  endfacet
  facet normal 0 0 -1
    outer loop
      vertex 19.75 58 0
      vertex 16.9619 63.0381 0
      vertex 17.5568 63.5599 0
    endloop
  endfacet
  facet normal -0 0 -1
    outer loop
      vertex 19.8267 57.4177 0
      vertex 14.9634 56.932 0
      vertex 19.7692 57.7063 0
    endloop
  endfacet
  facet normal 0 0 -1
    outer loop
      vertex 13.2916 52.0834 0
      vertex 15.3721 55.4066 0
      vertex 16.4401 53.5568 0
    endloop
  endfacet
  facet normal 0 0 -1
    outer loop
      vertex 15.3721 55.4066 0
      vertex 13.2916 52.0834 0
      vertex 12.5219 53.4166 0
    endloop
  endfacet
  facet normal 0 0 -1
    outer loop
      vertex 20.875 59.9486 0
      vertex 17.5568 63.5599 0
      vertex 19.4066 64.6279 0
    endloop
  endfacet
  facet normal 0 0 -1
    outer loop
      vertex 17.5568 63.5599 0
      vertex 17.4166 67.4781 0
      vertex 19.4066 64.6279 0
    endloop
  endfacet
  facet normal 0 -0 -1
    outer loop
      vertex 17.4166 67.4781 0
      vertex 17.5568 63.5599 0
      vertex 16.0834 66.7084 0
    endloop
  endfacet
  facet normal 0 0 -1
    outer loop
      vertex 19.75 58 0
      vertex 15.3721 60.5934 0
      vertex 16.4401 62.4432 0
    endloop
  endfacet
  facet normal 0 0 -1
    outer loop
      vertex 15.3721 60.5934 0
      vertex 13.2916 63.9166 0
      vertex 16.4401 62.4432 0
    endloop
  endfacet
  facet normal 0 -0 -1
    outer loop
      vertex 13.2916 63.9166 0
      vertex 15.3721 60.5934 0
      vertex 12.5219 62.5834 0
    endloop
  endfacet
  facet normal 0 0 -1
    outer loop
      vertex 24.0787 58.861 0
      vertex 26.4432 63.5599 0
      vertex 24.1733 58.5823 0
    endloop
  endfacet
  facet normal 0 0 -1
    outer loop
      vertex 26.4432 63.5599 0
      vertex 24.5934 64.6279 0
      vertex 26.5834 67.4781 0
    endloop
  endfacet
  facet normal 0 0 -1
    outer loop
      vertex 23.9486 59.125 0
      vertex 26.4432 63.5599 0
      vertex 24.0787 58.861 0
    endloop
  endfacet
  facet normal 0 0 -1
    outer loop
      vertex 23.785 59.3697 0
      vertex 26.4432 63.5599 0
      vertex 23.9486 59.125 0
    endloop
  endfacet
  facet normal 0 0 -1
    outer loop
      vertex 23.591 59.591 0
      vertex 26.4432 63.5599 0
      vertex 23.785 59.3697 0
    endloop
  endfacet
  facet normal 0 0 -1
    outer loop
      vertex 23.3697 59.785 0
      vertex 26.4432 63.5599 0
      vertex 23.591 59.591 0
    endloop
  endfacet
  facet normal 0 0 -1
    outer loop
      vertex 23.125 59.9486 0
      vertex 26.4432 63.5599 0
      vertex 23.3697 59.785 0
    endloop
  endfacet
  facet normal -0 0 -1
    outer loop
      vertex 26.4432 63.5599 0
      vertex 23.125 59.9486 0
      vertex 24.5934 64.6279 0
    endloop
  endfacet
  facet normal 0 0 -1
    outer loop
      vertex 22.861 60.0787 0
      vertex 24.5934 64.6279 0
      vertex 23.125 59.9486 0
    endloop
  endfacet
  facet normal 0 0 -1
    outer loop
      vertex 22.5823 60.1733 0
      vertex 24.5934 64.6279 0
      vertex 22.861 60.0787 0
    endloop
  endfacet
  facet normal -0 0 -1
    outer loop
      vertex 24.5934 64.6279 0
      vertex 22.5823 60.1733 0
      vertex 23.8441 64.8822 0
    endloop
  endfacet
  facet normal -0 0 -1
    outer loop
      vertex 23.8441 64.8822 0
      vertex 22.5823 60.1733 0
      vertex 23.068 65.0366 0
    endloop
  endfacet
  facet normal 0 0 -1
    outer loop
      vertex 22.2937 60.2308 0
      vertex 23.068 65.0366 0
      vertex 22.5823 60.1733 0
    endloop
  endfacet
  facet normal 0 0 -1
    outer loop
      vertex 22 60.25 0
      vertex 23.068 65.0366 0
      vertex 22.2937 60.2308 0
    endloop
  endfacet
  facet normal -0 0 -1
    outer loop
      vertex 23.068 65.0366 0
      vertex 22 60.25 0
      vertex 20.932 65.0366 0
    endloop
  endfacet
  facet normal 0 0 -1
    outer loop
      vertex 20.932 65.0366 0
      vertex 22 60.25 0
      vertex 21.7063 60.2308 0
    endloop
  endfacet
  facet normal 0 0 -1
    outer loop
      vertex 20.932 65.0366 0
      vertex 21.7063 60.2308 0
      vertex 21.4177 60.1733 0
    endloop
  endfacet
  facet normal 0 0 -1
    outer loop
      vertex 23.068 65.0366 0
      vertex 20.932 65.0366 0
      vertex 22.7697 68.5 0
    endloop
  endfacet
  facet normal 0 0 -1
    outer loop
      vertex 19.4066 64.6279 0
      vertex 21.4177 60.1733 0
      vertex 21.139 60.0787 0
    endloop
  endfacet
  facet normal -0 0 -1
    outer loop
      vertex 22.7697 68.5 0
      vertex 20.932 65.0366 0
      vertex 21.2303 68.5 0
    endloop
  endfacet
  facet normal 0 0 -1
    outer loop
      vertex 19.4066 64.6279 0
      vertex 21.139 60.0787 0
      vertex 20.875 59.9486 0
    endloop
  endfacet
  facet normal 0 0 -1
    outer loop
      vertex 17.5568 63.5599 0
      vertex 20.875 59.9486 0
      vertex 20.6303 59.785 0
    endloop
  endfacet
  facet normal 0 0 -1
    outer loop
      vertex 17.5568 63.5599 0
      vertex 20.6303 59.785 0
      vertex 20.409 59.591 0
    endloop
  endfacet
  facet normal 0 0 -1
    outer loop
      vertex 17.5568 63.5599 0
      vertex 20.409 59.591 0
      vertex 20.215 59.3697 0
    endloop
  endfacet
  facet normal 0 0 -1
    outer loop
      vertex 21.4177 60.1733 0
      vertex 20.1559 64.8822 0
      vertex 20.932 65.0366 0
    endloop
  endfacet
  facet normal 0 0 -1
    outer loop
      vertex 17.5568 63.5599 0
      vertex 20.215 59.3697 0
      vertex 20.0514 59.125 0
    endloop
  endfacet
  facet normal 0 0 -1
    outer loop
      vertex 17.5568 63.5599 0
      vertex 20.0514 59.125 0
      vertex 19.9213 58.861 0
    endloop
  endfacet
  facet normal 0 0 -1
    outer loop
      vertex 17.5568 63.5599 0
      vertex 19.9213 58.861 0
      vertex 19.8267 58.5823 0
    endloop
  endfacet
  facet normal 0 0 -1
    outer loop
      vertex 17.5568 63.5599 0
      vertex 19.8267 58.5823 0
      vertex 19.7692 58.2937 0
    endloop
  endfacet
  facet normal -0 0 -1
    outer loop
      vertex 19.9213 57.139 0
      vertex 15.3721 55.4066 0
      vertex 19.8267 57.4177 0
    endloop
  endfacet
  facet normal 0 0 -1
    outer loop
      vertex 21.4177 60.1733 0
      vertex 19.4066 64.6279 0
      vertex 20.1559 64.8822 0
    endloop
  endfacet
  facet normal -0 0 -1
    outer loop
      vertex 20.0514 56.875 0
      vertex 15.3721 55.4066 0
      vertex 19.9213 57.139 0
    endloop
  endfacet
  facet normal 0 0 -1
    outer loop
      vertex 19.75 58 0
      vertex 17.5568 63.5599 0
      vertex 19.7692 58.2937 0
    endloop
  endfacet
  facet normal 0 0 -1
    outer loop
      vertex 17.4166 48.5219 0
      vertex 17.5568 52.4401 0
      vertex 19.4066 51.3721 0
    endloop
  endfacet
  facet normal 0 0 -1
    outer loop
      vertex 17.5568 52.4401 0
      vertex 17.4166 48.5219 0
      vertex 16.0834 49.2916 0
    endloop
  endfacet
  facet normal 0 0 1
    outer loop
      vertex 26.5834 67.4781 6
      vertex 26.4432 63.5599 6
      vertex 27.9166 66.7084 6
    endloop
  endfacet
  facet normal 0 0 1
    outer loop
      vertex 28.6279 60.5934 6
      vertex 26.1575 59.7221 6
      vertex 26.3467 59.1647 6
    endloop
  endfacet
  facet normal -0 0 1
    outer loop
      vertex 24.5934 64.6279 6
      vertex 26.4432 63.5599 6
      vertex 26.5834 67.4781 6
    endloop
  endfacet
  facet normal 0 0 1
    outer loop
      vertex 27.0381 63.0381 6
      vertex 25.8971 60.25 6
      vertex 26.1575 59.7221 6
    endloop
  endfacet
  facet normal 0 0 1
    outer loop
      vertex 27.0381 63.0381 6
      vertex 25.5701 60.7394 6
      vertex 25.8971 60.25 6
    endloop
  endfacet
  facet normal 0 0 1
    outer loop
      vertex 24.25 61.8971 6
      vertex 26.4432 63.5599 6
      vertex 24.5934 64.6279 6
    endloop
  endfacet
  facet normal 0 0 1
    outer loop
      vertex 27.0381 63.0381 6
      vertex 25.182 61.182 6
      vertex 25.5701 60.7394 6
    endloop
  endfacet
  facet normal 0 0 1
    outer loop
      vertex 26.4432 63.5599 6
      vertex 24.7394 61.5701 6
      vertex 25.182 61.182 6
    endloop
  endfacet
  facet normal 0 0 1
    outer loop
      vertex 26.4432 63.5599 6
      vertex 24.25 61.8971 6
      vertex 24.7394 61.5701 6
    endloop
  endfacet
  facet normal 0 0 1
    outer loop
      vertex 23.1647 62.3467 6
      vertex 24.5934 64.6279 6
      vertex 23.8441 64.8822 6
    endloop
  endfacet
  facet normal 0 0 1
    outer loop
      vertex 24.5934 64.6279 6
      vertex 23.7221 62.1575 6
      vertex 24.25 61.8971 6
    endloop
  endfacet
  facet normal 0 0 1
    outer loop
      vertex 24.5934 64.6279 6
      vertex 23.1647 62.3467 6
      vertex 23.7221 62.1575 6
    endloop
  endfacet
  facet normal 0 0 1
    outer loop
      vertex 23.068 65.0366 6
      vertex 23.1647 62.3467 6
      vertex 23.8441 64.8822 6
    endloop
  endfacet
  facet normal 0 0 1
    outer loop
      vertex 20.932 65.0366 6
      vertex 23.068 65.0366 6
      vertex 22.7697 68.5 6
    endloop
  endfacet
  facet normal 0 -0 1
    outer loop
      vertex 22 62.5 6
      vertex 23.068 65.0366 6
      vertex 20.932 65.0366 6
    endloop
  endfacet
  facet normal 0 0 1
    outer loop
      vertex 23.068 65.0366 6
      vertex 22.5874 62.4615 6
      vertex 23.1647 62.3467 6
    endloop
  endfacet
  facet normal 0 0 1
    outer loop
      vertex 23.068 65.0366 6
      vertex 22 62.5 6
      vertex 22.5874 62.4615 6
    endloop
  endfacet
  facet normal 0 0 1
    outer loop
      vertex 20.932 65.0366 6
      vertex 22.7697 68.5 6
      vertex 21.2303 68.5 6
    endloop
  endfacet
  facet normal 0 0 1
    outer loop
      vertex 22 62.5 6
      vertex 20.932 65.0366 6
      vertex 21.4126 62.4615 6
    endloop
  endfacet
  facet normal 0 0 1
    outer loop
      vertex 20.932 65.0366 6
      vertex 20.8353 62.3467 6
      vertex 21.4126 62.4615 6
    endloop
  endfacet
  facet normal -0 0 1
    outer loop
      vertex 20.1559 64.8822 6
      vertex 20.8353 62.3467 6
      vertex 20.932 65.0366 6
    endloop
  endfacet
  facet normal -0 0 1
    outer loop
      vertex 19.4066 64.6279 6
      vertex 20.8353 62.3467 6
      vertex 20.1559 64.8822 6
    endloop
  endfacet
  facet normal 0 0 1
    outer loop
      vertex 20.8353 62.3467 6
      vertex 19.4066 64.6279 6
      vertex 20.2779 62.1575 6
    endloop
  endfacet
  facet normal 0 0 1
    outer loop
      vertex 20.2779 62.1575 6
      vertex 19.4066 64.6279 6
      vertex 19.75 61.8971 6
    endloop
  endfacet
  facet normal -0 0 1
    outer loop
      vertex 17.5568 63.5599 6
      vertex 19.75 61.8971 6
      vertex 19.4066 64.6279 6
    endloop
  endfacet
  facet normal 0 0 1
    outer loop
      vertex 19.75 61.8971 6
      vertex 17.5568 63.5599 6
      vertex 19.2606 61.5701 6
    endloop
  endfacet
  facet normal 0 0 1
    outer loop
      vertex 19.2606 61.5701 6
      vertex 17.5568 63.5599 6
      vertex 18.818 61.182 6
    endloop
  endfacet
  facet normal -0 0 1
    outer loop
      vertex 16.9619 63.0381 6
      vertex 18.818 61.182 6
      vertex 17.5568 63.5599 6
    endloop
  endfacet
  facet normal -0 0 1
    outer loop
      vertex 16.4401 62.4432 6
      vertex 18.818 61.182 6
      vertex 16.9619 63.0381 6
    endloop
  endfacet
  facet normal 0 0 1
    outer loop
      vertex 18.818 61.182 6
      vertex 16.4401 62.4432 6
      vertex 18.4299 60.7394 6
    endloop
  endfacet
  facet normal 0 0 1
    outer loop
      vertex 18.4299 60.7394 6
      vertex 16.4401 62.4432 6
      vertex 18.1029 60.25 6
    endloop
  endfacet
  facet normal 0 0 1
    outer loop
      vertex 17.4166 67.4781 6
      vertex 17.5568 63.5599 6
      vertex 19.4066 64.6279 6
    endloop
  endfacet
  facet normal 0 0 1
    outer loop
      vertex 17.5568 63.5599 6
      vertex 17.4166 67.4781 6
      vertex 16.0834 66.7084 6
    endloop
  endfacet
  facet normal -0 0 1
    outer loop
      vertex 26.1575 56.2779 6
      vertex 28.6279 55.4066 6
      vertex 26.3467 56.8353 6
    endloop
  endfacet
  facet normal -0 0 1
    outer loop
      vertex 25.8971 55.75 6
      vertex 28.6279 55.4066 6
      vertex 26.1575 56.2779 6
    endloop
  endfacet
  facet normal 0 0 1
    outer loop
      vertex 28.6279 55.4066 6
      vertex 25.8971 55.75 6
      vertex 27.5599 53.5568 6
    endloop
  endfacet
  facet normal 0 0 1
    outer loop
      vertex 30.7084 63.9166 6
      vertex 28.6279 60.5934 6
      vertex 31.4781 62.5834 6
    endloop
  endfacet
  facet normal 0 0 1
    outer loop
      vertex 26.1575 59.7221 6
      vertex 28.6279 60.5934 6
      vertex 27.5599 62.4432 6
    endloop
  endfacet
  facet normal -0 0 1
    outer loop
      vertex 27.5599 62.4432 6
      vertex 28.6279 60.5934 6
      vertex 30.7084 63.9166 6
    endloop
  endfacet
  facet normal 0 0 1
    outer loop
      vertex 29.0366 59.068 6
      vertex 32.5 57.2303 6
      vertex 32.5 58.7697 6
    endloop
  endfacet
  facet normal 0 0 1
    outer loop
      vertex 29.0366 59.068 6
      vertex 29.0366 56.932 6
      vertex 32.5 57.2303 6
    endloop
  endfacet
  facet normal 0 0 1
    outer loop
      vertex 28.6279 60.5934 6
      vertex 29.0366 59.068 6
      vertex 28.8822 59.8441 6
    endloop
  endfacet
  facet normal 0 0 1
    outer loop
      vertex 29.0366 59.068 6
      vertex 28.6279 60.5934 6
      vertex 29.0366 56.932 6
    endloop
  endfacet
  facet normal 0 0 1
    outer loop
      vertex 28.6279 55.4066 6
      vertex 29.0366 56.932 6
      vertex 28.6279 60.5934 6
    endloop
  endfacet
  facet normal 0 0 1
    outer loop
      vertex 29.0366 56.932 6
      vertex 28.6279 55.4066 6
      vertex 28.8822 56.1559 6
    endloop
  endfacet
  facet normal 0 0 1
    outer loop
      vertex 28.6279 55.4066 6
      vertex 30.7084 52.0834 6
      vertex 31.4781 53.4166 6
    endloop
  endfacet
  facet normal 0 0 1
    outer loop
      vertex 28.6279 55.4066 6
      vertex 27.5599 53.5568 6
      vertex 30.7084 52.0834 6
    endloop
  endfacet
  facet normal 0 -0 1
    outer loop
      vertex 26.5 58 6
      vertex 28.6279 60.5934 6
      vertex 26.4615 58.5874 6
    endloop
  endfacet
  facet normal 0 0 1
    outer loop
      vertex 26.1575 59.7221 6
      vertex 27.5599 62.4432 6
      vertex 27.0381 63.0381 6
    endloop
  endfacet
  facet normal -0 0 1
    outer loop
      vertex 26.4615 57.4126 6
      vertex 28.6279 55.4066 6
      vertex 26.5 58 6
    endloop
  endfacet
  facet normal -0 0 1
    outer loop
      vertex 26.3467 56.8353 6
      vertex 28.6279 55.4066 6
      vertex 26.4615 57.4126 6
    endloop
  endfacet
  facet normal 0 0 1
    outer loop
      vertex 28.6279 60.5934 6
      vertex 26.5 58 6
      vertex 28.6279 55.4066 6
    endloop
  endfacet
  facet normal 0 0 1
    outer loop
      vertex 25.182 61.182 6
      vertex 27.0381 63.0381 6
      vertex 26.4432 63.5599 6
    endloop
  endfacet
  facet normal 0 0 1
    outer loop
      vertex 28.6279 60.5934 6
      vertex 26.3467 59.1647 6
      vertex 26.4615 58.5874 6
    endloop
  endfacet
  facet normal 0 0 1
    outer loop
      vertex 26.4432 52.4401 6
      vertex 26.5834 48.5219 6
      vertex 27.9166 49.2916 6
    endloop
  endfacet
  facet normal -0 0 1
    outer loop
      vertex 25.5701 55.2606 6
      vertex 27.5599 53.5568 6
      vertex 25.8971 55.75 6
    endloop
  endfacet
  facet normal -0 0 1
    outer loop
      vertex 25.182 54.818 6
      vertex 27.5599 53.5568 6
      vertex 25.5701 55.2606 6
    endloop
  endfacet
  facet normal 0 0 1
    outer loop
      vertex 27.5599 53.5568 6
      vertex 25.182 54.818 6
      vertex 27.0381 52.9619 6
    endloop
  endfacet
  facet normal 0 0 1
    outer loop
      vertex 27.0381 52.9619 6
      vertex 25.182 54.818 6
      vertex 26.4432 52.4401 6
    endloop
  endfacet
  facet normal -0 0 1
    outer loop
      vertex 24.7394 54.4299 6
      vertex 26.4432 52.4401 6
      vertex 25.182 54.818 6
    endloop
  endfacet
  facet normal -0 0 1
    outer loop
      vertex 24.25 54.1029 6
      vertex 26.4432 52.4401 6
      vertex 24.7394 54.4299 6
    endloop
  endfacet
  facet normal 0 0 1
    outer loop
      vertex 26.4432 52.4401 6
      vertex 24.5934 51.3721 6
      vertex 26.5834 48.5219 6
    endloop
  endfacet
  facet normal 0 0 1
    outer loop
      vertex 26.4432 52.4401 6
      vertex 24.25 54.1029 6
      vertex 24.5934 51.3721 6
    endloop
  endfacet
  facet normal -0 0 1
    outer loop
      vertex 23.7221 53.8425 6
      vertex 24.5934 51.3721 6
      vertex 24.25 54.1029 6
    endloop
  endfacet
  facet normal -0 0 1
    outer loop
      vertex 23.1647 53.6533 6
      vertex 24.5934 51.3721 6
      vertex 23.7221 53.8425 6
    endloop
  endfacet
  facet normal 0 0 1
    outer loop
      vertex 24.5934 51.3721 6
      vertex 23.1647 53.6533 6
      vertex 23.8441 51.1178 6
    endloop
  endfacet
  facet normal 0 0 1
    outer loop
      vertex 23.1647 53.6533 6
      vertex 23.068 50.9634 6
      vertex 23.8441 51.1178 6
    endloop
  endfacet
  facet normal -0 0 1
    outer loop
      vertex 22.5874 53.5385 6
      vertex 23.068 50.9634 6
      vertex 23.1647 53.6533 6
    endloop
  endfacet
  facet normal -0 0 1
    outer loop
      vertex 22 53.5 6
      vertex 23.068 50.9634 6
      vertex 22.5874 53.5385 6
    endloop
  endfacet
  facet normal 0 0 1
    outer loop
      vertex 23.068 50.9634 6
      vertex 22 53.5 6
      vertex 20.932 50.9634 6
    endloop
  endfacet
  facet normal 0 0 1
    outer loop
      vertex 20.932 50.9634 6
      vertex 22 53.5 6
      vertex 21.4126 53.5385 6
    endloop
  endfacet
  facet normal 0 0 1
    outer loop
      vertex 23.068 50.9634 6
      vertex 20.932 50.9634 6
      vertex 22.7697 47.5 6
    endloop
  endfacet
  facet normal 0 0 1
    outer loop
      vertex 22.7697 47.5 6
      vertex 20.932 50.9634 6
      vertex 21.2303 47.5 6
    endloop
  endfacet
  facet normal 0 0 1
    outer loop
      vertex 20.8353 53.6533 6
      vertex 20.932 50.9634 6
      vertex 21.4126 53.5385 6
    endloop
  endfacet
  facet normal 0 0 1
    outer loop
      vertex 19.4066 51.3721 6
      vertex 20.8353 53.6533 6
      vertex 20.2779 53.8425 6
    endloop
  endfacet
  facet normal 0 0 1
    outer loop
      vertex 20.8353 53.6533 6
      vertex 20.1559 51.1178 6
      vertex 20.932 50.9634 6
    endloop
  endfacet
  facet normal 0 0 1
    outer loop
      vertex 19.4066 51.3721 6
      vertex 20.2779 53.8425 6
      vertex 19.75 54.1029 6
    endloop
  endfacet
  facet normal 0 0 1
    outer loop
      vertex 20.8353 53.6533 6
      vertex 19.4066 51.3721 6
      vertex 20.1559 51.1178 6
    endloop
  endfacet
  facet normal 0 0 1
    outer loop
      vertex 17.5568 52.4401 6
      vertex 19.75 54.1029 6
      vertex 19.2606 54.4299 6
    endloop
  endfacet
  facet normal 0 0 1
    outer loop
      vertex 17.5568 52.4401 6
      vertex 19.2606 54.4299 6
      vertex 18.818 54.818 6
    endloop
  endfacet
  facet normal 0 0 1
    outer loop
      vertex 16.4401 53.5568 6
      vertex 18.818 54.818 6
      vertex 18.4299 55.2606 6
    endloop
  endfacet
  facet normal 0 0 1
    outer loop
      vertex 16.4401 53.5568 6
      vertex 18.4299 55.2606 6
      vertex 18.1029 55.75 6
    endloop
  endfacet
  facet normal 0 0 1
    outer loop
      vertex 15.3721 55.4066 6
      vertex 18.1029 55.75 6
      vertex 17.8425 56.2779 6
    endloop
  endfacet
  facet normal 0 0 1
    outer loop
      vertex 15.3721 55.4066 6
      vertex 17.8425 56.2779 6
      vertex 17.6533 56.8353 6
    endloop
  endfacet
  facet normal 0 0 1
    outer loop
      vertex 19.75 54.1029 6
      vertex 17.5568 52.4401 6
      vertex 19.4066 51.3721 6
    endloop
  endfacet
  facet normal 0 0 1
    outer loop
      vertex 17.5568 52.4401 6
      vertex 17.4166 48.5219 6
      vertex 19.4066 51.3721 6
    endloop
  endfacet
  facet normal 0 -0 1
    outer loop
      vertex 17.4166 48.5219 6
      vertex 17.5568 52.4401 6
      vertex 16.0834 49.2916 6
    endloop
  endfacet
  facet normal 0 0 1
    outer loop
      vertex 17.5385 58.5874 6
      vertex 14.9634 59.068 6
      vertex 17.5 58 6
    endloop
  endfacet
  facet normal 0 0 1
    outer loop
      vertex 14.9634 56.932 6
      vertex 17.5 58 6
      vertex 14.9634 59.068 6
    endloop
  endfacet
  facet normal 0 -0 1
    outer loop
      vertex 15.1178 56.1559 6
      vertex 17.5 58 6
      vertex 14.9634 56.932 6
    endloop
  endfacet
  facet normal 0 0 1
    outer loop
      vertex 17.5 58 6
      vertex 15.1178 56.1559 6
      vertex 15.3721 55.4066 6
    endloop
  endfacet
  facet normal -0 0 1
    outer loop
      vertex 11.5 58.7697 6
      vertex 14.9634 56.932 6
      vertex 14.9634 59.068 6
    endloop
  endfacet
  facet normal 0 0 1
    outer loop
      vertex 14.9634 56.932 6
      vertex 11.5 58.7697 6
      vertex 11.5 57.2303 6
    endloop
  endfacet
  facet normal 0 0 1
    outer loop
      vertex 18.1029 55.75 6
      vertex 15.3721 55.4066 6
      vertex 16.4401 53.5568 6
    endloop
  endfacet
  facet normal 0 0 1
    outer loop
      vertex 15.3721 55.4066 6
      vertex 13.2916 52.0834 6
      vertex 16.4401 53.5568 6
    endloop
  endfacet
  facet normal 0 -0 1
    outer loop
      vertex 13.2916 52.0834 6
      vertex 15.3721 55.4066 6
      vertex 12.5219 53.4166 6
    endloop
  endfacet
  facet normal 0 0 1
    outer loop
      vertex 15.3721 55.4066 6
      vertex 17.6533 56.8353 6
      vertex 17.5385 57.4126 6
    endloop
  endfacet
  facet normal 0 0 1
    outer loop
      vertex 17.6533 59.1647 6
      vertex 14.9634 59.068 6
      vertex 17.5385 58.5874 6
    endloop
  endfacet
  facet normal -0 0 1
    outer loop
      vertex 15.1178 59.8441 6
      vertex 17.6533 59.1647 6
      vertex 15.3721 60.5934 6
    endloop
  endfacet
  facet normal 0 0 1
    outer loop
      vertex 14.9634 59.068 6
      vertex 17.6533 59.1647 6
      vertex 15.1178 59.8441 6
    endloop
  endfacet
  facet normal 0 0 1
    outer loop
      vertex 18.818 54.818 6
      vertex 16.4401 53.5568 6
      vertex 16.9619 52.9619 6
    endloop
  endfacet
  facet normal 0 0 1
    outer loop
      vertex 18.818 54.818 6
      vertex 16.9619 52.9619 6
      vertex 17.5568 52.4401 6
    endloop
  endfacet
  facet normal 0 0 1
    outer loop
      vertex 17.5 58 6
      vertex 15.3721 55.4066 6
      vertex 17.5385 57.4126 6
    endloop
  endfacet
  facet normal 0 0 1
    outer loop
      vertex 13.2916 63.9166 6
      vertex 15.3721 60.5934 6
      vertex 16.4401 62.4432 6
    endloop
  endfacet
  facet normal 0 0 1
    outer loop
      vertex 15.3721 60.5934 6
      vertex 13.2916 63.9166 6
      vertex 12.5219 62.5834 6
    endloop
  endfacet
  facet normal -0 0 1
    outer loop
      vertex 15.3721 60.5934 6
      vertex 18.1029 60.25 6
      vertex 16.4401 62.4432 6
    endloop
  endfacet
  facet normal 0 0 1
    outer loop
      vertex 18.1029 60.25 6
      vertex 15.3721 60.5934 6
      vertex 17.8425 59.7221 6
    endloop
  endfacet
  facet normal 0 0 1
    outer loop
      vertex 17.8425 59.7221 6
      vertex 15.3721 60.5934 6
      vertex 17.6533 59.1647 6
    endloop
  endfacet
  facet normal 1 -0 0
    outer loop
      vertex 32.5 57.2303 6
      vertex 32.5 58.7697 0
      vertex 32.5 58.7697 6
    endloop
  endfacet
  facet normal 1 0 0
    outer loop
      vertex 32.5 58.7697 0
      vertex 32.5 57.2303 6
      vertex 32.5 57.2303 0
    endloop
  endfacet
  facet normal 0.0858115 -0.996311 0
    outer loop
      vertex 29.0366 56.932 0
      vertex 32.5 57.2303 6
      vertex 29.0366 56.932 6
    endloop
  endfacet
  facet normal 0.0858115 -0.996311 0
    outer loop
      vertex 32.5 57.2303 6
      vertex 29.0366 56.932 0
      vertex 32.5 57.2303 0
    endloop
  endfacet
  facet normal -0.423854 0.905731 0
    outer loop
      vertex 30.7084 63.9166 0
      vertex 27.5599 62.4432 6
      vertex 30.7084 63.9166 6
    endloop
  endfacet
  facet normal -0.423854 0.905731 0
    outer loop
      vertex 27.5599 62.4432 6
      vertex 30.7084 63.9166 0
      vertex 27.5599 62.4432 0
    endloop
  endfacet
  facet normal 0.866032 0.499989 0
    outer loop
      vertex 31.4781 62.5834 6
      vertex 30.7084 63.9166 0
      vertex 30.7084 63.9166 6
    endloop
  endfacet
  facet normal 0.866032 0.499989 0
    outer loop
      vertex 30.7084 63.9166 0
      vertex 31.4781 62.5834 6
      vertex 31.4781 62.5834 0
    endloop
  endfacet
  facet normal 0.57247 -0.819926 0
    outer loop
      vertex 28.6279 60.5934 0
      vertex 31.4781 62.5834 6
      vertex 28.6279 60.5934 6
    endloop
  endfacet
  facet normal 0.57247 -0.819926 0
    outer loop
      vertex 31.4781 62.5834 6
      vertex 28.6279 60.5934 0
      vertex 31.4781 62.5834 0
    endloop
  endfacet
  facet normal -0.819926 0.57247 0
    outer loop
      vertex 24.5934 64.6279 0
      vertex 26.5834 67.4781 6
      vertex 26.5834 67.4781 0
    endloop
  endfacet
  facet normal -0.819926 0.57247 0
    outer loop
      vertex 26.5834 67.4781 6
      vertex 24.5934 64.6279 0
      vertex 24.5934 64.6279 6
    endloop
  endfacet
  facet normal 0.499989 0.866032 -0
    outer loop
      vertex 27.9166 66.7084 0
      vertex 26.5834 67.4781 6
      vertex 27.9166 66.7084 6
    endloop
  endfacet
  facet normal 0.499989 0.866032 0
    outer loop
      vertex 26.5834 67.4781 6
      vertex 27.9166 66.7084 0
      vertex 26.5834 67.4781 0
    endloop
  endfacet
  facet normal 0.905731 -0.423854 0
    outer loop
      vertex 26.4432 63.5599 6
      vertex 27.9166 66.7084 0
      vertex 27.9166 66.7084 6
    endloop
  endfacet
  facet normal 0.905731 -0.423854 0
    outer loop
      vertex 27.9166 66.7084 0
      vertex 26.4432 63.5599 6
      vertex 26.4432 63.5599 0
    endloop
  endfacet
  facet normal -0.996311 0.0858115 0
    outer loop
      vertex 20.932 65.0366 0
      vertex 21.2303 68.5 6
      vertex 21.2303 68.5 0
    endloop
  endfacet
  facet normal -0.996311 0.0858115 0
    outer loop
      vertex 21.2303 68.5 6
      vertex 20.932 65.0366 0
      vertex 20.932 65.0366 6
    endloop
  endfacet
  facet normal 0 1 -0
    outer loop
      vertex 22.7697 68.5 0
      vertex 21.2303 68.5 6
      vertex 22.7697 68.5 6
    endloop
  endfacet
  facet normal 0 1 0
    outer loop
      vertex 21.2303 68.5 6
      vertex 22.7697 68.5 0
      vertex 21.2303 68.5 0
    endloop
  endfacet
  facet normal 0.996311 0.0858115 0
    outer loop
      vertex 23.068 65.0366 6
      vertex 22.7697 68.5 0
      vertex 22.7697 68.5 6
    endloop
  endfacet
  facet normal 0.996311 0.0858115 0
    outer loop
      vertex 22.7697 68.5 0
      vertex 23.068 65.0366 6
      vertex 23.068 65.0366 0
    endloop
  endfacet
  facet normal 0.819926 0.57247 0
    outer loop
      vertex 19.4066 64.6279 6
      vertex 17.4166 67.4781 0
      vertex 17.4166 67.4781 6
    endloop
  endfacet
  facet normal 0.819926 0.57247 0
    outer loop
      vertex 17.4166 67.4781 0
      vertex 19.4066 64.6279 6
      vertex 19.4066 64.6279 0
    endloop
  endfacet
  facet normal -0.905731 -0.423854 0
    outer loop
      vertex 17.5568 63.5599 0
      vertex 16.0834 66.7084 6
      vertex 16.0834 66.7084 0
    endloop
  endfacet
  facet normal -0.905731 -0.423854 0
    outer loop
      vertex 16.0834 66.7084 6
      vertex 17.5568 63.5599 0
      vertex 17.5568 63.5599 6
    endloop
  endfacet
  facet normal -0.499989 0.866032 0
    outer loop
      vertex 17.4166 67.4781 0
      vertex 16.0834 66.7084 6
      vertex 17.4166 67.4781 6
    endloop
  endfacet
  facet normal -0.499989 0.866032 0
    outer loop
      vertex 16.0834 66.7084 6
      vertex 17.4166 67.4781 0
      vertex 16.0834 66.7084 0
    endloop
  endfacet
  facet normal -0.57247 -0.819926 0
    outer loop
      vertex 12.5219 62.5834 0
      vertex 15.3721 60.5934 6
      vertex 12.5219 62.5834 6
    endloop
  endfacet
  facet normal -0.57247 -0.819926 -0
    outer loop
      vertex 15.3721 60.5934 6
      vertex 12.5219 62.5834 0
      vertex 15.3721 60.5934 0
    endloop
  endfacet
  facet normal 0.423854 0.905731 -0
    outer loop
      vertex 16.4401 62.4432 0
      vertex 13.2916 63.9166 6
      vertex 16.4401 62.4432 6
    endloop
  endfacet
  facet normal 0.423854 0.905731 0
    outer loop
      vertex 13.2916 63.9166 6
      vertex 16.4401 62.4432 0
      vertex 13.2916 63.9166 0
    endloop
  endfacet
  facet normal -0.866032 0.499989 0
    outer loop
      vertex 12.5219 62.5834 0
      vertex 13.2916 63.9166 6
      vertex 13.2916 63.9166 0
    endloop
  endfacet
  facet normal -0.866032 0.499989 0
    outer loop
      vertex 13.2916 63.9166 6
      vertex 12.5219 62.5834 0
      vertex 12.5219 62.5834 6
    endloop
  endfacet
  facet normal -0.0858115 0.996311 0
    outer loop
      vertex 14.9634 59.068 0
      vertex 11.5 58.7697 6
      vertex 14.9634 59.068 6
    endloop
  endfacet
  facet normal -0.0858115 0.996311 0
    outer loop
      vertex 11.5 58.7697 6
      vertex 14.9634 59.068 0
      vertex 11.5 58.7697 0
    endloop
  endfacet
  facet normal -0.0858115 -0.996311 0
    outer loop
      vertex 11.5 57.2303 0
      vertex 14.9634 56.932 6
      vertex 11.5 57.2303 6
    endloop
  endfacet
  facet normal -0.0858115 -0.996311 -0
    outer loop
      vertex 14.9634 56.932 6
      vertex 11.5 57.2303 0
      vertex 14.9634 56.932 0
    endloop
  endfacet
  facet normal -1 0 0
    outer loop
      vertex 11.5 57.2303 0
      vertex 11.5 58.7697 6
      vertex 11.5 58.7697 0
    endloop
  endfacet
  facet normal -1 -0 0
    outer loop
      vertex 11.5 58.7697 6
      vertex 11.5 57.2303 0
      vertex 11.5 57.2303 6
    endloop
  endfacet
  facet normal -0.57247 0.819926 0
    outer loop
      vertex 15.3721 55.4066 0
      vertex 12.5219 53.4166 6
      vertex 15.3721 55.4066 6
    endloop
  endfacet
  facet normal -0.57247 0.819926 0
    outer loop
      vertex 12.5219 53.4166 6
      vertex 15.3721 55.4066 0
      vertex 12.5219 53.4166 0
    endloop
  endfacet
  facet normal 0.423854 -0.905731 0
    outer loop
      vertex 13.2916 52.0834 0
      vertex 16.4401 53.5568 6
      vertex 13.2916 52.0834 6
    endloop
  endfacet
  facet normal 0.423854 -0.905731 0
    outer loop
      vertex 16.4401 53.5568 6
      vertex 13.2916 52.0834 0
      vertex 16.4401 53.5568 0
    endloop
  endfacet
  facet normal -0.866032 -0.499989 0
    outer loop
      vertex 13.2916 52.0834 0
      vertex 12.5219 53.4166 6
      vertex 12.5219 53.4166 0
    endloop
  endfacet
  facet normal -0.866032 -0.499989 0
    outer loop
      vertex 12.5219 53.4166 6
      vertex 13.2916 52.0834 0
      vertex 13.2916 52.0834 6
    endloop
  endfacet
  facet normal 0.819926 -0.57247 0
    outer loop
      vertex 17.4166 48.5219 6
      vertex 19.4066 51.3721 0
      vertex 19.4066 51.3721 6
    endloop
  endfacet
  facet normal 0.819926 -0.57247 0
    outer loop
      vertex 19.4066 51.3721 0
      vertex 17.4166 48.5219 6
      vertex 17.4166 48.5219 0
    endloop
  endfacet
  facet normal -0.905731 0.423854 0
    outer loop
      vertex 16.0834 49.2916 0
      vertex 17.5568 52.4401 6
      vertex 17.5568 52.4401 0
    endloop
  endfacet
  facet normal -0.905731 0.423854 0
    outer loop
      vertex 17.5568 52.4401 6
      vertex 16.0834 49.2916 0
      vertex 16.0834 49.2916 6
    endloop
  endfacet
  facet normal -0.499989 -0.866032 0
    outer loop
      vertex 16.0834 49.2916 0
      vertex 17.4166 48.5219 6
      vertex 16.0834 49.2916 6
    endloop
  endfacet
  facet normal -0.499989 -0.866032 -0
    outer loop
      vertex 17.4166 48.5219 6
      vertex 16.0834 49.2916 0
      vertex 17.4166 48.5219 0
    endloop
  endfacet
  facet normal 0.996311 -0.0858115 0
    outer loop
      vertex 22.7697 47.5 6
      vertex 23.068 50.9634 0
      vertex 23.068 50.9634 6
    endloop
  endfacet
  facet normal 0.996311 -0.0858115 0
    outer loop
      vertex 23.068 50.9634 0
      vertex 22.7697 47.5 6
      vertex 22.7697 47.5 0
    endloop
  endfacet
  facet normal 0 -1 0
    outer loop
      vertex 21.2303 47.5 0
      vertex 22.7697 47.5 6
      vertex 21.2303 47.5 6
    endloop
  endfacet
  facet normal 0 -1 -0
    outer loop
      vertex 22.7697 47.5 6
      vertex 21.2303 47.5 0
      vertex 22.7697 47.5 0
    endloop
  endfacet
  facet normal -0.996311 -0.0858115 0
    outer loop
      vertex 21.2303 47.5 0
      vertex 20.932 50.9634 6
      vertex 20.932 50.9634 0
    endloop
  endfacet
  facet normal -0.996311 -0.0858115 0
    outer loop
      vertex 20.932 50.9634 6
      vertex 21.2303 47.5 0
      vertex 21.2303 47.5 6
    endloop
  endfacet
  facet normal 0.905731 0.423854 0
    outer loop
      vertex 27.9166 49.2916 6
      vertex 26.4432 52.4401 0
      vertex 26.4432 52.4401 6
    endloop
  endfacet
  facet normal 0.905731 0.423854 0
    outer loop
      vertex 26.4432 52.4401 0
      vertex 27.9166 49.2916 6
      vertex 27.9166 49.2916 0
    endloop
  endfacet
  facet normal 0.499989 -0.866032 0
    outer loop
      vertex 26.5834 48.5219 0
      vertex 27.9166 49.2916 6
      vertex 26.5834 48.5219 6
    endloop
  endfacet
  facet normal 0.499989 -0.866032 0
    outer loop
      vertex 27.9166 49.2916 6
      vertex 26.5834 48.5219 0
      vertex 27.9166 49.2916 0
    endloop
  endfacet
  facet normal -0.819926 -0.57247 0
    outer loop
      vertex 26.5834 48.5219 0
      vertex 24.5934 51.3721 6
      vertex 24.5934 51.3721 0
    endloop
  endfacet
  facet normal -0.819926 -0.57247 0
    outer loop
      vertex 24.5934 51.3721 6
      vertex 26.5834 48.5219 0
      vertex 26.5834 48.5219 6
    endloop
  endfacet
  facet normal 0.57247 0.819926 -0
    outer loop
      vertex 31.4781 53.4166 0
      vertex 28.6279 55.4066 6
      vertex 31.4781 53.4166 6
    endloop
  endfacet
  facet normal 0.57247 0.819926 0
    outer loop
      vertex 28.6279 55.4066 6
      vertex 31.4781 53.4166 0
      vertex 28.6279 55.4066 0
    endloop
  endfacet
  facet normal 0.866032 -0.499989 0
    outer loop
      vertex 30.7084 52.0834 6
      vertex 31.4781 53.4166 0
      vertex 31.4781 53.4166 6
    endloop
  endfacet
  facet normal 0.866032 -0.499989 0
    outer loop
      vertex 31.4781 53.4166 0
      vertex 30.7084 52.0834 6
      vertex 30.7084 52.0834 0
    endloop
  endfacet
  facet normal -0.423854 -0.905731 0
    outer loop
      vertex 27.5599 53.5568 0
      vertex 30.7084 52.0834 6
      vertex 27.5599 53.5568 6
    endloop
  endfacet
  facet normal -0.423854 -0.905731 -0
    outer loop
      vertex 30.7084 52.0834 6
      vertex 27.5599 53.5568 0
      vertex 30.7084 52.0834 0
    endloop
  endfacet
  facet normal 0.980779 -0.19512 0
    outer loop
      vertex 28.8822 56.1559 6
      vertex 29.0366 56.932 0
      vertex 29.0366 56.932 6
    endloop
  endfacet
  facet normal 0.980779 -0.19512 0
    outer loop
      vertex 29.0366 56.932 0
      vertex 28.8822 56.1559 6
      vertex 28.8822 56.1559 0
    endloop
  endfacet
  facet normal 0.980779 0.19512 0
    outer loop
      vertex 29.0366 59.068 6
      vertex 28.8822 59.8441 0
      vertex 28.8822 59.8441 6
    endloop
  endfacet
  facet normal 0.980779 0.19512 0
    outer loop
      vertex 28.8822 59.8441 0
      vertex 29.0366 59.068 6
      vertex 29.0366 59.068 0
    endloop
  endfacet
  facet normal 0.946951 0.321379 0
    outer loop
      vertex 28.8822 59.8441 6
      vertex 28.6279 60.5934 0
      vertex 28.6279 60.5934 6
    endloop
  endfacet
  facet normal 0.946951 0.321379 0
    outer loop
      vertex 28.6279 60.5934 0
      vertex 28.8822 59.8441 6
      vertex 28.8822 59.8441 0
    endloop
  endfacet
  facet normal 0.19512 0.980779 -0
    outer loop
      vertex 23.8441 64.8822 0
      vertex 23.068 65.0366 6
      vertex 23.8441 64.8822 6
    endloop
  endfacet
  facet normal 0.19512 0.980779 0
    outer loop
      vertex 23.068 65.0366 6
      vertex 23.8441 64.8822 0
      vertex 23.068 65.0366 0
    endloop
  endfacet
  facet normal 0.19512 -0.980779 0
    outer loop
      vertex 23.068 50.9634 0
      vertex 23.8441 51.1178 6
      vertex 23.068 50.9634 6
    endloop
  endfacet
  facet normal 0.19512 -0.980779 0
    outer loop
      vertex 23.8441 51.1178 6
      vertex 23.068 50.9634 0
      vertex 23.8441 51.1178 0
    endloop
  endfacet
  facet normal -0.659408 0.751785 0
    outer loop
      vertex 17.5568 63.5599 0
      vertex 16.9619 63.0381 6
      vertex 17.5568 63.5599 6
    endloop
  endfacet
  facet normal -0.659408 0.751785 0
    outer loop
      vertex 16.9619 63.0381 6
      vertex 17.5568 63.5599 0
      vertex 16.9619 63.0381 0
    endloop
  endfacet
  facet normal 0.321379 0.946951 -0
    outer loop
      vertex 24.5934 64.6279 0
      vertex 23.8441 64.8822 6
      vertex 24.5934 64.6279 6
    endloop
  endfacet
  facet normal 0.321379 0.946951 0
    outer loop
      vertex 23.8441 64.8822 6
      vertex 24.5934 64.6279 0
      vertex 23.8441 64.8822 0
    endloop
  endfacet
  facet normal 0.659408 -0.751785 0
    outer loop
      vertex 26.4432 52.4401 0
      vertex 27.0381 52.9619 6
      vertex 26.4432 52.4401 6
    endloop
  endfacet
  facet normal 0.659408 -0.751785 0
    outer loop
      vertex 27.0381 52.9619 6
      vertex 26.4432 52.4401 0
      vertex 27.0381 52.9619 0
    endloop
  endfacet
  facet normal 0.751785 -0.659408 0
    outer loop
      vertex 27.0381 52.9619 6
      vertex 27.5599 53.5568 0
      vertex 27.5599 53.5568 6
    endloop
  endfacet
  facet normal 0.751785 -0.659408 0
    outer loop
      vertex 27.5599 53.5568 0
      vertex 27.0381 52.9619 6
      vertex 27.0381 52.9619 0
    endloop
  endfacet
  facet normal -0.946951 -0.321379 0
    outer loop
      vertex 15.3721 55.4066 0
      vertex 15.1178 56.1559 6
      vertex 15.1178 56.1559 0
    endloop
  endfacet
  facet normal -0.946951 -0.321379 0
    outer loop
      vertex 15.1178 56.1559 6
      vertex 15.3721 55.4066 0
      vertex 15.3721 55.4066 6
    endloop
  endfacet
  facet normal 0.321379 -0.946951 0
    outer loop
      vertex 23.8441 51.1178 0
      vertex 24.5934 51.3721 6
      vertex 23.8441 51.1178 6
    endloop
  endfacet
  facet normal 0.321379 -0.946951 0
    outer loop
      vertex 24.5934 51.3721 6
      vertex 23.8441 51.1178 0
      vertex 24.5934 51.3721 0
    endloop
  endfacet
  facet normal -0.321379 0.946951 0
    outer loop
      vertex 20.1559 64.8822 0
      vertex 19.4066 64.6279 6
      vertex 20.1559 64.8822 6
    endloop
  endfacet
  facet normal -0.321379 0.946951 0
    outer loop
      vertex 19.4066 64.6279 6
      vertex 20.1559 64.8822 0
      vertex 19.4066 64.6279 0
    endloop
  endfacet
  facet normal -0.946951 0.321379 0
    outer loop
      vertex 15.1178 59.8441 0
      vertex 15.3721 60.5934 6
      vertex 15.3721 60.5934 0
    endloop
  endfacet
  facet normal -0.946951 0.321379 0
    outer loop
      vertex 15.3721 60.5934 6
      vertex 15.1178 59.8441 0
      vertex 15.1178 59.8441 6
    endloop
  endfacet
  facet normal -0.19512 0.980779 0
    outer loop
      vertex 20.932 65.0366 0
      vertex 20.1559 64.8822 6
      vertex 20.932 65.0366 6
    endloop
  endfacet
  facet normal -0.19512 0.980779 0
    outer loop
      vertex 20.1559 64.8822 6
      vertex 20.932 65.0366 0
      vertex 20.1559 64.8822 0
    endloop
  endfacet
  facet normal 0.659408 0.751785 -0
    outer loop
      vertex 27.0381 63.0381 0
      vertex 26.4432 63.5599 6
      vertex 27.0381 63.0381 6
    endloop
  endfacet
  facet normal 0.659408 0.751785 0
    outer loop
      vertex 26.4432 63.5599 6
      vertex 27.0381 63.0381 0
      vertex 26.4432 63.5599 0
    endloop
  endfacet
  facet normal -0.321379 -0.946951 0
    outer loop
      vertex 19.4066 51.3721 0
      vertex 20.1559 51.1178 6
      vertex 19.4066 51.3721 6
    endloop
  endfacet
  facet normal -0.321379 -0.946951 -0
    outer loop
      vertex 20.1559 51.1178 6
      vertex 19.4066 51.3721 0
      vertex 20.1559 51.1178 0
    endloop
  endfacet
  facet normal -0.980779 0.19512 0
    outer loop
      vertex 14.9634 59.068 0
      vertex 15.1178 59.8441 6
      vertex 15.1178 59.8441 0
    endloop
  endfacet
  facet normal -0.980779 0.19512 0
    outer loop
      vertex 15.1178 59.8441 6
      vertex 14.9634 59.068 0
      vertex 14.9634 59.068 6
    endloop
  endfacet
  facet normal -0.19512 -0.980779 0
    outer loop
      vertex 20.1559 51.1178 0
      vertex 20.932 50.9634 6
      vertex 20.1559 51.1178 6
    endloop
  endfacet
  facet normal -0.19512 -0.980779 -0
    outer loop
      vertex 20.932 50.9634 6
      vertex 20.1559 51.1178 0
      vertex 20.932 50.9634 0
    endloop
  endfacet
  facet normal 0.946951 -0.321379 0
    outer loop
      vertex 28.6279 55.4066 6
      vertex 28.8822 56.1559 0
      vertex 28.8822 56.1559 6
    endloop
  endfacet
  facet normal 0.946951 -0.321379 0
    outer loop
      vertex 28.8822 56.1559 0
      vertex 28.6279 55.4066 6
      vertex 28.6279 55.4066 0
    endloop
  endfacet
  facet normal 0.751785 0.659408 0
    outer loop
      vertex 27.5599 62.4432 6
      vertex 27.0381 63.0381 0
      vertex 27.0381 63.0381 6
    endloop
  endfacet
  facet normal 0.751785 0.659408 0
    outer loop
      vertex 27.0381 63.0381 0
      vertex 27.5599 62.4432 6
      vertex 27.5599 62.4432 0
    endloop
  endfacet
  facet normal -0.751785 -0.659408 0
    outer loop
      vertex 16.9619 52.9619 0
      vertex 16.4401 53.5568 6
      vertex 16.4401 53.5568 0
    endloop
  endfacet
  facet normal -0.751785 -0.659408 0
    outer loop
      vertex 16.4401 53.5568 6
      vertex 16.9619 52.9619 0
      vertex 16.9619 52.9619 6
    endloop
  endfacet
  facet normal -0.751785 0.659408 0
    outer loop
      vertex 16.4401 62.4432 0
      vertex 16.9619 63.0381 6
      vertex 16.9619 63.0381 0
    endloop
  endfacet
  facet normal -0.751785 0.659408 0
    outer loop
      vertex 16.9619 63.0381 6
      vertex 16.4401 62.4432 0
      vertex 16.4401 62.4432 6
    endloop
  endfacet
  facet normal -0.980779 -0.19512 0
    outer loop
      vertex 15.1178 56.1559 0
      vertex 14.9634 56.932 6
      vertex 14.9634 56.932 0
    endloop
  endfacet
  facet normal -0.980779 -0.19512 0
    outer loop
      vertex 14.9634 56.932 6
      vertex 15.1178 56.1559 0
      vertex 15.1178 56.1559 6
    endloop
  endfacet
  facet normal -0.659408 -0.751785 0
    outer loop
      vertex 16.9619 52.9619 0
      vertex 17.5568 52.4401 6
      vertex 16.9619 52.9619 6
    endloop
  endfacet
  facet normal -0.659408 -0.751785 -0
    outer loop
      vertex 17.5568 52.4401 6
      vertex 16.9619 52.9619 0
      vertex 17.5568 52.4401 0
    endloop
  endfacet
  facet normal 0.980796 0.195038 0
    outer loop
      vertex 26.4615 58.5874 8
      vertex 26.3467 59.1647 6
      vertex 26.3467 59.1647 8
    endloop
  endfacet
  facet normal 0.980796 0.195038 0
    outer loop
      vertex 26.3467 59.1647 6
      vertex 26.4615 58.5874 8
      vertex 26.4615 58.5874 6
    endloop
  endfacet
  facet normal 0.997859 0.0654027 0
    outer loop
      vertex 26.5 58 8
      vertex 26.4615 58.5874 6
      vertex 26.4615 58.5874 8
    endloop
  endfacet
  facet normal 0.997859 0.0654027 0
    outer loop
      vertex 26.4615 58.5874 6
      vertex 26.5 58 8
      vertex 26.5 58 6
    endloop
  endfacet
  facet normal 0.980796 -0.195038 0
    outer loop
      vertex 26.3467 56.8353 8
      vertex 26.4615 57.4126 6
      vertex 26.4615 57.4126 8
    endloop
  endfacet
  facet normal 0.980796 -0.195038 0
    outer loop
      vertex 26.4615 57.4126 6
      vertex 26.3467 56.8353 8
      vertex 26.3467 56.8353 6
    endloop
  endfacet
  facet normal 0 0 1
    outer loop
      vertex 26.4615 58.5874 8
      vertex 24.2308 58.2937 8
      vertex 24.25 58 8
    endloop
  endfacet
  facet normal 0 0 1
    outer loop
      vertex 24.7394 61.5701 8
      vertex 24.1733 58.5823 8
      vertex 24.2308 58.2937 8
    endloop
  endfacet
  facet normal 0 0 1
    outer loop
      vertex 24.7394 61.5701 8
      vertex 24.0787 58.861 8
      vertex 24.1733 58.5823 8
    endloop
  endfacet
  facet normal 0 0 1
    outer loop
      vertex 24.7394 61.5701 8
      vertex 23.9486 59.125 8
      vertex 24.0787 58.861 8
    endloop
  endfacet
  facet normal 0 0 1
    outer loop
      vertex 24.7394 61.5701 8
      vertex 23.785 59.3697 8
      vertex 23.9486 59.125 8
    endloop
  endfacet
  facet normal 0 0 1
    outer loop
      vertex 23.125 59.9486 8
      vertex 24.25 61.8971 8
      vertex 23.7221 62.1575 8
    endloop
  endfacet
  facet normal 0 0 1
    outer loop
      vertex 24.7394 61.5701 8
      vertex 23.591 59.591 8
      vertex 23.785 59.3697 8
    endloop
  endfacet
  facet normal 0 0 1
    outer loop
      vertex 24.7394 61.5701 8
      vertex 23.3697 59.785 8
      vertex 23.591 59.591 8
    endloop
  endfacet
  facet normal 0 0 1
    outer loop
      vertex 22.861 60.0787 8
      vertex 23.7221 62.1575 8
      vertex 23.1647 62.3467 8
    endloop
  endfacet
  facet normal 0 0 1
    outer loop
      vertex 24.25 61.8971 8
      vertex 23.125 59.9486 8
      vertex 23.3697 59.785 8
    endloop
  endfacet
  facet normal 0 0 1
    outer loop
      vertex 23.7221 62.1575 8
      vertex 22.861 60.0787 8
      vertex 23.125 59.9486 8
    endloop
  endfacet
  facet normal 0 0 1
    outer loop
      vertex 22.5823 60.1733 8
      vertex 23.1647 62.3467 8
      vertex 22.5874 62.4615 8
    endloop
  endfacet
  facet normal 0 0 1
    outer loop
      vertex 23.1647 62.3467 8
      vertex 22.5823 60.1733 8
      vertex 22.861 60.0787 8
    endloop
  endfacet
  facet normal 0 0 1
    outer loop
      vertex 22.5874 62.4615 8
      vertex 22.2937 60.2308 8
      vertex 22.5823 60.1733 8
    endloop
  endfacet
  facet normal 0 0 1
    outer loop
      vertex 22 62.5 8
      vertex 22.2937 60.2308 8
      vertex 22.5874 62.4615 8
    endloop
  endfacet
  facet normal 0 0 1
    outer loop
      vertex 22 62.5 8
      vertex 22 60.25 8
      vertex 22.2937 60.2308 8
    endloop
  endfacet
  facet normal 0 0 1
    outer loop
      vertex 22 62.5 8
      vertex 21.7063 60.2308 8
      vertex 22 60.25 8
    endloop
  endfacet
  facet normal -0 0 1
    outer loop
      vertex 21.4126 62.4615 8
      vertex 21.7063 60.2308 8
      vertex 22 62.5 8
    endloop
  endfacet
  facet normal 0 0 1
    outer loop
      vertex 21.7063 60.2308 8
      vertex 21.4126 62.4615 8
      vertex 21.4177 60.1733 8
    endloop
  endfacet
  facet normal -0 0 1
    outer loop
      vertex 20.8353 62.3467 8
      vertex 21.4177 60.1733 8
      vertex 21.4126 62.4615 8
    endloop
  endfacet
  facet normal 0 0 1
    outer loop
      vertex 21.4177 60.1733 8
      vertex 20.8353 62.3467 8
      vertex 21.139 60.0787 8
    endloop
  endfacet
  facet normal -0 0 1
    outer loop
      vertex 20.2779 62.1575 8
      vertex 21.139 60.0787 8
      vertex 20.8353 62.3467 8
    endloop
  endfacet
  facet normal 0 0 1
    outer loop
      vertex 21.139 60.0787 8
      vertex 20.2779 62.1575 8
      vertex 20.875 59.9486 8
    endloop
  endfacet
  facet normal -0 0 1
    outer loop
      vertex 19.75 61.8971 8
      vertex 20.875 59.9486 8
      vertex 20.2779 62.1575 8
    endloop
  endfacet
  facet normal 0 0 1
    outer loop
      vertex 20.875 59.9486 8
      vertex 19.75 61.8971 8
      vertex 20.6303 59.785 8
    endloop
  endfacet
  facet normal -0 0 1
    outer loop
      vertex 19.2606 61.5701 8
      vertex 20.6303 59.785 8
      vertex 19.75 61.8971 8
    endloop
  endfacet
  facet normal 0 0 1
    outer loop
      vertex 20.6303 59.785 8
      vertex 19.2606 61.5701 8
      vertex 20.409 59.591 8
    endloop
  endfacet
  facet normal -0 0 1
    outer loop
      vertex 18.818 61.182 8
      vertex 20.409 59.591 8
      vertex 19.2606 61.5701 8
    endloop
  endfacet
  facet normal 0 0 1
    outer loop
      vertex 20.409 59.591 8
      vertex 18.818 61.182 8
      vertex 20.215 59.3697 8
    endloop
  endfacet
  facet normal -0 0 1
    outer loop
      vertex 18.4299 60.7394 8
      vertex 20.215 59.3697 8
      vertex 18.818 61.182 8
    endloop
  endfacet
  facet normal 0 0 1
    outer loop
      vertex 20.215 59.3697 8
      vertex 18.4299 60.7394 8
      vertex 20.0514 59.125 8
    endloop
  endfacet
  facet normal -0 0 1
    outer loop
      vertex 18.1029 60.25 8
      vertex 20.0514 59.125 8
      vertex 18.4299 60.7394 8
    endloop
  endfacet
  facet normal 0 0 1
    outer loop
      vertex 20.0514 59.125 8
      vertex 18.1029 60.25 8
      vertex 19.9213 58.861 8
    endloop
  endfacet
  facet normal -0 0 1
    outer loop
      vertex 17.8425 59.7221 8
      vertex 19.9213 58.861 8
      vertex 18.1029 60.25 8
    endloop
  endfacet
  facet normal 0 0 1
    outer loop
      vertex 19.75 58 8
      vertex 19.2606 54.4299 8
      vertex 19.75 54.1029 8
    endloop
  endfacet
  facet normal 0 0 1
    outer loop
      vertex 19.9213 58.861 8
      vertex 17.8425 59.7221 8
      vertex 19.8267 58.5823 8
    endloop
  endfacet
  facet normal 0 0 1
    outer loop
      vertex 19.75 58 8
      vertex 18.818 54.818 8
      vertex 19.2606 54.4299 8
    endloop
  endfacet
  facet normal -0 0 1
    outer loop
      vertex 17.6533 59.1647 8
      vertex 19.8267 58.5823 8
      vertex 17.8425 59.7221 8
    endloop
  endfacet
  facet normal 0 0 1
    outer loop
      vertex 19.75 58 8
      vertex 18.4299 55.2606 8
      vertex 18.818 54.818 8
    endloop
  endfacet
  facet normal 0 0 1
    outer loop
      vertex 19.8267 58.5823 8
      vertex 17.6533 59.1647 8
      vertex 19.7692 58.2937 8
    endloop
  endfacet
  facet normal 0 0 1
    outer loop
      vertex 19.75 58 8
      vertex 18.1029 55.75 8
      vertex 18.4299 55.2606 8
    endloop
  endfacet
  facet normal -0 0 1
    outer loop
      vertex 17.5385 58.5874 8
      vertex 19.7692 58.2937 8
      vertex 17.6533 59.1647 8
    endloop
  endfacet
  facet normal 0 0 1
    outer loop
      vertex 19.75 58 8
      vertex 17.8425 56.2779 8
      vertex 18.1029 55.75 8
    endloop
  endfacet
  facet normal 0 0 1
    outer loop
      vertex 19.7692 58.2937 8
      vertex 17.5385 58.5874 8
      vertex 19.75 58 8
    endloop
  endfacet
  facet normal 0 0 1
    outer loop
      vertex 19.75 58 8
      vertex 17.6533 56.8353 8
      vertex 17.8425 56.2779 8
    endloop
  endfacet
  facet normal 0 0 1
    outer loop
      vertex 17.5 58 8
      vertex 19.75 58 8
      vertex 17.5385 58.5874 8
    endloop
  endfacet
  facet normal 0 0 1
    outer loop
      vertex 19.75 58 8
      vertex 17.5385 57.4126 8
      vertex 17.6533 56.8353 8
    endloop
  endfacet
  facet normal 0 0 1
    outer loop
      vertex 19.75 58 8
      vertex 17.5 58 8
      vertex 17.5385 57.4126 8
    endloop
  endfacet
  facet normal 0 0 1
    outer loop
      vertex 24.25 58 8
      vertex 26.5 58 8
      vertex 26.4615 58.5874 8
    endloop
  endfacet
  facet normal 0 0 1
    outer loop
      vertex 24.2308 58.2937 8
      vertex 26.4615 58.5874 8
      vertex 26.3467 59.1647 8
    endloop
  endfacet
  facet normal 0 0 1
    outer loop
      vertex 26.5 58 8
      vertex 24.25 58 8
      vertex 26.4615 57.4126 8
    endloop
  endfacet
  facet normal 0 0 1
    outer loop
      vertex 24.2308 58.2937 8
      vertex 26.3467 59.1647 8
      vertex 26.1575 59.7221 8
    endloop
  endfacet
  facet normal -0 0 1
    outer loop
      vertex 24.2308 57.7063 8
      vertex 26.4615 57.4126 8
      vertex 24.25 58 8
    endloop
  endfacet
  facet normal 0 0 1
    outer loop
      vertex 24.2308 58.2937 8
      vertex 26.1575 59.7221 8
      vertex 25.8971 60.25 8
    endloop
  endfacet
  facet normal 0 0 1
    outer loop
      vertex 26.4615 57.4126 8
      vertex 24.2308 57.7063 8
      vertex 26.3467 56.8353 8
    endloop
  endfacet
  facet normal 0 0 1
    outer loop
      vertex 24.2308 58.2937 8
      vertex 25.8971 60.25 8
      vertex 25.5701 60.7394 8
    endloop
  endfacet
  facet normal -0 0 1
    outer loop
      vertex 24.1733 57.4177 8
      vertex 26.3467 56.8353 8
      vertex 24.2308 57.7063 8
    endloop
  endfacet
  facet normal 0 0 1
    outer loop
      vertex 24.2308 58.2937 8
      vertex 25.5701 60.7394 8
      vertex 25.182 61.182 8
    endloop
  endfacet
  facet normal 0 0 1
    outer loop
      vertex 26.3467 56.8353 8
      vertex 24.1733 57.4177 8
      vertex 26.1575 56.2779 8
    endloop
  endfacet
  facet normal 0 0 1
    outer loop
      vertex 24.2308 58.2937 8
      vertex 25.182 61.182 8
      vertex 24.7394 61.5701 8
    endloop
  endfacet
  facet normal -0 0 1
    outer loop
      vertex 24.0787 57.139 8
      vertex 26.1575 56.2779 8
      vertex 24.1733 57.4177 8
    endloop
  endfacet
  facet normal 0 0 1
    outer loop
      vertex 23.3697 59.785 8
      vertex 24.7394 61.5701 8
      vertex 24.25 61.8971 8
    endloop
  endfacet
  facet normal 0 0 1
    outer loop
      vertex 26.1575 56.2779 8
      vertex 24.0787 57.139 8
      vertex 25.8971 55.75 8
    endloop
  endfacet
  facet normal -0 0 1
    outer loop
      vertex 23.9486 56.875 8
      vertex 25.8971 55.75 8
      vertex 24.0787 57.139 8
    endloop
  endfacet
  facet normal 0 0 1
    outer loop
      vertex 25.8971 55.75 8
      vertex 23.9486 56.875 8
      vertex 25.5701 55.2606 8
    endloop
  endfacet
  facet normal -0 0 1
    outer loop
      vertex 23.785 56.6303 8
      vertex 25.5701 55.2606 8
      vertex 23.9486 56.875 8
    endloop
  endfacet
  facet normal 0 0 1
    outer loop
      vertex 25.5701 55.2606 8
      vertex 23.785 56.6303 8
      vertex 25.182 54.818 8
    endloop
  endfacet
  facet normal -0 0 1
    outer loop
      vertex 23.591 56.409 8
      vertex 25.182 54.818 8
      vertex 23.785 56.6303 8
    endloop
  endfacet
  facet normal 0 0 1
    outer loop
      vertex 25.182 54.818 8
      vertex 23.591 56.409 8
      vertex 24.7394 54.4299 8
    endloop
  endfacet
  facet normal -0 0 1
    outer loop
      vertex 23.3697 56.215 8
      vertex 24.7394 54.4299 8
      vertex 23.591 56.409 8
    endloop
  endfacet
  facet normal 0 0 1
    outer loop
      vertex 24.7394 54.4299 8
      vertex 23.3697 56.215 8
      vertex 24.25 54.1029 8
    endloop
  endfacet
  facet normal -0 0 1
    outer loop
      vertex 23.125 56.0514 8
      vertex 24.25 54.1029 8
      vertex 23.3697 56.215 8
    endloop
  endfacet
  facet normal 0 0 1
    outer loop
      vertex 24.25 54.1029 8
      vertex 23.125 56.0514 8
      vertex 23.7221 53.8425 8
    endloop
  endfacet
  facet normal -0 0 1
    outer loop
      vertex 22.861 55.9213 8
      vertex 23.7221 53.8425 8
      vertex 23.125 56.0514 8
    endloop
  endfacet
  facet normal 0 0 1
    outer loop
      vertex 23.7221 53.8425 8
      vertex 22.861 55.9213 8
      vertex 23.1647 53.6533 8
    endloop
  endfacet
  facet normal -0 0 1
    outer loop
      vertex 22.5823 55.8267 8
      vertex 23.1647 53.6533 8
      vertex 22.861 55.9213 8
    endloop
  endfacet
  facet normal 0 0 1
    outer loop
      vertex 23.1647 53.6533 8
      vertex 22.5823 55.8267 8
      vertex 22.5874 53.5385 8
    endloop
  endfacet
  facet normal -0 0 1
    outer loop
      vertex 22.2937 55.7692 8
      vertex 22.5874 53.5385 8
      vertex 22.5823 55.8267 8
    endloop
  endfacet
  facet normal -0 0 1
    outer loop
      vertex 22 55.75 8
      vertex 22.5874 53.5385 8
      vertex 22.2937 55.7692 8
    endloop
  endfacet
  facet normal 0 0 1
    outer loop
      vertex 22 55.75 8
      vertex 22 53.5 8
      vertex 22.5874 53.5385 8
    endloop
  endfacet
  facet normal 0 0 1
    outer loop
      vertex 21.7063 55.7692 8
      vertex 22 53.5 8
      vertex 22 55.75 8
    endloop
  endfacet
  facet normal 0 0 1
    outer loop
      vertex 21.4126 53.5385 8
      vertex 21.7063 55.7692 8
      vertex 21.4177 55.8267 8
    endloop
  endfacet
  facet normal 0 0 1
    outer loop
      vertex 21.7063 55.7692 8
      vertex 21.4126 53.5385 8
      vertex 22 53.5 8
    endloop
  endfacet
  facet normal 0 0 1
    outer loop
      vertex 20.8353 53.6533 8
      vertex 21.4177 55.8267 8
      vertex 21.139 55.9213 8
    endloop
  endfacet
  facet normal 0 0 1
    outer loop
      vertex 20.2779 53.8425 8
      vertex 21.139 55.9213 8
      vertex 20.875 56.0514 8
    endloop
  endfacet
  facet normal 0 0 1
    outer loop
      vertex 21.4177 55.8267 8
      vertex 20.8353 53.6533 8
      vertex 21.4126 53.5385 8
    endloop
  endfacet
  facet normal 0 0 1
    outer loop
      vertex 19.75 54.1029 8
      vertex 20.875 56.0514 8
      vertex 20.6303 56.215 8
    endloop
  endfacet
  facet normal 0 0 1
    outer loop
      vertex 19.75 54.1029 8
      vertex 20.6303 56.215 8
      vertex 20.409 56.409 8
    endloop
  endfacet
  facet normal 0 0 1
    outer loop
      vertex 21.139 55.9213 8
      vertex 20.2779 53.8425 8
      vertex 20.8353 53.6533 8
    endloop
  endfacet
  facet normal 0 0 1
    outer loop
      vertex 19.75 54.1029 8
      vertex 20.409 56.409 8
      vertex 20.215 56.6303 8
    endloop
  endfacet
  facet normal 0 0 1
    outer loop
      vertex 19.75 54.1029 8
      vertex 20.215 56.6303 8
      vertex 20.0514 56.875 8
    endloop
  endfacet
  facet normal 0 0 1
    outer loop
      vertex 19.75 54.1029 8
      vertex 20.0514 56.875 8
      vertex 19.9213 57.139 8
    endloop
  endfacet
  facet normal 0 0 1
    outer loop
      vertex 19.75 54.1029 8
      vertex 19.9213 57.139 8
      vertex 19.8267 57.4177 8
    endloop
  endfacet
  facet normal 0 0 1
    outer loop
      vertex 19.75 54.1029 8
      vertex 19.8267 57.4177 8
      vertex 19.7692 57.7063 8
    endloop
  endfacet
  facet normal 0 0 1
    outer loop
      vertex 20.875 56.0514 8
      vertex 19.75 54.1029 8
      vertex 20.2779 53.8425 8
    endloop
  endfacet
  facet normal 0 0 1
    outer loop
      vertex 19.75 54.1029 8
      vertex 19.7692 57.7063 8
      vertex 19.75 58 8
    endloop
  endfacet
  facet normal 0.831475 0.555562 0
    outer loop
      vertex 25.8971 60.25 8
      vertex 25.5701 60.7394 6
      vertex 25.5701 60.7394 8
    endloop
  endfacet
  facet normal 0.831475 0.555562 0
    outer loop
      vertex 25.5701 60.7394 6
      vertex 25.8971 60.25 8
      vertex 25.8971 60.25 6
    endloop
  endfacet
  facet normal 0.555562 0.831475 -0
    outer loop
      vertex 24.7394 61.5701 6
      vertex 24.25 61.8971 8
      vertex 24.7394 61.5701 8
    endloop
  endfacet
  facet normal 0.555562 0.831475 0
    outer loop
      vertex 24.25 61.8971 8
      vertex 24.7394 61.5701 6
      vertex 24.25 61.8971 6
    endloop
  endfacet
  facet normal 0.896827 -0.442382 0
    outer loop
      vertex 25.8971 55.75 8
      vertex 26.1575 56.2779 6
      vertex 26.1575 56.2779 8
    endloop
  endfacet
  facet normal 0.896827 -0.442382 0
    outer loop
      vertex 26.1575 56.2779 6
      vertex 25.8971 55.75 8
      vertex 25.8971 55.75 6
    endloop
  endfacet
  facet normal 0.997859 -0.0654027 0
    outer loop
      vertex 26.4615 57.4126 8
      vertex 26.5 58 6
      vertex 26.5 58 8
    endloop
  endfacet
  facet normal 0.997859 -0.0654027 0
    outer loop
      vertex 26.5 58 6
      vertex 26.4615 57.4126 8
      vertex 26.4615 57.4126 6
    endloop
  endfacet
  facet normal 0.321421 0.946936 -0
    outer loop
      vertex 23.7221 62.1575 6
      vertex 23.1647 62.3467 8
      vertex 23.7221 62.1575 8
    endloop
  endfacet
  facet normal 0.321421 0.946936 0
    outer loop
      vertex 23.1647 62.3467 8
      vertex 23.7221 62.1575 6
      vertex 23.1647 62.3467 6
    endloop
  endfacet
  facet normal -0.896827 0.442382 0
    outer loop
      vertex 17.8425 59.7221 6
      vertex 18.1029 60.25 8
      vertex 18.1029 60.25 6
    endloop
  endfacet
  facet normal -0.896827 0.442382 0
    outer loop
      vertex 18.1029 60.25 8
      vertex 17.8425 59.7221 6
      vertex 17.8425 59.7221 8
    endloop
  endfacet
  facet normal -0.659298 0.751882 0
    outer loop
      vertex 19.2606 61.5701 6
      vertex 18.818 61.182 8
      vertex 19.2606 61.5701 8
    endloop
  endfacet
  facet normal -0.659298 0.751882 0
    outer loop
      vertex 18.818 61.182 8
      vertex 19.2606 61.5701 6
      vertex 18.818 61.182 6
    endloop
  endfacet
  facet normal 0.321421 -0.946936 0
    outer loop
      vertex 23.1647 53.6533 6
      vertex 23.7221 53.8425 8
      vertex 23.1647 53.6533 8
    endloop
  endfacet
  facet normal 0.321421 -0.946936 0
    outer loop
      vertex 23.7221 53.8425 8
      vertex 23.1647 53.6533 6
      vertex 23.7221 53.8425 6
    endloop
  endfacet
  facet normal -0.997859 -0.0654027 0
    outer loop
      vertex 17.5385 57.4126 6
      vertex 17.5 58 8
      vertex 17.5 58 6
    endloop
  endfacet
  facet normal -0.997859 -0.0654027 0
    outer loop
      vertex 17.5 58 8
      vertex 17.5385 57.4126 6
      vertex 17.5385 57.4126 8
    endloop
  endfacet
  facet normal -0.659298 -0.751882 0
    outer loop
      vertex 18.818 54.818 6
      vertex 19.2606 54.4299 8
      vertex 18.818 54.818 8
    endloop
  endfacet
  facet normal -0.659298 -0.751882 -0
    outer loop
      vertex 19.2606 54.4299 8
      vertex 18.818 54.818 6
      vertex 19.2606 54.4299 6
    endloop
  endfacet
  facet normal -0.321421 0.946936 0
    outer loop
      vertex 20.8353 62.3467 6
      vertex 20.2779 62.1575 8
      vertex 20.8353 62.3467 8
    endloop
  endfacet
  facet normal -0.321421 0.946936 0
    outer loop
      vertex 20.2779 62.1575 8
      vertex 20.8353 62.3467 6
      vertex 20.2779 62.1575 6
    endloop
  endfacet
  facet normal -0.831475 -0.555562 0
    outer loop
      vertex 18.4299 55.2606 6
      vertex 18.1029 55.75 8
      vertex 18.1029 55.75 6
    endloop
  endfacet
  facet normal -0.831475 -0.555562 0
    outer loop
      vertex 18.1029 55.75 8
      vertex 18.4299 55.2606 6
      vertex 18.4299 55.2606 8
    endloop
  endfacet
  facet normal -0.555562 0.831475 0
    outer loop
      vertex 19.75 61.8971 6
      vertex 19.2606 61.5701 8
      vertex 19.75 61.8971 8
    endloop
  endfacet
  facet normal -0.555562 0.831475 0
    outer loop
      vertex 19.2606 61.5701 8
      vertex 19.75 61.8971 6
      vertex 19.2606 61.5701 6
    endloop
  endfacet
  facet normal -0.997859 0.0654027 0
    outer loop
      vertex 17.5 58 6
      vertex 17.5385 58.5874 8
      vertex 17.5385 58.5874 6
    endloop
  endfacet
  facet normal -0.997859 0.0654027 0
    outer loop
      vertex 17.5385 58.5874 8
      vertex 17.5 58 6
      vertex 17.5 58 8
    endloop
  endfacet
  facet normal 0.195038 0.980796 -0
    outer loop
      vertex 23.1647 62.3467 6
      vertex 22.5874 62.4615 8
      vertex 23.1647 62.3467 8
    endloop
  endfacet
  facet normal 0.195038 0.980796 0
    outer loop
      vertex 22.5874 62.4615 8
      vertex 23.1647 62.3467 6
      vertex 22.5874 62.4615 6
    endloop
  endfacet
  facet normal -0.442382 0.896827 0
    outer loop
      vertex 20.2779 62.1575 6
      vertex 19.75 61.8971 8
      vertex 20.2779 62.1575 8
    endloop
  endfacet
  facet normal -0.442382 0.896827 0
    outer loop
      vertex 19.75 61.8971 8
      vertex 20.2779 62.1575 6
      vertex 19.75 61.8971 6
    endloop
  endfacet
  facet normal 0.0654027 -0.997859 0
    outer loop
      vertex 22 53.5 6
      vertex 22.5874 53.5385 8
      vertex 22 53.5 8
    endloop
  endfacet
  facet normal 0.0654027 -0.997859 0
    outer loop
      vertex 22.5874 53.5385 8
      vertex 22 53.5 6
      vertex 22.5874 53.5385 6
    endloop
  endfacet
  facet normal 0.659298 -0.751882 0
    outer loop
      vertex 24.7394 54.4299 6
      vertex 25.182 54.818 8
      vertex 24.7394 54.4299 8
    endloop
  endfacet
  facet normal 0.659298 -0.751882 0
    outer loop
      vertex 25.182 54.818 8
      vertex 24.7394 54.4299 6
      vertex 25.182 54.818 6
    endloop
  endfacet
  facet normal -0.946936 -0.321421 0
    outer loop
      vertex 17.8425 56.2779 6
      vertex 17.6533 56.8353 8
      vertex 17.6533 56.8353 6
    endloop
  endfacet
  facet normal -0.946936 -0.321421 0
    outer loop
      vertex 17.6533 56.8353 8
      vertex 17.8425 56.2779 6
      vertex 17.8425 56.2779 8
    endloop
  endfacet
  facet normal 0.946936 -0.321421 0
    outer loop
      vertex 26.1575 56.2779 8
      vertex 26.3467 56.8353 6
      vertex 26.3467 56.8353 8
    endloop
  endfacet
  facet normal 0.946936 -0.321421 0
    outer loop
      vertex 26.3467 56.8353 6
      vertex 26.1575 56.2779 8
      vertex 26.1575 56.2779 6
    endloop
  endfacet
  facet normal 0.442382 0.896827 -0
    outer loop
      vertex 24.25 61.8971 6
      vertex 23.7221 62.1575 8
      vertex 24.25 61.8971 8
    endloop
  endfacet
  facet normal 0.442382 0.896827 0
    outer loop
      vertex 23.7221 62.1575 8
      vertex 24.25 61.8971 6
      vertex 23.7221 62.1575 6
    endloop
  endfacet
  facet normal -0.195038 0.980796 0
    outer loop
      vertex 21.4126 62.4615 6
      vertex 20.8353 62.3467 8
      vertex 21.4126 62.4615 8
    endloop
  endfacet
  facet normal -0.195038 0.980796 0
    outer loop
      vertex 20.8353 62.3467 8
      vertex 21.4126 62.4615 6
      vertex 20.8353 62.3467 6
    endloop
  endfacet
  facet normal 0.751882 0.659298 0
    outer loop
      vertex 25.5701 60.7394 8
      vertex 25.182 61.182 6
      vertex 25.182 61.182 8
    endloop
  endfacet
  facet normal 0.751882 0.659298 0
    outer loop
      vertex 25.182 61.182 6
      vertex 25.5701 60.7394 8
      vertex 25.5701 60.7394 6
    endloop
  endfacet
  facet normal 0.751882 -0.659298 0
    outer loop
      vertex 25.182 54.818 8
      vertex 25.5701 55.2606 6
      vertex 25.5701 55.2606 8
    endloop
  endfacet
  facet normal 0.751882 -0.659298 0
    outer loop
      vertex 25.5701 55.2606 6
      vertex 25.182 54.818 8
      vertex 25.182 54.818 6
    endloop
  endfacet
  facet normal -0.442382 -0.896827 0
    outer loop
      vertex 19.75 54.1029 6
      vertex 20.2779 53.8425 8
      vertex 19.75 54.1029 8
    endloop
  endfacet
  facet normal -0.442382 -0.896827 -0
    outer loop
      vertex 20.2779 53.8425 8
      vertex 19.75 54.1029 6
      vertex 20.2779 53.8425 6
    endloop
  endfacet
  facet normal -0.946936 0.321421 0
    outer loop
      vertex 17.6533 59.1647 6
      vertex 17.8425 59.7221 8
      vertex 17.8425 59.7221 6
    endloop
  endfacet
  facet normal -0.946936 0.321421 0
    outer loop
      vertex 17.8425 59.7221 8
      vertex 17.6533 59.1647 6
      vertex 17.6533 59.1647 8
    endloop
  endfacet
  facet normal 0.195038 -0.980796 0
    outer loop
      vertex 22.5874 53.5385 6
      vertex 23.1647 53.6533 8
      vertex 22.5874 53.5385 8
    endloop
  endfacet
  facet normal 0.195038 -0.980796 0
    outer loop
      vertex 23.1647 53.6533 8
      vertex 22.5874 53.5385 6
      vertex 23.1647 53.6533 6
    endloop
  endfacet
  facet normal 0.442382 -0.896827 0
    outer loop
      vertex 23.7221 53.8425 6
      vertex 24.25 54.1029 8
      vertex 23.7221 53.8425 8
    endloop
  endfacet
  facet normal 0.442382 -0.896827 0
    outer loop
      vertex 24.25 54.1029 8
      vertex 23.7221 53.8425 6
      vertex 24.25 54.1029 6
    endloop
  endfacet
  facet normal -0.751882 0.659298 0
    outer loop
      vertex 18.4299 60.7394 6
      vertex 18.818 61.182 8
      vertex 18.818 61.182 6
    endloop
  endfacet
  facet normal -0.751882 0.659298 0
    outer loop
      vertex 18.818 61.182 8
      vertex 18.4299 60.7394 6
      vertex 18.4299 60.7394 8
    endloop
  endfacet
  facet normal 0.659298 0.751882 -0
    outer loop
      vertex 25.182 61.182 6
      vertex 24.7394 61.5701 8
      vertex 25.182 61.182 8
    endloop
  endfacet
  facet normal 0.659298 0.751882 0
    outer loop
      vertex 24.7394 61.5701 8
      vertex 25.182 61.182 6
      vertex 24.7394 61.5701 6
    endloop
  endfacet
  facet normal -0.896827 -0.442382 0
    outer loop
      vertex 18.1029 55.75 6
      vertex 17.8425 56.2779 8
      vertex 17.8425 56.2779 6
    endloop
  endfacet
  facet normal -0.896827 -0.442382 0
    outer loop
      vertex 17.8425 56.2779 8
      vertex 18.1029 55.75 6
      vertex 18.1029 55.75 8
    endloop
  endfacet
  facet normal 0.831475 -0.555562 0
    outer loop
      vertex 25.5701 55.2606 8
      vertex 25.8971 55.75 6
      vertex 25.8971 55.75 8
    endloop
  endfacet
  facet normal 0.831475 -0.555562 0
    outer loop
      vertex 25.8971 55.75 6
      vertex 25.5701 55.2606 8
      vertex 25.5701 55.2606 6
    endloop
  endfacet
  facet normal 0.896827 0.442382 0
    outer loop
      vertex 26.1575 59.7221 8
      vertex 25.8971 60.25 6
      vertex 25.8971 60.25 8
    endloop
  endfacet
  facet normal 0.896827 0.442382 0
    outer loop
      vertex 25.8971 60.25 6
      vertex 26.1575 59.7221 8
      vertex 26.1575 59.7221 6
    endloop
  endfacet
  facet normal -0.0654027 -0.997859 0
    outer loop
      vertex 21.4126 53.5385 6
      vertex 22 53.5 8
      vertex 21.4126 53.5385 8
    endloop
  endfacet
  facet normal -0.0654027 -0.997859 -0
    outer loop
      vertex 22 53.5 8
      vertex 21.4126 53.5385 6
      vertex 22 53.5 6
    endloop
  endfacet
  facet normal 0.0654027 0.997859 -0
    outer loop
      vertex 22.5874 62.4615 6
      vertex 22 62.5 8
      vertex 22.5874 62.4615 8
    endloop
  endfacet
  facet normal 0.0654027 0.997859 0
    outer loop
      vertex 22 62.5 8
      vertex 22.5874 62.4615 6
      vertex 22 62.5 6
    endloop
  endfacet
  facet normal -0.555562 -0.831475 0
    outer loop
      vertex 19.2606 54.4299 6
      vertex 19.75 54.1029 8
      vertex 19.2606 54.4299 8
    endloop
  endfacet
  facet normal -0.555562 -0.831475 -0
    outer loop
      vertex 19.75 54.1029 8
      vertex 19.2606 54.4299 6
      vertex 19.75 54.1029 6
    endloop
  endfacet
  facet normal 0.555562 -0.831475 0
    outer loop
      vertex 24.25 54.1029 6
      vertex 24.7394 54.4299 8
      vertex 24.25 54.1029 8
    endloop
  endfacet
  facet normal 0.555562 -0.831475 0
    outer loop
      vertex 24.7394 54.4299 8
      vertex 24.25 54.1029 6
      vertex 24.7394 54.4299 6
    endloop
  endfacet
  facet normal 0.946936 0.321421 0
    outer loop
      vertex 26.3467 59.1647 8
      vertex 26.1575 59.7221 6
      vertex 26.1575 59.7221 8
    endloop
  endfacet
  facet normal 0.946936 0.321421 0
    outer loop
      vertex 26.1575 59.7221 6
      vertex 26.3467 59.1647 8
      vertex 26.3467 59.1647 6
    endloop
  endfacet
  facet normal -0.980796 0.195038 0
    outer loop
      vertex 17.5385 58.5874 6
      vertex 17.6533 59.1647 8
      vertex 17.6533 59.1647 6
    endloop
  endfacet
  facet normal -0.980796 0.195038 0
    outer loop
      vertex 17.6533 59.1647 8
      vertex 17.5385 58.5874 6
      vertex 17.5385 58.5874 8
    endloop
  endfacet
  facet normal -0.0654027 0.997859 0
    outer loop
      vertex 22 62.5 6
      vertex 21.4126 62.4615 8
      vertex 22 62.5 8
    endloop
  endfacet
  facet normal -0.0654027 0.997859 0
    outer loop
      vertex 21.4126 62.4615 8
      vertex 22 62.5 6
      vertex 21.4126 62.4615 6
    endloop
  endfacet
  facet normal -0.321421 -0.946936 0
    outer loop
      vertex 20.2779 53.8425 6
      vertex 20.8353 53.6533 8
      vertex 20.2779 53.8425 8
    endloop
  endfacet
  facet normal -0.321421 -0.946936 -0
    outer loop
      vertex 20.8353 53.6533 8
      vertex 20.2779 53.8425 6
      vertex 20.8353 53.6533 6
    endloop
  endfacet
  facet normal -0.980796 -0.195038 0
    outer loop
      vertex 17.6533 56.8353 6
      vertex 17.5385 57.4126 8
      vertex 17.5385 57.4126 6
    endloop
  endfacet
  facet normal -0.980796 -0.195038 0
    outer loop
      vertex 17.5385 57.4126 8
      vertex 17.6533 56.8353 6
      vertex 17.6533 56.8353 8
    endloop
  endfacet
  facet normal -0.751882 -0.659298 0
    outer loop
      vertex 18.818 54.818 6
      vertex 18.4299 55.2606 8
      vertex 18.4299 55.2606 6
    endloop
  endfacet
  facet normal -0.751882 -0.659298 0
    outer loop
      vertex 18.4299 55.2606 8
      vertex 18.818 54.818 6
      vertex 18.818 54.818 8
    endloop
  endfacet
  facet normal -0.195038 -0.980796 0
    outer loop
      vertex 20.8353 53.6533 6
      vertex 21.4126 53.5385 8
      vertex 20.8353 53.6533 8
    endloop
  endfacet
  facet normal -0.195038 -0.980796 -0
    outer loop
      vertex 21.4126 53.5385 8
      vertex 20.8353 53.6533 6
      vertex 21.4126 53.5385 6
    endloop
  endfacet
  facet normal -0.831475 0.555562 0
    outer loop
      vertex 18.1029 60.25 6
      vertex 18.4299 60.7394 8
      vertex 18.4299 60.7394 6
    endloop
  endfacet
  facet normal -0.831475 0.555562 0
    outer loop
      vertex 18.4299 60.7394 8
      vertex 18.1029 60.25 6
      vertex 18.1029 60.25 8
    endloop
  endfacet
  facet normal -0.980724 -0.195397 0
    outer loop
      vertex 24.2308 58.2937 0
      vertex 24.1733 58.5823 8
      vertex 24.1733 58.5823 0
    endloop
  endfacet
  facet normal -0.980724 -0.195397 0
    outer loop
      vertex 24.1733 58.5823 8
      vertex 24.2308 58.2937 0
      vertex 24.2308 58.2937 8
    endloop
  endfacet
  facet normal -0.751966 0.659202 0
    outer loop
      vertex 23.591 56.409 0
      vertex 23.785 56.6303 8
      vertex 23.785 56.6303 0
    endloop
  endfacet
  facet normal -0.751966 0.659202 0
    outer loop
      vertex 23.785 56.6303 8
      vertex 23.591 56.409 0
      vertex 23.591 56.409 8
    endloop
  endfacet
  facet normal -0.195397 -0.980724 0
    outer loop
      vertex 22.2937 60.2308 0
      vertex 22.5823 60.1733 8
      vertex 22.2937 60.2308 8
    endloop
  endfacet
  facet normal -0.195397 -0.980724 -0
    outer loop
      vertex 22.5823 60.1733 8
      vertex 22.2937 60.2308 0
      vertex 22.5823 60.1733 0
    endloop
  endfacet
  facet normal 0.659202 -0.751966 0
    outer loop
      vertex 20.409 59.591 0
      vertex 20.6303 59.785 8
      vertex 20.409 59.591 8
    endloop
  endfacet
  facet normal 0.659202 -0.751966 0
    outer loop
      vertex 20.6303 59.785 8
      vertex 20.409 59.591 0
      vertex 20.6303 59.785 0
    endloop
  endfacet
  facet normal -0.442042 0.896995 0
    outer loop
      vertex 23.125 56.0514 0
      vertex 22.861 55.9213 8
      vertex 23.125 56.0514 8
    endloop
  endfacet
  facet normal -0.442042 0.896995 0
    outer loop
      vertex 22.861 55.9213 8
      vertex 23.125 56.0514 0
      vertex 22.861 55.9213 0
    endloop
  endfacet
  facet normal -0.751966 -0.659202 0
    outer loop
      vertex 23.785 59.3697 0
      vertex 23.591 59.591 8
      vertex 23.591 59.591 0
    endloop
  endfacet
  facet normal -0.751966 -0.659202 0
    outer loop
      vertex 23.591 59.591 8
      vertex 23.785 59.3697 0
      vertex 23.785 59.3697 8
    endloop
  endfacet
  facet normal 0.831318 -0.555797 0
    outer loop
      vertex 20.0514 59.125 8
      vertex 20.215 59.3697 0
      vertex 20.215 59.3697 8
    endloop
  endfacet
  facet normal 0.831318 -0.555797 0
    outer loop
      vertex 20.215 59.3697 0
      vertex 20.0514 59.125 8
      vertex 20.0514 59.125 0
    endloop
  endfacet
  facet normal 0.946936 -0.321421 0
    outer loop
      vertex 19.8267 58.5823 8
      vertex 19.9213 58.861 0
      vertex 19.9213 58.861 8
    endloop
  endfacet
  facet normal 0.946936 -0.321421 0
    outer loop
      vertex 19.9213 58.861 0
      vertex 19.8267 58.5823 8
      vertex 19.8267 58.5823 0
    endloop
  endfacet
  facet normal -0.896995 -0.442042 0
    outer loop
      vertex 24.0787 58.861 0
      vertex 23.9486 59.125 8
      vertex 23.9486 59.125 0
    endloop
  endfacet
  facet normal -0.896995 -0.442042 0
    outer loop
      vertex 23.9486 59.125 8
      vertex 24.0787 58.861 0
      vertex 24.0787 58.861 8
    endloop
  endfacet
  facet normal 0.442042 -0.896995 0
    outer loop
      vertex 20.875 59.9486 0
      vertex 21.139 60.0787 8
      vertex 20.875 59.9486 8
    endloop
  endfacet
  facet normal 0.442042 -0.896995 0
    outer loop
      vertex 21.139 60.0787 8
      vertex 20.875 59.9486 0
      vertex 21.139 60.0787 0
    endloop
  endfacet
  facet normal 0.980724 0.195397 0
    outer loop
      vertex 19.8267 57.4177 8
      vertex 19.7692 57.7063 0
      vertex 19.7692 57.7063 8
    endloop
  endfacet
  facet normal 0.980724 0.195397 0
    outer loop
      vertex 19.7692 57.7063 0
      vertex 19.8267 57.4177 8
      vertex 19.8267 57.4177 0
    endloop
  endfacet
  facet normal 0.831318 0.555797 0
    outer loop
      vertex 20.215 56.6303 8
      vertex 20.0514 56.875 0
      vertex 20.0514 56.875 8
    endloop
  endfacet
  facet normal 0.831318 0.555797 0
    outer loop
      vertex 20.0514 56.875 0
      vertex 20.215 56.6303 8
      vertex 20.215 56.6303 0
    endloop
  endfacet
  facet normal -0.896995 0.442042 0
    outer loop
      vertex 23.9486 56.875 0
      vertex 24.0787 57.139 8
      vertex 24.0787 57.139 0
    endloop
  endfacet
  facet normal -0.896995 0.442042 0
    outer loop
      vertex 24.0787 57.139 8
      vertex 23.9486 56.875 0
      vertex 23.9486 56.875 8
    endloop
  endfacet
  facet normal -0.99787 -0.0652336 0
    outer loop
      vertex 24.25 58 0
      vertex 24.2308 58.2937 8
      vertex 24.2308 58.2937 0
    endloop
  endfacet
  facet normal -0.99787 -0.0652336 0
    outer loop
      vertex 24.2308 58.2937 8
      vertex 24.25 58 0
      vertex 24.25 58 8
    endloop
  endfacet
  facet normal 0.555797 0.831318 -0
    outer loop
      vertex 20.875 56.0514 0
      vertex 20.6303 56.215 8
      vertex 20.875 56.0514 8
    endloop
  endfacet
  facet normal 0.555797 0.831318 0
    outer loop
      vertex 20.6303 56.215 8
      vertex 20.875 56.0514 0
      vertex 20.6303 56.215 0
    endloop
  endfacet
  facet normal 0.442042 0.896995 -0
    outer loop
      vertex 21.139 55.9213 0
      vertex 20.875 56.0514 8
      vertex 21.139 55.9213 8
    endloop
  endfacet
  facet normal 0.442042 0.896995 0
    outer loop
      vertex 20.875 56.0514 8
      vertex 21.139 55.9213 0
      vertex 20.875 56.0514 0
    endloop
  endfacet
  facet normal -0.946936 -0.321421 0
    outer loop
      vertex 24.1733 58.5823 0
      vertex 24.0787 58.861 8
      vertex 24.0787 58.861 0
    endloop
  endfacet
  facet normal -0.946936 -0.321421 0
    outer loop
      vertex 24.0787 58.861 8
      vertex 24.1733 58.5823 0
      vertex 24.1733 58.5823 8
    endloop
  endfacet
  facet normal 0.896995 -0.442042 0
    outer loop
      vertex 19.9213 58.861 8
      vertex 20.0514 59.125 0
      vertex 20.0514 59.125 8
    endloop
  endfacet
  facet normal 0.896995 -0.442042 0
    outer loop
      vertex 20.0514 59.125 0
      vertex 19.9213 58.861 8
      vertex 19.9213 58.861 0
    endloop
  endfacet
  facet normal -0.321421 -0.946936 0
    outer loop
      vertex 22.5823 60.1733 0
      vertex 22.861 60.0787 8
      vertex 22.5823 60.1733 8
    endloop
  endfacet
  facet normal -0.321421 -0.946936 -0
    outer loop
      vertex 22.861 60.0787 8
      vertex 22.5823 60.1733 0
      vertex 22.861 60.0787 0
    endloop
  endfacet
  facet normal 0.321421 0.946936 -0
    outer loop
      vertex 21.4177 55.8267 0
      vertex 21.139 55.9213 8
      vertex 21.4177 55.8267 8
    endloop
  endfacet
  facet normal 0.321421 0.946936 0
    outer loop
      vertex 21.139 55.9213 8
      vertex 21.4177 55.8267 0
      vertex 21.139 55.9213 0
    endloop
  endfacet
  facet normal 0.555797 -0.831318 0
    outer loop
      vertex 20.6303 59.785 0
      vertex 20.875 59.9486 8
      vertex 20.6303 59.785 8
    endloop
  endfacet
  facet normal 0.555797 -0.831318 0
    outer loop
      vertex 20.875 59.9486 8
      vertex 20.6303 59.785 0
      vertex 20.875 59.9486 0
    endloop
  endfacet
  facet normal 0.751966 0.659202 0
    outer loop
      vertex 20.409 56.409 8
      vertex 20.215 56.6303 0
      vertex 20.215 56.6303 8
    endloop
  endfacet
  facet normal 0.751966 0.659202 0
    outer loop
      vertex 20.215 56.6303 0
      vertex 20.409 56.409 8
      vertex 20.409 56.409 0
    endloop
  endfacet
  facet normal -0.831318 -0.555797 0
    outer loop
      vertex 23.9486 59.125 0
      vertex 23.785 59.3697 8
      vertex 23.785 59.3697 0
    endloop
  endfacet
  facet normal -0.831318 -0.555797 0
    outer loop
      vertex 23.785 59.3697 8
      vertex 23.9486 59.125 0
      vertex 23.9486 59.125 8
    endloop
  endfacet
  facet normal 0.195397 -0.980724 0
    outer loop
      vertex 21.4177 60.1733 0
      vertex 21.7063 60.2308 8
      vertex 21.4177 60.1733 8
    endloop
  endfacet
  facet normal 0.195397 -0.980724 0
    outer loop
      vertex 21.7063 60.2308 8
      vertex 21.4177 60.1733 0
      vertex 21.7063 60.2308 0
    endloop
  endfacet
  facet normal -0.321421 0.946936 0
    outer loop
      vertex 22.861 55.9213 0
      vertex 22.5823 55.8267 8
      vertex 22.861 55.9213 8
    endloop
  endfacet
  facet normal -0.321421 0.946936 0
    outer loop
      vertex 22.5823 55.8267 8
      vertex 22.861 55.9213 0
      vertex 22.5823 55.8267 0
    endloop
  endfacet
  facet normal -0.555797 -0.831318 0
    outer loop
      vertex 23.125 59.9486 0
      vertex 23.3697 59.785 8
      vertex 23.125 59.9486 8
    endloop
  endfacet
  facet normal -0.555797 -0.831318 -0
    outer loop
      vertex 23.3697 59.785 8
      vertex 23.125 59.9486 0
      vertex 23.3697 59.785 0
    endloop
  endfacet
  facet normal -0.442042 -0.896995 0
    outer loop
      vertex 22.861 60.0787 0
      vertex 23.125 59.9486 8
      vertex 22.861 60.0787 8
    endloop
  endfacet
  facet normal -0.442042 -0.896995 -0
    outer loop
      vertex 23.125 59.9486 8
      vertex 22.861 60.0787 0
      vertex 23.125 59.9486 0
    endloop
  endfacet
  facet normal -0.0652336 0.99787 0
    outer loop
      vertex 22.2937 55.7692 0
      vertex 22 55.75 8
      vertex 22.2937 55.7692 8
    endloop
  endfacet
  facet normal -0.0652336 0.99787 0
    outer loop
      vertex 22 55.75 8
      vertex 22.2937 55.7692 0
      vertex 22 55.75 0
    endloop
  endfacet
  facet normal -0.99787 0.0652336 0
    outer loop
      vertex 24.2308 57.7063 0
      vertex 24.25 58 8
      vertex 24.25 58 0
    endloop
  endfacet
  facet normal -0.99787 0.0652336 0
    outer loop
      vertex 24.25 58 8
      vertex 24.2308 57.7063 0
      vertex 24.2308 57.7063 8
    endloop
  endfacet
  facet normal 0.946936 0.321421 0
    outer loop
      vertex 19.9213 57.139 8
      vertex 19.8267 57.4177 0
      vertex 19.8267 57.4177 8
    endloop
  endfacet
  facet normal 0.946936 0.321421 0
    outer loop
      vertex 19.8267 57.4177 0
      vertex 19.9213 57.139 8
      vertex 19.9213 57.139 0
    endloop
  endfacet
  facet normal 0.0652336 0.99787 -0
    outer loop
      vertex 22 55.75 0
      vertex 21.7063 55.7692 8
      vertex 22 55.75 8
    endloop
  endfacet
  facet normal 0.0652336 0.99787 0
    outer loop
      vertex 21.7063 55.7692 8
      vertex 22 55.75 0
      vertex 21.7063 55.7692 0
    endloop
  endfacet
  facet normal -0.659202 -0.751966 0
    outer loop
      vertex 23.3697 59.785 0
      vertex 23.591 59.591 8
      vertex 23.3697 59.785 8
    endloop
  endfacet
  facet normal -0.659202 -0.751966 -0
    outer loop
      vertex 23.591 59.591 8
      vertex 23.3697 59.785 0
      vertex 23.591 59.591 0
    endloop
  endfacet
  facet normal 0.99787 0.0652336 0
    outer loop
      vertex 19.7692 57.7063 8
      vertex 19.75 58 0
      vertex 19.75 58 8
    endloop
  endfacet
  facet normal 0.99787 0.0652336 0
    outer loop
      vertex 19.75 58 0
      vertex 19.7692 57.7063 8
      vertex 19.7692 57.7063 0
    endloop
  endfacet
  facet normal -0.980724 0.195397 0
    outer loop
      vertex 24.1733 57.4177 0
      vertex 24.2308 57.7063 8
      vertex 24.2308 57.7063 0
    endloop
  endfacet
  facet normal -0.980724 0.195397 0
    outer loop
      vertex 24.2308 57.7063 8
      vertex 24.1733 57.4177 0
      vertex 24.1733 57.4177 8
    endloop
  endfacet
  facet normal -0.195397 0.980724 0
    outer loop
      vertex 22.5823 55.8267 0
      vertex 22.2937 55.7692 8
      vertex 22.5823 55.8267 8
    endloop
  endfacet
  facet normal -0.195397 0.980724 0
    outer loop
      vertex 22.2937 55.7692 8
      vertex 22.5823 55.8267 0
      vertex 22.2937 55.7692 0
    endloop
  endfacet
  facet normal -0.831318 0.555797 0
    outer loop
      vertex 23.785 56.6303 0
      vertex 23.9486 56.875 8
      vertex 23.9486 56.875 0
    endloop
  endfacet
  facet normal -0.831318 0.555797 0
    outer loop
      vertex 23.9486 56.875 8
      vertex 23.785 56.6303 0
      vertex 23.785 56.6303 8
    endloop
  endfacet
  facet normal -0.659202 0.751966 0
    outer loop
      vertex 23.591 56.409 0
      vertex 23.3697 56.215 8
      vertex 23.591 56.409 8
    endloop
  endfacet
  facet normal -0.659202 0.751966 0
    outer loop
      vertex 23.3697 56.215 8
      vertex 23.591 56.409 0
      vertex 23.3697 56.215 0
    endloop
  endfacet
  facet normal 0.321421 -0.946936 0
    outer loop
      vertex 21.139 60.0787 0
      vertex 21.4177 60.1733 8
      vertex 21.139 60.0787 8
    endloop
  endfacet
  facet normal 0.321421 -0.946936 0
    outer loop
      vertex 21.4177 60.1733 8
      vertex 21.139 60.0787 0
      vertex 21.4177 60.1733 0
    endloop
  endfacet
  facet normal 0.896995 0.442042 0
    outer loop
      vertex 20.0514 56.875 8
      vertex 19.9213 57.139 0
      vertex 19.9213 57.139 8
    endloop
  endfacet
  facet normal 0.896995 0.442042 0
    outer loop
      vertex 19.9213 57.139 0
      vertex 20.0514 56.875 8
      vertex 20.0514 56.875 0
    endloop
  endfacet
  facet normal -0.0652336 -0.99787 0
    outer loop
      vertex 22 60.25 0
      vertex 22.2937 60.2308 8
      vertex 22 60.25 8
    endloop
  endfacet
  facet normal -0.0652336 -0.99787 -0
    outer loop
      vertex 22.2937 60.2308 8
      vertex 22 60.25 0
      vertex 22.2937 60.2308 0
    endloop
  endfacet
  facet normal -0.946936 0.321421 0
    outer loop
      vertex 24.0787 57.139 0
      vertex 24.1733 57.4177 8
      vertex 24.1733 57.4177 0
    endloop
  endfacet
  facet normal -0.946936 0.321421 0
    outer loop
      vertex 24.1733 57.4177 8
      vertex 24.0787 57.139 0
      vertex 24.0787 57.139 8
    endloop
  endfacet
  facet normal 0.751966 -0.659202 0
    outer loop
      vertex 20.215 59.3697 8
      vertex 20.409 59.591 0
      vertex 20.409 59.591 8
    endloop
  endfacet
  facet normal 0.751966 -0.659202 0
    outer loop
      vertex 20.409 59.591 0
      vertex 20.215 59.3697 8
      vertex 20.215 59.3697 0
    endloop
  endfacet
  facet normal 0.980724 -0.195397 0
    outer loop
      vertex 19.7692 58.2937 8
      vertex 19.8267 58.5823 0
      vertex 19.8267 58.5823 8
    endloop
  endfacet
  facet normal 0.980724 -0.195397 0
    outer loop
      vertex 19.8267 58.5823 0
      vertex 19.7692 58.2937 8
      vertex 19.7692 58.2937 0
    endloop
  endfacet
  facet normal 0.0652336 -0.99787 0
    outer loop
      vertex 21.7063 60.2308 0
      vertex 22 60.25 8
      vertex 21.7063 60.2308 8
    endloop
  endfacet
  facet normal 0.0652336 -0.99787 0
    outer loop
      vertex 22 60.25 8
      vertex 21.7063 60.2308 0
      vertex 22 60.25 0
    endloop
  endfacet
  facet normal 0.99787 -0.0652336 0
    outer loop
      vertex 19.75 58 8
      vertex 19.7692 58.2937 0
      vertex 19.7692 58.2937 8
    endloop
  endfacet
  facet normal 0.99787 -0.0652336 0
    outer loop
      vertex 19.7692 58.2937 0
      vertex 19.75 58 8
      vertex 19.75 58 0
    endloop
  endfacet
  facet normal -0.555797 0.831318 0
    outer loop
      vertex 23.3697 56.215 0
      vertex 23.125 56.0514 8
      vertex 23.3697 56.215 8
    endloop
  endfacet
  facet normal -0.555797 0.831318 0
    outer loop
      vertex 23.125 56.0514 8
      vertex 23.3697 56.215 0
      vertex 23.125 56.0514 0
    endloop
  endfacet
  facet normal 0.659202 0.751966 -0
    outer loop
      vertex 20.6303 56.215 0
      vertex 20.409 56.409 8
      vertex 20.6303 56.215 8
    endloop
  endfacet
  facet normal 0.659202 0.751966 0
    outer loop
      vertex 20.409 56.409 8
      vertex 20.6303 56.215 0
      vertex 20.409 56.409 0
    endloop
  endfacet
  facet normal 0.195397 0.980724 -0
    outer loop
      vertex 21.7063 55.7692 0
      vertex 21.4177 55.8267 8
      vertex 21.7063 55.7692 8
    endloop
  endfacet
  facet normal 0.195397 0.980724 0
    outer loop
      vertex 21.4177 55.8267 8
      vertex 21.7063 55.7692 0
      vertex 21.4177 55.8267 0
    endloop
  endfacet
  facet normal 0.139177 0.990268 -0
    outer loop
      vertex 87.5 58.7147 0
      vertex 84.0463 59.2001 6
      vertex 87.5 58.7147 6
    endloop
  endfacet
  facet normal 0.139177 0.990268 0
    outer loop
      vertex 84.0463 59.2001 6
      vertex 87.5 58.7147 0
      vertex 84.0463 59.2001 0
    endloop
  endfacet
  facet normal 0 0 -1
    outer loop
      vertex 70.9938 42.1898 0
      vertex 73.3123 42.811 0
      vertex 72.3566 38.9795 0
    endloop
  endfacet
  facet normal 0 0 -1
    outer loop
      vertex 72.3566 38.9795 0
      vertex 73.3123 42.811 0
      vertex 73.7373 39.3494 0
    endloop
  endfacet
  facet normal 0 0 -1
    outer loop
      vertex 77.131 40.7551 0
      vertex 77.0625 44.7035 0
      vertex 78.369 41.4699 0
    endloop
  endfacet
  facet normal -0 0 -1
    outer loop
      vertex 77.0625 44.7035 0
      vertex 74.9838 43.5034 0
      vertex 77.0625 71.2965 0
    endloop
  endfacet
  facet normal 0 0 -1
    outer loop
      vertex 74.9838 43.5034 0
      vertex 77.0625 44.7035 0
      vertex 77.131 40.7551 0
    endloop
  endfacet
  facet normal 0 0 -1
    outer loop
      vertex 81.2832 43.706 0
      vertex 80.1951 47.5022 0
      vertex 82.294 44.7168 0
    endloop
  endfacet
  facet normal -0 0 -1
    outer loop
      vertex 80.1951 47.5022 0
      vertex 78.4978 45.8049 0
      vertex 80.1951 68.4978 0
    endloop
  endfacet
  facet normal 0 0 -1
    outer loop
      vertex 78.4978 45.8049 0
      vertex 80.1951 47.5022 0
      vertex 81.2832 43.706 0
    endloop
  endfacet
  facet normal 0 0 -1
    outer loop
      vertex 84.5301 47.631 0
      vertex 82.4966 51.0162 0
      vertex 85.2449 48.869 0
    endloop
  endfacet
  facet normal -0 0 -1
    outer loop
      vertex 82.4966 51.0162 0
      vertex 81.2965 48.9375 0
      vertex 82.4966 64.9838 0
    endloop
  endfacet
  facet normal 0 0 -1
    outer loop
      vertex 81.2965 48.9375 0
      vertex 82.4966 51.0162 0
      vertex 84.5301 47.631 0
    endloop
  endfacet
  facet normal 0 0 -1
    outer loop
      vertex 86.6506 52.2627 0
      vertex 83.8102 55.0062 0
      vertex 87.0205 53.6434 0
    endloop
  endfacet
  facet normal -0 0 -1
    outer loop
      vertex 83.8102 55.0062 0
      vertex 83.1889 52.6877 0
      vertex 83.8102 60.9938 0
    endloop
  endfacet
  facet normal 0 0 -1
    outer loop
      vertex 83.1889 52.6877 0
      vertex 83.8102 55.0062 0
      vertex 86.6506 52.2627 0
    endloop
  endfacet
  facet normal 0 0 -1
    outer loop
      vertex 84.0463 56.7999 0
      vertex 87.5 58.7147 0
      vertex 87.5 57.2853 0
    endloop
  endfacet
  facet normal 0 0 -1
    outer loop
      vertex 84.0463 56.7999 0
      vertex 84.0463 59.2001 0
      vertex 87.5 58.7147 0
    endloop
  endfacet
  facet normal 0 0 -1
    outer loop
      vertex 83.8102 55.0062 0
      vertex 84.0463 56.7999 0
      vertex 83.987 55.8953 0
    endloop
  endfacet
  facet normal -0 0 -1
    outer loop
      vertex 84.0463 56.7999 0
      vertex 83.8102 55.0062 0
      vertex 84.0463 59.2001 0
    endloop
  endfacet
  facet normal 0 0 -1
    outer loop
      vertex 83.8102 60.9938 0
      vertex 84.0463 59.2001 0
      vertex 83.8102 55.0062 0
    endloop
  endfacet
  facet normal 0 0 -1
    outer loop
      vertex 84.0463 59.2001 0
      vertex 83.8102 60.9938 0
      vertex 83.987 60.1047 0
    endloop
  endfacet
  facet normal 0 0 -1
    outer loop
      vertex 83.8102 60.9938 0
      vertex 86.6506 63.7373 0
      vertex 87.0205 62.3566 0
    endloop
  endfacet
  facet normal 0 0 -1
    outer loop
      vertex 83.8102 60.9938 0
      vertex 83.1889 63.3123 0
      vertex 86.6506 63.7373 0
    endloop
  endfacet
  facet normal 0 0 -1
    outer loop
      vertex 83.1889 52.6877 0
      vertex 83.1889 63.3123 0
      vertex 83.8102 60.9938 0
    endloop
  endfacet
  facet normal 0 0 -1
    outer loop
      vertex 82.4966 51.0162 0
      vertex 83.1889 52.6877 0
      vertex 82.8976 51.8292 0
    endloop
  endfacet
  facet normal -0 0 -1
    outer loop
      vertex 83.1889 52.6877 0
      vertex 82.4966 51.0162 0
      vertex 83.1889 63.3123 0
    endloop
  endfacet
  facet normal 0 0 -1
    outer loop
      vertex 82.4966 64.9838 0
      vertex 83.1889 63.3123 0
      vertex 82.4966 51.0162 0
    endloop
  endfacet
  facet normal 0 0 -1
    outer loop
      vertex 83.1889 63.3123 0
      vertex 82.4966 64.9838 0
      vertex 82.8976 64.1708 0
    endloop
  endfacet
  facet normal 0 0 -1
    outer loop
      vertex 82.4966 64.9838 0
      vertex 84.5301 68.369 0
      vertex 85.2449 67.131 0
    endloop
  endfacet
  facet normal 0 0 -1
    outer loop
      vertex 82.4966 64.9838 0
      vertex 81.2965 67.0625 0
      vertex 84.5301 68.369 0
    endloop
  endfacet
  facet normal 0 0 -1
    outer loop
      vertex 81.2965 48.9375 0
      vertex 81.2965 67.0625 0
      vertex 82.4966 64.9838 0
    endloop
  endfacet
  facet normal 0 0 -1
    outer loop
      vertex 80.1951 47.5022 0
      vertex 81.2965 48.9375 0
      vertex 80.7928 48.1837 0
    endloop
  endfacet
  facet normal -0 0 -1
    outer loop
      vertex 81.2965 48.9375 0
      vertex 80.1951 47.5022 0
      vertex 81.2965 67.0625 0
    endloop
  endfacet
  facet normal 0 0 -1
    outer loop
      vertex 80.1951 68.4978 0
      vertex 81.2965 67.0625 0
      vertex 80.1951 47.5022 0
    endloop
  endfacet
  facet normal 0 0 -1
    outer loop
      vertex 81.2965 67.0625 0
      vertex 80.1951 68.4978 0
      vertex 80.7928 67.8163 0
    endloop
  endfacet
  facet normal 0 0 -1
    outer loop
      vertex 80.1951 68.4978 0
      vertex 81.2832 72.294 0
      vertex 82.294 71.2832 0
    endloop
  endfacet
  facet normal 0 0 -1
    outer loop
      vertex 80.1951 68.4978 0
      vertex 78.4978 70.1951 0
      vertex 81.2832 72.294 0
    endloop
  endfacet
  facet normal 0 0 -1
    outer loop
      vertex 78.4978 45.8049 0
      vertex 78.4978 70.1951 0
      vertex 80.1951 68.4978 0
    endloop
  endfacet
  facet normal 0 0 -1
    outer loop
      vertex 77.0625 44.7035 0
      vertex 78.4978 45.8049 0
      vertex 77.8163 45.2072 0
    endloop
  endfacet
  facet normal -0 0 -1
    outer loop
      vertex 78.4978 45.8049 0
      vertex 77.0625 44.7035 0
      vertex 78.4978 70.1951 0
    endloop
  endfacet
  facet normal 0 0 -1
    outer loop
      vertex 77.0625 71.2965 0
      vertex 78.4978 70.1951 0
      vertex 77.0625 44.7035 0
    endloop
  endfacet
  facet normal 0 0 -1
    outer loop
      vertex 78.4978 70.1951 0
      vertex 77.0625 71.2965 0
      vertex 77.8163 70.7928 0
    endloop
  endfacet
  facet normal 0 0 -1
    outer loop
      vertex 77.0625 71.2965 0
      vertex 77.131 75.2449 0
      vertex 78.369 74.5301 0
    endloop
  endfacet
  facet normal 0 0 -1
    outer loop
      vertex 74.9838 72.4966 0
      vertex 77.0625 71.2965 0
      vertex 74.9838 43.5034 0
    endloop
  endfacet
  facet normal 0 0 -1
    outer loop
      vertex 77.0625 71.2965 0
      vertex 74.9838 72.4966 0
      vertex 77.131 75.2449 0
    endloop
  endfacet
  facet normal 0 0 -1
    outer loop
      vertex 73.3123 42.811 0
      vertex 74.9838 43.5034 0
      vertex 74.1708 43.1024 0
    endloop
  endfacet
  facet normal -0 0 -1
    outer loop
      vertex 74.9838 43.5034 0
      vertex 73.3123 42.811 0
      vertex 74.9838 72.4966 0
    endloop
  endfacet
  facet normal 0 0 -1
    outer loop
      vertex 73.3123 73.1889 0
      vertex 74.9838 72.4966 0
      vertex 73.3123 42.811 0
    endloop
  endfacet
  facet normal 0 0 -1
    outer loop
      vertex 74.9838 72.4966 0
      vertex 73.3123 73.1889 0
      vertex 74.1708 72.8976 0
    endloop
  endfacet
  facet normal 0 0 -1
    outer loop
      vertex 73.3123 73.1889 0
      vertex 72.3566 77.0205 0
      vertex 73.7373 76.6506 0
    endloop
  endfacet
  facet normal 0 0 -1
    outer loop
      vertex 73.3123 42.811 0
      vertex 70.25 58 0
      vertex 73.3123 73.1889 0
    endloop
  endfacet
  facet normal 0 0 -1
    outer loop
      vertex 68.5823 55.8267 0
      vertex 73.3123 42.811 0
      vertex 70.9938 42.1898 0
    endloop
  endfacet
  facet normal 0 0 -1
    outer loop
      vertex 70.2308 58.2937 0
      vertex 73.3123 73.1889 0
      vertex 70.25 58 0
    endloop
  endfacet
  facet normal 0 0 -1
    outer loop
      vertex 70.1733 58.5823 0
      vertex 73.3123 73.1889 0
      vertex 70.2308 58.2937 0
    endloop
  endfacet
  facet normal 0 0 -1
    outer loop
      vertex 73.3123 42.811 0
      vertex 70.2308 57.7063 0
      vertex 70.25 58 0
    endloop
  endfacet
  facet normal 0 0 -1
    outer loop
      vertex 73.3123 42.811 0
      vertex 70.1733 57.4177 0
      vertex 70.2308 57.7063 0
    endloop
  endfacet
  facet normal 0 0 -1
    outer loop
      vertex 68.2937 55.7692 0
      vertex 70.9938 42.1898 0
      vertex 70.1047 42.013 0
    endloop
  endfacet
  facet normal 0 0 -1
    outer loop
      vertex 73.3123 42.811 0
      vertex 70.0787 57.139 0
      vertex 70.1733 57.4177 0
    endloop
  endfacet
  facet normal 0 0 -1
    outer loop
      vertex 73.3123 42.811 0
      vertex 69.9486 56.875 0
      vertex 70.0787 57.139 0
    endloop
  endfacet
  facet normal 0 0 -1
    outer loop
      vertex 73.3123 42.811 0
      vertex 69.785 56.6303 0
      vertex 69.9486 56.875 0
    endloop
  endfacet
  facet normal 0 0 -1
    outer loop
      vertex 73.3123 42.811 0
      vertex 69.591 56.409 0
      vertex 69.785 56.6303 0
    endloop
  endfacet
  facet normal 0 0 -1
    outer loop
      vertex 73.3123 42.811 0
      vertex 69.3697 56.215 0
      vertex 69.591 56.409 0
    endloop
  endfacet
  facet normal 0 0 -1
    outer loop
      vertex 68.2937 55.7692 0
      vertex 70.1047 42.013 0
      vertex 69.2001 41.9537 0
    endloop
  endfacet
  facet normal 0 0 -1
    outer loop
      vertex 73.3123 42.811 0
      vertex 69.125 56.0514 0
      vertex 69.3697 56.215 0
    endloop
  endfacet
  facet normal 0 0 -1
    outer loop
      vertex 73.3123 42.811 0
      vertex 68.861 55.9213 0
      vertex 69.125 56.0514 0
    endloop
  endfacet
  facet normal 0 0 -1
    outer loop
      vertex 66.7999 41.9537 0
      vertex 69.2001 41.9537 0
      vertex 68.7147 38.5 0
    endloop
  endfacet
  facet normal 0 -0 -1
    outer loop
      vertex 68 55.75 0
      vertex 69.2001 41.9537 0
      vertex 66.7999 41.9537 0
    endloop
  endfacet
  facet normal 0 0 -1
    outer loop
      vertex 73.3123 42.811 0
      vertex 68.5823 55.8267 0
      vertex 68.861 55.9213 0
    endloop
  endfacet
  facet normal 0 0 -1
    outer loop
      vertex 70.9938 42.1898 0
      vertex 68.2937 55.7692 0
      vertex 68.5823 55.8267 0
    endloop
  endfacet
  facet normal 0 0 -1
    outer loop
      vertex 69.2001 41.9537 0
      vertex 68 55.75 0
      vertex 68.2937 55.7692 0
    endloop
  endfacet
  facet normal -0 0 -1
    outer loop
      vertex 68 55.75 0
      vertex 66.7999 41.9537 0
      vertex 67.7063 55.7692 0
    endloop
  endfacet
  facet normal 0 0 -1
    outer loop
      vertex 66.7999 41.9537 0
      vertex 68.7147 38.5 0
      vertex 67.2853 38.5 0
    endloop
  endfacet
  facet normal 0 0 -1
    outer loop
      vertex 65.0062 42.1898 0
      vertex 67.7063 55.7692 0
      vertex 66.7999 41.9537 0
    endloop
  endfacet
  facet normal -0 0 -1
    outer loop
      vertex 67.7063 55.7692 0
      vertex 65.0062 42.1898 0
      vertex 67.4177 55.8267 0
    endloop
  endfacet
  facet normal 0 0 -1
    outer loop
      vertex 62.6877 42.811 0
      vertex 67.4177 55.8267 0
      vertex 65.0062 42.1898 0
    endloop
  endfacet
  facet normal -0 0 -1
    outer loop
      vertex 67.4177 55.8267 0
      vertex 62.6877 42.811 0
      vertex 67.139 55.9213 0
    endloop
  endfacet
  facet normal 0 0 -1
    outer loop
      vertex 61.0162 43.5034 0
      vertex 67.139 55.9213 0
      vertex 62.6877 42.811 0
    endloop
  endfacet
  facet normal -0 0 -1
    outer loop
      vertex 67.139 55.9213 0
      vertex 61.0162 43.5034 0
      vertex 66.875 56.0514 0
    endloop
  endfacet
  facet normal 0 0 -1
    outer loop
      vertex 58.9375 44.7035 0
      vertex 66.875 56.0514 0
      vertex 61.0162 43.5034 0
    endloop
  endfacet
  facet normal -0 0 -1
    outer loop
      vertex 66.875 56.0514 0
      vertex 58.9375 44.7035 0
      vertex 66.6303 56.215 0
    endloop
  endfacet
  facet normal 0 0 -1
    outer loop
      vertex 65.0062 42.1898 0
      vertex 66.7999 41.9537 0
      vertex 65.8953 42.013 0
    endloop
  endfacet
  facet normal 0 0 -1
    outer loop
      vertex 58.1837 45.2072 0
      vertex 66.6303 56.215 0
      vertex 58.9375 44.7035 0
    endloop
  endfacet
  facet normal 0 0 -1
    outer loop
      vertex 57.5022 45.8049 0
      vertex 66.6303 56.215 0
      vertex 58.1837 45.2072 0
    endloop
  endfacet
  facet normal -0 0 -1
    outer loop
      vertex 66.6303 56.215 0
      vertex 57.5022 45.8049 0
      vertex 66.409 56.409 0
    endloop
  endfacet
  facet normal 0 0 -1
    outer loop
      vertex 55.8049 47.5022 0
      vertex 66.409 56.409 0
      vertex 57.5022 45.8049 0
    endloop
  endfacet
  facet normal -0 0 -1
    outer loop
      vertex 65.7692 57.7063 0
      vertex 51.9537 56.7999 0
      vertex 65.75 58 0
    endloop
  endfacet
  facet normal 0 0 -1
    outer loop
      vertex 51.9537 59.2001 0
      vertex 65.75 58 0
      vertex 51.9537 56.7999 0
    endloop
  endfacet
  facet normal 0 0 -1
    outer loop
      vertex 65.75 58 0
      vertex 51.9537 59.2001 0
      vertex 52.1898 60.9938 0
    endloop
  endfacet
  facet normal 0 0 -1
    outer loop
      vertex 52.1898 60.9938 0
      vertex 51.9537 59.2001 0
      vertex 52.013 60.1047 0
    endloop
  endfacet
  facet normal 0 0 -1
    outer loop
      vertex 48.5 57.2853 0
      vertex 51.9537 59.2001 0
      vertex 51.9537 56.7999 0
    endloop
  endfacet
  facet normal 0 0 -1
    outer loop
      vertex 51.9537 59.2001 0
      vertex 48.5 57.2853 0
      vertex 48.5 58.7147 0
    endloop
  endfacet
  facet normal -0 0 -1
    outer loop
      vertex 65.8267 57.4177 0
      vertex 52.1898 55.0062 0
      vertex 65.7692 57.7063 0
    endloop
  endfacet
  facet normal 0 0 -1
    outer loop
      vertex 52.013 55.8953 0
      vertex 65.7692 57.7063 0
      vertex 52.1898 55.0062 0
    endloop
  endfacet
  facet normal 0 0 -1
    outer loop
      vertex 65.75 58 0
      vertex 52.811 63.3123 0
      vertex 53.5034 64.9838 0
    endloop
  endfacet
  facet normal 0 0 -1
    outer loop
      vertex 53.5034 64.9838 0
      vertex 52.811 63.3123 0
      vertex 53.1024 64.1708 0
    endloop
  endfacet
  facet normal 0 0 -1
    outer loop
      vertex 51.9537 56.7999 0
      vertex 65.7692 57.7063 0
      vertex 52.013 55.8953 0
    endloop
  endfacet
  facet normal 0 0 -1
    outer loop
      vertex 49.3494 52.2627 0
      vertex 52.1898 55.0062 0
      vertex 52.811 52.6877 0
    endloop
  endfacet
  facet normal 0 0 -1
    outer loop
      vertex 52.1898 55.0062 0
      vertex 49.3494 52.2627 0
      vertex 48.9795 53.6434 0
    endloop
  endfacet
  facet normal 0 0 -1
    outer loop
      vertex 52.811 52.6877 0
      vertex 65.9213 57.139 0
      vertex 53.1024 51.8292 0
    endloop
  endfacet
  facet normal -0 0 -1
    outer loop
      vertex 65.9213 57.139 0
      vertex 52.811 52.6877 0
      vertex 65.8267 57.4177 0
    endloop
  endfacet
  facet normal 0 0 -1
    outer loop
      vertex 65.75 58 0
      vertex 54.7035 67.0625 0
      vertex 55.8049 68.4978 0
    endloop
  endfacet
  facet normal 0 0 -1
    outer loop
      vertex 55.8049 68.4978 0
      vertex 54.7035 67.0625 0
      vertex 55.2072 67.8163 0
    endloop
  endfacet
  facet normal 0 0 -1
    outer loop
      vertex 52.1898 55.0062 0
      vertex 65.8267 57.4177 0
      vertex 52.811 52.6877 0
    endloop
  endfacet
  facet normal 0 0 -1
    outer loop
      vertex 51.4699 47.631 0
      vertex 53.5034 51.0162 0
      vertex 54.7035 48.9375 0
    endloop
  endfacet
  facet normal 0 0 -1
    outer loop
      vertex 53.5034 51.0162 0
      vertex 51.4699 47.631 0
      vertex 50.7551 48.869 0
    endloop
  endfacet
  facet normal 0 0 -1
    outer loop
      vertex 53.5034 51.0162 0
      vertex 66.0514 56.875 0
      vertex 54.7035 48.9375 0
    endloop
  endfacet
  facet normal -0 0 -1
    outer loop
      vertex 66.0514 56.875 0
      vertex 53.5034 51.0162 0
      vertex 65.9213 57.139 0
    endloop
  endfacet
  facet normal 0 0 -1
    outer loop
      vertex 65.75 58 0
      vertex 57.5022 70.1951 0
      vertex 58.9375 71.2965 0
    endloop
  endfacet
  facet normal 0 0 -1
    outer loop
      vertex 58.9375 71.2965 0
      vertex 57.5022 70.1951 0
      vertex 58.1837 70.7928 0
    endloop
  endfacet
  facet normal 0 0 -1
    outer loop
      vertex 53.1024 51.8292 0
      vertex 65.9213 57.139 0
      vertex 53.5034 51.0162 0
    endloop
  endfacet
  facet normal 0 0 -1
    outer loop
      vertex 54.7168 43.706 0
      vertex 55.8049 47.5022 0
      vertex 57.5022 45.8049 0
    endloop
  endfacet
  facet normal 0 0 -1
    outer loop
      vertex 55.8049 47.5022 0
      vertex 54.7168 43.706 0
      vertex 53.706 44.7168 0
    endloop
  endfacet
  facet normal 0 0 -1
    outer loop
      vertex 55.2072 48.1837 0
      vertex 66.215 56.6303 0
      vertex 55.8049 47.5022 0
    endloop
  endfacet
  facet normal 0 0 -1
    outer loop
      vertex 54.7035 48.9375 0
      vertex 66.215 56.6303 0
      vertex 55.2072 48.1837 0
    endloop
  endfacet
  facet normal 0 0 -1
    outer loop
      vertex 65.75 58 0
      vertex 61.0162 72.4966 0
      vertex 62.6877 73.1889 0
    endloop
  endfacet
  facet normal 0 0 -1
    outer loop
      vertex 62.6877 73.1889 0
      vertex 61.0162 72.4966 0
      vertex 61.8292 72.8976 0
    endloop
  endfacet
  facet normal -0 0 -1
    outer loop
      vertex 66.215 56.6303 0
      vertex 54.7035 48.9375 0
      vertex 66.0514 56.875 0
    endloop
  endfacet
  facet normal 0 0 -1
    outer loop
      vertex 58.869 40.7551 0
      vertex 58.9375 44.7035 0
      vertex 61.0162 43.5034 0
    endloop
  endfacet
  facet normal 0 0 -1
    outer loop
      vertex 58.9375 44.7035 0
      vertex 58.869 40.7551 0
      vertex 57.631 41.4699 0
    endloop
  endfacet
  facet normal -0 0 -1
    outer loop
      vertex 65.0062 73.8102 0
      vertex 62.6877 73.1889 0
      vertex 63.6434 77.0205 0
    endloop
  endfacet
  facet normal 0 0 -1
    outer loop
      vertex 63.6434 77.0205 0
      vertex 62.6877 73.1889 0
      vertex 62.2627 76.6506 0
    endloop
  endfacet
  facet normal 0 0 -1
    outer loop
      vertex 65.75 58 0
      vertex 58.9375 71.2965 0
      vertex 61.0162 72.4966 0
    endloop
  endfacet
  facet normal 0 0 -1
    outer loop
      vertex 58.9375 71.2965 0
      vertex 58.869 75.2449 0
      vertex 61.0162 72.4966 0
    endloop
  endfacet
  facet normal 0 -0 -1
    outer loop
      vertex 58.869 75.2449 0
      vertex 58.9375 71.2965 0
      vertex 57.631 74.5301 0
    endloop
  endfacet
  facet normal 0 0 -1
    outer loop
      vertex 65.75 58 0
      vertex 55.8049 68.4978 0
      vertex 57.5022 70.1951 0
    endloop
  endfacet
  facet normal 0 0 -1
    outer loop
      vertex 55.8049 68.4978 0
      vertex 54.7168 72.294 0
      vertex 57.5022 70.1951 0
    endloop
  endfacet
  facet normal 0 -0 -1
    outer loop
      vertex 54.7168 72.294 0
      vertex 55.8049 68.4978 0
      vertex 53.706 71.2832 0
    endloop
  endfacet
  facet normal 0 0 -1
    outer loop
      vertex 65.75 58 0
      vertex 53.5034 64.9838 0
      vertex 54.7035 67.0625 0
    endloop
  endfacet
  facet normal 0 0 -1
    outer loop
      vertex 53.5034 64.9838 0
      vertex 51.4699 68.369 0
      vertex 54.7035 67.0625 0
    endloop
  endfacet
  facet normal 0 -0 -1
    outer loop
      vertex 51.4699 68.369 0
      vertex 53.5034 64.9838 0
      vertex 50.7551 67.131 0
    endloop
  endfacet
  facet normal 0 0 -1
    outer loop
      vertex 65.75 58 0
      vertex 52.1898 60.9938 0
      vertex 52.811 63.3123 0
    endloop
  endfacet
  facet normal 0 0 -1
    outer loop
      vertex 52.1898 60.9938 0
      vertex 49.3494 63.7373 0
      vertex 52.811 63.3123 0
    endloop
  endfacet
  facet normal 0 -0 -1
    outer loop
      vertex 49.3494 63.7373 0
      vertex 52.1898 60.9938 0
      vertex 48.9795 62.3566 0
    endloop
  endfacet
  facet normal 0 0 -1
    outer loop
      vertex 70.0787 58.861 0
      vertex 73.3123 73.1889 0
      vertex 70.1733 58.5823 0
    endloop
  endfacet
  facet normal 0 0 -1
    outer loop
      vertex 73.3123 73.1889 0
      vertex 70.9938 73.8102 0
      vertex 72.3566 77.0205 0
    endloop
  endfacet
  facet normal 0 0 -1
    outer loop
      vertex 69.9486 59.125 0
      vertex 73.3123 73.1889 0
      vertex 70.0787 58.861 0
    endloop
  endfacet
  facet normal 0 0 -1
    outer loop
      vertex 69.785 59.3697 0
      vertex 73.3123 73.1889 0
      vertex 69.9486 59.125 0
    endloop
  endfacet
  facet normal 0 0 -1
    outer loop
      vertex 69.591 59.591 0
      vertex 73.3123 73.1889 0
      vertex 69.785 59.3697 0
    endloop
  endfacet
  facet normal 0 0 -1
    outer loop
      vertex 69.3697 59.785 0
      vertex 73.3123 73.1889 0
      vertex 69.591 59.591 0
    endloop
  endfacet
  facet normal 0 0 -1
    outer loop
      vertex 69.125 59.9486 0
      vertex 73.3123 73.1889 0
      vertex 69.3697 59.785 0
    endloop
  endfacet
  facet normal 0 0 -1
    outer loop
      vertex 68.861 60.0787 0
      vertex 73.3123 73.1889 0
      vertex 69.125 59.9486 0
    endloop
  endfacet
  facet normal 0 0 -1
    outer loop
      vertex 68.5823 60.1733 0
      vertex 73.3123 73.1889 0
      vertex 68.861 60.0787 0
    endloop
  endfacet
  facet normal -0 0 -1
    outer loop
      vertex 73.3123 73.1889 0
      vertex 68.5823 60.1733 0
      vertex 70.9938 73.8102 0
    endloop
  endfacet
  facet normal 0 0 -1
    outer loop
      vertex 68.2937 60.2308 0
      vertex 70.9938 73.8102 0
      vertex 68.5823 60.1733 0
    endloop
  endfacet
  facet normal -0 0 -1
    outer loop
      vertex 70.9938 73.8102 0
      vertex 68.2937 60.2308 0
      vertex 70.1047 73.987 0
    endloop
  endfacet
  facet normal -0 0 -1
    outer loop
      vertex 70.1047 73.987 0
      vertex 68.2937 60.2308 0
      vertex 69.2001 74.0463 0
    endloop
  endfacet
  facet normal 0 0 -1
    outer loop
      vertex 68 60.25 0
      vertex 69.2001 74.0463 0
      vertex 68.2937 60.2308 0
    endloop
  endfacet
  facet normal -0 0 -1
    outer loop
      vertex 69.2001 74.0463 0
      vertex 68 60.25 0
      vertex 66.7999 74.0463 0
    endloop
  endfacet
  facet normal 0 0 -1
    outer loop
      vertex 66.7999 74.0463 0
      vertex 68 60.25 0
      vertex 67.7063 60.2308 0
    endloop
  endfacet
  facet normal 0 0 -1
    outer loop
      vertex 65.0062 73.8102 0
      vertex 67.7063 60.2308 0
      vertex 67.4177 60.1733 0
    endloop
  endfacet
  facet normal 0 0 -1
    outer loop
      vertex 69.2001 74.0463 0
      vertex 66.7999 74.0463 0
      vertex 68.7147 77.5 0
    endloop
  endfacet
  facet normal 0 0 -1
    outer loop
      vertex 62.6877 73.1889 0
      vertex 67.4177 60.1733 0
      vertex 67.139 60.0787 0
    endloop
  endfacet
  facet normal 0 0 -1
    outer loop
      vertex 62.6877 73.1889 0
      vertex 67.139 60.0787 0
      vertex 66.875 59.9486 0
    endloop
  endfacet
  facet normal -0 0 -1
    outer loop
      vertex 68.7147 77.5 0
      vertex 66.7999 74.0463 0
      vertex 67.2853 77.5 0
    endloop
  endfacet
  facet normal 0 0 -1
    outer loop
      vertex 62.6877 73.1889 0
      vertex 66.875 59.9486 0
      vertex 66.6303 59.785 0
    endloop
  endfacet
  facet normal 0 0 -1
    outer loop
      vertex 62.6877 73.1889 0
      vertex 66.6303 59.785 0
      vertex 66.409 59.591 0
    endloop
  endfacet
  facet normal 0 0 -1
    outer loop
      vertex 62.6877 73.1889 0
      vertex 66.409 59.591 0
      vertex 66.215 59.3697 0
    endloop
  endfacet
  facet normal 0 0 -1
    outer loop
      vertex 62.6877 73.1889 0
      vertex 66.215 59.3697 0
      vertex 66.0514 59.125 0
    endloop
  endfacet
  facet normal 0 0 -1
    outer loop
      vertex 62.6877 73.1889 0
      vertex 66.0514 59.125 0
      vertex 65.9213 58.861 0
    endloop
  endfacet
  facet normal 0 0 -1
    outer loop
      vertex 67.7063 60.2308 0
      vertex 65.0062 73.8102 0
      vertex 66.7999 74.0463 0
    endloop
  endfacet
  facet normal 0 0 -1
    outer loop
      vertex 62.6877 73.1889 0
      vertex 65.9213 58.861 0
      vertex 65.8267 58.5823 0
    endloop
  endfacet
  facet normal 0 0 -1
    outer loop
      vertex 62.6877 73.1889 0
      vertex 65.8267 58.5823 0
      vertex 65.7692 58.2937 0
    endloop
  endfacet
  facet normal 0 0 -1
    outer loop
      vertex 62.6877 73.1889 0
      vertex 65.7692 58.2937 0
      vertex 65.75 58 0
    endloop
  endfacet
  facet normal -0 0 -1
    outer loop
      vertex 66.409 56.409 0
      vertex 55.8049 47.5022 0
      vertex 66.215 56.6303 0
    endloop
  endfacet
  facet normal 0 0 -1
    outer loop
      vertex 66.7999 74.0463 0
      vertex 65.0062 73.8102 0
      vertex 65.8953 73.987 0
    endloop
  endfacet
  facet normal 0 0 -1
    outer loop
      vertex 62.6877 42.811 0
      vertex 65.0062 42.1898 0
      vertex 63.6434 38.9795 0
    endloop
  endfacet
  facet normal 0 0 -1
    outer loop
      vertex 61.0162 43.5034 0
      vertex 62.6877 42.811 0
      vertex 61.8292 43.1024 0
    endloop
  endfacet
  facet normal 0 0 -1
    outer loop
      vertex 67.4177 60.1733 0
      vertex 62.6877 73.1889 0
      vertex 65.0062 73.8102 0
    endloop
  endfacet
  facet normal 0 -0 -1
    outer loop
      vertex 62.6877 42.811 0
      vertex 63.6434 38.9795 0
      vertex 62.2627 39.3494 0
    endloop
  endfacet
  facet normal 0 0 1
    outer loop
      vertex 63.5385 58.5874 6
      vertex 51.9537 59.2001 6
      vertex 63.5 58 6
    endloop
  endfacet
  facet normal 0 0 1
    outer loop
      vertex 51.9537 56.7999 6
      vertex 63.5 58 6
      vertex 51.9537 59.2001 6
    endloop
  endfacet
  facet normal 0 -0 1
    outer loop
      vertex 52.013 55.8953 6
      vertex 63.5 58 6
      vertex 51.9537 56.7999 6
    endloop
  endfacet
  facet normal 0 0 1
    outer loop
      vertex 63.5 58 6
      vertex 52.013 55.8953 6
      vertex 52.1898 55.0062 6
    endloop
  endfacet
  facet normal -0 0 1
    outer loop
      vertex 48.5 58.7147 6
      vertex 51.9537 56.7999 6
      vertex 51.9537 59.2001 6
    endloop
  endfacet
  facet normal 0 0 1
    outer loop
      vertex 51.9537 56.7999 6
      vertex 48.5 58.7147 6
      vertex 48.5 57.2853 6
    endloop
  endfacet
  facet normal 0 0 1
    outer loop
      vertex 63.6533 59.1647 6
      vertex 52.1898 60.9938 6
      vertex 63.5385 58.5874 6
    endloop
  endfacet
  facet normal -0 0 1
    outer loop
      vertex 52.013 60.1047 6
      vertex 63.5385 58.5874 6
      vertex 52.1898 60.9938 6
    endloop
  endfacet
  facet normal 0 -0 1
    outer loop
      vertex 53.1024 51.8292 6
      vertex 63.5 58 6
      vertex 52.811 52.6877 6
    endloop
  endfacet
  facet normal 0 0 1
    outer loop
      vertex 63.5 58 6
      vertex 53.1024 51.8292 6
      vertex 53.5034 51.0162 6
    endloop
  endfacet
  facet normal -0 0 1
    outer loop
      vertex 51.9537 59.2001 6
      vertex 63.5385 58.5874 6
      vertex 52.013 60.1047 6
    endloop
  endfacet
  facet normal 0 0 1
    outer loop
      vertex 49.3494 63.7373 6
      vertex 52.1898 60.9938 6
      vertex 52.811 63.3123 6
    endloop
  endfacet
  facet normal 0 0 1
    outer loop
      vertex 52.1898 60.9938 6
      vertex 49.3494 63.7373 6
      vertex 48.9795 62.3566 6
    endloop
  endfacet
  facet normal -0 0 1
    outer loop
      vertex 52.811 63.3123 6
      vertex 63.8425 59.7221 6
      vertex 53.1024 64.1708 6
    endloop
  endfacet
  facet normal 0 0 1
    outer loop
      vertex 63.8425 59.7221 6
      vertex 52.811 63.3123 6
      vertex 63.6533 59.1647 6
    endloop
  endfacet
  facet normal 0 0 1
    outer loop
      vertex 63.5 58 6
      vertex 54.7035 48.9375 6
      vertex 55.8049 47.5022 6
    endloop
  endfacet
  facet normal 0 0 1
    outer loop
      vertex 55.8049 47.5022 6
      vertex 54.7035 48.9375 6
      vertex 55.2072 48.1837 6
    endloop
  endfacet
  facet normal -0 0 1
    outer loop
      vertex 52.1898 60.9938 6
      vertex 63.6533 59.1647 6
      vertex 52.811 63.3123 6
    endloop
  endfacet
  facet normal 0 0 1
    outer loop
      vertex 51.4699 68.369 6
      vertex 53.5034 64.9838 6
      vertex 54.7035 67.0625 6
    endloop
  endfacet
  facet normal 0 0 1
    outer loop
      vertex 53.5034 64.9838 6
      vertex 51.4699 68.369 6
      vertex 50.7551 67.131 6
    endloop
  endfacet
  facet normal -0 0 1
    outer loop
      vertex 53.5034 64.9838 6
      vertex 64.1029 60.25 6
      vertex 54.7035 67.0625 6
    endloop
  endfacet
  facet normal 0 0 1
    outer loop
      vertex 64.1029 60.25 6
      vertex 53.5034 64.9838 6
      vertex 63.8425 59.7221 6
    endloop
  endfacet
  facet normal 0 0 1
    outer loop
      vertex 63.5 58 6
      vertex 57.5022 45.8049 6
      vertex 58.9375 44.7035 6
    endloop
  endfacet
  facet normal 0 0 1
    outer loop
      vertex 58.9375 44.7035 6
      vertex 57.5022 45.8049 6
      vertex 58.1837 45.2072 6
    endloop
  endfacet
  facet normal -0 0 1
    outer loop
      vertex 53.1024 64.1708 6
      vertex 63.8425 59.7221 6
      vertex 53.5034 64.9838 6
    endloop
  endfacet
  facet normal 0 0 1
    outer loop
      vertex 54.7168 72.294 6
      vertex 55.8049 68.4978 6
      vertex 57.5022 70.1951 6
    endloop
  endfacet
  facet normal 0 0 1
    outer loop
      vertex 55.8049 68.4978 6
      vertex 54.7168 72.294 6
      vertex 53.706 71.2832 6
    endloop
  endfacet
  facet normal -0 0 1
    outer loop
      vertex 55.2072 67.8163 6
      vertex 64.4299 60.7394 6
      vertex 55.8049 68.4978 6
    endloop
  endfacet
  facet normal -0 0 1
    outer loop
      vertex 54.7035 67.0625 6
      vertex 64.4299 60.7394 6
      vertex 55.2072 67.8163 6
    endloop
  endfacet
  facet normal 0 0 1
    outer loop
      vertex 63.5 58 6
      vertex 61.0162 43.5034 6
      vertex 62.6877 42.811 6
    endloop
  endfacet
  facet normal 0 0 1
    outer loop
      vertex 62.6877 42.811 6
      vertex 61.0162 43.5034 6
      vertex 61.8292 43.1024 6
    endloop
  endfacet
  facet normal 0 0 1
    outer loop
      vertex 64.4299 60.7394 6
      vertex 54.7035 67.0625 6
      vertex 64.1029 60.25 6
    endloop
  endfacet
  facet normal 0 0 1
    outer loop
      vertex 58.869 75.2449 6
      vertex 58.9375 71.2965 6
      vertex 61.0162 72.4966 6
    endloop
  endfacet
  facet normal 0 0 1
    outer loop
      vertex 58.9375 71.2965 6
      vertex 58.869 75.2449 6
      vertex 57.631 74.5301 6
    endloop
  endfacet
  facet normal 0 0 1
    outer loop
      vertex 81.2965 48.9375 6
      vertex 71.5701 55.2606 6
      vertex 80.7928 48.1837 6
    endloop
  endfacet
  facet normal 0 0 1
    outer loop
      vertex 74.9838 72.4966 6
      vertex 72.4615 58.5874 6
      vertex 72.5 58 6
    endloop
  endfacet
  facet normal 0 0 1
    outer loop
      vertex 72.3566 77.0205 6
      vertex 73.3123 73.1889 6
      vertex 73.7373 76.6506 6
    endloop
  endfacet
  facet normal -0 0 1
    outer loop
      vertex 70.9938 73.8102 6
      vertex 73.3123 73.1889 6
      vertex 72.3566 77.0205 6
    endloop
  endfacet
  facet normal 0 0 1
    outer loop
      vertex 74.9838 72.4966 6
      vertex 72.3467 59.1647 6
      vertex 72.4615 58.5874 6
    endloop
  endfacet
  facet normal 0 0 1
    outer loop
      vertex 74.9838 72.4966 6
      vertex 72.1575 59.7221 6
      vertex 72.3467 59.1647 6
    endloop
  endfacet
  facet normal 0 0 1
    outer loop
      vertex 74.9838 72.4966 6
      vertex 71.8971 60.25 6
      vertex 72.1575 59.7221 6
    endloop
  endfacet
  facet normal 0 0 1
    outer loop
      vertex 69.1647 62.3467 6
      vertex 73.3123 73.1889 6
      vertex 70.9938 73.8102 6
    endloop
  endfacet
  facet normal 0 0 1
    outer loop
      vertex 74.9838 72.4966 6
      vertex 71.5701 60.7394 6
      vertex 71.8971 60.25 6
    endloop
  endfacet
  facet normal 0 0 1
    outer loop
      vertex 74.9838 72.4966 6
      vertex 71.182 61.182 6
      vertex 71.5701 60.7394 6
    endloop
  endfacet
  facet normal 0 0 1
    outer loop
      vertex 74.9838 72.4966 6
      vertex 70.7394 61.5701 6
      vertex 71.182 61.182 6
    endloop
  endfacet
  facet normal 0 0 1
    outer loop
      vertex 74.9838 72.4966 6
      vertex 70.25 61.8971 6
      vertex 70.7394 61.5701 6
    endloop
  endfacet
  facet normal 0 0 1
    outer loop
      vertex 68.5874 62.4615 6
      vertex 70.9938 73.8102 6
      vertex 70.1047 73.987 6
    endloop
  endfacet
  facet normal 0 0 1
    outer loop
      vertex 74.9838 72.4966 6
      vertex 69.7221 62.1575 6
      vertex 70.25 61.8971 6
    endloop
  endfacet
  facet normal 0 0 1
    outer loop
      vertex 68.5874 62.4615 6
      vertex 70.1047 73.987 6
      vertex 69.2001 74.0463 6
    endloop
  endfacet
  facet normal 0 0 1
    outer loop
      vertex 73.3123 73.1889 6
      vertex 69.1647 62.3467 6
      vertex 69.7221 62.1575 6
    endloop
  endfacet
  facet normal 0 0 1
    outer loop
      vertex 66.7999 74.0463 6
      vertex 69.2001 74.0463 6
      vertex 68.7147 77.5 6
    endloop
  endfacet
  facet normal 0 -0 1
    outer loop
      vertex 68 62.5 6
      vertex 69.2001 74.0463 6
      vertex 66.7999 74.0463 6
    endloop
  endfacet
  facet normal 0 0 1
    outer loop
      vertex 70.9938 73.8102 6
      vertex 68.5874 62.4615 6
      vertex 69.1647 62.3467 6
    endloop
  endfacet
  facet normal 0 0 1
    outer loop
      vertex 69.2001 74.0463 6
      vertex 68 62.5 6
      vertex 68.5874 62.4615 6
    endloop
  endfacet
  facet normal 0 0 1
    outer loop
      vertex 66.7999 74.0463 6
      vertex 68.7147 77.5 6
      vertex 67.2853 77.5 6
    endloop
  endfacet
  facet normal 0 0 1
    outer loop
      vertex 68 62.5 6
      vertex 66.7999 74.0463 6
      vertex 67.4126 62.4615 6
    endloop
  endfacet
  facet normal -0 0 1
    outer loop
      vertex 65.8953 73.987 6
      vertex 67.4126 62.4615 6
      vertex 66.7999 74.0463 6
    endloop
  endfacet
  facet normal -0 0 1
    outer loop
      vertex 65.0062 73.8102 6
      vertex 67.4126 62.4615 6
      vertex 65.8953 73.987 6
    endloop
  endfacet
  facet normal 0 0 1
    outer loop
      vertex 67.4126 62.4615 6
      vertex 65.0062 73.8102 6
      vertex 66.8353 62.3467 6
    endloop
  endfacet
  facet normal -0 0 1
    outer loop
      vertex 62.6877 73.1889 6
      vertex 66.8353 62.3467 6
      vertex 65.0062 73.8102 6
    endloop
  endfacet
  facet normal 0 0 1
    outer loop
      vertex 66.8353 62.3467 6
      vertex 62.6877 73.1889 6
      vertex 66.2779 62.1575 6
    endloop
  endfacet
  facet normal -0 0 1
    outer loop
      vertex 61.8292 72.8976 6
      vertex 66.2779 62.1575 6
      vertex 62.6877 73.1889 6
    endloop
  endfacet
  facet normal -0 0 1
    outer loop
      vertex 61.0162 72.4966 6
      vertex 66.2779 62.1575 6
      vertex 61.8292 72.8976 6
    endloop
  endfacet
  facet normal 0 0 1
    outer loop
      vertex 66.2779 62.1575 6
      vertex 61.0162 72.4966 6
      vertex 65.75 61.8971 6
    endloop
  endfacet
  facet normal -0 0 1
    outer loop
      vertex 58.9375 71.2965 6
      vertex 65.75 61.8971 6
      vertex 61.0162 72.4966 6
    endloop
  endfacet
  facet normal 0 0 1
    outer loop
      vertex 65.75 61.8971 6
      vertex 58.9375 71.2965 6
      vertex 65.2606 61.5701 6
    endloop
  endfacet
  facet normal -0 0 1
    outer loop
      vertex 58.1837 70.7928 6
      vertex 65.2606 61.5701 6
      vertex 58.9375 71.2965 6
    endloop
  endfacet
  facet normal 0 0 1
    outer loop
      vertex 62.6877 73.1889 6
      vertex 65.0062 73.8102 6
      vertex 63.6434 77.0205 6
    endloop
  endfacet
  facet normal -0 0 1
    outer loop
      vertex 57.5022 70.1951 6
      vertex 65.2606 61.5701 6
      vertex 58.1837 70.7928 6
    endloop
  endfacet
  facet normal 0 0 1
    outer loop
      vertex 65.2606 61.5701 6
      vertex 57.5022 70.1951 6
      vertex 64.818 61.182 6
    endloop
  endfacet
  facet normal -0 0 1
    outer loop
      vertex 55.8049 68.4978 6
      vertex 64.818 61.182 6
      vertex 57.5022 70.1951 6
    endloop
  endfacet
  facet normal 0 -0 1
    outer loop
      vertex 62.6877 73.1889 6
      vertex 63.6434 77.0205 6
      vertex 62.2627 76.6506 6
    endloop
  endfacet
  facet normal 0 0 1
    outer loop
      vertex 77.131 75.2449 6
      vertex 77.0625 71.2965 6
      vertex 78.369 74.5301 6
    endloop
  endfacet
  facet normal 0 0 1
    outer loop
      vertex 72.5 58 6
      vertex 77.0625 71.2965 6
      vertex 74.9838 72.4966 6
    endloop
  endfacet
  facet normal -0 0 1
    outer loop
      vertex 74.9838 72.4966 6
      vertex 77.0625 71.2965 6
      vertex 77.131 75.2449 6
    endloop
  endfacet
  facet normal 0 0 1
    outer loop
      vertex 81.2832 72.294 6
      vertex 80.1951 68.4978 6
      vertex 82.294 71.2832 6
    endloop
  endfacet
  facet normal 0 0 1
    outer loop
      vertex 72.5 58 6
      vertex 80.1951 68.4978 6
      vertex 78.4978 70.1951 6
    endloop
  endfacet
  facet normal -0 0 1
    outer loop
      vertex 78.4978 70.1951 6
      vertex 80.1951 68.4978 6
      vertex 81.2832 72.294 6
    endloop
  endfacet
  facet normal 0 0 1
    outer loop
      vertex 84.5301 68.369 6
      vertex 82.4966 64.9838 6
      vertex 85.2449 67.131 6
    endloop
  endfacet
  facet normal 0 0 1
    outer loop
      vertex 72.5 58 6
      vertex 82.4966 64.9838 6
      vertex 81.2965 67.0625 6
    endloop
  endfacet
  facet normal -0 0 1
    outer loop
      vertex 81.2965 67.0625 6
      vertex 82.4966 64.9838 6
      vertex 84.5301 68.369 6
    endloop
  endfacet
  facet normal 0 0 1
    outer loop
      vertex 86.6506 63.7373 6
      vertex 83.8102 60.9938 6
      vertex 87.0205 62.3566 6
    endloop
  endfacet
  facet normal 0 0 1
    outer loop
      vertex 72.5 58 6
      vertex 83.8102 60.9938 6
      vertex 83.1889 63.3123 6
    endloop
  endfacet
  facet normal -0 0 1
    outer loop
      vertex 83.1889 63.3123 6
      vertex 83.8102 60.9938 6
      vertex 86.6506 63.7373 6
    endloop
  endfacet
  facet normal 0 0 1
    outer loop
      vertex 84.0463 59.2001 6
      vertex 87.5 57.2853 6
      vertex 87.5 58.7147 6
    endloop
  endfacet
  facet normal 0 0 1
    outer loop
      vertex 84.0463 59.2001 6
      vertex 84.0463 56.7999 6
      vertex 87.5 57.2853 6
    endloop
  endfacet
  facet normal 0 0 1
    outer loop
      vertex 72.5 58 6
      vertex 83.987 60.1047 6
      vertex 83.8102 60.9938 6
    endloop
  endfacet
  facet normal 0 0 1
    outer loop
      vertex 83.987 60.1047 6
      vertex 72.5 58 6
      vertex 84.0463 59.2001 6
    endloop
  endfacet
  facet normal 0 0 1
    outer loop
      vertex 84.0463 59.2001 6
      vertex 72.5 58 6
      vertex 84.0463 56.7999 6
    endloop
  endfacet
  facet normal -0 0 1
    outer loop
      vertex 72.4615 57.4126 6
      vertex 84.0463 56.7999 6
      vertex 72.5 58 6
    endloop
  endfacet
  facet normal 0 0 1
    outer loop
      vertex 83.8102 55.0062 6
      vertex 86.6506 52.2627 6
      vertex 87.0205 53.6434 6
    endloop
  endfacet
  facet normal 0 0 1
    outer loop
      vertex 83.8102 55.0062 6
      vertex 83.1889 52.6877 6
      vertex 86.6506 52.2627 6
    endloop
  endfacet
  facet normal 0 0 1
    outer loop
      vertex 84.0463 56.7999 6
      vertex 72.4615 57.4126 6
      vertex 83.987 55.8953 6
    endloop
  endfacet
  facet normal 0 0 1
    outer loop
      vertex 72.5 58 6
      vertex 82.8976 64.1708 6
      vertex 82.4966 64.9838 6
    endloop
  endfacet
  facet normal 0 0 1
    outer loop
      vertex 82.8976 64.1708 6
      vertex 72.5 58 6
      vertex 83.1889 63.3123 6
    endloop
  endfacet
  facet normal 0 0 1
    outer loop
      vertex 83.987 55.8953 6
      vertex 72.4615 57.4126 6
      vertex 83.8102 55.0062 6
    endloop
  endfacet
  facet normal -0 0 1
    outer loop
      vertex 72.3467 56.8353 6
      vertex 83.8102 55.0062 6
      vertex 72.4615 57.4126 6
    endloop
  endfacet
  facet normal 0 0 1
    outer loop
      vertex 82.4966 51.0162 6
      vertex 84.5301 47.631 6
      vertex 85.2449 48.869 6
    endloop
  endfacet
  facet normal 0 0 1
    outer loop
      vertex 82.4966 51.0162 6
      vertex 81.2965 48.9375 6
      vertex 84.5301 47.631 6
    endloop
  endfacet
  facet normal 0 0 1
    outer loop
      vertex 83.8102 55.0062 6
      vertex 72.3467 56.8353 6
      vertex 83.1889 52.6877 6
    endloop
  endfacet
  facet normal 0 0 1
    outer loop
      vertex 80.1951 68.4978 6
      vertex 81.2965 67.0625 6
      vertex 80.7928 67.8163 6
    endloop
  endfacet
  facet normal 0 0 1
    outer loop
      vertex 72.5 58 6
      vertex 81.2965 67.0625 6
      vertex 80.1951 68.4978 6
    endloop
  endfacet
  facet normal -0 0 1
    outer loop
      vertex 72.1575 56.2779 6
      vertex 83.1889 52.6877 6
      vertex 72.3467 56.8353 6
    endloop
  endfacet
  facet normal 0 0 1
    outer loop
      vertex 82.8976 51.8292 6
      vertex 72.1575 56.2779 6
      vertex 82.4966 51.0162 6
    endloop
  endfacet
  facet normal 0 0 1
    outer loop
      vertex 80.1951 47.5022 6
      vertex 81.2832 43.706 6
      vertex 82.294 44.7168 6
    endloop
  endfacet
  facet normal 0 0 1
    outer loop
      vertex 80.1951 47.5022 6
      vertex 78.4978 45.8049 6
      vertex 81.2832 43.706 6
    endloop
  endfacet
  facet normal 0 0 1
    outer loop
      vertex 83.1889 52.6877 6
      vertex 72.1575 56.2779 6
      vertex 82.8976 51.8292 6
    endloop
  endfacet
  facet normal 0 0 1
    outer loop
      vertex 77.0625 71.2965 6
      vertex 78.4978 70.1951 6
      vertex 77.8163 70.7928 6
    endloop
  endfacet
  facet normal 0 0 1
    outer loop
      vertex 72.5 58 6
      vertex 78.4978 70.1951 6
      vertex 77.0625 71.2965 6
    endloop
  endfacet
  facet normal -0 0 1
    outer loop
      vertex 71.8971 55.75 6
      vertex 82.4966 51.0162 6
      vertex 72.1575 56.2779 6
    endloop
  endfacet
  facet normal 0 0 1
    outer loop
      vertex 78.4978 45.8049 6
      vertex 77.0625 44.7035 6
      vertex 77.8163 45.2072 6
    endloop
  endfacet
  facet normal 0 0 1
    outer loop
      vertex 77.0625 44.7035 6
      vertex 77.131 40.7551 6
      vertex 78.369 41.4699 6
    endloop
  endfacet
  facet normal 0 0 1
    outer loop
      vertex 82.4966 51.0162 6
      vertex 71.8971 55.75 6
      vertex 81.2965 48.9375 6
    endloop
  endfacet
  facet normal 0 0 1
    outer loop
      vertex 77.0625 44.7035 6
      vertex 74.9838 43.5034 6
      vertex 77.131 40.7551 6
    endloop
  endfacet
  facet normal 0 0 1
    outer loop
      vertex 69.7221 62.1575 6
      vertex 74.1708 72.8976 6
      vertex 73.3123 73.1889 6
    endloop
  endfacet
  facet normal 0 0 1
    outer loop
      vertex 74.1708 72.8976 6
      vertex 69.7221 62.1575 6
      vertex 74.9838 72.4966 6
    endloop
  endfacet
  facet normal -0 0 1
    outer loop
      vertex 71.5701 55.2606 6
      vertex 81.2965 48.9375 6
      vertex 71.8971 55.75 6
    endloop
  endfacet
  facet normal 0 0 1
    outer loop
      vertex 74.9838 43.5034 6
      vertex 73.3123 42.811 6
      vertex 74.1708 43.1024 6
    endloop
  endfacet
  facet normal 0 0 1
    outer loop
      vertex 80.7928 48.1837 6
      vertex 71.5701 55.2606 6
      vertex 80.1951 47.5022 6
    endloop
  endfacet
  facet normal 0 0 1
    outer loop
      vertex 73.3123 42.811 6
      vertex 72.3566 38.9795 6
      vertex 73.7373 39.3494 6
    endloop
  endfacet
  facet normal -0 0 1
    outer loop
      vertex 71.182 54.818 6
      vertex 80.1951 47.5022 6
      vertex 71.5701 55.2606 6
    endloop
  endfacet
  facet normal 0 0 1
    outer loop
      vertex 80.1951 47.5022 6
      vertex 71.182 54.818 6
      vertex 78.4978 45.8049 6
    endloop
  endfacet
  facet normal -0 0 1
    outer loop
      vertex 70.7394 54.4299 6
      vertex 78.4978 45.8049 6
      vertex 71.182 54.818 6
    endloop
  endfacet
  facet normal 0 0 1
    outer loop
      vertex 78.4978 45.8049 6
      vertex 70.7394 54.4299 6
      vertex 77.0625 44.7035 6
    endloop
  endfacet
  facet normal -0 0 1
    outer loop
      vertex 70.25 54.1029 6
      vertex 77.0625 44.7035 6
      vertex 70.7394 54.4299 6
    endloop
  endfacet
  facet normal 0 0 1
    outer loop
      vertex 77.0625 44.7035 6
      vertex 70.25 54.1029 6
      vertex 74.9838 43.5034 6
    endloop
  endfacet
  facet normal 0 0 1
    outer loop
      vertex 73.3123 42.811 6
      vertex 70.9938 42.1898 6
      vertex 72.3566 38.9795 6
    endloop
  endfacet
  facet normal -0 0 1
    outer loop
      vertex 69.7221 53.8425 6
      vertex 74.9838 43.5034 6
      vertex 70.25 54.1029 6
    endloop
  endfacet
  facet normal 0 0 1
    outer loop
      vertex 74.9838 43.5034 6
      vertex 69.7221 53.8425 6
      vertex 73.3123 42.811 6
    endloop
  endfacet
  facet normal -0 0 1
    outer loop
      vertex 69.1647 53.6533 6
      vertex 73.3123 42.811 6
      vertex 69.7221 53.8425 6
    endloop
  endfacet
  facet normal 0 0 1
    outer loop
      vertex 73.3123 42.811 6
      vertex 69.1647 53.6533 6
      vertex 70.9938 42.1898 6
    endloop
  endfacet
  facet normal -0 0 1
    outer loop
      vertex 68.5874 53.5385 6
      vertex 70.9938 42.1898 6
      vertex 69.1647 53.6533 6
    endloop
  endfacet
  facet normal 0 0 1
    outer loop
      vertex 70.9938 42.1898 6
      vertex 68.5874 53.5385 6
      vertex 70.1047 42.013 6
    endloop
  endfacet
  facet normal 0 0 1
    outer loop
      vertex 70.1047 42.013 6
      vertex 68.5874 53.5385 6
      vertex 69.2001 41.9537 6
    endloop
  endfacet
  facet normal -0 0 1
    outer loop
      vertex 68 53.5 6
      vertex 69.2001 41.9537 6
      vertex 68.5874 53.5385 6
    endloop
  endfacet
  facet normal 0 0 1
    outer loop
      vertex 69.2001 41.9537 6
      vertex 68 53.5 6
      vertex 66.7999 41.9537 6
    endloop
  endfacet
  facet normal 0 0 1
    outer loop
      vertex 66.7999 41.9537 6
      vertex 68 53.5 6
      vertex 67.4126 53.5385 6
    endloop
  endfacet
  facet normal 0 0 1
    outer loop
      vertex 69.2001 41.9537 6
      vertex 66.7999 41.9537 6
      vertex 68.7147 38.5 6
    endloop
  endfacet
  facet normal 0 0 1
    outer loop
      vertex 65.0062 42.1898 6
      vertex 67.4126 53.5385 6
      vertex 66.8353 53.6533 6
    endloop
  endfacet
  facet normal 0 0 1
    outer loop
      vertex 68.7147 38.5 6
      vertex 66.7999 41.9537 6
      vertex 67.2853 38.5 6
    endloop
  endfacet
  facet normal 0 0 1
    outer loop
      vertex 62.6877 42.811 6
      vertex 66.8353 53.6533 6
      vertex 66.2779 53.8425 6
    endloop
  endfacet
  facet normal 0 0 1
    outer loop
      vertex 67.4126 53.5385 6
      vertex 65.8953 42.013 6
      vertex 66.7999 41.9537 6
    endloop
  endfacet
  facet normal 0 0 1
    outer loop
      vertex 62.6877 42.811 6
      vertex 66.2779 53.8425 6
      vertex 65.75 54.1029 6
    endloop
  endfacet
  facet normal 0 0 1
    outer loop
      vertex 62.6877 42.811 6
      vertex 65.75 54.1029 6
      vertex 65.2606 54.4299 6
    endloop
  endfacet
  facet normal 0 0 1
    outer loop
      vertex 67.4126 53.5385 6
      vertex 65.0062 42.1898 6
      vertex 65.8953 42.013 6
    endloop
  endfacet
  facet normal 0 0 1
    outer loop
      vertex 62.6877 42.811 6
      vertex 65.2606 54.4299 6
      vertex 64.818 54.818 6
    endloop
  endfacet
  facet normal 0 0 1
    outer loop
      vertex 62.6877 42.811 6
      vertex 64.818 54.818 6
      vertex 64.4299 55.2606 6
    endloop
  endfacet
  facet normal 0 0 1
    outer loop
      vertex 62.6877 42.811 6
      vertex 64.4299 55.2606 6
      vertex 64.1029 55.75 6
    endloop
  endfacet
  facet normal 0 0 1
    outer loop
      vertex 62.6877 42.811 6
      vertex 64.1029 55.75 6
      vertex 63.8425 56.2779 6
    endloop
  endfacet
  facet normal 0 0 1
    outer loop
      vertex 62.6877 42.811 6
      vertex 63.8425 56.2779 6
      vertex 63.6533 56.8353 6
    endloop
  endfacet
  facet normal 0 0 1
    outer loop
      vertex 66.8353 53.6533 6
      vertex 62.6877 42.811 6
      vertex 65.0062 42.1898 6
    endloop
  endfacet
  facet normal 0 0 1
    outer loop
      vertex 62.6877 42.811 6
      vertex 63.6533 56.8353 6
      vertex 63.5385 57.4126 6
    endloop
  endfacet
  facet normal 0 0 1
    outer loop
      vertex 62.6877 42.811 6
      vertex 63.5385 57.4126 6
      vertex 63.5 58 6
    endloop
  endfacet
  facet normal 0 0 1
    outer loop
      vertex 64.818 61.182 6
      vertex 55.8049 68.4978 6
      vertex 64.4299 60.7394 6
    endloop
  endfacet
  facet normal 0 0 1
    outer loop
      vertex 65.0062 42.1898 6
      vertex 62.6877 42.811 6
      vertex 63.6434 38.9795 6
    endloop
  endfacet
  facet normal 0 0 1
    outer loop
      vertex 63.6434 38.9795 6
      vertex 62.6877 42.811 6
      vertex 62.2627 39.3494 6
    endloop
  endfacet
  facet normal 0 0 1
    outer loop
      vertex 63.5 58 6
      vertex 58.9375 44.7035 6
      vertex 61.0162 43.5034 6
    endloop
  endfacet
  facet normal 0 0 1
    outer loop
      vertex 58.9375 44.7035 6
      vertex 58.869 40.7551 6
      vertex 61.0162 43.5034 6
    endloop
  endfacet
  facet normal 0 -0 1
    outer loop
      vertex 58.869 40.7551 6
      vertex 58.9375 44.7035 6
      vertex 57.631 41.4699 6
    endloop
  endfacet
  facet normal 0 0 1
    outer loop
      vertex 63.5 58 6
      vertex 55.8049 47.5022 6
      vertex 57.5022 45.8049 6
    endloop
  endfacet
  facet normal 0 0 1
    outer loop
      vertex 55.8049 47.5022 6
      vertex 54.7168 43.706 6
      vertex 57.5022 45.8049 6
    endloop
  endfacet
  facet normal 0 -0 1
    outer loop
      vertex 54.7168 43.706 6
      vertex 55.8049 47.5022 6
      vertex 53.706 44.7168 6
    endloop
  endfacet
  facet normal 0 0 1
    outer loop
      vertex 63.5 58 6
      vertex 53.5034 51.0162 6
      vertex 54.7035 48.9375 6
    endloop
  endfacet
  facet normal 0 0 1
    outer loop
      vertex 53.5034 51.0162 6
      vertex 51.4699 47.631 6
      vertex 54.7035 48.9375 6
    endloop
  endfacet
  facet normal 0 -0 1
    outer loop
      vertex 51.4699 47.631 6
      vertex 53.5034 51.0162 6
      vertex 50.7551 48.869 6
    endloop
  endfacet
  facet normal 0 0 1
    outer loop
      vertex 63.5 58 6
      vertex 52.1898 55.0062 6
      vertex 52.811 52.6877 6
    endloop
  endfacet
  facet normal 0 0 1
    outer loop
      vertex 52.1898 55.0062 6
      vertex 49.3494 52.2627 6
      vertex 52.811 52.6877 6
    endloop
  endfacet
  facet normal 0 -0 1
    outer loop
      vertex 49.3494 52.2627 6
      vertex 52.1898 55.0062 6
      vertex 48.9795 53.6434 6
    endloop
  endfacet
  facet normal 1 -0 0
    outer loop
      vertex 87.5 57.2853 6
      vertex 87.5 58.7147 0
      vertex 87.5 58.7147 6
    endloop
  endfacet
  facet normal 1 0 0
    outer loop
      vertex 87.5 58.7147 0
      vertex 87.5 57.2853 6
      vertex 87.5 57.2853 0
    endloop
  endfacet
  facet normal 0.139177 -0.990268 0
    outer loop
      vertex 84.0463 56.7999 0
      vertex 87.5 57.2853 6
      vertex 84.0463 56.7999 6
    endloop
  endfacet
  facet normal 0.139177 -0.990268 0
    outer loop
      vertex 87.5 57.2853 6
      vertex 84.0463 56.7999 0
      vertex 87.5 57.2853 0
    endloop
  endfacet
  facet normal -0.121857 0.992548 0
    outer loop
      vertex 86.6506 63.7373 0
      vertex 83.1889 63.3123 6
      vertex 86.6506 63.7373 6
    endloop
  endfacet
  facet normal -0.121857 0.992548 0
    outer loop
      vertex 83.1889 63.3123 6
      vertex 86.6506 63.7373 0
      vertex 83.1889 63.3123 0
    endloop
  endfacet
  facet normal 0.965936 0.258782 0
    outer loop
      vertex 87.0205 62.3566 6
      vertex 86.6506 63.7373 0
      vertex 86.6506 63.7373 6
    endloop
  endfacet
  facet normal 0.965936 0.258782 0
    outer loop
      vertex 86.6506 63.7373 0
      vertex 87.0205 62.3566 6
      vertex 87.0205 62.3566 0
    endloop
  endfacet
  facet normal 0.390757 -0.920494 0
    outer loop
      vertex 83.8102 60.9938 0
      vertex 87.0205 62.3566 6
      vertex 83.8102 60.9938 6
    endloop
  endfacet
  facet normal 0.390757 -0.920494 0
    outer loop
      vertex 87.0205 62.3566 6
      vertex 83.8102 60.9938 0
      vertex 87.0205 62.3566 0
    endloop
  endfacet
  facet normal -0.374617 0.92718 0
    outer loop
      vertex 84.5301 68.369 0
      vertex 81.2965 67.0625 6
      vertex 84.5301 68.369 6
    endloop
  endfacet
  facet normal -0.374617 0.92718 0
    outer loop
      vertex 81.2965 67.0625 6
      vertex 84.5301 68.369 0
      vertex 81.2965 67.0625 0
    endloop
  endfacet
  facet normal 0.866013 0.500021 0
    outer loop
      vertex 85.2449 67.131 6
      vertex 84.5301 68.369 0
      vertex 84.5301 68.369 6
    endloop
  endfacet
  facet normal 0.866013 0.500021 0
    outer loop
      vertex 84.5301 68.369 0
      vertex 85.2449 67.131 6
      vertex 85.2449 67.131 0
    endloop
  endfacet
  facet normal 0.61566 -0.788012 0
    outer loop
      vertex 82.4966 64.9838 0
      vertex 85.2449 67.131 6
      vertex 82.4966 64.9838 6
    endloop
  endfacet
  facet normal 0.61566 -0.788012 0
    outer loop
      vertex 85.2449 67.131 6
      vertex 82.4966 64.9838 0
      vertex 85.2449 67.131 0
    endloop
  endfacet
  facet normal -0.601806 0.798642 0
    outer loop
      vertex 81.2832 72.294 0
      vertex 78.4978 70.1951 6
      vertex 81.2832 72.294 6
    endloop
  endfacet
  facet normal -0.601806 0.798642 0
    outer loop
      vertex 78.4978 70.1951 6
      vertex 81.2832 72.294 0
      vertex 78.4978 70.1951 0
    endloop
  endfacet
  facet normal 0.707107 0.707107 0
    outer loop
      vertex 82.294 71.2832 6
      vertex 81.2832 72.294 0
      vertex 81.2832 72.294 6
    endloop
  endfacet
  facet normal 0.707107 0.707107 0
    outer loop
      vertex 81.2832 72.294 0
      vertex 82.294 71.2832 6
      vertex 82.294 71.2832 0
    endloop
  endfacet
  facet normal 0.798642 -0.601806 0
    outer loop
      vertex 80.1951 68.4978 6
      vertex 82.294 71.2832 0
      vertex 82.294 71.2832 6
    endloop
  endfacet
  facet normal 0.798642 -0.601806 0
    outer loop
      vertex 82.294 71.2832 0
      vertex 80.1951 68.4978 6
      vertex 80.1951 68.4978 0
    endloop
  endfacet
  facet normal -0.788012 0.61566 0
    outer loop
      vertex 74.9838 72.4966 0
      vertex 77.131 75.2449 6
      vertex 77.131 75.2449 0
    endloop
  endfacet
  facet normal -0.788012 0.61566 0
    outer loop
      vertex 77.131 75.2449 6
      vertex 74.9838 72.4966 0
      vertex 74.9838 72.4966 6
    endloop
  endfacet
  facet normal 0.500021 0.866013 -0
    outer loop
      vertex 78.369 74.5301 0
      vertex 77.131 75.2449 6
      vertex 78.369 74.5301 6
    endloop
  endfacet
  facet normal 0.500021 0.866013 0
    outer loop
      vertex 77.131 75.2449 6
      vertex 78.369 74.5301 0
      vertex 77.131 75.2449 0
    endloop
  endfacet
  facet normal 0.92718 -0.374617 0
    outer loop
      vertex 77.0625 71.2965 6
      vertex 78.369 74.5301 0
      vertex 78.369 74.5301 6
    endloop
  endfacet
  facet normal 0.92718 -0.374617 0
    outer loop
      vertex 78.369 74.5301 0
      vertex 77.0625 71.2965 6
      vertex 77.0625 71.2965 0
    endloop
  endfacet
  facet normal -0.920494 0.390757 0
    outer loop
      vertex 70.9938 73.8102 0
      vertex 72.3566 77.0205 6
      vertex 72.3566 77.0205 0
    endloop
  endfacet
  facet normal -0.920494 0.390757 0
    outer loop
      vertex 72.3566 77.0205 6
      vertex 70.9938 73.8102 0
      vertex 70.9938 73.8102 6
    endloop
  endfacet
  facet normal 0.258782 0.965936 -0
    outer loop
      vertex 73.7373 76.6506 0
      vertex 72.3566 77.0205 6
      vertex 73.7373 76.6506 6
    endloop
  endfacet
  facet normal 0.258782 0.965936 0
    outer loop
      vertex 72.3566 77.0205 6
      vertex 73.7373 76.6506 0
      vertex 72.3566 77.0205 0
    endloop
  endfacet
  facet normal 0.992548 -0.121857 0
    outer loop
      vertex 73.3123 73.1889 6
      vertex 73.7373 76.6506 0
      vertex 73.7373 76.6506 6
    endloop
  endfacet
  facet normal 0.992548 -0.121857 0
    outer loop
      vertex 73.7373 76.6506 0
      vertex 73.3123 73.1889 6
      vertex 73.3123 73.1889 0
    endloop
  endfacet
  facet normal 0.990268 0.139177 0
    outer loop
      vertex 69.2001 74.0463 6
      vertex 68.7147 77.5 0
      vertex 68.7147 77.5 6
    endloop
  endfacet
  facet normal 0.990268 0.139177 0
    outer loop
      vertex 68.7147 77.5 0
      vertex 69.2001 74.0463 6
      vertex 69.2001 74.0463 0
    endloop
  endfacet
  facet normal -0.990268 0.139177 0
    outer loop
      vertex 66.7999 74.0463 0
      vertex 67.2853 77.5 6
      vertex 67.2853 77.5 0
    endloop
  endfacet
  facet normal -0.990268 0.139177 0
    outer loop
      vertex 67.2853 77.5 6
      vertex 66.7999 74.0463 0
      vertex 66.7999 74.0463 6
    endloop
  endfacet
  facet normal 0 1 -0
    outer loop
      vertex 68.7147 77.5 0
      vertex 67.2853 77.5 6
      vertex 68.7147 77.5 6
    endloop
  endfacet
  facet normal 0 1 0
    outer loop
      vertex 67.2853 77.5 6
      vertex 68.7147 77.5 0
      vertex 67.2853 77.5 0
    endloop
  endfacet
  facet normal -0.992548 -0.121857 0
    outer loop
      vertex 62.6877 73.1889 0
      vertex 62.2627 76.6506 6
      vertex 62.2627 76.6506 0
    endloop
  endfacet
  facet normal -0.992548 -0.121857 0
    outer loop
      vertex 62.2627 76.6506 6
      vertex 62.6877 73.1889 0
      vertex 62.6877 73.1889 6
    endloop
  endfacet
  facet normal 0.920494 0.390757 0
    outer loop
      vertex 65.0062 73.8102 6
      vertex 63.6434 77.0205 0
      vertex 63.6434 77.0205 6
    endloop
  endfacet
  facet normal 0.920494 0.390757 0
    outer loop
      vertex 63.6434 77.0205 0
      vertex 65.0062 73.8102 6
      vertex 65.0062 73.8102 0
    endloop
  endfacet
  facet normal -0.258782 0.965936 0
    outer loop
      vertex 63.6434 77.0205 0
      vertex 62.2627 76.6506 6
      vertex 63.6434 77.0205 6
    endloop
  endfacet
  facet normal -0.258782 0.965936 0
    outer loop
      vertex 62.2627 76.6506 6
      vertex 63.6434 77.0205 0
      vertex 62.2627 76.6506 0
    endloop
  endfacet
  facet normal -0.92718 -0.374617 0
    outer loop
      vertex 58.9375 71.2965 0
      vertex 57.631 74.5301 6
      vertex 57.631 74.5301 0
    endloop
  endfacet
  facet normal -0.92718 -0.374617 0
    outer loop
      vertex 57.631 74.5301 6
      vertex 58.9375 71.2965 0
      vertex 58.9375 71.2965 6
    endloop
  endfacet
  facet normal 0.788012 0.61566 0
    outer loop
      vertex 61.0162 72.4966 6
      vertex 58.869 75.2449 0
      vertex 58.869 75.2449 6
    endloop
  endfacet
  facet normal 0.788012 0.61566 0
    outer loop
      vertex 58.869 75.2449 0
      vertex 61.0162 72.4966 6
      vertex 61.0162 72.4966 0
    endloop
  endfacet
  facet normal -0.500021 0.866013 0
    outer loop
      vertex 58.869 75.2449 0
      vertex 57.631 74.5301 6
      vertex 58.869 75.2449 6
    endloop
  endfacet
  facet normal -0.500021 0.866013 0
    outer loop
      vertex 57.631 74.5301 6
      vertex 58.869 75.2449 0
      vertex 57.631 74.5301 0
    endloop
  endfacet
  facet normal 0.601806 0.798642 -0
    outer loop
      vertex 57.5022 70.1951 0
      vertex 54.7168 72.294 6
      vertex 57.5022 70.1951 6
    endloop
  endfacet
  facet normal 0.601806 0.798642 0
    outer loop
      vertex 54.7168 72.294 6
      vertex 57.5022 70.1951 0
      vertex 54.7168 72.294 0
    endloop
  endfacet
  facet normal -0.798642 -0.601806 0
    outer loop
      vertex 55.8049 68.4978 0
      vertex 53.706 71.2832 6
      vertex 53.706 71.2832 0
    endloop
  endfacet
  facet normal -0.798642 -0.601806 0
    outer loop
      vertex 53.706 71.2832 6
      vertex 55.8049 68.4978 0
      vertex 55.8049 68.4978 6
    endloop
  endfacet
  facet normal -0.707107 0.707107 0
    outer loop
      vertex 54.7168 72.294 0
      vertex 53.706 71.2832 6
      vertex 54.7168 72.294 6
    endloop
  endfacet
  facet normal -0.707107 0.707107 0
    outer loop
      vertex 53.706 71.2832 6
      vertex 54.7168 72.294 0
      vertex 53.706 71.2832 0
    endloop
  endfacet
  facet normal 0.374617 0.92718 -0
    outer loop
      vertex 54.7035 67.0625 0
      vertex 51.4699 68.369 6
      vertex 54.7035 67.0625 6
    endloop
  endfacet
  facet normal 0.374617 0.92718 0
    outer loop
      vertex 51.4699 68.369 6
      vertex 54.7035 67.0625 0
      vertex 51.4699 68.369 0
    endloop
  endfacet
  facet normal -0.61566 -0.788012 0
    outer loop
      vertex 50.7551 67.131 0
      vertex 53.5034 64.9838 6
      vertex 50.7551 67.131 6
    endloop
  endfacet
  facet normal -0.61566 -0.788012 -0
    outer loop
      vertex 53.5034 64.9838 6
      vertex 50.7551 67.131 0
      vertex 53.5034 64.9838 0
    endloop
  endfacet
  facet normal -0.866013 0.500021 0
    outer loop
      vertex 50.7551 67.131 0
      vertex 51.4699 68.369 6
      vertex 51.4699 68.369 0
    endloop
  endfacet
  facet normal -0.866013 0.500021 0
    outer loop
      vertex 51.4699 68.369 6
      vertex 50.7551 67.131 0
      vertex 50.7551 67.131 6
    endloop
  endfacet
  facet normal 0.121861 0.992547 -0
    outer loop
      vertex 52.811 63.3123 0
      vertex 49.3494 63.7373 6
      vertex 52.811 63.3123 6
    endloop
  endfacet
  facet normal 0.121861 0.992547 0
    outer loop
      vertex 49.3494 63.7373 6
      vertex 52.811 63.3123 0
      vertex 49.3494 63.7373 0
    endloop
  endfacet
  facet normal -0.390757 -0.920494 0
    outer loop
      vertex 48.9795 62.3566 0
      vertex 52.1898 60.9938 6
      vertex 48.9795 62.3566 6
    endloop
  endfacet
  facet normal -0.390757 -0.920494 -0
    outer loop
      vertex 52.1898 60.9938 6
      vertex 48.9795 62.3566 0
      vertex 52.1898 60.9938 0
    endloop
  endfacet
  facet normal -0.965936 0.258782 0
    outer loop
      vertex 48.9795 62.3566 0
      vertex 49.3494 63.7373 6
      vertex 49.3494 63.7373 0
    endloop
  endfacet
  facet normal -0.965936 0.258782 0
    outer loop
      vertex 49.3494 63.7373 6
      vertex 48.9795 62.3566 0
      vertex 48.9795 62.3566 6
    endloop
  endfacet
  facet normal -0.139177 0.990268 0
    outer loop
      vertex 51.9537 59.2001 0
      vertex 48.5 58.7147 6
      vertex 51.9537 59.2001 6
    endloop
  endfacet
  facet normal -0.139177 0.990268 0
    outer loop
      vertex 48.5 58.7147 6
      vertex 51.9537 59.2001 0
      vertex 48.5 58.7147 0
    endloop
  endfacet
  facet normal -0.139177 -0.990268 0
    outer loop
      vertex 48.5 57.2853 0
      vertex 51.9537 56.7999 6
      vertex 48.5 57.2853 6
    endloop
  endfacet
  facet normal -0.139177 -0.990268 -0
    outer loop
      vertex 51.9537 56.7999 6
      vertex 48.5 57.2853 0
      vertex 51.9537 56.7999 0
    endloop
  endfacet
  facet normal -1 0 0
    outer loop
      vertex 48.5 57.2853 0
      vertex 48.5 58.7147 6
      vertex 48.5 58.7147 0
    endloop
  endfacet
  facet normal -1 -0 0
    outer loop
      vertex 48.5 58.7147 6
      vertex 48.5 57.2853 0
      vertex 48.5 57.2853 6
    endloop
  endfacet
  facet normal 0.121861 -0.992547 0
    outer loop
      vertex 49.3494 52.2627 0
      vertex 52.811 52.6877 6
      vertex 49.3494 52.2627 6
    endloop
  endfacet
  facet normal 0.121861 -0.992547 0
    outer loop
      vertex 52.811 52.6877 6
      vertex 49.3494 52.2627 0
      vertex 52.811 52.6877 0
    endloop
  endfacet
  facet normal -0.390757 0.920494 0
    outer loop
      vertex 52.1898 55.0062 0
      vertex 48.9795 53.6434 6
      vertex 52.1898 55.0062 6
    endloop
  endfacet
  facet normal -0.390757 0.920494 0
    outer loop
      vertex 48.9795 53.6434 6
      vertex 52.1898 55.0062 0
      vertex 48.9795 53.6434 0
    endloop
  endfacet
  facet normal -0.965936 -0.258782 0
    outer loop
      vertex 49.3494 52.2627 0
      vertex 48.9795 53.6434 6
      vertex 48.9795 53.6434 0
    endloop
  endfacet
  facet normal -0.965936 -0.258782 0
    outer loop
      vertex 48.9795 53.6434 6
      vertex 49.3494 52.2627 0
      vertex 49.3494 52.2627 6
    endloop
  endfacet
  facet normal 0.374617 -0.92718 0
    outer loop
      vertex 51.4699 47.631 0
      vertex 54.7035 48.9375 6
      vertex 51.4699 47.631 6
    endloop
  endfacet
  facet normal 0.374617 -0.92718 0
    outer loop
      vertex 54.7035 48.9375 6
      vertex 51.4699 47.631 0
      vertex 54.7035 48.9375 0
    endloop
  endfacet
  facet normal -0.61566 0.788012 0
    outer loop
      vertex 53.5034 51.0162 0
      vertex 50.7551 48.869 6
      vertex 53.5034 51.0162 6
    endloop
  endfacet
  facet normal -0.61566 0.788012 0
    outer loop
      vertex 50.7551 48.869 6
      vertex 53.5034 51.0162 0
      vertex 50.7551 48.869 0
    endloop
  endfacet
  facet normal -0.866013 -0.500021 0
    outer loop
      vertex 51.4699 47.631 0
      vertex 50.7551 48.869 6
      vertex 50.7551 48.869 0
    endloop
  endfacet
  facet normal -0.866013 -0.500021 0
    outer loop
      vertex 50.7551 48.869 6
      vertex 51.4699 47.631 0
      vertex 51.4699 47.631 6
    endloop
  endfacet
  facet normal -0.798642 0.601806 0
    outer loop
      vertex 53.706 44.7168 0
      vertex 55.8049 47.5022 6
      vertex 55.8049 47.5022 0
    endloop
  endfacet
  facet normal -0.798642 0.601806 0
    outer loop
      vertex 55.8049 47.5022 6
      vertex 53.706 44.7168 0
      vertex 53.706 44.7168 6
    endloop
  endfacet
  facet normal 0.601806 -0.798642 0
    outer loop
      vertex 54.7168 43.706 0
      vertex 57.5022 45.8049 6
      vertex 54.7168 43.706 6
    endloop
  endfacet
  facet normal 0.601806 -0.798642 0
    outer loop
      vertex 57.5022 45.8049 6
      vertex 54.7168 43.706 0
      vertex 57.5022 45.8049 0
    endloop
  endfacet
  facet normal -0.707107 -0.707107 0
    outer loop
      vertex 54.7168 43.706 0
      vertex 53.706 44.7168 6
      vertex 53.706 44.7168 0
    endloop
  endfacet
  facet normal -0.707107 -0.707107 0
    outer loop
      vertex 53.706 44.7168 6
      vertex 54.7168 43.706 0
      vertex 54.7168 43.706 6
    endloop
  endfacet
  facet normal -0.92718 0.374617 0
    outer loop
      vertex 57.631 41.4699 0
      vertex 58.9375 44.7035 6
      vertex 58.9375 44.7035 0
    endloop
  endfacet
  facet normal -0.92718 0.374617 0
    outer loop
      vertex 58.9375 44.7035 6
      vertex 57.631 41.4699 0
      vertex 57.631 41.4699 6
    endloop
  endfacet
  facet normal 0.788012 -0.61566 0
    outer loop
      vertex 58.869 40.7551 6
      vertex 61.0162 43.5034 0
      vertex 61.0162 43.5034 6
    endloop
  endfacet
  facet normal 0.788012 -0.61566 0
    outer loop
      vertex 61.0162 43.5034 0
      vertex 58.869 40.7551 6
      vertex 58.869 40.7551 0
    endloop
  endfacet
  facet normal -0.500021 -0.866013 0
    outer loop
      vertex 57.631 41.4699 0
      vertex 58.869 40.7551 6
      vertex 57.631 41.4699 6
    endloop
  endfacet
  facet normal -0.500021 -0.866013 -0
    outer loop
      vertex 58.869 40.7551 6
      vertex 57.631 41.4699 0
      vertex 58.869 40.7551 0
    endloop
  endfacet
  facet normal -0.992547 0.121861 0
    outer loop
      vertex 62.2627 39.3494 0
      vertex 62.6877 42.811 6
      vertex 62.6877 42.811 0
    endloop
  endfacet
  facet normal -0.992547 0.121861 0
    outer loop
      vertex 62.6877 42.811 6
      vertex 62.2627 39.3494 0
      vertex 62.2627 39.3494 6
    endloop
  endfacet
  facet normal 0.920494 -0.390757 0
    outer loop
      vertex 63.6434 38.9795 6
      vertex 65.0062 42.1898 0
      vertex 65.0062 42.1898 6
    endloop
  endfacet
  facet normal 0.920494 -0.390757 0
    outer loop
      vertex 65.0062 42.1898 0
      vertex 63.6434 38.9795 6
      vertex 63.6434 38.9795 0
    endloop
  endfacet
  facet normal -0.258782 -0.965936 0
    outer loop
      vertex 62.2627 39.3494 0
      vertex 63.6434 38.9795 6
      vertex 62.2627 39.3494 6
    endloop
  endfacet
  facet normal -0.258782 -0.965936 -0
    outer loop
      vertex 63.6434 38.9795 6
      vertex 62.2627 39.3494 0
      vertex 63.6434 38.9795 0
    endloop
  endfacet
  facet normal 0.990268 -0.139177 0
    outer loop
      vertex 68.7147 38.5 6
      vertex 69.2001 41.9537 0
      vertex 69.2001 41.9537 6
    endloop
  endfacet
  facet normal 0.990268 -0.139177 0
    outer loop
      vertex 69.2001 41.9537 0
      vertex 68.7147 38.5 6
      vertex 68.7147 38.5 0
    endloop
  endfacet
  facet normal 0 -1 0
    outer loop
      vertex 67.2853 38.5 0
      vertex 68.7147 38.5 6
      vertex 67.2853 38.5 6
    endloop
  endfacet
  facet normal 0 -1 -0
    outer loop
      vertex 68.7147 38.5 6
      vertex 67.2853 38.5 0
      vertex 68.7147 38.5 0
    endloop
  endfacet
  facet normal -0.990268 -0.139177 0
    outer loop
      vertex 67.2853 38.5 0
      vertex 66.7999 41.9537 6
      vertex 66.7999 41.9537 0
    endloop
  endfacet
  facet normal -0.990268 -0.139177 0
    outer loop
      vertex 66.7999 41.9537 6
      vertex 67.2853 38.5 0
      vertex 67.2853 38.5 6
    endloop
  endfacet
  facet normal 0.992547 0.121861 0
    outer loop
      vertex 73.7373 39.3494 6
      vertex 73.3123 42.811 0
      vertex 73.3123 42.811 6
    endloop
  endfacet
  facet normal 0.992547 0.121861 0
    outer loop
      vertex 73.3123 42.811 0
      vertex 73.7373 39.3494 6
      vertex 73.7373 39.3494 0
    endloop
  endfacet
  facet normal 0.258782 -0.965936 0
    outer loop
      vertex 72.3566 38.9795 0
      vertex 73.7373 39.3494 6
      vertex 72.3566 38.9795 6
    endloop
  endfacet
  facet normal 0.258782 -0.965936 0
    outer loop
      vertex 73.7373 39.3494 6
      vertex 72.3566 38.9795 0
      vertex 73.7373 39.3494 0
    endloop
  endfacet
  facet normal -0.920494 -0.390757 0
    outer loop
      vertex 72.3566 38.9795 0
      vertex 70.9938 42.1898 6
      vertex 70.9938 42.1898 0
    endloop
  endfacet
  facet normal -0.920494 -0.390757 0
    outer loop
      vertex 70.9938 42.1898 6
      vertex 72.3566 38.9795 0
      vertex 72.3566 38.9795 6
    endloop
  endfacet
  facet normal 0.92718 0.374617 0
    outer loop
      vertex 78.369 41.4699 6
      vertex 77.0625 44.7035 0
      vertex 77.0625 44.7035 6
    endloop
  endfacet
  facet normal 0.92718 0.374617 0
    outer loop
      vertex 77.0625 44.7035 0
      vertex 78.369 41.4699 6
      vertex 78.369 41.4699 0
    endloop
  endfacet
  facet normal 0.500021 -0.866013 0
    outer loop
      vertex 77.131 40.7551 0
      vertex 78.369 41.4699 6
      vertex 77.131 40.7551 6
    endloop
  endfacet
  facet normal 0.500021 -0.866013 0
    outer loop
      vertex 78.369 41.4699 6
      vertex 77.131 40.7551 0
      vertex 78.369 41.4699 0
    endloop
  endfacet
  facet normal -0.788012 -0.61566 0
    outer loop
      vertex 77.131 40.7551 0
      vertex 74.9838 43.5034 6
      vertex 74.9838 43.5034 0
    endloop
  endfacet
  facet normal -0.788012 -0.61566 0
    outer loop
      vertex 74.9838 43.5034 6
      vertex 77.131 40.7551 0
      vertex 77.131 40.7551 6
    endloop
  endfacet
  facet normal 0.798642 0.601806 0
    outer loop
      vertex 82.294 44.7168 6
      vertex 80.1951 47.5022 0
      vertex 80.1951 47.5022 6
    endloop
  endfacet
  facet normal 0.798642 0.601806 0
    outer loop
      vertex 80.1951 47.5022 0
      vertex 82.294 44.7168 6
      vertex 82.294 44.7168 0
    endloop
  endfacet
  facet normal 0.707107 -0.707107 0
    outer loop
      vertex 81.2832 43.706 6
      vertex 82.294 44.7168 0
      vertex 82.294 44.7168 6
    endloop
  endfacet
  facet normal 0.707107 -0.707107 0
    outer loop
      vertex 82.294 44.7168 0
      vertex 81.2832 43.706 6
      vertex 81.2832 43.706 0
    endloop
  endfacet
  facet normal -0.601806 -0.798642 0
    outer loop
      vertex 78.4978 45.8049 0
      vertex 81.2832 43.706 6
      vertex 78.4978 45.8049 6
    endloop
  endfacet
  facet normal -0.601806 -0.798642 -0
    outer loop
      vertex 81.2832 43.706 6
      vertex 78.4978 45.8049 0
      vertex 81.2832 43.706 0
    endloop
  endfacet
  facet normal 0.61566 0.788012 -0
    outer loop
      vertex 85.2449 48.869 0
      vertex 82.4966 51.0162 6
      vertex 85.2449 48.869 6
    endloop
  endfacet
  facet normal 0.61566 0.788012 0
    outer loop
      vertex 82.4966 51.0162 6
      vertex 85.2449 48.869 0
      vertex 82.4966 51.0162 0
    endloop
  endfacet
  facet normal 0.866013 -0.500021 0
    outer loop
      vertex 84.5301 47.631 6
      vertex 85.2449 48.869 0
      vertex 85.2449 48.869 6
    endloop
  endfacet
  facet normal 0.866013 -0.500021 0
    outer loop
      vertex 85.2449 48.869 0
      vertex 84.5301 47.631 6
      vertex 84.5301 47.631 0
    endloop
  endfacet
  facet normal -0.374617 -0.92718 0
    outer loop
      vertex 81.2965 48.9375 0
      vertex 84.5301 47.631 6
      vertex 81.2965 48.9375 6
    endloop
  endfacet
  facet normal -0.374617 -0.92718 -0
    outer loop
      vertex 84.5301 47.631 6
      vertex 81.2965 48.9375 0
      vertex 84.5301 47.631 0
    endloop
  endfacet
  facet normal 0.390757 0.920494 -0
    outer loop
      vertex 87.0205 53.6434 0
      vertex 83.8102 55.0062 6
      vertex 87.0205 53.6434 6
    endloop
  endfacet
  facet normal 0.390757 0.920494 0
    outer loop
      vertex 83.8102 55.0062 6
      vertex 87.0205 53.6434 0
      vertex 83.8102 55.0062 0
    endloop
  endfacet
  facet normal 0.965936 -0.258782 0
    outer loop
      vertex 86.6506 52.2627 6
      vertex 87.0205 53.6434 0
      vertex 87.0205 53.6434 6
    endloop
  endfacet
  facet normal 0.965936 -0.258782 0
    outer loop
      vertex 87.0205 53.6434 0
      vertex 86.6506 52.2627 6
      vertex 86.6506 52.2627 0
    endloop
  endfacet
  facet normal -0.121857 -0.992548 0
    outer loop
      vertex 83.1889 52.6877 0
      vertex 86.6506 52.2627 6
      vertex 83.1889 52.6877 6
    endloop
  endfacet
  facet normal -0.121857 -0.992548 -0
    outer loop
      vertex 86.6506 52.2627 6
      vertex 83.1889 52.6877 0
      vertex 86.6506 52.2627 0
    endloop
  endfacet
  facet normal 0.980796 -0.195034 0
    outer loop
      vertex 83.8102 55.0062 6
      vertex 83.987 55.8953 0
      vertex 83.987 55.8953 6
    endloop
  endfacet
  facet normal 0.980796 -0.195034 0
    outer loop
      vertex 83.987 55.8953 0
      vertex 83.8102 55.0062 6
      vertex 83.8102 55.0062 0
    endloop
  endfacet
  facet normal 0.980796 0.195034 0
    outer loop
      vertex 83.987 60.1047 6
      vertex 83.8102 60.9938 0
      vertex 83.8102 60.9938 6
    endloop
  endfacet
  facet normal 0.980796 0.195034 0
    outer loop
      vertex 83.8102 60.9938 0
      vertex 83.987 60.1047 6
      vertex 83.987 60.1047 0
    endloop
  endfacet
  facet normal 0.997858 0.0654134 0
    outer loop
      vertex 84.0463 59.2001 6
      vertex 83.987 60.1047 0
      vertex 83.987 60.1047 6
    endloop
  endfacet
  facet normal 0.997858 0.0654134 0
    outer loop
      vertex 83.987 60.1047 0
      vertex 84.0463 59.2001 6
      vertex 84.0463 59.2001 0
    endloop
  endfacet
  facet normal 0.946971 0.321319 0
    outer loop
      vertex 83.1889 63.3123 6
      vertex 82.8976 64.1708 0
      vertex 82.8976 64.1708 6
    endloop
  endfacet
  facet normal 0.946971 0.321319 0
    outer loop
      vertex 82.8976 64.1708 0
      vertex 83.1889 63.3123 6
      vertex 83.1889 63.3123 0
    endloop
  endfacet
  facet normal -0.997858 0.0654134 0
    outer loop
      vertex 51.9537 59.2001 0
      vertex 52.013 60.1047 6
      vertex 52.013 60.1047 0
    endloop
  endfacet
  facet normal -0.997858 0.0654134 0
    outer loop
      vertex 52.013 60.1047 6
      vertex 51.9537 59.2001 0
      vertex 51.9537 59.2001 6
    endloop
  endfacet
  facet normal 0.442353 -0.896841 0
    outer loop
      vertex 74.1708 43.1024 0
      vertex 74.9838 43.5034 6
      vertex 74.1708 43.1024 6
    endloop
  endfacet
  facet normal 0.442353 -0.896841 0
    outer loop
      vertex 74.9838 43.5034 6
      vertex 74.1708 43.1024 0
      vertex 74.9838 43.5034 0
    endloop
  endfacet
  facet normal 0.195034 0.980796 -0
    outer loop
      vertex 70.9938 73.8102 0
      vertex 70.1047 73.987 6
      vertex 70.9938 73.8102 6
    endloop
  endfacet
  facet normal 0.195034 0.980796 0
    outer loop
      vertex 70.1047 73.987 6
      vertex 70.9938 73.8102 0
      vertex 70.1047 73.987 0
    endloop
  endfacet
  facet normal 0.195034 -0.980796 0
    outer loop
      vertex 70.1047 42.013 0
      vertex 70.9938 42.1898 6
      vertex 70.1047 42.013 6
    endloop
  endfacet
  facet normal 0.195034 -0.980796 0
    outer loop
      vertex 70.9938 42.1898 6
      vertex 70.1047 42.013 0
      vertex 70.9938 42.1898 0
    endloop
  endfacet
  facet normal 0.0654134 -0.997858 0
    outer loop
      vertex 69.2001 41.9537 0
      vertex 70.1047 42.013 6
      vertex 69.2001 41.9537 6
    endloop
  endfacet
  facet normal 0.0654134 -0.997858 0
    outer loop
      vertex 70.1047 42.013 6
      vertex 69.2001 41.9537 0
      vertex 70.1047 42.013 0
    endloop
  endfacet
  facet normal -0.659371 0.751818 0
    outer loop
      vertex 58.1837 70.7928 0
      vertex 57.5022 70.1951 6
      vertex 58.1837 70.7928 6
    endloop
  endfacet
  facet normal -0.659371 0.751818 0
    outer loop
      vertex 57.5022 70.1951 6
      vertex 58.1837 70.7928 0
      vertex 57.5022 70.1951 0
    endloop
  endfacet
  facet normal -0.831456 0.555591 0
    outer loop
      vertex 54.7035 67.0625 0
      vertex 55.2072 67.8163 6
      vertex 55.2072 67.8163 0
    endloop
  endfacet
  facet normal -0.831456 0.555591 0
    outer loop
      vertex 55.2072 67.8163 6
      vertex 54.7035 67.0625 0
      vertex 54.7035 67.0625 6
    endloop
  endfacet
  facet normal 0.321319 0.946971 -0
    outer loop
      vertex 74.1708 72.8976 0
      vertex 73.3123 73.1889 6
      vertex 74.1708 72.8976 6
    endloop
  endfacet
  facet normal 0.321319 0.946971 0
    outer loop
      vertex 73.3123 73.1889 6
      vertex 74.1708 72.8976 0
      vertex 73.3123 73.1889 0
    endloop
  endfacet
  facet normal 0.659371 -0.751818 0
    outer loop
      vertex 77.8163 45.2072 0
      vertex 78.4978 45.8049 6
      vertex 77.8163 45.2072 6
    endloop
  endfacet
  facet normal 0.659371 -0.751818 0
    outer loop
      vertex 78.4978 45.8049 6
      vertex 77.8163 45.2072 0
      vertex 78.4978 45.8049 0
    endloop
  endfacet
  facet normal -0.442353 0.896841 0
    outer loop
      vertex 61.8292 72.8976 0
      vertex 61.0162 72.4966 6
      vertex 61.8292 72.8976 6
    endloop
  endfacet
  facet normal -0.442353 0.896841 0
    outer loop
      vertex 61.0162 72.4966 6
      vertex 61.8292 72.8976 0
      vertex 61.0162 72.4966 0
    endloop
  endfacet
  facet normal -0.0654134 -0.997858 0
    outer loop
      vertex 65.8953 42.013 0
      vertex 66.7999 41.9537 6
      vertex 65.8953 42.013 6
    endloop
  endfacet
  facet normal -0.0654134 -0.997858 -0
    outer loop
      vertex 66.7999 41.9537 6
      vertex 65.8953 42.013 0
      vertex 66.7999 41.9537 0
    endloop
  endfacet
  facet normal 0.751818 -0.659371 0
    outer loop
      vertex 80.1951 47.5022 6
      vertex 80.7928 48.1837 0
      vertex 80.7928 48.1837 6
    endloop
  endfacet
  facet normal 0.751818 -0.659371 0
    outer loop
      vertex 80.7928 48.1837 0
      vertex 80.1951 47.5022 6
      vertex 80.1951 47.5022 0
    endloop
  endfacet
  facet normal -0.946937 -0.321418 0
    outer loop
      vertex 53.1024 51.8292 0
      vertex 52.811 52.6877 6
      vertex 52.811 52.6877 0
    endloop
  endfacet
  facet normal -0.946937 -0.321418 0
    outer loop
      vertex 52.811 52.6877 6
      vertex 53.1024 51.8292 0
      vertex 53.1024 51.8292 6
    endloop
  endfacet
  facet normal 0.321418 -0.946937 0
    outer loop
      vertex 73.3123 42.811 0
      vertex 74.1708 43.1024 6
      vertex 73.3123 42.811 6
    endloop
  endfacet
  facet normal 0.321418 -0.946937 0
    outer loop
      vertex 74.1708 43.1024 6
      vertex 73.3123 42.811 0
      vertex 74.1708 43.1024 0
    endloop
  endfacet
  facet normal -0.321319 0.946971 0
    outer loop
      vertex 62.6877 73.1889 0
      vertex 61.8292 72.8976 6
      vertex 62.6877 73.1889 6
    endloop
  endfacet
  facet normal -0.321319 0.946971 0
    outer loop
      vertex 61.8292 72.8976 6
      vertex 62.6877 73.1889 0
      vertex 61.8292 72.8976 0
    endloop
  endfacet
  facet normal -0.555591 0.831456 0
    outer loop
      vertex 58.9375 71.2965 0
      vertex 58.1837 70.7928 6
      vertex 58.9375 71.2965 6
    endloop
  endfacet
  facet normal -0.555591 0.831456 0
    outer loop
      vertex 58.1837 70.7928 6
      vertex 58.9375 71.2965 0
      vertex 58.1837 70.7928 0
    endloop
  endfacet
  facet normal -0.946937 0.321418 0
    outer loop
      vertex 52.811 63.3123 0
      vertex 53.1024 64.1708 6
      vertex 53.1024 64.1708 0
    endloop
  endfacet
  facet normal -0.946937 0.321418 0
    outer loop
      vertex 53.1024 64.1708 6
      vertex 52.811 63.3123 0
      vertex 52.811 63.3123 6
    endloop
  endfacet
  facet normal 0.896841 0.442353 0
    outer loop
      vertex 82.8976 64.1708 6
      vertex 82.4966 64.9838 0
      vertex 82.4966 64.9838 6
    endloop
  endfacet
  facet normal 0.896841 0.442353 0
    outer loop
      vertex 82.4966 64.9838 0
      vertex 82.8976 64.1708 6
      vertex 82.8976 64.1708 0
    endloop
  endfacet
  facet normal -0.195034 0.980796 0
    outer loop
      vertex 65.8953 73.987 0
      vertex 65.0062 73.8102 6
      vertex 65.8953 73.987 6
    endloop
  endfacet
  facet normal -0.195034 0.980796 0
    outer loop
      vertex 65.0062 73.8102 6
      vertex 65.8953 73.987 0
      vertex 65.0062 73.8102 0
    endloop
  endfacet
  facet normal 0.659371 0.751818 -0
    outer loop
      vertex 78.4978 70.1951 0
      vertex 77.8163 70.7928 6
      vertex 78.4978 70.1951 6
    endloop
  endfacet
  facet normal 0.659371 0.751818 0
    outer loop
      vertex 77.8163 70.7928 6
      vertex 78.4978 70.1951 0
      vertex 77.8163 70.7928 0
    endloop
  endfacet
  facet normal 0.997858 -0.0654134 0
    outer loop
      vertex 83.987 55.8953 6
      vertex 84.0463 56.7999 0
      vertex 84.0463 56.7999 6
    endloop
  endfacet
  facet normal 0.997858 -0.0654134 0
    outer loop
      vertex 84.0463 56.7999 0
      vertex 83.987 55.8953 6
      vertex 83.987 55.8953 0
    endloop
  endfacet
  facet normal 0.442353 0.896841 -0
    outer loop
      vertex 74.9838 72.4966 0
      vertex 74.1708 72.8976 6
      vertex 74.9838 72.4966 6
    endloop
  endfacet
  facet normal 0.442353 0.896841 0
    outer loop
      vertex 74.1708 72.8976 6
      vertex 74.9838 72.4966 0
      vertex 74.1708 72.8976 0
    endloop
  endfacet
  facet normal -0.321418 -0.946937 0
    outer loop
      vertex 61.8292 43.1024 0
      vertex 62.6877 42.811 6
      vertex 61.8292 43.1024 6
    endloop
  endfacet
  facet normal -0.321418 -0.946937 -0
    outer loop
      vertex 62.6877 42.811 6
      vertex 61.8292 43.1024 0
      vertex 62.6877 42.811 0
    endloop
  endfacet
  facet normal -0.980796 0.195034 0
    outer loop
      vertex 52.013 60.1047 0
      vertex 52.1898 60.9938 6
      vertex 52.1898 60.9938 0
    endloop
  endfacet
  facet normal -0.980796 0.195034 0
    outer loop
      vertex 52.1898 60.9938 6
      vertex 52.013 60.1047 0
      vertex 52.013 60.1047 6
    endloop
  endfacet
  facet normal -0.0654134 0.997858 0
    outer loop
      vertex 66.7999 74.0463 0
      vertex 65.8953 73.987 6
      vertex 66.7999 74.0463 6
    endloop
  endfacet
  facet normal -0.0654134 0.997858 0
    outer loop
      vertex 65.8953 73.987 6
      vertex 66.7999 74.0463 0
      vertex 65.8953 73.987 0
    endloop
  endfacet
  facet normal 0.946971 -0.321319 0
    outer loop
      vertex 82.8976 51.8292 6
      vertex 83.1889 52.6877 0
      vertex 83.1889 52.6877 6
    endloop
  endfacet
  facet normal 0.946971 -0.321319 0
    outer loop
      vertex 83.1889 52.6877 0
      vertex 82.8976 51.8292 6
      vertex 82.8976 51.8292 0
    endloop
  endfacet
  facet normal 0.831456 0.555591 0
    outer loop
      vertex 81.2965 67.0625 6
      vertex 80.7928 67.8163 0
      vertex 80.7928 67.8163 6
    endloop
  endfacet
  facet normal 0.831456 0.555591 0
    outer loop
      vertex 80.7928 67.8163 0
      vertex 81.2965 67.0625 6
      vertex 81.2965 67.0625 0
    endloop
  endfacet
  facet normal 0.751818 0.659371 0
    outer loop
      vertex 80.7928 67.8163 6
      vertex 80.1951 68.4978 0
      vertex 80.1951 68.4978 6
    endloop
  endfacet
  facet normal 0.751818 0.659371 0
    outer loop
      vertex 80.1951 68.4978 0
      vertex 80.7928 67.8163 6
      vertex 80.7928 67.8163 0
    endloop
  endfacet
  facet normal -0.896841 -0.442353 0
    outer loop
      vertex 53.5034 51.0162 0
      vertex 53.1024 51.8292 6
      vertex 53.1024 51.8292 0
    endloop
  endfacet
  facet normal -0.896841 -0.442353 0
    outer loop
      vertex 53.1024 51.8292 6
      vertex 53.5034 51.0162 0
      vertex 53.5034 51.0162 6
    endloop
  endfacet
  facet normal 0.896841 -0.442353 0
    outer loop
      vertex 82.4966 51.0162 6
      vertex 82.8976 51.8292 0
      vertex 82.8976 51.8292 6
    endloop
  endfacet
  facet normal 0.896841 -0.442353 0
    outer loop
      vertex 82.8976 51.8292 0
      vertex 82.4966 51.0162 6
      vertex 82.4966 51.0162 0
    endloop
  endfacet
  facet normal -0.751818 -0.659371 0
    outer loop
      vertex 55.8049 47.5022 0
      vertex 55.2072 48.1837 6
      vertex 55.2072 48.1837 0
    endloop
  endfacet
  facet normal -0.751818 -0.659371 0
    outer loop
      vertex 55.2072 48.1837 6
      vertex 55.8049 47.5022 0
      vertex 55.8049 47.5022 6
    endloop
  endfacet
  facet normal 0.831456 -0.555591 0
    outer loop
      vertex 80.7928 48.1837 6
      vertex 81.2965 48.9375 0
      vertex 81.2965 48.9375 6
    endloop
  endfacet
  facet normal 0.831456 -0.555591 0
    outer loop
      vertex 81.2965 48.9375 0
      vertex 80.7928 48.1837 6
      vertex 80.7928 48.1837 0
    endloop
  endfacet
  facet normal -0.751818 0.659371 0
    outer loop
      vertex 55.2072 67.8163 0
      vertex 55.8049 68.4978 6
      vertex 55.8049 68.4978 0
    endloop
  endfacet
  facet normal -0.751818 0.659371 0
    outer loop
      vertex 55.8049 68.4978 6
      vertex 55.2072 67.8163 0
      vertex 55.2072 67.8163 6
    endloop
  endfacet
  facet normal 0.0654134 0.997858 -0
    outer loop
      vertex 70.1047 73.987 0
      vertex 69.2001 74.0463 6
      vertex 70.1047 73.987 6
    endloop
  endfacet
  facet normal 0.0654134 0.997858 0
    outer loop
      vertex 69.2001 74.0463 6
      vertex 70.1047 73.987 0
      vertex 69.2001 74.0463 0
    endloop
  endfacet
  facet normal 0.555591 0.831456 -0
    outer loop
      vertex 77.8163 70.7928 0
      vertex 77.0625 71.2965 6
      vertex 77.8163 70.7928 6
    endloop
  endfacet
  facet normal 0.555591 0.831456 0
    outer loop
      vertex 77.0625 71.2965 6
      vertex 77.8163 70.7928 0
      vertex 77.0625 71.2965 0
    endloop
  endfacet
  facet normal -0.442353 -0.896841 0
    outer loop
      vertex 61.0162 43.5034 0
      vertex 61.8292 43.1024 6
      vertex 61.0162 43.5034 6
    endloop
  endfacet
  facet normal -0.442353 -0.896841 -0
    outer loop
      vertex 61.8292 43.1024 6
      vertex 61.0162 43.5034 0
      vertex 61.8292 43.1024 0
    endloop
  endfacet
  facet normal -0.831456 -0.555591 0
    outer loop
      vertex 55.2072 48.1837 0
      vertex 54.7035 48.9375 6
      vertex 54.7035 48.9375 0
    endloop
  endfacet
  facet normal -0.831456 -0.555591 0
    outer loop
      vertex 54.7035 48.9375 6
      vertex 55.2072 48.1837 0
      vertex 55.2072 48.1837 6
    endloop
  endfacet
  facet normal -0.980796 -0.195034 0
    outer loop
      vertex 52.1898 55.0062 0
      vertex 52.013 55.8953 6
      vertex 52.013 55.8953 0
    endloop
  endfacet
  facet normal -0.980796 -0.195034 0
    outer loop
      vertex 52.013 55.8953 6
      vertex 52.1898 55.0062 0
      vertex 52.1898 55.0062 6
    endloop
  endfacet
  facet normal -0.195034 -0.980796 0
    outer loop
      vertex 65.0062 42.1898 0
      vertex 65.8953 42.013 6
      vertex 65.0062 42.1898 6
    endloop
  endfacet
  facet normal -0.195034 -0.980796 -0
    outer loop
      vertex 65.8953 42.013 6
      vertex 65.0062 42.1898 0
      vertex 65.8953 42.013 0
    endloop
  endfacet
  facet normal -0.659371 -0.751818 0
    outer loop
      vertex 57.5022 45.8049 0
      vertex 58.1837 45.2072 6
      vertex 57.5022 45.8049 6
    endloop
  endfacet
  facet normal -0.659371 -0.751818 -0
    outer loop
      vertex 58.1837 45.2072 6
      vertex 57.5022 45.8049 0
      vertex 58.1837 45.2072 0
    endloop
  endfacet
  facet normal -0.896841 0.442353 0
    outer loop
      vertex 53.1024 64.1708 0
      vertex 53.5034 64.9838 6
      vertex 53.5034 64.9838 0
    endloop
  endfacet
  facet normal -0.896841 0.442353 0
    outer loop
      vertex 53.5034 64.9838 6
      vertex 53.1024 64.1708 0
      vertex 53.1024 64.1708 6
    endloop
  endfacet
  facet normal -0.997858 -0.0654134 0
    outer loop
      vertex 52.013 55.8953 0
      vertex 51.9537 56.7999 6
      vertex 51.9537 56.7999 0
    endloop
  endfacet
  facet normal -0.997858 -0.0654134 0
    outer loop
      vertex 51.9537 56.7999 6
      vertex 52.013 55.8953 0
      vertex 52.013 55.8953 6
    endloop
  endfacet
  facet normal 0.555591 -0.831456 0
    outer loop
      vertex 77.0625 44.7035 0
      vertex 77.8163 45.2072 6
      vertex 77.0625 44.7035 6
    endloop
  endfacet
  facet normal 0.555591 -0.831456 0
    outer loop
      vertex 77.8163 45.2072 6
      vertex 77.0625 44.7035 0
      vertex 77.8163 45.2072 0
    endloop
  endfacet
  facet normal -0.555591 -0.831456 0
    outer loop
      vertex 58.1837 45.2072 0
      vertex 58.9375 44.7035 6
      vertex 58.1837 45.2072 6
    endloop
  endfacet
  facet normal -0.555591 -0.831456 -0
    outer loop
      vertex 58.9375 44.7035 6
      vertex 58.1837 45.2072 0
      vertex 58.9375 44.7035 0
    endloop
  endfacet
  facet normal 0.980796 0.195038 0
    outer loop
      vertex 72.4615 58.5874 8
      vertex 72.3467 59.1647 6
      vertex 72.3467 59.1647 8
    endloop
  endfacet
  facet normal 0.980796 0.195038 0
    outer loop
      vertex 72.3467 59.1647 6
      vertex 72.4615 58.5874 8
      vertex 72.4615 58.5874 6
    endloop
  endfacet
  facet normal 0.997859 0.0654027 0
    outer loop
      vertex 72.5 58 8
      vertex 72.4615 58.5874 6
      vertex 72.4615 58.5874 8
    endloop
  endfacet
  facet normal 0.997859 0.0654027 0
    outer loop
      vertex 72.4615 58.5874 6
      vertex 72.5 58 8
      vertex 72.5 58 6
    endloop
  endfacet
  facet normal 0.980796 -0.195038 0
    outer loop
      vertex 72.3467 56.8353 8
      vertex 72.4615 57.4126 6
      vertex 72.4615 57.4126 8
    endloop
  endfacet
  facet normal 0.980796 -0.195038 0
    outer loop
      vertex 72.4615 57.4126 6
      vertex 72.3467 56.8353 8
      vertex 72.3467 56.8353 6
    endloop
  endfacet
  facet normal 0 0 1
    outer loop
      vertex 72.4615 58.5874 8
      vertex 70.2308 58.2937 8
      vertex 70.25 58 8
    endloop
  endfacet
  facet normal 0 0 1
    outer loop
      vertex 70.7394 61.5701 8
      vertex 70.1733 58.5823 8
      vertex 70.2308 58.2937 8
    endloop
  endfacet
  facet normal 0 0 1
    outer loop
      vertex 70.7394 61.5701 8
      vertex 70.0787 58.861 8
      vertex 70.1733 58.5823 8
    endloop
  endfacet
  facet normal 0 0 1
    outer loop
      vertex 70.7394 61.5701 8
      vertex 69.9486 59.125 8
      vertex 70.0787 58.861 8
    endloop
  endfacet
  facet normal 0 0 1
    outer loop
      vertex 70.7394 61.5701 8
      vertex 69.785 59.3697 8
      vertex 69.9486 59.125 8
    endloop
  endfacet
  facet normal 0 0 1
    outer loop
      vertex 69.125 59.9486 8
      vertex 70.25 61.8971 8
      vertex 69.7221 62.1575 8
    endloop
  endfacet
  facet normal 0 0 1
    outer loop
      vertex 70.7394 61.5701 8
      vertex 69.591 59.591 8
      vertex 69.785 59.3697 8
    endloop
  endfacet
  facet normal 0 0 1
    outer loop
      vertex 70.7394 61.5701 8
      vertex 69.3697 59.785 8
      vertex 69.591 59.591 8
    endloop
  endfacet
  facet normal 0 0 1
    outer loop
      vertex 68.861 60.0787 8
      vertex 69.7221 62.1575 8
      vertex 69.1647 62.3467 8
    endloop
  endfacet
  facet normal 0 0 1
    outer loop
      vertex 70.25 61.8971 8
      vertex 69.125 59.9486 8
      vertex 69.3697 59.785 8
    endloop
  endfacet
  facet normal 0 0 1
    outer loop
      vertex 69.7221 62.1575 8
      vertex 68.861 60.0787 8
      vertex 69.125 59.9486 8
    endloop
  endfacet
  facet normal 0 0 1
    outer loop
      vertex 68.5823 60.1733 8
      vertex 69.1647 62.3467 8
      vertex 68.5874 62.4615 8
    endloop
  endfacet
  facet normal 0 0 1
    outer loop
      vertex 69.1647 62.3467 8
      vertex 68.5823 60.1733 8
      vertex 68.861 60.0787 8
    endloop
  endfacet
  facet normal 0 0 1
    outer loop
      vertex 68.5874 62.4615 8
      vertex 68.2937 60.2308 8
      vertex 68.5823 60.1733 8
    endloop
  endfacet
  facet normal 0 0 1
    outer loop
      vertex 68 62.5 8
      vertex 68.2937 60.2308 8
      vertex 68.5874 62.4615 8
    endloop
  endfacet
  facet normal 0 0 1
    outer loop
      vertex 68 62.5 8
      vertex 68 60.25 8
      vertex 68.2937 60.2308 8
    endloop
  endfacet
  facet normal 0 0 1
    outer loop
      vertex 68 62.5 8
      vertex 67.7063 60.2308 8
      vertex 68 60.25 8
    endloop
  endfacet
  facet normal -0 0 1
    outer loop
      vertex 67.4126 62.4615 8
      vertex 67.7063 60.2308 8
      vertex 68 62.5 8
    endloop
  endfacet
  facet normal 0 0 1
    outer loop
      vertex 67.7063 60.2308 8
      vertex 67.4126 62.4615 8
      vertex 67.4177 60.1733 8
    endloop
  endfacet
  facet normal -0 0 1
    outer loop
      vertex 66.8353 62.3467 8
      vertex 67.4177 60.1733 8
      vertex 67.4126 62.4615 8
    endloop
  endfacet
  facet normal 0 0 1
    outer loop
      vertex 67.4177 60.1733 8
      vertex 66.8353 62.3467 8
      vertex 67.139 60.0787 8
    endloop
  endfacet
  facet normal -0 0 1
    outer loop
      vertex 66.2779 62.1575 8
      vertex 67.139 60.0787 8
      vertex 66.8353 62.3467 8
    endloop
  endfacet
  facet normal 0 0 1
    outer loop
      vertex 67.139 60.0787 8
      vertex 66.2779 62.1575 8
      vertex 66.875 59.9486 8
    endloop
  endfacet
  facet normal -0 0 1
    outer loop
      vertex 65.75 61.8971 8
      vertex 66.875 59.9486 8
      vertex 66.2779 62.1575 8
    endloop
  endfacet
  facet normal 0 0 1
    outer loop
      vertex 66.875 59.9486 8
      vertex 65.75 61.8971 8
      vertex 66.6303 59.785 8
    endloop
  endfacet
  facet normal -0 0 1
    outer loop
      vertex 65.2606 61.5701 8
      vertex 66.6303 59.785 8
      vertex 65.75 61.8971 8
    endloop
  endfacet
  facet normal 0 0 1
    outer loop
      vertex 66.6303 59.785 8
      vertex 65.2606 61.5701 8
      vertex 66.409 59.591 8
    endloop
  endfacet
  facet normal -0 0 1
    outer loop
      vertex 64.818 61.182 8
      vertex 66.409 59.591 8
      vertex 65.2606 61.5701 8
    endloop
  endfacet
  facet normal 0 0 1
    outer loop
      vertex 66.409 59.591 8
      vertex 64.818 61.182 8
      vertex 66.215 59.3697 8
    endloop
  endfacet
  facet normal -0 0 1
    outer loop
      vertex 64.4299 60.7394 8
      vertex 66.215 59.3697 8
      vertex 64.818 61.182 8
    endloop
  endfacet
  facet normal 0 0 1
    outer loop
      vertex 66.215 59.3697 8
      vertex 64.4299 60.7394 8
      vertex 66.0514 59.125 8
    endloop
  endfacet
  facet normal -0 0 1
    outer loop
      vertex 64.1029 60.25 8
      vertex 66.0514 59.125 8
      vertex 64.4299 60.7394 8
    endloop
  endfacet
  facet normal 0 0 1
    outer loop
      vertex 66.0514 59.125 8
      vertex 64.1029 60.25 8
      vertex 65.9213 58.861 8
    endloop
  endfacet
  facet normal -0 0 1
    outer loop
      vertex 63.8425 59.7221 8
      vertex 65.9213 58.861 8
      vertex 64.1029 60.25 8
    endloop
  endfacet
  facet normal 0 0 1
    outer loop
      vertex 65.75 58 8
      vertex 65.2606 54.4299 8
      vertex 65.75 54.1029 8
    endloop
  endfacet
  facet normal 0 0 1
    outer loop
      vertex 65.9213 58.861 8
      vertex 63.8425 59.7221 8
      vertex 65.8267 58.5823 8
    endloop
  endfacet
  facet normal 0 0 1
    outer loop
      vertex 65.75 58 8
      vertex 64.818 54.818 8
      vertex 65.2606 54.4299 8
    endloop
  endfacet
  facet normal -0 0 1
    outer loop
      vertex 63.6533 59.1647 8
      vertex 65.8267 58.5823 8
      vertex 63.8425 59.7221 8
    endloop
  endfacet
  facet normal 0 0 1
    outer loop
      vertex 65.75 58 8
      vertex 64.4299 55.2606 8
      vertex 64.818 54.818 8
    endloop
  endfacet
  facet normal 0 0 1
    outer loop
      vertex 65.8267 58.5823 8
      vertex 63.6533 59.1647 8
      vertex 65.7692 58.2937 8
    endloop
  endfacet
  facet normal 0 0 1
    outer loop
      vertex 65.75 58 8
      vertex 64.1029 55.75 8
      vertex 64.4299 55.2606 8
    endloop
  endfacet
  facet normal -0 0 1
    outer loop
      vertex 63.5385 58.5874 8
      vertex 65.7692 58.2937 8
      vertex 63.6533 59.1647 8
    endloop
  endfacet
  facet normal 0 0 1
    outer loop
      vertex 65.75 58 8
      vertex 63.8425 56.2779 8
      vertex 64.1029 55.75 8
    endloop
  endfacet
  facet normal 0 0 1
    outer loop
      vertex 65.7692 58.2937 8
      vertex 63.5385 58.5874 8
      vertex 65.75 58 8
    endloop
  endfacet
  facet normal 0 0 1
    outer loop
      vertex 65.75 58 8
      vertex 63.6533 56.8353 8
      vertex 63.8425 56.2779 8
    endloop
  endfacet
  facet normal 0 0 1
    outer loop
      vertex 63.5 58 8
      vertex 65.75 58 8
      vertex 63.5385 58.5874 8
    endloop
  endfacet
  facet normal 0 0 1
    outer loop
      vertex 65.75 58 8
      vertex 63.5385 57.4126 8
      vertex 63.6533 56.8353 8
    endloop
  endfacet
  facet normal 0 0 1
    outer loop
      vertex 65.75 58 8
      vertex 63.5 58 8
      vertex 63.5385 57.4126 8
    endloop
  endfacet
  facet normal 0 0 1
    outer loop
      vertex 70.25 58 8
      vertex 72.5 58 8
      vertex 72.4615 58.5874 8
    endloop
  endfacet
  facet normal 0 0 1
    outer loop
      vertex 70.2308 58.2937 8
      vertex 72.4615 58.5874 8
      vertex 72.3467 59.1647 8
    endloop
  endfacet
  facet normal 0 0 1
    outer loop
      vertex 72.5 58 8
      vertex 70.25 58 8
      vertex 72.4615 57.4126 8
    endloop
  endfacet
  facet normal 0 0 1
    outer loop
      vertex 70.2308 58.2937 8
      vertex 72.3467 59.1647 8
      vertex 72.1575 59.7221 8
    endloop
  endfacet
  facet normal -0 0 1
    outer loop
      vertex 70.2308 57.7063 8
      vertex 72.4615 57.4126 8
      vertex 70.25 58 8
    endloop
  endfacet
  facet normal 0 0 1
    outer loop
      vertex 70.2308 58.2937 8
      vertex 72.1575 59.7221 8
      vertex 71.8971 60.25 8
    endloop
  endfacet
  facet normal 0 0 1
    outer loop
      vertex 72.4615 57.4126 8
      vertex 70.2308 57.7063 8
      vertex 72.3467 56.8353 8
    endloop
  endfacet
  facet normal 0 0 1
    outer loop
      vertex 70.2308 58.2937 8
      vertex 71.8971 60.25 8
      vertex 71.5701 60.7394 8
    endloop
  endfacet
  facet normal -0 0 1
    outer loop
      vertex 70.1733 57.4177 8
      vertex 72.3467 56.8353 8
      vertex 70.2308 57.7063 8
    endloop
  endfacet
  facet normal 0 0 1
    outer loop
      vertex 70.2308 58.2937 8
      vertex 71.5701 60.7394 8
      vertex 71.182 61.182 8
    endloop
  endfacet
  facet normal 0 0 1
    outer loop
      vertex 72.3467 56.8353 8
      vertex 70.1733 57.4177 8
      vertex 72.1575 56.2779 8
    endloop
  endfacet
  facet normal 0 0 1
    outer loop
      vertex 70.2308 58.2937 8
      vertex 71.182 61.182 8
      vertex 70.7394 61.5701 8
    endloop
  endfacet
  facet normal -0 0 1
    outer loop
      vertex 70.0787 57.139 8
      vertex 72.1575 56.2779 8
      vertex 70.1733 57.4177 8
    endloop
  endfacet
  facet normal 0 0 1
    outer loop
      vertex 69.3697 59.785 8
      vertex 70.7394 61.5701 8
      vertex 70.25 61.8971 8
    endloop
  endfacet
  facet normal 0 0 1
    outer loop
      vertex 72.1575 56.2779 8
      vertex 70.0787 57.139 8
      vertex 71.8971 55.75 8
    endloop
  endfacet
  facet normal -0 0 1
    outer loop
      vertex 69.9486 56.875 8
      vertex 71.8971 55.75 8
      vertex 70.0787 57.139 8
    endloop
  endfacet
  facet normal 0 0 1
    outer loop
      vertex 71.8971 55.75 8
      vertex 69.9486 56.875 8
      vertex 71.5701 55.2606 8
    endloop
  endfacet
  facet normal -0 0 1
    outer loop
      vertex 69.785 56.6303 8
      vertex 71.5701 55.2606 8
      vertex 69.9486 56.875 8
    endloop
  endfacet
  facet normal 0 0 1
    outer loop
      vertex 71.5701 55.2606 8
      vertex 69.785 56.6303 8
      vertex 71.182 54.818 8
    endloop
  endfacet
  facet normal -0 0 1
    outer loop
      vertex 69.591 56.409 8
      vertex 71.182 54.818 8
      vertex 69.785 56.6303 8
    endloop
  endfacet
  facet normal 0 0 1
    outer loop
      vertex 71.182 54.818 8
      vertex 69.591 56.409 8
      vertex 70.7394 54.4299 8
    endloop
  endfacet
  facet normal -0 0 1
    outer loop
      vertex 69.3697 56.215 8
      vertex 70.7394 54.4299 8
      vertex 69.591 56.409 8
    endloop
  endfacet
  facet normal 0 0 1
    outer loop
      vertex 70.7394 54.4299 8
      vertex 69.3697 56.215 8
      vertex 70.25 54.1029 8
    endloop
  endfacet
  facet normal -0 0 1
    outer loop
      vertex 69.125 56.0514 8
      vertex 70.25 54.1029 8
      vertex 69.3697 56.215 8
    endloop
  endfacet
  facet normal 0 0 1
    outer loop
      vertex 70.25 54.1029 8
      vertex 69.125 56.0514 8
      vertex 69.7221 53.8425 8
    endloop
  endfacet
  facet normal -0 0 1
    outer loop
      vertex 68.861 55.9213 8
      vertex 69.7221 53.8425 8
      vertex 69.125 56.0514 8
    endloop
  endfacet
  facet normal 0 0 1
    outer loop
      vertex 69.7221 53.8425 8
      vertex 68.861 55.9213 8
      vertex 69.1647 53.6533 8
    endloop
  endfacet
  facet normal -0 0 1
    outer loop
      vertex 68.5823 55.8267 8
      vertex 69.1647 53.6533 8
      vertex 68.861 55.9213 8
    endloop
  endfacet
  facet normal 0 0 1
    outer loop
      vertex 69.1647 53.6533 8
      vertex 68.5823 55.8267 8
      vertex 68.5874 53.5385 8
    endloop
  endfacet
  facet normal -0 0 1
    outer loop
      vertex 68.2937 55.7692 8
      vertex 68.5874 53.5385 8
      vertex 68.5823 55.8267 8
    endloop
  endfacet
  facet normal -0 0 1
    outer loop
      vertex 68 55.75 8
      vertex 68.5874 53.5385 8
      vertex 68.2937 55.7692 8
    endloop
  endfacet
  facet normal 0 0 1
    outer loop
      vertex 68 55.75 8
      vertex 68 53.5 8
      vertex 68.5874 53.5385 8
    endloop
  endfacet
  facet normal 0 0 1
    outer loop
      vertex 67.7063 55.7692 8
      vertex 68 53.5 8
      vertex 68 55.75 8
    endloop
  endfacet
  facet normal 0 0 1
    outer loop
      vertex 67.4126 53.5385 8
      vertex 67.7063 55.7692 8
      vertex 67.4177 55.8267 8
    endloop
  endfacet
  facet normal 0 0 1
    outer loop
      vertex 67.7063 55.7692 8
      vertex 67.4126 53.5385 8
      vertex 68 53.5 8
    endloop
  endfacet
  facet normal 0 0 1
    outer loop
      vertex 66.8353 53.6533 8
      vertex 67.4177 55.8267 8
      vertex 67.139 55.9213 8
    endloop
  endfacet
  facet normal 0 0 1
    outer loop
      vertex 66.2779 53.8425 8
      vertex 67.139 55.9213 8
      vertex 66.875 56.0514 8
    endloop
  endfacet
  facet normal 0 0 1
    outer loop
      vertex 67.4177 55.8267 8
      vertex 66.8353 53.6533 8
      vertex 67.4126 53.5385 8
    endloop
  endfacet
  facet normal 0 0 1
    outer loop
      vertex 65.75 54.1029 8
      vertex 66.875 56.0514 8
      vertex 66.6303 56.215 8
    endloop
  endfacet
  facet normal 0 0 1
    outer loop
      vertex 65.75 54.1029 8
      vertex 66.6303 56.215 8
      vertex 66.409 56.409 8
    endloop
  endfacet
  facet normal 0 0 1
    outer loop
      vertex 67.139 55.9213 8
      vertex 66.2779 53.8425 8
      vertex 66.8353 53.6533 8
    endloop
  endfacet
  facet normal 0 0 1
    outer loop
      vertex 65.75 54.1029 8
      vertex 66.409 56.409 8
      vertex 66.215 56.6303 8
    endloop
  endfacet
  facet normal 0 0 1
    outer loop
      vertex 65.75 54.1029 8
      vertex 66.215 56.6303 8
      vertex 66.0514 56.875 8
    endloop
  endfacet
  facet normal 0 0 1
    outer loop
      vertex 65.75 54.1029 8
      vertex 66.0514 56.875 8
      vertex 65.9213 57.139 8
    endloop
  endfacet
  facet normal 0 0 1
    outer loop
      vertex 65.75 54.1029 8
      vertex 65.9213 57.139 8
      vertex 65.8267 57.4177 8
    endloop
  endfacet
  facet normal 0 0 1
    outer loop
      vertex 65.75 54.1029 8
      vertex 65.8267 57.4177 8
      vertex 65.7692 57.7063 8
    endloop
  endfacet
  facet normal 0 0 1
    outer loop
      vertex 66.875 56.0514 8
      vertex 65.75 54.1029 8
      vertex 66.2779 53.8425 8
    endloop
  endfacet
  facet normal 0 0 1
    outer loop
      vertex 65.75 54.1029 8
      vertex 65.7692 57.7063 8
      vertex 65.75 58 8
    endloop
  endfacet
  facet normal 0.831475 0.555562 0
    outer loop
      vertex 71.8971 60.25 8
      vertex 71.5701 60.7394 6
      vertex 71.5701 60.7394 8
    endloop
  endfacet
  facet normal 0.831475 0.555562 0
    outer loop
      vertex 71.5701 60.7394 6
      vertex 71.8971 60.25 8
      vertex 71.8971 60.25 6
    endloop
  endfacet
  facet normal 0.555562 0.831475 -0
    outer loop
      vertex 70.7394 61.5701 6
      vertex 70.25 61.8971 8
      vertex 70.7394 61.5701 8
    endloop
  endfacet
  facet normal 0.555562 0.831475 0
    outer loop
      vertex 70.25 61.8971 8
      vertex 70.7394 61.5701 6
      vertex 70.25 61.8971 6
    endloop
  endfacet
  facet normal 0.896827 -0.442382 0
    outer loop
      vertex 71.8971 55.75 8
      vertex 72.1575 56.2779 6
      vertex 72.1575 56.2779 8
    endloop
  endfacet
  facet normal 0.896827 -0.442382 0
    outer loop
      vertex 72.1575 56.2779 6
      vertex 71.8971 55.75 8
      vertex 71.8971 55.75 6
    endloop
  endfacet
  facet normal 0.997859 -0.0654027 0
    outer loop
      vertex 72.4615 57.4126 8
      vertex 72.5 58 6
      vertex 72.5 58 8
    endloop
  endfacet
  facet normal 0.997859 -0.0654027 0
    outer loop
      vertex 72.5 58 6
      vertex 72.4615 57.4126 8
      vertex 72.4615 57.4126 6
    endloop
  endfacet
  facet normal 0.321421 0.946936 -0
    outer loop
      vertex 69.7221 62.1575 6
      vertex 69.1647 62.3467 8
      vertex 69.7221 62.1575 8
    endloop
  endfacet
  facet normal 0.321421 0.946936 0
    outer loop
      vertex 69.1647 62.3467 8
      vertex 69.7221 62.1575 6
      vertex 69.1647 62.3467 6
    endloop
  endfacet
  facet normal -0.896827 0.442382 0
    outer loop
      vertex 63.8425 59.7221 6
      vertex 64.1029 60.25 8
      vertex 64.1029 60.25 6
    endloop
  endfacet
  facet normal -0.896827 0.442382 0
    outer loop
      vertex 64.1029 60.25 8
      vertex 63.8425 59.7221 6
      vertex 63.8425 59.7221 8
    endloop
  endfacet
  facet normal -0.659298 0.751882 0
    outer loop
      vertex 65.2606 61.5701 6
      vertex 64.818 61.182 8
      vertex 65.2606 61.5701 8
    endloop
  endfacet
  facet normal -0.659298 0.751882 0
    outer loop
      vertex 64.818 61.182 8
      vertex 65.2606 61.5701 6
      vertex 64.818 61.182 6
    endloop
  endfacet
  facet normal 0.321421 -0.946936 0
    outer loop
      vertex 69.1647 53.6533 6
      vertex 69.7221 53.8425 8
      vertex 69.1647 53.6533 8
    endloop
  endfacet
  facet normal 0.321421 -0.946936 0
    outer loop
      vertex 69.7221 53.8425 8
      vertex 69.1647 53.6533 6
      vertex 69.7221 53.8425 6
    endloop
  endfacet
  facet normal -0.997859 -0.0654027 0
    outer loop
      vertex 63.5385 57.4126 6
      vertex 63.5 58 8
      vertex 63.5 58 6
    endloop
  endfacet
  facet normal -0.997859 -0.0654027 0
    outer loop
      vertex 63.5 58 8
      vertex 63.5385 57.4126 6
      vertex 63.5385 57.4126 8
    endloop
  endfacet
  facet normal -0.659298 -0.751882 0
    outer loop
      vertex 64.818 54.818 6
      vertex 65.2606 54.4299 8
      vertex 64.818 54.818 8
    endloop
  endfacet
  facet normal -0.659298 -0.751882 -0
    outer loop
      vertex 65.2606 54.4299 8
      vertex 64.818 54.818 6
      vertex 65.2606 54.4299 6
    endloop
  endfacet
  facet normal -0.321421 0.946936 0
    outer loop
      vertex 66.8353 62.3467 6
      vertex 66.2779 62.1575 8
      vertex 66.8353 62.3467 8
    endloop
  endfacet
  facet normal -0.321421 0.946936 0
    outer loop
      vertex 66.2779 62.1575 8
      vertex 66.8353 62.3467 6
      vertex 66.2779 62.1575 6
    endloop
  endfacet
  facet normal -0.831475 -0.555562 0
    outer loop
      vertex 64.4299 55.2606 6
      vertex 64.1029 55.75 8
      vertex 64.1029 55.75 6
    endloop
  endfacet
  facet normal -0.831475 -0.555562 0
    outer loop
      vertex 64.1029 55.75 8
      vertex 64.4299 55.2606 6
      vertex 64.4299 55.2606 8
    endloop
  endfacet
  facet normal -0.555562 0.831475 0
    outer loop
      vertex 65.75 61.8971 6
      vertex 65.2606 61.5701 8
      vertex 65.75 61.8971 8
    endloop
  endfacet
  facet normal -0.555562 0.831475 0
    outer loop
      vertex 65.2606 61.5701 8
      vertex 65.75 61.8971 6
      vertex 65.2606 61.5701 6
    endloop
  endfacet
  facet normal 0.195038 0.980796 -0
    outer loop
      vertex 69.1647 62.3467 6
      vertex 68.5874 62.4615 8
      vertex 69.1647 62.3467 8
    endloop
  endfacet
  facet normal 0.195038 0.980796 0
    outer loop
      vertex 68.5874 62.4615 8
      vertex 69.1647 62.3467 6
      vertex 68.5874 62.4615 6
    endloop
  endfacet
  facet normal -0.442382 0.896827 0
    outer loop
      vertex 66.2779 62.1575 6
      vertex 65.75 61.8971 8
      vertex 66.2779 62.1575 8
    endloop
  endfacet
  facet normal -0.442382 0.896827 0
    outer loop
      vertex 65.75 61.8971 8
      vertex 66.2779 62.1575 6
      vertex 65.75 61.8971 6
    endloop
  endfacet
  facet normal 0.0654027 -0.997859 0
    outer loop
      vertex 68 53.5 6
      vertex 68.5874 53.5385 8
      vertex 68 53.5 8
    endloop
  endfacet
  facet normal 0.0654027 -0.997859 0
    outer loop
      vertex 68.5874 53.5385 8
      vertex 68 53.5 6
      vertex 68.5874 53.5385 6
    endloop
  endfacet
  facet normal 0.659298 -0.751882 0
    outer loop
      vertex 70.7394 54.4299 6
      vertex 71.182 54.818 8
      vertex 70.7394 54.4299 8
    endloop
  endfacet
  facet normal 0.659298 -0.751882 0
    outer loop
      vertex 71.182 54.818 8
      vertex 70.7394 54.4299 6
      vertex 71.182 54.818 6
    endloop
  endfacet
  facet normal -0.946936 -0.321421 0
    outer loop
      vertex 63.8425 56.2779 6
      vertex 63.6533 56.8353 8
      vertex 63.6533 56.8353 6
    endloop
  endfacet
  facet normal -0.946936 -0.321421 0
    outer loop
      vertex 63.6533 56.8353 8
      vertex 63.8425 56.2779 6
      vertex 63.8425 56.2779 8
    endloop
  endfacet
  facet normal 0.946936 -0.321421 0
    outer loop
      vertex 72.1575 56.2779 8
      vertex 72.3467 56.8353 6
      vertex 72.3467 56.8353 8
    endloop
  endfacet
  facet normal 0.946936 -0.321421 0
    outer loop
      vertex 72.3467 56.8353 6
      vertex 72.1575 56.2779 8
      vertex 72.1575 56.2779 6
    endloop
  endfacet
  facet normal 0.442382 0.896827 -0
    outer loop
      vertex 70.25 61.8971 6
      vertex 69.7221 62.1575 8
      vertex 70.25 61.8971 8
    endloop
  endfacet
  facet normal 0.442382 0.896827 0
    outer loop
      vertex 69.7221 62.1575 8
      vertex 70.25 61.8971 6
      vertex 69.7221 62.1575 6
    endloop
  endfacet
  facet normal -0.195038 0.980796 0
    outer loop
      vertex 67.4126 62.4615 6
      vertex 66.8353 62.3467 8
      vertex 67.4126 62.4615 8
    endloop
  endfacet
  facet normal -0.195038 0.980796 0
    outer loop
      vertex 66.8353 62.3467 8
      vertex 67.4126 62.4615 6
      vertex 66.8353 62.3467 6
    endloop
  endfacet
  facet normal 0.751882 0.659298 0
    outer loop
      vertex 71.5701 60.7394 8
      vertex 71.182 61.182 6
      vertex 71.182 61.182 8
    endloop
  endfacet
  facet normal 0.751882 0.659298 0
    outer loop
      vertex 71.182 61.182 6
      vertex 71.5701 60.7394 8
      vertex 71.5701 60.7394 6
    endloop
  endfacet
  facet normal 0.751882 -0.659298 0
    outer loop
      vertex 71.182 54.818 8
      vertex 71.5701 55.2606 6
      vertex 71.5701 55.2606 8
    endloop
  endfacet
  facet normal 0.751882 -0.659298 0
    outer loop
      vertex 71.5701 55.2606 6
      vertex 71.182 54.818 8
      vertex 71.182 54.818 6
    endloop
  endfacet
  facet normal -0.442382 -0.896827 0
    outer loop
      vertex 65.75 54.1029 6
      vertex 66.2779 53.8425 8
      vertex 65.75 54.1029 8
    endloop
  endfacet
  facet normal -0.442382 -0.896827 -0
    outer loop
      vertex 66.2779 53.8425 8
      vertex 65.75 54.1029 6
      vertex 66.2779 53.8425 6
    endloop
  endfacet
  facet normal -0.946936 0.321421 0
    outer loop
      vertex 63.6533 59.1647 6
      vertex 63.8425 59.7221 8
      vertex 63.8425 59.7221 6
    endloop
  endfacet
  facet normal -0.946936 0.321421 0
    outer loop
      vertex 63.8425 59.7221 8
      vertex 63.6533 59.1647 6
      vertex 63.6533 59.1647 8
    endloop
  endfacet
  facet normal 0.195038 -0.980796 0
    outer loop
      vertex 68.5874 53.5385 6
      vertex 69.1647 53.6533 8
      vertex 68.5874 53.5385 8
    endloop
  endfacet
  facet normal 0.195038 -0.980796 0
    outer loop
      vertex 69.1647 53.6533 8
      vertex 68.5874 53.5385 6
      vertex 69.1647 53.6533 6
    endloop
  endfacet
  facet normal 0.442382 -0.896827 0
    outer loop
      vertex 69.7221 53.8425 6
      vertex 70.25 54.1029 8
      vertex 69.7221 53.8425 8
    endloop
  endfacet
  facet normal 0.442382 -0.896827 0
    outer loop
      vertex 70.25 54.1029 8
      vertex 69.7221 53.8425 6
      vertex 70.25 54.1029 6
    endloop
  endfacet
  facet normal -0.751882 0.659298 0
    outer loop
      vertex 64.4299 60.7394 6
      vertex 64.818 61.182 8
      vertex 64.818 61.182 6
    endloop
  endfacet
  facet normal -0.751882 0.659298 0
    outer loop
      vertex 64.818 61.182 8
      vertex 64.4299 60.7394 6
      vertex 64.4299 60.7394 8
    endloop
  endfacet
  facet normal 0.659298 0.751882 -0
    outer loop
      vertex 71.182 61.182 6
      vertex 70.7394 61.5701 8
      vertex 71.182 61.182 8
    endloop
  endfacet
  facet normal 0.659298 0.751882 0
    outer loop
      vertex 70.7394 61.5701 8
      vertex 71.182 61.182 6
      vertex 70.7394 61.5701 6
    endloop
  endfacet
  facet normal -0.896827 -0.442382 0
    outer loop
      vertex 64.1029 55.75 6
      vertex 63.8425 56.2779 8
      vertex 63.8425 56.2779 6
    endloop
  endfacet
  facet normal -0.896827 -0.442382 0
    outer loop
      vertex 63.8425 56.2779 8
      vertex 64.1029 55.75 6
      vertex 64.1029 55.75 8
    endloop
  endfacet
  facet normal -0.997859 0.0654027 0
    outer loop
      vertex 63.5 58 6
      vertex 63.5385 58.5874 8
      vertex 63.5385 58.5874 6
    endloop
  endfacet
  facet normal -0.997859 0.0654027 0
    outer loop
      vertex 63.5385 58.5874 8
      vertex 63.5 58 6
      vertex 63.5 58 8
    endloop
  endfacet
  facet normal 0.831475 -0.555562 0
    outer loop
      vertex 71.5701 55.2606 8
      vertex 71.8971 55.75 6
      vertex 71.8971 55.75 8
    endloop
  endfacet
  facet normal 0.831475 -0.555562 0
    outer loop
      vertex 71.8971 55.75 6
      vertex 71.5701 55.2606 8
      vertex 71.5701 55.2606 6
    endloop
  endfacet
  facet normal 0.896827 0.442382 0
    outer loop
      vertex 72.1575 59.7221 8
      vertex 71.8971 60.25 6
      vertex 71.8971 60.25 8
    endloop
  endfacet
  facet normal 0.896827 0.442382 0
    outer loop
      vertex 71.8971 60.25 6
      vertex 72.1575 59.7221 8
      vertex 72.1575 59.7221 6
    endloop
  endfacet
  facet normal -0.0654027 -0.997859 0
    outer loop
      vertex 67.4126 53.5385 6
      vertex 68 53.5 8
      vertex 67.4126 53.5385 8
    endloop
  endfacet
  facet normal -0.0654027 -0.997859 -0
    outer loop
      vertex 68 53.5 8
      vertex 67.4126 53.5385 6
      vertex 68 53.5 6
    endloop
  endfacet
  facet normal 0.0654027 0.997859 -0
    outer loop
      vertex 68.5874 62.4615 6
      vertex 68 62.5 8
      vertex 68.5874 62.4615 8
    endloop
  endfacet
  facet normal 0.0654027 0.997859 0
    outer loop
      vertex 68 62.5 8
      vertex 68.5874 62.4615 6
      vertex 68 62.5 6
    endloop
  endfacet
  facet normal -0.555562 -0.831475 0
    outer loop
      vertex 65.2606 54.4299 6
      vertex 65.75 54.1029 8
      vertex 65.2606 54.4299 8
    endloop
  endfacet
  facet normal -0.555562 -0.831475 -0
    outer loop
      vertex 65.75 54.1029 8
      vertex 65.2606 54.4299 6
      vertex 65.75 54.1029 6
    endloop
  endfacet
  facet normal 0.555562 -0.831475 0
    outer loop
      vertex 70.25 54.1029 6
      vertex 70.7394 54.4299 8
      vertex 70.25 54.1029 8
    endloop
  endfacet
  facet normal 0.555562 -0.831475 0
    outer loop
      vertex 70.7394 54.4299 8
      vertex 70.25 54.1029 6
      vertex 70.7394 54.4299 6
    endloop
  endfacet
  facet normal 0.946936 0.321421 0
    outer loop
      vertex 72.3467 59.1647 8
      vertex 72.1575 59.7221 6
      vertex 72.1575 59.7221 8
    endloop
  endfacet
  facet normal 0.946936 0.321421 0
    outer loop
      vertex 72.1575 59.7221 6
      vertex 72.3467 59.1647 8
      vertex 72.3467 59.1647 6
    endloop
  endfacet
  facet normal -0.980796 0.195038 0
    outer loop
      vertex 63.5385 58.5874 6
      vertex 63.6533 59.1647 8
      vertex 63.6533 59.1647 6
    endloop
  endfacet
  facet normal -0.980796 0.195038 0
    outer loop
      vertex 63.6533 59.1647 8
      vertex 63.5385 58.5874 6
      vertex 63.5385 58.5874 8
    endloop
  endfacet
  facet normal -0.0654027 0.997859 0
    outer loop
      vertex 68 62.5 6
      vertex 67.4126 62.4615 8
      vertex 68 62.5 8
    endloop
  endfacet
  facet normal -0.0654027 0.997859 0
    outer loop
      vertex 67.4126 62.4615 8
      vertex 68 62.5 6
      vertex 67.4126 62.4615 6
    endloop
  endfacet
  facet normal -0.321421 -0.946936 0
    outer loop
      vertex 66.2779 53.8425 6
      vertex 66.8353 53.6533 8
      vertex 66.2779 53.8425 8
    endloop
  endfacet
  facet normal -0.321421 -0.946936 -0
    outer loop
      vertex 66.8353 53.6533 8
      vertex 66.2779 53.8425 6
      vertex 66.8353 53.6533 6
    endloop
  endfacet
  facet normal -0.980796 -0.195038 0
    outer loop
      vertex 63.6533 56.8353 6
      vertex 63.5385 57.4126 8
      vertex 63.5385 57.4126 6
    endloop
  endfacet
  facet normal -0.980796 -0.195038 0
    outer loop
      vertex 63.5385 57.4126 8
      vertex 63.6533 56.8353 6
      vertex 63.6533 56.8353 8
    endloop
  endfacet
  facet normal -0.751882 -0.659298 0
    outer loop
      vertex 64.818 54.818 6
      vertex 64.4299 55.2606 8
      vertex 64.4299 55.2606 6
    endloop
  endfacet
  facet normal -0.751882 -0.659298 0
    outer loop
      vertex 64.4299 55.2606 8
      vertex 64.818 54.818 6
      vertex 64.818 54.818 8
    endloop
  endfacet
  facet normal -0.195038 -0.980796 0
    outer loop
      vertex 66.8353 53.6533 6
      vertex 67.4126 53.5385 8
      vertex 66.8353 53.6533 8
    endloop
  endfacet
  facet normal -0.195038 -0.980796 -0
    outer loop
      vertex 67.4126 53.5385 8
      vertex 66.8353 53.6533 6
      vertex 67.4126 53.5385 6
    endloop
  endfacet
  facet normal -0.831475 0.555562 0
    outer loop
      vertex 64.1029 60.25 6
      vertex 64.4299 60.7394 8
      vertex 64.4299 60.7394 6
    endloop
  endfacet
  facet normal -0.831475 0.555562 0
    outer loop
      vertex 64.4299 60.7394 8
      vertex 64.1029 60.25 6
      vertex 64.1029 60.25 8
    endloop
  endfacet
  facet normal -0.980724 -0.195397 0
    outer loop
      vertex 70.2308 58.2937 0
      vertex 70.1733 58.5823 8
      vertex 70.1733 58.5823 0
    endloop
  endfacet
  facet normal -0.980724 -0.195397 0
    outer loop
      vertex 70.1733 58.5823 8
      vertex 70.2308 58.2937 0
      vertex 70.2308 58.2937 8
    endloop
  endfacet
  facet normal -0.99787 -0.0652336 0
    outer loop
      vertex 70.25 58 0
      vertex 70.2308 58.2937 8
      vertex 70.2308 58.2937 0
    endloop
  endfacet
  facet normal -0.99787 -0.0652336 0
    outer loop
      vertex 70.2308 58.2937 8
      vertex 70.25 58 0
      vertex 70.25 58 8
    endloop
  endfacet
  facet normal -0.946936 -0.321421 0
    outer loop
      vertex 70.1733 58.5823 0
      vertex 70.0787 58.861 8
      vertex 70.0787 58.861 0
    endloop
  endfacet
  facet normal -0.946936 -0.321421 0
    outer loop
      vertex 70.0787 58.861 8
      vertex 70.1733 58.5823 0
      vertex 70.1733 58.5823 8
    endloop
  endfacet
  facet normal -0.831318 -0.555797 0
    outer loop
      vertex 69.9486 59.125 0
      vertex 69.785 59.3697 8
      vertex 69.785 59.3697 0
    endloop
  endfacet
  facet normal -0.831318 -0.555797 0
    outer loop
      vertex 69.785 59.3697 8
      vertex 69.9486 59.125 0
      vertex 69.9486 59.125 8
    endloop
  endfacet
  facet normal 0.659202 0.751966 -0
    outer loop
      vertex 66.6303 56.215 0
      vertex 66.409 56.409 8
      vertex 66.6303 56.215 8
    endloop
  endfacet
  facet normal 0.659202 0.751966 0
    outer loop
      vertex 66.409 56.409 8
      vertex 66.6303 56.215 0
      vertex 66.409 56.409 0
    endloop
  endfacet
  facet normal -0.751966 0.659202 0
    outer loop
      vertex 69.591 56.409 0
      vertex 69.785 56.6303 8
      vertex 69.785 56.6303 0
    endloop
  endfacet
  facet normal -0.751966 0.659202 0
    outer loop
      vertex 69.785 56.6303 8
      vertex 69.591 56.409 0
      vertex 69.591 56.409 8
    endloop
  endfacet
  facet normal 0.99787 -0.0652336 0
    outer loop
      vertex 65.75 58 8
      vertex 65.7692 58.2937 0
      vertex 65.7692 58.2937 8
    endloop
  endfacet
  facet normal 0.99787 -0.0652336 0
    outer loop
      vertex 65.7692 58.2937 0
      vertex 65.75 58 8
      vertex 65.75 58 0
    endloop
  endfacet
  facet normal -0.659202 -0.751966 0
    outer loop
      vertex 69.3697 59.785 0
      vertex 69.591 59.591 8
      vertex 69.3697 59.785 8
    endloop
  endfacet
  facet normal -0.659202 -0.751966 -0
    outer loop
      vertex 69.591 59.591 8
      vertex 69.3697 59.785 0
      vertex 69.591 59.591 0
    endloop
  endfacet
  facet normal 0.442042 -0.896995 0
    outer loop
      vertex 66.875 59.9486 0
      vertex 67.139 60.0787 8
      vertex 66.875 59.9486 8
    endloop
  endfacet
  facet normal 0.442042 -0.896995 0
    outer loop
      vertex 67.139 60.0787 8
      vertex 66.875 59.9486 0
      vertex 67.139 60.0787 0
    endloop
  endfacet
  facet normal -0.442042 -0.896995 0
    outer loop
      vertex 68.861 60.0787 0
      vertex 69.125 59.9486 8
      vertex 68.861 60.0787 8
    endloop
  endfacet
  facet normal -0.442042 -0.896995 -0
    outer loop
      vertex 69.125 59.9486 8
      vertex 68.861 60.0787 0
      vertex 69.125 59.9486 0
    endloop
  endfacet
  facet normal -0.896995 0.442042 0
    outer loop
      vertex 69.9486 56.875 0
      vertex 70.0787 57.139 8
      vertex 70.0787 57.139 0
    endloop
  endfacet
  facet normal -0.896995 0.442042 0
    outer loop
      vertex 70.0787 57.139 8
      vertex 69.9486 56.875 0
      vertex 69.9486 56.875 8
    endloop
  endfacet
  facet normal -0.321421 0.946936 0
    outer loop
      vertex 68.861 55.9213 0
      vertex 68.5823 55.8267 8
      vertex 68.861 55.9213 8
    endloop
  endfacet
  facet normal -0.321421 0.946936 0
    outer loop
      vertex 68.5823 55.8267 8
      vertex 68.861 55.9213 0
      vertex 68.5823 55.8267 0
    endloop
  endfacet
  facet normal -0.896995 -0.442042 0
    outer loop
      vertex 70.0787 58.861 0
      vertex 69.9486 59.125 8
      vertex 69.9486 59.125 0
    endloop
  endfacet
  facet normal -0.896995 -0.442042 0
    outer loop
      vertex 69.9486 59.125 8
      vertex 70.0787 58.861 0
      vertex 70.0787 58.861 8
    endloop
  endfacet
  facet normal 0.896995 -0.442042 0
    outer loop
      vertex 65.9213 58.861 8
      vertex 66.0514 59.125 0
      vertex 66.0514 59.125 8
    endloop
  endfacet
  facet normal 0.896995 -0.442042 0
    outer loop
      vertex 66.0514 59.125 0
      vertex 65.9213 58.861 8
      vertex 65.9213 58.861 0
    endloop
  endfacet
  facet normal -0.751966 -0.659202 0
    outer loop
      vertex 69.785 59.3697 0
      vertex 69.591 59.591 8
      vertex 69.591 59.591 0
    endloop
  endfacet
  facet normal -0.751966 -0.659202 0
    outer loop
      vertex 69.591 59.591 8
      vertex 69.785 59.3697 0
      vertex 69.785 59.3697 8
    endloop
  endfacet
  facet normal -0.980724 0.195397 0
    outer loop
      vertex 70.1733 57.4177 0
      vertex 70.2308 57.7063 8
      vertex 70.2308 57.7063 0
    endloop
  endfacet
  facet normal -0.980724 0.195397 0
    outer loop
      vertex 70.2308 57.7063 8
      vertex 70.1733 57.4177 0
      vertex 70.1733 57.4177 8
    endloop
  endfacet
  facet normal -0.99787 0.0652336 0
    outer loop
      vertex 70.2308 57.7063 0
      vertex 70.25 58 8
      vertex 70.25 58 0
    endloop
  endfacet
  facet normal -0.99787 0.0652336 0
    outer loop
      vertex 70.25 58 8
      vertex 70.2308 57.7063 0
      vertex 70.2308 57.7063 8
    endloop
  endfacet
  facet normal 0.555797 0.831318 -0
    outer loop
      vertex 66.875 56.0514 0
      vertex 66.6303 56.215 8
      vertex 66.875 56.0514 8
    endloop
  endfacet
  facet normal 0.555797 0.831318 0
    outer loop
      vertex 66.6303 56.215 8
      vertex 66.875 56.0514 0
      vertex 66.6303 56.215 0
    endloop
  endfacet
  facet normal 0.946936 0.321421 0
    outer loop
      vertex 65.9213 57.139 8
      vertex 65.8267 57.4177 0
      vertex 65.8267 57.4177 8
    endloop
  endfacet
  facet normal 0.946936 0.321421 0
    outer loop
      vertex 65.8267 57.4177 0
      vertex 65.9213 57.139 8
      vertex 65.9213 57.139 0
    endloop
  endfacet
  facet normal 0.99787 0.0652336 0
    outer loop
      vertex 65.7692 57.7063 8
      vertex 65.75 58 0
      vertex 65.75 58 8
    endloop
  endfacet
  facet normal 0.99787 0.0652336 0
    outer loop
      vertex 65.75 58 0
      vertex 65.7692 57.7063 8
      vertex 65.7692 57.7063 0
    endloop
  endfacet
  facet normal 0.751966 0.659202 0
    outer loop
      vertex 66.409 56.409 8
      vertex 66.215 56.6303 0
      vertex 66.215 56.6303 8
    endloop
  endfacet
  facet normal 0.751966 0.659202 0
    outer loop
      vertex 66.215 56.6303 0
      vertex 66.409 56.409 8
      vertex 66.409 56.409 0
    endloop
  endfacet
  facet normal 0.321421 -0.946936 0
    outer loop
      vertex 67.139 60.0787 0
      vertex 67.4177 60.1733 8
      vertex 67.139 60.0787 8
    endloop
  endfacet
  facet normal 0.321421 -0.946936 0
    outer loop
      vertex 67.4177 60.1733 8
      vertex 67.139 60.0787 0
      vertex 67.4177 60.1733 0
    endloop
  endfacet
  facet normal -0.659202 0.751966 0
    outer loop
      vertex 69.591 56.409 0
      vertex 69.3697 56.215 8
      vertex 69.591 56.409 8
    endloop
  endfacet
  facet normal -0.659202 0.751966 0
    outer loop
      vertex 69.3697 56.215 8
      vertex 69.591 56.409 0
      vertex 69.3697 56.215 0
    endloop
  endfacet
  facet normal -0.0652336 0.99787 0
    outer loop
      vertex 68.2937 55.7692 0
      vertex 68 55.75 8
      vertex 68.2937 55.7692 8
    endloop
  endfacet
  facet normal -0.0652336 0.99787 0
    outer loop
      vertex 68 55.75 8
      vertex 68.2937 55.7692 0
      vertex 68 55.75 0
    endloop
  endfacet
  facet normal -0.195397 -0.980724 0
    outer loop
      vertex 68.2937 60.2308 0
      vertex 68.5823 60.1733 8
      vertex 68.2937 60.2308 8
    endloop
  endfacet
  facet normal -0.195397 -0.980724 -0
    outer loop
      vertex 68.5823 60.1733 8
      vertex 68.2937 60.2308 0
      vertex 68.5823 60.1733 0
    endloop
  endfacet
  facet normal -0.321421 -0.946936 0
    outer loop
      vertex 68.5823 60.1733 0
      vertex 68.861 60.0787 8
      vertex 68.5823 60.1733 8
    endloop
  endfacet
  facet normal -0.321421 -0.946936 -0
    outer loop
      vertex 68.861 60.0787 8
      vertex 68.5823 60.1733 0
      vertex 68.861 60.0787 0
    endloop
  endfacet
  facet normal -0.946936 0.321421 0
    outer loop
      vertex 70.0787 57.139 0
      vertex 70.1733 57.4177 8
      vertex 70.1733 57.4177 0
    endloop
  endfacet
  facet normal -0.946936 0.321421 0
    outer loop
      vertex 70.1733 57.4177 8
      vertex 70.0787 57.139 0
      vertex 70.0787 57.139 8
    endloop
  endfacet
  facet normal 0.195397 -0.980724 0
    outer loop
      vertex 67.4177 60.1733 0
      vertex 67.7063 60.2308 8
      vertex 67.4177 60.1733 8
    endloop
  endfacet
  facet normal 0.195397 -0.980724 0
    outer loop
      vertex 67.7063 60.2308 8
      vertex 67.4177 60.1733 0
      vertex 67.7063 60.2308 0
    endloop
  endfacet
  facet normal 0.946936 -0.321421 0
    outer loop
      vertex 65.8267 58.5823 8
      vertex 65.9213 58.861 0
      vertex 65.9213 58.861 8
    endloop
  endfacet
  facet normal 0.946936 -0.321421 0
    outer loop
      vertex 65.9213 58.861 0
      vertex 65.8267 58.5823 8
      vertex 65.8267 58.5823 0
    endloop
  endfacet
  facet normal -0.555797 -0.831318 0
    outer loop
      vertex 69.125 59.9486 0
      vertex 69.3697 59.785 8
      vertex 69.125 59.9486 8
    endloop
  endfacet
  facet normal -0.555797 -0.831318 -0
    outer loop
      vertex 69.3697 59.785 8
      vertex 69.125 59.9486 0
      vertex 69.3697 59.785 0
    endloop
  endfacet
  facet normal -0.195397 0.980724 0
    outer loop
      vertex 68.5823 55.8267 0
      vertex 68.2937 55.7692 8
      vertex 68.5823 55.8267 8
    endloop
  endfacet
  facet normal -0.195397 0.980724 0
    outer loop
      vertex 68.2937 55.7692 8
      vertex 68.5823 55.8267 0
      vertex 68.2937 55.7692 0
    endloop
  endfacet
  facet normal -0.442042 0.896995 0
    outer loop
      vertex 69.125 56.0514 0
      vertex 68.861 55.9213 8
      vertex 69.125 56.0514 8
    endloop
  endfacet
  facet normal -0.442042 0.896995 0
    outer loop
      vertex 68.861 55.9213 8
      vertex 69.125 56.0514 0
      vertex 68.861 55.9213 0
    endloop
  endfacet
  facet normal 0.442042 0.896995 -0
    outer loop
      vertex 67.139 55.9213 0
      vertex 66.875 56.0514 8
      vertex 67.139 55.9213 8
    endloop
  endfacet
  facet normal 0.442042 0.896995 0
    outer loop
      vertex 66.875 56.0514 8
      vertex 67.139 55.9213 0
      vertex 66.875 56.0514 0
    endloop
  endfacet
  facet normal 0.751966 -0.659202 0
    outer loop
      vertex 66.215 59.3697 8
      vertex 66.409 59.591 0
      vertex 66.409 59.591 8
    endloop
  endfacet
  facet normal 0.751966 -0.659202 0
    outer loop
      vertex 66.409 59.591 0
      vertex 66.215 59.3697 8
      vertex 66.215 59.3697 0
    endloop
  endfacet
  facet normal 0.896995 0.442042 0
    outer loop
      vertex 66.0514 56.875 8
      vertex 65.9213 57.139 0
      vertex 65.9213 57.139 8
    endloop
  endfacet
  facet normal 0.896995 0.442042 0
    outer loop
      vertex 65.9213 57.139 0
      vertex 66.0514 56.875 8
      vertex 66.0514 56.875 0
    endloop
  endfacet
  facet normal 0.831318 0.555797 0
    outer loop
      vertex 66.215 56.6303 8
      vertex 66.0514 56.875 0
      vertex 66.0514 56.875 8
    endloop
  endfacet
  facet normal 0.831318 0.555797 0
    outer loop
      vertex 66.0514 56.875 0
      vertex 66.215 56.6303 8
      vertex 66.215 56.6303 0
    endloop
  endfacet
  facet normal 0.555797 -0.831318 0
    outer loop
      vertex 66.6303 59.785 0
      vertex 66.875 59.9486 8
      vertex 66.6303 59.785 8
    endloop
  endfacet
  facet normal 0.555797 -0.831318 0
    outer loop
      vertex 66.875 59.9486 8
      vertex 66.6303 59.785 0
      vertex 66.875 59.9486 0
    endloop
  endfacet
  facet normal -0.831318 0.555797 0
    outer loop
      vertex 69.785 56.6303 0
      vertex 69.9486 56.875 8
      vertex 69.9486 56.875 0
    endloop
  endfacet
  facet normal -0.831318 0.555797 0
    outer loop
      vertex 69.9486 56.875 8
      vertex 69.785 56.6303 0
      vertex 69.785 56.6303 8
    endloop
  endfacet
  facet normal 0.0652336 0.99787 -0
    outer loop
      vertex 68 55.75 0
      vertex 67.7063 55.7692 8
      vertex 68 55.75 8
    endloop
  endfacet
  facet normal 0.0652336 0.99787 0
    outer loop
      vertex 67.7063 55.7692 8
      vertex 68 55.75 0
      vertex 67.7063 55.7692 0
    endloop
  endfacet
  facet normal -0.0652336 -0.99787 0
    outer loop
      vertex 68 60.25 0
      vertex 68.2937 60.2308 8
      vertex 68 60.25 8
    endloop
  endfacet
  facet normal -0.0652336 -0.99787 -0
    outer loop
      vertex 68.2937 60.2308 8
      vertex 68 60.25 0
      vertex 68.2937 60.2308 0
    endloop
  endfacet
  facet normal 0.659202 -0.751966 0
    outer loop
      vertex 66.409 59.591 0
      vertex 66.6303 59.785 8
      vertex 66.409 59.591 8
    endloop
  endfacet
  facet normal 0.659202 -0.751966 0
    outer loop
      vertex 66.6303 59.785 8
      vertex 66.409 59.591 0
      vertex 66.6303 59.785 0
    endloop
  endfacet
  facet normal -0.555797 0.831318 0
    outer loop
      vertex 69.3697 56.215 0
      vertex 69.125 56.0514 8
      vertex 69.3697 56.215 8
    endloop
  endfacet
  facet normal -0.555797 0.831318 0
    outer loop
      vertex 69.125 56.0514 8
      vertex 69.3697 56.215 0
      vertex 69.125 56.0514 0
    endloop
  endfacet
  facet normal 0.980724 -0.195397 0
    outer loop
      vertex 65.7692 58.2937 8
      vertex 65.8267 58.5823 0
      vertex 65.8267 58.5823 8
    endloop
  endfacet
  facet normal 0.980724 -0.195397 0
    outer loop
      vertex 65.8267 58.5823 0
      vertex 65.7692 58.2937 8
      vertex 65.7692 58.2937 0
    endloop
  endfacet
  facet normal 0.0652336 -0.99787 0
    outer loop
      vertex 67.7063 60.2308 0
      vertex 68 60.25 8
      vertex 67.7063 60.2308 8
    endloop
  endfacet
  facet normal 0.0652336 -0.99787 0
    outer loop
      vertex 68 60.25 8
      vertex 67.7063 60.2308 0
      vertex 68 60.25 0
    endloop
  endfacet
  facet normal 0.321421 0.946936 -0
    outer loop
      vertex 67.4177 55.8267 0
      vertex 67.139 55.9213 8
      vertex 67.4177 55.8267 8
    endloop
  endfacet
  facet normal 0.321421 0.946936 0
    outer loop
      vertex 67.139 55.9213 8
      vertex 67.4177 55.8267 0
      vertex 67.139 55.9213 0
    endloop
  endfacet
  facet normal 0.980724 0.195397 0
    outer loop
      vertex 65.8267 57.4177 8
      vertex 65.7692 57.7063 0
      vertex 65.7692 57.7063 8
    endloop
  endfacet
  facet normal 0.980724 0.195397 0
    outer loop
      vertex 65.7692 57.7063 0
      vertex 65.8267 57.4177 8
      vertex 65.8267 57.4177 0
    endloop
  endfacet
  facet normal 0.195397 0.980724 -0
    outer loop
      vertex 67.7063 55.7692 0
      vertex 67.4177 55.8267 8
      vertex 67.7063 55.7692 8
    endloop
  endfacet
  facet normal 0.195397 0.980724 0
    outer loop
      vertex 67.4177 55.8267 8
      vertex 67.7063 55.7692 0
      vertex 67.4177 55.8267 0
    endloop
  endfacet
  facet normal 0.831318 -0.555797 0
    outer loop
      vertex 66.0514 59.125 8
      vertex 66.215 59.3697 0
      vertex 66.215 59.3697 8
    endloop
  endfacet
  facet normal 0.831318 -0.555797 0
    outer loop
      vertex 66.215 59.3697 0
      vertex 66.0514 59.125 8
      vertex 66.0514 59.125 0
    endloop
  endfacet
endsolid OpenSCAD_Model
