id,family_number,family_slug,title_de,category,category_de,variant_code,variant_label_de,relative_directory,model_path,stl_path,preview_path,artifact_status,qualification_status,status_de,claims_de,materials,hardware,params
001,1,offset-pin-hinge,Versetztes Stiftgelenk,01_rotation_1d,Eindimensionale Drehbewegung,tight,eng,01_rotation_1d/001-offset-pin-hinge-tight,samples/01_rotation_1d/001-offset-pin-hinge-tight/model.scad,samples/01_rotation_1d/001-offset-pin-hinge-tight/print_plate.stl,samples/01_rotation_1d/001-offset-pin-hinge-tight/preview.png,base-release-1.0.0,unqualified,Basismuster aus Release 1.0.0; im DRAFT-Prüfpunkt 1.1.0 nicht physisch requalifiziert.,"Digitale Geometrieprüfung ist keine Funktions-, Last-, Dichtheits-, Lebensdauer- oder Sicherheitsqualifikation.","PLA, PETG, PA",Kein Fremdteil; optional Metallstift gleichen Durchmessers.,"{""clearance"": 0.15, ""leaf_l"": 28, ""pin_d"": 4}"
002,1,offset-pin-hinge,Versetztes Stiftgelenk,01_rotation_1d,Eindimensionale Drehbewegung,standard,standard,01_rotation_1d/002-offset-pin-hinge-standard,samples/01_rotation_1d/002-offset-pin-hinge-standard/model.scad,samples/01_rotation_1d/002-offset-pin-hinge-standard/print_plate.stl,samples/01_rotation_1d/002-offset-pin-hinge-standard/preview.png,base-release-1.0.0,unqualified,Basismuster aus Release 1.0.0; im DRAFT-Prüfpunkt 1.1.0 nicht physisch requalifiziert.,"Digitale Geometrieprüfung ist keine Funktions-, Last-, Dichtheits-, Lebensdauer- oder Sicherheitsqualifikation.","PLA, PETG, PA",Kein Fremdteil; optional Metallstift gleichen Durchmessers.,"{""clearance"": 0.25, ""leaf_l"": 28, ""pin_d"": 4}"
003,1,offset-pin-hinge,Versetztes Stiftgelenk,01_rotation_1d,Eindimensionale Drehbewegung,free,leichtgängig,01_rotation_1d/003-offset-pin-hinge-free,samples/01_rotation_1d/003-offset-pin-hinge-free/model.scad,samples/01_rotation_1d/003-offset-pin-hinge-free/print_plate.stl,samples/01_rotation_1d/003-offset-pin-hinge-free/preview.png,base-release-1.0.0,unqualified,Basismuster aus Release 1.0.0; im DRAFT-Prüfpunkt 1.1.0 nicht physisch requalifiziert.,"Digitale Geometrieprüfung ist keine Funktions-, Last-, Dichtheits-, Lebensdauer- oder Sicherheitsqualifikation.","PLA, PETG, PA",Kein Fremdteil; optional Metallstift gleichen Durchmessers.,"{""clearance"": 0.35, ""leaf_l"": 28, ""pin_d"": 4}"
004,1,offset-pin-hinge,Versetztes Stiftgelenk,01_rotation_1d,Eindimensionale Drehbewegung,dirty,schmutztolerant,01_rotation_1d/004-offset-pin-hinge-dirty,samples/01_rotation_1d/004-offset-pin-hinge-dirty/model.scad,samples/01_rotation_1d/004-offset-pin-hinge-dirty/print_plate.stl,samples/01_rotation_1d/004-offset-pin-hinge-dirty/preview.png,base-release-1.0.0,unqualified,Basismuster aus Release 1.0.0; im DRAFT-Prüfpunkt 1.1.0 nicht physisch requalifiziert.,"Digitale Geometrieprüfung ist keine Funktions-, Last-, Dichtheits-, Lebensdauer- oder Sicherheitsqualifikation.","PLA, PETG, PA",Kein Fremdteil; optional Metallstift gleichen Durchmessers.,"{""clearance"": 0.45, ""leaf_l"": 28, ""pin_d"": 4}"
005,2,print-in-place-pivot,Print-in-Place-Flachdrehgelenk,01_rotation_1d,Eindimensionale Drehbewegung,020,"0,20 mm",01_rotation_1d/005-print-in-place-pivot-020,samples/01_rotation_1d/005-print-in-place-pivot-020/model.scad,samples/01_rotation_1d/005-print-in-place-pivot-020/print_plate.stl,samples/01_rotation_1d/005-print-in-place-pivot-020/preview.png,base-release-1.0.0,unqualified,Basismuster aus Release 1.0.0; im DRAFT-Prüfpunkt 1.1.0 nicht physisch requalifiziert.,"Digitale Geometrieprüfung ist keine Funktions-, Last-, Dichtheits-, Lebensdauer- oder Sicherheitsqualifikation.","PLA, PETG",Kein Fremdteil.,"{""clearance"": 0.2, ""core_d"": 8}"
006,2,print-in-place-pivot,Print-in-Place-Flachdrehgelenk,01_rotation_1d,Eindimensionale Drehbewegung,025,"0,25 mm",01_rotation_1d/006-print-in-place-pivot-025,samples/01_rotation_1d/006-print-in-place-pivot-025/model.scad,samples/01_rotation_1d/006-print-in-place-pivot-025/print_plate.stl,samples/01_rotation_1d/006-print-in-place-pivot-025/preview.png,base-release-1.0.0,unqualified,Basismuster aus Release 1.0.0; im DRAFT-Prüfpunkt 1.1.0 nicht physisch requalifiziert.,"Digitale Geometrieprüfung ist keine Funktions-, Last-, Dichtheits-, Lebensdauer- oder Sicherheitsqualifikation.","PLA, PETG",Kein Fremdteil.,"{""clearance"": 0.25, ""core_d"": 8}"
007,2,print-in-place-pivot,Print-in-Place-Flachdrehgelenk,01_rotation_1d,Eindimensionale Drehbewegung,030,"0,30 mm",01_rotation_1d/007-print-in-place-pivot-030,samples/01_rotation_1d/007-print-in-place-pivot-030/model.scad,samples/01_rotation_1d/007-print-in-place-pivot-030/print_plate.stl,samples/01_rotation_1d/007-print-in-place-pivot-030/preview.png,base-release-1.0.0,unqualified,Basismuster aus Release 1.0.0; im DRAFT-Prüfpunkt 1.1.0 nicht physisch requalifiziert.,"Digitale Geometrieprüfung ist keine Funktions-, Last-, Dichtheits-, Lebensdauer- oder Sicherheitsqualifikation.","PLA, PETG",Kein Fremdteil.,"{""clearance"": 0.3, ""core_d"": 8}"
008,2,print-in-place-pivot,Print-in-Place-Flachdrehgelenk,01_rotation_1d,Eindimensionale Drehbewegung,040,"0,40 mm",01_rotation_1d/008-print-in-place-pivot-040,samples/01_rotation_1d/008-print-in-place-pivot-040/model.scad,samples/01_rotation_1d/008-print-in-place-pivot-040/print_plate.stl,samples/01_rotation_1d/008-print-in-place-pivot-040/preview.png,base-release-1.0.0,unqualified,Basismuster aus Release 1.0.0; im DRAFT-Prüfpunkt 1.1.0 nicht physisch requalifiziert.,"Digitale Geometrieprüfung ist keine Funktions-, Last-, Dichtheits-, Lebensdauer- oder Sicherheitsqualifikation.","PLA, PETG",Kein Fremdteil.,"{""clearance"": 0.4, ""core_d"": 8}"
009,3,thin-section-flexure-hinge,Dünnsteg-Festkörpergelenk,01_rotation_1d,Eindimensionale Drehbewegung,soft,"weich 0,6 mm",01_rotation_1d/009-thin-section-flexure-hinge-soft,samples/01_rotation_1d/009-thin-section-flexure-hinge-soft/model.scad,samples/01_rotation_1d/009-thin-section-flexure-hinge-soft/print_plate.stl,samples/01_rotation_1d/009-thin-section-flexure-hinge-soft/preview.png,base-release-1.0.0,unqualified,Basismuster aus Release 1.0.0; im DRAFT-Prüfpunkt 1.1.0 nicht physisch requalifiziert.,"Digitale Geometrieprüfung ist keine Funktions-, Last-, Dichtheits-, Lebensdauer- oder Sicherheitsqualifikation.","PETG, PA, PP",Kein Fremdteil.,"{""beam_t"": 0.6, ""beam_w"": 12, ""gap"": 8}"
010,3,thin-section-flexure-hinge,Dünnsteg-Festkörpergelenk,01_rotation_1d,Eindimensionale Drehbewegung,balanced,"ausgewogen 0,8 mm",01_rotation_1d/010-thin-section-flexure-hinge-balanced,samples/01_rotation_1d/010-thin-section-flexure-hinge-balanced/model.scad,samples/01_rotation_1d/010-thin-section-flexure-hinge-balanced/print_plate.stl,samples/01_rotation_1d/010-thin-section-flexure-hinge-balanced/preview.png,base-release-1.0.0,unqualified,Basismuster aus Release 1.0.0; im DRAFT-Prüfpunkt 1.1.0 nicht physisch requalifiziert.,"Digitale Geometrieprüfung ist keine Funktions-, Last-, Dichtheits-, Lebensdauer- oder Sicherheitsqualifikation.","PETG, PA, PP",Kein Fremdteil.,"{""beam_t"": 0.8, ""beam_w"": 12, ""gap"": 8}"
011,3,thin-section-flexure-hinge,Dünnsteg-Festkörpergelenk,01_rotation_1d,Eindimensionale Drehbewegung,stiff,"steif 1,0 mm",01_rotation_1d/011-thin-section-flexure-hinge-stiff,samples/01_rotation_1d/011-thin-section-flexure-hinge-stiff/model.scad,samples/01_rotation_1d/011-thin-section-flexure-hinge-stiff/print_plate.stl,samples/01_rotation_1d/011-thin-section-flexure-hinge-stiff/preview.png,base-release-1.0.0,unqualified,Basismuster aus Release 1.0.0; im DRAFT-Prüfpunkt 1.1.0 nicht physisch requalifiziert.,"Digitale Geometrieprüfung ist keine Funktions-, Last-, Dichtheits-, Lebensdauer- oder Sicherheitsqualifikation.","PETG, PA, PP",Kein Fremdteil.,"{""beam_t"": 1.0, ""beam_w"": 12, ""gap"": 8}"
012,3,thin-section-flexure-hinge,Dünnsteg-Festkörpergelenk,01_rotation_1d,Eindimensionale Drehbewegung,heavy,"kräftig 1,2 mm",01_rotation_1d/012-thin-section-flexure-hinge-heavy,samples/01_rotation_1d/012-thin-section-flexure-hinge-heavy/model.scad,samples/01_rotation_1d/012-thin-section-flexure-hinge-heavy/print_plate.stl,samples/01_rotation_1d/012-thin-section-flexure-hinge-heavy/preview.png,base-release-1.0.0,unqualified,Basismuster aus Release 1.0.0; im DRAFT-Prüfpunkt 1.1.0 nicht physisch requalifiziert.,"Digitale Geometrieprüfung ist keine Funktions-, Last-, Dichtheits-, Lebensdauer- oder Sicherheitsqualifikation.","PETG, PA, PP",Kein Fremdteil.,"{""beam_t"": 1.2, ""beam_w"": 12, ""gap"": 8}"
013,4,serpentine-living-hinge,Serpentinen-Filmgelenk,01_rotation_1d,Eindimensionale Drehbewegung,080,"0,8 mm Bahn",01_rotation_1d/013-serpentine-living-hinge-080,samples/01_rotation_1d/013-serpentine-living-hinge-080/model.scad,samples/01_rotation_1d/013-serpentine-living-hinge-080/print_plate.stl,samples/01_rotation_1d/013-serpentine-living-hinge-080/preview.png,base-release-1.0.0,unqualified,Basismuster aus Release 1.0.0; im DRAFT-Prüfpunkt 1.1.0 nicht physisch requalifiziert.,"Digitale Geometrieprüfung ist keine Funktions-, Last-, Dichtheits-, Lebensdauer- oder Sicherheitsqualifikation.","PETG, PA, PP",Kein Fremdteil.,"{""beam_w"": 0.8, ""gap"": 22}"
014,4,serpentine-living-hinge,Serpentinen-Filmgelenk,01_rotation_1d,Eindimensionale Drehbewegung,100,"1,0 mm Bahn",01_rotation_1d/014-serpentine-living-hinge-100,samples/01_rotation_1d/014-serpentine-living-hinge-100/model.scad,samples/01_rotation_1d/014-serpentine-living-hinge-100/print_plate.stl,samples/01_rotation_1d/014-serpentine-living-hinge-100/preview.png,base-release-1.0.0,unqualified,Basismuster aus Release 1.0.0; im DRAFT-Prüfpunkt 1.1.0 nicht physisch requalifiziert.,"Digitale Geometrieprüfung ist keine Funktions-, Last-, Dichtheits-, Lebensdauer- oder Sicherheitsqualifikation.","PETG, PA, PP",Kein Fremdteil.,"{""beam_w"": 1.0, ""gap"": 22}"
015,4,serpentine-living-hinge,Serpentinen-Filmgelenk,01_rotation_1d,Eindimensionale Drehbewegung,120,"1,2 mm Bahn",01_rotation_1d/015-serpentine-living-hinge-120,samples/01_rotation_1d/015-serpentine-living-hinge-120/model.scad,samples/01_rotation_1d/015-serpentine-living-hinge-120/print_plate.stl,samples/01_rotation_1d/015-serpentine-living-hinge-120/preview.png,base-release-1.0.0,unqualified,Basismuster aus Release 1.0.0; im DRAFT-Prüfpunkt 1.1.0 nicht physisch requalifiziert.,"Digitale Geometrieprüfung ist keine Funktions-, Last-, Dichtheits-, Lebensdauer- oder Sicherheitsqualifikation.","PETG, PA, PP",Kein Fremdteil.,"{""beam_w"": 1.2, ""gap"": 22}"
016,4,serpentine-living-hinge,Serpentinen-Filmgelenk,01_rotation_1d,Eindimensionale Drehbewegung,150,"1,5 mm Bahn",01_rotation_1d/016-serpentine-living-hinge-150,samples/01_rotation_1d/016-serpentine-living-hinge-150/model.scad,samples/01_rotation_1d/016-serpentine-living-hinge-150/print_plate.stl,samples/01_rotation_1d/016-serpentine-living-hinge-150/preview.png,base-release-1.0.0,unqualified,Basismuster aus Release 1.0.0; im DRAFT-Prüfpunkt 1.1.0 nicht physisch requalifiziert.,"Digitale Geometrieprüfung ist keine Funktions-, Last-, Dichtheits-, Lebensdauer- oder Sicherheitsqualifikation.","PETG, PA, PP",Kein Fremdteil.,"{""beam_w"": 1.5, ""gap"": 22}"
017,5,snap-universal-joint,Schnapp-Kardangelenk,02_movement_2d,Zweiachsige Bewegung,tight,eng,02_movement_2d/017-snap-universal-joint-tight,samples/02_movement_2d/017-snap-universal-joint-tight/model.scad,samples/02_movement_2d/017-snap-universal-joint-tight/print_plate.stl,samples/02_movement_2d/017-snap-universal-joint-tight/preview.png,base-release-1.0.0,unqualified,Basismuster aus Release 1.0.0; im DRAFT-Prüfpunkt 1.1.0 nicht physisch requalifiziert.,"Digitale Geometrieprüfung ist keine Funktions-, Last-, Dichtheits-, Lebensdauer- oder Sicherheitsqualifikation.","PETG, PA, PLA",Kein Fremdteil.,"{""clearance"": 0.2, ""pin_d"": 4}"
018,5,snap-universal-joint,Schnapp-Kardangelenk,02_movement_2d,Zweiachsige Bewegung,standard,standard,02_movement_2d/018-snap-universal-joint-standard,samples/02_movement_2d/018-snap-universal-joint-standard/model.scad,samples/02_movement_2d/018-snap-universal-joint-standard/print_plate.stl,samples/02_movement_2d/018-snap-universal-joint-standard/preview.png,base-release-1.0.0,unqualified,Basismuster aus Release 1.0.0; im DRAFT-Prüfpunkt 1.1.0 nicht physisch requalifiziert.,"Digitale Geometrieprüfung ist keine Funktions-, Last-, Dichtheits-, Lebensdauer- oder Sicherheitsqualifikation.","PETG, PA, PLA",Kein Fremdteil.,"{""clearance"": 0.3, ""pin_d"": 4}"
019,5,snap-universal-joint,Schnapp-Kardangelenk,02_movement_2d,Zweiachsige Bewegung,free,leichtgängig,02_movement_2d/019-snap-universal-joint-free,samples/02_movement_2d/019-snap-universal-joint-free/model.scad,samples/02_movement_2d/019-snap-universal-joint-free/print_plate.stl,samples/02_movement_2d/019-snap-universal-joint-free/preview.png,base-release-1.0.0,unqualified,Basismuster aus Release 1.0.0; im DRAFT-Prüfpunkt 1.1.0 nicht physisch requalifiziert.,"Digitale Geometrieprüfung ist keine Funktions-, Last-, Dichtheits-, Lebensdauer- oder Sicherheitsqualifikation.","PETG, PA, PLA",Kein Fremdteil.,"{""clearance"": 0.4, ""pin_d"": 4}"
020,5,snap-universal-joint,Schnapp-Kardangelenk,02_movement_2d,Zweiachsige Bewegung,loose,großzügig,02_movement_2d/020-snap-universal-joint-loose,samples/02_movement_2d/020-snap-universal-joint-loose/model.scad,samples/02_movement_2d/020-snap-universal-joint-loose/print_plate.stl,samples/02_movement_2d/020-snap-universal-joint-loose/preview.png,base-release-1.0.0,unqualified,Basismuster aus Release 1.0.0; im DRAFT-Prüfpunkt 1.1.0 nicht physisch requalifiziert.,"Digitale Geometrieprüfung ist keine Funktions-, Last-, Dichtheits-, Lebensdauer- oder Sicherheitsqualifikation.","PETG, PA, PLA",Kein Fremdteil.,"{""clearance"": 0.5, ""pin_d"": 4}"
021,6,pinned-gimbal,Zweiachsiger Gimbal mit Stiften,02_movement_2d,Zweiachsige Bewegung,tight,eng,02_movement_2d/021-pinned-gimbal-tight,samples/02_movement_2d/021-pinned-gimbal-tight/model.scad,samples/02_movement_2d/021-pinned-gimbal-tight/print_plate.stl,samples/02_movement_2d/021-pinned-gimbal-tight/preview.png,base-release-1.0.0,unqualified,Basismuster aus Release 1.0.0; im DRAFT-Prüfpunkt 1.1.0 nicht physisch requalifiziert.,"Digitale Geometrieprüfung ist keine Funktions-, Last-, Dichtheits-, Lebensdauer- oder Sicherheitsqualifikation.","PLA, PETG, PA",Optional zwei Metallstifte.,"{""clearance"": 0.2, ""pin_d"": 4}"
022,6,pinned-gimbal,Zweiachsiger Gimbal mit Stiften,02_movement_2d,Zweiachsige Bewegung,standard,standard,02_movement_2d/022-pinned-gimbal-standard,samples/02_movement_2d/022-pinned-gimbal-standard/model.scad,samples/02_movement_2d/022-pinned-gimbal-standard/print_plate.stl,samples/02_movement_2d/022-pinned-gimbal-standard/preview.png,base-release-1.0.0,unqualified,Basismuster aus Release 1.0.0; im DRAFT-Prüfpunkt 1.1.0 nicht physisch requalifiziert.,"Digitale Geometrieprüfung ist keine Funktions-, Last-, Dichtheits-, Lebensdauer- oder Sicherheitsqualifikation.","PLA, PETG, PA",Optional zwei Metallstifte.,"{""clearance"": 0.3, ""pin_d"": 4}"
023,6,pinned-gimbal,Zweiachsiger Gimbal mit Stiften,02_movement_2d,Zweiachsige Bewegung,free,leichtgängig,02_movement_2d/023-pinned-gimbal-free,samples/02_movement_2d/023-pinned-gimbal-free/model.scad,samples/02_movement_2d/023-pinned-gimbal-free/print_plate.stl,samples/02_movement_2d/023-pinned-gimbal-free/preview.png,base-release-1.0.0,unqualified,Basismuster aus Release 1.0.0; im DRAFT-Prüfpunkt 1.1.0 nicht physisch requalifiziert.,"Digitale Geometrieprüfung ist keine Funktions-, Last-, Dichtheits-, Lebensdauer- oder Sicherheitsqualifikation.","PLA, PETG, PA",Optional zwei Metallstifte.,"{""clearance"": 0.4, ""pin_d"": 4}"
024,6,pinned-gimbal,Zweiachsiger Gimbal mit Stiften,02_movement_2d,Zweiachsige Bewegung,loose,großzügig,02_movement_2d/024-pinned-gimbal-loose,samples/02_movement_2d/024-pinned-gimbal-loose/model.scad,samples/02_movement_2d/024-pinned-gimbal-loose/print_plate.stl,samples/02_movement_2d/024-pinned-gimbal-loose/preview.png,base-release-1.0.0,unqualified,Basismuster aus Release 1.0.0; im DRAFT-Prüfpunkt 1.1.0 nicht physisch requalifiziert.,"Digitale Geometrieprüfung ist keine Funktions-, Last-, Dichtheits-, Lebensdauer- oder Sicherheitsqualifikation.","PLA, PETG, PA",Optional zwei Metallstifte.,"{""clearance"": 0.5, ""pin_d"": 4}"
025,7,xy-flexure-stage,XY-Festkörpertisch,02_movement_2d,Zweiachsige Bewegung,soft,"weich 0,8 mm",02_movement_2d/025-xy-flexure-stage-soft,samples/02_movement_2d/025-xy-flexure-stage-soft/model.scad,samples/02_movement_2d/025-xy-flexure-stage-soft/print_plate.stl,samples/02_movement_2d/025-xy-flexure-stage-soft/preview.png,base-release-1.0.0,unqualified,Basismuster aus Release 1.0.0; im DRAFT-Prüfpunkt 1.1.0 nicht physisch requalifiziert.,"Digitale Geometrieprüfung ist keine Funktions-, Last-, Dichtheits-, Lebensdauer- oder Sicherheitsqualifikation.","PETG, PA, PP",Kein Fremdteil.,"{""beam_l"": 17, ""beam_w"": 0.8}"
026,7,xy-flexure-stage,XY-Festkörpertisch,02_movement_2d,Zweiachsige Bewegung,balanced,"ausgewogen 1,0 mm",02_movement_2d/026-xy-flexure-stage-balanced,samples/02_movement_2d/026-xy-flexure-stage-balanced/model.scad,samples/02_movement_2d/026-xy-flexure-stage-balanced/print_plate.stl,samples/02_movement_2d/026-xy-flexure-stage-balanced/preview.png,base-release-1.0.0,unqualified,Basismuster aus Release 1.0.0; im DRAFT-Prüfpunkt 1.1.0 nicht physisch requalifiziert.,"Digitale Geometrieprüfung ist keine Funktions-, Last-, Dichtheits-, Lebensdauer- oder Sicherheitsqualifikation.","PETG, PA, PP",Kein Fremdteil.,"{""beam_l"": 17, ""beam_w"": 1.0}"
027,7,xy-flexure-stage,XY-Festkörpertisch,02_movement_2d,Zweiachsige Bewegung,stiff,"steif 1,2 mm",02_movement_2d/027-xy-flexure-stage-stiff,samples/02_movement_2d/027-xy-flexure-stage-stiff/model.scad,samples/02_movement_2d/027-xy-flexure-stage-stiff/print_plate.stl,samples/02_movement_2d/027-xy-flexure-stage-stiff/preview.png,base-release-1.0.0,unqualified,Basismuster aus Release 1.0.0; im DRAFT-Prüfpunkt 1.1.0 nicht physisch requalifiziert.,"Digitale Geometrieprüfung ist keine Funktions-, Last-, Dichtheits-, Lebensdauer- oder Sicherheitsqualifikation.","PETG, PA, PP",Kein Fremdteil.,"{""beam_l"": 17, ""beam_w"": 1.2}"
028,7,xy-flexure-stage,XY-Festkörpertisch,02_movement_2d,Zweiachsige Bewegung,heavy,"kräftig 1,5 mm",02_movement_2d/028-xy-flexure-stage-heavy,samples/02_movement_2d/028-xy-flexure-stage-heavy/model.scad,samples/02_movement_2d/028-xy-flexure-stage-heavy/print_plate.stl,samples/02_movement_2d/028-xy-flexure-stage-heavy/preview.png,base-release-1.0.0,unqualified,Basismuster aus Release 1.0.0; im DRAFT-Prüfpunkt 1.1.0 nicht physisch requalifiziert.,"Digitale Geometrieprüfung ist keine Funktions-, Last-, Dichtheits-, Lebensdauer- oder Sicherheitsqualifikation.","PETG, PA, PP",Kein Fremdteil.,"{""beam_l"": 17, ""beam_w"": 1.5}"
029,8,slotted-snap-ball-joint,Geschlitztes Schnapp-Kugelgelenk,03_ball_joints,Kugelgelenke,tight,eng,03_ball_joints/029-slotted-snap-ball-joint-tight,samples/03_ball_joints/029-slotted-snap-ball-joint-tight/model.scad,samples/03_ball_joints/029-slotted-snap-ball-joint-tight/print_plate.stl,samples/03_ball_joints/029-slotted-snap-ball-joint-tight/preview.png,base-release-1.0.0,unqualified,Basismuster aus Release 1.0.0; im DRAFT-Prüfpunkt 1.1.0 nicht physisch requalifiziert.,"Digitale Geometrieprüfung ist keine Funktions-, Last-, Dichtheits-, Lebensdauer- oder Sicherheitsqualifikation.","PETG, PA, PLA",Kein Fremdteil.,"{""ball_d"": 14, ""clearance"": 0.25}"
030,8,slotted-snap-ball-joint,Geschlitztes Schnapp-Kugelgelenk,03_ball_joints,Kugelgelenke,standard,standard,03_ball_joints/030-slotted-snap-ball-joint-standard,samples/03_ball_joints/030-slotted-snap-ball-joint-standard/model.scad,samples/03_ball_joints/030-slotted-snap-ball-joint-standard/print_plate.stl,samples/03_ball_joints/030-slotted-snap-ball-joint-standard/preview.png,base-release-1.0.0,unqualified,Basismuster aus Release 1.0.0; im DRAFT-Prüfpunkt 1.1.0 nicht physisch requalifiziert.,"Digitale Geometrieprüfung ist keine Funktions-, Last-, Dichtheits-, Lebensdauer- oder Sicherheitsqualifikation.","PETG, PA, PLA",Kein Fremdteil.,"{""ball_d"": 14, ""clearance"": 0.35}"
031,8,slotted-snap-ball-joint,Geschlitztes Schnapp-Kugelgelenk,03_ball_joints,Kugelgelenke,free,leichtgängig,03_ball_joints/031-slotted-snap-ball-joint-free,samples/03_ball_joints/031-slotted-snap-ball-joint-free/model.scad,samples/03_ball_joints/031-slotted-snap-ball-joint-free/print_plate.stl,samples/03_ball_joints/031-slotted-snap-ball-joint-free/preview.png,base-release-1.0.0,unqualified,Basismuster aus Release 1.0.0; im DRAFT-Prüfpunkt 1.1.0 nicht physisch requalifiziert.,"Digitale Geometrieprüfung ist keine Funktions-, Last-, Dichtheits-, Lebensdauer- oder Sicherheitsqualifikation.","PETG, PA, PLA",Kein Fremdteil.,"{""ball_d"": 14, ""clearance"": 0.45}"
032,8,slotted-snap-ball-joint,Geschlitztes Schnapp-Kugelgelenk,03_ball_joints,Kugelgelenke,loose,großzügig,03_ball_joints/032-slotted-snap-ball-joint-loose,samples/03_ball_joints/032-slotted-snap-ball-joint-loose/model.scad,samples/03_ball_joints/032-slotted-snap-ball-joint-loose/print_plate.stl,samples/03_ball_joints/032-slotted-snap-ball-joint-loose/preview.png,base-release-1.0.0,unqualified,Basismuster aus Release 1.0.0; im DRAFT-Prüfpunkt 1.1.0 nicht physisch requalifiziert.,"Digitale Geometrieprüfung ist keine Funktions-, Last-, Dichtheits-, Lebensdauer- oder Sicherheitsqualifikation.","PETG, PA, PLA",Kein Fremdteil.,"{""ball_d"": 14, ""clearance"": 0.55}"
033,9,split-clamp-ball-joint,Geteilte Klemm-Kugelpfanne,03_ball_joints,Kugelgelenke,d12,Kugel 12 mm,03_ball_joints/033-split-clamp-ball-joint-d12,samples/03_ball_joints/033-split-clamp-ball-joint-d12/model.scad,samples/03_ball_joints/033-split-clamp-ball-joint-d12/print_plate.stl,samples/03_ball_joints/033-split-clamp-ball-joint-d12/preview.png,base-release-1.0.0,unqualified,Basismuster aus Release 1.0.0; im DRAFT-Prüfpunkt 1.1.0 nicht physisch requalifiziert.,"Digitale Geometrieprüfung ist keine Funktions-, Last-, Dichtheits-, Lebensdauer- oder Sicherheitsqualifikation.","PLA, PETG, PA",Zwei M3-Schrauben und M3-Muttern pro Muster.,"{""ball_d"": 12, ""clearance"": 0.25}"
034,9,split-clamp-ball-joint,Geteilte Klemm-Kugelpfanne,03_ball_joints,Kugelgelenke,d14,Kugel 14 mm,03_ball_joints/034-split-clamp-ball-joint-d14,samples/03_ball_joints/034-split-clamp-ball-joint-d14/model.scad,samples/03_ball_joints/034-split-clamp-ball-joint-d14/print_plate.stl,samples/03_ball_joints/034-split-clamp-ball-joint-d14/preview.png,base-release-1.0.0,unqualified,Basismuster aus Release 1.0.0; im DRAFT-Prüfpunkt 1.1.0 nicht physisch requalifiziert.,"Digitale Geometrieprüfung ist keine Funktions-, Last-, Dichtheits-, Lebensdauer- oder Sicherheitsqualifikation.","PLA, PETG, PA",Zwei M3-Schrauben und M3-Muttern pro Muster.,"{""ball_d"": 14, ""clearance"": 0.25}"
035,9,split-clamp-ball-joint,Geteilte Klemm-Kugelpfanne,03_ball_joints,Kugelgelenke,d16,Kugel 16 mm,03_ball_joints/035-split-clamp-ball-joint-d16,samples/03_ball_joints/035-split-clamp-ball-joint-d16/model.scad,samples/03_ball_joints/035-split-clamp-ball-joint-d16/print_plate.stl,samples/03_ball_joints/035-split-clamp-ball-joint-d16/preview.png,base-release-1.0.0,unqualified,Basismuster aus Release 1.0.0; im DRAFT-Prüfpunkt 1.1.0 nicht physisch requalifiziert.,"Digitale Geometrieprüfung ist keine Funktions-, Last-, Dichtheits-, Lebensdauer- oder Sicherheitsqualifikation.","PLA, PETG, PA",Zwei M3-Schrauben und M3-Muttern pro Muster.,"{""ball_d"": 16, ""clearance"": 0.25}"
036,9,split-clamp-ball-joint,Geteilte Klemm-Kugelpfanne,03_ball_joints,Kugelgelenke,d20,Kugel 20 mm,03_ball_joints/036-split-clamp-ball-joint-d20,samples/03_ball_joints/036-split-clamp-ball-joint-d20/model.scad,samples/03_ball_joints/036-split-clamp-ball-joint-d20/print_plate.stl,samples/03_ball_joints/036-split-clamp-ball-joint-d20/preview.png,base-release-1.0.0,unqualified,Basismuster aus Release 1.0.0; im DRAFT-Prüfpunkt 1.1.0 nicht physisch requalifiziert.,"Digitale Geometrieprüfung ist keine Funktions-, Last-, Dichtheits-, Lebensdauer- oder Sicherheitsqualifikation.","PLA, PETG, PA",Zwei M3-Schrauben und M3-Muttern pro Muster.,"{""ball_d"": 20, ""clearance"": 0.3}"
037,10,press-fit-dowel,Dauerhafter Pressstift,04_permanent_connections,Dauerhafte Steck- und Schiebverbindungen,i015,"0,15 mm Übermaß",04_permanent_connections/037-press-fit-dowel-i015,samples/04_permanent_connections/037-press-fit-dowel-i015/model.scad,samples/04_permanent_connections/037-press-fit-dowel-i015/print_plate.stl,samples/04_permanent_connections/037-press-fit-dowel-i015/preview.png,base-release-1.0.0,unqualified,Basismuster aus Release 1.0.0; im DRAFT-Prüfpunkt 1.1.0 nicht physisch requalifiziert.,"Digitale Geometrieprüfung ist keine Funktions-, Last-, Dichtheits-, Lebensdauer- oder Sicherheitsqualifikation.","PLA, PETG, PA",Kein Fremdteil.,"{""gap"": -0.15, ""pin_d"": 8}"
038,10,press-fit-dowel,Dauerhafter Pressstift,04_permanent_connections,Dauerhafte Steck- und Schiebverbindungen,i005,"0,05 mm Übermaß",04_permanent_connections/038-press-fit-dowel-i005,samples/04_permanent_connections/038-press-fit-dowel-i005/model.scad,samples/04_permanent_connections/038-press-fit-dowel-i005/print_plate.stl,samples/04_permanent_connections/038-press-fit-dowel-i005/preview.png,base-release-1.0.0,unqualified,Basismuster aus Release 1.0.0; im DRAFT-Prüfpunkt 1.1.0 nicht physisch requalifiziert.,"Digitale Geometrieprüfung ist keine Funktions-, Last-, Dichtheits-, Lebensdauer- oder Sicherheitsqualifikation.","PLA, PETG, PA",Kein Fremdteil.,"{""gap"": -0.05, ""pin_d"": 8}"
039,10,press-fit-dowel,Dauerhafter Pressstift,04_permanent_connections,Dauerhafte Steck- und Schiebverbindungen,line,Nennmaß,04_permanent_connections/039-press-fit-dowel-line,samples/04_permanent_connections/039-press-fit-dowel-line/model.scad,samples/04_permanent_connections/039-press-fit-dowel-line/print_plate.stl,samples/04_permanent_connections/039-press-fit-dowel-line/preview.png,base-release-1.0.0,unqualified,Basismuster aus Release 1.0.0; im DRAFT-Prüfpunkt 1.1.0 nicht physisch requalifiziert.,"Digitale Geometrieprüfung ist keine Funktions-, Last-, Dichtheits-, Lebensdauer- oder Sicherheitsqualifikation.","PLA, PETG, PA",Kein Fremdteil.,"{""gap"": 0.0, ""pin_d"": 8}"
040,10,press-fit-dowel,Dauerhafter Pressstift,04_permanent_connections,Dauerhafte Steck- und Schiebverbindungen,g010,"0,10 mm Spiel",04_permanent_connections/040-press-fit-dowel-g010,samples/04_permanent_connections/040-press-fit-dowel-g010/model.scad,samples/04_permanent_connections/040-press-fit-dowel-g010/print_plate.stl,samples/04_permanent_connections/040-press-fit-dowel-g010/preview.png,base-release-1.0.0,unqualified,Basismuster aus Release 1.0.0; im DRAFT-Prüfpunkt 1.1.0 nicht physisch requalifiziert.,"Digitale Geometrieprüfung ist keine Funktions-, Last-, Dichtheits-, Lebensdauer- oder Sicherheitsqualifikation.","PLA, PETG, PA",Kein Fremdteil.,"{""gap"": 0.1, ""pin_d"": 8}"
041,11,keyed-plug-socket,Verdrehsichere Schlüssel-Steckverbindung,04_permanent_connections,Dauerhafte Steck- und Schiebverbindungen,015,"0,15 mm",04_permanent_connections/041-keyed-plug-socket-015,samples/04_permanent_connections/041-keyed-plug-socket-015/model.scad,samples/04_permanent_connections/041-keyed-plug-socket-015/print_plate.stl,samples/04_permanent_connections/041-keyed-plug-socket-015/preview.png,base-release-1.0.0,unqualified,Basismuster aus Release 1.0.0; im DRAFT-Prüfpunkt 1.1.0 nicht physisch requalifiziert.,"Digitale Geometrieprüfung ist keine Funktions-, Last-, Dichtheits-, Lebensdauer- oder Sicherheitsqualifikation.","PLA, PETG, PA",Kein Fremdteil.,"{""clearance"": 0.15}"
042,11,keyed-plug-socket,Verdrehsichere Schlüssel-Steckverbindung,04_permanent_connections,Dauerhafte Steck- und Schiebverbindungen,025,"0,25 mm",04_permanent_connections/042-keyed-plug-socket-025,samples/04_permanent_connections/042-keyed-plug-socket-025/model.scad,samples/04_permanent_connections/042-keyed-plug-socket-025/print_plate.stl,samples/04_permanent_connections/042-keyed-plug-socket-025/preview.png,base-release-1.0.0,unqualified,Basismuster aus Release 1.0.0; im DRAFT-Prüfpunkt 1.1.0 nicht physisch requalifiziert.,"Digitale Geometrieprüfung ist keine Funktions-, Last-, Dichtheits-, Lebensdauer- oder Sicherheitsqualifikation.","PLA, PETG, PA",Kein Fremdteil.,"{""clearance"": 0.25}"
043,11,keyed-plug-socket,Verdrehsichere Schlüssel-Steckverbindung,04_permanent_connections,Dauerhafte Steck- und Schiebverbindungen,035,"0,35 mm",04_permanent_connections/043-keyed-plug-socket-035,samples/04_permanent_connections/043-keyed-plug-socket-035/model.scad,samples/04_permanent_connections/043-keyed-plug-socket-035/print_plate.stl,samples/04_permanent_connections/043-keyed-plug-socket-035/preview.png,base-release-1.0.0,unqualified,Basismuster aus Release 1.0.0; im DRAFT-Prüfpunkt 1.1.0 nicht physisch requalifiziert.,"Digitale Geometrieprüfung ist keine Funktions-, Last-, Dichtheits-, Lebensdauer- oder Sicherheitsqualifikation.","PLA, PETG, PA",Kein Fremdteil.,"{""clearance"": 0.35}"
044,11,keyed-plug-socket,Verdrehsichere Schlüssel-Steckverbindung,04_permanent_connections,Dauerhafte Steck- und Schiebverbindungen,045,"0,45 mm",04_permanent_connections/044-keyed-plug-socket-045,samples/04_permanent_connections/044-keyed-plug-socket-045/model.scad,samples/04_permanent_connections/044-keyed-plug-socket-045/print_plate.stl,samples/04_permanent_connections/044-keyed-plug-socket-045/preview.png,base-release-1.0.0,unqualified,Basismuster aus Release 1.0.0; im DRAFT-Prüfpunkt 1.1.0 nicht physisch requalifiziert.,"Digitale Geometrieprüfung ist keine Funktions-, Last-, Dichtheits-, Lebensdauer- oder Sicherheitsqualifikation.","PLA, PETG, PA",Kein Fremdteil.,"{""clearance"": 0.45}"
045,12,barbed-one-way-connector,Einweg-Steckverbinder mit Widerhaken,04_permanent_connections,Dauerhafte Steck- und Schiebverbindungen,015,"0,15 mm",04_permanent_connections/045-barbed-one-way-connector-015,samples/04_permanent_connections/045-barbed-one-way-connector-015/model.scad,samples/04_permanent_connections/045-barbed-one-way-connector-015/print_plate.stl,samples/04_permanent_connections/045-barbed-one-way-connector-015/preview.png,base-release-1.0.0,unqualified,Basismuster aus Release 1.0.0; im DRAFT-Prüfpunkt 1.1.0 nicht physisch requalifiziert.,"Digitale Geometrieprüfung ist keine Funktions-, Last-, Dichtheits-, Lebensdauer- oder Sicherheitsqualifikation.","PETG, PA, PLA",Kein Fremdteil.,"{""barb_h"": 1.0, ""clearance"": 0.15, ""pin_d"": 7}"
046,12,barbed-one-way-connector,Einweg-Steckverbinder mit Widerhaken,04_permanent_connections,Dauerhafte Steck- und Schiebverbindungen,025,"0,25 mm",04_permanent_connections/046-barbed-one-way-connector-025,samples/04_permanent_connections/046-barbed-one-way-connector-025/model.scad,samples/04_permanent_connections/046-barbed-one-way-connector-025/print_plate.stl,samples/04_permanent_connections/046-barbed-one-way-connector-025/preview.png,base-release-1.0.0,unqualified,Basismuster aus Release 1.0.0; im DRAFT-Prüfpunkt 1.1.0 nicht physisch requalifiziert.,"Digitale Geometrieprüfung ist keine Funktions-, Last-, Dichtheits-, Lebensdauer- oder Sicherheitsqualifikation.","PETG, PA, PLA",Kein Fremdteil.,"{""barb_h"": 1.0, ""clearance"": 0.25, ""pin_d"": 7}"
047,12,barbed-one-way-connector,Einweg-Steckverbinder mit Widerhaken,04_permanent_connections,Dauerhafte Steck- und Schiebverbindungen,035,"0,35 mm",04_permanent_connections/047-barbed-one-way-connector-035,samples/04_permanent_connections/047-barbed-one-way-connector-035/model.scad,samples/04_permanent_connections/047-barbed-one-way-connector-035/print_plate.stl,samples/04_permanent_connections/047-barbed-one-way-connector-035/preview.png,base-release-1.0.0,unqualified,Basismuster aus Release 1.0.0; im DRAFT-Prüfpunkt 1.1.0 nicht physisch requalifiziert.,"Digitale Geometrieprüfung ist keine Funktions-, Last-, Dichtheits-, Lebensdauer- oder Sicherheitsqualifikation.","PETG, PA, PLA",Kein Fremdteil.,"{""barb_h"": 1.0, ""clearance"": 0.35, ""pin_d"": 7}"
048,12,barbed-one-way-connector,Einweg-Steckverbinder mit Widerhaken,04_permanent_connections,Dauerhafte Steck- und Schiebverbindungen,045,"0,45 mm",04_permanent_connections/048-barbed-one-way-connector-045,samples/04_permanent_connections/048-barbed-one-way-connector-045/model.scad,samples/04_permanent_connections/048-barbed-one-way-connector-045/print_plate.stl,samples/04_permanent_connections/048-barbed-one-way-connector-045/preview.png,base-release-1.0.0,unqualified,Basismuster aus Release 1.0.0; im DRAFT-Prüfpunkt 1.1.0 nicht physisch requalifiziert.,"Digitale Geometrieprüfung ist keine Funktions-, Last-, Dichtheits-, Lebensdauer- oder Sicherheitsqualifikation.","PETG, PA, PLA",Kein Fremdteil.,"{""barb_h"": 0.9, ""clearance"": 0.45, ""pin_d"": 7}"
049,13,dovetail-joiner,Schwalbenschwanz-Verbinder,04_permanent_connections,Dauerhafte Steck- und Schiebverbindungen,interference,leichte Interferenz,04_permanent_connections/049-dovetail-joiner-interference,samples/04_permanent_connections/049-dovetail-joiner-interference/model.scad,samples/04_permanent_connections/049-dovetail-joiner-interference/print_plate.stl,samples/04_permanent_connections/049-dovetail-joiner-interference/preview.png,base-release-1.0.0,unqualified,Basismuster aus Release 1.0.0; im DRAFT-Prüfpunkt 1.1.0 nicht physisch requalifiziert.,"Digitale Geometrieprüfung ist keine Funktions-, Last-, Dichtheits-, Lebensdauer- oder Sicherheitsqualifikation.","PLA, PETG, PA",Kein Fremdteil.,"{""clearance"": -0.05, ""length"": 42}"
050,13,dovetail-joiner,Schwalbenschwanz-Verbinder,04_permanent_connections,Dauerhafte Steck- und Schiebverbindungen,tight,"eng 0,10 mm",04_permanent_connections/050-dovetail-joiner-tight,samples/04_permanent_connections/050-dovetail-joiner-tight/model.scad,samples/04_permanent_connections/050-dovetail-joiner-tight/print_plate.stl,samples/04_permanent_connections/050-dovetail-joiner-tight/preview.png,base-release-1.0.0,unqualified,Basismuster aus Release 1.0.0; im DRAFT-Prüfpunkt 1.1.0 nicht physisch requalifiziert.,"Digitale Geometrieprüfung ist keine Funktions-, Last-, Dichtheits-, Lebensdauer- oder Sicherheitsqualifikation.","PLA, PETG, PA",Kein Fremdteil.,"{""clearance"": 0.1, ""length"": 42}"
051,13,dovetail-joiner,Schwalbenschwanz-Verbinder,04_permanent_connections,Dauerhafte Steck- und Schiebverbindungen,standard,"standard 0,20 mm",04_permanent_connections/051-dovetail-joiner-standard,samples/04_permanent_connections/051-dovetail-joiner-standard/model.scad,samples/04_permanent_connections/051-dovetail-joiner-standard/print_plate.stl,samples/04_permanent_connections/051-dovetail-joiner-standard/preview.png,base-release-1.0.0,unqualified,Basismuster aus Release 1.0.0; im DRAFT-Prüfpunkt 1.1.0 nicht physisch requalifiziert.,"Digitale Geometrieprüfung ist keine Funktions-, Last-, Dichtheits-, Lebensdauer- oder Sicherheitsqualifikation.","PLA, PETG, PA",Kein Fremdteil.,"{""clearance"": 0.2, ""length"": 42}"
052,13,dovetail-joiner,Schwalbenschwanz-Verbinder,04_permanent_connections,Dauerhafte Steck- und Schiebverbindungen,free,"leichtgängig 0,35 mm",04_permanent_connections/052-dovetail-joiner-free,samples/04_permanent_connections/052-dovetail-joiner-free/model.scad,samples/04_permanent_connections/052-dovetail-joiner-free/print_plate.stl,samples/04_permanent_connections/052-dovetail-joiner-free/preview.png,base-release-1.0.0,unqualified,Basismuster aus Release 1.0.0; im DRAFT-Prüfpunkt 1.1.0 nicht physisch requalifiziert.,"Digitale Geometrieprüfung ist keine Funktions-, Last-, Dichtheits-, Lebensdauer- oder Sicherheitsqualifikation.","PLA, PETG, PA",Kein Fremdteil.,"{""clearance"": 0.35, ""length"": 42}"
053,14,transverse-wedge-lock,Nut-Feder-Verbindung mit Querkeil,04_permanent_connections,Dauerhafte Steck- und Schiebverbindungen,015,"0,15 mm",04_permanent_connections/053-transverse-wedge-lock-015,samples/04_permanent_connections/053-transverse-wedge-lock-015/model.scad,samples/04_permanent_connections/053-transverse-wedge-lock-015/print_plate.stl,samples/04_permanent_connections/053-transverse-wedge-lock-015/preview.png,base-release-1.0.0,unqualified,Basismuster aus Release 1.0.0; im DRAFT-Prüfpunkt 1.1.0 nicht physisch requalifiziert.,"Digitale Geometrieprüfung ist keine Funktions-, Last-, Dichtheits-, Lebensdauer- oder Sicherheitsqualifikation.","PLA, PETG, PA",Kein Fremdteil.,"{""clearance"": 0.15}"
054,14,transverse-wedge-lock,Nut-Feder-Verbindung mit Querkeil,04_permanent_connections,Dauerhafte Steck- und Schiebverbindungen,025,"0,25 mm",04_permanent_connections/054-transverse-wedge-lock-025,samples/04_permanent_connections/054-transverse-wedge-lock-025/model.scad,samples/04_permanent_connections/054-transverse-wedge-lock-025/print_plate.stl,samples/04_permanent_connections/054-transverse-wedge-lock-025/preview.png,base-release-1.0.0,unqualified,Basismuster aus Release 1.0.0; im DRAFT-Prüfpunkt 1.1.0 nicht physisch requalifiziert.,"Digitale Geometrieprüfung ist keine Funktions-, Last-, Dichtheits-, Lebensdauer- oder Sicherheitsqualifikation.","PLA, PETG, PA",Kein Fremdteil.,"{""clearance"": 0.25}"
055,14,transverse-wedge-lock,Nut-Feder-Verbindung mit Querkeil,04_permanent_connections,Dauerhafte Steck- und Schiebverbindungen,035,"0,35 mm",04_permanent_connections/055-transverse-wedge-lock-035,samples/04_permanent_connections/055-transverse-wedge-lock-035/model.scad,samples/04_permanent_connections/055-transverse-wedge-lock-035/print_plate.stl,samples/04_permanent_connections/055-transverse-wedge-lock-035/preview.png,base-release-1.0.0,unqualified,Basismuster aus Release 1.0.0; im DRAFT-Prüfpunkt 1.1.0 nicht physisch requalifiziert.,"Digitale Geometrieprüfung ist keine Funktions-, Last-, Dichtheits-, Lebensdauer- oder Sicherheitsqualifikation.","PLA, PETG, PA",Kein Fremdteil.,"{""clearance"": 0.35}"
056,14,transverse-wedge-lock,Nut-Feder-Verbindung mit Querkeil,04_permanent_connections,Dauerhafte Steck- und Schiebverbindungen,045,"0,45 mm",04_permanent_connections/056-transverse-wedge-lock-045,samples/04_permanent_connections/056-transverse-wedge-lock-045/model.scad,samples/04_permanent_connections/056-transverse-wedge-lock-045/print_plate.stl,samples/04_permanent_connections/056-transverse-wedge-lock-045/preview.png,base-release-1.0.0,unqualified,Basismuster aus Release 1.0.0; im DRAFT-Prüfpunkt 1.1.0 nicht physisch requalifiziert.,"Digitale Geometrieprüfung ist keine Funktions-, Last-, Dichtheits-, Lebensdauer- oder Sicherheitsqualifikation.","PLA, PETG, PA",Kein Fremdteil.,"{""clearance"": 0.45}"
057,15,captured-nut-screw-boss,Schraubdom mit seitlicher Muttertasche,05_screw_connections,Schraubverbindungen,m25,"M2,5",05_screw_connections/057-captured-nut-screw-boss-m25,samples/05_screw_connections/057-captured-nut-screw-boss-m25/model.scad,samples/05_screw_connections/057-captured-nut-screw-boss-m25/print_plate.stl,samples/05_screw_connections/057-captured-nut-screw-boss-m25/preview.png,base-release-1.0.0,unqualified,Basismuster aus Release 1.0.0; im DRAFT-Prüfpunkt 1.1.0 nicht physisch requalifiziert.,"Digitale Geometrieprüfung ist keine Funktions-, Last-, Dichtheits-, Lebensdauer- oder Sicherheitsqualifikation.","PLA, PETG, PA",Je Variante passende Schraube und Sechskantmutter.,"{""head_d"": 5.2, ""nut_flat"": 5.0, ""nut_h"": 2.1, ""screw_d"": 2.9}"
058,15,captured-nut-screw-boss,Schraubdom mit seitlicher Muttertasche,05_screw_connections,Schraubverbindungen,m3,M3,05_screw_connections/058-captured-nut-screw-boss-m3,samples/05_screw_connections/058-captured-nut-screw-boss-m3/model.scad,samples/05_screw_connections/058-captured-nut-screw-boss-m3/print_plate.stl,samples/05_screw_connections/058-captured-nut-screw-boss-m3/preview.png,base-release-1.0.0,unqualified,Basismuster aus Release 1.0.0; im DRAFT-Prüfpunkt 1.1.0 nicht physisch requalifiziert.,"Digitale Geometrieprüfung ist keine Funktions-, Last-, Dichtheits-, Lebensdauer- oder Sicherheitsqualifikation.","PLA, PETG, PA",Je Variante passende Schraube und Sechskantmutter.,"{""head_d"": 6.5, ""nut_flat"": 5.7, ""nut_h"": 2.5, ""screw_d"": 3.4}"
059,15,captured-nut-screw-boss,Schraubdom mit seitlicher Muttertasche,05_screw_connections,Schraubverbindungen,m4,M4,05_screw_connections/059-captured-nut-screw-boss-m4,samples/05_screw_connections/059-captured-nut-screw-boss-m4/model.scad,samples/05_screw_connections/059-captured-nut-screw-boss-m4/print_plate.stl,samples/05_screw_connections/059-captured-nut-screw-boss-m4/preview.png,base-release-1.0.0,unqualified,Basismuster aus Release 1.0.0; im DRAFT-Prüfpunkt 1.1.0 nicht physisch requalifiziert.,"Digitale Geometrieprüfung ist keine Funktions-, Last-, Dichtheits-, Lebensdauer- oder Sicherheitsqualifikation.","PLA, PETG, PA",Je Variante passende Schraube und Sechskantmutter.,"{""head_d"": 8.3, ""nut_flat"": 7.2, ""nut_h"": 3.3, ""screw_d"": 4.5}"
060,15,captured-nut-screw-boss,Schraubdom mit seitlicher Muttertasche,05_screw_connections,Schraubverbindungen,m5,M5,05_screw_connections/060-captured-nut-screw-boss-m5,samples/05_screw_connections/060-captured-nut-screw-boss-m5/model.scad,samples/05_screw_connections/060-captured-nut-screw-boss-m5/print_plate.stl,samples/05_screw_connections/060-captured-nut-screw-boss-m5/preview.png,base-release-1.0.0,unqualified,Basismuster aus Release 1.0.0; im DRAFT-Prüfpunkt 1.1.0 nicht physisch requalifiziert.,"Digitale Geometrieprüfung ist keine Funktions-, Last-, Dichtheits-, Lebensdauer- oder Sicherheitsqualifikation.","PLA, PETG, PA",Je Variante passende Schraube und Sechskantmutter.,"{""head_d"": 9.6, ""nut_flat"": 8.4, ""nut_h"": 4.2, ""screw_d"": 5.5}"
061,16,heat-set-insert-coupon,Heizeinsatz-Schraubprobe,05_screw_connections,Schraubverbindungen,m2,M2,05_screw_connections/061-heat-set-insert-coupon-m2,samples/05_screw_connections/061-heat-set-insert-coupon-m2/model.scad,samples/05_screw_connections/061-heat-set-insert-coupon-m2/print_plate.stl,samples/05_screw_connections/061-heat-set-insert-coupon-m2/preview.png,base-release-1.0.0,unqualified,Basismuster aus Release 1.0.0; im DRAFT-Prüfpunkt 1.1.0 nicht physisch requalifiziert.,"Digitale Geometrieprüfung ist keine Funktions-, Last-, Dichtheits-, Lebensdauer- oder Sicherheitsqualifikation.","PETG, ABS, ASA, PA, PLA",Passender Messing-Heizeinsatz und Schraube.,"{""head_d"": 4.4, ""insert_depth"": 4.0, ""pilot_d"": 3.2, ""screw_clear"": 2.4}"
062,16,heat-set-insert-coupon,Heizeinsatz-Schraubprobe,05_screw_connections,Schraubverbindungen,m25,"M2,5",05_screw_connections/062-heat-set-insert-coupon-m25,samples/05_screw_connections/062-heat-set-insert-coupon-m25/model.scad,samples/05_screw_connections/062-heat-set-insert-coupon-m25/print_plate.stl,samples/05_screw_connections/062-heat-set-insert-coupon-m25/preview.png,base-release-1.0.0,unqualified,Basismuster aus Release 1.0.0; im DRAFT-Prüfpunkt 1.1.0 nicht physisch requalifiziert.,"Digitale Geometrieprüfung ist keine Funktions-, Last-, Dichtheits-, Lebensdauer- oder Sicherheitsqualifikation.","PETG, ABS, ASA, PA, PLA",Passender Messing-Heizeinsatz und Schraube.,"{""head_d"": 5.2, ""insert_depth"": 5.0, ""pilot_d"": 3.8, ""screw_clear"": 2.9}"
063,16,heat-set-insert-coupon,Heizeinsatz-Schraubprobe,05_screw_connections,Schraubverbindungen,m3,M3,05_screw_connections/063-heat-set-insert-coupon-m3,samples/05_screw_connections/063-heat-set-insert-coupon-m3/model.scad,samples/05_screw_connections/063-heat-set-insert-coupon-m3/print_plate.stl,samples/05_screw_connections/063-heat-set-insert-coupon-m3/preview.png,base-release-1.0.0,unqualified,Basismuster aus Release 1.0.0; im DRAFT-Prüfpunkt 1.1.0 nicht physisch requalifiziert.,"Digitale Geometrieprüfung ist keine Funktions-, Last-, Dichtheits-, Lebensdauer- oder Sicherheitsqualifikation.","PETG, ABS, ASA, PA, PLA",Passender Messing-Heizeinsatz und Schraube.,"{""head_d"": 6.5, ""insert_depth"": 6.0, ""pilot_d"": 4.2, ""screw_clear"": 3.4}"
064,16,heat-set-insert-coupon,Heizeinsatz-Schraubprobe,05_screw_connections,Schraubverbindungen,m4,M4,05_screw_connections/064-heat-set-insert-coupon-m4,samples/05_screw_connections/064-heat-set-insert-coupon-m4/model.scad,samples/05_screw_connections/064-heat-set-insert-coupon-m4/print_plate.stl,samples/05_screw_connections/064-heat-set-insert-coupon-m4/preview.png,base-release-1.0.0,unqualified,Basismuster aus Release 1.0.0; im DRAFT-Prüfpunkt 1.1.0 nicht physisch requalifiziert.,"Digitale Geometrieprüfung ist keine Funktions-, Last-, Dichtheits-, Lebensdauer- oder Sicherheitsqualifikation.","PETG, ABS, ASA, PA, PLA",Passender Messing-Heizeinsatz und Schraube.,"{""head_d"": 8.3, ""insert_depth"": 7.0, ""pilot_d"": 5.6, ""screw_clear"": 4.5}"
065,17,coarse-printed-thread,Grobgewinde aus dem Drucker,05_screw_connections,Schraubverbindungen,d12,"Ø 12 / P 2,5",05_screw_connections/065-coarse-printed-thread-d12,samples/05_screw_connections/065-coarse-printed-thread-d12/model.scad,samples/05_screw_connections/065-coarse-printed-thread-d12/print_plate.stl,samples/05_screw_connections/065-coarse-printed-thread-d12/preview.png,base-release-1.0.0,unqualified,Basismuster aus Release 1.0.0; im DRAFT-Prüfpunkt 1.1.0 nicht physisch requalifiziert.,"Digitale Geometrieprüfung ist keine Funktions-, Last-, Dichtheits-, Lebensdauer- oder Sicherheitsqualifikation.","PLA, PETG, PA",Kein Fremdteil.,"{""clearance"": 0.25, ""d"": 12, ""length"": 14, ""pitch"": 2.5}"
066,17,coarse-printed-thread,Grobgewinde aus dem Drucker,05_screw_connections,Schraubverbindungen,d16,Ø 16 / P 3,05_screw_connections/066-coarse-printed-thread-d16,samples/05_screw_connections/066-coarse-printed-thread-d16/model.scad,samples/05_screw_connections/066-coarse-printed-thread-d16/print_plate.stl,samples/05_screw_connections/066-coarse-printed-thread-d16/preview.png,base-release-1.0.0,unqualified,Basismuster aus Release 1.0.0; im DRAFT-Prüfpunkt 1.1.0 nicht physisch requalifiziert.,"Digitale Geometrieprüfung ist keine Funktions-, Last-, Dichtheits-, Lebensdauer- oder Sicherheitsqualifikation.","PLA, PETG, PA",Kein Fremdteil.,"{""clearance"": 0.3, ""d"": 16, ""length"": 16, ""pitch"": 3.0}"
067,17,coarse-printed-thread,Grobgewinde aus dem Drucker,05_screw_connections,Schraubverbindungen,d20,Ø 20 / P 4,05_screw_connections/067-coarse-printed-thread-d20,samples/05_screw_connections/067-coarse-printed-thread-d20/model.scad,samples/05_screw_connections/067-coarse-printed-thread-d20/print_plate.stl,samples/05_screw_connections/067-coarse-printed-thread-d20/preview.png,base-release-1.0.0,unqualified,Basismuster aus Release 1.0.0; im DRAFT-Prüfpunkt 1.1.0 nicht physisch requalifiziert.,"Digitale Geometrieprüfung ist keine Funktions-, Last-, Dichtheits-, Lebensdauer- oder Sicherheitsqualifikation.","PLA, PETG, PA",Kein Fremdteil.,"{""clearance"": 0.35, ""d"": 20, ""length"": 18, ""pitch"": 4.0}"
068,17,coarse-printed-thread,Grobgewinde aus dem Drucker,05_screw_connections,Schraubverbindungen,d24,Ø 24 / P 5,05_screw_connections/068-coarse-printed-thread-d24,samples/05_screw_connections/068-coarse-printed-thread-d24/model.scad,samples/05_screw_connections/068-coarse-printed-thread-d24/print_plate.stl,samples/05_screw_connections/068-coarse-printed-thread-d24/preview.png,base-release-1.0.0,unqualified,Basismuster aus Release 1.0.0; im DRAFT-Prüfpunkt 1.1.0 nicht physisch requalifiziert.,"Digitale Geometrieprüfung ist keine Funktions-, Last-, Dichtheits-, Lebensdauer- oder Sicherheitsqualifikation.","PLA, PETG, PA",Kein Fremdteil.,"{""clearance"": 0.45, ""d"": 24, ""length"": 20, ""pitch"": 5.0}"
069,18,cantilever-snap-latch,Wiederlösbarer Kragarm-Schnapper,06_reusable_closures,Periodisch lösbare Verschlüsse,soft,"weich 0,8 mm",06_reusable_closures/069-cantilever-snap-latch-soft,samples/06_reusable_closures/069-cantilever-snap-latch-soft/model.scad,samples/06_reusable_closures/069-cantilever-snap-latch-soft/print_plate.stl,samples/06_reusable_closures/069-cantilever-snap-latch-soft/preview.png,base-release-1.0.0,unqualified,Basismuster aus Release 1.0.0; im DRAFT-Prüfpunkt 1.1.0 nicht physisch requalifiziert.,"Digitale Geometrieprüfung ist keine Funktions-, Last-, Dichtheits-, Lebensdauer- oder Sicherheitsqualifikation.","PETG, PA, PP, PLA",Kein Fremdteil.,"{""beam_t"": 0.8, ""clearance"": 0.25, ""hook"": 1.6}"
070,18,cantilever-snap-latch,Wiederlösbarer Kragarm-Schnapper,06_reusable_closures,Periodisch lösbare Verschlüsse,balanced,"ausgewogen 1,0 mm",06_reusable_closures/070-cantilever-snap-latch-balanced,samples/06_reusable_closures/070-cantilever-snap-latch-balanced/model.scad,samples/06_reusable_closures/070-cantilever-snap-latch-balanced/print_plate.stl,samples/06_reusable_closures/070-cantilever-snap-latch-balanced/preview.png,base-release-1.0.0,unqualified,Basismuster aus Release 1.0.0; im DRAFT-Prüfpunkt 1.1.0 nicht physisch requalifiziert.,"Digitale Geometrieprüfung ist keine Funktions-, Last-, Dichtheits-, Lebensdauer- oder Sicherheitsqualifikation.","PETG, PA, PP, PLA",Kein Fremdteil.,"{""beam_t"": 1.0, ""clearance"": 0.25, ""hook"": 1.8}"
071,18,cantilever-snap-latch,Wiederlösbarer Kragarm-Schnapper,06_reusable_closures,Periodisch lösbare Verschlüsse,standard,"standard 1,2 mm",06_reusable_closures/071-cantilever-snap-latch-standard,samples/06_reusable_closures/071-cantilever-snap-latch-standard/model.scad,samples/06_reusable_closures/071-cantilever-snap-latch-standard/print_plate.stl,samples/06_reusable_closures/071-cantilever-snap-latch-standard/preview.png,base-release-1.0.0,unqualified,Basismuster aus Release 1.0.0; im DRAFT-Prüfpunkt 1.1.0 nicht physisch requalifiziert.,"Digitale Geometrieprüfung ist keine Funktions-, Last-, Dichtheits-, Lebensdauer- oder Sicherheitsqualifikation.","PETG, PA, PP, PLA",Kein Fremdteil.,"{""beam_t"": 1.2, ""clearance"": 0.25, ""hook"": 2.0}"
072,18,cantilever-snap-latch,Wiederlösbarer Kragarm-Schnapper,06_reusable_closures,Periodisch lösbare Verschlüsse,heavy,"kräftig 1,5 mm",06_reusable_closures/072-cantilever-snap-latch-heavy,samples/06_reusable_closures/072-cantilever-snap-latch-heavy/model.scad,samples/06_reusable_closures/072-cantilever-snap-latch-heavy/print_plate.stl,samples/06_reusable_closures/072-cantilever-snap-latch-heavy/preview.png,base-release-1.0.0,unqualified,Basismuster aus Release 1.0.0; im DRAFT-Prüfpunkt 1.1.0 nicht physisch requalifiziert.,"Digitale Geometrieprüfung ist keine Funktions-, Last-, Dichtheits-, Lebensdauer- oder Sicherheitsqualifikation.","PETG, PA, PP, PLA",Kein Fremdteil.,"{""beam_t"": 1.5, ""clearance"": 0.3, ""hook"": 2.2}"
073,19,rotating-hook-latch,Drehhakenverschluss,06_reusable_closures,Periodisch lösbare Verschlüsse,015,"0,15 mm",06_reusable_closures/073-rotating-hook-latch-015,samples/06_reusable_closures/073-rotating-hook-latch-015/model.scad,samples/06_reusable_closures/073-rotating-hook-latch-015/print_plate.stl,samples/06_reusable_closures/073-rotating-hook-latch-015/preview.png,base-release-1.0.0,unqualified,Basismuster aus Release 1.0.0; im DRAFT-Prüfpunkt 1.1.0 nicht physisch requalifiziert.,"Digitale Geometrieprüfung ist keine Funktions-, Last-, Dichtheits-, Lebensdauer- oder Sicherheitsqualifikation.","PLA, PETG, PA",Kein Fremdteil; optional Metallstift.,"{""arm"": 34, ""clearance"": 0.15, ""pin_d"": 4}"
074,19,rotating-hook-latch,Drehhakenverschluss,06_reusable_closures,Periodisch lösbare Verschlüsse,025,"0,25 mm",06_reusable_closures/074-rotating-hook-latch-025,samples/06_reusable_closures/074-rotating-hook-latch-025/model.scad,samples/06_reusable_closures/074-rotating-hook-latch-025/print_plate.stl,samples/06_reusable_closures/074-rotating-hook-latch-025/preview.png,base-release-1.0.0,unqualified,Basismuster aus Release 1.0.0; im DRAFT-Prüfpunkt 1.1.0 nicht physisch requalifiziert.,"Digitale Geometrieprüfung ist keine Funktions-, Last-, Dichtheits-, Lebensdauer- oder Sicherheitsqualifikation.","PLA, PETG, PA",Kein Fremdteil; optional Metallstift.,"{""arm"": 34, ""clearance"": 0.25, ""pin_d"": 4}"
075,19,rotating-hook-latch,Drehhakenverschluss,06_reusable_closures,Periodisch lösbare Verschlüsse,035,"0,35 mm",06_reusable_closures/075-rotating-hook-latch-035,samples/06_reusable_closures/075-rotating-hook-latch-035/model.scad,samples/06_reusable_closures/075-rotating-hook-latch-035/print_plate.stl,samples/06_reusable_closures/075-rotating-hook-latch-035/preview.png,base-release-1.0.0,unqualified,Basismuster aus Release 1.0.0; im DRAFT-Prüfpunkt 1.1.0 nicht physisch requalifiziert.,"Digitale Geometrieprüfung ist keine Funktions-, Last-, Dichtheits-, Lebensdauer- oder Sicherheitsqualifikation.","PLA, PETG, PA",Kein Fremdteil; optional Metallstift.,"{""arm"": 34, ""clearance"": 0.35, ""pin_d"": 4}"
076,19,rotating-hook-latch,Drehhakenverschluss,06_reusable_closures,Periodisch lösbare Verschlüsse,045,"0,45 mm",06_reusable_closures/076-rotating-hook-latch-045,samples/06_reusable_closures/076-rotating-hook-latch-045/model.scad,samples/06_reusable_closures/076-rotating-hook-latch-045/print_plate.stl,samples/06_reusable_closures/076-rotating-hook-latch-045/preview.png,base-release-1.0.0,unqualified,Basismuster aus Release 1.0.0; im DRAFT-Prüfpunkt 1.1.0 nicht physisch requalifiziert.,"Digitale Geometrieprüfung ist keine Funktions-, Last-, Dichtheits-, Lebensdauer- oder Sicherheitsqualifikation.","PLA, PETG, PA",Kein Fremdteil; optional Metallstift.,"{""arm"": 34, ""clearance"": 0.45, ""pin_d"": 4}"
077,20,bayonet-quarter-turn,Bajonett-Vierteldrehverschluss,06_reusable_closures,Periodisch lösbare Verschlüsse,020,"0,20 mm",06_reusable_closures/077-bayonet-quarter-turn-020,samples/06_reusable_closures/077-bayonet-quarter-turn-020/model.scad,samples/06_reusable_closures/077-bayonet-quarter-turn-020/print_plate.stl,samples/06_reusable_closures/077-bayonet-quarter-turn-020/preview.png,base-release-1.0.0,unqualified,Basismuster aus Release 1.0.0; im DRAFT-Prüfpunkt 1.1.0 nicht physisch requalifiziert.,"Digitale Geometrieprüfung ist keine Funktions-, Last-, Dichtheits-, Lebensdauer- oder Sicherheitsqualifikation.","PLA, PETG, PA",Kein Fremdteil.,"{""clearance"": 0.2, ""core_d"": 18, ""lug_w"": 5}"
078,20,bayonet-quarter-turn,Bajonett-Vierteldrehverschluss,06_reusable_closures,Periodisch lösbare Verschlüsse,030,"0,30 mm",06_reusable_closures/078-bayonet-quarter-turn-030,samples/06_reusable_closures/078-bayonet-quarter-turn-030/model.scad,samples/06_reusable_closures/078-bayonet-quarter-turn-030/print_plate.stl,samples/06_reusable_closures/078-bayonet-quarter-turn-030/preview.png,base-release-1.0.0,unqualified,Basismuster aus Release 1.0.0; im DRAFT-Prüfpunkt 1.1.0 nicht physisch requalifiziert.,"Digitale Geometrieprüfung ist keine Funktions-, Last-, Dichtheits-, Lebensdauer- oder Sicherheitsqualifikation.","PLA, PETG, PA",Kein Fremdteil.,"{""clearance"": 0.3, ""core_d"": 18, ""lug_w"": 5}"
079,20,bayonet-quarter-turn,Bajonett-Vierteldrehverschluss,06_reusable_closures,Periodisch lösbare Verschlüsse,040,"0,40 mm",06_reusable_closures/079-bayonet-quarter-turn-040,samples/06_reusable_closures/079-bayonet-quarter-turn-040/model.scad,samples/06_reusable_closures/079-bayonet-quarter-turn-040/print_plate.stl,samples/06_reusable_closures/079-bayonet-quarter-turn-040/preview.png,base-release-1.0.0,unqualified,Basismuster aus Release 1.0.0; im DRAFT-Prüfpunkt 1.1.0 nicht physisch requalifiziert.,"Digitale Geometrieprüfung ist keine Funktions-, Last-, Dichtheits-, Lebensdauer- oder Sicherheitsqualifikation.","PLA, PETG, PA",Kein Fremdteil.,"{""clearance"": 0.4, ""core_d"": 18, ""lug_w"": 5}"
080,20,bayonet-quarter-turn,Bajonett-Vierteldrehverschluss,06_reusable_closures,Periodisch lösbare Verschlüsse,050,"0,50 mm",06_reusable_closures/080-bayonet-quarter-turn-050,samples/06_reusable_closures/080-bayonet-quarter-turn-050/model.scad,samples/06_reusable_closures/080-bayonet-quarter-turn-050/print_plate.stl,samples/06_reusable_closures/080-bayonet-quarter-turn-050/preview.png,base-release-1.0.0,unqualified,Basismuster aus Release 1.0.0; im DRAFT-Prüfpunkt 1.1.0 nicht physisch requalifiziert.,"Digitale Geometrieprüfung ist keine Funktions-, Last-, Dichtheits-, Lebensdauer- oder Sicherheitsqualifikation.","PLA, PETG, PA",Kein Fremdteil.,"{""clearance"": 0.5, ""core_d"": 18, ""lug_w"": 5}"
081,21,sliding-bolt-latch,Linearer Schubriegel,06_reusable_closures,Periodisch lösbare Verschlüsse,015,"0,15 mm",06_reusable_closures/081-sliding-bolt-latch-015,samples/06_reusable_closures/081-sliding-bolt-latch-015/model.scad,samples/06_reusable_closures/081-sliding-bolt-latch-015/print_plate.stl,samples/06_reusable_closures/081-sliding-bolt-latch-015/preview.png,base-release-1.0.0,unqualified,Basismuster aus Release 1.0.0; im DRAFT-Prüfpunkt 1.1.0 nicht physisch requalifiziert.,"Digitale Geometrieprüfung ist keine Funktions-, Last-, Dichtheits-, Lebensdauer- oder Sicherheitsqualifikation.","PLA, PETG, PA",Kein Fremdteil.,"{""bolt_h"": 5, ""bolt_w"": 10, ""clearance"": 0.15}"
082,21,sliding-bolt-latch,Linearer Schubriegel,06_reusable_closures,Periodisch lösbare Verschlüsse,025,"0,25 mm",06_reusable_closures/082-sliding-bolt-latch-025,samples/06_reusable_closures/082-sliding-bolt-latch-025/model.scad,samples/06_reusable_closures/082-sliding-bolt-latch-025/print_plate.stl,samples/06_reusable_closures/082-sliding-bolt-latch-025/preview.png,base-release-1.0.0,unqualified,Basismuster aus Release 1.0.0; im DRAFT-Prüfpunkt 1.1.0 nicht physisch requalifiziert.,"Digitale Geometrieprüfung ist keine Funktions-, Last-, Dichtheits-, Lebensdauer- oder Sicherheitsqualifikation.","PLA, PETG, PA",Kein Fremdteil.,"{""bolt_h"": 5, ""bolt_w"": 10, ""clearance"": 0.25}"
083,21,sliding-bolt-latch,Linearer Schubriegel,06_reusable_closures,Periodisch lösbare Verschlüsse,035,"0,35 mm",06_reusable_closures/083-sliding-bolt-latch-035,samples/06_reusable_closures/083-sliding-bolt-latch-035/model.scad,samples/06_reusable_closures/083-sliding-bolt-latch-035/print_plate.stl,samples/06_reusable_closures/083-sliding-bolt-latch-035/preview.png,base-release-1.0.0,unqualified,Basismuster aus Release 1.0.0; im DRAFT-Prüfpunkt 1.1.0 nicht physisch requalifiziert.,"Digitale Geometrieprüfung ist keine Funktions-, Last-, Dichtheits-, Lebensdauer- oder Sicherheitsqualifikation.","PLA, PETG, PA",Kein Fremdteil.,"{""bolt_h"": 5, ""bolt_w"": 10, ""clearance"": 0.35}"
084,21,sliding-bolt-latch,Linearer Schubriegel,06_reusable_closures,Periodisch lösbare Verschlüsse,045,"0,45 mm",06_reusable_closures/084-sliding-bolt-latch-045,samples/06_reusable_closures/084-sliding-bolt-latch-045/model.scad,samples/06_reusable_closures/084-sliding-bolt-latch-045/print_plate.stl,samples/06_reusable_closures/084-sliding-bolt-latch-045/preview.png,base-release-1.0.0,unqualified,Basismuster aus Release 1.0.0; im DRAFT-Prüfpunkt 1.1.0 nicht physisch requalifiziert.,"Digitale Geometrieprüfung ist keine Funktions-, Last-, Dichtheits-, Lebensdauer- oder Sicherheitsqualifikation.","PLA, PETG, PA",Kein Fremdteil.,"{""bolt_h"": 5, ""bolt_w"": 10, ""clearance"": 0.45}"
085,22,dovetail-linear-rail,Schwalbenschwanz-Linearführung,07_linear_motion,Periodische Linearbewegung,020,"0,20 mm",07_linear_motion/085-dovetail-linear-rail-020,samples/07_linear_motion/085-dovetail-linear-rail-020/model.scad,samples/07_linear_motion/085-dovetail-linear-rail-020/print_plate.stl,samples/07_linear_motion/085-dovetail-linear-rail-020/preview.png,base-release-1.0.0,unqualified,Basismuster aus Release 1.0.0; im DRAFT-Prüfpunkt 1.1.0 nicht physisch requalifiziert.,"Digitale Geometrieprüfung ist keine Funktions-, Last-, Dichtheits-, Lebensdauer- oder Sicherheitsqualifikation.","PLA, PETG, PA",Kein Fremdteil.,"{""carriage_l"": 26, ""clearance"": 0.2, ""length"": 70}"
086,22,dovetail-linear-rail,Schwalbenschwanz-Linearführung,07_linear_motion,Periodische Linearbewegung,030,"0,30 mm",07_linear_motion/086-dovetail-linear-rail-030,samples/07_linear_motion/086-dovetail-linear-rail-030/model.scad,samples/07_linear_motion/086-dovetail-linear-rail-030/print_plate.stl,samples/07_linear_motion/086-dovetail-linear-rail-030/preview.png,base-release-1.0.0,unqualified,Basismuster aus Release 1.0.0; im DRAFT-Prüfpunkt 1.1.0 nicht physisch requalifiziert.,"Digitale Geometrieprüfung ist keine Funktions-, Last-, Dichtheits-, Lebensdauer- oder Sicherheitsqualifikation.","PLA, PETG, PA",Kein Fremdteil.,"{""carriage_l"": 26, ""clearance"": 0.3, ""length"": 70}"
087,22,dovetail-linear-rail,Schwalbenschwanz-Linearführung,07_linear_motion,Periodische Linearbewegung,040,"0,40 mm",07_linear_motion/087-dovetail-linear-rail-040,samples/07_linear_motion/087-dovetail-linear-rail-040/model.scad,samples/07_linear_motion/087-dovetail-linear-rail-040/print_plate.stl,samples/07_linear_motion/087-dovetail-linear-rail-040/preview.png,base-release-1.0.0,unqualified,Basismuster aus Release 1.0.0; im DRAFT-Prüfpunkt 1.1.0 nicht physisch requalifiziert.,"Digitale Geometrieprüfung ist keine Funktions-, Last-, Dichtheits-, Lebensdauer- oder Sicherheitsqualifikation.","PLA, PETG, PA",Kein Fremdteil.,"{""carriage_l"": 26, ""clearance"": 0.4, ""length"": 70}"
088,22,dovetail-linear-rail,Schwalbenschwanz-Linearführung,07_linear_motion,Periodische Linearbewegung,050,"0,50 mm",07_linear_motion/088-dovetail-linear-rail-050,samples/07_linear_motion/088-dovetail-linear-rail-050/model.scad,samples/07_linear_motion/088-dovetail-linear-rail-050/print_plate.stl,samples/07_linear_motion/088-dovetail-linear-rail-050/preview.png,base-release-1.0.0,unqualified,Basismuster aus Release 1.0.0; im DRAFT-Prüfpunkt 1.1.0 nicht physisch requalifiziert.,"Digitale Geometrieprüfung ist keine Funktions-, Last-, Dichtheits-, Lebensdauer- oder Sicherheitsqualifikation.","PLA, PETG, PA",Kein Fremdteil.,"{""carriage_l"": 26, ""clearance"": 0.5, ""length"": 70}"
089,23,mushroom-t-linear-rail,Pilzkopf-/T-Linearführung,07_linear_motion,Periodische Linearbewegung,020,"0,20 mm",07_linear_motion/089-mushroom-t-linear-rail-020,samples/07_linear_motion/089-mushroom-t-linear-rail-020/model.scad,samples/07_linear_motion/089-mushroom-t-linear-rail-020/print_plate.stl,samples/07_linear_motion/089-mushroom-t-linear-rail-020/preview.png,base-release-1.0.0,unqualified,Basismuster aus Release 1.0.0; im DRAFT-Prüfpunkt 1.1.0 nicht physisch requalifiziert.,"Digitale Geometrieprüfung ist keine Funktions-, Last-, Dichtheits-, Lebensdauer- oder Sicherheitsqualifikation.","PLA, PETG, PA",Kein Fremdteil.,"{""carriage_l"": 26, ""clearance"": 0.2, ""length"": 70}"
090,23,mushroom-t-linear-rail,Pilzkopf-/T-Linearführung,07_linear_motion,Periodische Linearbewegung,030,"0,30 mm",07_linear_motion/090-mushroom-t-linear-rail-030,samples/07_linear_motion/090-mushroom-t-linear-rail-030/model.scad,samples/07_linear_motion/090-mushroom-t-linear-rail-030/print_plate.stl,samples/07_linear_motion/090-mushroom-t-linear-rail-030/preview.png,base-release-1.0.0,unqualified,Basismuster aus Release 1.0.0; im DRAFT-Prüfpunkt 1.1.0 nicht physisch requalifiziert.,"Digitale Geometrieprüfung ist keine Funktions-, Last-, Dichtheits-, Lebensdauer- oder Sicherheitsqualifikation.","PLA, PETG, PA",Kein Fremdteil.,"{""carriage_l"": 26, ""clearance"": 0.3, ""length"": 70}"
091,23,mushroom-t-linear-rail,Pilzkopf-/T-Linearführung,07_linear_motion,Periodische Linearbewegung,040,"0,40 mm",07_linear_motion/091-mushroom-t-linear-rail-040,samples/07_linear_motion/091-mushroom-t-linear-rail-040/model.scad,samples/07_linear_motion/091-mushroom-t-linear-rail-040/print_plate.stl,samples/07_linear_motion/091-mushroom-t-linear-rail-040/preview.png,base-release-1.0.0,unqualified,Basismuster aus Release 1.0.0; im DRAFT-Prüfpunkt 1.1.0 nicht physisch requalifiziert.,"Digitale Geometrieprüfung ist keine Funktions-, Last-, Dichtheits-, Lebensdauer- oder Sicherheitsqualifikation.","PLA, PETG, PA",Kein Fremdteil.,"{""carriage_l"": 26, ""clearance"": 0.4, ""length"": 70}"
092,23,mushroom-t-linear-rail,Pilzkopf-/T-Linearführung,07_linear_motion,Periodische Linearbewegung,050,"0,50 mm",07_linear_motion/092-mushroom-t-linear-rail-050,samples/07_linear_motion/092-mushroom-t-linear-rail-050/model.scad,samples/07_linear_motion/092-mushroom-t-linear-rail-050/print_plate.stl,samples/07_linear_motion/092-mushroom-t-linear-rail-050/preview.png,base-release-1.0.0,unqualified,Basismuster aus Release 1.0.0; im DRAFT-Prüfpunkt 1.1.0 nicht physisch requalifiziert.,"Digitale Geometrieprüfung ist keine Funktions-, Last-, Dichtheits-, Lebensdauer- oder Sicherheitsqualifikation.","PLA, PETG, PA",Kein Fremdteil.,"{""carriage_l"": 26, ""clearance"": 0.5, ""length"": 70}"
093,24,compliant-preload-slider,Vorgespannter Feder-Schlitten,07_linear_motion,Periodische Linearbewegung,soft,weich,07_linear_motion/093-compliant-preload-slider-soft,samples/07_linear_motion/093-compliant-preload-slider-soft/model.scad,samples/07_linear_motion/093-compliant-preload-slider-soft/print_plate.stl,samples/07_linear_motion/093-compliant-preload-slider-soft/preview.png,base-release-1.0.0,unqualified,Basismuster aus Release 1.0.0; im DRAFT-Prüfpunkt 1.1.0 nicht physisch requalifiziert.,"Digitale Geometrieprüfung ist keine Funktions-, Last-, Dichtheits-, Lebensdauer- oder Sicherheitsqualifikation.","PETG, PA, PLA",Kein Fremdteil.,"{""beam_t"": 0.8, ""clearance"": 0.25}"
094,24,compliant-preload-slider,Vorgespannter Feder-Schlitten,07_linear_motion,Periodische Linearbewegung,balanced,ausgewogen,07_linear_motion/094-compliant-preload-slider-balanced,samples/07_linear_motion/094-compliant-preload-slider-balanced/model.scad,samples/07_linear_motion/094-compliant-preload-slider-balanced/print_plate.stl,samples/07_linear_motion/094-compliant-preload-slider-balanced/preview.png,base-release-1.0.0,unqualified,Basismuster aus Release 1.0.0; im DRAFT-Prüfpunkt 1.1.0 nicht physisch requalifiziert.,"Digitale Geometrieprüfung ist keine Funktions-, Last-, Dichtheits-, Lebensdauer- oder Sicherheitsqualifikation.","PETG, PA, PLA",Kein Fremdteil.,"{""beam_t"": 1.0, ""clearance"": 0.35}"
095,24,compliant-preload-slider,Vorgespannter Feder-Schlitten,07_linear_motion,Periodische Linearbewegung,stiff,steif,07_linear_motion/095-compliant-preload-slider-stiff,samples/07_linear_motion/095-compliant-preload-slider-stiff/model.scad,samples/07_linear_motion/095-compliant-preload-slider-stiff/print_plate.stl,samples/07_linear_motion/095-compliant-preload-slider-stiff/preview.png,base-release-1.0.0,unqualified,Basismuster aus Release 1.0.0; im DRAFT-Prüfpunkt 1.1.0 nicht physisch requalifiziert.,"Digitale Geometrieprüfung ist keine Funktions-, Last-, Dichtheits-, Lebensdauer- oder Sicherheitsqualifikation.","PETG, PA, PLA",Kein Fremdteil.,"{""beam_t"": 1.2, ""clearance"": 0.45}"
096,24,compliant-preload-slider,Vorgespannter Feder-Schlitten,07_linear_motion,Periodische Linearbewegung,rugged,robust,07_linear_motion/096-compliant-preload-slider-rugged,samples/07_linear_motion/096-compliant-preload-slider-rugged/model.scad,samples/07_linear_motion/096-compliant-preload-slider-rugged/print_plate.stl,samples/07_linear_motion/096-compliant-preload-slider-rugged/preview.png,base-release-1.0.0,unqualified,Basismuster aus Release 1.0.0; im DRAFT-Prüfpunkt 1.1.0 nicht physisch requalifiziert.,"Digitale Geometrieprüfung ist keine Funktions-, Last-, Dichtheits-, Lebensdauer- oder Sicherheitsqualifikation.","PETG, PA, PLA",Kein Fremdteil.,"{""beam_t"": 1.4, ""clearance"": 0.55}"
097,25,rack-and-pinion,Zahnstange und Ritzel,08_drives_and_components,Antriebe und weitere Mechanik,m125,"Modul 1,25",08_drives_and_components/097-rack-and-pinion-m125,samples/08_drives_and_components/097-rack-and-pinion-m125/model.scad,samples/08_drives_and_components/097-rack-and-pinion-m125/print_plate.stl,samples/08_drives_and_components/097-rack-and-pinion-m125/preview.png,base-release-1.0.0,unqualified,Basismuster aus Release 1.0.0; im DRAFT-Prüfpunkt 1.1.0 nicht physisch requalifiziert.,"Digitale Geometrieprüfung ist keine Funktions-, Last-, Dichtheits-, Lebensdauer- oder Sicherheitsqualifikation.","PLA, PETG, PA",Kein Fremdteil; optional Metallachse.,"{""clearance"": 0.25, ""module_size"": 1.25, ""teeth"": 16}"
098,25,rack-and-pinion,Zahnstange und Ritzel,08_drives_and_components,Antriebe und weitere Mechanik,m150,"Modul 1,50",08_drives_and_components/098-rack-and-pinion-m150,samples/08_drives_and_components/098-rack-and-pinion-m150/model.scad,samples/08_drives_and_components/098-rack-and-pinion-m150/print_plate.stl,samples/08_drives_and_components/098-rack-and-pinion-m150/preview.png,base-release-1.0.0,unqualified,Basismuster aus Release 1.0.0; im DRAFT-Prüfpunkt 1.1.0 nicht physisch requalifiziert.,"Digitale Geometrieprüfung ist keine Funktions-, Last-, Dichtheits-, Lebensdauer- oder Sicherheitsqualifikation.","PLA, PETG, PA",Kein Fremdteil; optional Metallachse.,"{""clearance"": 0.25, ""module_size"": 1.5, ""teeth"": 16}"
099,25,rack-and-pinion,Zahnstange und Ritzel,08_drives_and_components,Antriebe und weitere Mechanik,m175,"Modul 1,75",08_drives_and_components/099-rack-and-pinion-m175,samples/08_drives_and_components/099-rack-and-pinion-m175/model.scad,samples/08_drives_and_components/099-rack-and-pinion-m175/print_plate.stl,samples/08_drives_and_components/099-rack-and-pinion-m175/preview.png,base-release-1.0.0,unqualified,Basismuster aus Release 1.0.0; im DRAFT-Prüfpunkt 1.1.0 nicht physisch requalifiziert.,"Digitale Geometrieprüfung ist keine Funktions-, Last-, Dichtheits-, Lebensdauer- oder Sicherheitsqualifikation.","PLA, PETG, PA",Kein Fremdteil; optional Metallachse.,"{""clearance"": 0.3, ""module_size"": 1.75, ""teeth"": 16}"
100,25,rack-and-pinion,Zahnstange und Ritzel,08_drives_and_components,Antriebe und weitere Mechanik,m200,"Modul 2,00",08_drives_and_components/100-rack-and-pinion-m200,samples/08_drives_and_components/100-rack-and-pinion-m200/model.scad,samples/08_drives_and_components/100-rack-and-pinion-m200/print_plate.stl,samples/08_drives_and_components/100-rack-and-pinion-m200/preview.png,base-release-1.0.0,unqualified,Basismuster aus Release 1.0.0; im DRAFT-Prüfpunkt 1.1.0 nicht physisch requalifiziert.,"Digitale Geometrieprüfung ist keine Funktions-, Last-, Dichtheits-, Lebensdauer- oder Sicherheitsqualifikation.","PLA, PETG, PA",Kein Fremdteil; optional Metallachse.,"{""clearance"": 0.3, ""module_size"": 2.0, ""teeth"": 16}"
101,26,spur-gear-pair,Stirnradpaar auf Stiftbasis,08_drives_and_components,Antriebe und weitere Mechanik,1to1,1:1,08_drives_and_components/101-spur-gear-pair-1to1,samples/08_drives_and_components/101-spur-gear-pair-1to1/model.scad,samples/08_drives_and_components/101-spur-gear-pair-1to1/print_plate.stl,samples/08_drives_and_components/101-spur-gear-pair-1to1/preview.png,base-release-1.0.0,unqualified,Basismuster aus Release 1.0.0; im DRAFT-Prüfpunkt 1.1.0 nicht physisch requalifiziert.,"Digitale Geometrieprüfung ist keine Funktions-, Last-, Dichtheits-, Lebensdauer- oder Sicherheitsqualifikation.","PLA, PETG, PA",Kein Fremdteil; optional Metallachsen.,"{""clearance"": 0.25, ""module_size"": 1.5, ""teeth_a"": 16, ""teeth_b"": 16}"
102,26,spur-gear-pair,Stirnradpaar auf Stiftbasis,08_drives_and_components,Antriebe und weitere Mechanik,14to22,14:22,08_drives_and_components/102-spur-gear-pair-14to22,samples/08_drives_and_components/102-spur-gear-pair-14to22/model.scad,samples/08_drives_and_components/102-spur-gear-pair-14to22/print_plate.stl,samples/08_drives_and_components/102-spur-gear-pair-14to22/preview.png,base-release-1.0.0,unqualified,Basismuster aus Release 1.0.0; im DRAFT-Prüfpunkt 1.1.0 nicht physisch requalifiziert.,"Digitale Geometrieprüfung ist keine Funktions-, Last-, Dichtheits-, Lebensdauer- oder Sicherheitsqualifikation.","PLA, PETG, PA",Kein Fremdteil; optional Metallachsen.,"{""clearance"": 0.25, ""module_size"": 1.5, ""teeth_a"": 14, ""teeth_b"": 22}"
103,26,spur-gear-pair,Stirnradpaar auf Stiftbasis,08_drives_and_components,Antriebe und weitere Mechanik,12to24,1:2,08_drives_and_components/103-spur-gear-pair-12to24,samples/08_drives_and_components/103-spur-gear-pair-12to24/model.scad,samples/08_drives_and_components/103-spur-gear-pair-12to24/print_plate.stl,samples/08_drives_and_components/103-spur-gear-pair-12to24/preview.png,base-release-1.0.0,unqualified,Basismuster aus Release 1.0.0; im DRAFT-Prüfpunkt 1.1.0 nicht physisch requalifiziert.,"Digitale Geometrieprüfung ist keine Funktions-, Last-, Dichtheits-, Lebensdauer- oder Sicherheitsqualifikation.","PLA, PETG, PA",Kein Fremdteil; optional Metallachsen.,"{""clearance"": 0.25, ""module_size"": 1.5, ""teeth_a"": 12, ""teeth_b"": 24}"
104,26,spur-gear-pair,Stirnradpaar auf Stiftbasis,08_drives_and_components,Antriebe und weitere Mechanik,10to30,1:3,08_drives_and_components/104-spur-gear-pair-10to30,samples/08_drives_and_components/104-spur-gear-pair-10to30/model.scad,samples/08_drives_and_components/104-spur-gear-pair-10to30/print_plate.stl,samples/08_drives_and_components/104-spur-gear-pair-10to30/preview.png,base-release-1.0.0,unqualified,Basismuster aus Release 1.0.0; im DRAFT-Prüfpunkt 1.1.0 nicht physisch requalifiziert.,"Digitale Geometrieprüfung ist keine Funktions-, Last-, Dichtheits-, Lebensdauer- oder Sicherheitsqualifikation.","PLA, PETG, PA",Kein Fremdteil; optional Metallachsen.,"{""clearance"": 0.3, ""module_size"": 1.5, ""teeth_a"": 10, ""teeth_b"": 30}"
105,27,rotary-detent-indexer,Dreh-Rastindexierung,08_drives_and_components,Antriebe und weitere Mechanik,n8,8 Positionen,08_drives_and_components/105-rotary-detent-indexer-n8,samples/08_drives_and_components/105-rotary-detent-indexer-n8/model.scad,samples/08_drives_and_components/105-rotary-detent-indexer-n8/print_plate.stl,samples/08_drives_and_components/105-rotary-detent-indexer-n8/preview.png,base-release-1.0.0,unqualified,Basismuster aus Release 1.0.0; im DRAFT-Prüfpunkt 1.1.0 nicht physisch requalifiziert.,"Digitale Geometrieprüfung ist keine Funktions-, Last-, Dichtheits-, Lebensdauer- oder Sicherheitsqualifikation.","PETG, PA, PLA",Kein Fremdteil.,"{""beam_t"": 1.0, ""clearance"": 0.25, ""notches"": 8}"
106,27,rotary-detent-indexer,Dreh-Rastindexierung,08_drives_and_components,Antriebe und weitere Mechanik,n12,12 Positionen,08_drives_and_components/106-rotary-detent-indexer-n12,samples/08_drives_and_components/106-rotary-detent-indexer-n12/model.scad,samples/08_drives_and_components/106-rotary-detent-indexer-n12/print_plate.stl,samples/08_drives_and_components/106-rotary-detent-indexer-n12/preview.png,base-release-1.0.0,unqualified,Basismuster aus Release 1.0.0; im DRAFT-Prüfpunkt 1.1.0 nicht physisch requalifiziert.,"Digitale Geometrieprüfung ist keine Funktions-, Last-, Dichtheits-, Lebensdauer- oder Sicherheitsqualifikation.","PETG, PA, PLA",Kein Fremdteil.,"{""beam_t"": 1.1, ""clearance"": 0.25, ""notches"": 12}"
107,27,rotary-detent-indexer,Dreh-Rastindexierung,08_drives_and_components,Antriebe und weitere Mechanik,n16,16 Positionen,08_drives_and_components/107-rotary-detent-indexer-n16,samples/08_drives_and_components/107-rotary-detent-indexer-n16/model.scad,samples/08_drives_and_components/107-rotary-detent-indexer-n16/print_plate.stl,samples/08_drives_and_components/107-rotary-detent-indexer-n16/preview.png,base-release-1.0.0,unqualified,Basismuster aus Release 1.0.0; im DRAFT-Prüfpunkt 1.1.0 nicht physisch requalifiziert.,"Digitale Geometrieprüfung ist keine Funktions-, Last-, Dichtheits-, Lebensdauer- oder Sicherheitsqualifikation.","PETG, PA, PLA",Kein Fremdteil.,"{""beam_t"": 1.2, ""clearance"": 0.25, ""notches"": 16}"
108,27,rotary-detent-indexer,Dreh-Rastindexierung,08_drives_and_components,Antriebe und weitere Mechanik,n24,24 Positionen,08_drives_and_components/108-rotary-detent-indexer-n24,samples/08_drives_and_components/108-rotary-detent-indexer-n24/model.scad,samples/08_drives_and_components/108-rotary-detent-indexer-n24/print_plate.stl,samples/08_drives_and_components/108-rotary-detent-indexer-n24/preview.png,base-release-1.0.0,unqualified,Basismuster aus Release 1.0.0; im DRAFT-Prüfpunkt 1.1.0 nicht physisch requalifiziert.,"Digitale Geometrieprüfung ist keine Funktions-, Last-, Dichtheits-, Lebensdauer- oder Sicherheitsqualifikation.","PETG, PA, PLA",Kein Fremdteil.,"{""beam_t"": 1.3, ""clearance"": 0.3, ""notches"": 24}"
109,28,split-shaft-coupler,Geteilte Wellen-Klemmkupplung,08_drives_and_components,Antriebe und weitere Mechanik,d4,4-mm-Welle,08_drives_and_components/109-split-shaft-coupler-d4,samples/08_drives_and_components/109-split-shaft-coupler-d4/model.scad,samples/08_drives_and_components/109-split-shaft-coupler-d4/print_plate.stl,samples/08_drives_and_components/109-split-shaft-coupler-d4/preview.png,base-release-1.0.0,unqualified,Basismuster aus Release 1.0.0; im DRAFT-Prüfpunkt 1.1.0 nicht physisch requalifiziert.,"Digitale Geometrieprüfung ist keine Funktions-, Last-, Dichtheits-, Lebensdauer- oder Sicherheitsqualifikation.","PLA, PETG, PA",Zwei M3-Schrauben und M3-Muttern.,"{""bore_d"": 4, ""clearance"": 0.15, ""nut_flat"": 5.7, ""screw_d"": 3.4}"
110,28,split-shaft-coupler,Geteilte Wellen-Klemmkupplung,08_drives_and_components,Antriebe und weitere Mechanik,d5,5-mm-Welle,08_drives_and_components/110-split-shaft-coupler-d5,samples/08_drives_and_components/110-split-shaft-coupler-d5/model.scad,samples/08_drives_and_components/110-split-shaft-coupler-d5/print_plate.stl,samples/08_drives_and_components/110-split-shaft-coupler-d5/preview.png,base-release-1.0.0,unqualified,Basismuster aus Release 1.0.0; im DRAFT-Prüfpunkt 1.1.0 nicht physisch requalifiziert.,"Digitale Geometrieprüfung ist keine Funktions-, Last-, Dichtheits-, Lebensdauer- oder Sicherheitsqualifikation.","PLA, PETG, PA",Zwei M3-Schrauben und M3-Muttern.,"{""bore_d"": 5, ""clearance"": 0.18, ""nut_flat"": 5.7, ""screw_d"": 3.4}"
111,28,split-shaft-coupler,Geteilte Wellen-Klemmkupplung,08_drives_and_components,Antriebe und weitere Mechanik,d6,6-mm-Welle,08_drives_and_components/111-split-shaft-coupler-d6,samples/08_drives_and_components/111-split-shaft-coupler-d6/model.scad,samples/08_drives_and_components/111-split-shaft-coupler-d6/print_plate.stl,samples/08_drives_and_components/111-split-shaft-coupler-d6/preview.png,base-release-1.0.0,unqualified,Basismuster aus Release 1.0.0; im DRAFT-Prüfpunkt 1.1.0 nicht physisch requalifiziert.,"Digitale Geometrieprüfung ist keine Funktions-, Last-, Dichtheits-, Lebensdauer- oder Sicherheitsqualifikation.","PLA, PETG, PA",Zwei M3-Schrauben und M3-Muttern.,"{""bore_d"": 6, ""clearance"": 0.2, ""nut_flat"": 5.7, ""screw_d"": 3.4}"
112,28,split-shaft-coupler,Geteilte Wellen-Klemmkupplung,08_drives_and_components,Antriebe und weitere Mechanik,d8,8-mm-Welle,08_drives_and_components/112-split-shaft-coupler-d8,samples/08_drives_and_components/112-split-shaft-coupler-d8/model.scad,samples/08_drives_and_components/112-split-shaft-coupler-d8/print_plate.stl,samples/08_drives_and_components/112-split-shaft-coupler-d8/preview.png,base-release-1.0.0,unqualified,Basismuster aus Release 1.0.0; im DRAFT-Prüfpunkt 1.1.0 nicht physisch requalifiziert.,"Digitale Geometrieprüfung ist keine Funktions-, Last-, Dichtheits-, Lebensdauer- oder Sicherheitsqualifikation.","PLA, PETG, PA",Zwei M3-Schrauben und M3-Muttern.,"{""bore_d"": 8, ""clearance"": 0.25, ""nut_flat"": 5.7, ""screw_d"": 3.4}"
113,29,reusable-cable-clip,Wiederlösbarer Kabel-Schnappclip,08_drives_and_components,Antriebe und weitere Mechanik,d4,Kabel 4 mm,08_drives_and_components/113-reusable-cable-clip-d4,samples/08_drives_and_components/113-reusable-cable-clip-d4/model.scad,samples/08_drives_and_components/113-reusable-cable-clip-d4/print_plate.stl,samples/08_drives_and_components/113-reusable-cable-clip-d4/preview.png,base-release-1.0.0,unqualified,Basismuster aus Release 1.0.0; im DRAFT-Prüfpunkt 1.1.0 nicht physisch requalifiziert.,"Digitale Geometrieprüfung ist keine Funktions-, Last-, Dichtheits-, Lebensdauer- oder Sicherheitsqualifikation.","PETG, PA, PP, PLA",Kein Fremdteil.,"{""cable_d"": 4, ""clearance"": 0.25, ""wall"": 1.8}"
114,29,reusable-cable-clip,Wiederlösbarer Kabel-Schnappclip,08_drives_and_components,Antriebe und weitere Mechanik,d6,Kabel 6 mm,08_drives_and_components/114-reusable-cable-clip-d6,samples/08_drives_and_components/114-reusable-cable-clip-d6/model.scad,samples/08_drives_and_components/114-reusable-cable-clip-d6/print_plate.stl,samples/08_drives_and_components/114-reusable-cable-clip-d6/preview.png,base-release-1.0.0,unqualified,Basismuster aus Release 1.0.0; im DRAFT-Prüfpunkt 1.1.0 nicht physisch requalifiziert.,"Digitale Geometrieprüfung ist keine Funktions-, Last-, Dichtheits-, Lebensdauer- oder Sicherheitsqualifikation.","PETG, PA, PP, PLA",Kein Fremdteil.,"{""cable_d"": 6, ""clearance"": 0.3, ""wall"": 2.0}"
115,29,reusable-cable-clip,Wiederlösbarer Kabel-Schnappclip,08_drives_and_components,Antriebe und weitere Mechanik,d8,Kabel 8 mm,08_drives_and_components/115-reusable-cable-clip-d8,samples/08_drives_and_components/115-reusable-cable-clip-d8/model.scad,samples/08_drives_and_components/115-reusable-cable-clip-d8/print_plate.stl,samples/08_drives_and_components/115-reusable-cable-clip-d8/preview.png,base-release-1.0.0,unqualified,Basismuster aus Release 1.0.0; im DRAFT-Prüfpunkt 1.1.0 nicht physisch requalifiziert.,"Digitale Geometrieprüfung ist keine Funktions-, Last-, Dichtheits-, Lebensdauer- oder Sicherheitsqualifikation.","PETG, PA, PP, PLA",Kein Fremdteil.,"{""cable_d"": 8, ""clearance"": 0.35, ""wall"": 2.2}"
116,29,reusable-cable-clip,Wiederlösbarer Kabel-Schnappclip,08_drives_and_components,Antriebe und weitere Mechanik,d10,Kabel 10 mm,08_drives_and_components/116-reusable-cable-clip-d10,samples/08_drives_and_components/116-reusable-cable-clip-d10/model.scad,samples/08_drives_and_components/116-reusable-cable-clip-d10/print_plate.stl,samples/08_drives_and_components/116-reusable-cable-clip-d10/preview.png,base-release-1.0.0,unqualified,Basismuster aus Release 1.0.0; im DRAFT-Prüfpunkt 1.1.0 nicht physisch requalifiziert.,"Digitale Geometrieprüfung ist keine Funktions-, Last-, Dichtheits-, Lebensdauer- oder Sicherheitsqualifikation.","PETG, PA, PP, PLA",Kein Fremdteil.,"{""cable_d"": 10, ""clearance"": 0.4, ""wall"": 2.4}"
117,30,pulley-block,Umlenkrollen-Block,08_drives_and_components,Antriebe und weitere Mechanik,small,24 mm / Seil 2 mm,08_drives_and_components/117-pulley-block-small,samples/08_drives_and_components/117-pulley-block-small/model.scad,samples/08_drives_and_components/117-pulley-block-small/print_plate.stl,samples/08_drives_and_components/117-pulley-block-small/preview.png,base-release-1.0.0,unqualified,Basismuster aus Release 1.0.0; im DRAFT-Prüfpunkt 1.1.0 nicht physisch requalifiziert.,"Digitale Geometrieprüfung ist keine Funktions-, Last-, Dichtheits-, Lebensdauer- oder Sicherheitsqualifikation.","PLA, PETG, PA",Kein Fremdteil; optional Metallachse.,"{""clearance"": 0.25, ""outer_d"": 24, ""pin_d"": 4, ""rope_d"": 2}"
118,30,pulley-block,Umlenkrollen-Block,08_drives_and_components,Antriebe und weitere Mechanik,medium,28 mm / Seil 3 mm,08_drives_and_components/118-pulley-block-medium,samples/08_drives_and_components/118-pulley-block-medium/model.scad,samples/08_drives_and_components/118-pulley-block-medium/print_plate.stl,samples/08_drives_and_components/118-pulley-block-medium/preview.png,base-release-1.0.0,unqualified,Basismuster aus Release 1.0.0; im DRAFT-Prüfpunkt 1.1.0 nicht physisch requalifiziert.,"Digitale Geometrieprüfung ist keine Funktions-, Last-, Dichtheits-, Lebensdauer- oder Sicherheitsqualifikation.","PLA, PETG, PA",Kein Fremdteil; optional Metallachse.,"{""clearance"": 0.25, ""outer_d"": 28, ""pin_d"": 4, ""rope_d"": 3}"
119,30,pulley-block,Umlenkrollen-Block,08_drives_and_components,Antriebe und weitere Mechanik,large,34 mm / Seil 4 mm,08_drives_and_components/119-pulley-block-large,samples/08_drives_and_components/119-pulley-block-large/model.scad,samples/08_drives_and_components/119-pulley-block-large/print_plate.stl,samples/08_drives_and_components/119-pulley-block-large/preview.png,base-release-1.0.0,unqualified,Basismuster aus Release 1.0.0; im DRAFT-Prüfpunkt 1.1.0 nicht physisch requalifiziert.,"Digitale Geometrieprüfung ist keine Funktions-, Last-, Dichtheits-, Lebensdauer- oder Sicherheitsqualifikation.","PLA, PETG, PA",Kein Fremdteil; optional Metallachse.,"{""clearance"": 0.3, ""outer_d"": 34, ""pin_d"": 5, ""rope_d"": 4}"
120,30,pulley-block,Umlenkrollen-Block,08_drives_and_components,Antriebe und weitere Mechanik,xlarge,40 mm / Seil 5 mm,08_drives_and_components/120-pulley-block-xlarge,samples/08_drives_and_components/120-pulley-block-xlarge/model.scad,samples/08_drives_and_components/120-pulley-block-xlarge/print_plate.stl,samples/08_drives_and_components/120-pulley-block-xlarge/preview.png,base-release-1.0.0,unqualified,Basismuster aus Release 1.0.0; im DRAFT-Prüfpunkt 1.1.0 nicht physisch requalifiziert.,"Digitale Geometrieprüfung ist keine Funktions-, Last-, Dichtheits-, Lebensdauer- oder Sicherheitsqualifikation.","PLA, PETG, PA",Kein Fremdteil; optional Metallachse.,"{""clearance"": 0.35, ""outer_d"": 40, ""pin_d"": 5, ""rope_d"": 5}"
121,31,radial-o-ring-shaft-gland,Radiale O-Ring-Wellendichtung,09_sealing_and_service,Dicht- und Serviceschnittstellen,d2,Welle 2 mm,09_sealing_and_service/121-radial-o-ring-shaft-gland-d2,samples/09_sealing_and_service/121-radial-o-ring-shaft-gland-d2/model.scad,samples/09_sealing_and_service/121-radial-o-ring-shaft-gland-d2/print_plate.stl,samples/09_sealing_and_service/121-radial-o-ring-shaft-gland-d2/preview.png,experimental-draft,unqualified,"Experimenteller DRAFT der Erweiterung 1.1.0; digital geprüft, nicht physisch qualifiziert.","Dichtungsgeometrie und O-Ring-Vorspannung sind nur Konstruktionsabsicht. Keine geprüfte Leckrate, IP-/Wasserdichtheit, Druckfreigabe oder Lebensdauer.","PETG, ASA, PA, PLA",Passender metrischer O-Ring und reale Metallwelle; silikonverträgliches Fett.,"{""clearance"": 0.18, ""grease_reservoir"": 1.2, ""land_l"": 10, ""lead_in"": 1.0, ""oring_cs"": 1.5, ""oring_id"": 2, ""radial_squeeze"": 0.12, ""shaft_d"": 2, ""wall"": 3}"
122,31,radial-o-ring-shaft-gland,Radiale O-Ring-Wellendichtung,09_sealing_and_service,Dicht- und Serviceschnittstellen,d3,Welle 3 mm,09_sealing_and_service/122-radial-o-ring-shaft-gland-d3,samples/09_sealing_and_service/122-radial-o-ring-shaft-gland-d3/model.scad,samples/09_sealing_and_service/122-radial-o-ring-shaft-gland-d3/print_plate.stl,samples/09_sealing_and_service/122-radial-o-ring-shaft-gland-d3/preview.png,experimental-draft,unqualified,"Experimenteller DRAFT der Erweiterung 1.1.0; digital geprüft, nicht physisch qualifiziert.","Dichtungsgeometrie und O-Ring-Vorspannung sind nur Konstruktionsabsicht. Keine geprüfte Leckrate, IP-/Wasserdichtheit, Druckfreigabe oder Lebensdauer.","PETG, ASA, PA, PLA",Passender metrischer O-Ring und reale Metallwelle; silikonverträgliches Fett.,"{""clearance"": 0.2, ""grease_reservoir"": 1.2, ""land_l"": 10, ""lead_in"": 1.1, ""oring_cs"": 1.5, ""oring_id"": 3, ""radial_squeeze"": 0.13, ""shaft_d"": 3, ""wall"": 3}"
123,31,radial-o-ring-shaft-gland,Radiale O-Ring-Wellendichtung,09_sealing_and_service,Dicht- und Serviceschnittstellen,d4,Welle 4 mm,09_sealing_and_service/123-radial-o-ring-shaft-gland-d4,samples/09_sealing_and_service/123-radial-o-ring-shaft-gland-d4/model.scad,samples/09_sealing_and_service/123-radial-o-ring-shaft-gland-d4/print_plate.stl,samples/09_sealing_and_service/123-radial-o-ring-shaft-gland-d4/preview.png,experimental-draft,unqualified,"Experimenteller DRAFT der Erweiterung 1.1.0; digital geprüft, nicht physisch qualifiziert.","Dichtungsgeometrie und O-Ring-Vorspannung sind nur Konstruktionsabsicht. Keine geprüfte Leckrate, IP-/Wasserdichtheit, Druckfreigabe oder Lebensdauer.","PETG, ASA, PA, PLA",Passender metrischer O-Ring und reale Metallwelle; silikonverträgliches Fett.,"{""clearance"": 0.22, ""grease_reservoir"": 1.4, ""land_l"": 11, ""lead_in"": 1.2, ""oring_cs"": 1.5, ""oring_id"": 4, ""radial_squeeze"": 0.15, ""shaft_d"": 4, ""wall"": 3}"
124,31,radial-o-ring-shaft-gland,Radiale O-Ring-Wellendichtung,09_sealing_and_service,Dicht- und Serviceschnittstellen,d5,Welle 5 mm,09_sealing_and_service/124-radial-o-ring-shaft-gland-d5,samples/09_sealing_and_service/124-radial-o-ring-shaft-gland-d5/model.scad,samples/09_sealing_and_service/124-radial-o-ring-shaft-gland-d5/print_plate.stl,samples/09_sealing_and_service/124-radial-o-ring-shaft-gland-d5/preview.png,experimental-draft,unqualified,"Experimenteller DRAFT der Erweiterung 1.1.0; digital geprüft, nicht physisch qualifiziert.","Dichtungsgeometrie und O-Ring-Vorspannung sind nur Konstruktionsabsicht. Keine geprüfte Leckrate, IP-/Wasserdichtheit, Druckfreigabe oder Lebensdauer.","PETG, ASA, PA, PLA",Passender metrischer O-Ring und reale Metallwelle; silikonverträgliches Fett.,"{""clearance"": 0.25, ""grease_reservoir"": 1.6, ""land_l"": 12, ""lead_in"": 1.4, ""oring_cs"": 2.0, ""oring_id"": 5, ""radial_squeeze"": 0.13, ""shaft_d"": 5, ""wall"": 3.2}"
125,32,o-ring-ramped-bayonet,O-Ring-vorgespanntes Rampenbajonett,09_sealing_and_service,Dicht- und Serviceschnittstellen,c10,10 % radiale Kompression,09_sealing_and_service/125-o-ring-ramped-bayonet-c10,samples/09_sealing_and_service/125-o-ring-ramped-bayonet-c10/model.scad,samples/09_sealing_and_service/125-o-ring-ramped-bayonet-c10/print_plate.stl,samples/09_sealing_and_service/125-o-ring-ramped-bayonet-c10/preview.png,experimental-draft,unqualified,"Experimenteller DRAFT der Erweiterung 1.1.0; digital geprüft, nicht physisch qualifiziert.","O-Ring-Nut, Rampenvorspannung und Spritzwasserschutz sind nur Konstruktionsabsicht. Keine geprüfte Leckrate, IP-/Wasserdichtheit, Druckfreigabe oder Lebensdauer.","PETG, ASA, PA, PLA","O-Ring 2 mm Schnurstärke, passend zum Referenzdurchmesser.","{""core_d"": 24, ""hard_stop"": 1.5, ""lug_w"": 6, ""oring_cs"": 2, ""oring_id"": 21, ""radial_squeeze"": 0.1, ""ramp_h"": 0.55, ""running_clearance"": 0.3, ""turn_deg"": 42}"
126,32,o-ring-ramped-bayonet,O-Ring-vorgespanntes Rampenbajonett,09_sealing_and_service,Dicht- und Serviceschnittstellen,c15,15 % radiale Kompression,09_sealing_and_service/126-o-ring-ramped-bayonet-c15,samples/09_sealing_and_service/126-o-ring-ramped-bayonet-c15/model.scad,samples/09_sealing_and_service/126-o-ring-ramped-bayonet-c15/print_plate.stl,samples/09_sealing_and_service/126-o-ring-ramped-bayonet-c15/preview.png,experimental-draft,unqualified,"Experimenteller DRAFT der Erweiterung 1.1.0; digital geprüft, nicht physisch qualifiziert.","O-Ring-Nut, Rampenvorspannung und Spritzwasserschutz sind nur Konstruktionsabsicht. Keine geprüfte Leckrate, IP-/Wasserdichtheit, Druckfreigabe oder Lebensdauer.","PETG, ASA, PA, PLA","O-Ring 2 mm Schnurstärke, passend zum Referenzdurchmesser.","{""core_d"": 24, ""hard_stop"": 1.5, ""lug_w"": 6, ""oring_cs"": 2, ""oring_id"": 21, ""radial_squeeze"": 0.15, ""ramp_h"": 0.65, ""running_clearance"": 0.3, ""turn_deg"": 42}"
127,32,o-ring-ramped-bayonet,O-Ring-vorgespanntes Rampenbajonett,09_sealing_and_service,Dicht- und Serviceschnittstellen,c20,20 % radiale Kompression,09_sealing_and_service/127-o-ring-ramped-bayonet-c20,samples/09_sealing_and_service/127-o-ring-ramped-bayonet-c20/model.scad,samples/09_sealing_and_service/127-o-ring-ramped-bayonet-c20/print_plate.stl,samples/09_sealing_and_service/127-o-ring-ramped-bayonet-c20/preview.png,experimental-draft,unqualified,"Experimenteller DRAFT der Erweiterung 1.1.0; digital geprüft, nicht physisch qualifiziert.","O-Ring-Nut, Rampenvorspannung und Spritzwasserschutz sind nur Konstruktionsabsicht. Keine geprüfte Leckrate, IP-/Wasserdichtheit, Druckfreigabe oder Lebensdauer.","PETG, ASA, PA, PLA","O-Ring 2 mm Schnurstärke, passend zum Referenzdurchmesser.","{""core_d"": 24, ""hard_stop"": 1.5, ""lug_w"": 6, ""oring_cs"": 2, ""oring_id"": 21, ""radial_squeeze"": 0.2, ""ramp_h"": 0.75, ""running_clearance"": 0.3, ""turn_deg"": 42}"
128,32,o-ring-ramped-bayonet,O-Ring-vorgespanntes Rampenbajonett,09_sealing_and_service,Dicht- und Serviceschnittstellen,c25,25 % radiale Kompression,09_sealing_and_service/128-o-ring-ramped-bayonet-c25,samples/09_sealing_and_service/128-o-ring-ramped-bayonet-c25/model.scad,samples/09_sealing_and_service/128-o-ring-ramped-bayonet-c25/print_plate.stl,samples/09_sealing_and_service/128-o-ring-ramped-bayonet-c25/preview.png,experimental-draft,unqualified,"Experimenteller DRAFT der Erweiterung 1.1.0; digital geprüft, nicht physisch qualifiziert.","O-Ring-Nut, Rampenvorspannung und Spritzwasserschutz sind nur Konstruktionsabsicht. Keine geprüfte Leckrate, IP-/Wasserdichtheit, Druckfreigabe oder Lebensdauer.","PETG, ASA, PA, PLA","O-Ring 2 mm Schnurstärke, passend zum Referenzdurchmesser.","{""core_d"": 24, ""hard_stop"": 1.5, ""lug_w"": 6, ""oring_cs"": 2, ""oring_id"": 21, ""radial_squeeze"": 0.25, ""ramp_h"": 0.85, ""running_clearance"": 0.35, ""turn_deg"": 42}"
129,33,compact-asymmetric-shaft-coupler,Kompakte asymmetrische Wellenkupplung,08_drives_and_components,Antriebe und weitere Mechanik,2to3,2 auf 3 mm,08_drives_and_components/129-compact-asymmetric-shaft-coupler-2to3,samples/08_drives_and_components/129-compact-asymmetric-shaft-coupler-2to3/model.scad,samples/08_drives_and_components/129-compact-asymmetric-shaft-coupler-2to3/print_plate.stl,samples/08_drives_and_components/129-compact-asymmetric-shaft-coupler-2to3/preview.png,experimental-draft,unqualified,"Experimenteller DRAFT der Erweiterung 1.1.0; digital geprüft, nicht physisch qualifiziert.","Digitale Geometrieprüfung ist keine Funktions-, Last-, Dichtheits-, Lebensdauer- oder Sicherheitsqualifikation.","PETG, PA, ASA, PLA",Zwei M2-Schrauben und Muttern beziehungsweise Inserts; reale Eingangs- und Ausgangswelle.,"{""axial_stop"": 0.8, ""fastener"": 2.4, ""input_clearance"": 0.15, ""input_d"": 2, ""length"": 16, ""outer_d"": 11, ""output_clearance"": 0.15, ""output_d"": 3}"
130,33,compact-asymmetric-shaft-coupler,Kompakte asymmetrische Wellenkupplung,08_drives_and_components,Antriebe und weitere Mechanik,3to3,3 auf 3 mm,08_drives_and_components/130-compact-asymmetric-shaft-coupler-3to3,samples/08_drives_and_components/130-compact-asymmetric-shaft-coupler-3to3/model.scad,samples/08_drives_and_components/130-compact-asymmetric-shaft-coupler-3to3/print_plate.stl,samples/08_drives_and_components/130-compact-asymmetric-shaft-coupler-3to3/preview.png,experimental-draft,unqualified,"Experimenteller DRAFT der Erweiterung 1.1.0; digital geprüft, nicht physisch qualifiziert.","Digitale Geometrieprüfung ist keine Funktions-, Last-, Dichtheits-, Lebensdauer- oder Sicherheitsqualifikation.","PETG, PA, ASA, PLA",Zwei M2-Schrauben und Muttern beziehungsweise Inserts; reale Eingangs- und Ausgangswelle.,"{""axial_stop"": 0.8, ""fastener"": 2.4, ""input_clearance"": 0.15, ""input_d"": 3, ""length"": 16, ""outer_d"": 11, ""output_clearance"": 0.15, ""output_d"": 3}"
131,33,compact-asymmetric-shaft-coupler,Kompakte asymmetrische Wellenkupplung,08_drives_and_components,Antriebe und weitere Mechanik,3to4,3 auf 4 mm,08_drives_and_components/131-compact-asymmetric-shaft-coupler-3to4,samples/08_drives_and_components/131-compact-asymmetric-shaft-coupler-3to4/model.scad,samples/08_drives_and_components/131-compact-asymmetric-shaft-coupler-3to4/print_plate.stl,samples/08_drives_and_components/131-compact-asymmetric-shaft-coupler-3to4/preview.png,experimental-draft,unqualified,"Experimenteller DRAFT der Erweiterung 1.1.0; digital geprüft, nicht physisch qualifiziert.","Digitale Geometrieprüfung ist keine Funktions-, Last-, Dichtheits-, Lebensdauer- oder Sicherheitsqualifikation.","PETG, PA, ASA, PLA",Zwei M2-Schrauben und Muttern beziehungsweise Inserts; reale Eingangs- und Ausgangswelle.,"{""axial_stop"": 0.8, ""fastener"": 2.4, ""input_clearance"": 0.16, ""input_d"": 3, ""length"": 18, ""outer_d"": 12, ""output_clearance"": 0.18, ""output_d"": 4}"
132,33,compact-asymmetric-shaft-coupler,Kompakte asymmetrische Wellenkupplung,08_drives_and_components,Antriebe und weitere Mechanik,3to5,3 auf 5 mm,08_drives_and_components/132-compact-asymmetric-shaft-coupler-3to5,samples/08_drives_and_components/132-compact-asymmetric-shaft-coupler-3to5/model.scad,samples/08_drives_and_components/132-compact-asymmetric-shaft-coupler-3to5/print_plate.stl,samples/08_drives_and_components/132-compact-asymmetric-shaft-coupler-3to5/preview.png,experimental-draft,unqualified,"Experimenteller DRAFT der Erweiterung 1.1.0; digital geprüft, nicht physisch qualifiziert.","Digitale Geometrieprüfung ist keine Funktions-, Last-, Dichtheits-, Lebensdauer- oder Sicherheitsqualifikation.","PETG, PA, ASA, PLA",Zwei M2-Schrauben und Muttern beziehungsweise Inserts; reale Eingangs- und Ausgangswelle.,"{""axial_stop"": 1.0, ""fastener"": 2.4, ""input_clearance"": 0.18, ""input_d"": 3, ""length"": 20, ""outer_d"": 14, ""output_clearance"": 0.2, ""output_d"": 5}"
133,34,crank-slotted-rocker-oscillator,Kurbel-Langloch-Schwinge,08_drives_and_components,Antriebe und weitere Mechanik,r3,Kurbelradius 3 mm,08_drives_and_components/133-crank-slotted-rocker-oscillator-r3,samples/08_drives_and_components/133-crank-slotted-rocker-oscillator-r3/model.scad,samples/08_drives_and_components/133-crank-slotted-rocker-oscillator-r3/print_plate.stl,samples/08_drives_and_components/133-crank-slotted-rocker-oscillator-r3/preview.png,experimental-draft,unqualified,"Experimenteller DRAFT der Erweiterung 1.1.0; digital geprüft, nicht physisch qualifiziert.","Digitale Geometrieprüfung ist keine Funktions-, Last-, Dichtheits-, Lebensdauer- oder Sicherheitsqualifikation.","PETG, PA, PLA",Kein Fremdteil; optional Metallachsen oder verschleißfester Zapfen.,"{""crank_r"": 3, ""pin_d"": 4, ""pivot_offset"": 16, ""plate_t"": 3, ""rocker_r"": 22, ""slot_w"": 5.2}"
134,34,crank-slotted-rocker-oscillator,Kurbel-Langloch-Schwinge,08_drives_and_components,Antriebe und weitere Mechanik,r4,Kurbelradius 4 mm,08_drives_and_components/134-crank-slotted-rocker-oscillator-r4,samples/08_drives_and_components/134-crank-slotted-rocker-oscillator-r4/model.scad,samples/08_drives_and_components/134-crank-slotted-rocker-oscillator-r4/print_plate.stl,samples/08_drives_and_components/134-crank-slotted-rocker-oscillator-r4/preview.png,experimental-draft,unqualified,"Experimenteller DRAFT der Erweiterung 1.1.0; digital geprüft, nicht physisch qualifiziert.","Digitale Geometrieprüfung ist keine Funktions-, Last-, Dichtheits-, Lebensdauer- oder Sicherheitsqualifikation.","PETG, PA, PLA",Kein Fremdteil; optional Metallachsen oder verschleißfester Zapfen.,"{""crank_r"": 4, ""pin_d"": 4, ""pivot_offset"": 18, ""plate_t"": 3, ""rocker_r"": 24, ""slot_w"": 5.4}"
135,34,crank-slotted-rocker-oscillator,Kurbel-Langloch-Schwinge,08_drives_and_components,Antriebe und weitere Mechanik,r6,Kurbelradius 6 mm,08_drives_and_components/135-crank-slotted-rocker-oscillator-r6,samples/08_drives_and_components/135-crank-slotted-rocker-oscillator-r6/model.scad,samples/08_drives_and_components/135-crank-slotted-rocker-oscillator-r6/print_plate.stl,samples/08_drives_and_components/135-crank-slotted-rocker-oscillator-r6/preview.png,experimental-draft,unqualified,"Experimenteller DRAFT der Erweiterung 1.1.0; digital geprüft, nicht physisch qualifiziert.","Digitale Geometrieprüfung ist keine Funktions-, Last-, Dichtheits-, Lebensdauer- oder Sicherheitsqualifikation.","PETG, PA, PLA",Kein Fremdteil; optional Metallachsen oder verschleißfester Zapfen.,"{""crank_r"": 6, ""pin_d"": 4, ""pivot_offset"": 20, ""plate_t"": 3.2, ""rocker_r"": 26, ""slot_w"": 5.8}"
136,34,crank-slotted-rocker-oscillator,Kurbel-Langloch-Schwinge,08_drives_and_components,Antriebe und weitere Mechanik,r8,Kurbelradius 8 mm,08_drives_and_components/136-crank-slotted-rocker-oscillator-r8,samples/08_drives_and_components/136-crank-slotted-rocker-oscillator-r8/model.scad,samples/08_drives_and_components/136-crank-slotted-rocker-oscillator-r8/print_plate.stl,samples/08_drives_and_components/136-crank-slotted-rocker-oscillator-r8/preview.png,experimental-draft,unqualified,"Experimenteller DRAFT der Erweiterung 1.1.0; digital geprüft, nicht physisch qualifiziert.","Digitale Geometrieprüfung ist keine Funktions-, Last-, Dichtheits-, Lebensdauer- oder Sicherheitsqualifikation.","PETG, PA, PLA",Kein Fremdteil; optional Metallachsen oder verschleißfester Zapfen.,"{""crank_r"": 8, ""pin_d"": 4, ""pivot_offset"": 24, ""plate_t"": 3.4, ""rocker_r"": 30, ""slot_w"": 6.2}"
137,35,dual-o-ring-friction-piston,Doppel-O-Ring-Reibkolben,09_sealing_and_service,Dicht- und Serviceschnittstellen,d12,Bohrung 12 mm,09_sealing_and_service/137-dual-o-ring-friction-piston-d12,samples/09_sealing_and_service/137-dual-o-ring-friction-piston-d12/model.scad,samples/09_sealing_and_service/137-dual-o-ring-friction-piston-d12/print_plate.stl,samples/09_sealing_and_service/137-dual-o-ring-friction-piston-d12/preview.png,experimental-draft,unqualified,"Experimenteller DRAFT der Erweiterung 1.1.0; digital geprüft, nicht physisch qualifiziert.","Kolben- und O-Ring-Geometrie sind nur Konstruktionsabsicht. Keine geprüfte Leckrate, IP-/Wasserdichtheit, Druckfreigabe oder Lebensdauer.","PETG, ASA, PA, PLA",Zwei passende O-Ringe; silikonverträgliches Fett.,"{""anti_loss_stop"": 4.0, ""bore_d"": 12, ""clearance"": 0.2, ""groove_depth"": 1.08, ""groove_spacing"": 4.4, ""lead_in"": 1.0, ""oring_cs"": 1.5, ""oring_id"": 9.5, ""travel"": 20}"
138,35,dual-o-ring-friction-piston,Doppel-O-Ring-Reibkolben,09_sealing_and_service,Dicht- und Serviceschnittstellen,d16,Bohrung 16 mm,09_sealing_and_service/138-dual-o-ring-friction-piston-d16,samples/09_sealing_and_service/138-dual-o-ring-friction-piston-d16/model.scad,samples/09_sealing_and_service/138-dual-o-ring-friction-piston-d16/print_plate.stl,samples/09_sealing_and_service/138-dual-o-ring-friction-piston-d16/preview.png,experimental-draft,unqualified,"Experimenteller DRAFT der Erweiterung 1.1.0; digital geprüft, nicht physisch qualifiziert.","Kolben- und O-Ring-Geometrie sind nur Konstruktionsabsicht. Keine geprüfte Leckrate, IP-/Wasserdichtheit, Druckfreigabe oder Lebensdauer.","PETG, ASA, PA, PLA",Zwei passende O-Ringe; silikonverträgliches Fett.,"{""anti_loss_stop"": 4.0, ""bore_d"": 16, ""clearance"": 0.2, ""groove_depth"": 1.08, ""groove_spacing"": 4.4, ""lead_in"": 1.1, ""oring_cs"": 1.5, ""oring_id"": 13.5, ""travel"": 22}"
139,35,dual-o-ring-friction-piston,Doppel-O-Ring-Reibkolben,09_sealing_and_service,Dicht- und Serviceschnittstellen,d20,Bohrung 20 mm,09_sealing_and_service/139-dual-o-ring-friction-piston-d20,samples/09_sealing_and_service/139-dual-o-ring-friction-piston-d20/model.scad,samples/09_sealing_and_service/139-dual-o-ring-friction-piston-d20/print_plate.stl,samples/09_sealing_and_service/139-dual-o-ring-friction-piston-d20/preview.png,experimental-draft,unqualified,"Experimenteller DRAFT der Erweiterung 1.1.0; digital geprüft, nicht physisch qualifiziert.","Kolben- und O-Ring-Geometrie sind nur Konstruktionsabsicht. Keine geprüfte Leckrate, IP-/Wasserdichtheit, Druckfreigabe oder Lebensdauer.","PETG, ASA, PA, PLA",Zwei passende O-Ringe; silikonverträgliches Fett.,"{""anti_loss_stop"": 4.5, ""bore_d"": 20, ""clearance"": 0.22, ""groove_depth"": 1.08, ""groove_spacing"": 4.4, ""lead_in"": 1.2, ""oring_cs"": 1.5, ""oring_id"": 17.5, ""travel"": 24}"
140,35,dual-o-ring-friction-piston,Doppel-O-Ring-Reibkolben,09_sealing_and_service,Dicht- und Serviceschnittstellen,d24,Bohrung 24 mm,09_sealing_and_service/140-dual-o-ring-friction-piston-d24,samples/09_sealing_and_service/140-dual-o-ring-friction-piston-d24/model.scad,samples/09_sealing_and_service/140-dual-o-ring-friction-piston-d24/print_plate.stl,samples/09_sealing_and_service/140-dual-o-ring-friction-piston-d24/preview.png,experimental-draft,unqualified,"Experimenteller DRAFT der Erweiterung 1.1.0; digital geprüft, nicht physisch qualifiziert.","Kolben- und O-Ring-Geometrie sind nur Konstruktionsabsicht. Keine geprüfte Leckrate, IP-/Wasserdichtheit, Druckfreigabe oder Lebensdauer.","PETG, ASA, PA, PLA",Zwei passende O-Ringe; silikonverträgliches Fett.,"{""anti_loss_stop"": 5.0, ""bore_d"": 24, ""clearance"": 0.25, ""groove_depth"": 1.44, ""groove_spacing"": 5.2, ""lead_in"": 1.4, ""oring_cs"": 2.0, ""oring_id"": 20.5, ""travel"": 26}"
141,36,captive-service-hinge-pin,Captiver servicefähiger Gelenkstift,01_rotation_1d,Eindimensionale Drehbewegung,d2,Stift 2 mm,01_rotation_1d/141-captive-service-hinge-pin-d2,samples/01_rotation_1d/141-captive-service-hinge-pin-d2/model.scad,samples/01_rotation_1d/141-captive-service-hinge-pin-d2/print_plate.stl,samples/01_rotation_1d/141-captive-service-hinge-pin-d2/preview.png,experimental-draft,unqualified,"Experimenteller DRAFT der Erweiterung 1.1.0; digital geprüft, nicht physisch qualifiziert.","Digitale Geometrieprüfung ist keine Funktions-, Last-, Dichtheits-, Lebensdauer- oder Sicherheitsqualifikation.","PETG, PA, PLA",Kein Fremdteil; optional Metallstift und Norm-Sicherungsring.,"{""bearing_clearance"": 0.2, ""grip_l"": 12, ""head_d"": 5, ""leaf_l"": 24, ""pin_d"": 2, ""retainer_clearance"": 0.2}"
142,36,captive-service-hinge-pin,Captiver servicefähiger Gelenkstift,01_rotation_1d,Eindimensionale Drehbewegung,d3,Stift 3 mm,01_rotation_1d/142-captive-service-hinge-pin-d3,samples/01_rotation_1d/142-captive-service-hinge-pin-d3/model.scad,samples/01_rotation_1d/142-captive-service-hinge-pin-d3/print_plate.stl,samples/01_rotation_1d/142-captive-service-hinge-pin-d3/preview.png,experimental-draft,unqualified,"Experimenteller DRAFT der Erweiterung 1.1.0; digital geprüft, nicht physisch qualifiziert.","Digitale Geometrieprüfung ist keine Funktions-, Last-, Dichtheits-, Lebensdauer- oder Sicherheitsqualifikation.","PETG, PA, PLA",Kein Fremdteil; optional Metallstift und Norm-Sicherungsring.,"{""bearing_clearance"": 0.22, ""grip_l"": 13, ""head_d"": 6, ""leaf_l"": 26, ""pin_d"": 3, ""retainer_clearance"": 0.22}"
143,36,captive-service-hinge-pin,Captiver servicefähiger Gelenkstift,01_rotation_1d,Eindimensionale Drehbewegung,d4,Stift 4 mm,01_rotation_1d/143-captive-service-hinge-pin-d4,samples/01_rotation_1d/143-captive-service-hinge-pin-d4/model.scad,samples/01_rotation_1d/143-captive-service-hinge-pin-d4/print_plate.stl,samples/01_rotation_1d/143-captive-service-hinge-pin-d4/preview.png,experimental-draft,unqualified,"Experimenteller DRAFT der Erweiterung 1.1.0; digital geprüft, nicht physisch qualifiziert.","Digitale Geometrieprüfung ist keine Funktions-, Last-, Dichtheits-, Lebensdauer- oder Sicherheitsqualifikation.","PETG, PA, PLA",Kein Fremdteil; optional Metallstift und Norm-Sicherungsring.,"{""bearing_clearance"": 0.25, ""grip_l"": 13, ""head_d"": 7, ""leaf_l"": 28, ""pin_d"": 4, ""retainer_clearance"": 0.25}"
144,36,captive-service-hinge-pin,Captiver servicefähiger Gelenkstift,01_rotation_1d,Eindimensionale Drehbewegung,d5,Stift 5 mm,01_rotation_1d/144-captive-service-hinge-pin-d5,samples/01_rotation_1d/144-captive-service-hinge-pin-d5/model.scad,samples/01_rotation_1d/144-captive-service-hinge-pin-d5/print_plate.stl,samples/01_rotation_1d/144-captive-service-hinge-pin-d5/preview.png,experimental-draft,unqualified,"Experimenteller DRAFT der Erweiterung 1.1.0; digital geprüft, nicht physisch qualifiziert.","Digitale Geometrieprüfung ist keine Funktions-, Last-, Dichtheits-, Lebensdauer- oder Sicherheitsqualifikation.","PETG, PA, PLA",Kein Fremdteil; optional Metallstift und Norm-Sicherungsring.,"{""bearing_clearance"": 0.3, ""grip_l"": 14, ""head_d"": 8, ""leaf_l"": 30, ""pin_d"": 5, ""retainer_clearance"": 0.3}"
145,37,compression-cable-gland,Kompressions-Kabeldurchführung,09_sealing_and_service,Dicht- und Serviceschnittstellen,d2,Kabel 2 mm,09_sealing_and_service/145-compression-cable-gland-d2,samples/09_sealing_and_service/145-compression-cable-gland-d2/model.scad,samples/09_sealing_and_service/145-compression-cable-gland-d2/print_plate.stl,samples/09_sealing_and_service/145-compression-cable-gland-d2/preview.png,experimental-draft,unqualified,"Experimenteller DRAFT der Erweiterung 1.1.0; digital geprüft, nicht physisch qualifiziert.","Die Durchführung ist nur die Konstruktionsabsicht eines unqualifizierten Dicht- und Montagekonzepts. Keine geprüfte Leckrate, IP-/Wasserdichtheit, Druckfreigabe, elektrische Freigabe oder Lebensdauer.","PETG, ASA, PA, TPU",Reales Kabel sowie geeigneter Elastomer- oder Pottingeinsatz; optional separate Zugentlastung.,"{""cable_d"": 2, ""compression_l"": 4.0, ""pitch"": 2.5, ""seal_clearance"": 0.25, ""strain_relief"": 10, ""thread_d"": 12, ""wall"": 3}"
146,37,compression-cable-gland,Kompressions-Kabeldurchführung,09_sealing_and_service,Dicht- und Serviceschnittstellen,d3,Kabel 3 mm,09_sealing_and_service/146-compression-cable-gland-d3,samples/09_sealing_and_service/146-compression-cable-gland-d3/model.scad,samples/09_sealing_and_service/146-compression-cable-gland-d3/print_plate.stl,samples/09_sealing_and_service/146-compression-cable-gland-d3/preview.png,experimental-draft,unqualified,"Experimenteller DRAFT der Erweiterung 1.1.0; digital geprüft, nicht physisch qualifiziert.","Die Durchführung ist nur die Konstruktionsabsicht eines unqualifizierten Dicht- und Montagekonzepts. Keine geprüfte Leckrate, IP-/Wasserdichtheit, Druckfreigabe, elektrische Freigabe oder Lebensdauer.","PETG, ASA, PA, TPU",Reales Kabel sowie geeigneter Elastomer- oder Pottingeinsatz; optional separate Zugentlastung.,"{""cable_d"": 3, ""compression_l"": 4.5, ""pitch"": 3.0, ""seal_clearance"": 0.3, ""strain_relief"": 12, ""thread_d"": 16, ""wall"": 3}"
147,37,compression-cable-gland,Kompressions-Kabeldurchführung,09_sealing_and_service,Dicht- und Serviceschnittstellen,d4,Kabel 4 mm,09_sealing_and_service/147-compression-cable-gland-d4,samples/09_sealing_and_service/147-compression-cable-gland-d4/model.scad,samples/09_sealing_and_service/147-compression-cable-gland-d4/print_plate.stl,samples/09_sealing_and_service/147-compression-cable-gland-d4/preview.png,experimental-draft,unqualified,"Experimenteller DRAFT der Erweiterung 1.1.0; digital geprüft, nicht physisch qualifiziert.","Die Durchführung ist nur die Konstruktionsabsicht eines unqualifizierten Dicht- und Montagekonzepts. Keine geprüfte Leckrate, IP-/Wasserdichtheit, Druckfreigabe, elektrische Freigabe oder Lebensdauer.","PETG, ASA, PA, TPU",Reales Kabel sowie geeigneter Elastomer- oder Pottingeinsatz; optional separate Zugentlastung.,"{""cable_d"": 4, ""compression_l"": 5.0, ""pitch"": 3.0, ""seal_clearance"": 0.3, ""strain_relief"": 14, ""thread_d"": 16, ""wall"": 3}"
148,37,compression-cable-gland,Kompressions-Kabeldurchführung,09_sealing_and_service,Dicht- und Serviceschnittstellen,d6,Kabel 6 mm,09_sealing_and_service/148-compression-cable-gland-d6,samples/09_sealing_and_service/148-compression-cable-gland-d6/model.scad,samples/09_sealing_and_service/148-compression-cable-gland-d6/print_plate.stl,samples/09_sealing_and_service/148-compression-cable-gland-d6/preview.png,experimental-draft,unqualified,"Experimenteller DRAFT der Erweiterung 1.1.0; digital geprüft, nicht physisch qualifiziert.","Die Durchführung ist nur die Konstruktionsabsicht eines unqualifizierten Dicht- und Montagekonzepts. Keine geprüfte Leckrate, IP-/Wasserdichtheit, Druckfreigabe, elektrische Freigabe oder Lebensdauer.","PETG, ASA, PA, TPU",Reales Kabel sowie geeigneter Elastomer- oder Pottingeinsatz; optional separate Zugentlastung.,"{""cable_d"": 6, ""compression_l"": 6.0, ""pitch"": 4.0, ""seal_clearance"": 0.4, ""strain_relief"": 16, ""thread_d"": 20, ""wall"": 3.2}"
149,38,cylindrical-cell-cradle,Zylindrischer Zellhalter,10_component_fixtures,Komponentenhalter,aaa1,1 x AAA,10_component_fixtures/149-cylindrical-cell-cradle-aaa1,samples/10_component_fixtures/149-cylindrical-cell-cradle-aaa1/model.scad,samples/10_component_fixtures/149-cylindrical-cell-cradle-aaa1/print_plate.stl,samples/10_component_fixtures/149-cylindrical-cell-cradle-aaa1/preview.png,experimental-draft,unqualified,"Experimenteller DRAFT der Erweiterung 1.1.0; digital geprüft, nicht physisch qualifiziert.","Digitale Geometrieprüfung ist keine Funktions-, Last-, Dichtheits-, Lebensdauer- oder Sicherheitsqualifikation.","PETG, ASA, PA, PLA","Reale Zelle, nichtleitender Gurt und supplier-spezifische elektrische Kontakte.","{""cell_d"": 10.5, ""cell_gap"": 2, ""cell_l"": 44.5, ""clearance"": 0.35, ""contact_keepout"": 5, ""count"": 1, ""strap_w"": 6}"
150,38,cylindrical-cell-cradle,Zylindrischer Zellhalter,10_component_fixtures,Komponentenhalter,aaa2,2 x AAA,10_component_fixtures/150-cylindrical-cell-cradle-aaa2,samples/10_component_fixtures/150-cylindrical-cell-cradle-aaa2/model.scad,samples/10_component_fixtures/150-cylindrical-cell-cradle-aaa2/print_plate.stl,samples/10_component_fixtures/150-cylindrical-cell-cradle-aaa2/preview.png,experimental-draft,unqualified,"Experimenteller DRAFT der Erweiterung 1.1.0; digital geprüft, nicht physisch qualifiziert.","Digitale Geometrieprüfung ist keine Funktions-, Last-, Dichtheits-, Lebensdauer- oder Sicherheitsqualifikation.","PETG, ASA, PA, PLA","Reale Zelle, nichtleitender Gurt und supplier-spezifische elektrische Kontakte.","{""cell_d"": 10.5, ""cell_gap"": 2, ""cell_l"": 44.5, ""clearance"": 0.35, ""contact_keepout"": 5, ""count"": 2, ""strap_w"": 6}"
151,38,cylindrical-cell-cradle,Zylindrischer Zellhalter,10_component_fixtures,Komponentenhalter,aa1,1 x AA,10_component_fixtures/151-cylindrical-cell-cradle-aa1,samples/10_component_fixtures/151-cylindrical-cell-cradle-aa1/model.scad,samples/10_component_fixtures/151-cylindrical-cell-cradle-aa1/print_plate.stl,samples/10_component_fixtures/151-cylindrical-cell-cradle-aa1/preview.png,experimental-draft,unqualified,"Experimenteller DRAFT der Erweiterung 1.1.0; digital geprüft, nicht physisch qualifiziert.","Digitale Geometrieprüfung ist keine Funktions-, Last-, Dichtheits-, Lebensdauer- oder Sicherheitsqualifikation.","PETG, ASA, PA, PLA","Reale Zelle, nichtleitender Gurt und supplier-spezifische elektrische Kontakte.","{""cell_d"": 14.5, ""cell_gap"": 2, ""cell_l"": 50.5, ""clearance"": 0.4, ""contact_keepout"": 6, ""count"": 1, ""strap_w"": 8}"
152,38,cylindrical-cell-cradle,Zylindrischer Zellhalter,10_component_fixtures,Komponentenhalter,18650,1 x 18650,10_component_fixtures/152-cylindrical-cell-cradle-18650,samples/10_component_fixtures/152-cylindrical-cell-cradle-18650/model.scad,samples/10_component_fixtures/152-cylindrical-cell-cradle-18650/print_plate.stl,samples/10_component_fixtures/152-cylindrical-cell-cradle-18650/preview.png,experimental-draft,unqualified,"Experimenteller DRAFT der Erweiterung 1.1.0; digital geprüft, nicht physisch qualifiziert.","Digitale Geometrieprüfung ist keine Funktions-, Last-, Dichtheits-, Lebensdauer- oder Sicherheitsqualifikation.","PETG, ASA, PA, PLA","Reale Zelle, nichtleitender Gurt und supplier-spezifische elektrische Kontakte.","{""cell_d"": 18.6, ""cell_gap"": 2, ""cell_l"": 65, ""clearance"": 0.45, ""contact_keepout"": 8, ""count"": 1, ""strap_w"": 10}"
153,39,sealed-magnetic-actuator-pocket,Abgedichtete Magnetbetätiger-Tasche,10_component_fixtures,Komponentenhalter,wall1,Wand 1 mm,10_component_fixtures/153-sealed-magnetic-actuator-pocket-wall1,samples/10_component_fixtures/153-sealed-magnetic-actuator-pocket-wall1/model.scad,samples/10_component_fixtures/153-sealed-magnetic-actuator-pocket-wall1/print_plate.stl,samples/10_component_fixtures/153-sealed-magnetic-actuator-pocket-wall1/preview.png,experimental-draft,unqualified,"Experimenteller DRAFT der Erweiterung 1.1.0; digital geprüft, nicht physisch qualifiziert.","„Abgedichtet“ und „dicht“ bezeichnen ausschließlich die Konstruktionsabsicht einer ununterbrochenen Wandbarriere ohne Sensordurchbruch. Keine geprüfte Leckrate, IP-/Wasserdichtheit, Druckfreigabe oder Lebensdauer.","PETG, ASA, PA, PLA",Neodym-Magnet etwa 6 x 3 mm und supplier-spezifischer Reed- oder Hall-Sensor.,"{""clearance"": 0.35, ""magnet_d"": 6, ""magnet_l"": 3, ""retention"": 1.2, ""switch_keepout"": [18, 6, 6], ""travel"": 20, ""wall_t"": 1}"
154,39,sealed-magnetic-actuator-pocket,Abgedichtete Magnetbetätiger-Tasche,10_component_fixtures,Komponentenhalter,wall2,Wand 2 mm,10_component_fixtures/154-sealed-magnetic-actuator-pocket-wall2,samples/10_component_fixtures/154-sealed-magnetic-actuator-pocket-wall2/model.scad,samples/10_component_fixtures/154-sealed-magnetic-actuator-pocket-wall2/print_plate.stl,samples/10_component_fixtures/154-sealed-magnetic-actuator-pocket-wall2/preview.png,experimental-draft,unqualified,"Experimenteller DRAFT der Erweiterung 1.1.0; digital geprüft, nicht physisch qualifiziert.","„Abgedichtet“ und „dicht“ bezeichnen ausschließlich die Konstruktionsabsicht einer ununterbrochenen Wandbarriere ohne Sensordurchbruch. Keine geprüfte Leckrate, IP-/Wasserdichtheit, Druckfreigabe oder Lebensdauer.","PETG, ASA, PA, PLA",Neodym-Magnet etwa 6 x 3 mm und supplier-spezifischer Reed- oder Hall-Sensor.,"{""clearance"": 0.35, ""magnet_d"": 6, ""magnet_l"": 3, ""retention"": 1.2, ""switch_keepout"": [18, 6, 6], ""travel"": 20, ""wall_t"": 2}"
155,39,sealed-magnetic-actuator-pocket,Abgedichtete Magnetbetätiger-Tasche,10_component_fixtures,Komponentenhalter,wall3,Wand 3 mm,10_component_fixtures/155-sealed-magnetic-actuator-pocket-wall3,samples/10_component_fixtures/155-sealed-magnetic-actuator-pocket-wall3/model.scad,samples/10_component_fixtures/155-sealed-magnetic-actuator-pocket-wall3/print_plate.stl,samples/10_component_fixtures/155-sealed-magnetic-actuator-pocket-wall3/preview.png,experimental-draft,unqualified,"Experimenteller DRAFT der Erweiterung 1.1.0; digital geprüft, nicht physisch qualifiziert.","„Abgedichtet“ und „dicht“ bezeichnen ausschließlich die Konstruktionsabsicht einer ununterbrochenen Wandbarriere ohne Sensordurchbruch. Keine geprüfte Leckrate, IP-/Wasserdichtheit, Druckfreigabe oder Lebensdauer.","PETG, ASA, PA, PLA",Neodym-Magnet etwa 6 x 3 mm und supplier-spezifischer Reed- oder Hall-Sensor.,"{""clearance"": 0.4, ""magnet_d"": 6, ""magnet_l"": 3, ""retention"": 1.4, ""switch_keepout"": [18, 6, 6], ""travel"": 22, ""wall_t"": 3}"
156,39,sealed-magnetic-actuator-pocket,Abgedichtete Magnetbetätiger-Tasche,10_component_fixtures,Komponentenhalter,wall4,Wand 4 mm,10_component_fixtures/156-sealed-magnetic-actuator-pocket-wall4,samples/10_component_fixtures/156-sealed-magnetic-actuator-pocket-wall4/model.scad,samples/10_component_fixtures/156-sealed-magnetic-actuator-pocket-wall4/print_plate.stl,samples/10_component_fixtures/156-sealed-magnetic-actuator-pocket-wall4/preview.png,experimental-draft,unqualified,"Experimenteller DRAFT der Erweiterung 1.1.0; digital geprüft, nicht physisch qualifiziert.","„Abgedichtet“ und „dicht“ bezeichnen ausschließlich die Konstruktionsabsicht einer ununterbrochenen Wandbarriere ohne Sensordurchbruch. Keine geprüfte Leckrate, IP-/Wasserdichtheit, Druckfreigabe oder Lebensdauer.","PETG, ASA, PA, PLA",Neodym-Magnet etwa 6 x 3 mm und supplier-spezifischer Reed- oder Hall-Sensor.,"{""clearance"": 0.45, ""magnet_d"": 6, ""magnet_l"": 3, ""retention"": 1.6, ""switch_keepout"": [18, 6, 6], ""travel"": 24, ""wall_t"": 4}"
