Record_Key,Record_Type,Record_ID,Parent_SKU_ID,Product,Product_Path,Purpose_or_Intended_Use,Purpose_Documented,Trend_Score_0_100,Priority_Score_0_100,Current_Preflight_Short,Complexity,Readiness,Criticality,Current_Lane,Wave,Advancement_Potential,Suggested_Target_R,Specific_Variant_IDs,Specific_Variant_Status,Bottleneck,Exact_Next_Evidence,Evidence_Boundary,Assessment_Status,Assessed_On,Register_Version
RESEARCH:SKU-001,RESEARCH_IDEA,SKU-001,,Exact-fit drawer grid organizer,,Turn a specific drawer and item collection into a zero-waste organizer layout.,YES,96.0,91.0,C3 · R2 · K1 · Lane E · LOW_UNKNOWN,C3,R2,K1,E,W3 CONTROLLED,MEDIUM,R3 NOMINAL DESIGN INPUTS,SKU-313; SKU-545; SKU-546; SKU-547; SKU-548; SKU-549; SKU-550,SPECIFIC R3 CHILD ADDED — GENERIC PARENT UNCHANGED,The generic parameter domain remains broader than the evidence. Readiness from the named child must not be copied back to the generic parent.,"Keep the generic parent unchanged; use SKU-313, SKU-545, SKU-546, SKU-547, SKU-548, SKU-549, SKU-550 for the named interface. Raise the parent only after multiple representative variants, explicit parameter limits, and boundary coupons pass.",Specific-child evidence is deliberately isolated; the generic parent retains its current preflight.,COMPLETE PORTFOLIO TRIAGE — NOT RELEASE APPROVAL,2026-08-31,1.0
RESEARCH:SKU-002,RESEARCH_IDEA,SKU-002,,Modular desktop tray system,,"Create mix-and-match trays for stationery, keys and small electronics.",YES,95.0,97.0,C2 · R2 · K1 · Lane E · LOW_UNKNOWN,C2,R2,K1,E,W1 HIGH-TREND / LOW-COMPLEXITY,HIGH,R3 NOMINAL DESIGN INPUTS,,NO SPECIFIC CHILD ADDED IN THIS PASS,"Concept inputs exist, but the exact named-interface and/or exact process baseline needed for R3 is open.","Replace the generic/E2 interface route with E3 nominal evidence for one named variant, pin the exact process, and define a measurable coupon.","This is a portfolio planning assessment. Market score, C/R/K/lane and product-release evidence remain separate.",COMPLETE PORTFOLIO TRIAGE — NOT RELEASE APPROVAL,2026-08-31,1.0
RESEARCH:SKU-003,RESEARCH_IDEA,SKU-003,,Desk-edge cable clip kit,,Keep frequently used charging cables accessible at a specific desk edge.,YES,95.0,97.0,C2 · R2 · K1 · Lane E · LOW_UNKNOWN,C2,R2,K1,E,W1 HIGH-TREND / LOW-COMPLEXITY,HIGH,R3 NOMINAL DESIGN INPUTS,,NO SPECIFIC CHILD ADDED IN THIS PASS,"Concept inputs exist, but the exact named-interface and/or exact process baseline needed for R3 is open.","Replace the generic/E2 interface route with E3 nominal evidence for one named variant, pin the exact process, and define a measurable coupon.","This is a portfolio planning assessment. Market score, C/R/K/lane and product-release evidence remain separate.",COMPLETE PORTFOLIO TRIAGE — NOT RELEASE APPROVAL,2026-08-31,1.0
RESEARCH:SKU-004,RESEARCH_IDEA,SKU-004,,Charging-cable docking bar,,Dock multiple charging cable ends so they do not fall behind furniture.,YES,94.0,92.0,C3 · R2 · K1 · Lane E · LOW_UNKNOWN,C3,R2,K1,E,W3 CONTROLLED,MEDIUM,R3 NOMINAL DESIGN INPUTS,,NO SPECIFIC CHILD ADDED IN THIS PASS,"Concept inputs exist, but the exact named-interface and/or exact process baseline needed for R3 is open.","Replace the generic/E2 interface route with E3 nominal evidence for one named variant, pin the exact process, and define a measurable coupon.","This is a portfolio planning assessment. Market score, C/R/K/lane and product-release evidence remain separate.",COMPLETE PORTFOLIO TRIAGE — NOT RELEASE APPROVAL,2026-08-31,1.0
RESEARCH:SKU-005,RESEARCH_IDEA,SKU-005,,Adjustable passive phone stand,,Hold a phone at a chosen viewing angle with or without a protective case.,YES,93.0,90.0,C3 · R2 · K1 · Lane E · LOW_UNKNOWN,C3,R2,K1,E,W3 CONTROLLED,MEDIUM,R3 NOMINAL DESIGN INPUTS,SKU-301,SPECIFIC R3 CHILD ADDED — GENERIC PARENT UNCHANGED,The generic parameter domain remains broader than the evidence. Readiness from the named child must not be copied back to the generic parent.,"Keep the generic parent unchanged; use SKU-301 for the named interface. Raise the parent only after multiple representative variants, explicit parameter limits, and boundary coupons pass.",Specific-child evidence is deliberately isolated; the generic parent retains its current preflight.,COMPLETE PORTFOLIO TRIAGE — NOT RELEASE APPROVAL,2026-08-31,1.0
RESEARCH:SKU-006,RESEARCH_IDEA,SKU-006,,Custom lipstick and tube grid,,Organize tubes upright in a grid matched to exact product diameters.,YES,92.0,95.0,C2 · R2 · K1 · Lane E · LOW_UNKNOWN,C2,R2,K1,E,W1 HIGH-TREND / LOW-COMPLEXITY,HIGH,R3 NOMINAL DESIGN INPUTS,,NO SPECIFIC CHILD ADDED IN THIS PASS,"Concept inputs exist, but the exact named-interface and/or exact process baseline needed for R3 is open.","Replace the generic/E2 interface route with E3 nominal evidence for one named variant, pin the exact process, and define a measurable coupon.","This is a portfolio planning assessment. Market score, C/R/K/lane and product-release evidence remain separate.",COMPLETE PORTFOLIO TRIAGE — NOT RELEASE APPROVAL,2026-08-31,1.0
RESEARCH:SKU-007,RESEARCH_IDEA,SKU-007,,Vertical makeup-palette organizer,,Store palettes and compacts vertically with customized slot spacing.,YES,91.0,91.0,C3 · R2 · K1 · Lane E · LOW_UNKNOWN,C3,R2,K1,E,W3 CONTROLLED,MEDIUM,R3 NOMINAL DESIGN INPUTS,,NO SPECIFIC CHILD ADDED IN THIS PASS,"Concept inputs exist, but the exact named-interface and/or exact process baseline needed for R3 is open.","Replace the generic/E2 interface route with E3 nominal evidence for one named variant, pin the exact process, and define a measurable coupon.","This is a portfolio planning assessment. Market score, C/R/K/lane and product-release evidence remain separate.",COMPLETE PORTFOLIO TRIAGE — NOT RELEASE APPROVAL,2026-08-31,1.0
RESEARCH:SKU-008,RESEARCH_IDEA,SKU-008,,Photo-to-relief portrait panel,,Convert a customer-owned photo into a shallow relief or lithophane-style panel.,YES,86.0,78.0,C2 · R0–R1 · K1 · Lane E · LOW_UNKNOWN,C2,R0–R1,K1,E,W1 HIGH-TREND / LOW-COMPLEXITY,HIGH,R3 NOMINAL DESIGN INPUTS,,NO SPECIFIC CHILD ADDED IN THIS PASS,Scope or interface remains generic and nominal interface/process/verification evidence is incomplete.,"Name one exact product revision, published standard, or measured interface; record E3 nominal data, pin one exact manufacturing profile, and define a thresholded interface coupon.","This is a portfolio planning assessment. Market score, C/R/K/lane and product-release evidence remain separate.",COMPLETE PORTFOLIO TRIAGE — NOT RELEASE APPROVAL,2026-08-31,1.0
RESEARCH:SKU-009,RESEARCH_IDEA,SKU-009,,Bedside passive device dock,,"Create one place for phone, watch strap, glasses and charging cables.",YES,92.0,86.0,C2 · R0–R1 · K1 · Lane E · LOW_UNKNOWN,C2,R0–R1,K1,E,W1 HIGH-TREND / LOW-COMPLEXITY,HIGH,R3 NOMINAL DESIGN INPUTS,,NO SPECIFIC CHILD ADDED IN THIS PASS,Scope or interface remains generic and nominal interface/process/verification evidence is incomplete.,"Name one exact product revision, published standard, or measured interface; record E3 nominal data, pin one exact manufacturing profile, and define a thresholded interface coupon.","This is a portfolio planning assessment. Market score, C/R/K/lane and product-release evidence remain separate.",COMPLETE PORTFOLIO TRIAGE — NOT RELEASE APPROVAL,2026-08-31,1.0
RESEARCH:SKU-010,RESEARCH_IDEA,SKU-010,,Exact-fit vanity drawer insert,,Create compartments around a user's actual cosmetics and tools.,YES,92.0,84.0,C2–C3 · R0–R1 · K1 · Lane E · LOW_UNKNOWN,C2–C3,R0–R1,K1,E,W3 CONTROLLED,MEDIUM,R3 NOMINAL DESIGN INPUTS,,NO SPECIFIC CHILD ADDED IN THIS PASS,Scope or interface remains generic and nominal interface/process/verification evidence is incomplete.,"Name one exact product revision, published standard, or measured interface; record E3 nominal data, pin one exact manufacturing profile, and define a thresholded interface coupon.","This is a portfolio planning assessment. Market score, C/R/K/lane and product-release evidence remain separate.",COMPLETE PORTFOLIO TRIAGE — NOT RELEASE APPROVAL,2026-08-31,1.0
RESEARCH:SKU-011,RESEARCH_IDEA,SKU-011,,Mahjong rack-and-pusher set,,Combine tile rack and matching pusher in a personalized set.,YES,91.0,82.0,C2 · R0–R1 · K1 · Lane E · LOW_UNKNOWN,C2,R0–R1,K1,E,W1 HIGH-TREND / LOW-COMPLEXITY,HIGH,R3 NOMINAL DESIGN INPUTS,,NO SPECIFIC CHILD ADDED IN THIS PASS,Scope or interface remains generic and nominal interface/process/verification evidence is incomplete.,"Name one exact product revision, published standard, or measured interface; record E3 nominal data, pin one exact manufacturing profile, and define a thresholded interface coupon.","This is a portfolio planning assessment. Market score, C/R/K/lane and product-release evidence remain separate.",COMPLETE PORTFOLIO TRIAGE — NOT RELEASE APPROVAL,2026-08-31,1.0
RESEARCH:SKU-012,RESEARCH_IDEA,SKU-012,,Personalized modular mahjong rack set,,Provide four full-length racks assembled from printer-friendly modules.,YES,91.0,82.0,C2 · R0–R1 · K1 · Lane E · LOW_UNKNOWN,C2,R0–R1,K1,E,W1 HIGH-TREND / LOW-COMPLEXITY,HIGH,R3 NOMINAL DESIGN INPUTS,,NO SPECIFIC CHILD ADDED IN THIS PASS,Scope or interface remains generic and nominal interface/process/verification evidence is incomplete.,"Name one exact product revision, published standard, or measured interface; record E3 nominal data, pin one exact manufacturing profile, and define a thresholded interface coupon.","This is a portfolio planning assessment. Market score, C/R/K/lane and product-release evidence remain separate.",COMPLETE PORTFOLIO TRIAGE — NOT RELEASE APPROVAL,2026-08-31,1.0
RESEARCH:SKU-013,RESEARCH_IDEA,SKU-013,,Business QR-code tabletop sign,,Display a customer-provided URL or payment/review QR code in a branded stand.,YES,84.0,84.0,C2 · R0–R1 · K1 · Lane E · LOW_UNKNOWN,C2,R0–R1,K1,E,W2 LOW-COMPLEXITY,MEDIUM,R3 NOMINAL DESIGN INPUTS,,NO SPECIFIC CHILD ADDED IN THIS PASS,Scope or interface remains generic and nominal interface/process/verification evidence is incomplete.,"Name one exact product revision, published standard, or measured interface; record E3 nominal data, pin one exact manufacturing profile, and define a thresholded interface coupon.","This is a portfolio planning assessment. Market score, C/R/K/lane and product-release evidence remain separate.",COMPLETE PORTFOLIO TRIAGE — NOT RELEASE APPROVAL,2026-08-31,1.0
RESEARCH:SKU-014,RESEARCH_IDEA,SKU-014,,Personalized desk nameplate,,Create a name/title plate sized to a desk or reception area.,YES,84.0,91.0,C3 · R2 · K1 · Lane E · LOW_UNKNOWN,C3,R2,K1,E,W3 CONTROLLED,MEDIUM,R3 NOMINAL DESIGN INPUTS,,NO SPECIFIC CHILD ADDED IN THIS PASS,"Concept inputs exist, but the exact named-interface and/or exact process baseline needed for R3 is open.","Replace the generic/E2 interface route with E3 nominal evidence for one named variant, pin the exact process, and define a measurable coupon.","This is a portfolio planning assessment. Market score, C/R/K/lane and product-release evidence remain separate.",COMPLETE PORTFOLIO TRIAGE — NOT RELEASE APPROVAL,2026-08-31,1.0
RESEARCH:SKU-015,RESEARCH_IDEA,SKU-015,,Mahjong tile sorting tray set,,Sort tiles before play in stackable trays sized to a tile set.,YES,90.0,85.0,C1 · R0–R1 · K1 · Lane E · LOW_UNKNOWN,C1,R0–R1,K1,E,W1 HIGH-TREND / LOW-COMPLEXITY,HIGH,R3 NOMINAL DESIGN INPUTS,,NO SPECIFIC CHILD ADDED IN THIS PASS,Scope or interface remains generic and nominal interface/process/verification evidence is incomplete.,"Name one exact product revision, published standard, or measured interface; record E3 nominal data, pin one exact manufacturing profile, and define a thresholded interface coupon.","This is a portfolio planning assessment. Market score, C/R/K/lane and product-release evidence remain separate.",COMPLETE PORTFOLIO TRIAGE — NOT RELEASE APPROVAL,2026-08-31,1.0
RESEARCH:SKU-016,RESEARCH_IDEA,SKU-016,,Travel mahjong rack segments,,Provide compact rack segments that pack flat and connect at the table.,YES,89.0,80.8,C2 · R0–R1 · K1–K2 · Lane E · LOW_UNKNOWN,C2,R0–R1,K1–K2,E,W3 CONTROLLED,MEDIUM,R3 NOMINAL DESIGN INPUTS,,NO SPECIFIC CHILD ADDED IN THIS PASS,Scope or interface remains generic and nominal interface/process/verification evidence is incomplete.,"Name one exact product revision, published standard, or measured interface; record E3 nominal data, pin one exact manufacturing profile, and define a thresholded interface coupon.","This is a portfolio planning assessment. Market score, C/R/K/lane and product-release evidence remain separate.",COMPLETE PORTFOLIO TRIAGE — NOT RELEASE APPROVAL,2026-08-31,1.0
RESEARCH:SKU-017,RESEARCH_IDEA,SKU-017,,Fold-flat travel phone stand,,Provide a pocket-size stand that folds or snaps flat for travel.,YES,91.0,85.0,C1–C2 · R0–R1 · K1 · Lane E · LOW_UNKNOWN,C1–C2,R0–R1,K1,E,W1 HIGH-TREND / LOW-COMPLEXITY,HIGH,R3 NOMINAL DESIGN INPUTS,,NO SPECIFIC CHILD ADDED IN THIS PASS,Scope or interface remains generic and nominal interface/process/verification evidence is incomplete.,"Name one exact product revision, published standard, or measured interface; record E3 nominal data, pin one exact manufacturing profile, and define a thresholded interface coupon.","This is a portfolio planning assessment. Market score, C/R/K/lane and product-release evidence remain separate.",COMPLETE PORTFOLIO TRIAGE — NOT RELEASE APPROVAL,2026-08-31,1.0
RESEARCH:SKU-018,RESEARCH_IDEA,SKU-018,,Personalized pen and stationery caddy,,"Organize pens, scissors, notes and phone in one personalized caddy.",YES,94.0,96.0,C2 · R2 · K1 · Lane E · LOW_UNKNOWN,C2,R2,K1,E,W1 HIGH-TREND / LOW-COMPLEXITY,HIGH,R3 NOMINAL DESIGN INPUTS,,NO SPECIFIC CHILD ADDED IN THIS PASS,"Concept inputs exist, but the exact named-interface and/or exact process baseline needed for R3 is open.","Replace the generic/E2 interface route with E3 nominal evidence for one named variant, pin the exact process, and define a measurable coupon.","This is a portfolio planning assessment. Market score, C/R/K/lane and product-release evidence remain separate.",COMPLETE PORTFOLIO TRIAGE — NOT RELEASE APPROVAL,2026-08-31,1.0
RESEARCH:SKU-019,RESEARCH_IDEA,SKU-019,,Dry sculptural statement vase,,Create a distinctive made-to-order decorative vessel with chosen texture and proportions.,YES,87.0,67.0,C2–C3 · R0–R1 · K1 · Lane E · LOW_UNKNOWN,C2–C3,R0–R1,K1,E,W3 CONTROLLED,MEDIUM,R3 NOMINAL DESIGN INPUTS,,NO SPECIFIC CHILD ADDED IN THIS PASS,Scope or interface remains generic and nominal interface/process/verification evidence is incomplete.,"Name one exact product revision, published standard, or measured interface; record E3 nominal data, pin one exact manufacturing profile, and define a thresholded interface coupon.","This is a portfolio planning assessment. Market score, C/R/K/lane and product-release evidence remain separate.",COMPLETE PORTFOLIO TRIAGE — NOT RELEASE APPROVAL,2026-08-31,1.0
RESEARCH:SKU-020,RESEARCH_IDEA,SKU-020,,Dual game-controller stand,,Display and store two controllers in a compact custom arrangement.,YES,86.0,75.0,C2 · R0–R1 · K1 · Lane E · LOW_UNKNOWN,C2,R0–R1,K1,E,W1 HIGH-TREND / LOW-COMPLEXITY,HIGH,R3 NOMINAL DESIGN INPUTS,,NO SPECIFIC CHILD ADDED IN THIS PASS,Scope or interface remains generic and nominal interface/process/verification evidence is incomplete.,"Name one exact product revision, published standard, or measured interface; record E3 nominal data, pin one exact manufacturing profile, and define a thresholded interface coupon.","This is a portfolio planning assessment. Market score, C/R/K/lane and product-release evidence remain separate.",COMPLETE PORTFOLIO TRIAGE — NOT RELEASE APPROVAL,2026-08-31,1.0
RESEARCH:SKU-021,RESEARCH_IDEA,SKU-021,,Freestanding headphone stand,,Support a specific headband shape without creating pressure points.,YES,86.0,75.0,C2 · R0–R1 · K1 · Lane E · LOW_UNKNOWN,C2,R0–R1,K1,E,W1 HIGH-TREND / LOW-COMPLEXITY,HIGH,R3 NOMINAL DESIGN INPUTS,,NO SPECIFIC CHILD ADDED IN THIS PASS,Scope or interface remains generic and nominal interface/process/verification evidence is incomplete.,"Name one exact product revision, published standard, or measured interface; record E3 nominal data, pin one exact manufacturing profile, and define a thresholded interface coupon.","This is a portfolio planning assessment. Market score, C/R/K/lane and product-release evidence remain separate.",COMPLETE PORTFOLIO TRIAGE — NOT RELEASE APPROVAL,2026-08-31,1.0
RESEARCH:SKU-022,RESEARCH_IDEA,SKU-022,,Large tablet display stand,,"Support a tablet for recipes, video calls or media at a comfortable angle.",YES,92.0,83.8,C2 · R0–R1 · K1–K2 · Lane E · LOW_UNKNOWN,C2,R0–R1,K1–K2,E,W3 CONTROLLED,MEDIUM,R3 NOMINAL DESIGN INPUTS,,NO SPECIFIC CHILD ADDED IN THIS PASS,Scope or interface remains generic and nominal interface/process/verification evidence is incomplete.,"Name one exact product revision, published standard, or measured interface; record E3 nominal data, pin one exact manufacturing profile, and define a thresholded interface coupon.","This is a portfolio planning assessment. Market score, C/R/K/lane and product-release evidence remain separate.",COMPLETE PORTFOLIO TRIAGE — NOT RELEASE APPROVAL,2026-08-31,1.0
RESEARCH:SKU-023,RESEARCH_IDEA,SKU-023,,Labelable small-parts bin set,,Create a compact set of bins sized to a hobbyist's parts inventory.,YES,95.0,91.8,C2 · R1 · K1 · Lane E · LOW_UNKNOWN,C2,R1,K1,E,W1 HIGH-TREND / LOW-COMPLEXITY,HIGH,R3 NOMINAL DESIGN INPUTS,,NO SPECIFIC CHILD ADDED IN THIS PASS,Scope or interface remains generic and nominal interface/process/verification evidence is incomplete.,"Name one exact product revision, published standard, or measured interface; record E3 nominal data, pin one exact manufacturing profile, and define a thresholded interface coupon.","This is a portfolio planning assessment. Market score, C/R/K/lane and product-release evidence remain separate.",COMPLETE PORTFOLIO TRIAGE — NOT RELEASE APPROVAL,2026-08-31,1.0
RESEARCH:SKU-024,RESEARCH_IDEA,SKU-024,,Vinyl record-divider label set,,"Create customized alphabetical, genre or collection dividers.",YES,78.0,91.0,C2 · R2 · K1 · Lane E · LOW_UNKNOWN,C2,R2,K1,E,W2 LOW-COMPLEXITY,MEDIUM,R3 NOMINAL DESIGN INPUTS,,NO SPECIFIC CHILD ADDED IN THIS PASS,"Concept inputs exist, but the exact named-interface and/or exact process baseline needed for R3 is open.","Replace the generic/E2 interface route with E3 nominal evidence for one named variant, pin the exact process, and define a measurable coupon.","This is a portfolio planning assessment. Market score, C/R/K/lane and product-release evidence remain separate.",COMPLETE PORTFOLIO TRIAGE — NOT RELEASE APPROVAL,2026-08-31,1.0
RESEARCH:SKU-025,RESEARCH_IDEA,SKU-025,,Snap-on journal pen loop,,Fit a pen loop to a specific notebook cover thickness and pen diameter.,YES,78.0,89.0,C3 · R2 · K1 · Lane E · LOW_UNKNOWN,C3,R2,K1,E,W3 CONTROLLED,MEDIUM,R3 NOMINAL DESIGN INPUTS,,NO SPECIFIC CHILD ADDED IN THIS PASS,"Concept inputs exist, but the exact named-interface and/or exact process baseline needed for R3 is open.","Replace the generic/E2 interface route with E3 nominal evidence for one named variant, pin the exact process, and define a measurable coupon.","This is a portfolio planning assessment. Market score, C/R/K/lane and product-release evidence remain separate.",COMPLETE PORTFOLIO TRIAGE — NOT RELEASE APPROVAL,2026-08-31,1.0
RESEARCH:SKU-026,RESEARCH_IDEA,SKU-026,,Stencil-ruler bookmark set,,"Combine journal stencils, measurement marks and bookmarks in a personalized set.",YES,78.0,94.0,C2 · R2 · K1 · Lane C · LOW_UNKNOWN,C2,R2,K1,C,W2 LOW-COMPLEXITY,MEDIUM,R3 NOMINAL DESIGN INPUTS,,NO SPECIFIC CHILD ADDED IN THIS PASS,"Concept inputs exist, but the exact named-interface and/or exact process baseline needed for R3 is open.","Replace the generic/E2 interface route with E3 nominal evidence for one named variant, pin the exact process, and define a measurable coupon.","This is a portfolio planning assessment. Market score, C/R/K/lane and product-release evidence remain separate.",COMPLETE PORTFOLIO TRIAGE — NOT RELEASE APPROVAL,2026-08-31,1.0
RESEARCH:SKU-027,RESEARCH_IDEA,SKU-027,,Personalized event place-card token set,,Create reusable names or table tokens for a specific guest list.,YES,84.0,83.8,C1–C2 · R0–R1 · K1–K2 · Lane E · LOW_UNKNOWN,C1–C2,R0–R1,K1–K2,E,W3 CONTROLLED,MEDIUM,R3 NOMINAL DESIGN INPUTS,,NO SPECIFIC CHILD ADDED IN THIS PASS,Scope or interface remains generic and nominal interface/process/verification evidence is incomplete.,"Name one exact product revision, published standard, or measured interface; record E3 nominal data, pin one exact manufacturing profile, and define a thresholded interface coupon.","This is a portfolio planning assessment. Market score, C/R/K/lane and product-release evidence remain separate.",COMPLETE PORTFOLIO TRIAGE — NOT RELEASE APPROVAL,2026-08-31,1.0
RESEARCH:SKU-028,RESEARCH_IDEA,SKU-028,,Mahjong score-marker station,,"Organize dealer markers, dice and score tokens in one personalized station.",YES,89.0,85.0,C1 · R0–R1 · K1 · Lane E · LOW_UNKNOWN,C1,R0–R1,K1,E,W1 HIGH-TREND / LOW-COMPLEXITY,HIGH,R3 NOMINAL DESIGN INPUTS,,NO SPECIFIC CHILD ADDED IN THIS PASS,Scope or interface remains generic and nominal interface/process/verification evidence is incomplete.,"Name one exact product revision, published standard, or measured interface; record E3 nominal data, pin one exact manufacturing profile, and define a thresholded interface coupon.","This is a portfolio planning assessment. Market score, C/R/K/lane and product-release evidence remain separate.",COMPLETE PORTFOLIO TRIAGE — NOT RELEASE APPROVAL,2026-08-31,1.0
RESEARCH:SKU-029,RESEARCH_IDEA,SKU-029,,Glass-tube bud-vase holder,,Arrange standard removable glass tubes in a custom sculptural holder.,YES,87.0,64.8,C2–C3 · R0–R1 · K1–K2 · Lane E · LOW_UNKNOWN,C2–C3,R0–R1,K1–K2,E,W3 CONTROLLED,MEDIUM,R3 NOMINAL DESIGN INPUTS,,NO SPECIFIC CHILD ADDED IN THIS PASS,Scope or interface remains generic and nominal interface/process/verification evidence is incomplete.,"Name one exact product revision, published standard, or measured interface; record E3 nominal data, pin one exact manufacturing profile, and define a thresholded interface coupon.","This is a portfolio planning assessment. Market score, C/R/K/lane and product-release evidence remain separate.",COMPLETE PORTFOLIO TRIAGE — NOT RELEASE APPROVAL,2026-08-31,1.0
RESEARCH:SKU-030,RESEARCH_IDEA,SKU-030,,Vinyl 'Now Playing' display stand,,Display one record jacket at a chosen angle and footprint.,YES,79.0,82.0,C2 · R0–R1 · K1 · Lane E · LOW_UNKNOWN,C2,R0–R1,K1,E,W2 LOW-COMPLEXITY,MEDIUM,R3 NOMINAL DESIGN INPUTS,,NO SPECIFIC CHILD ADDED IN THIS PASS,Scope or interface remains generic and nominal interface/process/verification evidence is incomplete.,"Name one exact product revision, published standard, or measured interface; record E3 nominal data, pin one exact manufacturing profile, and define a thresholded interface coupon.","This is a portfolio planning assessment. Market score, C/R/K/lane and product-release evidence remain separate.",COMPLETE PORTFOLIO TRIAGE — NOT RELEASE APPROVAL,2026-08-31,1.0
RESEARCH:SKU-031,RESEARCH_IDEA,SKU-031,,City skyline and street-map panel,,Turn a chosen city or neighborhood into a framed 3D wall panel.,YES,85.0,73.8,C2 · R0–R1 · K1–K2 · Lane E · LOW_UNKNOWN,C2,R0–R1,K1–K2,E,W3 CONTROLLED,MEDIUM,R3 NOMINAL DESIGN INPUTS,,NO SPECIFIC CHILD ADDED IN THIS PASS,Scope or interface remains generic and nominal interface/process/verification evidence is incomplete.,"Name one exact product revision, published standard, or measured interface; record E3 nominal data, pin one exact manufacturing profile, and define a thresholded interface coupon.","This is a portfolio planning assessment. Market score, C/R/K/lane and product-release evidence remain separate.",COMPLETE PORTFOLIO TRIAGE — NOT RELEASE APPROVAL,2026-08-31,1.0
RESEARCH:SKU-032,RESEARCH_IDEA,SKU-032,,Custom topographic relief tile,,Turn a chosen location into a sized 3D terrain or contour wall tile.,YES,85.0,73.8,C2 · R0–R1 · K1–K2 · Lane E · LOW_UNKNOWN,C2,R0–R1,K1–K2,E,W3 CONTROLLED,MEDIUM,R3 NOMINAL DESIGN INPUTS,,NO SPECIFIC CHILD ADDED IN THIS PASS,Scope or interface remains generic and nominal interface/process/verification evidence is incomplete.,"Name one exact product revision, published standard, or measured interface; record E3 nominal data, pin one exact manufacturing profile, and define a thresholded interface coupon.","This is a portfolio planning assessment. Market score, C/R/K/lane and product-release evidence remain separate.",COMPLETE PORTFOLIO TRIAGE — NOT RELEASE APPROVAL,2026-08-31,1.0
RESEARCH:SKU-033,RESEARCH_IDEA,SKU-033,,Modular botanical relief set,,Create a coordinated set of textured botanical panels sized to a wall.,YES,85.0,73.8,C2 · R0–R1 · K1–K2 · Lane E · LOW_UNKNOWN,C2,R0–R1,K1–K2,E,W3 CONTROLLED,MEDIUM,R3 NOMINAL DESIGN INPUTS,,NO SPECIFIC CHILD ADDED IN THIS PASS,Scope or interface remains generic and nominal interface/process/verification evidence is incomplete.,"Name one exact product revision, published standard, or measured interface; record E3 nominal data, pin one exact manufacturing profile, and define a thresholded interface coupon.","This is a portfolio planning assessment. Market score, C/R/K/lane and product-release evidence remain separate.",COMPLETE PORTFOLIO TRIAGE — NOT RELEASE APPROVAL,2026-08-31,1.0
RESEARCH:SKU-034,RESEARCH_IDEA,SKU-034,,Wedding or event table-number set,,Generate a coordinated set of table numbers in the event's style.,YES,85.0,80.8,C2 · R0–R1 · K1–K2 · Lane E · LOW_UNKNOWN,C2,R0–R1,K1–K2,E,W3 CONTROLLED,MEDIUM,R3 NOMINAL DESIGN INPUTS,,NO SPECIFIC CHILD ADDED IN THIS PASS,Scope or interface remains generic and nominal interface/process/verification evidence is incomplete.,"Name one exact product revision, published standard, or measured interface; record E3 nominal data, pin one exact manufacturing profile, and define a thresholded interface coupon.","This is a portfolio planning assessment. Market score, C/R/K/lane and product-release evidence remain separate.",COMPLETE PORTFOLIO TRIAGE — NOT RELEASE APPROVAL,2026-08-31,1.0
RESEARCH:SKU-035,RESEARCH_IDEA,SKU-035,,Under-monitor snap-in drawer,,Add a fitted low-profile drawer below a monitor stand or shelf.,YES,94.0,82.8,C3 · R0–R1 · K1–K2 · Lane E · LOW_UNKNOWN,C3,R0–R1,K1–K2,E,W3 CONTROLLED,MEDIUM,R3 NOMINAL DESIGN INPUTS,,NO SPECIFIC CHILD ADDED IN THIS PASS,Scope or interface remains generic and nominal interface/process/verification evidence is incomplete.,"Name one exact product revision, published standard, or measured interface; record E3 nominal data, pin one exact manufacturing profile, and define a thresholded interface coupon.","This is a portfolio planning assessment. Market score, C/R/K/lane and product-release evidence remain separate.",COMPLETE PORTFOLIO TRIAGE — NOT RELEASE APPROVAL,2026-08-31,1.0
RESEARCH:SKU-036,RESEARCH_IDEA,SKU-036,,Parametric under-desk cable raceway,,Route power and data cables under a desk with modules sized to the installation.,YES,94.0,85.8,C2 · R0–R1 · K1–K2 · Lane E · LOW_UNKNOWN,C2,R0–R1,K1–K2,E,W3 CONTROLLED,MEDIUM,R3 NOMINAL DESIGN INPUTS,,NO SPECIFIC CHILD ADDED IN THIS PASS,Scope or interface remains generic and nominal interface/process/verification evidence is incomplete.,"Name one exact product revision, published standard, or measured interface; record E3 nominal data, pin one exact manufacturing profile, and define a thresholded interface coupon.","This is a portfolio planning assessment. Market score, C/R/K/lane and product-release evidence remain separate.",COMPLETE PORTFOLIO TRIAGE — NOT RELEASE APPROVAL,2026-08-31,1.0
RESEARCH:SKU-037,RESEARCH_IDEA,SKU-037,,Soap dish with removable drain tray,,Keep a soap bar dry in a dish sized to the product and sink area.,YES,80.0,70.0,C1–C2 · R0–R1 · K1 · Lane E · LOW_UNKNOWN,C1–C2,R0–R1,K1,E,W2 LOW-COMPLEXITY,MEDIUM,R3 NOMINAL DESIGN INPUTS,,NO SPECIFIC CHILD ADDED IN THIS PASS,Scope or interface remains generic and nominal interface/process/verification evidence is incomplete.,"Name one exact product revision, published standard, or measured interface; record E3 nominal data, pin one exact manufacturing profile, and define a thresholded interface coupon.","This is a portfolio planning assessment. Market score, C/R/K/lane and product-release evidence remain separate.",COMPLETE PORTFOLIO TRIAGE — NOT RELEASE APPROVAL,2026-08-31,1.0
RESEARCH:SKU-038,RESEARCH_IDEA,SKU-038,,Generic tabletop card-holder set,,Hold cards at readable angles for one or more adult players.,YES,76.0,73.8,C1–C2 · R0–R1 · K1–K2 · Lane E · LOW_UNKNOWN,C1–C2,R0–R1,K1–K2,E,W3 CONTROLLED,MEDIUM,R3 NOMINAL DESIGN INPUTS,SKU-311,SPECIFIC R3 CHILD ADDED — GENERIC PARENT UNCHANGED,The generic parameter domain remains broader than the evidence. Readiness from the named child must not be copied back to the generic parent.,"Keep the generic parent unchanged; use SKU-311 for the named interface. Raise the parent only after multiple representative variants, explicit parameter limits, and boundary coupons pass.",Specific-child evidence is deliberately isolated; the generic parent retains its current preflight.,COMPLETE PORTFOLIO TRIAGE — NOT RELEASE APPROVAL,2026-08-31,1.0
RESEARCH:SKU-039,RESEARCH_IDEA,SKU-039,,Curtain-rail end stop or cap,,Replace a small missing cap or stop matched to an existing rail profile.,YES,75.0,62.8,C2–C3 · R0–R1 · K1–K2 · Lane E · LOW_UNKNOWN,C2–C3,R0–R1,K1–K2,E,W3 CONTROLLED,MEDIUM,R3 NOMINAL DESIGN INPUTS,,NO SPECIFIC CHILD ADDED IN THIS PASS,Scope or interface remains generic and nominal interface/process/verification evidence is incomplete.,"Name one exact product revision, published standard, or measured interface; record E3 nominal data, pin one exact manufacturing profile, and define a thresholded interface coupon.","This is a portfolio planning assessment. Market score, C/R/K/lane and product-release evidence remain separate.",COMPLETE PORTFOLIO TRIAGE — NOT RELEASE APPROVAL,2026-08-31,1.0
RESEARCH:SKU-040,RESEARCH_IDEA,SKU-040,,Makeup-brush holder with removable drip cup,,Store brushes vertically while allowing the lower cup to be removed for cleaning.,YES,91.0,80.8,C2 · R0–R1 · K1–K2 · Lane E · LOW_UNKNOWN,C2,R0–R1,K1–K2,E,W3 CONTROLLED,MEDIUM,R3 NOMINAL DESIGN INPUTS,,NO SPECIFIC CHILD ADDED IN THIS PASS,Scope or interface remains generic and nominal interface/process/verification evidence is incomplete.,"Name one exact product revision, published standard, or measured interface; record E3 nominal data, pin one exact manufacturing profile, and define a thresholded interface coupon.","This is a portfolio planning assessment. Market score, C/R/K/lane and product-release evidence remain separate.",COMPLETE PORTFOLIO TRIAGE — NOT RELEASE APPROVAL,2026-08-31,1.0
RESEARCH:SKU-041,RESEARCH_IDEA,SKU-041,,Exact-fit medicine-cabinet organizer,,Use narrow cabinet space efficiently with bins and shelves sized to actual products.,YES,81.0,59.8,C3–C4 · R0–R1 · K1–K2 · Lane E · LOW_UNKNOWN,C3–C4,R0–R1,K1–K2,E,W4 SPECIALIST / HOLD,LOW / SPECIALIST,R3 NOMINAL DESIGN INPUTS,,NO SPECIFIC CHILD ADDED IN THIS PASS,Scope or interface remains generic and nominal interface/process/verification evidence is incomplete.,"Name one exact product revision, published standard, or measured interface; record E3 nominal data, pin one exact manufacturing profile, and define a thresholded interface coupon.","This is a portfolio planning assessment. Market score, C/R/K/lane and product-release evidence remain separate.",COMPLETE PORTFOLIO TRIAGE — NOT RELEASE APPROVAL,2026-08-31,1.0
RESEARCH:SKU-042,RESEARCH_IDEA,SKU-042,,Sunglasses display rail,,Display multiple glasses without scratching lenses.,YES,89.0,67.8,C2 · R0–R1 · K1–K2 · Lane E · LOW_UNKNOWN,C2,R0–R1,K1–K2,E,W3 CONTROLLED,MEDIUM,R3 NOMINAL DESIGN INPUTS,,NO SPECIFIC CHILD ADDED IN THIS PASS,Scope or interface remains generic and nominal interface/process/verification evidence is incomplete.,"Name one exact product revision, published standard, or measured interface; record E3 nominal data, pin one exact manufacturing profile, and define a thresholded interface coupon.","This is a portfolio planning assessment. Market score, C/R/K/lane and product-release evidence remain separate.",COMPLETE PORTFOLIO TRIAGE — NOT RELEASE APPROVAL,2026-08-31,1.0
RESEARCH:SKU-043,RESEARCH_IDEA,SKU-043,,Personalized journal-charm set,,"Add initials, symbols or themed charms to journals and bags.",YES,79.0,82.5,C2–C3 · R0–R1 · K2 · Lane E · LOW_UNKNOWN,C2–C3,R0–R1,K2,E,W3 CONTROLLED,MEDIUM,R3 NOMINAL DESIGN INPUTS,,NO SPECIFIC CHILD ADDED IN THIS PASS,Scope or interface remains generic and nominal interface/process/verification evidence is incomplete.,"Name one exact product revision, published standard, or measured interface; record E3 nominal data, pin one exact manufacturing profile, and define a thresholded interface coupon.","This is a portfolio planning assessment. Market score, C/R/K/lane and product-release evidence remain separate.",COMPLETE PORTFOLIO TRIAGE — NOT RELEASE APPROVAL,2026-08-31,1.0
RESEARCH:SKU-044,RESEARCH_IDEA,SKU-044,,Ventilated orchid pot and cachepot,,Match an orchid root system with ventilation and a removable decorative outer pot.,YES,88.0,64.8,C2–C3 · R0–R1 · K1–K2 · Lane E · LOW_UNKNOWN,C2–C3,R0–R1,K1–K2,E,W3 CONTROLLED,MEDIUM,R3 NOMINAL DESIGN INPUTS,,NO SPECIFIC CHILD ADDED IN THIS PASS,Scope or interface remains generic and nominal interface/process/verification evidence is incomplete.,"Name one exact product revision, published standard, or measured interface; record E3 nominal data, pin one exact manufacturing profile, and define a thresholded interface coupon.","This is a portfolio planning assessment. Market score, C/R/K/lane and product-release evidence remain separate.",COMPLETE PORTFOLIO TRIAGE — NOT RELEASE APPROVAL,2026-08-31,1.0
RESEARCH:SKU-045,RESEARCH_IDEA,SKU-045,,"Comic, slab or collectible display stand",,"Display a protected comic, card slab or small collectible at a safe angle.",YES,78.0,79.8,C2 · R0–R1 · K1–K2 · Lane E · LOW_UNKNOWN,C2,R0–R1,K1–K2,E,W3 CONTROLLED,MEDIUM,R3 NOMINAL DESIGN INPUTS,,NO SPECIFIC CHILD ADDED IN THIS PASS,Scope or interface remains generic and nominal interface/process/verification evidence is incomplete.,"Name one exact product revision, published standard, or measured interface; record E3 nominal data, pin one exact manufacturing profile, and define a thresholded interface coupon.","This is a portfolio planning assessment. Market score, C/R/K/lane and product-release evidence remain separate.",COMPLETE PORTFOLIO TRIAGE — NOT RELEASE APPROVAL,2026-08-31,1.0
RESEARCH:SKU-046,RESEARCH_IDEA,SKU-046,,Face-out book display cradle,,Display a selected book cover without damaging the spine or pages.,YES,78.0,79.8,C2 · R0–R1 · K1–K2 · Lane E · LOW_UNKNOWN,C2,R0–R1,K1–K2,E,W3 CONTROLLED,MEDIUM,R3 NOMINAL DESIGN INPUTS,,NO SPECIFIC CHILD ADDED IN THIS PASS,Scope or interface remains generic and nominal interface/process/verification evidence is incomplete.,"Name one exact product revision, published standard, or measured interface; record E3 nominal data, pin one exact manufacturing profile, and define a thresholded interface coupon.","This is a portfolio planning assessment. Market score, C/R/K/lane and product-release evidence remain separate.",COMPLETE PORTFOLIO TRIAGE — NOT RELEASE APPROVAL,2026-08-31,1.0
RESEARCH:SKU-047,RESEARCH_IDEA,SKU-047,,Stamp and ink-pad desk organizer,,Arrange a specific stamp and ink-pad collection in a compact footprint.,YES,77.0,88.8,C2 · R2 · K1 · Lane E · LOW_UNKNOWN,C2,R2,K1,E,W2 LOW-COMPLEXITY,MEDIUM,R3 NOMINAL DESIGN INPUTS,,NO SPECIFIC CHILD ADDED IN THIS PASS,"Concept inputs exist, but the exact named-interface and/or exact process baseline needed for R3 is open.","Replace the generic/E2 interface route with E3 nominal evidence for one named variant, pin the exact process, and define a measurable coupon.","This is a portfolio planning assessment. Market score, C/R/K/lane and product-release evidence remain separate.",COMPLETE PORTFOLIO TRIAGE — NOT RELEASE APPROVAL,2026-08-31,1.0
RESEARCH:SKU-048,RESEARCH_IDEA,SKU-048,,Earbud charging-case protector,,Create a flexible protective sleeve for a specific earbud charging case.,YES,80.0,58.8,C3–C4 · R0–R1 · K1–K2 · Lane E · LOW_UNKNOWN,C3–C4,R0–R1,K1–K2,E,W4 SPECIALIST / HOLD,LOW / SPECIALIST,R3 NOMINAL DESIGN INPUTS,,NO SPECIFIC CHILD ADDED IN THIS PASS,Scope or interface remains generic and nominal interface/process/verification evidence is incomplete.,"Name one exact product revision, published standard, or measured interface; record E3 nominal data, pin one exact manufacturing profile, and define a thresholded interface coupon.","This is a portfolio planning assessment. Market score, C/R/K/lane and product-release evidence remain separate.",COMPLETE PORTFOLIO TRIAGE — NOT RELEASE APPROVAL,2026-08-31,1.0
RESEARCH:SKU-049,RESEARCH_IDEA,SKU-049,,Power-brick cradle,,Mount a specific laptop or monitor power brick under a desk without blocking ventilation.,YES,93.0,77.5,C3 · R0–R1 · K2 · Lane E · LOW_UNKNOWN,C3,R0–R1,K2,E,W3 CONTROLLED,MEDIUM,R3 NOMINAL DESIGN INPUTS,,NO SPECIFIC CHILD ADDED IN THIS PASS,Scope or interface remains generic and nominal interface/process/verification evidence is incomplete.,"Name one exact product revision, published standard, or measured interface; record E3 nominal data, pin one exact manufacturing profile, and define a thresholded interface coupon.","This is a portfolio planning assessment. Market score, C/R/K/lane and product-release evidence remain separate.",COMPLETE PORTFOLIO TRIAGE — NOT RELEASE APPROVAL,2026-08-31,1.0
RESEARCH:SKU-050,RESEARCH_IDEA,SKU-050,,Modular token-tray set with lids,,Organize game tokens during play and storage with configurable trays.,YES,76.0,69.8,C2 · R0–R1 · K1–K2 · Lane E · LOW_UNKNOWN,C2,R0–R1,K1–K2,E,W3 CONTROLLED,MEDIUM,R3 NOMINAL DESIGN INPUTS,,NO SPECIFIC CHILD ADDED IN THIS PASS,Scope or interface remains generic and nominal interface/process/verification evidence is incomplete.,"Name one exact product revision, published standard, or measured interface; record E3 nominal data, pin one exact manufacturing profile, and define a thresholded interface coupon.","This is a portfolio planning assessment. Market score, C/R/K/lane and product-release evidence remain separate.",COMPLETE PORTFOLIO TRIAGE — NOT RELEASE APPROVAL,2026-08-31,1.0
RESEARCH:SKU-051,RESEARCH_IDEA,SKU-051,,Under-desk headphone hook,,Store headphones below a desk while matching exact desk thickness.,YES,85.0,67.5,C2–C3 · R0–R1 · K2 · Lane E · LOW_UNKNOWN,C2–C3,R0–R1,K2,E,W3 CONTROLLED,MEDIUM,R3 NOMINAL DESIGN INPUTS,,NO SPECIFIC CHILD ADDED IN THIS PASS,Scope or interface remains generic and nominal interface/process/verification evidence is incomplete.,"Name one exact product revision, published standard, or measured interface; record E3 nominal data, pin one exact manufacturing profile, and define a thresholded interface coupon.","This is a portfolio planning assessment. Market score, C/R/K/lane and product-release evidence remain separate.",COMPLETE PORTFOLIO TRIAGE — NOT RELEASE APPROVAL,2026-08-31,1.0
RESEARCH:SKU-052,RESEARCH_IDEA,SKU-052,,Parametric deck box and divider system,,Store sleeved cards in a box sized to exact deck and accessory counts.,YES,75.0,70.8,C2 · R0–R1 · K1–K2 · Lane E · LOW_UNKNOWN,C2,R0–R1,K1–K2,E,W3 CONTROLLED,MEDIUM,R3 NOMINAL DESIGN INPUTS,,NO SPECIFIC CHILD ADDED IN THIS PASS,Scope or interface remains generic and nominal interface/process/verification evidence is incomplete.,"Name one exact product revision, published standard, or measured interface; record E3 nominal data, pin one exact manufacturing profile, and define a thresholded interface coupon.","This is a portfolio planning assessment. Market score, C/R/K/lane and product-release evidence remain separate.",COMPLETE PORTFOLIO TRIAGE — NOT RELEASE APPROVAL,2026-08-31,1.0
RESEARCH:SKU-053,RESEARCH_IDEA,SKU-053,,Page-holder thumb tool,,Hold a book or journal open with one hand.,YES,78.0,91.8,C3 · R2 · K1 · Lane E · LOW_UNKNOWN,C3,R2,K1,E,W3 CONTROLLED,MEDIUM,R3 NOMINAL DESIGN INPUTS,,NO SPECIFIC CHILD ADDED IN THIS PASS,"Concept inputs exist, but the exact named-interface and/or exact process baseline needed for R3 is open.","Replace the generic/E2 interface route with E3 nominal evidence for one named variant, pin the exact process, and define a measurable coupon.","This is a portfolio planning assessment. Market score, C/R/K/lane and product-release evidence remain separate.",COMPLETE PORTFOLIO TRIAGE — NOT RELEASE APPROVAL,2026-08-31,1.0
RESEARCH:SKU-054,RESEARCH_IDEA,SKU-054,,Personalized key rail,,Provide named or icon-based key positions in a layout that fits the entryway.,YES,90.0,59.5,C3 · R0–R1 · K2 · Lane E · LOW_UNKNOWN,C3,R0–R1,K2,E,W3 CONTROLLED,MEDIUM,R3 NOMINAL DESIGN INPUTS,,NO SPECIFIC CHILD ADDED IN THIS PASS,Scope or interface remains generic and nominal interface/process/verification evidence is incomplete.,"Name one exact product revision, published standard, or measured interface; record E3 nominal data, pin one exact manufacturing profile, and define a thresholded interface coupon.","This is a portfolio planning assessment. Market score, C/R/K/lane and product-release evidence remain separate.",COMPLETE PORTFOLIO TRIAGE — NOT RELEASE APPROVAL,2026-08-31,1.0
RESEARCH:SKU-055,RESEARCH_IDEA,SKU-055,,Exact-fit self-watering windowsill planter,,Fit a planter and reservoir precisely to a windowsill.,YES,89.0,53.5,C3–C4 · R0–R1 · K2 · Lane E · LOW_UNKNOWN,C3–C4,R0–R1,K2,E,W4 SPECIALIST / HOLD,LOW / SPECIALIST,R3 NOMINAL DESIGN INPUTS,,NO SPECIFIC CHILD ADDED IN THIS PASS,Scope or interface remains generic and nominal interface/process/verification evidence is incomplete.,"Name one exact product revision, published standard, or measured interface; record E3 nominal data, pin one exact manufacturing profile, and define a thresholded interface coupon.","This is a portfolio planning assessment. Market score, C/R/K/lane and product-release evidence remain separate.",COMPLETE PORTFOLIO TRIAGE — NOT RELEASE APPROVAL,2026-08-31,1.0
RESEARCH:SKU-056,RESEARCH_IDEA,SKU-056,,Draining toothbrush and razor stand,,Organize bathroom tools while allowing water to drain and parts to be cleaned.,YES,81.0,62.8,C2–C3 · R0–R1 · K1–K2 · Lane E · LOW_UNKNOWN,C2–C3,R0–R1,K1–K2,E,W3 CONTROLLED,MEDIUM,R3 NOMINAL DESIGN INPUTS,,NO SPECIFIC CHILD ADDED IN THIS PASS,Scope or interface remains generic and nominal interface/process/verification evidence is incomplete.,"Name one exact product revision, published standard, or measured interface; record E3 nominal data, pin one exact manufacturing profile, and define a thresholded interface coupon.","This is a portfolio planning assessment. Market score, C/R/K/lane and product-release evidence remain separate.",COMPLETE PORTFOLIO TRIAGE — NOT RELEASE APPROVAL,2026-08-31,1.0
RESEARCH:SKU-057,RESEARCH_IDEA,SKU-057,,Magnet-free desk slider fidget,,Create a quiet sliding tactile object without loose magnets.,YES,71.0,57.5,C2–C3 · R0–R1 · K2 · Lane E · LOW_UNKNOWN,C2–C3,R0–R1,K2,E,W3 CONTROLLED,MEDIUM,R3 NOMINAL DESIGN INPUTS,,NO SPECIFIC CHILD ADDED IN THIS PASS,Scope or interface remains generic and nominal interface/process/verification evidence is incomplete.,"Name one exact product revision, published standard, or measured interface; record E3 nominal data, pin one exact manufacturing profile, and define a thresholded interface coupon.","This is a portfolio planning assessment. Market score, C/R/K/lane and product-release evidence remain separate.",COMPLETE PORTFOLIO TRIAGE — NOT RELEASE APPROVAL,2026-08-31,1.0
RESEARCH:SKU-058,RESEARCH_IDEA,SKU-058,,Remote-control grip sleeve,,Add grip and protection to a specific remote without blocking buttons or signals.,YES,80.0,57.8,C3–C4 · R0–R1 · K1–K2 · Lane E · LOW_UNKNOWN,C3–C4,R0–R1,K1–K2,E,W4 SPECIALIST / HOLD,LOW / SPECIALIST,R3 NOMINAL DESIGN INPUTS,,NO SPECIFIC CHILD ADDED IN THIS PASS,Scope or interface remains generic and nominal interface/process/verification evidence is incomplete.,"Name one exact product revision, published standard, or measured interface; record E3 nominal data, pin one exact manufacturing profile, and define a thresholded interface coupon.","This is a portfolio planning assessment. Market score, C/R/K/lane and product-release evidence remain separate.",COMPLETE PORTFOLIO TRIAGE — NOT RELEASE APPROVAL,2026-08-31,1.0
RESEARCH:SKU-059,RESEARCH_IDEA,SKU-059,,Modular centerpiece vessel set,,Build a larger table centerpiece from printer-sized modules.,YES,86.0,57.8,C3–C4 · R0–R1 · K1–K2 · Lane E · LOW_UNKNOWN,C3–C4,R0–R1,K1–K2,E,W4 SPECIALIST / HOLD,LOW / SPECIALIST,R3 NOMINAL DESIGN INPUTS,,NO SPECIFIC CHILD ADDED IN THIS PASS,Scope or interface remains generic and nominal interface/process/verification evidence is incomplete.,"Name one exact product revision, published standard, or measured interface; record E3 nominal data, pin one exact manufacturing profile, and define a thresholded interface coupon.","This is a portfolio planning assessment. Market score, C/R/K/lane and product-release evidence remain separate.",COMPLETE PORTFOLIO TRIAGE — NOT RELEASE APPROVAL,2026-08-31,1.0
RESEARCH:SKU-060,RESEARCH_IDEA,SKU-060,,E-reader corner-bumper case,,Protect corners and improve grip while keeping the device back mostly open.,YES,79.0,55.8,C3–C4 · R0–R1 · K1–K2 · Lane E · LOW_UNKNOWN,C3–C4,R0–R1,K1–K2,E,W4 SPECIALIST / HOLD,LOW / SPECIALIST,R3 NOMINAL DESIGN INPUTS,,NO SPECIFIC CHILD ADDED IN THIS PASS,Scope or interface remains generic and nominal interface/process/verification evidence is incomplete.,"Name one exact product revision, published standard, or measured interface; record E3 nominal data, pin one exact manufacturing profile, and define a thresholded interface coupon.","This is a portfolio planning assessment. Market score, C/R/K/lane and product-release evidence remain separate.",COMPLETE PORTFOLIO TRIAGE — NOT RELEASE APPROVAL,2026-08-31,1.0
RESEARCH:SKU-061,RESEARCH_IDEA,SKU-061,,Headset and controller combo tower,,"Combine headset, controllers and cable storage vertically.",YES,85.0,65.8,C3 · R0–R1 · K1–K2 · Lane E · LOW_UNKNOWN,C3,R0–R1,K1–K2,E,W3 CONTROLLED,MEDIUM,R3 NOMINAL DESIGN INPUTS,,NO SPECIFIC CHILD ADDED IN THIS PASS,Scope or interface remains generic and nominal interface/process/verification evidence is incomplete.,"Name one exact product revision, published standard, or measured interface; record E3 nominal data, pin one exact manufacturing profile, and define a thresholded interface coupon.","This is a portfolio planning assessment. Market score, C/R/K/lane and product-release evidence remain separate.",COMPLETE PORTFOLIO TRIAGE — NOT RELEASE APPROVAL,2026-08-31,1.0
RESEARCH:SKU-062,RESEARCH_IDEA,SKU-062,,VR headset and controller cradle,,Store a specific VR headset and controllers without lens or trigger contact.,YES,85.0,65.8,C3 · R0–R1 · K1–K2 · Lane E · LOW_UNKNOWN,C3,R0–R1,K1–K2,E,W3 CONTROLLED,MEDIUM,R3 NOMINAL DESIGN INPUTS,,NO SPECIFIC CHILD ADDED IN THIS PASS,Scope or interface remains generic and nominal interface/process/verification evidence is incomplete.,"Name one exact product revision, published standard, or measured interface; record E3 nominal data, pin one exact manufacturing profile, and define a thresholded interface coupon.","This is a portfolio planning assessment. Market score, C/R/K/lane and product-release evidence remain separate.",COMPLETE PORTFOLIO TRIAGE — NOT RELEASE APPROVAL,2026-08-31,1.0
RESEARCH:SKU-063,RESEARCH_IDEA,SKU-063,,Outdoor house-number plaque,,Create a weather-resistant plaque matched to the facade and mounting points.,YES,84.0,71.5,C3 · R0–R1 · K2 · Lane E · LOW_UNKNOWN,C3,R0–R1,K2,E,W3 CONTROLLED,MEDIUM,R3 NOMINAL DESIGN INPUTS,,NO SPECIFIC CHILD ADDED IN THIS PASS,Scope or interface remains generic and nominal interface/process/verification evidence is incomplete.,"Name one exact product revision, published standard, or measured interface; record E3 nominal data, pin one exact manufacturing profile, and define a thresholded interface coupon.","This is a portfolio planning assessment. Market score, C/R/K/lane and product-release evidence remain separate.",COMPLETE PORTFOLIO TRIAGE — NOT RELEASE APPROVAL,2026-08-31,1.0
RESEARCH:SKU-064,RESEARCH_IDEA,SKU-064,,Rotating vanity caddy with standard bearing,,Provide a compact rotating organizer tailored to a product collection.,YES,89.0,70.5,C3 · R0–R1 · K2 · Lane E · LOW_UNKNOWN,C3,R0–R1,K2,E,W3 CONTROLLED,MEDIUM,R3 NOMINAL DESIGN INPUTS,,NO SPECIFIC CHILD ADDED IN THIS PASS,Scope or interface remains generic and nominal interface/process/verification evidence is incomplete.,"Name one exact product revision, published standard, or measured interface; record E3 nominal data, pin one exact manufacturing profile, and define a thresholded interface coupon.","This is a portfolio planning assessment. Market score, C/R/K/lane and product-release evidence remain separate.",COMPLETE PORTFOLIO TRIAGE — NOT RELEASE APPROVAL,2026-08-31,1.0
RESEARCH:SKU-065,RESEARCH_IDEA,SKU-065,,LED-tealight lantern shell,,Create a decorative lantern designed only around a battery LED tealight.,YES,82.0,51.5,C3–C4 · R0–R1 · K2 · Lane E · LOW_UNKNOWN,C3–C4,R0–R1,K2,E,W4 SPECIALIST / HOLD,LOW / SPECIALIST,R3 NOMINAL DESIGN INPUTS,,NO SPECIFIC CHILD ADDED IN THIS PASS,Scope or interface remains generic and nominal interface/process/verification evidence is incomplete.,"Name one exact product revision, published standard, or measured interface; record E3 nominal data, pin one exact manufacturing profile, and define a thresholded interface coupon.","This is a portfolio planning assessment. Market score, C/R/K/lane and product-release evidence remain separate.",COMPLETE PORTFOLIO TRIAGE — NOT RELEASE APPROVAL,2026-08-31,1.0
RESEARCH:SKU-066,RESEARCH_IDEA,SKU-066,,Parametric pegboard hook pack,,Generate hooks that match specific tools and loads within the proprietary grid.,YES,79.0,57.5,C2–C3 · R0–R1 · K2 · Lane E · LOW_UNKNOWN,C2–C3,R0–R1,K2,E,W3 CONTROLLED,MEDIUM,R3 NOMINAL DESIGN INPUTS,,NO SPECIFIC CHILD ADDED IN THIS PASS,Scope or interface remains generic and nominal interface/process/verification evidence is incomplete.,"Name one exact product revision, published standard, or measured interface; record E3 nominal data, pin one exact manufacturing profile, and define a thresholded interface coupon.","This is a portfolio planning assessment. Market score, C/R/K/lane and product-release evidence remain separate.",COMPLETE PORTFOLIO TRIAGE — NOT RELEASE APPROVAL,2026-08-31,1.0
RESEARCH:SKU-067,RESEARCH_IDEA,SKU-067,,Pegboard small-bin and label module,,"Create removable bins for components, stationery or craft materials.",YES,78.0,59.5,C2–C3 · R0–R1 · K2 · Lane E · LOW_UNKNOWN,C2–C3,R0–R1,K2,E,W3 CONTROLLED,MEDIUM,R3 NOMINAL DESIGN INPUTS,,NO SPECIFIC CHILD ADDED IN THIS PASS,Scope or interface remains generic and nominal interface/process/verification evidence is incomplete.,"Name one exact product revision, published standard, or measured interface; record E3 nominal data, pin one exact manufacturing profile, and define a thresholded interface coupon.","This is a portfolio planning assessment. Market score, C/R/K/lane and product-release evidence remain separate.",COMPLETE PORTFOLIO TRIAGE — NOT RELEASE APPROVAL,2026-08-31,1.0
RESEARCH:SKU-068,RESEARCH_IDEA,SKU-068,,Print-in-place gear fidget,,Provide a tactile adult desk fidget with no assembly or magnets.,YES,71.0,57.5,C2–C3 · R0–R1 · K2 · Lane E · LOW_UNKNOWN,C2–C3,R0–R1,K2,E,W3 CONTROLLED,MEDIUM,R3 NOMINAL DESIGN INPUTS,,NO SPECIFIC CHILD ADDED IN THIS PASS,Scope or interface remains generic and nominal interface/process/verification evidence is incomplete.,"Name one exact product revision, published standard, or measured interface; record E3 nominal data, pin one exact manufacturing profile, and define a thresholded interface coupon.","This is a portfolio planning assessment. Market score, C/R/K/lane and product-release evidence remain separate.",COMPLETE PORTFOLIO TRIAGE — NOT RELEASE APPROVAL,2026-08-31,1.0
RESEARCH:SKU-069,RESEARCH_IDEA,SKU-069,,Decorative geometric wall-tile system,,Cover a selected wall area with custom geometric or textured modules.,YES,84.0,63.5,C3 · R0–R1 · K2 · Lane E · LOW_UNKNOWN,C3,R0–R1,K2,E,W3 CONTROLLED,MEDIUM,R3 NOMINAL DESIGN INPUTS,,NO SPECIFIC CHILD ADDED IN THIS PASS,Scope or interface remains generic and nominal interface/process/verification evidence is incomplete.,"Name one exact product revision, published standard, or measured interface; record E3 nominal data, pin one exact manufacturing profile, and define a thresholded interface coupon.","This is a portfolio planning assessment. Market score, C/R/K/lane and product-release evidence remain separate.",COMPLETE PORTFOLIO TRIAGE — NOT RELEASE APPROVAL,2026-08-31,1.0
RESEARCH:SKU-070,RESEARCH_IDEA,SKU-070,,Sit-stand desk cable chain,,Guide cables through repeated height changes without snagging.,YES,92.0,75.5,C3 · R0–R1 · K2 · Lane E · LOW_UNKNOWN,C3,R0–R1,K2,E,W3 CONTROLLED,MEDIUM,R3 NOMINAL DESIGN INPUTS,,NO SPECIFIC CHILD ADDED IN THIS PASS,Scope or interface remains generic and nominal interface/process/verification evidence is incomplete.,"Name one exact product revision, published standard, or measured interface; record E3 nominal data, pin one exact manufacturing profile, and define a thresholded interface coupon.","This is a portfolio planning assessment. Market score, C/R/K/lane and product-release evidence remain separate.",COMPLETE PORTFOLIO TRIAGE — NOT RELEASE APPROVAL,2026-08-31,1.0
RESEARCH:SKU-071,RESEARCH_IDEA,SKU-071,,Wall-mounted tablet/phone holder,,"Mount a device at a fixed location for dashboards, recipes or controls.",YES,90.0,67.5,C3–C4 · R0–R1 · K2 · Lane E · LOW_UNKNOWN,C3–C4,R0–R1,K2,E,W4 SPECIALIST / HOLD,LOW / SPECIALIST,R3 NOMINAL DESIGN INPUTS,,NO SPECIFIC CHILD ADDED IN THIS PASS,Scope or interface remains generic and nominal interface/process/verification evidence is incomplete.,"Name one exact product revision, published standard, or measured interface; record E3 nominal data, pin one exact manufacturing profile, and define a thresholded interface coupon.","This is a portfolio planning assessment. Market score, C/R/K/lane and product-release evidence remain separate.",COMPLETE PORTFOLIO TRIAGE — NOT RELEASE APPROVAL,2026-08-31,1.0
RESEARCH:SKU-072,RESEARCH_IDEA,SKU-072,,Weighted geometric bookend pair,,Hold a specific book collection using printed shells with safe ballast.,YES,79.0,69.5,C3 · R0–R1 · K2 · Lane E · LOW_UNKNOWN,C3,R0–R1,K2,E,W3 CONTROLLED,MEDIUM,R3 NOMINAL DESIGN INPUTS,,NO SPECIFIC CHILD ADDED IN THIS PASS,Scope or interface remains generic and nominal interface/process/verification evidence is incomplete.,"Name one exact product revision, published standard, or measured interface; record E3 nominal data, pin one exact manufacturing profile, and define a thresholded interface coupon.","This is a portfolio planning assessment. Market score, C/R/K/lane and product-release evidence remain separate.",COMPLETE PORTFOLIO TRIAGE — NOT RELEASE APPROVAL,2026-08-31,1.0
RESEARCH:SKU-073,RESEARCH_IDEA,SKU-073,,Stackable herb-planter module,,Build a vertical stack of plant modules for limited balcony or kitchen space.,YES,88.0,54.5,C3–C4 · R0–R1 · K2 · Lane E · LOW_UNKNOWN,C3–C4,R0–R1,K2,E,W4 SPECIALIST / HOLD,LOW / SPECIALIST,R3 NOMINAL DESIGN INPUTS,,NO SPECIFIC CHILD ADDED IN THIS PASS,Scope or interface remains generic and nominal interface/process/verification evidence is incomplete.,"Name one exact product revision, published standard, or measured interface; record E3 nominal data, pin one exact manufacturing profile, and define a thresholded interface coupon.","This is a portfolio planning assessment. Market score, C/R/K/lane and product-release evidence remain separate.",COMPLETE PORTFOLIO TRIAGE — NOT RELEASE APPROVAL,2026-08-31,1.0
RESEARCH:SKU-074,RESEARCH_IDEA,SKU-074,,Clip-on LED task-light diffuser,,Soften glare from a defined LED light without modifying its electronics.,YES,81.0,49.5,C3–C4 · R0–R1 · K2 · Lane E · LOW_UNKNOWN,C3–C4,R0–R1,K2,E,W4 SPECIALIST / HOLD,LOW / SPECIALIST,R3 NOMINAL DESIGN INPUTS,,NO SPECIFIC CHILD ADDED IN THIS PASS,Scope or interface remains generic and nominal interface/process/verification evidence is incomplete.,"Name one exact product revision, published standard, or measured interface; record E3 nominal data, pin one exact manufacturing profile, and define a thresholded interface coupon.","This is a portfolio planning assessment. Market score, C/R/K/lane and product-release evidence remain separate.",COMPLETE PORTFOLIO TRIAGE — NOT RELEASE APPROVAL,2026-08-31,1.0
RESEARCH:SKU-075,RESEARCH_IDEA,SKU-075,,Modular original desk-totem series,,Build collectible decorative totems with interchangeable original motifs.,YES,70.0,53.5,C3 · R0–R1 · K2 · Lane E · LOW_UNKNOWN,C3,R0–R1,K2,E,W3 CONTROLLED,MEDIUM,R3 NOMINAL DESIGN INPUTS,,NO SPECIFIC CHILD ADDED IN THIS PASS,Scope or interface remains generic and nominal interface/process/verification evidence is incomplete.,"Name one exact product revision, published standard, or measured interface; record E3 nominal data, pin one exact manufacturing profile, and define a thresholded interface coupon.","This is a portfolio planning assessment. Market score, C/R/K/lane and product-release evidence remain separate.",COMPLETE PORTFOLIO TRIAGE — NOT RELEASE APPROVAL,2026-08-31,1.0
RESEARCH:SKU-076,RESEARCH_IDEA,SKU-076,,Configurable board-game box insert,,"Fit an insert to a box and component set, including sleeved cards.",YES,75.0,61.5,C3 · R0–R1 · K2 · Lane E · LOW_UNKNOWN,C3,R0–R1,K2,E,W3 CONTROLLED,MEDIUM,R3 NOMINAL DESIGN INPUTS,,NO SPECIFIC CHILD ADDED IN THIS PASS,Scope or interface remains generic and nominal interface/process/verification evidence is incomplete.,"Name one exact product revision, published standard, or measured interface; record E3 nominal data, pin one exact manufacturing profile, and define a thresholded interface coupon.","This is a portfolio planning assessment. Market score, C/R/K/lane and product-release evidence remain separate.",COMPLETE PORTFOLIO TRIAGE — NOT RELEASE APPROVAL,2026-08-31,1.0
RESEARCH:SKU-077,RESEARCH_IDEA,SKU-077,,Fold-flat modular dice tower,,Provide a compact tower that packs flat and assembles without tools.,YES,75.0,60.5,C3–C4 · R0–R1 · K2 · Lane E · LOW_UNKNOWN,C3–C4,R0–R1,K2,E,W4 SPECIALIST / HOLD,LOW / SPECIALIST,R3 NOMINAL DESIGN INPUTS,,NO SPECIFIC CHILD ADDED IN THIS PASS,Scope or interface remains generic and nominal interface/process/verification evidence is incomplete.,"Name one exact product revision, published standard, or measured interface; record E3 nominal data, pin one exact manufacturing profile, and define a thresholded interface coupon.","This is a portfolio planning assessment. Market score, C/R/K/lane and product-release evidence remain separate.",COMPLETE PORTFOLIO TRIAGE — NOT RELEASE APPROVAL,2026-08-31,1.0
RESEARCH:SKU-078,RESEARCH_IDEA,SKU-078,,Scanner-to-fit furniture foot or end cap,,Replace a missing non-structural foot/cap using dimensions or a scan.,YES,76.0,52.5,C3–C4 · R0–R1 · K2 · Lane E · LOW_UNKNOWN,C3–C4,R0–R1,K2,E,W4 SPECIALIST / HOLD,LOW / SPECIALIST,R3 NOMINAL DESIGN INPUTS,,NO SPECIFIC CHILD ADDED IN THIS PASS,Scope or interface remains generic and nominal interface/process/verification evidence is incomplete.,"Name one exact product revision, published standard, or measured interface; record E3 nominal data, pin one exact manufacturing profile, and define a thresholded interface coupon.","This is a portfolio planning assessment. Market score, C/R/K/lane and product-release evidence remain separate.",COMPLETE PORTFOLIO TRIAGE — NOT RELEASE APPROVAL,2026-08-31,1.0
RESEARCH:SKU-079,RESEARCH_IDEA,SKU-079,,Vacuum-cleaner hose adapter,,Connect a household vacuum hose to a non-hazardous accessory or legacy fitting.,YES,76.0,54.5,C3–C4 · R0–R1 · K2 · Lane E · LOW_UNKNOWN,C3–C4,R0–R1,K2,E,W4 SPECIALIST / HOLD,LOW / SPECIALIST,R3 NOMINAL DESIGN INPUTS,,NO SPECIFIC CHILD ADDED IN THIS PASS,Scope or interface remains generic and nominal interface/process/verification evidence is incomplete.,"Name one exact product revision, published standard, or measured interface; record E3 nominal data, pin one exact manufacturing profile, and define a thresholded interface coupon.","This is a portfolio planning assessment. Market score, C/R/K/lane and product-release evidence remain separate.",COMPLETE PORTFOLIO TRIAGE — NOT RELEASE APPROVAL,2026-08-31,1.0
RESEARCH:SKU-080,RESEARCH_IDEA,SKU-080,,Modular coat-hook set,,Create a coordinated hook set sized and spaced for a specific wall.,YES,89.0,54.2,C3–C4 · R0–R1 · K2–K3 · Lane E · LOW_UNKNOWN,C3–C4,R0–R1,K2–K3,E,W4 SPECIALIST / HOLD,LOW / SPECIALIST,R3 NOMINAL DESIGN INPUTS,,NO SPECIFIC CHILD ADDED IN THIS PASS,Scope or interface remains generic and nominal interface/process/verification evidence is incomplete.,"Name one exact product revision, published standard, or measured interface; record E3 nominal data, pin one exact manufacturing profile, and define a thresholded interface coupon.","This is a portfolio planning assessment. Market score, C/R/K/lane and product-release evidence remain separate.",COMPLETE PORTFOLIO TRIAGE — NOT RELEASE APPROVAL,2026-08-31,1.0
RESEARCH:SKU-081,RESEARCH_IDEA,SKU-081,,Pet leash and harness station,,"Organize leashes, collars and bags in an entryway.",YES,89.0,53.2,C3–C4 · R0–R1 · K2–K3 · Lane E · LOW_UNKNOWN,C3–C4,R0–R1,K2–K3,E,W4 SPECIALIST / HOLD,LOW / SPECIALIST,R3 NOMINAL DESIGN INPUTS,,NO SPECIFIC CHILD ADDED IN THIS PASS,Scope or interface remains generic and nominal interface/process/verification evidence is incomplete.,"Name one exact product revision, published standard, or measured interface; record E3 nominal data, pin one exact manufacturing profile, and define a thresholded interface coupon.","This is a portfolio planning assessment. Market score, C/R/K/lane and product-release evidence remain separate.",COMPLETE PORTFOLIO TRIAGE — NOT RELEASE APPROVAL,2026-08-31,1.0
RESEARCH:SKU-082,RESEARCH_IDEA,SKU-082,,Tool-specific holder generator,,Create a holder around a measured hand tool or craft tool.,YES,79.0,47.2,C3–C4 · R0–R1 · K2–K3 · Lane E · LOW_UNKNOWN,C3–C4,R0–R1,K2–K3,E,W4 SPECIALIST / HOLD,LOW / SPECIALIST,R3 NOMINAL DESIGN INPUTS,,NO SPECIFIC CHILD ADDED IN THIS PASS,Scope or interface remains generic and nominal interface/process/verification evidence is incomplete.,"Name one exact product revision, published standard, or measured interface; record E3 nominal data, pin one exact manufacturing profile, and define a thresholded interface coupon.","This is a portfolio planning assessment. Market score, C/R/K/lane and product-release evidence remain separate.",COMPLETE PORTFOLIO TRIAGE — NOT RELEASE APPROVAL,2026-08-31,1.0
RESEARCH:SKU-083,RESEARCH_IDEA,SKU-083,,Mail-and-key entry shelf,,Combine incoming-mail storage with keys and small daily items.,YES,88.0,53.2,C3–C4 · R0–R1 · K2–K3 · Lane E · LOW_UNKNOWN,C3–C4,R0–R1,K2–K3,E,W4 SPECIALIST / HOLD,LOW / SPECIALIST,R3 NOMINAL DESIGN INPUTS,,NO SPECIFIC CHILD ADDED IN THIS PASS,Scope or interface remains generic and nominal interface/process/verification evidence is incomplete.,"Name one exact product revision, published standard, or measured interface; record E3 nominal data, pin one exact manufacturing profile, and define a thresholded interface coupon.","This is a portfolio planning assessment. Market score, C/R/K/lane and product-release evidence remain separate.",COMPLETE PORTFOLIO TRIAGE — NOT RELEASE APPROVAL,2026-08-31,1.0
RESEARCH:SKU-084,RESEARCH_IDEA,SKU-084,,Custom TPU phone bumper case,,Fit a flexible bumper around a specific phone and case-free geometry.,YES,81.0,50.5,C4–C5 · R0–R1 · K2 · Lane E · LOW_UNKNOWN,C4–C5,R0–R1,K2,E,W4 SPECIALIST / HOLD,LOW / SPECIALIST,R3 NOMINAL DESIGN INPUTS,,NO SPECIFIC CHILD ADDED IN THIS PASS,Scope or interface remains generic and nominal interface/process/verification evidence is incomplete.,"Name one exact product revision, published standard, or measured interface; record E3 nominal data, pin one exact manufacturing profile, and define a thresholded interface coupon.","This is a portfolio planning assessment. Market score, C/R/K/lane and product-release evidence remain separate.",COMPLETE PORTFOLIO TRIAGE — NOT RELEASE APPROVAL,2026-08-31,1.0
RESEARCH:SKU-085,RESEARCH_IDEA,SKU-085,,Kinetic balance desk sculpture,,Create a moving decorative sculpture tuned for a specific footprint.,YES,70.0,46.5,C3–C4 · R0–R1 · K2 · Lane E · LOW_UNKNOWN,C3–C4,R0–R1,K2,E,W4 SPECIALIST / HOLD,LOW / SPECIALIST,R3 NOMINAL DESIGN INPUTS,,NO SPECIFIC CHILD ADDED IN THIS PASS,Scope or interface remains generic and nominal interface/process/verification evidence is incomplete.,"Name one exact product revision, published standard, or measured interface; record E3 nominal data, pin one exact manufacturing profile, and define a thresholded interface coupon.","This is a portfolio planning assessment. Market score, C/R/K/lane and product-release evidence remain separate.",COMPLETE PORTFOLIO TRIAGE — NOT RELEASE APPROVAL,2026-08-31,1.0
RESEARCH:SKU-086,RESEARCH_IDEA,SKU-086,,Wall propagation-tube display,,Display plant cuttings in removable glass tubes mounted to a wall.,YES,86.0,50.2,C3–C4 · R0–R1 · K2–K3 · Lane E · LOW_UNKNOWN,C3–C4,R0–R1,K2–K3,E,W4 SPECIALIST / HOLD,LOW / SPECIALIST,R3 NOMINAL DESIGN INPUTS,,NO SPECIFIC CHILD ADDED IN THIS PASS,Scope or interface remains generic and nominal interface/process/verification evidence is incomplete.,"Name one exact product revision, published standard, or measured interface; record E3 nominal data, pin one exact manufacturing profile, and define a thresholded interface coupon.","This is a portfolio planning assessment. Market score, C/R/K/lane and product-release evidence remain separate.",COMPLETE PORTFOLIO TRIAGE — NOT RELEASE APPROVAL,2026-08-31,1.0
RESEARCH:SKU-087,RESEARCH_IDEA,SKU-087,,Handheld-console ergonomic grip shell,,Add customized hand grips without modifying the console electronics.,YES,79.0,47.5,C4–C5 · R0–R1 · K2 · Lane E · LOW_UNKNOWN,C4–C5,R0–R1,K2,E,W4 SPECIALIST / HOLD,LOW / SPECIALIST,R3 NOMINAL DESIGN INPUTS,,NO SPECIFIC CHILD ADDED IN THIS PASS,Scope or interface remains generic and nominal interface/process/verification evidence is incomplete.,"Name one exact product revision, published standard, or measured interface; record E3 nominal data, pin one exact manufacturing profile, and define a thresholded interface coupon.","This is a portfolio planning assessment. Market score, C/R/K/lane and product-release evidence remain separate.",COMPLETE PORTFOLIO TRIAGE — NOT RELEASE APPROVAL,2026-08-31,1.0
RESEARCH:SKU-088,RESEARCH_IDEA,SKU-088,,Drawer-handle replacement,,Replace a broken handle using existing hole spacing and desired grip geometry.,YES,76.0,48.2,C3–C4 · R0–R1 · K2–K3 · Lane E · LOW_UNKNOWN,C3–C4,R0–R1,K2–K3,E,W4 SPECIALIST / HOLD,LOW / SPECIALIST,R3 NOMINAL DESIGN INPUTS,,NO SPECIFIC CHILD ADDED IN THIS PASS,Scope or interface remains generic and nominal interface/process/verification evidence is incomplete.,"Name one exact product revision, published standard, or measured interface; record E3 nominal data, pin one exact manufacturing profile, and define a thresholded interface coupon.","This is a portfolio planning assessment. Market score, C/R/K/lane and product-release evidence remain separate.",COMPLETE PORTFOLIO TRIAGE — NOT RELEASE APPROVAL,2026-08-31,1.0
RESEARCH:SKU-089,RESEARCH_IDEA,SKU-089,,Hair-tool attachment and cable organizer,,"Store dry, cool hair-tool attachments and cables on a wall or cabinet.",YES,80.0,47.2,C3–C4 · R0–R1 · K2–K3 · Lane E · LOW_UNKNOWN,C3–C4,R0–R1,K2–K3,E,W4 SPECIALIST / HOLD,LOW / SPECIALIST,R3 NOMINAL DESIGN INPUTS,,NO SPECIFIC CHILD ADDED IN THIS PASS,Scope or interface remains generic and nominal interface/process/verification evidence is incomplete.,"Name one exact product revision, published standard, or measured interface; record E3 nominal data, pin one exact manufacturing profile, and define a thresholded interface coupon.","This is a portfolio planning assessment. Market score, C/R/K/lane and product-release evidence remain separate.",COMPLETE PORTFOLIO TRIAGE — NOT RELEASE APPROVAL,2026-08-31,1.0
RESEARCH:SKU-090,RESEARCH_IDEA,SKU-090,,Proprietary 20 mm-grid pegboard starter panel,,Create a modular wall-storage base that can expand with custom accessories.,YES,79.0,49.2,C3–C4 · R0–R1 · K2–K3 · Lane E · LOW_UNKNOWN,C3–C4,R0–R1,K2–K3,E,W4 SPECIALIST / HOLD,LOW / SPECIALIST,R3 NOMINAL DESIGN INPUTS,,NO SPECIFIC CHILD ADDED IN THIS PASS,Scope or interface remains generic and nominal interface/process/verification evidence is incomplete.,"Name one exact product revision, published standard, or measured interface; record E3 nominal data, pin one exact manufacturing profile, and define a thresholded interface coupon.","This is a portfolio planning assessment. Market score, C/R/K/lane and product-release evidence remain separate.",COMPLETE PORTFOLIO TRIAGE — NOT RELEASE APPROVAL,2026-08-31,1.0
RESEARCH:SKU-091,RESEARCH_IDEA,SKU-091,,Large custom architectural cachepot,,Fill an awkward interior or terrace footprint with a made-to-measure decorative pot.,YES,88.0,49.5,C4–C5 · R0–R1 · K2 · Lane E · LOW_UNKNOWN,C4–C5,R0–R1,K2,E,W4 SPECIALIST / HOLD,LOW / SPECIALIST,R3 NOMINAL DESIGN INPUTS,,NO SPECIFIC CHILD ADDED IN THIS PASS,Scope or interface remains generic and nominal interface/process/verification evidence is incomplete.,"Name one exact product revision, published standard, or measured interface; record E3 nominal data, pin one exact manufacturing profile, and define a thresholded interface coupon.","This is a portfolio planning assessment. Market score, C/R/K/lane and product-release evidence remain separate.",COMPLETE PORTFOLIO TRIAGE — NOT RELEASE APPROVAL,2026-08-31,1.0
RESEARCH:SKU-092,RESEARCH_IDEA,SKU-092,,Pegboard mini-shelf module,,"Add a shelf sized to a specific device, container or decor item.",YES,78.0,50.2,C3–C4 · R0–R1 · K2–K3 · Lane E · LOW_UNKNOWN,C3–C4,R0–R1,K2–K3,E,W4 SPECIALIST / HOLD,LOW / SPECIALIST,R3 NOMINAL DESIGN INPUTS,,NO SPECIFIC CHILD ADDED IN THIS PASS,Scope or interface remains generic and nominal interface/process/verification evidence is incomplete.,"Name one exact product revision, published standard, or measured interface; record E3 nominal data, pin one exact manufacturing profile, and define a thresholded interface coupon.","This is a portfolio planning assessment. Market score, C/R/K/lane and product-release evidence remain separate.",COMPLETE PORTFOLIO TRIAGE — NOT RELEASE APPROVAL,2026-08-31,1.0
RESEARCH:SKU-093,RESEARCH_IDEA,SKU-093,,Original articulated desk creature,,Offer an original articulated collectible personalized in size and color.,YES,71.0,47.2,C3–C4 · R0–R1 · K2–K3 · Lane E · LOW_UNKNOWN,C3–C4,R0–R1,K2–K3,E,W4 SPECIALIST / HOLD,LOW / SPECIALIST,R3 NOMINAL DESIGN INPUTS,,NO SPECIFIC CHILD ADDED IN THIS PASS,Scope or interface remains generic and nominal interface/process/verification evidence is incomplete.,"Name one exact product revision, published standard, or measured interface; record E3 nominal data, pin one exact manufacturing profile, and define a thresholded interface coupon.","This is a portfolio planning assessment. Market score, C/R/K/lane and product-release evidence remain separate.",COMPLETE PORTFOLIO TRIAGE — NOT RELEASE APPROVAL,2026-08-31,1.0
RESEARCH:SKU-094,RESEARCH_IDEA,SKU-094,,E27 LED-only pendant lampshade,,Create a shade for a standardized lamp-holder interface with controlled clearances.,YES,82.0,41.2,C4–C5 · R0–R1 · K2–K3 · Lane E · LOW_UNKNOWN,C4–C5,R0–R1,K2–K3,E,W4 SPECIALIST / HOLD,LOW / SPECIALIST,R3 NOMINAL DESIGN INPUTS,,NO SPECIFIC CHILD ADDED IN THIS PASS,Scope or interface remains generic and nominal interface/process/verification evidence is incomplete.,"Name one exact product revision, published standard, or measured interface; record E3 nominal data, pin one exact manufacturing profile, and define a thresholded interface coupon.","This is a portfolio planning assessment. Market score, C/R/K/lane and product-release evidence remain separate.",COMPLETE PORTFOLIO TRIAGE — NOT RELEASE APPROVAL,2026-08-31,1.0
RESEARCH:SKU-095,RESEARCH_IDEA,SKU-095,,Table-lamp replacement shade with ring adapter,,Replace an unavailable shade using measured ring and envelope dimensions.,YES,81.0,41.2,C4–C5 · R0–R1 · K2–K3 · Lane E · LOW_UNKNOWN,C4–C5,R0–R1,K2–K3,E,W4 SPECIALIST / HOLD,LOW / SPECIALIST,R3 NOMINAL DESIGN INPUTS,,NO SPECIFIC CHILD ADDED IN THIS PASS,Scope or interface remains generic and nominal interface/process/verification evidence is incomplete.,"Name one exact product revision, published standard, or measured interface; record E3 nominal data, pin one exact manufacturing profile, and define a thresholded interface coupon.","This is a portfolio planning assessment. Market score, C/R/K/lane and product-release evidence remain separate.",COMPLETE PORTFOLIO TRIAGE — NOT RELEASE APPROVAL,2026-08-31,1.0
RESEARCH:SKU-096,RESEARCH_IDEA,SKU-096,,Screw-mounted shower shelf,,Fit a shelf to an exact shower corner or wall and product set.,YES,81.0,43.0,C4–C5 · R0–R1 · K3 · Lane E · NOT_AUTONOMOUSLY_RELEASABLE,C4–C5,R0–R1,K3,E,W4 SPECIALIST / HOLD,LOW / SPECIALIST,R3 NOMINAL DESIGN INPUTS,,NO SPECIFIC CHILD ADDED IN THIS PASS,Scope or interface remains generic and nominal interface/process/verification evidence is incomplete.,"Name one exact product revision, published standard, or measured interface; record E3 nominal data, pin one exact manufacturing profile, and define a thresholded interface coupon.","This is a portfolio planning assessment. Market score, C/R/K/lane and product-release evidence remain separate.",COMPLETE PORTFOLIO TRIAGE — NOT RELEASE APPROVAL,2026-08-31,1.0
RESEARCH:SKU-097,RESEARCH_IDEA,SKU-097,,Hanging planter with certified cord interface,,Create a planter that fits a space while using a standardized hanging cord or bracket.,YES,87.0,45.0,C4–C5 · R0–R1 · K3 · Lane E · NOT_AUTONOMOUSLY_RELEASABLE,C4–C5,R0–R1,K3,E,W4 SPECIALIST / HOLD,LOW / SPECIALIST,R3 NOMINAL DESIGN INPUTS,,NO SPECIFIC CHILD ADDED IN THIS PASS,Scope or interface remains generic and nominal interface/process/verification evidence is incomplete.,"Name one exact product revision, published standard, or measured interface; record E3 nominal data, pin one exact manufacturing profile, and define a thresholded interface coupon.","This is a portfolio planning assessment. Market score, C/R/K/lane and product-release evidence remain separate.",COMPLETE PORTFOLIO TRIAGE — NOT RELEASE APPROVAL,2026-08-31,1.0
RESEARCH:SKU-098,RESEARCH_IDEA,SKU-098,,Leak-qualified PETG flower vase,,Provide a water-containing vase after controlled material and process validation.,YES,85.0,47.2,C4–C5 · R0–R1 · K2–K3 · Lane E · LOW_UNKNOWN,C4–C5,R0–R1,K2–K3,E,W4 SPECIALIST / HOLD,LOW / SPECIALIST,R3 NOMINAL DESIGN INPUTS,,NO SPECIFIC CHILD ADDED IN THIS PASS,Scope or interface remains generic and nominal interface/process/verification evidence is incomplete.,"Name one exact product revision, published standard, or measured interface; record E3 nominal data, pin one exact manufacturing profile, and define a thresholded interface coupon.","This is a portfolio planning assessment. Market score, C/R/K/lane and product-release evidence remain separate.",COMPLETE PORTFOLIO TRIAGE — NOT RELEASE APPROVAL,2026-08-31,1.0
RESEARCH:SKU-099,RESEARCH_IDEA,SKU-099,,Non-safety-critical appliance control knob,,Replace an unavailable knob where failure cannot create a hazardous state.,YES,75.0,43.0,C4–C5 · R0–R1 · K3 · Lane E · NOT_AUTONOMOUSLY_RELEASABLE,C4–C5,R0–R1,K3,E,W4 SPECIALIST / HOLD,LOW / SPECIALIST,R3 NOMINAL DESIGN INPUTS,,NO SPECIFIC CHILD ADDED IN THIS PASS,Scope or interface remains generic and nominal interface/process/verification evidence is incomplete.,"Name one exact product revision, published standard, or measured interface; record E3 nominal data, pin one exact manufacturing profile, and define a thresholded interface coupon.","This is a portfolio planning assessment. Market score, C/R/K/lane and product-release evidence remain separate.",COMPLETE PORTFOLIO TRIAGE — NOT RELEASE APPROVAL,2026-08-31,1.0
RESEARCH:SKU-100,RESEARCH_IDEA,SKU-100,,Modular large geometric lampshade,,Assemble a large shade from printer-sized panels and a standardized holder ring.,YES,81.0,36.0,C5 · R0–R1 · K3 · Lane E · NOT_AUTONOMOUSLY_RELEASABLE,C5,R0–R1,K3,E,W4 SPECIALIST / HOLD,LOW / SPECIALIST,R3 NOMINAL DESIGN INPUTS,,NO SPECIFIC CHILD ADDED IN THIS PASS,Scope or interface remains generic and nominal interface/process/verification evidence is incomplete.,"Name one exact product revision, published standard, or measured interface; record E3 nominal data, pin one exact manufacturing profile, and define a thresholded interface coupon.","This is a portfolio planning assessment. Market score, C/R/K/lane and product-release evidence remain separate.",COMPLETE PORTFOLIO TRIAGE — NOT RELEASE APPROVAL,2026-08-31,1.0
RESEARCH:SKU-101,RESEARCH_IDEA,SKU-101,,Irregular-corner drawer organizer infill,,Recover drawer space around hinges; pipes; notches or skewed corners without rebuilding the full organizer.,YES,86.0,86.8,C2 · R2 · K1 · Lane E · LOW_UNKNOWN,C2,R2,K1,E,W1 HIGH-TREND / LOW-COMPLEXITY,HIGH,R3 NOMINAL DESIGN INPUTS,,NO SPECIFIC CHILD ADDED IN THIS PASS,"Concept inputs exist, but the exact named-interface and/or exact process baseline needed for R3 is open.",Prototype three corner types plus a paper measurement template and clearance coupon.,"This is a portfolio planning assessment. Market score, C/R/K/lane and product-release evidence remain separate.",COMPLETE PORTFOLIO TRIAGE — NOT RELEASE APPROVAL,2026-08-31,1.0
RESEARCH:SKU-102,RESEARCH_IDEA,SKU-102,,Tapered drawer perimeter filler rail set,,Close wedge-shaped side gaps left by rectangular organizer grids in tapered or out-of-square drawers.,YES,86.0,94.0,C2 · R2 · K2 · Lane E · LOW_UNKNOWN,C2,R2,K2,E,W3 CONTROLLED,MEDIUM,R3 NOMINAL DESIGN INPUTS,,NO SPECIFIC CHILD ADDED IN THIS PASS,"Concept inputs exist, but the exact named-interface and/or exact process baseline needed for R3 is open.",Print a taper gauge; verify removal grip and three drawer finishes.,"This is a portfolio planning assessment. Market score, C/R/K/lane and product-release evidence remain separate.",COMPLETE PORTFOLIO TRIAGE — NOT RELEASE APPROVAL,2026-08-31,1.0
RESEARCH:SKU-103,RESEARCH_IDEA,SKU-103,,Lift-out shallow upper drawer tray,,Add a removable second level for frequently used shallow items above deeper contents.,YES,88.0,80.5,C3–C4 · R0–R1 · K2 · Lane E · LOW_UNKNOWN,C3–C4,R0–R1,K2,E,W4 SPECIALIST / HOLD,LOW / SPECIALIST,R3 NOMINAL DESIGN INPUTS,,NO SPECIFIC CHILD ADDED IN THIS PASS,Scope or interface remains generic and nominal interface/process/verification evidence is incomplete.,"Name one exact product revision, published standard, or measured interface; record E3 nominal data, pin one exact manufacturing profile, and define a thresholded interface coupon.","This is a portfolio planning assessment. Market score, C/R/K/lane and product-release evidence remain separate.",COMPLETE PORTFOLIO TRIAGE — NOT RELEASE APPROVAL,2026-08-31,1.0
RESEARCH:SKU-104,RESEARCH_IDEA,SKU-104,,Deep-drawer height riser platform,,Raise small trays to an accessible height while preserving a hidden cavity below.,YES,88.0,88.8,C2 · R2 · K2 · Lane E · LOW_UNKNOWN,C2,R2,K2,E,W3 CONTROLLED,MEDIUM,R3 NOMINAL DESIGN INPUTS,,NO SPECIFIC CHILD ADDED IN THIS PASS,"Concept inputs exist, but the exact named-interface and/or exact process baseline needed for R3 is open.",Compare ribbed and corner-post coupons; test creep under 2 kg for 30 days.,"This is a portfolio planning assessment. Market score, C/R/K/lane and product-release evidence remain separate.",COMPLETE PORTFOLIO TRIAGE — NOT RELEASE APPROVAL,2026-08-31,1.0
RESEARCH:SKU-105,RESEARCH_IDEA,SKU-105,,Adapter-and-dongle drawer cassette,,Keep USB adapters; card readers and dongles visible and matched to labeled slots.,YES,88.0,91.8,C2 · R2 · K1 · Lane E · LOW_UNKNOWN,C2,R2,K1,E,W1 HIGH-TREND / LOW-COMPLEXITY,HIGH,R3 NOMINAL DESIGN INPUTS,,NO SPECIFIC CHILD ADDED IN THIS PASS,"Concept inputs exist, but the exact named-interface and/or exact process baseline needed for R3 is open.",Create a no-brand measurement card and test 20 generic adapter shapes.,"This is a portfolio planning assessment. Market score, C/R/K/lane and product-release evidence remain separate.",COMPLETE PORTFOLIO TRIAGE — NOT RELEASE APPROVAL,2026-08-31,1.0
RESEARCH:SKU-106,RESEARCH_IDEA,SKU-106,,Watch-strap and jewelry drawer cassette,,Separate watch straps; rings and small jewelry in a drawer without exposed wall display.,YES,95.0,83.8,C2–C3 · R0–R1 · K1–K2 · Lane E · LOW_UNKNOWN,C2–C3,R0–R1,K1–K2,E,W3 CONTROLLED,MEDIUM,R3 NOMINAL DESIGN INPUTS,,NO SPECIFIC CHILD ADDED IN THIS PASS,Scope or interface remains generic and nominal interface/process/verification evidence is incomplete.,"Name one exact product revision, published standard, or measured interface; record E3 nominal data, pin one exact manufacturing profile, and define a thresholded interface coupon.","This is a portfolio planning assessment. Market score, C/R/K/lane and product-release evidence remain separate.",COMPLETE PORTFOLIO TRIAGE — NOT RELEASE APPROVAL,2026-08-31,1.0
RESEARCH:SKU-107,RESEARCH_IDEA,SKU-107,,Sewing bobbin and presser-foot drawer cassette,,Store bobbins and machine feet together with a visible inventory and exact drawer footprint.,YES,96.0,88.8,C3 · R1 · K1 · Lane E · LOW_UNKNOWN,C3,R1,K1,E,W3 CONTROLLED,MEDIUM,R3 NOMINAL DESIGN INPUTS,SKU-555; SKU-556; SKU-557,SPECIFIC R3 CHILD ADDED — GENERIC PARENT UNCHANGED,The generic parameter domain remains broader than the evidence. Readiness from the named child must not be copied back to the generic parent.,"Keep the generic parent unchanged; use SKU-555, SKU-556, SKU-557 for the named interface. Raise the parent only after multiple representative variants, explicit parameter limits, and boundary coupons pass.",Specific-child evidence is deliberately isolated; the generic parent retains its current preflight.,COMPLETE PORTFOLIO TRIAGE — NOT RELEASE APPROVAL,2026-08-31,1.0
RESEARCH:SKU-108,RESEARCH_IDEA,SKU-108,,Camera battery and media-card drawer cassette,,Inventory cool; undamaged camera batteries and memory cards in labeled drawer slots.,YES,90.0,73.5,C3–C4 · R0–R1 · K2 · Lane E · LOW_UNKNOWN,C3–C4,R0–R1,K2,E,W4 SPECIALIST / HOLD,LOW / SPECIALIST,R3 NOMINAL DESIGN INPUTS,,NO SPECIFIC CHILD ADDED IN THIS PASS,Scope or interface remains generic and nominal interface/process/verification evidence is incomplete.,"Name one exact product revision, published standard, or measured interface; record E3 nominal data, pin one exact manufacturing profile, and define a thresholded interface coupon.","This is a portfolio planning assessment. Market score, C/R/K/lane and product-release evidence remain separate.",COMPLETE PORTFOLIO TRIAGE — NOT RELEASE APPROVAL,2026-08-31,1.0
RESEARCH:SKU-109,RESEARCH_IDEA,SKU-109,,Coin-capsule and medal drawer cassette,,Arrange capsules; medals and provenance labels in a fitted drawer archive.,YES,91.0,87.8,C2 · R1 · K1 · Lane E · LOW_UNKNOWN,C2,R1,K1,E,W1 HIGH-TREND / LOW-COMPLEXITY,HIGH,R3 NOMINAL DESIGN INPUTS,,NO SPECIFIC CHILD ADDED IN THIS PASS,Scope or interface remains generic and nominal interface/process/verification evidence is incomplete.,"Name one exact product revision, published standard, or measured interface; record E3 nominal data, pin one exact manufacturing profile, and define a thresholded interface coupon.","This is a portfolio planning assessment. Market score, C/R/K/lane and product-release evidence remain separate.",COMPLETE PORTFOLIO TRIAGE — NOT RELEASE APPROVAL,2026-08-31,1.0
RESEARCH:SKU-110,RESEARCH_IDEA,SKU-110,,Fountain-pen and ink-sample drawer cassette,,Store pens and sealed ink-sample vials horizontally with easy removal and spill separation.,YES,95.0,80.5,C3–C4 · R0–R1 · K2 · Lane E · LOW_UNKNOWN,C3–C4,R0–R1,K2,E,W4 SPECIALIST / HOLD,LOW / SPECIALIST,R3 NOMINAL DESIGN INPUTS,,NO SPECIFIC CHILD ADDED IN THIS PASS,Scope or interface remains generic and nominal interface/process/verification evidence is incomplete.,"Name one exact product revision, published standard, or measured interface; record E3 nominal data, pin one exact manufacturing profile, and define a thresholded interface coupon.","This is a portfolio planning assessment. Market score, C/R/K/lane and product-release evidence remain separate.",COMPLETE PORTFOLIO TRIAGE — NOT RELEASE APPROVAL,2026-08-31,1.0
RESEARCH:SKU-111,RESEARCH_IDEA,SKU-111,,Eyeglasses drawer channel insert,,Store several pairs without lenses touching each other or the drawer base.,YES,91.0,78.8,C2–C3 · R0–R1 · K1–K2 · Lane E · LOW_UNKNOWN,C2–C3,R0–R1,K1–K2,E,W3 CONTROLLED,MEDIUM,R3 NOMINAL DESIGN INPUTS,,NO SPECIFIC CHILD ADDED IN THIS PASS,Scope or interface remains generic and nominal interface/process/verification evidence is incomplete.,"Name one exact product revision, published standard, or measured interface; record E3 nominal data, pin one exact manufacturing profile, and define a thresholded interface coupon.","This is a portfolio planning assessment. Market score, C/R/K/lane and product-release evidence remain separate.",COMPLETE PORTFOLIO TRIAGE — NOT RELEASE APPROVAL,2026-08-31,1.0
RESEARCH:SKU-112,RESEARCH_IDEA,SKU-112,,Photo and postcard archive drawer divider,,Sort prints; postcards and ticket-sized paper keepsakes by date or theme in a fitted drawer.,YES,98.0,95.0,C2 · R2 · K1 · Lane E · LOW_UNKNOWN,C2,R2,K1,E,W1 HIGH-TREND / LOW-COMPLEXITY,HIGH,R3 NOMINAL DESIGN INPUTS,SKU-507; SKU-508; SKU-509; SKU-510; SKU-511; SKU-512; SKU-513; SKU-514; SKU-515; SKU-516,SPECIFIC R3 CHILD ADDED — GENERIC PARENT UNCHANGED,The generic parameter domain remains broader than the evidence. Readiness from the named child must not be copied back to the generic parent.,"Keep the generic parent unchanged; use SKU-507, SKU-508, SKU-509, SKU-510, SKU-511, SKU-512, SKU-513, SKU-514, SKU-515, SKU-516 for the named interface. Raise the parent only after multiple representative variants, explicit parameter limits, and boundary coupons pass.",Specific-child evidence is deliberately isolated; the generic parent retains its current preflight.,COMPLETE PORTFOLIO TRIAGE — NOT RELEASE APPROVAL,2026-08-31,1.0
RESEARCH:SKU-113,RESEARCH_IDEA,SKU-113,,Remote-control drawer cradle with cable route,,Give remotes a shaped home inside a drawer while routing one charging lead to rechargeable units.,YES,94.0,77.5,C3–C4 · R0–R1 · K2 · Lane E · LOW_UNKNOWN,C3–C4,R0–R1,K2,E,W4 SPECIALIST / HOLD,LOW / SPECIALIST,R3 NOMINAL DESIGN INPUTS,,NO SPECIFIC CHILD ADDED IN THIS PASS,Scope or interface remains generic and nominal interface/process/verification evidence is incomplete.,"Name one exact product revision, published standard, or measured interface; record E3 nominal data, pin one exact manufacturing profile, and define a thresholded interface coupon.","This is a portfolio planning assessment. Market score, C/R/K/lane and product-release evidence remain separate.",COMPLETE PORTFOLIO TRIAGE — NOT RELEASE APPROVAL,2026-08-31,1.0
RESEARCH:SKU-114,RESEARCH_IDEA,SKU-114,,Clip-on label-window kit for organizer bins,,Add replaceable paper or printed labels to existing bins without reprinting the bin body.,YES,88.0,82.8,C2–C3 · R0–R1 · K1–K2 · Lane E · LOW_UNKNOWN,C2–C3,R0–R1,K1–K2,E,W3 CONTROLLED,MEDIUM,R3 NOMINAL DESIGN INPUTS,,NO SPECIFIC CHILD ADDED IN THIS PASS,Scope or interface remains generic and nominal interface/process/verification evidence is incomplete.,"Name one exact product revision, published standard, or measured interface; record E3 nominal data, pin one exact manufacturing profile, and define a thresholded interface coupon.","This is a portfolio planning assessment. Market score, C/R/K/lane and product-release evidence remain separate.",COMPLETE PORTFOLIO TRIAGE — NOT RELEASE APPROVAL,2026-08-31,1.0
RESEARCH:SKU-115,RESEARCH_IDEA,SKU-115,,Drawer measurement gauge and clearance coupon kit,,Help customers capture internal corners; taper; radius and required clearance before ordering a full organizer.,YES,88.0,90.0,C2 · R2 · K1 · Lane E · LOW_UNKNOWN,C2,R2,K1,E,W1 HIGH-TREND / LOW-COMPLEXITY,HIGH,R3 NOMINAL DESIGN INPUTS,,NO SPECIFIC CHILD ADDED IN THIS PASS,"Concept inputs exist, but the exact named-interface and/or exact process baseline needed for R3 is open.",Validate readings against calipers in ten real drawers and measure customer error.,"This is a portfolio planning assessment. Market score, C/R/K/lane and product-release evidence remain separate.",COMPLETE PORTFOLIO TRIAGE — NOT RELEASE APPROVAL,2026-08-31,1.0
RESEARCH:SKU-116,RESEARCH_IDEA,SKU-116,,Shelf-depth book-row backstop,,Keep books aligned at a chosen setback on shelves that are deeper than the collection.,YES,92.0,81.8,C2–C3 · R0–R1 · K1–K2 · Lane E · LOW_UNKNOWN,C2–C3,R0–R1,K1–K2,E,W3 CONTROLLED,MEDIUM,R3 NOMINAL DESIGN INPUTS,,NO SPECIFIC CHILD ADDED IN THIS PASS,Scope or interface remains generic and nominal interface/process/verification evidence is incomplete.,"Name one exact product revision, published standard, or measured interface; record E3 nominal data, pin one exact manufacturing profile, and define a thresholded interface coupon.","This is a portfolio planning assessment. Market score, C/R/K/lane and product-release evidence remain separate.",COMPLETE PORTFOLIO TRIAGE — NOT RELEASE APPROVAL,2026-08-31,1.0
RESEARCH:SKU-117,RESEARCH_IDEA,SKU-117,,Cubby-fit handbag divider set,,Keep soft bags upright and separated in a specific cubby without permanent installation.,YES,91.0,82.8,C2–C3 · R0–R1 · K1–K2 · Lane E · LOW_UNKNOWN,C2–C3,R0–R1,K1–K2,E,W3 CONTROLLED,MEDIUM,R3 NOMINAL DESIGN INPUTS,SKU-314,SPECIFIC R3 CHILD ADDED — GENERIC PARENT UNCHANGED,The generic parameter domain remains broader than the evidence. Readiness from the named child must not be copied back to the generic parent.,"Keep the generic parent unchanged; use SKU-314 for the named interface. Raise the parent only after multiple representative variants, explicit parameter limits, and boundary coupons pass.",Specific-child evidence is deliberately isolated; the generic parent retains its current preflight.,COMPLETE PORTFOLIO TRIAGE — NOT RELEASE APPROVAL,2026-08-31,1.0
RESEARCH:SKU-118,RESEARCH_IDEA,SKU-118,,Deep-shelf pull-tab bin front,,Add a comfortable removable pull face and label to deep bins without replacing the bin.,YES,88.0,88.8,C2 · R2 · K2 · Lane E · LOW_UNKNOWN,C2,R2,K2,E,W3 CONTROLLED,MEDIUM,R3 NOMINAL DESIGN INPUTS,,NO SPECIFIC CHILD ADDED IN THIS PASS,"Concept inputs exist, but the exact named-interface and/or exact process baseline needed for R3 is open.",Build bin-wall coupon matrix and test 500 pulls at defined contents mass.,"This is a portfolio planning assessment. Market score, C/R/K/lane and product-release evidence remain separate.",COMPLETE PORTFOLIO TRIAGE — NOT RELEASE APPROVAL,2026-08-31,1.0
RESEARCH:SKU-119,RESEARCH_IDEA,SKU-119,,L-shaped shelf-corner micro-bin,,Use the dead L-shaped corner around a vertical obstruction or beside a narrower object.,YES,91.0,80.8,C2–C3 · R0–R1 · K1–K2 · Lane E · LOW_UNKNOWN,C2–C3,R0–R1,K1–K2,E,W3 CONTROLLED,MEDIUM,R3 NOMINAL DESIGN INPUTS,,NO SPECIFIC CHILD ADDED IN THIS PASS,Scope or interface remains generic and nominal interface/process/verification evidence is incomplete.,"Name one exact product revision, published standard, or measured interface; record E3 nominal data, pin one exact manufacturing profile, and define a thresholded interface coupon.","This is a portfolio planning assessment. Market score, C/R/K/lane and product-release evidence remain separate.",COMPLETE PORTFOLIO TRIAGE — NOT RELEASE APPROVAL,2026-08-31,1.0
RESEARCH:SKU-120,RESEARCH_IDEA,SKU-120,,Light-duty shelf riser bridge,,Create a second low level for light objects inside a short shelf bay.,YES,88.0,77.5,C3–C4 · R0–R1 · K2 · Lane E · LOW_UNKNOWN,C3–C4,R0–R1,K2,E,W4 SPECIALIST / HOLD,LOW / SPECIALIST,R3 NOMINAL DESIGN INPUTS,,NO SPECIFIC CHILD ADDED IN THIS PASS,Scope or interface remains generic and nominal interface/process/verification evidence is incomplete.,"Name one exact product revision, published standard, or measured interface; record E3 nominal data, pin one exact manufacturing profile, and define a thresholded interface coupon.","This is a portfolio planning assessment. Market score, C/R/K/lane and product-release evidence remain separate.",COMPLETE PORTFOLIO TRIAGE — NOT RELEASE APPROVAL,2026-08-31,1.0
RESEARCH:SKU-121,RESEARCH_IDEA,SKU-121,,Clip-under-shelf paper tray,,Store a small stack of notebooks or loose paper below a shelf without drilling.,YES,90.0,75.5,C2–C3 · R0–R1 · K2 · Lane E · LOW_UNKNOWN,C2–C3,R0–R1,K2,E,W3 CONTROLLED,MEDIUM,R3 NOMINAL DESIGN INPUTS,,NO SPECIFIC CHILD ADDED IN THIS PASS,Scope or interface remains generic and nominal interface/process/verification evidence is incomplete.,"Name one exact product revision, published standard, or measured interface; record E3 nominal data, pin one exact manufacturing profile, and define a thresholded interface coupon.","This is a portfolio planning assessment. Market score, C/R/K/lane and product-release evidence remain separate.",COMPLETE PORTFOLIO TRIAGE — NOT RELEASE APPROVAL,2026-08-31,1.0
RESEARCH:SKU-122,RESEARCH_IDEA,SKU-122,,Clip-under-shelf eyeglasses rack,,Hang folded eyeglasses below a shelf with soft contact points and no wall holes.,YES,83.0,70.5,C3–C4 · R0–R1 · K2 · Lane E · LOW_UNKNOWN,C3–C4,R0–R1,K2,E,W4 SPECIALIST / HOLD,LOW / SPECIALIST,R3 NOMINAL DESIGN INPUTS,,NO SPECIFIC CHILD ADDED IN THIS PASS,Scope or interface remains generic and nominal interface/process/verification evidence is incomplete.,"Name one exact product revision, published standard, or measured interface; record E3 nominal data, pin one exact manufacturing profile, and define a thresholded interface coupon.","This is a portfolio planning assessment. Market score, C/R/K/lane and product-release evidence remain separate.",COMPLETE PORTFOLIO TRIAGE — NOT RELEASE APPROVAL,2026-08-31,1.0
RESEARCH:SKU-123,RESEARCH_IDEA,SKU-123,,Shelf-side e-reader and book dock,,Park an e-reader and current book together in a narrow shelf-side footprint.,YES,94.0,89.8,C2 · R2 · K2 · Lane E · LOW_UNKNOWN,C2,R2,K2,E,W3 CONTROLLED,MEDIUM,R3 NOMINAL DESIGN INPUTS,,NO SPECIFIC CHILD ADDED IN THIS PASS,"Concept inputs exist, but the exact named-interface and/or exact process baseline needed for R3 is open.",Test five case thicknesses and paperback/hardcover stability.,"This is a portfolio planning assessment. Market score, C/R/K/lane and product-release evidence remain separate.",COMPLETE PORTFOLIO TRIAGE — NOT RELEASE APPROVAL,2026-08-31,1.0
RESEARCH:SKU-124,RESEARCH_IDEA,SKU-124,,Cubby-fit vertical mail sorter,,Sort incoming mail; receipts and action papers in a freestanding unit fitted to one cubby.,YES,93.0,77.8,C2–C3 · R0–R1 · K1–K2 · Lane E · LOW_UNKNOWN,C2–C3,R0–R1,K1–K2,E,W3 CONTROLLED,MEDIUM,R3 NOMINAL DESIGN INPUTS,,NO SPECIFIC CHILD ADDED IN THIS PASS,Scope or interface remains generic and nominal interface/process/verification evidence is incomplete.,"Name one exact product revision, published standard, or measured interface; record E3 nominal data, pin one exact manufacturing profile, and define a thresholded interface coupon.","This is a portfolio planning assessment. Market score, C/R/K/lane and product-release evidence remain separate.",COMPLETE PORTFOLIO TRIAGE — NOT RELEASE APPROVAL,2026-08-31,1.0
RESEARCH:SKU-125,RESEARCH_IDEA,SKU-125,,Wardrobe belt and scarf shelf comb,,Separate rolled belts and scarves so each remains visible and removable from a shelf.,YES,91.0,92.0,C2 · R2 · K2 · Lane E · LOW_UNKNOWN,C2,R2,K2,E,W3 CONTROLLED,MEDIUM,R3 NOMINAL DESIGN INPUTS,,NO SPECIFIC CHILD ADDED IN THIS PASS,"Concept inputs exist, but the exact named-interface and/or exact process baseline needed for R3 is open.",Test snagging; edge radius and module connection with varied fabrics.,"This is a portfolio planning assessment. Market score, C/R/K/lane and product-release evidence remain separate.",COMPLETE PORTFOLIO TRIAGE — NOT RELEASE APPROVAL,2026-08-31,1.0
RESEARCH:SKU-126,RESEARCH_IDEA,SKU-126,,Cap and brim shelf separator,,Keep soft caps upright and prevent brim crushing in a fitted shelf row.,YES,89.0,79.8,C1–C2 · R0–R1 · K1–K2 · Lane E · LOW_UNKNOWN,C1–C2,R0–R1,K1–K2,E,W3 CONTROLLED,MEDIUM,R3 NOMINAL DESIGN INPUTS,,NO SPECIFIC CHILD ADDED IN THIS PASS,Scope or interface remains generic and nominal interface/process/verification evidence is incomplete.,"Name one exact product revision, published standard, or measured interface; record E3 nominal data, pin one exact manufacturing profile, and define a thresholded interface coupon.","This is a portfolio planning assessment. Market score, C/R/K/lane and product-release evidence remain separate.",COMPLETE PORTFOLIO TRIAGE — NOT RELEASE APPROVAL,2026-08-31,1.0
RESEARCH:SKU-127,RESEARCH_IDEA,SKU-127,,Rolled-towel shelf divider,,Keep small rolled towels separated and visible on a narrow linen shelf.,YES,91.0,82.8,C2–C3 · R0–R1 · K1–K2 · Lane E · LOW_UNKNOWN,C2–C3,R0–R1,K1–K2,E,W3 CONTROLLED,MEDIUM,R3 NOMINAL DESIGN INPUTS,,NO SPECIFIC CHILD ADDED IN THIS PASS,Scope or interface remains generic and nominal interface/process/verification evidence is incomplete.,"Name one exact product revision, published standard, or measured interface; record E3 nominal data, pin one exact manufacturing profile, and define a thresholded interface coupon.","This is a portfolio planning assessment. Market score, C/R/K/lane and product-release evidence remain separate.",COMPLETE PORTFOLIO TRIAGE — NOT RELEASE APPROVAL,2026-08-31,1.0
RESEARCH:SKU-128,RESEARCH_IDEA,SKU-128,,Handbag handle support insert,,Support soft bag handles in a gentle arch so bags remain upright without sharp creases.,YES,89.0,75.8,C2–C3 · R0–R1 · K1–K2 · Lane E · LOW_UNKNOWN,C2–C3,R0–R1,K1–K2,E,W3 CONTROLLED,MEDIUM,R3 NOMINAL DESIGN INPUTS,,NO SPECIFIC CHILD ADDED IN THIS PASS,Scope or interface remains generic and nominal interface/process/verification evidence is incomplete.,"Name one exact product revision, published standard, or measured interface; record E3 nominal data, pin one exact manufacturing profile, and define a thresholded interface coupon.","This is a portfolio planning assessment. Market score, C/R/K/lane and product-release evidence remain separate.",COMPLETE PORTFOLIO TRIAGE — NOT RELEASE APPROVAL,2026-08-31,1.0
RESEARCH:SKU-129,RESEARCH_IDEA,SKU-129,,Board-game box anti-lean wedge set,,Keep differently sized board-game boxes upright on a partly filled shelf without crushing them.,YES,92.0,79.8,C2–C3 · R0–R1 · K1–K2 · Lane E · LOW_UNKNOWN,C2–C3,R0–R1,K1–K2,E,W3 CONTROLLED,MEDIUM,R3 NOMINAL DESIGN INPUTS,,NO SPECIFIC CHILD ADDED IN THIS PASS,Scope or interface remains generic and nominal interface/process/verification evidence is incomplete.,"Name one exact product revision, published standard, or measured interface; record E3 nominal data, pin one exact manufacturing profile, and define a thresholded interface coupon.","This is a portfolio planning assessment. Market score, C/R/K/lane and product-release evidence remain separate.",COMPLETE PORTFOLIO TRIAGE — NOT RELEASE APPROVAL,2026-08-31,1.0
RESEARCH:SKU-130,RESEARCH_IDEA,SKU-130,,Gift-wrap roll shelf end support,,Stop paper rolls sliding or telescoping on a shelf using fitted end supports and dividers.,YES,99.0,81.8,C2–C3 · R0–R1 · K1–K2 · Lane E · LOW_UNKNOWN,C2–C3,R0–R1,K1–K2,E,W3 CONTROLLED,MEDIUM,R3 NOMINAL DESIGN INPUTS,SKU-501; SKU-502; SKU-503; SKU-504; SKU-505; SKU-506,SPECIFIC R3 CHILD ADDED — GENERIC PARENT UNCHANGED,The generic parameter domain remains broader than the evidence. Readiness from the named child must not be copied back to the generic parent.,"Keep the generic parent unchanged; use SKU-501, SKU-502, SKU-503, SKU-504, SKU-505, SKU-506 for the named interface. Raise the parent only after multiple representative variants, explicit parameter limits, and boundary coupons pass.",Specific-child evidence is deliberately isolated; the generic parent retains its current preflight.,COMPLETE PORTFOLIO TRIAGE — NOT RELEASE APPROVAL,2026-08-31,1.0
RESEARCH:SKU-131,RESEARCH_IDEA,SKU-131,,Desk-grommet cable comb insert,,Turn an existing desk hole into separated low-voltage cable lanes without adhesive.,YES,86.0,81.5,C3–C4 · R0–R1 · K2 · Lane E · LOW_UNKNOWN,C3–C4,R0–R1,K2,E,W4 SPECIALIST / HOLD,LOW / SPECIALIST,R3 NOMINAL DESIGN INPUTS,,NO SPECIFIC CHILD ADDED IN THIS PASS,Scope or interface remains generic and nominal interface/process/verification evidence is incomplete.,"Name one exact product revision, published standard, or measured interface; record E3 nominal data, pin one exact manufacturing profile, and define a thresholded interface coupon.","This is a portfolio planning assessment. Market score, C/R/K/lane and product-release evidence remain separate.",COMPLETE PORTFOLIO TRIAGE — NOT RELEASE APPROVAL,2026-08-31,1.0
RESEARCH:SKU-132,RESEARCH_IDEA,SKU-132,,Weighted cable-end rescue puck,,Keep frequently used cable ends on the desktop without adhesive or permanent clips.,YES,92.0,77.5,C2–C3 · R0–R1 · K2 · Lane E · LOW_UNKNOWN,C2–C3,R0–R1,K2,E,W3 CONTROLLED,MEDIUM,R3 NOMINAL DESIGN INPUTS,,NO SPECIFIC CHILD ADDED IN THIS PASS,Scope or interface remains generic and nominal interface/process/verification evidence is incomplete.,"Name one exact product revision, published standard, or measured interface; record E3 nominal data, pin one exact manufacturing profile, and define a thresholded interface coupon.","This is a portfolio planning assessment. Market score, C/R/K/lane and product-release evidence remain separate.",COMPLETE PORTFOLIO TRIAGE — NOT RELEASE APPROVAL,2026-08-31,1.0
RESEARCH:SKU-133,RESEARCH_IDEA,SKU-133,,Labeled travel cable-winder cassette,,Store several wound low-voltage cables in a compact labeled cassette without tangling.,YES,97.0,81.5,C2–C3 · R0–R1 · K2 · Lane E · LOW_UNKNOWN,C2–C3,R0–R1,K2,E,W3 CONTROLLED,MEDIUM,R3 NOMINAL DESIGN INPUTS,SKU-529; SKU-530; SKU-531; SKU-532; SKU-533,SPECIFIC R3 CHILD ADDED — GENERIC PARENT UNCHANGED,The generic parameter domain remains broader than the evidence. Readiness from the named child must not be copied back to the generic parent.,"Keep the generic parent unchanged; use SKU-529, SKU-530, SKU-531, SKU-532, SKU-533 for the named interface. Raise the parent only after multiple representative variants, explicit parameter limits, and boundary coupons pass.",Specific-child evidence is deliberately isolated; the generic parent retains its current preflight.,COMPLETE PORTFOLIO TRIAGE — NOT RELEASE APPROVAL,2026-08-31,1.0
RESEARCH:SKU-134,RESEARCH_IDEA,SKU-134,,Charger-brick and lead travel pod,,Carry one power brick and its detached low-voltage lead in a ventilated fitted pod.,YES,87.0,77.2,C3–C4 · R0–R1 · K2–K3 · Lane E · LOW_UNKNOWN,C3–C4,R0–R1,K2–K3,E,W4 SPECIALIST / HOLD,LOW / SPECIALIST,R3 NOMINAL DESIGN INPUTS,,NO SPECIFIC CHILD ADDED IN THIS PASS,Scope or interface remains generic and nominal interface/process/verification evidence is incomplete.,"Name one exact product revision, published standard, or measured interface; record E3 nominal data, pin one exact manufacturing profile, and define a thresholded interface coupon.","This is a portfolio planning assessment. Market score, C/R/K/lane and product-release evidence remain separate.",COMPLETE PORTFOLIO TRIAGE — NOT RELEASE APPROVAL,2026-08-31,1.0
RESEARCH:SKU-135,RESEARCH_IDEA,SKU-135,,Cable plug ID collar generator,,Identify similar cable ends at a glance with text; icons or colors near the connector.,YES,93.0,77.5,C3–C4 · R0–R1 · K2 · Lane E · LOW_UNKNOWN,C3–C4,R0–R1,K2,E,W4 SPECIALIST / HOLD,LOW / SPECIALIST,R3 NOMINAL DESIGN INPUTS,,NO SPECIFIC CHILD ADDED IN THIS PASS,Scope or interface remains generic and nominal interface/process/verification evidence is incomplete.,"Name one exact product revision, published standard, or measured interface; record E3 nominal data, pin one exact manufacturing profile, and define a thresholded interface coupon.","This is a portfolio planning assessment. Market score, C/R/K/lane and product-release evidence remain separate.",COMPLETE PORTFOLIO TRIAGE — NOT RELEASE APPROVAL,2026-08-31,1.0
RESEARCH:SKU-136,RESEARCH_IDEA,SKU-136,,Low-voltage cable slack spool module,,Contain a chosen length of excess low-voltage cable in a removable under-desk or drawer module.,YES,89.0,74.5,C3–C4 · R0–R1 · K2 · Lane E · LOW_UNKNOWN,C3–C4,R0–R1,K2,E,W4 SPECIALIST / HOLD,LOW / SPECIALIST,R3 NOMINAL DESIGN INPUTS,,NO SPECIFIC CHILD ADDED IN THIS PASS,Scope or interface remains generic and nominal interface/process/verification evidence is incomplete.,"Name one exact product revision, published standard, or measured interface; record E3 nominal data, pin one exact manufacturing profile, and define a thresholded interface coupon.","This is a portfolio planning assessment. Market score, C/R/K/lane and product-release evidence remain separate.",COMPLETE PORTFOLIO TRIAGE — NOT RELEASE APPROVAL,2026-08-31,1.0
RESEARCH:SKU-137,RESEARCH_IDEA,SKU-137,,Interchangeable cable-head reducer insert set,,Let one docking bar securely park thin; thick and unusually shaped cable heads using replaceable soft inserts.,YES,87.0,83.5,C3–C4 · R0–R1 · K2 · Lane E · LOW_UNKNOWN,C3–C4,R0–R1,K2,E,W4 SPECIALIST / HOLD,LOW / SPECIALIST,R3 NOMINAL DESIGN INPUTS,,NO SPECIFIC CHILD ADDED IN THIS PASS,Scope or interface remains generic and nominal interface/process/verification evidence is incomplete.,"Name one exact product revision, published standard, or measured interface; record E3 nominal data, pin one exact manufacturing profile, and define a thresholded interface coupon.","This is a portfolio planning assessment. Market score, C/R/K/lane and product-release evidence remain separate.",COMPLETE PORTFOLIO TRIAGE — NOT RELEASE APPROVAL,2026-08-31,1.0
RESEARCH:SKU-138,RESEARCH_IDEA,SKU-138,,Vertical laptop slot with thickness gauge,,Store one or two closed laptops vertically with clearance for cases and soft contact pads.,YES,80.0,73.5,C3–C4 · R0–R1 · K2 · Lane E · LOW_UNKNOWN,C3–C4,R0–R1,K2,E,W4 SPECIALIST / HOLD,LOW / SPECIALIST,R3 NOMINAL DESIGN INPUTS,,NO SPECIFIC CHILD ADDED IN THIS PASS,Scope or interface remains generic and nominal interface/process/verification evidence is incomplete.,"Name one exact product revision, published standard, or measured interface; record E3 nominal data, pin one exact manufacturing profile, and define a thresholded interface coupon.","This is a portfolio planning assessment. Market score, C/R/K/lane and product-release evidence remain separate.",COMPLETE PORTFOLIO TRIAGE — NOT RELEASE APPROVAL,2026-08-31,1.0
RESEARCH:SKU-139,RESEARCH_IDEA,SKU-139,,Keyboard tilt wedge pair with wrist-clearance,,Raise a keyboard to a chosen mild angle while preserving cable and wrist-rest clearance.,YES,88.0,77.5,C3–C4 · R0–R1 · K2 · Lane E · LOW_UNKNOWN,C3–C4,R0–R1,K2,E,W4 SPECIALIST / HOLD,LOW / SPECIALIST,R3 NOMINAL DESIGN INPUTS,,NO SPECIFIC CHILD ADDED IN THIS PASS,Scope or interface remains generic and nominal interface/process/verification evidence is incomplete.,"Name one exact product revision, published standard, or measured interface; record E3 nominal data, pin one exact manufacturing profile, and define a thresholded interface coupon.","This is a portfolio planning assessment. Market score, C/R/K/lane and product-release evidence remain separate.",COMPLETE PORTFOLIO TRIAGE — NOT RELEASE APPROVAL,2026-08-31,1.0
RESEARCH:SKU-140,RESEARCH_IDEA,SKU-140,,Monitor-base fitted accessory collar,,Wrap unused perimeter space around a monitor base with removable trays sized to that base.,YES,92.0,76.5,C3–C4 · R0–R1 · K2 · Lane E · LOW_UNKNOWN,C3–C4,R0–R1,K2,E,W4 SPECIALIST / HOLD,LOW / SPECIALIST,R3 NOMINAL DESIGN INPUTS,,NO SPECIFIC CHILD ADDED IN THIS PASS,Scope or interface remains generic and nominal interface/process/verification evidence is incomplete.,"Name one exact product revision, published standard, or measured interface; record E3 nominal data, pin one exact manufacturing profile, and define a thresholded interface coupon.","This is a portfolio planning assessment. Market score, C/R/K/lane and product-release evidence remain separate.",COMPLETE PORTFOLIO TRIAGE — NOT RELEASE APPROVAL,2026-08-31,1.0
RESEARCH:SKU-141,RESEARCH_IDEA,SKU-141,,Monitor-arm pole lightweight accessory cup,,Hold pens or a remote on an existing vertical pole without altering the desk surface.,YES,82.0,52.2,C3–C4 · R0–R1 · K2–K3 · Lane E · LOW_UNKNOWN,C3–C4,R0–R1,K2–K3,E,W4 SPECIALIST / HOLD,LOW / SPECIALIST,R3 NOMINAL DESIGN INPUTS,,NO SPECIFIC CHILD ADDED IN THIS PASS,Scope or interface remains generic and nominal interface/process/verification evidence is incomplete.,"Name one exact product revision, published standard, or measured interface; record E3 nominal data, pin one exact manufacturing profile, and define a thresholded interface coupon.","This is a portfolio planning assessment. Market score, C/R/K/lane and product-release evidence remain separate.",COMPLETE PORTFOLIO TRIAGE — NOT RELEASE APPROVAL,2026-08-31,1.0
RESEARCH:SKU-142,RESEARCH_IDEA,SKU-142,,Clip-on webcam privacy shutter,,Cover a camera lens with a thin reversible shutter that does not obstruct indicators or sensors.,YES,82.0,65.2,C3–C4 · R0–R1 · K2–K3 · Lane E · LOW_UNKNOWN,C3–C4,R0–R1,K2–K3,E,W4 SPECIALIST / HOLD,LOW / SPECIALIST,R3 NOMINAL DESIGN INPUTS,,NO SPECIFIC CHILD ADDED IN THIS PASS,Scope or interface remains generic and nominal interface/process/verification evidence is incomplete.,"Name one exact product revision, published standard, or measured interface; record E3 nominal data, pin one exact manufacturing profile, and define a thresholded interface coupon.","This is a portfolio planning assessment. Market score, C/R/K/lane and product-release evidence remain separate.",COMPLETE PORTFOLIO TRIAGE — NOT RELEASE APPROVAL,2026-08-31,1.0
RESEARCH:SKU-143,RESEARCH_IDEA,SKU-143,,Page-turn remote tabletop dock,,Keep a small e-reader page-turn remote upright; visible and easy to retrieve.,YES,84.0,80.8,C1–C2 · R0–R1 · K1–K2 · Lane E · LOW_UNKNOWN,C1–C2,R0–R1,K1–K2,E,W3 CONTROLLED,MEDIUM,R3 NOMINAL DESIGN INPUTS,,NO SPECIFIC CHILD ADDED IN THIS PASS,Scope or interface remains generic and nominal interface/process/verification evidence is incomplete.,"Name one exact product revision, published standard, or measured interface; record E3 nominal data, pin one exact manufacturing profile, and define a thresholded interface coupon.","This is a portfolio planning assessment. Market score, C/R/K/lane and product-release evidence remain separate.",COMPLETE PORTFOLIO TRIAGE — NOT RELEASE APPROVAL,2026-08-31,1.0
RESEARCH:SKU-144,RESEARCH_IDEA,SKU-144,,Reusable desk cable identification flag set,,Mark both ends and midpoints of frequently moved cables with matched colors; numbers or text.,YES,93.0,79.5,C3–C4 · R0–R1 · K2 · Lane E · LOW_UNKNOWN,C3–C4,R0–R1,K2,E,W4 SPECIALIST / HOLD,LOW / SPECIALIST,R3 NOMINAL DESIGN INPUTS,,NO SPECIFIC CHILD ADDED IN THIS PASS,Scope or interface remains generic and nominal interface/process/verification evidence is incomplete.,"Name one exact product revision, published standard, or measured interface; record E3 nominal data, pin one exact manufacturing profile, and define a thresholded interface coupon.","This is a portfolio planning assessment. Market score, C/R/K/lane and product-release evidence remain separate.",COMPLETE PORTFOLIO TRIAGE — NOT RELEASE APPROVAL,2026-08-31,1.0
RESEARCH:SKU-145,RESEARCH_IDEA,SKU-145,,Fold-flat phone stand with document rest,,Support a phone and one sheet or recipe card in a flat-pack stand for calls; study or travel.,YES,87.0,73.5,C3–C4 · R0–R1 · K2 · Lane E · LOW_UNKNOWN,C3–C4,R0–R1,K2,E,W4 SPECIALIST / HOLD,LOW / SPECIALIST,R3 NOMINAL DESIGN INPUTS,,NO SPECIFIC CHILD ADDED IN THIS PASS,Scope or interface remains generic and nominal interface/process/verification evidence is incomplete.,"Name one exact product revision, published standard, or measured interface; record E3 nominal data, pin one exact manufacturing profile, and define a thresholded interface coupon.","This is a portfolio planning assessment. Market score, C/R/K/lane and product-release evidence remain separate.",COMPLETE PORTFOLIO TRIAGE — NOT RELEASE APPROVAL,2026-08-31,1.0
RESEARCH:SKU-146,RESEARCH_IDEA,SKU-146,,Washi-tape tiered dispenser,,Store and dispense a chosen set of tape rolls with visible colors in a compact footprint.,YES,95.0,83.8,C2 · R0–R1 · K1–K2 · Lane E · LOW_UNKNOWN,C2,R0–R1,K1–K2,E,W3 CONTROLLED,MEDIUM,R3 NOMINAL DESIGN INPUTS,,NO SPECIFIC CHILD ADDED IN THIS PASS,Scope or interface remains generic and nominal interface/process/verification evidence is incomplete.,"Name one exact product revision, published standard, or measured interface; record E3 nominal data, pin one exact manufacturing profile, and define a thresholded interface coupon.","This is a portfolio planning assessment. Market score, C/R/K/lane and product-release evidence remain separate.",COMPLETE PORTFOLIO TRIAGE — NOT RELEASE APPROVAL,2026-08-31,1.0
RESEARCH:SKU-147,RESEARCH_IDEA,SKU-147,,Paired thread-and-bobbin rack,,Keep each thread spool paired with its matching loaded bobbin in one visible rack.,YES,91.0,89.8,C2 · R2 · K1 · Lane E · LOW_UNKNOWN,C2,R2,K1,E,W1 HIGH-TREND / LOW-COMPLEXITY,HIGH,R3 NOMINAL DESIGN INPUTS,,NO SPECIFIC CHILD ADDED IN THIS PASS,"Concept inputs exist, but the exact named-interface and/or exact process baseline needed for R3 is open.",Test common spool and bobbin standards; inspect every thread-contact edge.,"This is a portfolio planning assessment. Market score, C/R/K/lane and product-release evidence remain separate.",COMPLETE PORTFOLIO TRIAGE — NOT RELEASE APPROVAL,2026-08-31,1.0
RESEARCH:SKU-148,RESEARCH_IDEA,SKU-148,,Embroidery-floss project palette dock,,Park labeled floss cards for one active project in sequence without tangling.,YES,93.0,95.0,C2 · R2 · K1 · Lane E · LOW_UNKNOWN,C2,R2,K1,E,W1 HIGH-TREND / LOW-COMPLEXITY,HIGH,R3 NOMINAL DESIGN INPUTS,,NO SPECIFIC CHILD ADDED IN THIS PASS,"Concept inputs exist, but the exact named-interface and/or exact process baseline needed for R3 is open.",Pilot with three card standards and 30-color project workflow.,"This is a portfolio planning assessment. Market score, C/R/K/lane and product-release evidence remain separate.",COMPLETE PORTFOLIO TRIAGE — NOT RELEASE APPROVAL,2026-08-31,1.0
RESEARCH:SKU-149,RESEARCH_IDEA,SKU-149,,Needlepoint thread parking comb,,Temporarily separate active thread colors at a canvas edge or tabletop without knots.,YES,88.0,74.8,C2–C3 · R0–R1 · K1–K2 · Lane E · LOW_UNKNOWN,C2–C3,R0–R1,K1–K2,E,W3 CONTROLLED,MEDIUM,R3 NOMINAL DESIGN INPUTS,,NO SPECIFIC CHILD ADDED IN THIS PASS,Scope or interface remains generic and nominal interface/process/verification evidence is incomplete.,"Name one exact product revision, published standard, or measured interface; record E3 nominal data, pin one exact manufacturing profile, and define a thresholded interface coupon.","This is a portfolio planning assessment. Market score, C/R/K/lane and product-release evidence remain separate.",COMPLETE PORTFOLIO TRIAGE — NOT RELEASE APPROVAL,2026-08-31,1.0
RESEARCH:SKU-150,RESEARCH_IDEA,SKU-150,,Crochet-hook diameter rack,,Arrange hooks by actual shaft and handle diameter with readable size labels.,YES,91.0,96.0,C2 · R2 · K1 · Lane C · LOW_UNKNOWN,C2,R2,K1,C,W1 HIGH-TREND / LOW-COMPLEXITY,HIGH,R3 NOMINAL DESIGN INPUTS,,NO SPECIFIC CHILD ADDED IN THIS PASS,"Concept inputs exist, but the exact named-interface and/or exact process baseline needed for R3 is open.",Create handle-profile measurement card and validate removal across 15 hooks.,"This is a portfolio planning assessment. Market score, C/R/K/lane and product-release evidence remain separate.",COMPLETE PORTFOLIO TRIAGE — NOT RELEASE APPROVAL,2026-08-31,1.0
RESEARCH:SKU-151,RESEARCH_IDEA,SKU-151,,Portable yarn-project caddy lid,,Turn a measured customer-owned box into a removable lid that parks hook; markers; scissors and active yarn.,YES,91.0,75.5,C3–C4 · R0–R1 · K2 · Lane E · LOW_UNKNOWN,C3–C4,R0–R1,K2,E,W4 SPECIALIST / HOLD,LOW / SPECIALIST,R3 NOMINAL DESIGN INPUTS,,NO SPECIFIC CHILD ADDED IN THIS PASS,Scope or interface remains generic and nominal interface/process/verification evidence is incomplete.,"Name one exact product revision, published standard, or measured interface; record E3 nominal data, pin one exact manufacturing profile, and define a thresholded interface coupon.","This is a portfolio planning assessment. Market score, C/R/K/lane and product-release evidence remain separate.",COMPLETE PORTFOLIO TRIAGE — NOT RELEASE APPROVAL,2026-08-31,1.0
RESEARCH:SKU-152,RESEARCH_IDEA,SKU-152,,Spool-cone adapter and tail keeper,,Stabilize a thread cone on a storage peg and capture the loose thread tail between uses.,YES,88.0,83.8,C2–C3 · R0–R1 · K1–K2 · Lane E · LOW_UNKNOWN,C2–C3,R0–R1,K1–K2,E,W3 CONTROLLED,MEDIUM,R3 NOMINAL DESIGN INPUTS,,NO SPECIFIC CHILD ADDED IN THIS PASS,Scope or interface remains generic and nominal interface/process/verification evidence is incomplete.,"Name one exact product revision, published standard, or measured interface; record E3 nominal data, pin one exact manufacturing profile, and define a thresholded interface coupon.","This is a portfolio planning assessment. Market score, C/R/K/lane and product-release evidence remain separate.",COMPLETE PORTFOLIO TRIAGE — NOT RELEASE APPROVAL,2026-08-31,1.0
RESEARCH:SKU-153,RESEARCH_IDEA,SKU-153,,Paint-bottle stepped rack,,Display mixed paint bottles in diameter-matched rows so labels stay visible.,YES,93.0,82.5,C2–C3 · R0–R1 · K2 · Lane E · LOW_UNKNOWN,C2–C3,R0–R1,K2,E,W3 CONTROLLED,MEDIUM,R3 NOMINAL DESIGN INPUTS,,NO SPECIFIC CHILD ADDED IN THIS PASS,Scope or interface remains generic and nominal interface/process/verification evidence is incomplete.,"Name one exact product revision, published standard, or measured interface; record E3 nominal data, pin one exact manufacturing profile, and define a thresholded interface coupon.","This is a portfolio planning assessment. Market score, C/R/K/lane and product-release evidence remain separate.",COMPLETE PORTFOLIO TRIAGE — NOT RELEASE APPROVAL,2026-08-31,1.0
RESEARCH:SKU-154,RESEARCH_IDEA,SKU-154,,Paintbrush drying bridge with removable drip tray,,Dry cleaned brushes horizontally with bristles unsupported and collect residual water below.,YES,90.0,75.5,C3–C4 · R0–R1 · K2 · Lane E · LOW_UNKNOWN,C3–C4,R0–R1,K2,E,W4 SPECIALIST / HOLD,LOW / SPECIALIST,R3 NOMINAL DESIGN INPUTS,,NO SPECIFIC CHILD ADDED IN THIS PASS,Scope or interface remains generic and nominal interface/process/verification evidence is incomplete.,"Name one exact product revision, published standard, or measured interface; record E3 nominal data, pin one exact manufacturing profile, and define a thresholded interface coupon.","This is a portfolio planning assessment. Market score, C/R/K/lane and product-release evidence remain separate.",COMPLETE PORTFOLIO TRIAGE — NOT RELEASE APPROVAL,2026-08-31,1.0
RESEARCH:SKU-155,RESEARCH_IDEA,SKU-155,,Marker swatch-cap display rail,,Keep swatch samples aligned above matching markers without altering the markers.,YES,96.0,83.8,C2–C3 · R0–R1 · K1–K2 · Lane E · LOW_UNKNOWN,C2–C3,R0–R1,K1–K2,E,W3 CONTROLLED,MEDIUM,R3 NOMINAL DESIGN INPUTS,,NO SPECIFIC CHILD ADDED IN THIS PASS,Scope or interface remains generic and nominal interface/process/verification evidence is incomplete.,"Name one exact product revision, published standard, or measured interface; record E3 nominal data, pin one exact manufacturing profile, and define a thresholded interface coupon.","This is a portfolio planning assessment. Market score, C/R/K/lane and product-release evidence remain separate.",COMPLETE PORTFOLIO TRIAGE — NOT RELEASE APPROVAL,2026-08-31,1.0
RESEARCH:SKU-156,RESEARCH_IDEA,SKU-156,,Diamond-painting tray staging rack,,Park multiple active sorting trays in order while preserving their labels and pour spouts.,YES,94.0,89.8,C2 · R2 · K1 · Lane E · LOW_UNKNOWN,C2,R2,K1,E,W1 HIGH-TREND / LOW-COMPLEXITY,HIGH,R3 NOMINAL DESIGN INPUTS,,NO SPECIFIC CHILD ADDED IN THIS PASS,"Concept inputs exist, but the exact named-interface and/or exact process baseline needed for R3 is open.",Test spill resistance and one-handed tray removal with generic empty trays.,"This is a portfolio planning assessment. Market score, C/R/K/lane and product-release evidence remain separate.",COMPLETE PORTFOLIO TRIAGE — NOT RELEASE APPROVAL,2026-08-31,1.0
RESEARCH:SKU-157,RESEARCH_IDEA,SKU-157,,Bead-vial scoop-well tray,,Organize small bead vials and pour contents into rounded scoop wells for easier return.,YES,96.0,84.5,C2–C3 · R0–R1 · K2 · Lane E · LOW_UNKNOWN,C2–C3,R0–R1,K2,E,W3 CONTROLLED,MEDIUM,R3 NOMINAL DESIGN INPUTS,,NO SPECIFIC CHILD ADDED IN THIS PASS,Scope or interface remains generic and nominal interface/process/verification evidence is incomplete.,"Name one exact product revision, published standard, or measured interface; record E3 nominal data, pin one exact manufacturing profile, and define a thresholded interface coupon.","This is a portfolio planning assessment. Market score, C/R/K/lane and product-release evidence remain separate.",COMPLETE PORTFOLIO TRIAGE — NOT RELEASE APPROVAL,2026-08-31,1.0
RESEARCH:SKU-158,RESEARCH_IDEA,SKU-158,,Craft stamp and die index rack,,Store thin stamps; dies or template envelopes vertically with searchable labels.,YES,94.0,90.8,C2 · R2 · K1 · Lane E · LOW_UNKNOWN,C2,R2,K1,E,W1 HIGH-TREND / LOW-COMPLEXITY,HIGH,R3 NOMINAL DESIGN INPUTS,,NO SPECIFIC CHILD ADDED IN THIS PASS,"Concept inputs exist, but the exact named-interface and/or exact process baseline needed for R3 is open.",Test retrieval and tipping with filled paper envelopes rather than loose dies.,"This is a portfolio planning assessment. Market score, C/R/K/lane and product-release evidence remain separate.",COMPLETE PORTFOLIO TRIAGE — NOT RELEASE APPROVAL,2026-08-31,1.0
RESEARCH:SKU-159,RESEARCH_IDEA,SKU-159,,Vinyl-weeding tool and scrap-catcher station,,Park cool hand tools and capture adhesive vinyl scraps in a removable cup.,YES,92.0,77.5,C2–C3 · R0–R1 · K2 · Lane E · LOW_UNKNOWN,C2–C3,R0–R1,K2,E,W3 CONTROLLED,MEDIUM,R3 NOMINAL DESIGN INPUTS,,NO SPECIFIC CHILD ADDED IN THIS PASS,Scope or interface remains generic and nominal interface/process/verification evidence is incomplete.,"Name one exact product revision, published standard, or measured interface; record E3 nominal data, pin one exact manufacturing profile, and define a thresholded interface coupon.","This is a portfolio planning assessment. Market score, C/R/K/lane and product-release evidence remain separate.",COMPLETE PORTFOLIO TRIAGE — NOT RELEASE APPROVAL,2026-08-31,1.0
RESEARCH:SKU-160,RESEARCH_IDEA,SKU-160,,Craft-night modular personal supply caddy,,Give each adult participant a small labeled caddy that docks into a shared center layout.,YES,96.0,90.8,C2 · R2 · K1 · Lane E · LOW_UNKNOWN,C2,R2,K1,E,W1 HIGH-TREND / LOW-COMPLEXITY,HIGH,R3 NOMINAL DESIGN INPUTS,SKU-551; SKU-552; SKU-553; SKU-554,SPECIFIC R3 CHILD ADDED — GENERIC PARENT UNCHANGED,The generic parameter domain remains broader than the evidence. Readiness from the named child must not be copied back to the generic parent.,"Keep the generic parent unchanged; use SKU-551, SKU-552, SKU-553, SKU-554 for the named interface. Raise the parent only after multiple representative variants, explicit parameter limits, and boundary coupons pass.",Specific-child evidence is deliberately isolated; the generic parent retains its current preflight.,COMPLETE PORTFOLIO TRIAGE — NOT RELEASE APPROVAL,2026-08-31,1.0
RESEARCH:SKU-161,RESEARCH_IDEA,SKU-161,,Graded-card slab drawer/display cradle,,Store graded collectible slabs in a drawer while lifting one selected slab into a display angle.,YES,91.0,70.5,C3–C4 · R0–R1 · K2 · Lane E · LOW_UNKNOWN,C3–C4,R0–R1,K2,E,W4 SPECIALIST / HOLD,LOW / SPECIALIST,R3 NOMINAL DESIGN INPUTS,,NO SPECIFIC CHILD ADDED IN THIS PASS,Scope or interface remains generic and nominal interface/process/verification evidence is incomplete.,"Name one exact product revision, published standard, or measured interface; record E3 nominal data, pin one exact manufacturing profile, and define a thresholded interface coupon.","This is a portfolio planning assessment. Market score, C/R/K/lane and product-release evidence remain separate.",COMPLETE PORTFOLIO TRIAGE — NOT RELEASE APPROVAL,2026-08-31,1.0
RESEARCH:SKU-162,RESEARCH_IDEA,SKU-162,,Coin-capsule display tile,,Arrange a themed set of coin capsules and small paper labels in a freestanding modular display.,YES,83.0,78.8,C1–C2 · R0–R1 · K1–K2 · Lane E · LOW_UNKNOWN,C1–C2,R0–R1,K1–K2,E,W3 CONTROLLED,MEDIUM,R3 NOMINAL DESIGN INPUTS,,NO SPECIFIC CHILD ADDED IN THIS PASS,Scope or interface remains generic and nominal interface/process/verification evidence is incomplete.,"Name one exact product revision, published standard, or measured interface; record E3 nominal data, pin one exact manufacturing profile, and define a thresholded interface coupon.","This is a portfolio planning assessment. Market score, C/R/K/lane and product-release evidence remain separate.",COMPLETE PORTFOLIO TRIAGE — NOT RELEASE APPROVAL,2026-08-31,1.0
RESEARCH:SKU-163,RESEARCH_IDEA,SKU-163,,Mineral and specimen riser-label set,,Present small specimens at varied heights with consistent removable labels.,YES,90.0,77.8,C2–C3 · R0–R1 · K1–K2 · Lane E · LOW_UNKNOWN,C2–C3,R0–R1,K1–K2,E,W3 CONTROLLED,MEDIUM,R3 NOMINAL DESIGN INPUTS,,NO SPECIFIC CHILD ADDED IN THIS PASS,Scope or interface remains generic and nominal interface/process/verification evidence is incomplete.,"Name one exact product revision, published standard, or measured interface; record E3 nominal data, pin one exact manufacturing profile, and define a thresholded interface coupon.","This is a portfolio planning assessment. Market score, C/R/K/lane and product-release evidence remain separate.",COMPLETE PORTFOLIO TRIAGE — NOT RELEASE APPROVAL,2026-08-31,1.0
RESEARCH:SKU-164,RESEARCH_IDEA,SKU-164,,Pin and badge display tile,,Arrange pin-backed badges on reusable tiles that can stand on a shelf or fit a frame.,YES,91.0,77.5,C2–C3 · R0–R1 · K2 · Lane E · LOW_UNKNOWN,C2–C3,R0–R1,K2,E,W3 CONTROLLED,MEDIUM,R3 NOMINAL DESIGN INPUTS,,NO SPECIFIC CHILD ADDED IN THIS PASS,Scope or interface remains generic and nominal interface/process/verification evidence is incomplete.,"Name one exact product revision, published standard, or measured interface; record E3 nominal data, pin one exact manufacturing profile, and define a thresholded interface coupon.","This is a portfolio planning assessment. Market score, C/R/K/lane and product-release evidence remain separate.",COMPLETE PORTFOLIO TRIAGE — NOT RELEASE APPROVAL,2026-08-31,1.0
RESEARCH:SKU-165,RESEARCH_IDEA,SKU-165,,Miniature-figure tiered cabinet riser,,Use vertical cabinet space to display generic small figures in staggered rows.,YES,90.0,70.5,C3–C4 · R0–R1 · K2 · Lane E · LOW_UNKNOWN,C3–C4,R0–R1,K2,E,W4 SPECIALIST / HOLD,LOW / SPECIALIST,R3 NOMINAL DESIGN INPUTS,,NO SPECIFIC CHILD ADDED IN THIS PASS,Scope or interface remains generic and nominal interface/process/verification evidence is incomplete.,"Name one exact product revision, published standard, or measured interface; record E3 nominal data, pin one exact manufacturing profile, and define a thresholded interface coupon.","This is a portfolio planning assessment. Market score, C/R/K/lane and product-release evidence remain separate.",COMPLETE PORTFOLIO TRIAGE — NOT RELEASE APPROVAL,2026-08-31,1.0
RESEARCH:SKU-166,RESEARCH_IDEA,SKU-166,,Fountain-pen presentation rest set,,Display one to six pens horizontally with soft contact and personalized labels.,YES,89.0,79.8,C2–C3 · R0–R1 · K1–K2 · Lane E · LOW_UNKNOWN,C2–C3,R0–R1,K1–K2,E,W3 CONTROLLED,MEDIUM,R3 NOMINAL DESIGN INPUTS,,NO SPECIFIC CHILD ADDED IN THIS PASS,Scope or interface remains generic and nominal interface/process/verification evidence is incomplete.,"Name one exact product revision, published standard, or measured interface; record E3 nominal data, pin one exact manufacturing profile, and define a thresholded interface coupon.","This is a portfolio planning assessment. Market score, C/R/K/lane and product-release evidence remain separate.",COMPLETE PORTFOLIO TRIAGE — NOT RELEASE APPROVAL,2026-08-31,1.0
RESEARCH:SKU-167,RESEARCH_IDEA,SKU-167,,Cassette-tape shelf divider and display,,Index cassette tapes on a shelf and present one selected case face-out.,YES,84.0,81.8,C1–C2 · R0–R1 · K1–K2 · Lane E · LOW_UNKNOWN,C1–C2,R0–R1,K1–K2,E,W3 CONTROLLED,MEDIUM,R3 NOMINAL DESIGN INPUTS,,NO SPECIFIC CHILD ADDED IN THIS PASS,Scope or interface remains generic and nominal interface/process/verification evidence is incomplete.,"Name one exact product revision, published standard, or measured interface; record E3 nominal data, pin one exact manufacturing profile, and define a thresholded interface coupon.","This is a portfolio planning assessment. Market score, C/R/K/lane and product-release evidence remain separate.",COMPLETE PORTFOLIO TRIAGE — NOT RELEASE APPROVAL,2026-08-31,1.0
RESEARCH:SKU-168,RESEARCH_IDEA,SKU-168,,CD jewel-case now-playing stand,,Display a CD jewel case or booklet at a compact angle with a small disc-safe accessory bay.,YES,75.0,79.8,C1–C2 · R0–R1 · K1–K2 · Lane E · LOW_UNKNOWN,C1–C2,R0–R1,K1–K2,E,W3 CONTROLLED,MEDIUM,R3 NOMINAL DESIGN INPUTS,,NO SPECIFIC CHILD ADDED IN THIS PASS,Scope or interface remains generic and nominal interface/process/verification evidence is incomplete.,"Name one exact product revision, published standard, or measured interface; record E3 nominal data, pin one exact manufacturing profile, and define a thresholded interface coupon.","This is a portfolio planning assessment. Market score, C/R/K/lane and product-release evidence remain separate.",COMPLETE PORTFOLIO TRIAGE — NOT RELEASE APPROVAL,2026-08-31,1.0
RESEARCH:SKU-169,RESEARCH_IDEA,SKU-169,,Vinyl-cleaning accessory dock,,Store a record brush; stylus brush and cleaning bottle upright beside a turntable.,YES,87.0,71.5,C2–C3 · R0–R1 · K2 · Lane E · LOW_UNKNOWN,C2–C3,R0–R1,K2,E,W3 CONTROLLED,MEDIUM,R3 NOMINAL DESIGN INPUTS,,NO SPECIFIC CHILD ADDED IN THIS PASS,Scope or interface remains generic and nominal interface/process/verification evidence is incomplete.,"Name one exact product revision, published standard, or measured interface; record E3 nominal data, pin one exact manufacturing profile, and define a thresholded interface coupon.","This is a portfolio planning assessment. Market score, C/R/K/lane and product-release evidence remain separate.",COMPLETE PORTFOLIO TRIAGE — NOT RELEASE APPROVAL,2026-08-31,1.0
RESEARCH:SKU-170,RESEARCH_IDEA,SKU-170,,Record-shelf anti-lean spacer and index tabs,,Keep a partly filled record shelf upright while indexing sections with adjustable tabs.,YES,80.0,71.5,C3–C4 · R0–R1 · K2 · Lane E · LOW_UNKNOWN,C3–C4,R0–R1,K2,E,W4 SPECIALIST / HOLD,LOW / SPECIALIST,R3 NOMINAL DESIGN INPUTS,,NO SPECIFIC CHILD ADDED IN THIS PASS,Scope or interface remains generic and nominal interface/process/verification evidence is incomplete.,"Name one exact product revision, published standard, or measured interface; record E3 nominal data, pin one exact manufacturing profile, and define a thresholded interface coupon.","This is a portfolio planning assessment. Market score, C/R/K/lane and product-release evidence remain separate.",COMPLETE PORTFOLIO TRIAGE — NOT RELEASE APPROVAL,2026-08-31,1.0
RESEARCH:SKU-171,RESEARCH_IDEA,SKU-171,,Personalized freestanding valet tray with named pods,,Give each household member a defined place for keys; wallet and daily pocket items.,YES,97.0,83.8,C1–C2 · R0–R1 · K1–K2 · Lane E · LOW_UNKNOWN,C1–C2,R0–R1,K1–K2,E,W3 CONTROLLED,MEDIUM,R3 NOMINAL DESIGN INPUTS,SKU-534; SKU-535; SKU-536; SKU-537; SKU-538; SKU-539,SPECIFIC R3 CHILD ADDED — GENERIC PARENT UNCHANGED,The generic parameter domain remains broader than the evidence. Readiness from the named child must not be copied back to the generic parent.,"Keep the generic parent unchanged; use SKU-534, SKU-535, SKU-536, SKU-537, SKU-538, SKU-539 for the named interface. Raise the parent only after multiple representative variants, explicit parameter limits, and boundary coupons pass.",Specific-child evidence is deliberately isolated; the generic parent retains its current preflight.,COMPLETE PORTFOLIO TRIAGE — NOT RELEASE APPROVAL,2026-08-31,1.0
RESEARCH:SKU-172,RESEARCH_IDEA,SKU-172,,Guest key and parking-pass turnover tray,,Separate incoming and outgoing guest keys; parking passes and instructions at a reception counter.,YES,91.0,76.5,C2–C3 · R0–R1 · K2 · Lane E · LOW_UNKNOWN,C2–C3,R0–R1,K2,E,W3 CONTROLLED,MEDIUM,R3 NOMINAL DESIGN INPUTS,,NO SPECIFIC CHILD ADDED IN THIS PASS,Scope or interface remains generic and nominal interface/process/verification evidence is incomplete.,"Name one exact product revision, published standard, or measured interface; record E3 nominal data, pin one exact manufacturing profile, and define a thresholded interface coupon.","This is a portfolio planning assessment. Market score, C/R/K/lane and product-release evidence remain separate.",COMPLETE PORTFOLIO TRIAGE — NOT RELEASE APPROVAL,2026-08-31,1.0
RESEARCH:SKU-173,RESEARCH_IDEA,SKU-173,,Modular pocket-emptying tray with coin slope,,Let users sweep coins and small items out of rounded pockets while rearranging modules by habit.,YES,97.0,94.0,C2 · R2 · K1 · Lane E · LOW_UNKNOWN,C2,R2,K1,E,W1 HIGH-TREND / LOW-COMPLEXITY,HIGH,R3 NOMINAL DESIGN INPUTS,SKU-540; SKU-541; SKU-542; SKU-543; SKU-544,SPECIFIC R3 CHILD ADDED — GENERIC PARENT UNCHANGED,The generic parameter domain remains broader than the evidence. Readiness from the named child must not be copied back to the generic parent.,"Keep the generic parent unchanged; use SKU-540, SKU-541, SKU-542, SKU-543, SKU-544 for the named interface. Raise the parent only after multiple representative variants, explicit parameter limits, and boundary coupons pass.",Specific-child evidence is deliberately isolated; the generic parent retains its current preflight.,COMPLETE PORTFOLIO TRIAGE — NOT RELEASE APPROVAL,2026-08-31,1.0
RESEARCH:SKU-174,RESEARCH_IDEA,SKU-174,,Fold-flat hotel nightstand organizer,,Create temporary zones for glasses; room key; phone and cables that pack flat when leaving.,YES,94.0,74.5,C3–C4 · R0–R1 · K2 · Lane E · LOW_UNKNOWN,C3–C4,R0–R1,K2,E,W4 SPECIALIST / HOLD,LOW / SPECIALIST,R3 NOMINAL DESIGN INPUTS,,NO SPECIFIC CHILD ADDED IN THIS PASS,Scope or interface remains generic and nominal interface/process/verification evidence is incomplete.,"Name one exact product revision, published standard, or measured interface; record E3 nominal data, pin one exact manufacturing profile, and define a thresholded interface coupon.","This is a portfolio planning assessment. Market score, C/R/K/lane and product-release evidence remain separate.",COMPLETE PORTFOLIO TRIAGE — NOT RELEASE APPROVAL,2026-08-31,1.0
RESEARCH:SKU-175,RESEARCH_IDEA,SKU-175,,Travel jewelry cassette with captured dividers,,Carry a selected jewelry set in individual bays with a secure lid and optional soft inserts.,YES,93.0,73.5,C3–C4 · R0–R1 · K2 · Lane E · LOW_UNKNOWN,C3–C4,R0–R1,K2,E,W4 SPECIALIST / HOLD,LOW / SPECIALIST,R3 NOMINAL DESIGN INPUTS,,NO SPECIFIC CHILD ADDED IN THIS PASS,Scope or interface remains generic and nominal interface/process/verification evidence is incomplete.,"Name one exact product revision, published standard, or measured interface; record E3 nominal data, pin one exact manufacturing profile, and define a thresholded interface coupon.","This is a portfolio planning assessment. Market score, C/R/K/lane and product-release evidence remain separate.",COMPLETE PORTFOLIO TRIAGE — NOT RELEASE APPROVAL,2026-08-31,1.0
RESEARCH:SKU-176,RESEARCH_IDEA,SKU-176,,Packing-cube content tag set,,Identify packing-cube contents and owner with reusable tactile and visual tags.,YES,91.0,77.5,C3–C4 · R0–R1 · K2 · Lane E · LOW_UNKNOWN,C3–C4,R0–R1,K2,E,W4 SPECIALIST / HOLD,LOW / SPECIALIST,R3 NOMINAL DESIGN INPUTS,,NO SPECIFIC CHILD ADDED IN THIS PASS,Scope or interface remains generic and nominal interface/process/verification evidence is incomplete.,"Name one exact product revision, published standard, or measured interface; record E3 nominal data, pin one exact manufacturing profile, and define a thresholded interface coupon.","This is a portfolio planning assessment. Market score, C/R/K/lane and product-release evidence remain separate.",COMPLETE PORTFOLIO TRIAGE — NOT RELEASE APPROVAL,2026-08-31,1.0
RESEARCH:SKU-177,RESEARCH_IDEA,SKU-177,,Luggage-handle owner ID frame,,Hold a replaceable paper contact card on a measured luggage handle without permanent adhesive.,YES,89.0,69.5,C3–C4 · R0–R1 · K2 · Lane E · LOW_UNKNOWN,C3–C4,R0–R1,K2,E,W4 SPECIALIST / HOLD,LOW / SPECIALIST,R3 NOMINAL DESIGN INPUTS,,NO SPECIFIC CHILD ADDED IN THIS PASS,Scope or interface remains generic and nominal interface/process/verification evidence is incomplete.,"Name one exact product revision, published standard, or measured interface; record E3 nominal data, pin one exact manufacturing profile, and define a thresholded interface coupon.","This is a portfolio planning assessment. Market score, C/R/K/lane and product-release evidence remain separate.",COMPLETE PORTFOLIO TRIAGE — NOT RELEASE APPROVAL,2026-08-31,1.0
RESEARCH:SKU-178,RESEARCH_IDEA,SKU-178,,Keepsake-box fitted insert for tickets and photos,,Turn a customer-owned box into organized compartments for tickets; photos; notes and small mementos.,YES,98.0,82.8,C2–C3 · R0–R1 · K1–K2 · Lane E · LOW_UNKNOWN,C2–C3,R0–R1,K1–K2,E,W3 CONTROLLED,MEDIUM,R3 NOMINAL DESIGN INPUTS,SKU-517; SKU-518; SKU-519; SKU-520; SKU-521; SKU-522,SPECIFIC R3 CHILD ADDED — GENERIC PARENT UNCHANGED,The generic parameter domain remains broader than the evidence. Readiness from the named child must not be copied back to the generic parent.,"Keep the generic parent unchanged; use SKU-517, SKU-518, SKU-519, SKU-520, SKU-521, SKU-522 for the named interface. Raise the parent only after multiple representative variants, explicit parameter limits, and boundary coupons pass.",Specific-child evidence is deliberately isolated; the generic parent retains its current preflight.,COMPLETE PORTFOLIO TRIAGE — NOT RELEASE APPROVAL,2026-08-31,1.0
RESEARCH:SKU-179,RESEARCH_IDEA,SKU-179,,Memory-object display plinth with date label,,Present one small sentimental object on a fitted plinth with a restrained name or date label.,YES,94.0,75.5,C3–C4 · R0–R1 · K2 · Lane E · LOW_UNKNOWN,C3–C4,R0–R1,K2,E,W4 SPECIALIST / HOLD,LOW / SPECIALIST,R3 NOMINAL DESIGN INPUTS,,NO SPECIFIC CHILD ADDED IN THIS PASS,Scope or interface remains generic and nominal interface/process/verification evidence is incomplete.,"Name one exact product revision, published standard, or measured interface; record E3 nominal data, pin one exact manufacturing profile, and define a thresholded interface coupon.","This is a portfolio planning assessment. Market score, C/R/K/lane and product-release evidence remain separate.",COMPLETE PORTFOLIO TRIAGE — NOT RELEASE APPROVAL,2026-08-31,1.0
RESEARCH:SKU-180,RESEARCH_IDEA,SKU-180,,Milestone photo-and-card desk display block,,Display one photo card and interchangeable milestone card in a compact personalized block.,YES,92.0,92.0,C2 · R1 · K1 · Lane E · LOW_UNKNOWN,C2,R1,K1,E,W1 HIGH-TREND / LOW-COMPLEXITY,HIGH,R3 NOMINAL DESIGN INPUTS,,NO SPECIFIC CHILD ADDED IN THIS PASS,Scope or interface remains generic and nominal interface/process/verification evidence is incomplete.,"Name one exact product revision, published standard, or measured interface; record E3 nominal data, pin one exact manufacturing profile, and define a thresholded interface coupon.","This is a portfolio planning assessment. Market score, C/R/K/lane and product-release evidence remain separate.",COMPLETE PORTFOLIO TRIAGE — NOT RELEASE APPROVAL,2026-08-31,1.0
RESEARCH:SKU-181,RESEARCH_IDEA,SKU-181,,Build-plate vertical rack,,Store multiple cool removable printer build plates vertically without damaging working surfaces.,YES,61.0,45.5,C3–C4 · R0–R1 · K2 · Lane E · LOW_UNKNOWN,C3–C4,R0–R1,K2,E,W4 SPECIALIST / HOLD,LOW / SPECIALIST,R3 NOMINAL DESIGN INPUTS,,NO SPECIFIC CHILD ADDED IN THIS PASS,Scope or interface remains generic and nominal interface/process/verification evidence is incomplete.,"Name one exact product revision, published standard, or measured interface; record E3 nominal data, pin one exact manufacturing profile, and define a thresholded interface coupon.","This is a portfolio planning assessment. Market score, C/R/K/lane and product-release evidence remain separate.",COMPLETE PORTFOLIO TRIAGE — NOT RELEASE APPROVAL,2026-08-31,1.0
RESEARCH:SKU-182,RESEARCH_IDEA,SKU-182,,Filament-swatch library drawer,,Index printed material/color swatches with replaceable parameter cards in a compact drawer.,YES,48.0,64.0,C1 · R0–R1 · K1 · Lane E · LOW_UNKNOWN,C1,R0–R1,K1,E,W2 LOW-COMPLEXITY,MEDIUM,R3 NOMINAL DESIGN INPUTS,,NO SPECIFIC CHILD ADDED IN THIS PASS,Scope or interface remains generic and nominal interface/process/verification evidence is incomplete.,"Name one exact product revision, published standard, or measured interface; record E3 nominal data, pin one exact manufacturing profile, and define a thresholded interface coupon.","This is a portfolio planning assessment. Market score, C/R/K/lane and product-release evidence remain separate.",COMPLETE PORTFOLIO TRIAGE — NOT RELEASE APPROVAL,2026-08-31,1.0
RESEARCH:SKU-183,RESEARCH_IDEA,SKU-183,,Filament-spool clip and label-ring kit,,Secure loose filament ends and identify material; color and open date on stored spools.,YES,48.0,54.5,C2–C3 · R0–R1 · K2 · Lane E · LOW_UNKNOWN,C2–C3,R0–R1,K2,E,W3 CONTROLLED,MEDIUM,R3 NOMINAL DESIGN INPUTS,,NO SPECIFIC CHILD ADDED IN THIS PASS,Scope or interface remains generic and nominal interface/process/verification evidence is incomplete.,"Name one exact product revision, published standard, or measured interface; record E3 nominal data, pin one exact manufacturing profile, and define a thresholded interface coupon.","This is a portfolio planning assessment. Market score, C/R/K/lane and product-release evidence remain separate.",COMPLETE PORTFOLIO TRIAGE — NOT RELEASE APPROVAL,2026-08-31,1.0
RESEARCH:SKU-184,RESEARCH_IDEA,SKU-184,,Printer-maintenance parts tray,,Lay out cool screws; clips; spare tubes and maintenance tools for one defined service task.,YES,55.0,64.5,C2–C3 · R0–R1 · K2 · Lane E · LOW_UNKNOWN,C2–C3,R0–R1,K2,E,W3 CONTROLLED,MEDIUM,R3 NOMINAL DESIGN INPUTS,,NO SPECIFIC CHILD ADDED IN THIS PASS,Scope or interface remains generic and nominal interface/process/verification evidence is incomplete.,"Name one exact product revision, published standard, or measured interface; record E3 nominal data, pin one exact manufacturing profile, and define a thresholded interface coupon.","This is a portfolio planning assessment. Market score, C/R/K/lane and product-release evidence remain separate.",COMPLETE PORTFOLIO TRIAGE — NOT RELEASE APPROVAL,2026-08-31,1.0
RESEARCH:SKU-185,RESEARCH_IDEA,SKU-185,,Scraper-pliers-caliper freestanding dock,,Park common cool hand tools at a printer without mounting anything to the machine.,YES,61.0,55.5,C2–C3 · R0–R1 · K2 · Lane E · LOW_UNKNOWN,C2–C3,R0–R1,K2,E,W3 CONTROLLED,MEDIUM,R3 NOMINAL DESIGN INPUTS,,NO SPECIFIC CHILD ADDED IN THIS PASS,Scope or interface remains generic and nominal interface/process/verification evidence is incomplete.,"Name one exact product revision, published standard, or measured interface; record E3 nominal data, pin one exact manufacturing profile, and define a thresholded interface coupon.","This is a portfolio planning assessment. Market score, C/R/K/lane and product-release evidence remain separate.",COMPLETE PORTFOLIO TRIAGE — NOT RELEASE APPROVAL,2026-08-31,1.0
RESEARCH:SKU-186,RESEARCH_IDEA,SKU-186,,Print-quality coupon archive case,,Store calibration and material coupons with dated process cards for later comparison.,YES,48.0,62.0,C1 · R0–R1 · K1 · Lane E · LOW_UNKNOWN,C1,R0–R1,K1,E,W2 LOW-COMPLEXITY,MEDIUM,R3 NOMINAL DESIGN INPUTS,,NO SPECIFIC CHILD ADDED IN THIS PASS,Scope or interface remains generic and nominal interface/process/verification evidence is incomplete.,"Name one exact product revision, published standard, or measured interface; record E3 nominal data, pin one exact manufacturing profile, and define a thresholded interface coupon.","This is a portfolio planning assessment. Market score, C/R/K/lane and product-release evidence remain separate.",COMPLETE PORTFOLIO TRIAGE — NOT RELEASE APPROVAL,2026-08-31,1.0
RESEARCH:SKU-187,RESEARCH_IDEA,SKU-187,,Multimeter-lead and probe drawer insert,,Store disconnected test leads; probes and adapters in labeled drawer channels without tight bends.,YES,77.0,54.2,C3–C4 · R0–R1 · K2–K3 · Lane E · LOW_UNKNOWN,C3–C4,R0–R1,K2–K3,E,W4 SPECIALIST / HOLD,LOW / SPECIALIST,R3 NOMINAL DESIGN INPUTS,,NO SPECIFIC CHILD ADDED IN THIS PASS,Scope or interface remains generic and nominal interface/process/verification evidence is incomplete.,"Name one exact product revision, published standard, or measured interface; record E3 nominal data, pin one exact manufacturing profile, and define a thresholded interface coupon.","This is a portfolio planning assessment. Market score, C/R/K/lane and product-release evidence remain separate.",COMPLETE PORTFOLIO TRIAGE — NOT RELEASE APPROVAL,2026-08-31,1.0
RESEARCH:SKU-188,RESEARCH_IDEA,SKU-188,,Driver-bit inventory tray,,Arrange mixed driver bits by measured shank and readable size labels with empty-slot visibility.,YES,75.0,60.5,C3–C4 · R0–R1 · K2 · Lane E · LOW_UNKNOWN,C3–C4,R0–R1,K2,E,W4 SPECIALIST / HOLD,LOW / SPECIALIST,R3 NOMINAL DESIGN INPUTS,,NO SPECIFIC CHILD ADDED IN THIS PASS,Scope or interface remains generic and nominal interface/process/verification evidence is incomplete.,"Name one exact product revision, published standard, or measured interface; record E3 nominal data, pin one exact manufacturing profile, and define a thresholded interface coupon.","This is a portfolio planning assessment. Market score, C/R/K/lane and product-release evidence remain separate.",COMPLETE PORTFOLIO TRIAGE — NOT RELEASE APPROVAL,2026-08-31,1.0
RESEARCH:SKU-189,RESEARCH_IDEA,SKU-189,,Hex-key grip sleeves and bench stand,,Make small hex keys easier to identify and store using size-coded removable sleeves plus a matched stand.,YES,75.0,52.2,C3–C4 · R0–R1 · K2–K3 · Lane E · LOW_UNKNOWN,C3–C4,R0–R1,K2–K3,E,W4 SPECIALIST / HOLD,LOW / SPECIALIST,R3 NOMINAL DESIGN INPUTS,,NO SPECIFIC CHILD ADDED IN THIS PASS,Scope or interface remains generic and nominal interface/process/verification evidence is incomplete.,"Name one exact product revision, published standard, or measured interface; record E3 nominal data, pin one exact manufacturing profile, and define a thresholded interface coupon.","This is a portfolio planning assessment. Market score, C/R/K/lane and product-release evidence remain separate.",COMPLETE PORTFOLIO TRIAGE — NOT RELEASE APPROVAL,2026-08-31,1.0
RESEARCH:SKU-190,RESEARCH_IDEA,SKU-190,,Caliper and depth-gauge protective bench rest,,Park measuring tools so jaws and depth rods do not contact the bench or get buried.,YES,71.0,52.5,C3–C4 · R0–R1 · K2 · Lane E · LOW_UNKNOWN,C3–C4,R0–R1,K2,E,W4 SPECIALIST / HOLD,LOW / SPECIALIST,R3 NOMINAL DESIGN INPUTS,,NO SPECIFIC CHILD ADDED IN THIS PASS,Scope or interface remains generic and nominal interface/process/verification evidence is incomplete.,"Name one exact product revision, published standard, or measured interface; record E3 nominal data, pin one exact manufacturing profile, and define a thresholded interface coupon.","This is a portfolio planning assessment. Market score, C/R/K/lane and product-release evidence remain separate.",COMPLETE PORTFOLIO TRIAGE — NOT RELEASE APPROVAL,2026-08-31,1.0
RESEARCH:SKU-191,RESEARCH_IDEA,SKU-191,,Furniture screw-hole cover and trim-plug generator,,Replace missing decorative hole covers using measured bore; flange and surface color.,YES,66.0,54.5,C3–C4 · R0–R1 · K2 · Lane E · LOW_UNKNOWN,C3–C4,R0–R1,K2,E,W4 SPECIALIST / HOLD,LOW / SPECIALIST,R3 NOMINAL DESIGN INPUTS,,NO SPECIFIC CHILD ADDED IN THIS PASS,Scope or interface remains generic and nominal interface/process/verification evidence is incomplete.,"Name one exact product revision, published standard, or measured interface; record E3 nominal data, pin one exact manufacturing profile, and define a thresholded interface coupon.","This is a portfolio planning assessment. Market score, C/R/K/lane and product-release evidence remain separate.",COMPLETE PORTFOLIO TRIAGE — NOT RELEASE APPROVAL,2026-08-31,1.0
RESEARCH:SKU-192,RESEARCH_IDEA,SKU-192,,Shelf-pin hole liner and plug kit,,Restore a worn decorative shelf-pin hole edge or cover unused holes with measured inserts.,YES,66.0,52.2,C3–C4 · R0–R1 · K2–K3 · Lane E · LOW_UNKNOWN,C3–C4,R0–R1,K2–K3,E,W4 SPECIALIST / HOLD,LOW / SPECIALIST,R3 NOMINAL DESIGN INPUTS,,NO SPECIFIC CHILD ADDED IN THIS PASS,Scope or interface remains generic and nominal interface/process/verification evidence is incomplete.,"Name one exact product revision, published standard, or measured interface; record E3 nominal data, pin one exact manufacturing profile, and define a thresholded interface coupon.","This is a portfolio planning assessment. Market score, C/R/K/lane and product-release evidence remain separate.",COMPLETE PORTFOLIO TRIAGE — NOT RELEASE APPROVAL,2026-08-31,1.0
RESEARCH:SKU-193,RESEARCH_IDEA,SKU-193,,Curtain-track glider fit-gauge and replacement set,,Measure an existing track profile with a gauge before generating a light curtain glider or spacer.,YES,60.0,53.2,C3–C4 · R0–R1 · K2–K3 · Lane E · LOW_UNKNOWN,C3–C4,R0–R1,K2–K3,E,W4 SPECIALIST / HOLD,LOW / SPECIALIST,R3 NOMINAL DESIGN INPUTS,,NO SPECIFIC CHILD ADDED IN THIS PASS,Scope or interface remains generic and nominal interface/process/verification evidence is incomplete.,"Name one exact product revision, published standard, or measured interface; record E3 nominal data, pin one exact manufacturing profile, and define a thresholded interface coupon.","This is a portfolio planning assessment. Market score, C/R/K/lane and product-release evidence remain separate.",COMPLETE PORTFOLIO TRIAGE — NOT RELEASE APPROVAL,2026-08-31,1.0
RESEARCH:SKU-194,RESEARCH_IDEA,SKU-194,,Vacuum-attachment parking clip,,Park a cool detached vacuum accessory on a storage rail; shelf edge or appliance tube.,YES,73.0,53.2,C3–C4 · R0–R1 · K2–K3 · Lane E · LOW_UNKNOWN,C3–C4,R0–R1,K2–K3,E,W4 SPECIALIST / HOLD,LOW / SPECIALIST,R3 NOMINAL DESIGN INPUTS,,NO SPECIFIC CHILD ADDED IN THIS PASS,Scope or interface remains generic and nominal interface/process/verification evidence is incomplete.,"Name one exact product revision, published standard, or measured interface; record E3 nominal data, pin one exact manufacturing profile, and define a thresholded interface coupon.","This is a portfolio planning assessment. Market score, C/R/K/lane and product-release evidence remain separate.",COMPLETE PORTFOLIO TRIAGE — NOT RELEASE APPROVAL,2026-08-31,1.0
RESEARCH:SKU-195,RESEARCH_IDEA,SKU-195,,Appliance button-cap and legend overlay,,Restore a missing cosmetic button cap or readable legend where failure cannot create a hazardous state.,YES,63.0,39.0,C4–C5 · R0–R1 · K3 · Lane E · NOT_AUTONOMOUSLY_RELEASABLE,C4–C5,R0–R1,K3,E,W4 SPECIALIST / HOLD,LOW / SPECIALIST,R3 NOMINAL DESIGN INPUTS,,NO SPECIFIC CHILD ADDED IN THIS PASS,Scope or interface remains generic and nominal interface/process/verification evidence is incomplete.,"Name one exact product revision, published standard, or measured interface; record E3 nominal data, pin one exact manufacturing profile, and define a thresholded interface coupon.","This is a portfolio planning assessment. Market score, C/R/K/lane and product-release evidence remain separate.",COMPLETE PORTFOLIO TRIAGE — NOT RELEASE APPROVAL,2026-08-31,1.0
RESEARCH:SKU-196,RESEARCH_IDEA,SKU-196,,Stationery-refill inventory tray,,Make spare erasers; leads; clips and cartridges visible so supplies are replenished intentionally.,YES,95.0,96.0,C2 · R2 · K1 · Lane E · LOW_UNKNOWN,C2,R2,K1,E,W1 HIGH-TREND / LOW-COMPLEXITY,HIGH,R3 NOMINAL DESIGN INPUTS,,NO SPECIFIC CHILD ADDED IN THIS PASS,"Concept inputs exist, but the exact named-interface and/or exact process baseline needed for R3 is open.",Pilot with mechanical-pencil; eraser and clip refills; verify package retrieval.,"This is a portfolio planning assessment. Market score, C/R/K/lane and product-release evidence remain separate.",COMPLETE PORTFOLIO TRIAGE — NOT RELEASE APPROVAL,2026-08-31,1.0
RESEARCH:SKU-197,RESEARCH_IDEA,SKU-197,,Label-printer tape-cartridge rack,,Store mixed label-tape cartridges vertically with visible width; color and status labels.,YES,94.0,92.8,C2 · R2 · K1 · Lane E · LOW_UNKNOWN,C2,R2,K1,E,W1 HIGH-TREND / LOW-COMPLEXITY,HIGH,R3 NOMINAL DESIGN INPUTS,,NO SPECIFIC CHILD ADDED IN THIS PASS,"Concept inputs exist, but the exact named-interface and/or exact process baseline needed for R3 is open.",Build unbranded envelope presets and test retrieval with empty cartridges.,"This is a portfolio planning assessment. Market score, C/R/K/lane and product-release evidence remain separate.",COMPLETE PORTFOLIO TRIAGE — NOT RELEASE APPROVAL,2026-08-31,1.0
RESEARCH:SKU-198,RESEARCH_IDEA,SKU-198,,Memory-card safe archive drawer,,Store memory cards and adapters in individual labeled slots with a separate full/empty orientation.,YES,90.0,76.5,C2–C3 · R0–R1 · K2 · Lane E · LOW_UNKNOWN,C2–C3,R0–R1,K2,E,W3 CONTROLLED,MEDIUM,R3 NOMINAL DESIGN INPUTS,,NO SPECIFIC CHILD ADDED IN THIS PASS,Scope or interface remains generic and nominal interface/process/verification evidence is incomplete.,"Name one exact product revision, published standard, or measured interface; record E3 nominal data, pin one exact manufacturing profile, and define a thresholded interface coupon.","This is a portfolio planning assessment. Market score, C/R/K/lane and product-release evidence remain separate.",COMPLETE PORTFOLIO TRIAGE — NOT RELEASE APPROVAL,2026-08-31,1.0
RESEARCH:SKU-199,RESEARCH_IDEA,SKU-199,,Eyeglass-case shelf corral with dividers,,Keep bulky eyeglass cases upright and visible on a wardrobe or entry shelf.,YES,91.0,92.0,C2 · R1 · K2 · Lane E · LOW_UNKNOWN,C2,R1,K2,E,W3 CONTROLLED,MEDIUM,R3 NOMINAL DESIGN INPUTS,,NO SPECIFIC CHILD ADDED IN THIS PASS,Scope or interface remains generic and nominal interface/process/verification evidence is incomplete.,"Name one exact product revision, published standard, or measured interface; record E3 nominal data, pin one exact manufacturing profile, and define a thresholded interface coupon.","This is a portfolio planning assessment. Market score, C/R/K/lane and product-release evidence remain separate.",COMPLETE PORTFOLIO TRIAGE — NOT RELEASE APPROVAL,2026-08-31,1.0
RESEARCH:SKU-200,RESEARCH_IDEA,SKU-200,,Personalized leaving-home checklist token station,,Move physical tokens from to-do to ready columns for keys; wallet; passes and daily items.,YES,98.0,82.5,C2–C3 · R0–R1 · K2 · Lane E · LOW_UNKNOWN,C2–C3,R0–R1,K2,E,W3 CONTROLLED,MEDIUM,R3 NOMINAL DESIGN INPUTS,SKU-523; SKU-524; SKU-525; SKU-526; SKU-527; SKU-528,SPECIFIC R3 CHILD ADDED — GENERIC PARENT UNCHANGED,The generic parameter domain remains broader than the evidence. Readiness from the named child must not be copied back to the generic parent.,"Keep the generic parent unchanged; use SKU-523, SKU-524, SKU-525, SKU-526, SKU-527, SKU-528 for the named interface. Raise the parent only after multiple representative variants, explicit parameter limits, and boundary coupons pass.",Specific-child evidence is deliberately isolated; the generic parent retains its current preflight.,COMPLETE PORTFOLIO TRIAGE — NOT RELEASE APPROVAL,2026-08-31,1.0
RESEARCH:SKU-201,RESEARCH_IDEA,SKU-201,,Exact-fit sofa-side remote and notepad insert,,"Fit one measured sofa-console or side-table cubby to separate remotes, a notepad and capped pens.",YES,92.0,84.0,C2 · R2 · K1 · Lane E · LOW_UNKNOWN,C2,R2,K1,E,W1 HIGH-TREND / LOW-COMPLEXITY,HIGH,R3 NOMINAL DESIGN INPUTS,,NO SPECIFIC CHILD ADDED IN THIS PASS,"Concept inputs exist, but the exact named-interface and/or exact process baseline needed for R3 is open.","Run the measurement workflow on one real envelope, then print the smallest fit corner or divider coupon before a full prototype.","This is a portfolio planning assessment. Market score, C/R/K/lane and product-release evidence remain separate.",COMPLETE PORTFOLIO TRIAGE — NOT RELEASE APPROVAL,2026-08-31,1.0
RESEARCH:SKU-202,RESEARCH_IDEA,SKU-202,,Narrow-bookcase stationery tower insert,,"Turn a measured narrow bookcase gap into vertical zones for notebooks, envelopes and capped pens.",YES,91.0,86.0,C2 · R2 · K1 · Lane E · LOW_UNKNOWN,C2,R2,K1,E,W1 HIGH-TREND / LOW-COMPLEXITY,HIGH,R3 NOMINAL DESIGN INPUTS,,NO SPECIFIC CHILD ADDED IN THIS PASS,"Concept inputs exist, but the exact named-interface and/or exact process baseline needed for R3 is open.","Run the measurement workflow on one real envelope, then print the smallest fit corner or divider coupon before a full prototype.","This is a portfolio planning assessment. Market score, C/R/K/lane and product-release evidence remain separate.",COMPLETE PORTFOLIO TRIAGE — NOT RELEASE APPROVAL,2026-08-31,1.0
RESEARCH:SKU-203,RESEARCH_IDEA,SKU-203,,Desk-pedestal side-gap vertical file,,Use the measured gap beside a desk pedestal for upright folders and current-project papers.,YES,91.0,82.0,C2 · R2 · K1 · Lane E · LOW_UNKNOWN,C2,R2,K1,E,W1 HIGH-TREND / LOW-COMPLEXITY,HIGH,R3 NOMINAL DESIGN INPUTS,,NO SPECIFIC CHILD ADDED IN THIS PASS,"Concept inputs exist, but the exact named-interface and/or exact process baseline needed for R3 is open.","Run the measurement workflow on one real envelope, then print the smallest fit corner or divider coupon before a full prototype.","This is a portfolio planning assessment. Market score, C/R/K/lane and product-release evidence remain separate.",COMPLETE PORTFOLIO TRIAGE — NOT RELEASE APPROVAL,2026-08-31,1.0
RESEARCH:SKU-204,RESEARCH_IDEA,SKU-204,,Folded-clothing shelf separator pair,,Keep two light folded-clothing stacks distinct on one measured dry wardrobe shelf.,YES,89.0,87.0,C2 · R2 · K1 · Lane E · LOW_UNKNOWN,C2,R2,K1,E,W1 HIGH-TREND / LOW-COMPLEXITY,HIGH,R3 NOMINAL DESIGN INPUTS,,NO SPECIFIC CHILD ADDED IN THIS PASS,"Concept inputs exist, but the exact named-interface and/or exact process baseline needed for R3 is open.","Run the measurement workflow on one real envelope, then print the smallest fit corner or divider coupon before a full prototype.","This is a portfolio planning assessment. Market score, C/R/K/lane and product-release evidence remain separate.",COMPLETE PORTFOLIO TRIAGE — NOT RELEASE APPROVAL,2026-08-31,1.0
RESEARCH:SKU-205,RESEARCH_IDEA,SKU-205,,Sock-pair drawer lane insert,,Create labeled removable lanes for a defined sock collection inside one measured drawer.,YES,91.0,89.0,C2 · R2 · K1 · Lane E · LOW_UNKNOWN,C2,R2,K1,E,W1 HIGH-TREND / LOW-COMPLEXITY,HIGH,R3 NOMINAL DESIGN INPUTS,,NO SPECIFIC CHILD ADDED IN THIS PASS,"Concept inputs exist, but the exact named-interface and/or exact process baseline needed for R3 is open.","Run the measurement workflow on one real envelope, then print the smallest fit corner or divider coupon before a full prototype.","This is a portfolio planning assessment. Market score, C/R/K/lane and product-release evidence remain separate.",COMPLETE PORTFOLIO TRIAGE — NOT RELEASE APPROVAL,2026-08-31,1.0
RESEARCH:SKU-206,RESEARCH_IDEA,SKU-206,,Necktie-roll drawer matrix,,Store a measured set of rolled neckties in visible labeled cells without stacking.,YES,91.0,86.0,C2 · R2 · K1 · Lane E · LOW_UNKNOWN,C2,R2,K1,E,W1 HIGH-TREND / LOW-COMPLEXITY,HIGH,R3 NOMINAL DESIGN INPUTS,,NO SPECIFIC CHILD ADDED IN THIS PASS,"Concept inputs exist, but the exact named-interface and/or exact process baseline needed for R3 is open.","Run the measurement workflow on one real envelope, then print the smallest fit corner or divider coupon before a full prototype.","This is a portfolio planning assessment. Market score, C/R/K/lane and product-release evidence remain separate.",COMPLETE PORTFOLIO TRIAGE — NOT RELEASE APPROVAL,2026-08-31,1.0
RESEARCH:SKU-207,RESEARCH_IDEA,SKU-207,,Hair-accessory drawer channel set,,"Separate adult scrunchies, barrettes and cool hair accessories in a measured vanity drawer.",YES,90.0,87.0,C2 · R2 · K1 · Lane E · LOW_UNKNOWN,C2,R2,K1,E,W1 HIGH-TREND / LOW-COMPLEXITY,HIGH,R3 NOMINAL DESIGN INPUTS,,NO SPECIFIC CHILD ADDED IN THIS PASS,"Concept inputs exist, but the exact named-interface and/or exact process baseline needed for R3 is open.","Run the measurement workflow on one real envelope, then print the smallest fit corner or divider coupon before a full prototype.","This is a portfolio planning assessment. Market score, C/R/K/lane and product-release evidence remain separate.",COMPLETE PORTFOLIO TRIAGE — NOT RELEASE APPROVAL,2026-08-31,1.0
RESEARCH:SKU-208,RESEARCH_IDEA,SKU-208,,Handbag dust-bag shelf label corral,,Keep folded empty dust bags upright and labeled beside their handbags on a dry shelf.,YES,91.0,88.0,C2 · R2 · K1 · Lane E · LOW_UNKNOWN,C2,R2,K1,E,W1 HIGH-TREND / LOW-COMPLEXITY,HIGH,R3 NOMINAL DESIGN INPUTS,,NO SPECIFIC CHILD ADDED IN THIS PASS,"Concept inputs exist, but the exact named-interface and/or exact process baseline needed for R3 is open.","Run the measurement workflow on one real envelope, then print the smallest fit corner or divider coupon before a full prototype.","This is a portfolio planning assessment. Market score, C/R/K/lane and product-release evidence remain separate.",COMPLETE PORTFOLIO TRIAGE — NOT RELEASE APPROVAL,2026-08-31,1.0
RESEARCH:SKU-209,RESEARCH_IDEA,SKU-209,,Bedside glasses-and-earplug valet,,"Give glasses, their case and packaged earplugs fixed places on a compact bedside surface.",YES,88.0,87.0,C1 · R2 · K1 · Lane E · LOW_UNKNOWN,C1,R2,K1,E,W1 HIGH-TREND / LOW-COMPLEXITY,HIGH,R3 NOMINAL DESIGN INPUTS,,NO SPECIFIC CHILD ADDED IN THIS PASS,"Concept inputs exist, but the exact named-interface and/or exact process baseline needed for R3 is open.","Run the measurement workflow on one real envelope, then print the smallest fit corner or divider coupon before a full prototype.","This is a portfolio planning assessment. Market score, C/R/K/lane and product-release evidence remain separate.",COMPLETE PORTFOLIO TRIAGE — NOT RELEASE APPROVAL,2026-08-31,1.0
RESEARCH:SKU-210,RESEARCH_IDEA,SKU-210,,Paper-size drawer stair organizer,,"Separate A4-folded, A5, A6 and note-card stock by visible stepped height in one drawer.",YES,91.0,86.0,C2 · R2 · K1 · Lane E · LOW_UNKNOWN,C2,R2,K1,E,W1 HIGH-TREND / LOW-COMPLEXITY,HIGH,R3 NOMINAL DESIGN INPUTS,,NO SPECIFIC CHILD ADDED IN THIS PASS,"Concept inputs exist, but the exact named-interface and/or exact process baseline needed for R3 is open.","Run the measurement workflow on one real envelope, then print the smallest fit corner or divider coupon before a full prototype.","This is a portfolio planning assessment. Market score, C/R/K/lane and product-release evidence remain separate.",COMPLETE PORTFOLIO TRIAGE — NOT RELEASE APPROVAL,2026-08-31,1.0
RESEARCH:SKU-211,RESEARCH_IDEA,SKU-211,,Weekly coin-and-receipt purge tray,,"Split pocket change, receipts and action slips into a small tray designed for a weekly clear-out ritual.",YES,90.0,90.0,C1 · R2 · K1 · Lane E · LOW_UNKNOWN,C1,R2,K1,E,W1 HIGH-TREND / LOW-COMPLEXITY,HIGH,R3 NOMINAL DESIGN INPUTS,SKU-310,SPECIFIC R3 CHILD ADDED — GENERIC PARENT UNCHANGED,The generic parameter domain remains broader than the evidence. Readiness from the named child must not be copied back to the generic parent.,"Keep the generic parent unchanged; use SKU-310 for the named interface. Raise the parent only after multiple representative variants, explicit parameter limits, and boundary coupons pass.",Specific-child evidence is deliberately isolated; the generic parent retains its current preflight.,COMPLETE PORTFOLIO TRIAGE — NOT RELEASE APPROVAL,2026-08-31,1.0
RESEARCH:SKU-212,RESEARCH_IDEA,SKU-212,,Reusable-shopping-bag shelf file,,Hold folded reusable shopping bags upright by size in a measured cabinet or shelf cubby.,YES,91.0,86.0,C2 · R2 · K1 · Lane E · LOW_UNKNOWN,C2,R2,K1,E,W1 HIGH-TREND / LOW-COMPLEXITY,HIGH,R3 NOMINAL DESIGN INPUTS,,NO SPECIFIC CHILD ADDED IN THIS PASS,"Concept inputs exist, but the exact named-interface and/or exact process baseline needed for R3 is open.","Run the measurement workflow on one real envelope, then print the smallest fit corner or divider coupon before a full prototype.","This is a portfolio planning assessment. Market score, C/R/K/lane and product-release evidence remain separate.",COMPLETE PORTFOLIO TRIAGE — NOT RELEASE APPROVAL,2026-08-31,1.0
RESEARCH:SKU-213,RESEARCH_IDEA,SKU-213,,Garment-repair kit drawer cassette,,"Keep spare buttons, thread cards and capped repair notions visible in one removable drawer cassette.",YES,90.0,84.0,C2 · R2 · K1 · Lane E · LOW_UNKNOWN,C2,R2,K1,E,W1 HIGH-TREND / LOW-COMPLEXITY,HIGH,R3 NOMINAL DESIGN INPUTS,,NO SPECIFIC CHILD ADDED IN THIS PASS,"Concept inputs exist, but the exact named-interface and/or exact process baseline needed for R3 is open.","Run the measurement workflow on one real envelope, then print the smallest fit corner or divider coupon before a full prototype.","This is a portfolio planning assessment. Market score, C/R/K/lane and product-release evidence remain separate.",COMPLETE PORTFOLIO TRIAGE — NOT RELEASE APPROVAL,2026-08-31,1.0
RESEARCH:SKU-214,RESEARCH_IDEA,SKU-214,,Laundry pocket-find sorting tray,,"Create temporary labeled zones for dry coins, notes and small objects removed before washing.",YES,89.0,91.0,C1 · R2 · K1 · Lane E · LOW_UNKNOWN,C1,R2,K1,E,W1 HIGH-TREND / LOW-COMPLEXITY,HIGH,R3 NOMINAL DESIGN INPUTS,,NO SPECIFIC CHILD ADDED IN THIS PASS,"Concept inputs exist, but the exact named-interface and/or exact process baseline needed for R3 is open.","Run the measurement workflow on one real envelope, then print the smallest fit corner or divider coupon before a full prototype.","This is a portfolio planning assessment. Market score, C/R/K/lane and product-release evidence remain separate.",COMPLETE PORTFOLIO TRIAGE — NOT RELEASE APPROVAL,2026-08-31,1.0
RESEARCH:SKU-215,RESEARCH_IDEA,SKU-215,,Seasonal-accessory drawer divider set,,"Reconfigure one drawer between light scarves, gloves and summer accessories using labeled dividers.",YES,90.0,84.0,C2 · R2 · K1 · Lane E · LOW_UNKNOWN,C2,R2,K1,E,W1 HIGH-TREND / LOW-COMPLEXITY,HIGH,R3 NOMINAL DESIGN INPUTS,,NO SPECIFIC CHILD ADDED IN THIS PASS,"Concept inputs exist, but the exact named-interface and/or exact process baseline needed for R3 is open.","Run the measurement workflow on one real envelope, then print the smallest fit corner or divider coupon before a full prototype.","This is a portfolio planning assessment. Market score, C/R/K/lane and product-release evidence remain separate.",COMPLETE PORTFOLIO TRIAGE — NOT RELEASE APPROVAL,2026-08-31,1.0
RESEARCH:SKU-216,RESEARCH_IDEA,SKU-216,,Travel-document pre-trip staging tray,,"Stage passports, blank forms and itinerary cards together before adult travel without claiming secure storage.",YES,89.0,87.0,C1 · R2 · K1 · Lane E · LOW_UNKNOWN,C1,R2,K1,E,W1 HIGH-TREND / LOW-COMPLEXITY,HIGH,R3 NOMINAL DESIGN INPUTS,,NO SPECIFIC CHILD ADDED IN THIS PASS,"Concept inputs exist, but the exact named-interface and/or exact process baseline needed for R3 is open.","Run the measurement workflow on one real envelope, then print the smallest fit corner or divider coupon before a full prototype.","This is a portfolio planning assessment. Market score, C/R/K/lane and product-release evidence remain separate.",COMPLETE PORTFOLIO TRIAGE — NOT RELEASE APPROVAL,2026-08-31,1.0
RESEARCH:SKU-217,RESEARCH_IDEA,SKU-217,,Household spare-key labeled cassette,,Separate identified spare keys in a drawer cassette without presenting it as secure key storage.,YES,89.0,86.0,C2 · R2 · K1 · Lane E · LOW_UNKNOWN,C2,R2,K1,E,W1 HIGH-TREND / LOW-COMPLEXITY,HIGH,R3 NOMINAL DESIGN INPUTS,,NO SPECIFIC CHILD ADDED IN THIS PASS,"Concept inputs exist, but the exact named-interface and/or exact process baseline needed for R3 is open.","Run the measurement workflow on one real envelope, then print the smallest fit corner or divider coupon before a full prototype.","This is a portfolio planning assessment. Market score, C/R/K/lane and product-release evidence remain separate.",COMPLETE PORTFOLIO TRIAGE — NOT RELEASE APPROVAL,2026-08-31,1.0
RESEARCH:SKU-218,RESEARCH_IDEA,SKU-218,,Warranty-and-manual mini file,,"Sort current small manuals, receipts and warranty cards by room or device in a compact dry file.",YES,90.0,80.0,C2 · R2 · K1 · Lane E · LOW_UNKNOWN,C2,R2,K1,E,W1 HIGH-TREND / LOW-COMPLEXITY,HIGH,R3 NOMINAL DESIGN INPUTS,,NO SPECIFIC CHILD ADDED IN THIS PASS,"Concept inputs exist, but the exact named-interface and/or exact process baseline needed for R3 is open.","Run the measurement workflow on one real envelope, then print the smallest fit corner or divider coupon before a full prototype.","This is a portfolio planning assessment. Market score, C/R/K/lane and product-release evidence remain separate.",COMPLETE PORTFOLIO TRIAGE — NOT RELEASE APPROVAL,2026-08-31,1.0
RESEARCH:SKU-219,RESEARCH_IDEA,SKU-219,,Ribbon-offcut and gift-tag drawer file,,"Separate reusable dry ribbon offcuts, blank tags and string cards inside one craft drawer.",YES,90.0,88.0,C2 · R2 · K1 · Lane E · LOW_UNKNOWN,C2,R2,K1,E,W1 HIGH-TREND / LOW-COMPLEXITY,HIGH,R3 NOMINAL DESIGN INPUTS,,NO SPECIFIC CHILD ADDED IN THIS PASS,"Concept inputs exist, but the exact named-interface and/or exact process baseline needed for R3 is open.","Run the measurement workflow on one real envelope, then print the smallest fit corner or divider coupon before a full prototype.","This is a portfolio planning assessment. Market score, C/R/K/lane and product-release evidence remain separate.",COMPLETE PORTFOLIO TRIAGE — NOT RELEASE APPROVAL,2026-08-31,1.0
RESEARCH:SKU-220,RESEARCH_IDEA,SKU-220,,Sentimental-object rotation tray,,Store a small defined set of keepsakes in labeled cells while one selected object is displayed elsewhere.,YES,92.0,89.0,C2 · R2 · K1 · Lane E · LOW_UNKNOWN,C2,R2,K1,E,W1 HIGH-TREND / LOW-COMPLEXITY,HIGH,R3 NOMINAL DESIGN INPUTS,SKU-312,SPECIFIC R3 CHILD ADDED — GENERIC PARENT UNCHANGED,The generic parameter domain remains broader than the evidence. Readiness from the named child must not be copied back to the generic parent.,"Keep the generic parent unchanged; use SKU-312 for the named interface. Raise the parent only after multiple representative variants, explicit parameter limits, and boundary coupons pass.",Specific-child evidence is deliberately isolated; the generic parent retains its current preflight.,COMPLETE PORTFOLIO TRIAGE — NOT RELEASE APPROVAL,2026-08-31,1.0
RESEARCH:SKU-221,RESEARCH_IDEA,SKU-221,,Correspondence desk station,,"Combine envelopes, writing paper, stamps and capped pens in one personalized freestanding writing station.",YES,92.0,89.0,C2 · R2 · K1 · Lane E · LOW_UNKNOWN,C2,R2,K1,E,W1 HIGH-TREND / LOW-COMPLEXITY,HIGH,R3 NOMINAL DESIGN INPUTS,,NO SPECIFIC CHILD ADDED IN THIS PASS,"Concept inputs exist, but the exact named-interface and/or exact process baseline needed for R3 is open.",Verify the declared stationery formats with blank samples and print one slot/label coupon before the complete organizer.,"This is a portfolio planning assessment. Market score, C/R/K/lane and product-release evidence remain separate.",COMPLETE PORTFOLIO TRIAGE — NOT RELEASE APPROVAL,2026-08-31,1.0
RESEARCH:SKU-222,RESEARCH_IDEA,SKU-222,,Incoming-reply-archive letter sorter,,"Separate letters awaiting reply, active correspondence and completed keepsakes in three visible slots.",YES,91.0,89.0,C2 · R2 · K1 · Lane E · LOW_UNKNOWN,C2,R2,K1,E,W1 HIGH-TREND / LOW-COMPLEXITY,HIGH,R3 NOMINAL DESIGN INPUTS,,NO SPECIFIC CHILD ADDED IN THIS PASS,"Concept inputs exist, but the exact named-interface and/or exact process baseline needed for R3 is open.",Verify the declared stationery formats with blank samples and print one slot/label coupon before the complete organizer.,"This is a portfolio planning assessment. Market score, C/R/K/lane and product-release evidence remain separate.",COMPLETE PORTFOLIO TRIAGE — NOT RELEASE APPROVAL,2026-08-31,1.0
RESEARCH:SKU-223,RESEARCH_IDEA,SKU-223,,Postage-stamp sheet flat tray,,"Keep defined stamp-sheet and booklet formats flat, visible and removable on a writing desk.",YES,90.0,91.0,C2 · R2 · K1 · Lane E · LOW_UNKNOWN,C2,R2,K1,E,W1 HIGH-TREND / LOW-COMPLEXITY,HIGH,R3 NOMINAL DESIGN INPUTS,,NO SPECIFIC CHILD ADDED IN THIS PASS,"Concept inputs exist, but the exact named-interface and/or exact process baseline needed for R3 is open.",Verify the declared stationery formats with blank samples and print one slot/label coupon before the complete organizer.,"This is a portfolio planning assessment. Market score, C/R/K/lane and product-release evidence remain separate.",COMPLETE PORTFOLIO TRIAGE — NOT RELEASE APPROVAL,2026-08-31,1.0
RESEARCH:SKU-224,RESEARCH_IDEA,SKU-224,,Stamp-booklet pocket dispenser,,Present a measured stack of stamp booklets with one-hand finger access and a refill indicator.,YES,91.0,89.0,C2 · R2 · K1 · Lane E · LOW_UNKNOWN,C2,R2,K1,E,W1 HIGH-TREND / LOW-COMPLEXITY,HIGH,R3 NOMINAL DESIGN INPUTS,,NO SPECIFIC CHILD ADDED IN THIS PASS,"Concept inputs exist, but the exact named-interface and/or exact process baseline needed for R3 is open.",Verify the declared stationery formats with blank samples and print one slot/label coupon before the complete organizer.,"This is a portfolio planning assessment. Market score, C/R/K/lane and product-release evidence remain separate.",COMPLETE PORTFOLIO TRIAGE — NOT RELEASE APPROVAL,2026-08-31,1.0
RESEARCH:SKU-225,RESEARCH_IDEA,SKU-225,,Envelope-size vertical file,,Separate a chosen set of envelope formats in a compact personalized vertical desk file.,YES,91.0,89.0,C2 · R2 · K1 · Lane E · LOW_UNKNOWN,C2,R2,K1,E,W1 HIGH-TREND / LOW-COMPLEXITY,HIGH,R3 NOMINAL DESIGN INPUTS,SKU-309,SPECIFIC R3 CHILD ADDED — GENERIC PARENT UNCHANGED,The generic parameter domain remains broader than the evidence. Readiness from the named child must not be copied back to the generic parent.,"Keep the generic parent unchanged; use SKU-309 for the named interface. Raise the parent only after multiple representative variants, explicit parameter limits, and boundary coupons pass.",Specific-child evidence is deliberately isolated; the generic parent retains its current preflight.,COMPLETE PORTFOLIO TRIAGE — NOT RELEASE APPROVAL,2026-08-31,1.0
RESEARCH:SKU-226,RESEARCH_IDEA,SKU-226,,Address-label and sticker-roll dock,,Park non-adhesive-backed label rolls and sticker sheets beside a correspondence station.,YES,90.0,89.0,C2 · R2 · K1 · Lane E · LOW_UNKNOWN,C2,R2,K1,E,W1 HIGH-TREND / LOW-COMPLEXITY,HIGH,R3 NOMINAL DESIGN INPUTS,,NO SPECIFIC CHILD ADDED IN THIS PASS,"Concept inputs exist, but the exact named-interface and/or exact process baseline needed for R3 is open.",Verify the declared stationery formats with blank samples and print one slot/label coupon before the complete organizer.,"This is a portfolio planning assessment. Market score, C/R/K/lane and product-release evidence remain separate.",COMPLETE PORTFOLIO TRIAGE — NOT RELEASE APPROVAL,2026-08-31,1.0
RESEARCH:SKU-227,RESEARCH_IDEA,SKU-227,,Wax-seal stamp cool-storage stand,,"Store clean, cool wax-seal stamp handles upright by motif when they are not in use.",YES,89.0,91.0,C2 · R2 · K1 · Lane E · LOW_UNKNOWN,C2,R2,K1,E,W1 HIGH-TREND / LOW-COMPLEXITY,HIGH,R3 NOMINAL DESIGN INPUTS,,NO SPECIFIC CHILD ADDED IN THIS PASS,"Concept inputs exist, but the exact named-interface and/or exact process baseline needed for R3 is open.",Verify the declared stationery formats with blank samples and print one slot/label coupon before the complete organizer.,"This is a portfolio planning assessment. Market score, C/R/K/lane and product-release evidence remain separate.",COMPLETE PORTFOLIO TRIAGE — NOT RELEASE APPROVAL,2026-08-31,1.0
RESEARCH:SKU-228,RESEARCH_IDEA,SKU-228,,Pen-pal gift-enclosure sorting tray,,"Stage flat stickers, blank cards and lightweight enclosures by recipient before packing a letter.",YES,91.0,89.0,C2 · R2 · K1 · Lane E · LOW_UNKNOWN,C2,R2,K1,E,W1 HIGH-TREND / LOW-COMPLEXITY,HIGH,R3 NOMINAL DESIGN INPUTS,,NO SPECIFIC CHILD ADDED IN THIS PASS,"Concept inputs exist, but the exact named-interface and/or exact process baseline needed for R3 is open.",Verify the declared stationery formats with blank samples and print one slot/label coupon before the complete organizer.,"This is a portfolio planning assessment. Market score, C/R/K/lane and product-release evidence remain separate.",COMPLETE PORTFOLIO TRIAGE — NOT RELEASE APPROVAL,2026-08-31,1.0
RESEARCH:SKU-229,RESEARCH_IDEA,SKU-229,,Postcard-writing angle stand,,Hold one postcard at a chosen low writing/viewing angle with a separate capped-pen rest.,YES,89.0,93.0,C2 · R2 · K1 · Lane E · LOW_UNKNOWN,C2,R2,K1,E,W1 HIGH-TREND / LOW-COMPLEXITY,HIGH,R3 NOMINAL DESIGN INPUTS,,NO SPECIFIC CHILD ADDED IN THIS PASS,"Concept inputs exist, but the exact named-interface and/or exact process baseline needed for R3 is open.",Verify the declared stationery formats with blank samples and print one slot/label coupon before the complete organizer.,"This is a portfolio planning assessment. Market score, C/R/K/lane and product-release evidence remain separate.",COMPLETE PORTFOLIO TRIAGE — NOT RELEASE APPROVAL,2026-08-31,1.0
RESEARCH:SKU-230,RESEARCH_IDEA,SKU-230,,Snail-mail outgoing date queue,,Arrange completed letters by planned posting date using removable personalized dividers.,YES,92.0,89.0,C2 · R2 · K1 · Lane E · LOW_UNKNOWN,C2,R2,K1,E,W1 HIGH-TREND / LOW-COMPLEXITY,HIGH,R3 NOMINAL DESIGN INPUTS,,NO SPECIFIC CHILD ADDED IN THIS PASS,"Concept inputs exist, but the exact named-interface and/or exact process baseline needed for R3 is open.",Verify the declared stationery formats with blank samples and print one slot/label coupon before the complete organizer.,"This is a portfolio planning assessment. Market score, C/R/K/lane and product-release evidence remain separate.",COMPLETE PORTFOLIO TRIAGE — NOT RELEASE APPROVAL,2026-08-31,1.0
RESEARCH:SKU-231,RESEARCH_IDEA,SKU-231,,Fountain-pen and notebook desk bridge,,Keep one closed notebook and a small set of capped pens together in a sculptural desk bridge.,YES,94.0,93.0,C2 · R2 · K1 · Lane E · LOW_UNKNOWN,C2,R2,K1,E,W1 HIGH-TREND / LOW-COMPLEXITY,HIGH,R3 NOMINAL DESIGN INPUTS,SKU-303,SPECIFIC R3 CHILD ADDED — GENERIC PARENT UNCHANGED,The generic parameter domain remains broader than the evidence. Readiness from the named child must not be copied back to the generic parent.,"Keep the generic parent unchanged; use SKU-303 for the named interface. Raise the parent only after multiple representative variants, explicit parameter limits, and boundary coupons pass.",Specific-child evidence is deliberately isolated; the generic parent retains its current preflight.,COMPLETE PORTFOLIO TRIAGE — NOT RELEASE APPROVAL,2026-08-31,1.0
RESEARCH:SKU-232,RESEARCH_IDEA,SKU-232,,Reading-log card catalog file,,Store reading-log cards by status in a compact open file inspired by a card catalog.,YES,93.0,89.0,C2 · R2 · K1 · Lane E · LOW_UNKNOWN,C2,R2,K1,E,W1 HIGH-TREND / LOW-COMPLEXITY,HIGH,R3 NOMINAL DESIGN INPUTS,,NO SPECIFIC CHILD ADDED IN THIS PASS,"Concept inputs exist, but the exact named-interface and/or exact process baseline needed for R3 is open.",Confirm one real item set and print a representative slot/edge coupon before the complete desk object.,"This is a portfolio planning assessment. Market score, C/R/K/lane and product-release evidence remain separate.",COMPLETE PORTFOLIO TRIAGE — NOT RELEASE APPROVAL,2026-08-31,1.0
RESEARCH:SKU-233,RESEARCH_IDEA,SKU-233,,Quote-card archive stand,,Organize handwritten quote and prompt cards by theme in a personalized stepped stand.,YES,93.0,89.0,C2 · R2 · K1 · Lane E · LOW_UNKNOWN,C2,R2,K1,E,W1 HIGH-TREND / LOW-COMPLEXITY,HIGH,R3 NOMINAL DESIGN INPUTS,,NO SPECIFIC CHILD ADDED IN THIS PASS,"Concept inputs exist, but the exact named-interface and/or exact process baseline needed for R3 is open.",Confirm one real item set and print a representative slot/edge coupon before the complete desk object.,"This is a portfolio planning assessment. Market score, C/R/K/lane and product-release evidence remain separate.",COMPLETE PORTFOLIO TRIAGE — NOT RELEASE APPROVAL,2026-08-31,1.0
RESEARCH:SKU-234,RESEARCH_IDEA,SKU-234,,Bookmark rotation stand,,Display current bookmarks while storing a small rotation set upright without bending them.,YES,92.0,93.0,C2 · R2 · K1 · Lane E · LOW_UNKNOWN,C2,R2,K1,E,W1 HIGH-TREND / LOW-COMPLEXITY,HIGH,R3 NOMINAL DESIGN INPUTS,,NO SPECIFIC CHILD ADDED IN THIS PASS,"Concept inputs exist, but the exact named-interface and/or exact process baseline needed for R3 is open.",Confirm one real item set and print a representative slot/edge coupon before the complete desk object.,"This is a portfolio planning assessment. Market score, C/R/K/lane and product-release evidence remain separate.",COMPLETE PORTFOLIO TRIAGE — NOT RELEASE APPROVAL,2026-08-31,1.0
RESEARCH:SKU-235,RESEARCH_IDEA,SKU-235,,Journal-sticker sheet vertical file,,Separate sticker sheets and flat ephemera by journal project in a compact vertical file.,YES,94.0,91.0,C2 · R2 · K1 · Lane E · LOW_UNKNOWN,C2,R2,K1,E,W1 HIGH-TREND / LOW-COMPLEXITY,HIGH,R3 NOMINAL DESIGN INPUTS,,NO SPECIFIC CHILD ADDED IN THIS PASS,"Concept inputs exist, but the exact named-interface and/or exact process baseline needed for R3 is open.",Confirm one real item set and print a representative slot/edge coupon before the complete desk object.,"This is a portfolio planning assessment. Market score, C/R/K/lane and product-release evidence remain separate.",COMPLETE PORTFOLIO TRIAGE — NOT RELEASE APPROVAL,2026-08-31,1.0
RESEARCH:SKU-236,RESEARCH_IDEA,SKU-236,,Traveler-notebook template station,,"Keep writing guides, blotting cards and insert templates aligned beside a traveler notebook.",YES,94.0,94.0,C2 · R2 · K1 · Lane E · LOW_UNKNOWN,C2,R2,K1,E,W1 HIGH-TREND / LOW-COMPLEXITY,HIGH,R3 NOMINAL DESIGN INPUTS,SKU-302,SPECIFIC R3 CHILD ADDED — GENERIC PARENT UNCHANGED,The generic parameter domain remains broader than the evidence. Readiness from the named child must not be copied back to the generic parent.,"Keep the generic parent unchanged; use SKU-302 for the named interface. Raise the parent only after multiple representative variants, explicit parameter limits, and boundary coupons pass.",Specific-child evidence is deliberately isolated; the generic parent retains its current preflight.,COMPLETE PORTFOLIO TRIAGE — NOT RELEASE APPROVAL,2026-08-31,1.0
RESEARCH:SKU-237,RESEARCH_IDEA,SKU-237,,Paper-ephemera sorting fan,,"Sort tickets, labels and paper ephemera into visible angled lanes before journaling.",YES,93.0,89.0,C2 · R2 · K1 · Lane E · LOW_UNKNOWN,C2,R2,K1,E,W1 HIGH-TREND / LOW-COMPLEXITY,HIGH,R3 NOMINAL DESIGN INPUTS,,NO SPECIFIC CHILD ADDED IN THIS PASS,"Concept inputs exist, but the exact named-interface and/or exact process baseline needed for R3 is open.",Confirm one real item set and print a representative slot/edge coupon before the complete desk object.,"This is a portfolio planning assessment. Market score, C/R/K/lane and product-release evidence remain separate.",COMPLETE PORTFOLIO TRIAGE — NOT RELEASE APPROVAL,2026-08-31,1.0
RESEARCH:SKU-238,RESEARCH_IDEA,SKU-238,,Daily-writing prompt token tray,,"Present a personalized set of adult writing-prompt tokens in today, used and archive zones.",YES,94.0,89.0,C2 · R2 · K1 · Lane E · LOW_UNKNOWN,C2,R2,K1,E,W1 HIGH-TREND / LOW-COMPLEXITY,HIGH,R3 NOMINAL DESIGN INPUTS,,NO SPECIFIC CHILD ADDED IN THIS PASS,"Concept inputs exist, but the exact named-interface and/or exact process baseline needed for R3 is open.",Confirm one real item set and print a representative slot/edge coupon before the complete desk object.,"This is a portfolio planning assessment. Market score, C/R/K/lane and product-release evidence remain separate.",COMPLETE PORTFOLIO TRIAGE — NOT RELEASE APPROVAL,2026-08-31,1.0
RESEARCH:SKU-239,RESEARCH_IDEA,SKU-239,,Ink-swatch card stepped rail,,Display dry fountain-pen ink swatch cards by color family in a labeled stepped rail.,YES,93.0,93.0,C2 · R2 · K1 · Lane E · LOW_UNKNOWN,C2,R2,K1,E,W1 HIGH-TREND / LOW-COMPLEXITY,HIGH,R3 NOMINAL DESIGN INPUTS,,NO SPECIFIC CHILD ADDED IN THIS PASS,"Concept inputs exist, but the exact named-interface and/or exact process baseline needed for R3 is open.",Confirm one real item set and print a representative slot/edge coupon before the complete desk object.,"This is a portfolio planning assessment. Market score, C/R/K/lane and product-release evidence remain separate.",COMPLETE PORTFOLIO TRIAGE — NOT RELEASE APPROVAL,2026-08-31,1.0
RESEARCH:SKU-240,RESEARCH_IDEA,SKU-240,,Notebook-band and charm staging tray,,Keep removable notebook bands and adult journal charms organized while they are off the notebook.,YES,93.0,92.0,C2 · R2 · K1 · Lane E · LOW_UNKNOWN,C2,R2,K1,E,W1 HIGH-TREND / LOW-COMPLEXITY,HIGH,R3 NOMINAL DESIGN INPUTS,,NO SPECIFIC CHILD ADDED IN THIS PASS,"Concept inputs exist, but the exact named-interface and/or exact process baseline needed for R3 is open.",Confirm one real item set and print a representative slot/edge coupon before the complete desk object.,"This is a portfolio planning assessment. Market score, C/R/K/lane and product-release evidence remain separate.",COMPLETE PORTFOLIO TRIAGE — NOT RELEASE APPROVAL,2026-08-31,1.0
RESEARCH:SKU-241,RESEARCH_IDEA,SKU-241,,Sewing-pattern envelope size sorter,,Separate active sewing-pattern envelopes by project and format in a compact shelf file.,YES,93.0,86.0,C2 · R2 · K1 · Lane E · LOW_UNKNOWN,C2,R2,K1,E,W1 HIGH-TREND / LOW-COMPLEXITY,HIGH,R3 NOMINAL DESIGN INPUTS,,NO SPECIFIC CHILD ADDED IN THIS PASS,"Concept inputs exist, but the exact named-interface and/or exact process baseline needed for R3 is open.",Measure one representative set and print the tightest slot or channel coupon before the full organizer.,"This is a portfolio planning assessment. Market score, C/R/K/lane and product-release evidence remain separate.",COMPLETE PORTFOLIO TRIAGE — NOT RELEASE APPROVAL,2026-08-31,1.0
RESEARCH:SKU-242,RESEARCH_IDEA,SKU-242,,Fabric-swatch card index,,"Organize labeled fabric swatch cards by project, fiber or color in removable sections.",YES,93.0,88.0,C2 · R2 · K1 · Lane E · LOW_UNKNOWN,C2,R2,K1,E,W1 HIGH-TREND / LOW-COMPLEXITY,HIGH,R3 NOMINAL DESIGN INPUTS,,NO SPECIFIC CHILD ADDED IN THIS PASS,"Concept inputs exist, but the exact named-interface and/or exact process baseline needed for R3 is open.",Measure one representative set and print the tightest slot or channel coupon before the full organizer.,"This is a portfolio planning assessment. Market score, C/R/K/lane and product-release evidence remain separate.",COMPLETE PORTFOLIO TRIAGE — NOT RELEASE APPROVAL,2026-08-31,1.0
RESEARCH:SKU-243,RESEARCH_IDEA,SKU-243,,Visible-mending patch palette tray,,Stage dry repair patches and thread cards by garment before a visible-mending session.,YES,92.0,86.0,C2 · R2 · K1 · Lane E · LOW_UNKNOWN,C2,R2,K1,E,W1 HIGH-TREND / LOW-COMPLEXITY,HIGH,R3 NOMINAL DESIGN INPUTS,,NO SPECIFIC CHILD ADDED IN THIS PASS,"Concept inputs exist, but the exact named-interface and/or exact process baseline needed for R3 is open.",Measure one representative set and print the tightest slot or channel coupon before the full organizer.,"This is a portfolio planning assessment. Market score, C/R/K/lane and product-release evidence remain separate.",COMPLETE PORTFOLIO TRIAGE — NOT RELEASE APPROVAL,2026-08-31,1.0
RESEARCH:SKU-244,RESEARCH_IDEA,SKU-244,,Darning-mushroom and thread stand,,"Store one darning mushroom, capped needle tube and current thread cards together between sessions.",YES,91.0,90.0,C2 · R2 · K1 · Lane E · LOW_UNKNOWN,C2,R2,K1,E,W1 HIGH-TREND / LOW-COMPLEXITY,HIGH,R3 NOMINAL DESIGN INPUTS,,NO SPECIFIC CHILD ADDED IN THIS PASS,"Concept inputs exist, but the exact named-interface and/or exact process baseline needed for R3 is open.",Measure one representative set and print the tightest slot or channel coupon before the full organizer.,"This is a portfolio planning assessment. Market score, C/R/K/lane and product-release evidence remain separate.",COMPLETE PORTFOLIO TRIAGE — NOT RELEASE APPROVAL,2026-08-31,1.0
RESEARCH:SKU-245,RESEARCH_IDEA,SKU-245,,Thimble-and-notions drawer micro-grid,,"Create labeled cells for adult thimbles, clips and closed notions in one measured craft drawer.",YES,92.0,88.0,C2 · R2 · K1 · Lane E · LOW_UNKNOWN,C2,R2,K1,E,W1 HIGH-TREND / LOW-COMPLEXITY,HIGH,R3 NOMINAL DESIGN INPUTS,,NO SPECIFIC CHILD ADDED IN THIS PASS,"Concept inputs exist, but the exact named-interface and/or exact process baseline needed for R3 is open.",Measure one representative set and print the tightest slot or channel coupon before the full organizer.,"This is a portfolio planning assessment. Market score, C/R/K/lane and product-release evidence remain separate.",COMPLETE PORTFOLIO TRIAGE — NOT RELEASE APPROVAL,2026-08-31,1.0
RESEARCH:SKU-246,RESEARCH_IDEA,SKU-246,,Needlepoint-canvas roll end cradles,,Support both ends of a rolled dry needlepoint canvas horizontally on a shelf between sessions.,YES,90.0,88.0,C2 · R2 · K1 · Lane E · LOW_UNKNOWN,C2,R2,K1,E,W1 HIGH-TREND / LOW-COMPLEXITY,HIGH,R3 NOMINAL DESIGN INPUTS,,NO SPECIFIC CHILD ADDED IN THIS PASS,"Concept inputs exist, but the exact named-interface and/or exact process baseline needed for R3 is open.",Measure one representative set and print the tightest slot or channel coupon before the full organizer.,"This is a portfolio planning assessment. Market score, C/R/K/lane and product-release evidence remain separate.",COMPLETE PORTFOLIO TRIAGE — NOT RELEASE APPROVAL,2026-08-31,1.0
RESEARCH:SKU-247,RESEARCH_IDEA,SKU-247,,Embroidery-hoop size nesting stand,,Store a measured set of empty embroidery hoops upright and labeled by diameter.,YES,92.0,86.0,C2 · R2 · K1 · Lane E · LOW_UNKNOWN,C2,R2,K1,E,W1 HIGH-TREND / LOW-COMPLEXITY,HIGH,R3 NOMINAL DESIGN INPUTS,,NO SPECIFIC CHILD ADDED IN THIS PASS,"Concept inputs exist, but the exact named-interface and/or exact process baseline needed for R3 is open.",Measure one representative set and print the tightest slot or channel coupon before the full organizer.,"This is a portfolio planning assessment. Market score, C/R/K/lane and product-release evidence remain separate.",COMPLETE PORTFOLIO TRIAGE — NOT RELEASE APPROVAL,2026-08-31,1.0
RESEARCH:SKU-248,RESEARCH_IDEA,SKU-248,,Punch-needle tool rest,,"Park clean, capped punch-needle tools and current thread cards in a compact adult craft stand.",YES,90.0,90.0,C2 · R2 · K1 · Lane E · LOW_UNKNOWN,C2,R2,K1,E,W1 HIGH-TREND / LOW-COMPLEXITY,HIGH,R3 NOMINAL DESIGN INPUTS,,NO SPECIFIC CHILD ADDED IN THIS PASS,"Concept inputs exist, but the exact named-interface and/or exact process baseline needed for R3 is open.",Measure one representative set and print the tightest slot or channel coupon before the full organizer.,"This is a portfolio planning assessment. Market score, C/R/K/lane and product-release evidence remain separate.",COMPLETE PORTFOLIO TRIAGE — NOT RELEASE APPROVAL,2026-08-31,1.0
RESEARCH:SKU-249,RESEARCH_IDEA,SKU-249,,Quilt-block layout label token tray,,"Sort reusable row, column and orientation labels used while arranging quilt blocks.",YES,91.0,88.0,C2 · R2 · K1 · Lane E · LOW_UNKNOWN,C2,R2,K1,E,W1 HIGH-TREND / LOW-COMPLEXITY,HIGH,R3 NOMINAL DESIGN INPUTS,,NO SPECIFIC CHILD ADDED IN THIS PASS,"Concept inputs exist, but the exact named-interface and/or exact process baseline needed for R3 is open.",Measure one representative set and print the tightest slot or channel coupon before the full organizer.,"This is a portfolio planning assessment. Market score, C/R/K/lane and product-release evidence remain separate.",COMPLETE PORTFOLIO TRIAGE — NOT RELEASE APPROVAL,2026-08-31,1.0
RESEARCH:SKU-250,RESEARCH_IDEA,SKU-250,,Quilting-template vertical file,,Separate measured acrylic or card quilting templates upright by shape and project.,YES,91.0,86.0,C2 · R2 · K1 · Lane E · LOW_UNKNOWN,C2,R2,K1,E,W1 HIGH-TREND / LOW-COMPLEXITY,HIGH,R3 NOMINAL DESIGN INPUTS,,NO SPECIFIC CHILD ADDED IN THIS PASS,"Concept inputs exist, but the exact named-interface and/or exact process baseline needed for R3 is open.",Measure one representative set and print the tightest slot or channel coupon before the full organizer.,"This is a portfolio planning assessment. Market score, C/R/K/lane and product-release evidence remain separate.",COMPLETE PORTFOLIO TRIAGE — NOT RELEASE APPROVAL,2026-08-31,1.0
RESEARCH:SKU-251,RESEARCH_IDEA,SKU-251,,Circular-knitting cable size cassette,,Store disconnected circular-knitting cables in labeled loose coils without sharp needle tips.,YES,92.0,88.0,C2 · R2 · K1 · Lane E · LOW_UNKNOWN,C2,R2,K1,E,W1 HIGH-TREND / LOW-COMPLEXITY,HIGH,R3 NOMINAL DESIGN INPUTS,,NO SPECIFIC CHILD ADDED IN THIS PASS,"Concept inputs exist, but the exact named-interface and/or exact process baseline needed for R3 is open.",Measure one representative set and print the tightest slot or channel coupon before the full organizer.,"This is a portfolio planning assessment. Market score, C/R/K/lane and product-release evidence remain separate.",COMPLETE PORTFOLIO TRIAGE — NOT RELEASE APPROVAL,2026-08-31,1.0
RESEARCH:SKU-252,RESEARCH_IDEA,SKU-252,,Knitting-needle pair divider modules,,Keep capped straight knitting-needle pairs separated by size in modular horizontal channels.,YES,92.0,88.0,C2 · R2 · K1 · Lane E · LOW_UNKNOWN,C2,R2,K1,E,W1 HIGH-TREND / LOW-COMPLEXITY,HIGH,R3 NOMINAL DESIGN INPUTS,,NO SPECIFIC CHILD ADDED IN THIS PASS,"Concept inputs exist, but the exact named-interface and/or exact process baseline needed for R3 is open.",Measure one representative set and print the tightest slot or channel coupon before the full organizer.,"This is a portfolio planning assessment. Market score, C/R/K/lane and product-release evidence remain separate.",COMPLETE PORTFOLIO TRIAGE — NOT RELEASE APPROVAL,2026-08-31,1.0
RESEARCH:SKU-253,RESEARCH_IDEA,SKU-253,,Crochet-gauge swatch archive rack,,Store labeled dry crochet gauge swatches upright for later project reference.,YES,92.0,88.0,C2 · R2 · K1 · Lane E · LOW_UNKNOWN,C2,R2,K1,E,W1 HIGH-TREND / LOW-COMPLEXITY,HIGH,R3 NOMINAL DESIGN INPUTS,,NO SPECIFIC CHILD ADDED IN THIS PASS,"Concept inputs exist, but the exact named-interface and/or exact process baseline needed for R3 is open.",Measure one representative set and print the tightest slot or channel coupon before the full organizer.,"This is a portfolio planning assessment. Market score, C/R/K/lane and product-release evidence remain separate.",COMPLETE PORTFOLIO TRIAGE — NOT RELEASE APPROVAL,2026-08-31,1.0
RESEARCH:SKU-254,RESEARCH_IDEA,SKU-254,,Yarn-label archive card file,,Keep removed yarn labels and matching sample cards organized by project and fiber.,YES,92.0,88.0,C2 · R2 · K1 · Lane E · LOW_UNKNOWN,C2,R2,K1,E,W1 HIGH-TREND / LOW-COMPLEXITY,HIGH,R3 NOMINAL DESIGN INPUTS,,NO SPECIFIC CHILD ADDED IN THIS PASS,"Concept inputs exist, but the exact named-interface and/or exact process baseline needed for R3 is open.",Measure one representative set and print the tightest slot or channel coupon before the full organizer.,"This is a portfolio planning assessment. Market score, C/R/K/lane and product-release evidence remain separate.",COMPLETE PORTFOLIO TRIAGE — NOT RELEASE APPROVAL,2026-08-31,1.0
RESEARCH:SKU-255,RESEARCH_IDEA,SKU-255,,Portable craft-project container insert,,Fit one customer-owned box with removable zones for a current small needlecraft project without acting as its handle.,YES,93.0,91.0,C2 · R2 · K1 · Lane E · LOW_UNKNOWN,C2,R2,K1,E,W1 HIGH-TREND / LOW-COMPLEXITY,HIGH,R3 NOMINAL DESIGN INPUTS,,NO SPECIFIC CHILD ADDED IN THIS PASS,"Concept inputs exist, but the exact named-interface and/or exact process baseline needed for R3 is open.",Measure one representative set and print the tightest slot or channel coupon before the full organizer.,"This is a portfolio planning assessment. Market score, C/R/K/lane and product-release evidence remain separate.",COMPLETE PORTFOLIO TRIAGE — NOT RELEASE APPROVAL,2026-08-31,1.0
RESEARCH:SKU-256,RESEARCH_IDEA,SKU-256,,Paper-quilling strip color divider,,Keep dry quilling strips separated by color and length in a measured drawer or box insert.,YES,91.0,88.0,C2 · R2 · K1 · Lane E · LOW_UNKNOWN,C2,R2,K1,E,W1 HIGH-TREND / LOW-COMPLEXITY,HIGH,R3 NOMINAL DESIGN INPUTS,,NO SPECIFIC CHILD ADDED IN THIS PASS,"Concept inputs exist, but the exact named-interface and/or exact process baseline needed for R3 is open.","Confirm the smallest and largest real formats, then print the densest compartment coupon before a full set.","This is a portfolio planning assessment. Market score, C/R/K/lane and product-release evidence remain separate.",COMPLETE PORTFOLIO TRIAGE — NOT RELEASE APPROVAL,2026-08-31,1.0
RESEARCH:SKU-257,RESEARCH_IDEA,SKU-257,,Origami-paper size step sorter,,Separate square paper formats by visible stepped height without bending the sheets.,YES,91.0,86.0,C2 · R2 · K1 · Lane E · LOW_UNKNOWN,C2,R2,K1,E,W1 HIGH-TREND / LOW-COMPLEXITY,HIGH,R3 NOMINAL DESIGN INPUTS,,NO SPECIFIC CHILD ADDED IN THIS PASS,"Concept inputs exist, but the exact named-interface and/or exact process baseline needed for R3 is open.","Confirm the smallest and largest real formats, then print the densest compartment coupon before a full set.","This is a portfolio planning assessment. Market score, C/R/K/lane and product-release evidence remain separate.",COMPLETE PORTFOLIO TRIAGE — NOT RELEASE APPROVAL,2026-08-31,1.0
RESEARCH:SKU-258,RESEARCH_IDEA,SKU-258,,Polymer-clay cutter silhouette index tray,,Arrange clean dry adult craft cutters by outline so missing shapes are visible before use.,YES,92.0,88.0,C2 · R2 · K1 · Lane E · LOW_UNKNOWN,C2,R2,K1,E,W1 HIGH-TREND / LOW-COMPLEXITY,HIGH,R3 NOMINAL DESIGN INPUTS,,NO SPECIFIC CHILD ADDED IN THIS PASS,"Concept inputs exist, but the exact named-interface and/or exact process baseline needed for R3 is open.","Confirm the smallest and largest real formats, then print the densest compartment coupon before a full set.","This is a portfolio planning assessment. Market score, C/R/K/lane and product-release evidence remain separate.",COMPLETE PORTFOLIO TRIAGE — NOT RELEASE APPROVAL,2026-08-31,1.0
RESEARCH:SKU-259,RESEARCH_IDEA,SKU-259,,Jewelry-wire spool label comb,,Separate small dry craft-wire spools by gauge in a freestanding labeled comb.,YES,90.0,90.0,C2 · R2 · K1 · Lane E · LOW_UNKNOWN,C2,R2,K1,E,W1 HIGH-TREND / LOW-COMPLEXITY,HIGH,R3 NOMINAL DESIGN INPUTS,,NO SPECIFIC CHILD ADDED IN THIS PASS,"Concept inputs exist, but the exact named-interface and/or exact process baseline needed for R3 is open.","Confirm the smallest and largest real formats, then print the densest compartment coupon before a full set.","This is a portfolio planning assessment. Market score, C/R/K/lane and product-release evidence remain separate.",COMPLETE PORTFOLIO TRIAGE — NOT RELEASE APPROVAL,2026-08-31,1.0
RESEARCH:SKU-260,RESEARCH_IDEA,SKU-260,,Charm-bar component sorting palette,,Stage adult craft charms and connectors by project in removable personalized wells.,YES,92.0,88.0,C2 · R2 · K1 · Lane E · LOW_UNKNOWN,C2,R2,K1,E,W1 HIGH-TREND / LOW-COMPLEXITY,HIGH,R3 NOMINAL DESIGN INPUTS,,NO SPECIFIC CHILD ADDED IN THIS PASS,"Concept inputs exist, but the exact named-interface and/or exact process baseline needed for R3 is open.","Confirm the smallest and largest real formats, then print the densest compartment coupon before a full set.","This is a portfolio planning assessment. Market score, C/R/K/lane and product-release evidence remain separate.",COMPLETE PORTFOLIO TRIAGE — NOT RELEASE APPROVAL,2026-08-31,1.0
RESEARCH:SKU-261,RESEARCH_IDEA,SKU-261,,Friendship-bracelet thread project tray,,"Separate pre-cut thread groups, labels and finished adult craft samples for one bracelet project.",YES,91.0,88.0,C2 · R2 · K1 · Lane E · LOW_UNKNOWN,C2,R2,K1,E,W1 HIGH-TREND / LOW-COMPLEXITY,HIGH,R3 NOMINAL DESIGN INPUTS,,NO SPECIFIC CHILD ADDED IN THIS PASS,"Concept inputs exist, but the exact named-interface and/or exact process baseline needed for R3 is open.","Confirm the smallest and largest real formats, then print the densest compartment coupon before a full set.","This is a portfolio planning assessment. Market score, C/R/K/lane and product-release evidence remain separate.",COMPLETE PORTFOLIO TRIAGE — NOT RELEASE APPROVAL,2026-08-31,1.0
RESEARCH:SKU-262,RESEARCH_IDEA,SKU-262,,Scrapbook die-cut sorting fan,,Sort dry paper die-cuts by theme in visible angled lanes before assembly.,YES,91.0,88.0,C2 · R2 · K1 · Lane E · LOW_UNKNOWN,C2,R2,K1,E,W1 HIGH-TREND / LOW-COMPLEXITY,HIGH,R3 NOMINAL DESIGN INPUTS,,NO SPECIFIC CHILD ADDED IN THIS PASS,"Concept inputs exist, but the exact named-interface and/or exact process baseline needed for R3 is open.","Confirm the smallest and largest real formats, then print the densest compartment coupon before a full set.","This is a portfolio planning assessment. Market score, C/R/K/lane and product-release evidence remain separate.",COMPLETE PORTFOLIO TRIAGE — NOT RELEASE APPROVAL,2026-08-31,1.0
RESEARCH:SKU-263,RESEARCH_IDEA,SKU-263,,Washi sample-card index base,,Display dry washi sample cards by palette and project without dispensing tape.,YES,90.0,95.0,C2 · R2 · K1 · Lane E · LOW_UNKNOWN,C2,R2,K1,E,W1 HIGH-TREND / LOW-COMPLEXITY,HIGH,R3 NOMINAL DESIGN INPUTS,,NO SPECIFIC CHILD ADDED IN THIS PASS,"Concept inputs exist, but the exact named-interface and/or exact process baseline needed for R3 is open.","Confirm the smallest and largest real formats, then print the densest compartment coupon before a full set.","This is a portfolio planning assessment. Market score, C/R/K/lane and product-release evidence remain separate.",COMPLETE PORTFOLIO TRIAGE — NOT RELEASE APPROVAL,2026-08-31,1.0
RESEARCH:SKU-264,RESEARCH_IDEA,SKU-264,,Rubber-stamp impression card file,,Archive dry stamped sample cards by theme so adult users can select a stamp without unpacking it.,YES,90.0,91.0,C2 · R2 · K1 · Lane E · LOW_UNKNOWN,C2,R2,K1,E,W1 HIGH-TREND / LOW-COMPLEXITY,HIGH,R3 NOMINAL DESIGN INPUTS,,NO SPECIFIC CHILD ADDED IN THIS PASS,"Concept inputs exist, but the exact named-interface and/or exact process baseline needed for R3 is open.","Confirm the smallest and largest real formats, then print the densest compartment coupon before a full set.","This is a portfolio planning assessment. Market score, C/R/K/lane and product-release evidence remain separate.",COMPLETE PORTFOLIO TRIAGE — NOT RELEASE APPROVAL,2026-08-31,1.0
RESEARCH:SKU-265,RESEARCH_IDEA,SKU-265,,Paint-party brush-and-name station,,Assign clean dry capped brushes and name cards to adult participants before a paint session.,YES,92.0,88.0,C2 · R2 · K1 · Lane E · LOW_UNKNOWN,C2,R2,K1,E,W1 HIGH-TREND / LOW-COMPLEXITY,HIGH,R3 NOMINAL DESIGN INPUTS,,NO SPECIFIC CHILD ADDED IN THIS PASS,"Concept inputs exist, but the exact named-interface and/or exact process baseline needed for R3 is open.","Confirm the smallest and largest real formats, then print the densest compartment coupon before a full set.","This is a portfolio planning assessment. Market score, C/R/K/lane and product-release evidence remain separate.",COMPLETE PORTFOLIO TRIAGE — NOT RELEASE APPROVAL,2026-08-31,1.0
RESEARCH:SKU-266,RESEARCH_IDEA,SKU-266,,Craft-night personal boundary tray,,Give each adult participant a named shallow dry-parts zone on a shared table.,YES,91.0,96.0,C1 · R2 · K1 · Lane E · LOW_UNKNOWN,C1,R2,K1,E,W1 HIGH-TREND / LOW-COMPLEXITY,HIGH,R3 NOMINAL DESIGN INPUTS,,NO SPECIFIC CHILD ADDED IN THIS PASS,"Concept inputs exist, but the exact named-interface and/or exact process baseline needed for R3 is open.","Confirm the smallest and largest real formats, then print the densest compartment coupon before a full set.","This is a portfolio planning assessment. Market score, C/R/K/lane and product-release evidence remain separate.",COMPLETE PORTFOLIO TRIAGE — NOT RELEASE APPROVAL,2026-08-31,1.0
RESEARCH:SKU-267,RESEARCH_IDEA,SKU-267,,Mosaic-tessera color staging grid,,Stage small inert adult mosaic pieces by color in removable shallow cells before placement.,YES,91.0,88.0,C2 · R2 · K1 · Lane E · LOW_UNKNOWN,C2,R2,K1,E,W1 HIGH-TREND / LOW-COMPLEXITY,HIGH,R3 NOMINAL DESIGN INPUTS,,NO SPECIFIC CHILD ADDED IN THIS PASS,"Concept inputs exist, but the exact named-interface and/or exact process baseline needed for R3 is open.","Confirm the smallest and largest real formats, then print the densest compartment coupon before a full set.","This is a portfolio planning assessment. Market score, C/R/K/lane and product-release evidence remain separate.",COMPLETE PORTFOLIO TRIAGE — NOT RELEASE APPROVAL,2026-08-31,1.0
RESEARCH:SKU-268,RESEARCH_IDEA,SKU-268,,Miniature-basing sample archive,,Store sealed dry basing-material sample bags and labeled result cards by project.,YES,89.0,88.0,C2 · R2 · K1 · Lane E · LOW_UNKNOWN,C2,R2,K1,E,W1 HIGH-TREND / LOW-COMPLEXITY,HIGH,R3 NOMINAL DESIGN INPUTS,,NO SPECIFIC CHILD ADDED IN THIS PASS,"Concept inputs exist, but the exact named-interface and/or exact process baseline needed for R3 is open.","Confirm the smallest and largest real formats, then print the densest compartment coupon before a full set.","This is a portfolio planning assessment. Market score, C/R/K/lane and product-release evidence remain separate.",COMPLETE PORTFOLIO TRIAGE — NOT RELEASE APPROVAL,2026-08-31,1.0
RESEARCH:SKU-269,RESEARCH_IDEA,SKU-269,,Model-decal sheet flat file,,Separate unused dry decal sheets and instruction cards by model project without folding.,YES,90.0,90.0,C2 · R2 · K1 · Lane E · LOW_UNKNOWN,C2,R2,K1,E,W1 HIGH-TREND / LOW-COMPLEXITY,HIGH,R3 NOMINAL DESIGN INPUTS,,NO SPECIFIC CHILD ADDED IN THIS PASS,"Concept inputs exist, but the exact named-interface and/or exact process baseline needed for R3 is open.","Confirm the smallest and largest real formats, then print the densest compartment coupon before a full set.","This is a portfolio planning assessment. Market score, C/R/K/lane and product-release evidence remain separate.",COMPLETE PORTFOLIO TRIAGE — NOT RELEASE APPROVAL,2026-08-31,1.0
RESEARCH:SKU-270,RESEARCH_IDEA,SKU-270,,Pressed-flower dry sorting frame insert,,Arrange fully dried pressed-flower pieces by size inside a customer-owned flat frame or box before composition.,YES,91.0,88.0,C2 · R2 · K1 · Lane E · LOW_UNKNOWN,C2,R2,K1,E,W1 HIGH-TREND / LOW-COMPLEXITY,HIGH,R3 NOMINAL DESIGN INPUTS,,NO SPECIFIC CHILD ADDED IN THIS PASS,"Concept inputs exist, but the exact named-interface and/or exact process baseline needed for R3 is open.","Confirm the smallest and largest real formats, then print the densest compartment coupon before a full set.","This is a portfolio planning assessment. Market score, C/R/K/lane and product-release evidence remain separate.",COMPLETE PORTFOLIO TRIAGE — NOT RELEASE APPROVAL,2026-08-31,1.0
RESEARCH:SKU-271,RESEARCH_IDEA,SKU-271,,Ticket-stub chronological desk archive,,Store dry ticket stubs upright by year or event in a personalized compact archive.,YES,89.0,81.0,C2 · R2 · K1 · Lane E · LOW_UNKNOWN,C2,R2,K1,E,W1 HIGH-TREND / LOW-COMPLEXITY,HIGH,R3 NOMINAL DESIGN INPUTS,,NO SPECIFIC CHILD ADDED IN THIS PASS,"Concept inputs exist, but the exact named-interface and/or exact process baseline needed for R3 is open.",Validate one inert object or card set and print a contact/recess coupon before the complete display.,"This is a portfolio planning assessment. Market score, C/R/K/lane and product-release evidence remain separate.",COMPLETE PORTFOLIO TRIAGE — NOT RELEASE APPROVAL,2026-08-31,1.0
RESEARCH:SKU-272,RESEARCH_IDEA,SKU-272,,Concert-wristband memory spool,,Display cleaned dry fabric event wristbands on a removable labeled spool without claiming preservation.,YES,88.0,85.0,C2 · R2 · K1 · Lane E · LOW_UNKNOWN,C2,R2,K1,E,W1 HIGH-TREND / LOW-COMPLEXITY,HIGH,R3 NOMINAL DESIGN INPUTS,,NO SPECIFIC CHILD ADDED IN THIS PASS,"Concept inputs exist, but the exact named-interface and/or exact process baseline needed for R3 is open.",Validate one inert object or card set and print a contact/recess coupon before the complete display.,"This is a portfolio planning assessment. Market score, C/R/K/lane and product-release evidence remain separate.",COMPLETE PORTFOLIO TRIAGE — NOT RELEASE APPROVAL,2026-08-31,1.0
RESEARCH:SKU-273,RESEARCH_IDEA,SKU-273,,Photo-booth strip vertical display,,Present one or more standard or measured photo-booth strips in a stable personalized desk display.,YES,88.0,83.0,C2 · R2 · K1 · Lane E · LOW_UNKNOWN,C2,R2,K1,E,W1 HIGH-TREND / LOW-COMPLEXITY,HIGH,R3 NOMINAL DESIGN INPUTS,,NO SPECIFIC CHILD ADDED IN THIS PASS,"Concept inputs exist, but the exact named-interface and/or exact process baseline needed for R3 is open.",Validate one inert object or card set and print a contact/recess coupon before the complete display.,"This is a portfolio planning assessment. Market score, C/R/K/lane and product-release evidence remain separate.",COMPLETE PORTFOLIO TRIAGE — NOT RELEASE APPROVAL,2026-08-31,1.0
RESEARCH:SKU-274,RESEARCH_IDEA,SKU-274,,Event-lanyard badge archive rack,,Store lightweight inactive event badges and lanyards on a freestanding shelf rack by year.,YES,88.0,83.0,C2 · R2 · K1 · Lane E · LOW_UNKNOWN,C2,R2,K1,E,W1 HIGH-TREND / LOW-COMPLEXITY,HIGH,R3 NOMINAL DESIGN INPUTS,,NO SPECIFIC CHILD ADDED IN THIS PASS,"Concept inputs exist, but the exact named-interface and/or exact process baseline needed for R3 is open.",Validate one inert object or card set and print a contact/recess coupon before the complete display.,"This is a portfolio planning assessment. Market score, C/R/K/lane and product-release evidence remain separate.",COMPLETE PORTFOLIO TRIAGE — NOT RELEASE APPROVAL,2026-08-31,1.0
RESEARCH:SKU-275,RESEARCH_IDEA,SKU-275,,Souvenir-token story tray,,Arrange a small measured set of travel tokens beside short story labels in a shallow display tray.,YES,89.0,83.0,C2 · R2 · K1 · Lane E · LOW_UNKNOWN,C2,R2,K1,E,W1 HIGH-TREND / LOW-COMPLEXITY,HIGH,R3 NOMINAL DESIGN INPUTS,,NO SPECIFIC CHILD ADDED IN THIS PASS,"Concept inputs exist, but the exact named-interface and/or exact process baseline needed for R3 is open.",Validate one inert object or card set and print a contact/recess coupon before the complete display.,"This is a portfolio planning assessment. Market score, C/R/K/lane and product-release evidence remain separate.",COMPLETE PORTFOLIO TRIAGE — NOT RELEASE APPROVAL,2026-08-31,1.0
RESEARCH:SKU-276,RESEARCH_IDEA,SKU-276,,Keychain-collection freestanding rail,,Display a light adult keychain collection on a freestanding low rail with personalized category labels.,YES,87.0,81.0,C2 · R2 · K1 · Lane E · LOW_UNKNOWN,C2,R2,K1,E,W1 HIGH-TREND / LOW-COMPLEXITY,HIGH,R3 NOMINAL DESIGN INPUTS,,NO SPECIFIC CHILD ADDED IN THIS PASS,"Concept inputs exist, but the exact named-interface and/or exact process baseline needed for R3 is open.",Validate one inert object or card set and print a contact/recess coupon before the complete display.,"This is a portfolio planning assessment. Market score, C/R/K/lane and product-release evidence remain separate.",COMPLETE PORTFOLIO TRIAGE — NOT RELEASE APPROVAL,2026-08-31,1.0
RESEARCH:SKU-277,RESEARCH_IDEA,SKU-277,,Empty-matchbook-cover archive file,,Store empty paper matchbook covers only in measured dry divider lanes for adult collectors.,YES,87.0,79.0,C2 · R2 · K1 · Lane E · LOW_UNKNOWN,C2,R2,K1,E,W1 HIGH-TREND / LOW-COMPLEXITY,HIGH,R3 NOMINAL DESIGN INPUTS,,NO SPECIFIC CHILD ADDED IN THIS PASS,"Concept inputs exist, but the exact named-interface and/or exact process baseline needed for R3 is open.",Validate one inert object or card set and print a contact/recess coupon before the complete display.,"This is a portfolio planning assessment. Market score, C/R/K/lane and product-release evidence remain separate.",COMPLETE PORTFOLIO TRIAGE — NOT RELEASE APPROVAL,2026-08-31,1.0
RESEARCH:SKU-278,RESEARCH_IDEA,SKU-278,,Transit-ticket route divider box,,Sort expired dry transit tickets by city or route in a personalized compact file.,YES,88.0,81.0,C2 · R2 · K1 · Lane E · LOW_UNKNOWN,C2,R2,K1,E,W1 HIGH-TREND / LOW-COMPLEXITY,HIGH,R3 NOMINAL DESIGN INPUTS,,NO SPECIFIC CHILD ADDED IN THIS PASS,"Concept inputs exist, but the exact named-interface and/or exact process baseline needed for R3 is open.",Validate one inert object or card set and print a contact/recess coupon before the complete display.,"This is a portfolio planning assessment. Market score, C/R/K/lane and product-release evidence remain separate.",COMPLETE PORTFOLIO TRIAGE — NOT RELEASE APPROVAL,2026-08-31,1.0
RESEARCH:SKU-279,RESEARCH_IDEA,SKU-279,,Travel-patch presentation tile,,Present unattached dry travel patches on a freestanding textured tile without adhesive or wall mounting.,YES,87.0,85.0,C2 · R2 · K1 · Lane E · LOW_UNKNOWN,C2,R2,K1,E,W1 HIGH-TREND / LOW-COMPLEXITY,HIGH,R3 NOMINAL DESIGN INPUTS,,NO SPECIFIC CHILD ADDED IN THIS PASS,"Concept inputs exist, but the exact named-interface and/or exact process baseline needed for R3 is open.",Validate one inert object or card set and print a contact/recess coupon before the complete display.,"This is a portfolio planning assessment. Market score, C/R/K/lane and product-release evidence remain separate.",COMPLETE PORTFOLIO TRIAGE — NOT RELEASE APPROVAL,2026-08-31,1.0
RESEARCH:SKU-280,RESEARCH_IDEA,SKU-280,,Brooch drawer-card cassette,,Separate adult brooches on customer-provided cards inside a measured drawer cassette.,YES,89.0,85.0,C2 · R2 · K1 · Lane E · LOW_UNKNOWN,C2,R2,K1,E,W1 HIGH-TREND / LOW-COMPLEXITY,HIGH,R3 NOMINAL DESIGN INPUTS,,NO SPECIFIC CHILD ADDED IN THIS PASS,"Concept inputs exist, but the exact named-interface and/or exact process baseline needed for R3 is open.",Validate one inert object or card set and print a contact/recess coupon before the complete display.,"This is a portfolio planning assessment. Market score, C/R/K/lane and product-release evidence remain separate.",COMPLETE PORTFOLIO TRIAGE — NOT RELEASE APPROVAL,2026-08-31,1.0
RESEARCH:SKU-281,RESEARCH_IDEA,SKU-281,,Lapel-pin outfit-selection stand,,Stage a small adult lapel-pin selection on customer-provided cards beside a wardrobe without garment attachment.,YES,87.0,85.0,C2 · R2 · K1 · Lane E · LOW_UNKNOWN,C2,R2,K1,E,W1 HIGH-TREND / LOW-COMPLEXITY,HIGH,R3 NOMINAL DESIGN INPUTS,,NO SPECIFIC CHILD ADDED IN THIS PASS,"Concept inputs exist, but the exact named-interface and/or exact process baseline needed for R3 is open.",Validate one inert object or card set and print a contact/recess coupon before the complete display.,"This is a portfolio planning assessment. Market score, C/R/K/lane and product-release evidence remain separate.",COMPLETE PORTFOLIO TRIAGE — NOT RELEASE APPROVAL,2026-08-31,1.0
RESEARCH:SKU-282,RESEARCH_IDEA,SKU-282,,Heirloom-jewelry story-card plinth,,Display one lightweight jewelry item on its customer-provided card beside a personalized provenance note.,YES,88.0,85.0,C2 · R2 · K1 · Lane E · LOW_UNKNOWN,C2,R2,K1,E,W1 HIGH-TREND / LOW-COMPLEXITY,HIGH,R3 NOMINAL DESIGN INPUTS,,NO SPECIFIC CHILD ADDED IN THIS PASS,"Concept inputs exist, but the exact named-interface and/or exact process baseline needed for R3 is open.",Validate one inert object or card set and print a contact/recess coupon before the complete display.,"This is a portfolio planning assessment. Market score, C/R/K/lane and product-release evidence remain separate.",COMPLETE PORTFOLIO TRIAGE — NOT RELEASE APPROVAL,2026-08-31,1.0
RESEARCH:SKU-283,RESEARCH_IDEA,SKU-283,,Souvenir-magnet tabletop display board,,Display a small lightweight magnet collection on a customer-provided steel card in a freestanding frame.,YES,88.0,85.0,C2 · R2 · K1 · Lane E · LOW_UNKNOWN,C2,R2,K1,E,W1 HIGH-TREND / LOW-COMPLEXITY,HIGH,R3 NOMINAL DESIGN INPUTS,,NO SPECIFIC CHILD ADDED IN THIS PASS,"Concept inputs exist, but the exact named-interface and/or exact process baseline needed for R3 is open.",Validate one inert object or card set and print a contact/recess coupon before the complete display.,"This is a portfolio planning assessment. Market score, C/R/K/lane and product-release evidence remain separate.",COMPLETE PORTFOLIO TRIAGE — NOT RELEASE APPROVAL,2026-08-31,1.0
RESEARCH:SKU-284,RESEARCH_IDEA,SKU-284,,Today's-memory postcard stand,,Show one selected postcard while storing a short rotation set behind it in a personalized desk stand.,YES,88.0,88.0,C2 · R2 · K1 · Lane E · LOW_UNKNOWN,C2,R2,K1,E,W1 HIGH-TREND / LOW-COMPLEXITY,HIGH,R3 NOMINAL DESIGN INPUTS,,NO SPECIFIC CHILD ADDED IN THIS PASS,"Concept inputs exist, but the exact named-interface and/or exact process baseline needed for R3 is open.",Validate one inert object or card set and print a contact/recess coupon before the complete display.,"This is a portfolio planning assessment. Market score, C/R/K/lane and product-release evidence remain separate.",COMPLETE PORTFOLIO TRIAGE — NOT RELEASE APPROVAL,2026-08-31,1.0
RESEARCH:SKU-285,RESEARCH_IDEA,SKU-285,,Collectible certificate-and-object plinth,,Pair one lightweight object with its non-secure certificate card in a fitted shelf display.,YES,89.0,89.0,C2 · R2 · K1 · Lane E · LOW_UNKNOWN,C2,R2,K1,E,W1 HIGH-TREND / LOW-COMPLEXITY,HIGH,R3 NOMINAL DESIGN INPUTS,,NO SPECIFIC CHILD ADDED IN THIS PASS,"Concept inputs exist, but the exact named-interface and/or exact process baseline needed for R3 is open.",Validate one inert object or card set and print a contact/recess coupon before the complete display.,"This is a portfolio planning assessment. Market score, C/R/K/lane and product-release evidence remain separate.",COMPLETE PORTFOLIO TRIAGE — NOT RELEASE APPROVAL,2026-08-31,1.0
RESEARCH:SKU-286,RESEARCH_IDEA,SKU-286,,Little-wins token staircase,,Display personalized tokens for small completed goals in a compact stepped desk object.,YES,93.0,92.0,C2 · R2 · K1 · Lane E · LOW_UNKNOWN,C2,R2,K1,E,W1 HIGH-TREND / LOW-COMPLEXITY,HIGH,R3 NOMINAL DESIGN INPUTS,,NO SPECIFIC CHILD ADDED IN THIS PASS,"Concept inputs exist, but the exact named-interface and/or exact process baseline needed for R3 is open.",Approve one personalization proof and print a representative slot/text coupon before the complete display.,"This is a portfolio planning assessment. Market score, C/R/K/lane and product-release evidence remain separate.",COMPLETE PORTFOLIO TRIAGE — NOT RELEASE APPROVAL,2026-08-31,1.0
RESEARCH:SKU-287,RESEARCH_IDEA,SKU-287,,Congratulations card-and-photo dock,,Pair one greeting card and one photo in a personalized freestanding milestone display.,YES,92.0,92.0,C2 · R2 · K1 · Lane E · LOW_UNKNOWN,C2,R2,K1,E,W1 HIGH-TREND / LOW-COMPLEXITY,HIGH,R3 NOMINAL DESIGN INPUTS,SKU-304; SKU-305; SKU-306; SKU-307; SKU-308,SPECIFIC R3 CHILD ADDED — GENERIC PARENT UNCHANGED,The generic parameter domain remains broader than the evidence. Readiness from the named child must not be copied back to the generic parent.,"Keep the generic parent unchanged; use SKU-304, SKU-305, SKU-306, SKU-307, SKU-308 for the named interface. Raise the parent only after multiple representative variants, explicit parameter limits, and boundary coupons pass.",Specific-child evidence is deliberately isolated; the generic parent retains its current preflight.,COMPLETE PORTFOLIO TRIAGE — NOT RELEASE APPROVAL,2026-08-31,1.0
RESEARCH:SKU-288,RESEARCH_IDEA,SKU-288,,Anniversary year-ring keepsake stand,,Arrange removable year tokens around one lightweight keepsake in a personalized shelf stand.,YES,93.0,92.0,C2 · R2 · K1 · Lane E · LOW_UNKNOWN,C2,R2,K1,E,W1 HIGH-TREND / LOW-COMPLEXITY,HIGH,R3 NOMINAL DESIGN INPUTS,,NO SPECIFIC CHILD ADDED IN THIS PASS,"Concept inputs exist, but the exact named-interface and/or exact process baseline needed for R3 is open.",Approve one personalization proof and print a representative slot/text coupon before the complete display.,"This is a portfolio planning assessment. Market score, C/R/K/lane and product-release evidence remain separate.",COMPLETE PORTFOLIO TRIAGE — NOT RELEASE APPROVAL,2026-08-31,1.0
RESEARCH:SKU-289,RESEARCH_IDEA,SKU-289,,New-home paint-chip and key memory plinth,,Display one inactive spare key and selected dry paint-color cards as a housewarming keepsake.,YES,92.0,92.0,C2 · R2 · K1 · Lane E · LOW_UNKNOWN,C2,R2,K1,E,W1 HIGH-TREND / LOW-COMPLEXITY,HIGH,R3 NOMINAL DESIGN INPUTS,,NO SPECIFIC CHILD ADDED IN THIS PASS,"Concept inputs exist, but the exact named-interface and/or exact process baseline needed for R3 is open.",Approve one personalization proof and print a representative slot/text coupon before the complete display.,"This is a portfolio planning assessment. Market score, C/R/K/lane and product-release evidence remain separate.",COMPLETE PORTFOLIO TRIAGE — NOT RELEASE APPROVAL,2026-08-31,1.0
RESEARCH:SKU-290,RESEARCH_IDEA,SKU-290,,Retirement message-card fan stand,,Present a measured set of colleague message cards in a personalized freestanding fan layout.,YES,93.0,86.0,C2 · R2 · K1 · Lane E · LOW_UNKNOWN,C2,R2,K1,E,W1 HIGH-TREND / LOW-COMPLEXITY,HIGH,R3 NOMINAL DESIGN INPUTS,,NO SPECIFIC CHILD ADDED IN THIS PASS,"Concept inputs exist, but the exact named-interface and/or exact process baseline needed for R3 is open.",Approve one personalization proof and print a representative slot/text coupon before the complete display.,"This is a portfolio planning assessment. Market score, C/R/K/lane and product-release evidence remain separate.",COMPLETE PORTFOLIO TRIAGE — NOT RELEASE APPROVAL,2026-08-31,1.0
RESEARCH:SKU-291,RESEARCH_IDEA,SKU-291,,Graduation tassel-and-card plinth,,Display one dry tassel and a graduation card on a stable personalized shelf plinth.,YES,92.0,92.0,C2 · R2 · K1 · Lane E · LOW_UNKNOWN,C2,R2,K1,E,W1 HIGH-TREND / LOW-COMPLEXITY,HIGH,R3 NOMINAL DESIGN INPUTS,,NO SPECIFIC CHILD ADDED IN THIS PASS,"Concept inputs exist, but the exact named-interface and/or exact process baseline needed for R3 is open.",Approve one personalization proof and print a representative slot/text coupon before the complete display.,"This is a portfolio planning assessment. Market score, C/R/K/lane and product-release evidence remain separate.",COMPLETE PORTFOLIO TRIAGE — NOT RELEASE APPROVAL,2026-08-31,1.0
RESEARCH:SKU-292,RESEARCH_IDEA,SKU-292,,Craft-night name-and-tool pod,,Assign each adult guest a personalized pod for clean capped tools and a name card.,YES,93.0,91.0,C2 · R2 · K1 · Lane E · LOW_UNKNOWN,C2,R2,K1,E,W1 HIGH-TREND / LOW-COMPLEXITY,HIGH,R3 NOMINAL DESIGN INPUTS,,NO SPECIFIC CHILD ADDED IN THIS PASS,"Concept inputs exist, but the exact named-interface and/or exact process baseline needed for R3 is open.",Approve one personalization proof and print a representative slot/text coupon before the complete display.,"This is a portfolio planning assessment. Market score, C/R/K/lane and product-release evidence remain separate.",COMPLETE PORTFOLIO TRIAGE — NOT RELEASE APPROVAL,2026-08-31,1.0
RESEARCH:SKU-293,RESEARCH_IDEA,SKU-293,,Birthday-month token row,,Display removable named birthday tokens by month as a compact freestanding household reminder.,YES,92.0,88.0,C2 · R2 · K1 · Lane E · LOW_UNKNOWN,C2,R2,K1,E,W1 HIGH-TREND / LOW-COMPLEXITY,HIGH,R3 NOMINAL DESIGN INPUTS,,NO SPECIFIC CHILD ADDED IN THIS PASS,"Concept inputs exist, but the exact named-interface and/or exact process baseline needed for R3 is open.",Approve one personalization proof and print a representative slot/text coupon before the complete display.,"This is a portfolio planning assessment. Market score, C/R/K/lane and product-release evidence remain separate.",COMPLETE PORTFOLIO TRIAGE — NOT RELEASE APPROVAL,2026-08-31,1.0
RESEARCH:SKU-294,RESEARCH_IDEA,SKU-294,,Friendship-memory note capsule stand,,Hold customer-provided closed paper-note capsules in a personalized adult desk display.,YES,91.0,88.0,C2 · R2 · K1 · Lane E · LOW_UNKNOWN,C2,R2,K1,E,W1 HIGH-TREND / LOW-COMPLEXITY,HIGH,R3 NOMINAL DESIGN INPUTS,,NO SPECIFIC CHILD ADDED IN THIS PASS,"Concept inputs exist, but the exact named-interface and/or exact process baseline needed for R3 is open.",Approve one personalization proof and print a representative slot/text coupon before the complete display.,"This is a portfolio planning assessment. Market score, C/R/K/lane and product-release evidence remain separate.",COMPLETE PORTFOLIO TRIAGE — NOT RELEASE APPROVAL,2026-08-31,1.0
RESEARCH:SKU-295,RESEARCH_IDEA,SKU-295,,Hobby-milestone badge display,,Present earned adult hobby badges or tokens by date in a personalized freestanding display.,YES,93.0,92.0,C2 · R2 · K1 · Lane E · LOW_UNKNOWN,C2,R2,K1,E,W1 HIGH-TREND / LOW-COMPLEXITY,HIGH,R3 NOMINAL DESIGN INPUTS,,NO SPECIFIC CHILD ADDED IN THIS PASS,"Concept inputs exist, but the exact named-interface and/or exact process baseline needed for R3 is open.",Approve one personalization proof and print a representative slot/text coupon before the complete display.,"This is a portfolio planning assessment. Market score, C/R/K/lane and product-release evidence remain separate.",COMPLETE PORTFOLIO TRIAGE — NOT RELEASE APPROVAL,2026-08-31,1.0
RESEARCH:SKU-296,RESEARCH_IDEA,SKU-296,,Fragrance-note card index stand,,Organize dry fragrance-note and preference cards by family in a premium labeled desk stand.,YES,93.0,85.0,C2 · R2 · K1 · Lane E · LOW_UNKNOWN,C2,R2,K1,E,W1 HIGH-TREND / LOW-COMPLEXITY,HIGH,R3 NOMINAL DESIGN INPUTS,,NO SPECIFIC CHILD ADDED IN THIS PASS,"Concept inputs exist, but the exact named-interface and/or exact process baseline needed for R3 is open.",Confirm one clean dry sample set and print the smallest slot/label coupon before the full organizer.,"This is a portfolio planning assessment. Market score, C/R/K/lane and product-release evidence remain separate.",COMPLETE PORTFOLIO TRIAGE — NOT RELEASE APPROVAL,2026-08-31,1.0
RESEARCH:SKU-297,RESEARCH_IDEA,SKU-297,,Scent-layering recipe card file,,Store customer-written dry layering recipe cards by season or occasion without holding fragrance containers.,YES,94.0,85.0,C2 · R2 · K1 · Lane E · LOW_UNKNOWN,C2,R2,K1,E,W1 HIGH-TREND / LOW-COMPLEXITY,HIGH,R3 NOMINAL DESIGN INPUTS,,NO SPECIFIC CHILD ADDED IN THIS PASS,"Concept inputs exist, but the exact named-interface and/or exact process baseline needed for R3 is open.",Confirm one clean dry sample set and print the smallest slot/label coupon before the full organizer.,"This is a portfolio planning assessment. Market score, C/R/K/lane and product-release evidence remain separate.",COMPLETE PORTFOLIO TRIAGE — NOT RELEASE APPROVAL,2026-08-31,1.0
RESEARCH:SKU-298,RESEARCH_IDEA,SKU-298,,Sealed perfume-sample sleeve sorter,,Separate manufacturer-sealed cool sample sleeves by fragrance family in a measured drawer insert.,YES,93.0,85.0,C2 · R2 · K1 · Lane E · LOW_UNKNOWN,C2,R2,K1,E,W1 HIGH-TREND / LOW-COMPLEXITY,HIGH,R3 NOMINAL DESIGN INPUTS,,NO SPECIFIC CHILD ADDED IN THIS PASS,"Concept inputs exist, but the exact named-interface and/or exact process baseline needed for R3 is open.",Confirm one clean dry sample set and print the smallest slot/label coupon before the full organizer.,"This is a portfolio planning assessment. Market score, C/R/K/lane and product-release evidence remain separate.",COMPLETE PORTFOLIO TRIAGE — NOT RELEASE APPROVAL,2026-08-31,1.0
RESEARCH:SKU-299,RESEARCH_IDEA,SKU-299,,Perfume-cap display tray,,Arrange clean dry removable perfume caps only by bottle or fragrance family in fitted shallow recesses.,YES,92.0,87.0,C2 · R2 · K1 · Lane E · LOW_UNKNOWN,C2,R2,K1,E,W1 HIGH-TREND / LOW-COMPLEXITY,HIGH,R3 NOMINAL DESIGN INPUTS,,NO SPECIFIC CHILD ADDED IN THIS PASS,"Concept inputs exist, but the exact named-interface and/or exact process baseline needed for R3 is open.",Confirm one clean dry sample set and print the smallest slot/label coupon before the full organizer.,"This is a portfolio planning assessment. Market score, C/R/K/lane and product-release evidence remain separate.",COMPLETE PORTFOLIO TRIAGE — NOT RELEASE APPROVAL,2026-08-31,1.0
RESEARCH:SKU-300,RESEARCH_IDEA,SKU-300,,Daily scent-selection token rail,,Use personalized dry tokens to plan a daily fragrance rotation without contacting bottles or formulations.,YES,94.0,89.0,C2 · R2 · K1 · Lane E · LOW_UNKNOWN,C2,R2,K1,E,W1 HIGH-TREND / LOW-COMPLEXITY,HIGH,R3 NOMINAL DESIGN INPUTS,,NO SPECIFIC CHILD ADDED IN THIS PASS,"Concept inputs exist, but the exact named-interface and/or exact process baseline needed for R3 is open.",Confirm one clean dry sample set and print the smallest slot/label coupon before the full organizer.,"This is a portfolio planning assessment. Market score, C/R/K/lane and product-release evidence remain separate.",COMPLETE PORTFOLIO TRIAGE — NOT RELEASE APPROVAL,2026-08-31,1.0
RESEARCH:SKU-301,RESEARCH_IDEA,SKU-301,SKU-005,iPhone 17 Pro no-case passive desk cradle,,"Support one uncased 2025 iPhone 17 Pro on a stable dry desk in portrait or landscape while leaving Apple-defined camera, control, connector and radio keep-outs unobstructed.",YES,93.0,86.8,C2 · R3 · K1 · Lane B · CONDITIONAL,C2,R3,K1,B,W1 R3 NOMINAL — COUPON NEXT,R3+ ACHIEVED — PHYSICAL EVIDENCE NEXT,R4 INDEPENDENT / PHYSICAL VALIDATION,,EVIDENCE-BACKED SPECIFIC R3 CHILD,"Apple nominal drawing only; no case, skin, tolerance stack, damaged device or future revision is covered, and Apple's terms/trademark rules require release review.","Create a drawing-derived keep-out coupon, inspect it, and test the exact uncased device before any compatibility wording or full stand.","R3 applies only to this named variant and the cited nominal interface/process baseline. No physical fit, durability, demand, rights or commercial-release claim is inherited.",COMPLETE PORTFOLIO TRIAGE — NOT RELEASE APPROVAL,2026-08-31,1.0
RESEARCH:SKU-302,RESEARCH_IDEA,SKU-302,SKU-236,TRAVELER'S notebook Regular Black starter-kit desk bridge,,"Park one current TRAVELER'S notebook Regular Black starter kit No.13714006 in a dry desk bridge without compressing its leather cover, elastic or bookmark.",YES,94.0,91.0,C2 · R3 · K1 · Lane B · CONDITIONAL,C2,R3,K1,B,W1 R3 NOMINAL — COUPON NEXT,R3+ ACHIEVED — PHYSICAL EVIDENCE NEXT,R4 INDEPENDENT / PHYSICAL VALIDATION,,EVIDENCE-BACKED SPECIFIC R3 CHILD,Leather is compliant and may age or swell; only the named current black starter kit is in scope until a real sample closes tolerance and surface-contact evidence.,"Print a 120 x 10 mm contact coupon and test the exact starter kit for free placement, elastic clearance and leather marking.","R3 applies only to this named variant and the cited nominal interface/process baseline. No physical fit, durability, demand, rights or commercial-release claim is inherited.",COMPLETE PORTFOLIO TRIAGE — NOT RELEASE APPROVAL,2026-08-31,1.0
RESEARCH:SKU-303,RESEARCH_IDEA,SKU-303,SKU-231,Field Notes Original Kraft 89 x 140 memo-book station,,Register one closed Field Notes Original Kraft memo book against two loose desk datums for a repeatable writing and display position without clamping its spine.,YES,94.0,91.0,C1 · R3 · K1 · Lane B · CONDITIONAL,C1,R3,K1,B,W1 R3 NOMINAL — COUPON NEXT,R3+ ACHIEVED — PHYSICAL EVIDENCE NEXT,R4 INDEPENDENT / PHYSICAL VALIDATION,,EVIDENCE-BACKED SPECIFIC R3 CHILD,"Only the published planform is controlled; cover bow, corner wear and future edition changes remain physical-test variables.",Print the two-datum corner coupon and verify one current Original Kraft book without clamping or cover marking.,"R3 applies only to this named variant and the cited nominal interface/process baseline. No physical fit, durability, demand, rights or commercial-release claim is inherited.",COMPLETE PORTFOLIO TRIAGE — NOT RELEASE APPROVAL,2026-08-31,1.0
RESEARCH:SKU-304,RESEARCH_IDEA,SKU-304,SKU-287,instax mini 86 x 54 two-datum photo dock,,Display one developed FUJIFILM instax mini print on an open-front two-datum desk dock without gripping or claiming archival protection.,YES,92.0,89.0,C1 · R3 · K1 · Lane B · CONDITIONAL,C1,R3,K1,B,W1 R3 NOMINAL — COUPON NEXT,R3+ ACHIEVED — PHYSICAL EVIDENCE NEXT,R4 INDEPENDENT / PHYSICAL VALIDATION,,EVIDENCE-BACKED SPECIFIC R3 CHILD,"No archival, fresh-development, chemical, UV or long-term storage claim; physical print flatness and surface marking remain unverified.","Print one 86 x 54 mm contact coupon and test a fully developed dry print for free removal, stability and marking.","R3 applies only to this named variant and the cited nominal interface/process baseline. No physical fit, durability, demand, rights or commercial-release claim is inherited.",COMPLETE PORTFOLIO TRIAGE — NOT RELEASE APPROVAL,2026-08-31,1.0
RESEARCH:SKU-305,RESEARCH_IDEA,SKU-305,SKU-287,instax SQUARE 86 x 72 two-datum photo dock,,Display one developed FUJIFILM instax SQUARE print on an open-front two-datum desk dock without gripping or claiming archival protection.,YES,92.0,89.0,C1 · R3 · K1 · Lane B · CONDITIONAL,C1,R3,K1,B,W1 R3 NOMINAL — COUPON NEXT,R3+ ACHIEVED — PHYSICAL EVIDENCE NEXT,R4 INDEPENDENT / PHYSICAL VALIDATION,,EVIDENCE-BACKED SPECIFIC R3 CHILD,"No archival, fresh-development, chemical, UV or long-term storage claim; physical print flatness and surface marking remain unverified.","Print one 86 x 72 mm contact coupon and test a fully developed dry print for free removal, stability and marking.","R3 applies only to this named variant and the cited nominal interface/process baseline. No physical fit, durability, demand, rights or commercial-release claim is inherited.",COMPLETE PORTFOLIO TRIAGE — NOT RELEASE APPROVAL,2026-08-31,1.0
RESEARCH:SKU-306,RESEARCH_IDEA,SKU-306,SKU-287,instax WIDE 108 x 86 two-datum photo dock,,Display one developed FUJIFILM instax WIDE print on an open-front two-datum desk dock without gripping or claiming archival protection.,YES,92.0,89.0,C1 · R3 · K1 · Lane B · CONDITIONAL,C1,R3,K1,B,W1 R3 NOMINAL — COUPON NEXT,R3+ ACHIEVED — PHYSICAL EVIDENCE NEXT,R4 INDEPENDENT / PHYSICAL VALIDATION,,EVIDENCE-BACKED SPECIFIC R3 CHILD,"No archival, fresh-development, chemical, UV or long-term storage claim; physical print flatness and surface marking remain unverified.","Print one 108 x 86 mm contact coupon and test a fully developed dry print for free removal, stability and marking.","R3 applies only to this named variant and the cited nominal interface/process baseline. No physical fit, durability, demand, rights or commercial-release claim is inherited.",COMPLETE PORTFOLIO TRIAGE — NOT RELEASE APPROVAL,2026-08-31,1.0
RESEARCH:SKU-307,RESEARCH_IDEA,SKU-307,SKU-287,Polaroid i-Type 107 x 88 two-datum photo dock,,Display one fully developed Polaroid i-Type print on an open-front two-datum desk dock without gripping or claiming archival protection.,YES,92.0,89.0,C1 · R3 · K1 · Lane B · CONDITIONAL,C1,R3,K1,B,W1 R3 NOMINAL — COUPON NEXT,R3+ ACHIEVED — PHYSICAL EVIDENCE NEXT,R4 INDEPENDENT / PHYSICAL VALIDATION,,EVIDENCE-BACKED SPECIFIC R3 CHILD,"No archival, fresh-development, chemical, UV or long-term storage claim; current film is reported thicker than historical film and must be tested physically.","Print one 107 x 88 mm contact coupon and test a fully developed current i-Type print for free removal, stability and marking.","R3 applies only to this named variant and the cited nominal interface/process baseline. No physical fit, durability, demand, rights or commercial-release claim is inherited.",COMPLETE PORTFOLIO TRIAGE — NOT RELEASE APPROVAL,2026-08-31,1.0
RESEARCH:SKU-308,RESEARCH_IDEA,SKU-308,SKU-287,Polaroid Go 66.6 x 53.9 two-datum photo dock,,Display one fully developed Polaroid Go print on an open-front two-datum desk dock without gripping or claiming archival protection.,YES,92.0,89.0,C1 · R3 · K1 · Lane B · CONDITIONAL,C1,R3,K1,B,W1 R3 NOMINAL — COUPON NEXT,R3+ ACHIEVED — PHYSICAL EVIDENCE NEXT,R4 INDEPENDENT / PHYSICAL VALIDATION,,EVIDENCE-BACKED SPECIFIC R3 CHILD,"No archival, fresh-development, chemical, UV or long-term storage claim; physical print flatness and marking remain unverified.","Print one 66.6 x 53.9 mm contact coupon and test a fully developed Go print for free removal, stability and marking.","R3 applies only to this named variant and the cited nominal interface/process baseline. No physical fit, durability, demand, rights or commercial-release claim is inherited.",COMPLETE PORTFOLIO TRIAGE — NOT RELEASE APPROVAL,2026-08-31,1.0
RESEARCH:SKU-309,RESEARCH_IDEA,SKU-309,SKU-225,DIN C6 114 x 162 empty-envelope vertical file,,"Keep empty DIN C6 envelopes upright in a loose open-top desk file with format labeling and finger access, without claiming postal accuracy or a fixed sheet capacity.",YES,91.0,89.0,C1 · R3 · K1 · Lane B · CONDITIONAL,C1,R3,K1,B,W1 R3 NOMINAL — COUPON NEXT,R3+ ACHIEVED — PHYSICAL EVIDENCE NEXT,R4 INDEPENDENT / PHYSICAL VALIDATION,,EVIDENCE-BACKED SPECIFIC R3 CHILD,"Paper thickness, closure, contents, bow and manufacturer tolerances vary; only empty C6 format and a loose bay are in scope.","Print one C6 bay coupon and test at least three empty-envelope brands for free insertion, snagging and tip stability.","R3 applies only to this named variant and the cited nominal interface/process baseline. No physical fit, durability, demand, rights or commercial-release claim is inherited.",COMPLETE PORTFOLIO TRIAGE — NOT RELEASE APPROVAL,2026-08-31,1.0
RESEARCH:SKU-310,RESEARCH_IDEA,SKU-310,SKU-211,Euro eight-denomination weekly sorting tray,,"Sort circulating euro coins from 1 cent through 2 euro into eight labeled, open finger-access recesses during an adult weekly pocket-emptying routine.",YES,90.0,86.0,C2 · R3 · K1 · Lane B · CONDITIONAL,C2,R3,K1,B,W1 R3 NOMINAL — COUPON NEXT,R3+ ACHIEVED — PHYSICAL EVIDENCE NEXT,R4 INDEPENDENT / PHYSICAL VALIDATION,,EVIDENCE-BACKED SPECIFIC R3 CHILD,"Nominal ECB dimensions do not replace physical checks across mints, wear and contamination; no authentication, secure-storage or automated-counting claim.",Print the 50c/20c/5c tightest discrimination coupon and test worn circulating coins before the full eight-recess tray.,"R3 applies only to this named variant and the cited nominal interface/process baseline. No physical fit, durability, demand, rights or commercial-release claim is inherited.",COMPLETE PORTFOLIO TRIAGE — NOT RELEASE APPROVAL,2026-08-31,1.0
RESEARCH:SKU-311,RESEARCH_IDEA,SKU-311,SKU-038,Gamegenic Prime 66 x 91 single-card display rail,,Hold one card inside a current Gamegenic Prime 66 x 91 mm sleeve on an open-front tabletop rail for reading during adult play without retaining a deck or promising protection.,YES,76.0,85.0,C1 · R3 · K1 · Lane B · CONDITIONAL,C1,R3,K1,B,W1 R3 NOMINAL — COUPON NEXT,R3+ ACHIEVED — PHYSICAL EVIDENCE NEXT,R4 INDEPENDENT / PHYSICAL VALIDATION,,EVIDENCE-BACKED SPECIFIC R3 CHILD,"Only one current Prime-sleeved card is in scope; deck stacks, other sleeve lines, double sleeves and protective claims require separate variants.","Print one 66 x 91 mm two-datum coupon and test a current Prime sleeve for free insertion, visibility and marking.","R3 applies only to this named variant and the cited nominal interface/process baseline. No physical fit, durability, demand, rights or commercial-release claim is inherited.",COMPLETE PORTFOLIO TRIAGE — NOT RELEASE APPROVAL,2026-08-31,1.0
RESEARCH:SKU-312,RESEARCH_IDEA,SKU-312,SKU-220,AirTag 2nd-generation open-top desk display tile,,"Present one 2026 AirTag (2nd generation) in a shallow open-top adult desk tile without covering it, carrying it or claiming RF, speaker, battery, water or impact performance.",YES,92.0,88.0,C2 · R3 · K1 · Lane B · CONDITIONAL,C2,R3,K1,B,W1 R3 NOMINAL — COUPON NEXT,R3+ ACHIEVED — PHYSICAL EVIDENCE NEXT,R4 INDEPENDENT / PHYSICAL VALIDATION,,EVIDENCE-BACKED SPECIFIC R3 CHILD,"No first-generation interchangeability, retention, carry, loss prevention, RF, speaker, battery, water or impact claim; nominal dimensions lack production tolerances.","Print the 32.5 mm open recess coupon and test one exact second-generation AirTag for free removal, sound opening and surface marking.","R3 applies only to this named variant and the cited nominal interface/process baseline. No physical fit, durability, demand, rights or commercial-release claim is inherited.",COMPLETE PORTFOLIO TRIAGE — NOT RELEASE APPROVAL,2026-08-31,1.0
RESEARCH:SKU-313,RESEARCH_IDEA,SKU-313,SKU-001,IKEA ALEX 004.735.46 upper-drawer modular inlay set,,Tile the nominal footprint evidenced by IKEA ALEX drawer unit 004.735.46 and companion insert 305.951.55 with removable dry desk-item modules while preserving the generic DrawerFit product separately.,YES,96.0,89.8,C3 · R3 · K1 · Lane C · CONDITIONAL,C3,R3,K1,C,W1 R3 NOMINAL — COUPON NEXT,R3+ ACHIEVED — PHYSICAL EVIDENCE NEXT,R4 INDEPENDENT / PHYSICAL VALIDATION,,EVIDENCE-BACKED SPECIFIC R3 CHILD,"The 520 x 300 x 50 mm companion insert is an official nominal envelope proxy, not a unit-specific drawer tolerance; article, market, assembly and wear still require a three-value gauge.","Print 296.3/297.0/297.7 mm width gauges and a 210 mm seam coupon, then measure one exact ALEX 004.735.46 unit before any compatibility wording.","R3 applies only to this named variant and the cited nominal interface/process baseline. No physical fit, durability, demand, rights or commercial-release claim is inherited.",COMPLETE PORTFOLIO TRIAGE — NOT RELEASE APPROVAL,2026-08-31,1.0
RESEARCH:SKU-314,RESEARCH_IDEA,SKU-314,SKU-117,IKEA KALLAX 703.402.99 nominal-envelope divider matrix,,Create a removable multi-part divider matrix that stays inside the official KALLAX 703.402.99 insert envelope while preserving the generic cubby-divider concept for other furniture.,YES,88.0,82.8,C3 · R3 · K1 · Lane C · CONDITIONAL,C3,R3,K1,C,W1 R3 NOMINAL — COUPON NEXT,R3+ ACHIEVED — PHYSICAL EVIDENCE NEXT,R4 INDEPENDENT / PHYSICAL VALIDATION,,EVIDENCE-BACKED SPECIFIC R3 CHILD,"The official insert envelope is a nominal compatibility proxy, not a unit-specific cubby tolerance; shelf squareness, finish, revision and assembly variation require a three-value gauge.","Print 326.3/327.0/327.7 mm span gauges and one module seam, then test one exact KALLAX unit before any compatibility wording.","R3 applies only to this named variant and the cited nominal interface/process baseline. No physical fit, durability, demand, rights or commercial-release claim is inherited.",COMPLETE PORTFOLIO TRIAGE — NOT RELEASE APPROVAL,2026-08-31,1.0
RESEARCH:SKU-315,RESEARCH_IDEA,SKU-315,,Articulated Crystal Dragon desk guardian,,"Provide a mesmerizing, tactile desktop companion that flexes naturally along 24 articulated segments.",YES,80.0,73.0,C2 · R2 · K1 · Lane E · LOW_UNKNOWN,C2,R2,K1,E,W2 LOW-COMPLEXITY,MEDIUM,R3 NOMINAL DESIGN INPUTS,,NO SPECIFIC CHILD ADDED IN THIS PASS,"Concept inputs exist, but the exact named-interface and/or exact process baseline needed for R3 is open.","Resolve the Step1X-3D licence conflict for EU commercial use first [S125][S126]; then: Generate one reference image and one Step1X-3D mesh, repair to a watertight solid, then print one smallest-feature coupon before a full model","This is a portfolio planning assessment. Market score, C/R/K/lane and product-release evidence remain separate.",COMPLETE PORTFOLIO TRIAGE — NOT RELEASE APPROVAL,2026-08-31,1.0
RESEARCH:SKU-316,RESEARCH_IDEA,SKU-316,,Articulated Sea Turtle palm fidget,,Serve as a calming pocket sensory fidget and coastal desk decoration.,YES,84.0,77.0,C2 · R2 · K1 · Lane E · LOW_UNKNOWN,C2,R2,K1,E,W2 LOW-COMPLEXITY,MEDIUM,R3 NOMINAL DESIGN INPUTS,,NO SPECIFIC CHILD ADDED IN THIS PASS,"Concept inputs exist, but the exact named-interface and/or exact process baseline needed for R3 is open.","Resolve the Step1X-3D licence conflict for EU commercial use first [S125][S126]; then: Generate one reference image and one Step1X-3D mesh, repair to a watertight solid, then print one smallest-feature coupon before a full model","This is a portfolio planning assessment. Market score, C/R/K/lane and product-release evidence remain separate.",COMPLETE PORTFOLIO TRIAGE — NOT RELEASE APPROVAL,2026-08-31,1.0
RESEARCH:SKU-317,RESEARCH_IDEA,SKU-317,,Articulated Axolotl desk pet,,"Provide a joyful, friendly desk mascot with gentle swaying motion.",YES,80.0,73.0,C2 · R2 · K1 · Lane E · LOW_UNKNOWN,C2,R2,K1,E,W2 LOW-COMPLEXITY,MEDIUM,R3 NOMINAL DESIGN INPUTS,,NO SPECIFIC CHILD ADDED IN THIS PASS,"Concept inputs exist, but the exact named-interface and/or exact process baseline needed for R3 is open.","Resolve the Step1X-3D licence conflict for EU commercial use first [S125][S126]; then: Generate one reference image and one Step1X-3D mesh, repair to a watertight solid, then print one smallest-feature coupon before a full model","This is a portfolio planning assessment. Market score, C/R/K/lane and product-release evidence remain separate.",COMPLETE PORTFOLIO TRIAGE — NOT RELEASE APPROVAL,2026-08-31,1.0
RESEARCH:SKU-318,RESEARCH_IDEA,SKU-318,,Articulated Japanese Koi Fish,,Bring zen aesthetic movement and tactile flow to desktop and meditation spaces.,YES,75.0,73.0,C2 · R2 · K1 · Lane E · LOW_UNKNOWN,C2,R2,K1,E,W2 LOW-COMPLEXITY,MEDIUM,R3 NOMINAL DESIGN INPUTS,,NO SPECIFIC CHILD ADDED IN THIS PASS,"Concept inputs exist, but the exact named-interface and/or exact process baseline needed for R3 is open.","Resolve the Step1X-3D licence conflict for EU commercial use first [S125][S126]; then: Generate one reference image and one Step1X-3D mesh, repair to a watertight solid, then print one smallest-feature coupon before a full model","This is a portfolio planning assessment. Market score, C/R/K/lane and product-release evidence remain separate.",COMPLETE PORTFOLIO TRIAGE — NOT RELEASE APPROVAL,2026-08-31,1.0
RESEARCH:SKU-319,RESEARCH_IDEA,SKU-319,,Articulated Chameleon perch toy,,"Cling to computer monitors, desk lamps, or pens as a watchful articulated buddy.",YES,80.0,71.0,C2 · R2 · K1 · Lane E · LOW_UNKNOWN,C2,R2,K1,E,W2 LOW-COMPLEXITY,MEDIUM,R3 NOMINAL DESIGN INPUTS,,NO SPECIFIC CHILD ADDED IN THIS PASS,"Concept inputs exist, but the exact named-interface and/or exact process baseline needed for R3 is open.","Resolve the Step1X-3D licence conflict for EU commercial use first [S125][S126]; then: Generate one reference image and one Step1X-3D mesh, repair to a watertight solid, then print one smallest-feature coupon before a full model","This is a portfolio planning assessment. Market score, C/R/K/lane and product-release evidence remain separate.",COMPLETE PORTFOLIO TRIAGE — NOT RELEASE APPROVAL,2026-08-31,1.0
RESEARCH:SKU-320,RESEARCH_IDEA,SKU-320,,Articulated Capybara with orange hat,,Deliver zen humor and relaxing companionship to modern workspace desks.,YES,76.0,73.0,C2 · R2 · K1 · Lane E · LOW_UNKNOWN,C2,R2,K1,E,W2 LOW-COMPLEXITY,MEDIUM,R3 NOMINAL DESIGN INPUTS,,NO SPECIFIC CHILD ADDED IN THIS PASS,"Concept inputs exist, but the exact named-interface and/or exact process baseline needed for R3 is open.","Resolve the Step1X-3D licence conflict for EU commercial use first [S125][S126]; then: Generate one reference image and one Step1X-3D mesh, repair to a watertight solid, then print one smallest-feature coupon before a full model","This is a portfolio planning assessment. Market score, C/R/K/lane and product-release evidence remain separate.",COMPLETE PORTFOLIO TRIAGE — NOT RELEASE APPROVAL,2026-08-31,1.0
RESEARCH:SKU-321,RESEARCH_IDEA,SKU-321,,Articulated Red Panda desk buddy,,Provide comforting tactile fidgeting and warm woodland aesthetics on study and work desks.,YES,75.0,73.0,C2 · R2 · K1 · Lane E · LOW_UNKNOWN,C2,R2,K1,E,W2 LOW-COMPLEXITY,MEDIUM,R3 NOMINAL DESIGN INPUTS,,NO SPECIFIC CHILD ADDED IN THIS PASS,"Concept inputs exist, but the exact named-interface and/or exact process baseline needed for R3 is open.","Resolve the Step1X-3D licence conflict for EU commercial use first [S125][S126]; then: Generate one reference image and one Step1X-3D mesh, repair to a watertight solid, then print one smallest-feature coupon before a full model","This is a portfolio planning assessment. Market score, C/R/K/lane and product-release evidence remain separate.",COMPLETE PORTFOLIO TRIAGE — NOT RELEASE APPROVAL,2026-08-31,1.0
RESEARCH:SKU-322,RESEARCH_IDEA,SKU-322,,Articulated Whale Shark key pouch,,Keep small desk trinkets or keys neatly concealed inside a charming marine creature.,YES,87.0,77.0,C2 · R2 · K1 · Lane E · LOW_UNKNOWN,C2,R2,K1,E,W1 HIGH-TREND / LOW-COMPLEXITY,HIGH,R3 NOMINAL DESIGN INPUTS,,NO SPECIFIC CHILD ADDED IN THIS PASS,"Concept inputs exist, but the exact named-interface and/or exact process baseline needed for R3 is open.","Resolve the Step1X-3D licence conflict for EU commercial use first [S125][S126]; then: Generate one reference image and one Step1X-3D mesh, repair to a watertight solid, then print one smallest-feature coupon before a full model","This is a portfolio planning assessment. Market score, C/R/K/lane and product-release evidence remain separate.",COMPLETE PORTFOLIO TRIAGE — NOT RELEASE APPROVAL,2026-08-31,1.0
RESEARCH:SKU-323,RESEARCH_IDEA,SKU-323,,Low-Poly Geometric Stag wall trophy,,"Elevate modern living rooms, cabins, or creative studios with contemporary geometric wildlife art.",YES,79.0,78.0,C1 · R2 · K1 · Lane E · LOW_UNKNOWN,C1,R2,K1,E,W2 LOW-COMPLEXITY,MEDIUM,R3 NOMINAL DESIGN INPUTS,,NO SPECIFIC CHILD ADDED IN THIS PASS,"Concept inputs exist, but the exact named-interface and/or exact process baseline needed for R3 is open.","Resolve the Step1X-3D licence conflict for EU commercial use first [S125][S126]; then: Generate one reference image and one Step1X-3D mesh, repair to a watertight solid, then print one smallest-feature coupon before a full model","This is a portfolio planning assessment. Market score, C/R/K/lane and product-release evidence remain separate.",COMPLETE PORTFOLIO TRIAGE — NOT RELEASE APPROVAL,2026-08-31,1.0
RESEARCH:SKU-324,RESEARCH_IDEA,SKU-324,,Low-Poly Howling Wolf desk sculpture,,"Serve as an inspiring, sharp-lined executive paperweight and shelf statement piece.",YES,76.0,84.0,C1 · R2 · K1 · Lane E · LOW_UNKNOWN,C1,R2,K1,E,W2 LOW-COMPLEXITY,MEDIUM,R3 NOMINAL DESIGN INPUTS,,NO SPECIFIC CHILD ADDED IN THIS PASS,"Concept inputs exist, but the exact named-interface and/or exact process baseline needed for R3 is open.","Resolve the Step1X-3D licence conflict for EU commercial use first [S125][S126]; then: Generate one reference image and one Step1X-3D mesh, repair to a watertight solid, then print one smallest-feature coupon before a full model","This is a portfolio planning assessment. Market score, C/R/K/lane and product-release evidence remain separate.",COMPLETE PORTFOLIO TRIAGE — NOT RELEASE APPROVAL,2026-08-31,1.0
RESEARCH:SKU-325,RESEARCH_IDEA,SKU-325,,Low-Poly Barn Owl book-perch,,Guard book collections with a sleek architectural bird of prey while functioning as an open-end book stop.,YES,83.0,76.0,C2 · R2 · K1 · Lane E · LOW_UNKNOWN,C2,R2,K1,E,W2 LOW-COMPLEXITY,MEDIUM,R3 NOMINAL DESIGN INPUTS,,NO SPECIFIC CHILD ADDED IN THIS PASS,"Concept inputs exist, but the exact named-interface and/or exact process baseline needed for R3 is open.","Resolve the Step1X-3D licence conflict for EU commercial use first [S125][S126]; then: Generate one reference image and one Step1X-3D mesh, repair to a watertight solid, then print one smallest-feature coupon before a full model","This is a portfolio planning assessment. Market score, C/R/K/lane and product-release evidence remain separate.",COMPLETE PORTFOLIO TRIAGE — NOT RELEASE APPROVAL,2026-08-31,1.0
RESEARCH:SKU-326,RESEARCH_IDEA,SKU-326,,Low-Poly Prowling Panther sculpture,,"Anchor bookshelf, TV console, or desk setups with dynamic predatory elegance.",YES,76.0,84.0,C1 · R2 · K1 · Lane E · LOW_UNKNOWN,C1,R2,K1,E,W2 LOW-COMPLEXITY,MEDIUM,R3 NOMINAL DESIGN INPUTS,,NO SPECIFIC CHILD ADDED IN THIS PASS,"Concept inputs exist, but the exact named-interface and/or exact process baseline needed for R3 is open.","Resolve the Step1X-3D licence conflict for EU commercial use first [S125][S126]; then: Generate one reference image and one Step1X-3D mesh, repair to a watertight solid, then print one smallest-feature coupon before a full model","This is a portfolio planning assessment. Market score, C/R/K/lane and product-release evidence remain separate.",COMPLETE PORTFOLIO TRIAGE — NOT RELEASE APPROVAL,2026-08-31,1.0
RESEARCH:SKU-327,RESEARCH_IDEA,SKU-327,,Sleepy Cat succulent planter,,"Nurture small succulents and cacti inside an adorable, heartwarming feline sculpture.",YES,84.0,79.0,C2 · R2 · K1 · Lane E · LOW_UNKNOWN,C2,R2,K1,E,W2 LOW-COMPLEXITY,MEDIUM,R3 NOMINAL DESIGN INPUTS,,NO SPECIFIC CHILD ADDED IN THIS PASS,"Concept inputs exist, but the exact named-interface and/or exact process baseline needed for R3 is open.","Resolve the Step1X-3D licence conflict for EU commercial use first [S125][S126]; then: Generate one reference image and one Step1X-3D mesh, repair to a watertight solid, then print one smallest-feature coupon before a full model","This is a portfolio planning assessment. Market score, C/R/K/lane and product-release evidence remain separate.",COMPLETE PORTFOLIO TRIAGE — NOT RELEASE APPROVAL,2026-08-31,1.0
RESEARCH:SKU-328,RESEARCH_IDEA,SKU-328,,Hedgehog toothpick & cotton swab dispenser,,Dispense toothpicks or cosmetic swabs with joyful woodland charm on dining tables or vanities.,YES,79.0,76.0,C2 · R2 · K1 · Lane E · LOW_UNKNOWN,C2,R2,K1,E,W2 LOW-COMPLEXITY,MEDIUM,R3 NOMINAL DESIGN INPUTS,,NO SPECIFIC CHILD ADDED IN THIS PASS,"Concept inputs exist, but the exact named-interface and/or exact process baseline needed for R3 is open.","Resolve the Step1X-3D licence conflict for EU commercial use first [S125][S126]; then: Generate one reference image and one Step1X-3D mesh, repair to a watertight solid, then print one smallest-feature coupon before a full model","This is a portfolio planning assessment. Market score, C/R/K/lane and product-release evidence remain separate.",COMPLETE PORTFOLIO TRIAGE — NOT RELEASE APPROVAL,2026-08-31,1.0
RESEARCH:SKU-329,RESEARCH_IDEA,SKU-329,,Rhinoceros heavy-duty coat hook,,"Hang heavy winter coats, bags, and hats securely while adding bold wildlife character to entryways.",YES,83.0,76.0,C2 · R2 · K1 · Lane E · LOW_UNKNOWN,C2,R2,K1,E,W2 LOW-COMPLEXITY,MEDIUM,R3 NOMINAL DESIGN INPUTS,,NO SPECIFIC CHILD ADDED IN THIS PASS,"Concept inputs exist, but the exact named-interface and/or exact process baseline needed for R3 is open.","Resolve the Step1X-3D licence conflict for EU commercial use first [S125][S126]; then: Generate one reference image and one Step1X-3D mesh, repair to a watertight solid, then print one smallest-feature coupon before a full model","This is a portfolio planning assessment. Market score, C/R/K/lane and product-release evidence remain separate.",COMPLETE PORTFOLIO TRIAGE — NOT RELEASE APPROVAL,2026-08-31,1.0
RESEARCH:SKU-330,RESEARCH_IDEA,SKU-330,,Elephant trunk smartphone dock,,Hold smartphones in portrait or landscape while charging on nightstands or desks.,YES,80.0,80.0,C2 · R2 · K1 · Lane E · LOW_UNKNOWN,C2,R2,K1,E,W2 LOW-COMPLEXITY,MEDIUM,R3 NOMINAL DESIGN INPUTS,,NO SPECIFIC CHILD ADDED IN THIS PASS,"Concept inputs exist, but the exact named-interface and/or exact process baseline needed for R3 is open.","Resolve the Step1X-3D licence conflict for EU commercial use first [S125][S126]; then: Generate one reference image and one Step1X-3D mesh, repair to a watertight solid, then print one smallest-feature coupon before a full model","This is a portfolio planning assessment. Market score, C/R/K/lane and product-release evidence remain separate.",COMPLETE PORTFOLIO TRIAGE — NOT RELEASE APPROVAL,2026-08-31,1.0
RESEARCH:SKU-331,RESEARCH_IDEA,SKU-331,,Octopus cable wrap organizer,,Prevent messy desk cord tangles by wrapping cables neatly around organic creature arms.,YES,90.0,84.0,C2 · R2 · K1 · Lane E · LOW_UNKNOWN,C2,R2,K1,E,W1 HIGH-TREND / LOW-COMPLEXITY,HIGH,R3 NOMINAL DESIGN INPUTS,,NO SPECIFIC CHILD ADDED IN THIS PASS,"Concept inputs exist, but the exact named-interface and/or exact process baseline needed for R3 is open.","Resolve the Step1X-3D licence conflict for EU commercial use first [S125][S126]; then: Generate one reference image and one Step1X-3D mesh, repair to a watertight solid, then print one smallest-feature coupon before a full model","This is a portfolio planning assessment. Market score, C/R/K/lane and product-release evidence remain separate.",COMPLETE PORTFOLIO TRIAGE — NOT RELEASE APPROVAL,2026-08-31,1.0
RESEARCH:SKU-332,RESEARCH_IDEA,SKU-332,,Tree Frog bookmark reading clip,,Mark reading progress with a playful frog peering over the book trim.,YES,87.0,80.0,C2 · R2 · K1 · Lane E · LOW_UNKNOWN,C2,R2,K1,E,W1 HIGH-TREND / LOW-COMPLEXITY,HIGH,R3 NOMINAL DESIGN INPUTS,,NO SPECIFIC CHILD ADDED IN THIS PASS,"Concept inputs exist, but the exact named-interface and/or exact process baseline needed for R3 is open.","Resolve the Step1X-3D licence conflict for EU commercial use first [S125][S126]; then: Generate one reference image and one Step1X-3D mesh, repair to a watertight solid, then print one smallest-feature coupon before a full model","This is a portfolio planning assessment. Market score, C/R/K/lane and product-release evidence remain separate.",COMPLETE PORTFOLIO TRIAGE — NOT RELEASE APPROVAL,2026-08-31,1.0
RESEARCH:SKU-333,RESEARCH_IDEA,SKU-333,,Charging Bull business card holder,,Display professional business cards with strength and financial confidence on executive desks.,YES,78.0,76.0,C2 · R2 · K1 · Lane E · LOW_UNKNOWN,C2,R2,K1,E,W2 LOW-COMPLEXITY,MEDIUM,R3 NOMINAL DESIGN INPUTS,,NO SPECIFIC CHILD ADDED IN THIS PASS,"Concept inputs exist, but the exact named-interface and/or exact process baseline needed for R3 is open.","Resolve the Step1X-3D licence conflict for EU commercial use first [S125][S126]; then: Generate one reference image and one Step1X-3D mesh, repair to a watertight solid, then print one smallest-feature coupon before a full model","This is a portfolio planning assessment. Market score, C/R/K/lane and product-release evidence remain separate.",COMPLETE PORTFOLIO TRIAGE — NOT RELEASE APPROVAL,2026-08-31,1.0
RESEARCH:SKU-334,RESEARCH_IDEA,SKU-334,,Perched Raven ring & trinket dish,,"Store everyday jewelry, rings, and keys in an evocative mythological raven sanctuary.",YES,79.0,80.0,C2 · R2 · K1 · Lane E · LOW_UNKNOWN,C2,R2,K1,E,W2 LOW-COMPLEXITY,MEDIUM,R3 NOMINAL DESIGN INPUTS,,NO SPECIFIC CHILD ADDED IN THIS PASS,"Concept inputs exist, but the exact named-interface and/or exact process baseline needed for R3 is open.","Resolve the Step1X-3D licence conflict for EU commercial use first [S125][S126]; then: Generate one reference image and one Step1X-3D mesh, repair to a watertight solid, then print one smallest-feature coupon before a full model","This is a portfolio planning assessment. Market score, C/R/K/lane and product-release evidence remain separate.",COMPLETE PORTFOLIO TRIAGE — NOT RELEASE APPROVAL,2026-08-31,1.0
RESEARCH:SKU-335,RESEARCH_IDEA,SKU-335,,Chibi Cyberpunk Hacker figurine,,"Provide a characterful, futuristic desk guardian that expresses digital identity and gaming culture.",YES,75.0,80.0,C1 · R2 · K1 · Lane E · LOW_UNKNOWN,C1,R2,K1,E,W2 LOW-COMPLEXITY,MEDIUM,R3 NOMINAL DESIGN INPUTS,,NO SPECIFIC CHILD ADDED IN THIS PASS,"Concept inputs exist, but the exact named-interface and/or exact process baseline needed for R3 is open.","Resolve the Step1X-3D licence conflict for EU commercial use first [S125][S126]; then: Run the originality and trade-dress review, then generate one reference image, one Step1X-3D mesh and one printed minimum-feature coupon","This is a portfolio planning assessment. Market score, C/R/K/lane and product-release evidence remain separate.",COMPLETE PORTFOLIO TRIAGE — NOT RELEASE APPROVAL,2026-08-31,1.0
RESEARCH:SKU-336,RESEARCH_IDEA,SKU-336,,Chibi Steampunk Aviator with goggles,,Bring vintage Victorian retro-futurism and adventurous optimism to shelf and desk displays.,YES,75.0,84.0,C1 · R2 · K1 · Lane E · LOW_UNKNOWN,C1,R2,K1,E,W2 LOW-COMPLEXITY,MEDIUM,R3 NOMINAL DESIGN INPUTS,,NO SPECIFIC CHILD ADDED IN THIS PASS,"Concept inputs exist, but the exact named-interface and/or exact process baseline needed for R3 is open.","Resolve the Step1X-3D licence conflict for EU commercial use first [S125][S126]; then: Run the originality and trade-dress review, then generate one reference image, one Step1X-3D mesh and one printed minimum-feature coupon","This is a portfolio planning assessment. Market score, C/R/K/lane and product-release evidence remain separate.",COMPLETE PORTFOLIO TRIAGE — NOT RELEASE APPROVAL,2026-08-31,1.0
RESEARCH:SKU-337,RESEARCH_IDEA,SKU-337,,Chibi Dungeon Wizard with glowing orb,,"Illuminate fantasy gaming tables, nightstands, or bookshelves with cozy magical ambient light.",YES,76.0,76.0,C2 · R2 · K1 · Lane E · LOW_UNKNOWN,C2,R2,K1,E,W2 LOW-COMPLEXITY,MEDIUM,R3 NOMINAL DESIGN INPUTS,,NO SPECIFIC CHILD ADDED IN THIS PASS,"Concept inputs exist, but the exact named-interface and/or exact process baseline needed for R3 is open.","Resolve the Step1X-3D licence conflict for EU commercial use first [S125][S126]; then: Run the originality and trade-dress review, then generate one reference image, one Step1X-3D mesh and one printed minimum-feature coupon","This is a portfolio planning assessment. Market score, C/R/K/lane and product-release evidence remain separate.",COMPLETE PORTFOLIO TRIAGE — NOT RELEASE APPROVAL,2026-08-31,1.0
RESEARCH:SKU-338,RESEARCH_IDEA,SKU-338,,Chibi Valorous Paladin with shield,,"Serve as a protective tabletop mascot, paperweight, or RPG miniature for heroic adventures.",YES,76.0,80.0,C1 · R2 · K1 · Lane E · LOW_UNKNOWN,C1,R2,K1,E,W2 LOW-COMPLEXITY,MEDIUM,R3 NOMINAL DESIGN INPUTS,,NO SPECIFIC CHILD ADDED IN THIS PASS,"Concept inputs exist, but the exact named-interface and/or exact process baseline needed for R3 is open.","Resolve the Step1X-3D licence conflict for EU commercial use first [S125][S126]; then: Run the originality and trade-dress review, then generate one reference image, one Step1X-3D mesh and one printed minimum-feature coupon","This is a portfolio planning assessment. Market score, C/R/K/lane and product-release evidence remain separate.",COMPLETE PORTFOLIO TRIAGE — NOT RELEASE APPROVAL,2026-08-31,1.0
RESEARCH:SKU-339,RESEARCH_IDEA,SKU-339,,Chibi Shadow Ninja paperclip magnet,,Organize loose desk paperclips into a dramatic storm of ninja shuriken around a stealth warrior.,YES,84.0,80.0,C2 · R2 · K1 · Lane E · LOW_UNKNOWN,C2,R2,K1,E,W2 LOW-COMPLEXITY,MEDIUM,R3 NOMINAL DESIGN INPUTS,,NO SPECIFIC CHILD ADDED IN THIS PASS,"Concept inputs exist, but the exact named-interface and/or exact process baseline needed for R3 is open.","Resolve the Step1X-3D licence conflict for EU commercial use first [S125][S126]; then: Run the originality and trade-dress review, then generate one reference image, one Step1X-3D mesh and one printed minimum-feature coupon","This is a portfolio planning assessment. Market score, C/R/K/lane and product-release evidence remain separate.",COMPLETE PORTFOLIO TRIAGE — NOT RELEASE APPROVAL,2026-08-31,1.0
RESEARCH:SKU-340,RESEARCH_IDEA,SKU-340,,Comic Gothic Gargoyle bookend,,Hold book rows upright with evocative dark gothic architecture and comic-book character flair.,YES,83.0,76.0,C2 · R2 · K1 · Lane E · LOW_UNKNOWN,C2,R2,K1,E,W2 LOW-COMPLEXITY,MEDIUM,R3 NOMINAL DESIGN INPUTS,,NO SPECIFIC CHILD ADDED IN THIS PASS,"Concept inputs exist, but the exact named-interface and/or exact process baseline needed for R3 is open.","Resolve the Step1X-3D licence conflict for EU commercial use first [S125][S126]; then: Run the originality and trade-dress review, then generate one reference image, one Step1X-3D mesh and one printed minimum-feature coupon","This is a portfolio planning assessment. Market score, C/R/K/lane and product-release evidence remain separate.",COMPLETE PORTFOLIO TRIAGE — NOT RELEASE APPROVAL,2026-08-31,1.0
RESEARCH:SKU-341,RESEARCH_IDEA,SKU-341,,Retro Sci-Fi Astronaut figurine,,Celebrate human space exploration and classic pulp science-fiction on modern desks and shelves.,YES,74.0,80.0,C1 · R2 · K1 · Lane E · LOW_UNKNOWN,C1,R2,K1,E,W2 LOW-COMPLEXITY,MEDIUM,R3 NOMINAL DESIGN INPUTS,,NO SPECIFIC CHILD ADDED IN THIS PASS,"Concept inputs exist, but the exact named-interface and/or exact process baseline needed for R3 is open.","Resolve the Step1X-3D licence conflict for EU commercial use first [S125][S126]; then: Run the originality and trade-dress review, then generate one reference image, one Step1X-3D mesh and one printed minimum-feature coupon","This is a portfolio planning assessment. Market score, C/R/K/lane and product-release evidence remain separate.",COMPLETE PORTFOLIO TRIAGE — NOT RELEASE APPROVAL,2026-08-31,1.0
RESEARCH:SKU-342,RESEARCH_IDEA,SKU-342,,Stylized Forest Treant miniature planter,,"Grow air plants or small bonsai within the wise, smiling crown of a mythological forest guardian.",YES,80.0,75.0,C2 · R2 · K1 · Lane E · LOW_UNKNOWN,C2,R2,K1,E,W2 LOW-COMPLEXITY,MEDIUM,R3 NOMINAL DESIGN INPUTS,,NO SPECIFIC CHILD ADDED IN THIS PASS,"Concept inputs exist, but the exact named-interface and/or exact process baseline needed for R3 is open.","Resolve the Step1X-3D licence conflict for EU commercial use first [S125][S126]; then: Run the originality and trade-dress review, then generate one reference image, one Step1X-3D mesh and one printed minimum-feature coupon","This is a portfolio planning assessment. Market score, C/R/K/lane and product-release evidence remain separate.",COMPLETE PORTFOLIO TRIAGE — NOT RELEASE APPROVAL,2026-08-31,1.0
RESEARCH:SKU-343,RESEARCH_IDEA,SKU-343,,Kawaii Boba Tea creature desk companion,,"Hold everyday pens, Apple Pencils, or styluses inside an irresistible bubble tea character.",YES,83.0,76.0,C2 · R2 · K1 · Lane E · LOW_UNKNOWN,C2,R2,K1,E,W2 LOW-COMPLEXITY,MEDIUM,R3 NOMINAL DESIGN INPUTS,,NO SPECIFIC CHILD ADDED IN THIS PASS,"Concept inputs exist, but the exact named-interface and/or exact process baseline needed for R3 is open.","Resolve the Step1X-3D licence conflict for EU commercial use first [S125][S126]; then: Run the originality and trade-dress review, then generate one reference image, one Step1X-3D mesh and one printed minimum-feature coupon","This is a portfolio planning assessment. Market score, C/R/K/lane and product-release evidence remain separate.",COMPLETE PORTFOLIO TRIAGE — NOT RELEASE APPROVAL,2026-08-31,1.0
RESEARCH:SKU-344,RESEARCH_IDEA,SKU-344,,Stylized Mushroom Sprite figurine,,"Infuse fairy-tale warmth and forest magic into book nooks, terrariums, or houseplant pots.",YES,76.0,84.0,C1 · R2 · K1 · Lane E · LOW_UNKNOWN,C1,R2,K1,E,W2 LOW-COMPLEXITY,MEDIUM,R3 NOMINAL DESIGN INPUTS,,NO SPECIFIC CHILD ADDED IN THIS PASS,"Concept inputs exist, but the exact named-interface and/or exact process baseline needed for R3 is open.","Resolve the Step1X-3D licence conflict for EU commercial use first [S125][S126]; then: Run the originality and trade-dress review, then generate one reference image, one Step1X-3D mesh and one printed minimum-feature coupon","This is a portfolio planning assessment. Market score, C/R/K/lane and product-release evidence remain separate.",COMPLETE PORTFOLIO TRIAGE — NOT RELEASE APPROVAL,2026-08-31,1.0
RESEARCH:SKU-345,RESEARCH_IDEA,SKU-345,,Comic Noir Detective memo holder,,"Hold important notes, reminders, or business cards under the watchful eye of a hard-boiled detective.",YES,78.0,76.0,C2 · R2 · K1 · Lane E · LOW_UNKNOWN,C2,R2,K1,E,W2 LOW-COMPLEXITY,MEDIUM,R3 NOMINAL DESIGN INPUTS,,NO SPECIFIC CHILD ADDED IN THIS PASS,"Concept inputs exist, but the exact named-interface and/or exact process baseline needed for R3 is open.","Resolve the Step1X-3D licence conflict for EU commercial use first [S125][S126]; then: Run the originality and trade-dress review, then generate one reference image, one Step1X-3D mesh and one printed minimum-feature coupon","This is a portfolio planning assessment. Market score, C/R/K/lane and product-release evidence remain separate.",COMPLETE PORTFOLIO TRIAGE — NOT RELEASE APPROVAL,2026-08-31,1.0
RESEARCH:SKU-346,RESEARCH_IDEA,SKU-346,,Mecha Pilot Android desktop statue,,Command attention on gaming rigs and tech desks with precision anime-mecha character styling.,YES,76.0,80.0,C1 · R2 · K1 · Lane E · LOW_UNKNOWN,C1,R2,K1,E,W2 LOW-COMPLEXITY,MEDIUM,R3 NOMINAL DESIGN INPUTS,,NO SPECIFIC CHILD ADDED IN THIS PASS,"Concept inputs exist, but the exact named-interface and/or exact process baseline needed for R3 is open.","Resolve the Step1X-3D licence conflict for EU commercial use first [S125][S126]; then: Run the originality and trade-dress review, then generate one reference image, one Step1X-3D mesh and one printed minimum-feature coupon","This is a portfolio planning assessment. Market score, C/R/K/lane and product-release evidence remain separate.",COMPLETE PORTFOLIO TRIAGE — NOT RELEASE APPROVAL,2026-08-31,1.0
RESEARCH:SKU-347,RESEARCH_IDEA,SKU-347,,Chibi Valkyrie Warrior figurine,,Channel mythic strength and Norse legend onto bookshelves and tabletop battlemaps.,YES,74.0,80.0,C1 · R2 · K1 · Lane E · LOW_UNKNOWN,C1,R2,K1,E,W2 LOW-COMPLEXITY,MEDIUM,R3 NOMINAL DESIGN INPUTS,,NO SPECIFIC CHILD ADDED IN THIS PASS,"Concept inputs exist, but the exact named-interface and/or exact process baseline needed for R3 is open.","Resolve the Step1X-3D licence conflict for EU commercial use first [S125][S126]; then: Run the originality and trade-dress review, then generate one reference image, one Step1X-3D mesh and one printed minimum-feature coupon","This is a portfolio planning assessment. Market score, C/R/K/lane and product-release evidence remain separate.",COMPLETE PORTFOLIO TRIAGE — NOT RELEASE APPROVAL,2026-08-31,1.0
RESEARCH:SKU-348,RESEARCH_IDEA,SKU-348,,Stylized Dragon Whelp D20 guardian,,Showcase lucky D20 dice on tabletop game nights while preventing accidental rolling.,YES,83.0,76.0,C2 · R2 · K1 · Lane E · LOW_UNKNOWN,C2,R2,K1,E,W2 LOW-COMPLEXITY,MEDIUM,R3 NOMINAL DESIGN INPUTS,,NO SPECIFIC CHILD ADDED IN THIS PASS,"Concept inputs exist, but the exact named-interface and/or exact process baseline needed for R3 is open.","Resolve the Step1X-3D licence conflict for EU commercial use first [S125][S126]; then: Run the originality and trade-dress review, then generate one reference image, one Step1X-3D mesh and one printed minimum-feature coupon","This is a portfolio planning assessment. Market score, C/R/K/lane and product-release evidence remain separate.",COMPLETE PORTFOLIO TRIAGE — NOT RELEASE APPROVAL,2026-08-31,1.0
RESEARCH:SKU-349,RESEARCH_IDEA,SKU-349,,Grumpy Goblin merchant coin catch,,Catch loose pocket change and keys with comic tabletop fantasy humor.,YES,83.0,76.0,C2 · R2 · K1 · Lane E · LOW_UNKNOWN,C2,R2,K1,E,W2 LOW-COMPLEXITY,MEDIUM,R3 NOMINAL DESIGN INPUTS,,NO SPECIFIC CHILD ADDED IN THIS PASS,"Concept inputs exist, but the exact named-interface and/or exact process baseline needed for R3 is open.","Resolve the Step1X-3D licence conflict for EU commercial use first [S125][S126]; then: Run the originality and trade-dress review, then generate one reference image, one Step1X-3D mesh and one printed minimum-feature coupon","This is a portfolio planning assessment. Market score, C/R/K/lane and product-release evidence remain separate.",COMPLETE PORTFOLIO TRIAGE — NOT RELEASE APPROVAL,2026-08-31,1.0
RESEARCH:SKU-350,RESEARCH_IDEA,SKU-350,,Celestial Star Fox tabletop sculpture,,Decorate cozy desks and gaming setups with mystical celestial Japanese folklore.,YES,76.0,80.0,C1 · R2 · K1 · Lane E · LOW_UNKNOWN,C1,R2,K1,E,W2 LOW-COMPLEXITY,MEDIUM,R3 NOMINAL DESIGN INPUTS,,NO SPECIFIC CHILD ADDED IN THIS PASS,"Concept inputs exist, but the exact named-interface and/or exact process baseline needed for R3 is open.","Resolve the Step1X-3D licence conflict for EU commercial use first [S125][S126]; then: Run the originality and trade-dress review, then generate one reference image, one Step1X-3D mesh and one printed minimum-feature coupon","This is a portfolio planning assessment. Market score, C/R/K/lane and product-release evidence remain separate.",COMPLETE PORTFOLIO TRIAGE — NOT RELEASE APPROVAL,2026-08-31,1.0
RESEARCH:SKU-351,RESEARCH_IDEA,SKU-351,,Stylized Low-Poly Mech Warrior,,Serve as a formidable desktop sentry and desktop toy for sci-fi and mech enthusiasts.,YES,76.0,82.0,C1 · R2 · K1 · Lane E · LOW_UNKNOWN,C1,R2,K1,E,W2 LOW-COMPLEXITY,MEDIUM,R3 NOMINAL DESIGN INPUTS,,NO SPECIFIC CHILD ADDED IN THIS PASS,"Concept inputs exist, but the exact named-interface and/or exact process baseline needed for R3 is open.","Resolve the Step1X-3D licence conflict for EU commercial use first [S125][S126]; then: Run the originality and trade-dress review, then generate one reference image, one Step1X-3D mesh and one printed minimum-feature coupon","This is a portfolio planning assessment. Market score, C/R/K/lane and product-release evidence remain separate.",COMPLETE PORTFOLIO TRIAGE — NOT RELEASE APPROVAL,2026-08-31,1.0
RESEARCH:SKU-352,RESEARCH_IDEA,SKU-352,,Chibi Space Miner with crystal base,,Celebrate sci-fi mining games (Deep Rock Galactic aesthetic) and space exploration on modern gaming setups.,YES,75.0,80.0,C1 · R2 · K1 · Lane E · LOW_UNKNOWN,C1,R2,K1,E,W2 LOW-COMPLEXITY,MEDIUM,R3 NOMINAL DESIGN INPUTS,,NO SPECIFIC CHILD ADDED IN THIS PASS,"Concept inputs exist, but the exact named-interface and/or exact process baseline needed for R3 is open.","Resolve the Step1X-3D licence conflict for EU commercial use first [S125][S126]; then: Run the originality and trade-dress review, then generate one reference image, one Step1X-3D mesh and one printed minimum-feature coupon","This is a portfolio planning assessment. Market score, C/R/K/lane and product-release evidence remain separate.",COMPLETE PORTFOLIO TRIAGE — NOT RELEASE APPROVAL,2026-08-31,1.0
RESEARCH:SKU-353,RESEARCH_IDEA,SKU-353,,Ridgeback stag beetle print-in-place fidget,,Give an adult desk an impressive fiddle-able creature that also demonstrates one-piece moving prints.,YES,80.0,68.8,C2 · R2 · K2 · Lane E · LOW_UNKNOWN,C2,R2,K2,E,W3 CONTROLLED,MEDIUM,R3 NOMINAL DESIGN INPUTS,,NO SPECIFIC CHILD ADDED IN THIS PASS,"Concept inputs exist, but the exact named-interface and/or exact process baseline needed for R3 is open.","Resolve the Step1X-3D licence conflict for EU commercial use first [S125][S126]; then: Print one mechanism coupon at the intended clearance, run the 100-cycle actuation test, then decide the toy-safety route before any sale","This is a portfolio planning assessment. Market score, C/R/K/lane and product-release evidence remain separate.",COMPLETE PORTFOLIO TRIAGE — NOT RELEASE APPROVAL,2026-08-31,1.0
RESEARCH:SKU-354,RESEARCH_IDEA,SKU-354,,Pangolin curl armour fidget,,Offer a tactile fold-away object that satisfies the urge to compress something without a squishy material.,YES,80.0,68.8,C2 · R2 · K2 · Lane E · LOW_UNKNOWN,C2,R2,K2,E,W3 CONTROLLED,MEDIUM,R3 NOMINAL DESIGN INPUTS,,NO SPECIFIC CHILD ADDED IN THIS PASS,"Concept inputs exist, but the exact named-interface and/or exact process baseline needed for R3 is open.","Resolve the Step1X-3D licence conflict for EU commercial use first [S125][S126]; then: Print one mechanism coupon at the intended clearance, run the 100-cycle actuation test, then decide the toy-safety route before any sale","This is a portfolio planning assessment. Market score, C/R/K/lane and product-release evidence remain separate.",COMPLETE PORTFOLIO TRIAGE — NOT RELEASE APPROVAL,2026-08-31,1.0
RESEARCH:SKU-355,RESEARCH_IDEA,SKU-355,,Dune scorpion clicking tail fidget,,Combine a collectible creature figure with an audible click fidget in a single print.,YES,84.0,72.8,C2 · R2 · K2 · Lane E · LOW_UNKNOWN,C2,R2,K2,E,W3 CONTROLLED,MEDIUM,R3 NOMINAL DESIGN INPUTS,,NO SPECIFIC CHILD ADDED IN THIS PASS,"Concept inputs exist, but the exact named-interface and/or exact process baseline needed for R3 is open.","Resolve the Step1X-3D licence conflict for EU commercial use first [S125][S126]; then: Print one mechanism coupon at the intended clearance, run the 100-cycle actuation test, then decide the toy-safety route before any sale","This is a portfolio planning assessment. Market score, C/R/K/lane and product-release evidence remain separate.",COMPLETE PORTFOLIO TRIAGE — NOT RELEASE APPROVAL,2026-08-31,1.0
RESEARCH:SKU-356,RESEARCH_IDEA,SKU-356,,Tidepool hermit crab twist pod,,"Combine a desk creature with a hiding place for a ring, a spare key or an SD card so perceived value rises above a pure figure.",YES,91.0,72.8,C2 · R2 · K2 · Lane E · LOW_UNKNOWN,C2,R2,K2,E,W3 CONTROLLED,MEDIUM,R3 NOMINAL DESIGN INPUTS,,NO SPECIFIC CHILD ADDED IN THIS PASS,"Concept inputs exist, but the exact named-interface and/or exact process baseline needed for R3 is open.","Resolve the Step1X-3D licence conflict for EU commercial use first [S125][S126]; then: Print one mechanism coupon at the intended clearance, run the 100-cycle actuation test, then decide the toy-safety route before any sale","This is a portfolio planning assessment. Market score, C/R/K/lane and product-release evidence remain separate.",COMPLETE PORTFOLIO TRIAGE — NOT RELEASE APPROVAL,2026-08-31,1.0
RESEARCH:SKU-357,RESEARCH_IDEA,SKU-357,,Mantis fold snap-arm fidget,,"Provide a poseable, repeatedly snappable creature for hands that need something to do during calls.",YES,75.0,68.8,C2 · R2 · K2 · Lane E · LOW_UNKNOWN,C2,R2,K2,E,W3 CONTROLLED,MEDIUM,R3 NOMINAL DESIGN INPUTS,,NO SPECIFIC CHILD ADDED IN THIS PASS,"Concept inputs exist, but the exact named-interface and/or exact process baseline needed for R3 is open.","Resolve the Step1X-3D licence conflict for EU commercial use first [S125][S126]; then: Print one mechanism coupon at the intended clearance, run the 100-cycle actuation test, then decide the toy-safety route before any sale","This is a portfolio planning assessment. Market score, C/R/K/lane and product-release evidence remain separate.",COMPLETE PORTFOLIO TRIAGE — NOT RELEASE APPROVAL,2026-08-31,1.0
RESEARCH:SKU-358,RESEARCH_IDEA,SKU-358,,Orbit bloom planetary petal sculpture,,Deliver a satisfying-to-operate display piece that visibly demonstrates printed gearing to visitors.,YES,79.0,63.8,C3 · R2 · K2 · Lane E · LOW_UNKNOWN,C3,R2,K2,E,W3 CONTROLLED,MEDIUM,R3 NOMINAL DESIGN INPUTS,,NO SPECIFIC CHILD ADDED IN THIS PASS,"Concept inputs exist, but the exact named-interface and/or exact process baseline needed for R3 is open.","Resolve the Step1X-3D licence conflict for EU commercial use first [S125][S126]; then: Print one mechanism coupon at the intended clearance, run the 100-cycle actuation test, then decide the toy-safety route before any sale","This is a portfolio planning assessment. Market score, C/R/K/lane and product-release evidence remain separate.",COMPLETE PORTFOLIO TRIAGE — NOT RELEASE APPROVAL,2026-08-31,1.0
RESEARCH:SKU-359,RESEARCH_IDEA,SKU-359,,Trochoid spinner eccentric rotor fidget,,Offer a spinner that looks and feels engineered rather than mass-produced plastic.,YES,76.0,63.8,C3 · R2 · K2 · Lane E · LOW_UNKNOWN,C3,R2,K2,E,W3 CONTROLLED,MEDIUM,R3 NOMINAL DESIGN INPUTS,,NO SPECIFIC CHILD ADDED IN THIS PASS,"Concept inputs exist, but the exact named-interface and/or exact process baseline needed for R3 is open.","Resolve the Step1X-3D licence conflict for EU commercial use first [S125][S126]; then: Print one mechanism coupon at the intended clearance, run the 100-cycle actuation test, then decide the toy-safety route before any sale","This is a portfolio planning assessment. Market score, C/R/K/lane and product-release evidence remain separate.",COMPLETE PORTFOLIO TRIAGE — NOT RELEASE APPROVAL,2026-08-31,1.0
RESEARCH:SKU-360,RESEARCH_IDEA,SKU-360,,Cog reef intermeshed gear ornament,,Provide an all-in-one-print kinetic ornament for a shelf or desk that rewards idle hands.,YES,79.0,67.8,C3 · R2 · K2 · Lane E · LOW_UNKNOWN,C3,R2,K2,E,W3 CONTROLLED,MEDIUM,R3 NOMINAL DESIGN INPUTS,,NO SPECIFIC CHILD ADDED IN THIS PASS,"Concept inputs exist, but the exact named-interface and/or exact process baseline needed for R3 is open.","Resolve the Step1X-3D licence conflict for EU commercial use first [S125][S126]; then: Print one mechanism coupon at the intended clearance, run the 100-cycle actuation test, then decide the toy-safety route before any sale","This is a portfolio planning assessment. Market score, C/R/K/lane and product-release evidence remain separate.",COMPLETE PORTFOLIO TRIAGE — NOT RELEASE APPROVAL,2026-08-31,1.0
RESEARCH:SKU-361,RESEARCH_IDEA,SKU-361,,Ripple cam wave crank sculpture,,Serve the satisfying-mechanism gift market with an object bought to watch and to hand round an office.,YES,76.0,63.8,C3 · R2 · K2 · Lane E · LOW_UNKNOWN,C3,R2,K2,E,W3 CONTROLLED,MEDIUM,R3 NOMINAL DESIGN INPUTS,,NO SPECIFIC CHILD ADDED IN THIS PASS,"Concept inputs exist, but the exact named-interface and/or exact process baseline needed for R3 is open.","Resolve the Step1X-3D licence conflict for EU commercial use first [S125][S126]; then: Print one mechanism coupon at the intended clearance, run the 100-cycle actuation test, then decide the toy-safety route before any sale","This is a portfolio planning assessment. Market score, C/R/K/lane and product-release evidence remain separate.",COMPLETE PORTFOLIO TRIAGE — NOT RELEASE APPROVAL,2026-08-31,1.0
RESEARCH:SKU-362,RESEARCH_IDEA,SKU-362,,Click pebble bistable thumb clicker,,"Give a silent-to-carry, loud-to-press stress release that fits a pocket and does not look like a toy in a meeting.",YES,84.0,72.8,C3 · R2 · K2 · Lane E · LOW_UNKNOWN,C3,R2,K2,E,W3 CONTROLLED,MEDIUM,R3 NOMINAL DESIGN INPUTS,,NO SPECIFIC CHILD ADDED IN THIS PASS,"Concept inputs exist, but the exact named-interface and/or exact process baseline needed for R3 is open.","Resolve the Step1X-3D licence conflict for EU commercial use first [S125][S126]; then: Print one mechanism coupon at the intended clearance, run the 100-cycle actuation test, then decide the toy-safety route before any sale","This is a portfolio planning assessment. Market score, C/R/K/lane and product-release evidence remain separate.",COMPLETE PORTFOLIO TRIAGE — NOT RELEASE APPROVAL,2026-08-31,1.0
RESEARCH:SKU-363,RESEARCH_IDEA,SKU-363,,Bolt slide blade-free thumb slider,,"Reproduce the addictive slide-and-snap action of a mechanical switch in a legal, blade-free desk object.",YES,84.0,72.8,C3 · R2 · K2 · Lane E · LOW_UNKNOWN,C3,R2,K2,E,W3 CONTROLLED,MEDIUM,R3 NOMINAL DESIGN INPUTS,,NO SPECIFIC CHILD ADDED IN THIS PASS,"Concept inputs exist, but the exact named-interface and/or exact process baseline needed for R3 is open.","Resolve the Step1X-3D licence conflict for EU commercial use first [S125][S126]; then: Print one mechanism coupon at the intended clearance, run the 100-cycle actuation test, then decide the toy-safety route before any sale","This is a portfolio planning assessment. Market score, C/R/K/lane and product-release evidence remain separate.",COMPLETE PORTFOLIO TRIAGE — NOT RELEASE APPROVAL,2026-08-31,1.0
RESEARCH:SKU-364,RESEARCH_IDEA,SKU-364,,Snap blossom living-hinge petal fidget,,"Deliver a one-touch, visually rewarding reset action in an object decorative enough to stay on a desk permanently.",YES,83.0,66.8,C3 · R2 · K2 · Lane E · LOW_UNKNOWN,C3,R2,K2,E,W3 CONTROLLED,MEDIUM,R3 NOMINAL DESIGN INPUTS,,NO SPECIFIC CHILD ADDED IN THIS PASS,"Concept inputs exist, but the exact named-interface and/or exact process baseline needed for R3 is open.","Resolve the Step1X-3D licence conflict for EU commercial use first [S125][S126]; then: Print one mechanism coupon at the intended clearance, run the 100-cycle actuation test, then decide the toy-safety route before any sale","This is a portfolio planning assessment. Market score, C/R/K/lane and product-release evidence remain separate.",COMPLETE PORTFOLIO TRIAGE — NOT RELEASE APPROVAL,2026-08-31,1.0
RESEARCH:SKU-365,RESEARCH_IDEA,SKU-365,,Ratchet coin indexed worry disc,,Provide a worry coin for continuous one-handed thumb rotation with tactile and audible feedback.,YES,80.0,68.8,C3 · R2 · K2 · Lane E · LOW_UNKNOWN,C3,R2,K2,E,W3 CONTROLLED,MEDIUM,R3 NOMINAL DESIGN INPUTS,,NO SPECIFIC CHILD ADDED IN THIS PASS,"Concept inputs exist, but the exact named-interface and/or exact process baseline needed for R3 is open.","Resolve the Step1X-3D licence conflict for EU commercial use first [S125][S126]; then: Print one mechanism coupon at the intended clearance, run the 100-cycle actuation test, then decide the toy-safety route before any sale","This is a portfolio planning assessment. Market score, C/R/K/lane and product-release evidence remain separate.",COMPLETE PORTFOLIO TRIAGE — NOT RELEASE APPROVAL,2026-08-31,1.0
RESEARCH:SKU-366,RESEARCH_IDEA,SKU-366,,Basalt burr six-piece interlocking puzzle,,Offer a giftable brain-teaser that looks like an ornament once solved and sits on a shelf.,YES,76.0,72.8,C2 · R2 · K2 · Lane E · LOW_UNKNOWN,C2,R2,K2,E,W3 CONTROLLED,MEDIUM,R3 NOMINAL DESIGN INPUTS,,NO SPECIFIC CHILD ADDED IN THIS PASS,"Concept inputs exist, but the exact named-interface and/or exact process baseline needed for R3 is open.","Resolve the Step1X-3D licence conflict for EU commercial use first [S125][S126]; then: Print one mechanism coupon at the intended clearance, run the 100-cycle actuation test, then decide the toy-safety route before any sale","This is a portfolio planning assessment. Market score, C/R/K/lane and product-release evidence remain separate.",COMPLETE PORTFOLIO TRIAGE — NOT RELEASE APPROVAL,2026-08-31,1.0
RESEARCH:SKU-367,RESEARCH_IDEA,SKU-367,,Nautilus maze sphere dexterity puzzle,,"Provide a single-object dexterity challenge with no loose parts to lose, suited to travel and desks.",YES,76.0,72.8,C2 · R2 · K2 · Lane E · LOW_UNKNOWN,C2,R2,K2,E,W3 CONTROLLED,MEDIUM,R3 NOMINAL DESIGN INPUTS,,NO SPECIFIC CHILD ADDED IN THIS PASS,"Concept inputs exist, but the exact named-interface and/or exact process baseline needed for R3 is open.","Resolve the Step1X-3D licence conflict for EU commercial use first [S125][S126]; then: Print one mechanism coupon at the intended clearance, run the 100-cycle actuation test, then decide the toy-safety route before any sale","This is a portfolio planning assessment. Market score, C/R/K/lane and product-release evidence remain separate.",COMPLETE PORTFOLIO TRIAGE — NOT RELEASE APPROVAL,2026-08-31,1.0
RESEARCH:SKU-368,RESEARCH_IDEA,SKU-368,,Ammonite packing tray tile puzzle,,"Offer a quiet, screen-free puzzle that finishes as a piece of wall or desk art.",YES,76.0,66.8,C2 · R2 · K2 · Lane E · LOW_UNKNOWN,C2,R2,K2,E,W3 CONTROLLED,MEDIUM,R3 NOMINAL DESIGN INPUTS,,NO SPECIFIC CHILD ADDED IN THIS PASS,"Concept inputs exist, but the exact named-interface and/or exact process baseline needed for R3 is open.","Resolve the Step1X-3D licence conflict for EU commercial use first [S125][S126]; then: Print one mechanism coupon at the intended clearance, run the 100-cycle actuation test, then decide the toy-safety route before any sale","This is a portfolio planning assessment. Market score, C/R/K/lane and product-release evidence remain separate.",COMPLETE PORTFOLIO TRIAGE — NOT RELEASE APPROVAL,2026-08-31,1.0
RESEARCH:SKU-369,RESEARCH_IDEA,SKU-369,,Geode worry stone tactile pebble,,"Give a calming, silent object to hold during calls where any clicking would be unacceptable.",YES,80.0,73.8,C1 · R2 · K2 · Lane E · LOW_UNKNOWN,C1,R2,K2,E,W3 CONTROLLED,MEDIUM,R3 NOMINAL DESIGN INPUTS,,NO SPECIFIC CHILD ADDED IN THIS PASS,"Concept inputs exist, but the exact named-interface and/or exact process baseline needed for R3 is open.","Resolve the Step1X-3D licence conflict for EU commercial use first [S125][S126]; then: Print one mechanism coupon at the intended clearance, run the 100-cycle actuation test, then decide the toy-safety route before any sale","This is a portfolio planning assessment. Market score, C/R/K/lane and product-release evidence remain separate.",COMPLETE PORTFOLIO TRIAGE — NOT RELEASE APPROVAL,2026-08-31,1.0
RESEARCH:SKU-370,RESEARCH_IDEA,SKU-370,,Trefoil knot roller ring fidget,,Deliver an endless-loop tactile motion object that also works as a shelf piece.,YES,84.0,81.8,C1 · R2 · K2 · Lane E · LOW_UNKNOWN,C1,R2,K2,E,W3 CONTROLLED,MEDIUM,R3 NOMINAL DESIGN INPUTS,,NO SPECIFIC CHILD ADDED IN THIS PASS,"Concept inputs exist, but the exact named-interface and/or exact process baseline needed for R3 is open.","Resolve the Step1X-3D licence conflict for EU commercial use first [S125][S126]; then: Print one mechanism coupon at the intended clearance, run the 100-cycle actuation test, then decide the toy-safety route before any sale","This is a portfolio planning assessment. Market score, C/R/K/lane and product-release evidence remain separate.",COMPLETE PORTFOLIO TRIAGE — NOT RELEASE APPROVAL,2026-08-31,1.0
RESEARCH:SKU-371,RESEARCH_IDEA,SKU-371,,PalmDriver stubby 6.35 mm bit driver,,"Drive screws where a full-length screwdriver will not fit, without losing grip comfort.",YES,80.0,78.8,C3 · R2 · K2 · Lane E · LOW_UNKNOWN,C3,R2,K2,E,W3 CONTROLLED,MEDIUM,R3 NOMINAL DESIGN INPUTS,,NO SPECIFIC CHILD ADDED IN THIS PASS,"Concept inputs exist, but the exact named-interface and/or exact process baseline needed for R3 is open.","Resolve the Step1X-3D licence conflict for EU commercial use first [S125][S126]; then: Print the interface coupon against the exact purchased hardware, measure retention, then confirm the grip geometry on a real task","This is a portfolio planning assessment. Market score, C/R/K/lane and product-release evidence remain separate.",COMPLETE PORTFOLIO TRIAGE — NOT RELEASE APPROVAL,2026-08-31,1.0
RESEARCH:SKU-372,RESEARCH_IDEA,SKU-372,,BitBloom magnetic bit dock,,Keep the ten bits actually in use visible and one-handed reachable on the bench.,YES,82.0,78.8,C3 · R2 · K2 · Lane E · LOW_UNKNOWN,C3,R2,K2,E,W3 CONTROLLED,MEDIUM,R3 NOMINAL DESIGN INPUTS,,NO SPECIFIC CHILD ADDED IN THIS PASS,"Concept inputs exist, but the exact named-interface and/or exact process baseline needed for R3 is open.","Resolve the Step1X-3D licence conflict for EU commercial use first [S125][S126]; then: Print the interface coupon against the exact purchased hardware, measure retention, then confirm the grip geometry on a real task","This is a portfolio planning assessment. Market score, C/R/K/lane and product-release evidence remain separate.",COMPLETE PORTFOLIO TRIAGE — NOT RELEASE APPROVAL,2026-08-31,1.0
RESEARCH:SKU-373,RESEARCH_IDEA,SKU-373,,TwinKnob hand-screw clamp,,"Apply gentle, controllable clamping pressure to glue-ups and repairs without marring the workpiece.",YES,76.0,76.8,C3 · R2 · K2 · Lane E · LOW_UNKNOWN,C3,R2,K2,E,W3 CONTROLLED,MEDIUM,R3 NOMINAL DESIGN INPUTS,,NO SPECIFIC CHILD ADDED IN THIS PASS,"Concept inputs exist, but the exact named-interface and/or exact process baseline needed for R3 is open.","Resolve the Step1X-3D licence conflict for EU commercial use first [S125][S126]; then: Print the interface coupon against the exact purchased hardware, measure retention, then confirm the grip geometry on a real task","This is a portfolio planning assessment. Market score, C/R/K/lane and product-release evidence remain separate.",COMPLETE PORTFOLIO TRIAGE — NOT RELEASE APPROVAL,2026-08-31,1.0
RESEARCH:SKU-374,RESEARCH_IDEA,SKU-374,,EdgeGlide deburring palm grip,,"Knock the sharp brim edge off a fresh print comfortably, without a pen-thin handle cramping the hand.",YES,82.0,78.8,C3 · R2 · K2 · Lane E · LOW_UNKNOWN,C3,R2,K2,E,W3 CONTROLLED,MEDIUM,R3 NOMINAL DESIGN INPUTS,,NO SPECIFIC CHILD ADDED IN THIS PASS,"Concept inputs exist, but the exact named-interface and/or exact process baseline needed for R3 is open.","Resolve the Step1X-3D licence conflict for EU commercial use first [S125][S126]; then: Print the interface coupon against the exact purchased hardware, measure retention, then confirm the grip geometry on a real task","This is a portfolio planning assessment. Market score, C/R/K/lane and product-release evidence remain separate.",COMPLETE PORTFOLIO TRIAGE — NOT RELEASE APPROVAL,2026-08-31,1.0
RESEARCH:SKU-375,RESEARCH_IDEA,SKU-375,,OffsetSaddle edge marking guide,,Scribe a parallel line down a board edge freehand-fast but repeatably.,YES,80.0,78.8,C3 · R2 · K2 · Lane E · LOW_UNKNOWN,C3,R2,K2,E,W3 CONTROLLED,MEDIUM,R3 NOMINAL DESIGN INPUTS,,NO SPECIFIC CHILD ADDED IN THIS PASS,"Concept inputs exist, but the exact named-interface and/or exact process baseline needed for R3 is open.","Resolve the Step1X-3D licence conflict for EU commercial use first [S125][S126]; then: Print the interface coupon against the exact purchased hardware, measure retention, then confirm the grip geometry on a real task","This is a portfolio planning assessment. Market score, C/R/K/lane and product-release evidence remain separate.",COMPLETE PORTFOLIO TRIAGE — NOT RELEASE APPROVAL,2026-08-31,1.0
RESEARCH:SKU-376,RESEARCH_IDEA,SKU-376,,SandShell quarter-sheet sanding block,,Sand flat surfaces comfortably and change paper in seconds without adhesive.,YES,76.0,78.8,C3 · R2 · K2 · Lane E · LOW_UNKNOWN,C3,R2,K2,E,W3 CONTROLLED,MEDIUM,R3 NOMINAL DESIGN INPUTS,,NO SPECIFIC CHILD ADDED IN THIS PASS,"Concept inputs exist, but the exact named-interface and/or exact process baseline needed for R3 is open.","Resolve the Step1X-3D licence conflict for EU commercial use first [S125][S126]; then: Print the interface coupon against the exact purchased hardware, measure retention, then confirm the grip geometry on a real task","This is a portfolio planning assessment. Market score, C/R/K/lane and product-release evidence remain separate.",COMPLETE PORTFOLIO TRIAGE — NOT RELEASE APPROVAL,2026-08-31,1.0
RESEARCH:SKU-377,RESEARCH_IDEA,SKU-377,,HexFan raked hex-key rack,,Grab the right Allen key first time instead of fanning a folding set.,YES,82.0,81.0,C3 · R2 · K1 · Lane E · LOW_UNKNOWN,C3,R2,K1,E,W3 CONTROLLED,MEDIUM,R3 NOMINAL DESIGN INPUTS,,NO SPECIFIC CHILD ADDED IN THIS PASS,"Concept inputs exist, but the exact named-interface and/or exact process baseline needed for R3 is open.","Resolve the Step1X-3D licence conflict for EU commercial use first [S125][S126]; then: Print the interface coupon against the exact purchased hardware, measure retention, then confirm the grip geometry on a real task","This is a portfolio planning assessment. Market score, C/R/K/lane and product-release evidence remain separate.",COMPLETE PORTFOLIO TRIAGE — NOT RELEASE APPROVAL,2026-08-31,1.0
RESEARCH:SKU-378,RESEARCH_IDEA,SKU-378,,WallPebble magnetic tool puck,,"Park a screwdriver, scissors or scraper on the wall without a bespoke holder per tool.",YES,90.0,82.8,C3 · R2 · K2 · Lane E · LOW_UNKNOWN,C3,R2,K2,E,W3 CONTROLLED,MEDIUM,R3 NOMINAL DESIGN INPUTS,,NO SPECIFIC CHILD ADDED IN THIS PASS,"Concept inputs exist, but the exact named-interface and/or exact process baseline needed for R3 is open.","Resolve the Step1X-3D licence conflict for EU commercial use first [S125][S126]; then: Print the interface coupon against the exact purchased hardware, measure retention, then confirm the grip geometry on a real task","This is a portfolio planning assessment. Market score, C/R/K/lane and product-release evidence remain separate.",COMPLETE PORTFOLIO TRIAGE — NOT RELEASE APPROVAL,2026-08-31,1.0
RESEARCH:SKU-379,RESEARCH_IDEA,SKU-379,,CableWave under-desk raceway,,Get the desk cable nest off the floor in one continuous run that looks intentional.,YES,86.0,85.0,C3 · R2 · K1 · Lane E · LOW_UNKNOWN,C3,R2,K1,E,W3 CONTROLLED,MEDIUM,R3 NOMINAL DESIGN INPUTS,,NO SPECIFIC CHILD ADDED IN THIS PASS,"Concept inputs exist, but the exact named-interface and/or exact process baseline needed for R3 is open.","Resolve the Step1X-3D licence conflict for EU commercial use first [S125][S126]; then: Print the interface coupon against the exact purchased hardware, measure retention, then confirm the grip geometry on a real task","This is a portfolio planning assessment. Market score, C/R/K/lane and product-release evidence remain separate.",COMPLETE PORTFOLIO TRIAGE — NOT RELEASE APPROVAL,2026-08-31,1.0
RESEARCH:SKU-380,RESEARCH_IDEA,SKU-380,,LedgeHook headphone perch,,Store headphones without drilling the desk or deforming the headband pad.,YES,82.0,78.8,C3 · R2 · K2 · Lane E · LOW_UNKNOWN,C3,R2,K2,E,W3 CONTROLLED,MEDIUM,R3 NOMINAL DESIGN INPUTS,,NO SPECIFIC CHILD ADDED IN THIS PASS,"Concept inputs exist, but the exact named-interface and/or exact process baseline needed for R3 is open.","Resolve the Step1X-3D licence conflict for EU commercial use first [S125][S126]; then: Print the interface coupon against the exact purchased hardware, measure retention, then confirm the grip geometry on a real task","This is a portfolio planning assessment. Market score, C/R/K/lane and product-release evidence remain separate.",COMPLETE PORTFOLIO TRIAGE — NOT RELEASE APPROVAL,2026-08-31,1.0
RESEARCH:SKU-381,RESEARCH_IDEA,SKU-381,,ScoreGrip marking-knife holder,,Score a crisp knife line for joinery or cut card and veneer with full control.,YES,76.0,74.5,C3 · R2 · K2 · Lane E · LOW_UNKNOWN,C3,R2,K2,E,W3 CONTROLLED,MEDIUM,R3 NOMINAL DESIGN INPUTS,,NO SPECIFIC CHILD ADDED IN THIS PASS,"Concept inputs exist, but the exact named-interface and/or exact process baseline needed for R3 is open.","Resolve the Step1X-3D licence conflict for EU commercial use first [S125][S126]; then: Print the interface coupon against the exact purchased hardware, measure retention, then confirm the grip geometry on a real task","This is a portfolio planning assessment. Market score, C/R/K/lane and product-release evidence remain separate.",COMPLETE PORTFOLIO TRIAGE — NOT RELEASE APPROVAL,2026-08-31,1.0
RESEARCH:SKU-382,RESEARCH_IDEA,SKU-382,,SpinHub bearing tape dispenser,,Allow a one-handed tape pull that does not skate across the desk.,YES,82.0,81.0,C3 · R2 · K1 · Lane E · LOW_UNKNOWN,C3,R2,K1,E,W3 CONTROLLED,MEDIUM,R3 NOMINAL DESIGN INPUTS,,NO SPECIFIC CHILD ADDED IN THIS PASS,"Concept inputs exist, but the exact named-interface and/or exact process baseline needed for R3 is open.","Resolve the Step1X-3D licence conflict for EU commercial use first [S125][S126]; then: Print the interface coupon against the exact purchased hardware, measure retention, then confirm the grip geometry on a real task","This is a portfolio planning assessment. Market score, C/R/K/lane and product-release evidence remain separate.",COMPLETE PORTFOLIO TRIAGE — NOT RELEASE APPROVAL,2026-08-31,1.0
RESEARCH:SKU-383,RESEARCH_IDEA,SKU-383,,LoopWrench finger bit turner,,"Turn a screw where there is no room to swing a handle, using finger strength through a comfortable loop.",YES,80.0,78.8,C3 · R2 · K2 · Lane E · LOW_UNKNOWN,C3,R2,K2,E,W3 CONTROLLED,MEDIUM,R3 NOMINAL DESIGN INPUTS,,NO SPECIFIC CHILD ADDED IN THIS PASS,"Concept inputs exist, but the exact named-interface and/or exact process baseline needed for R3 is open.","Resolve the Step1X-3D licence conflict for EU commercial use first [S125][S126]; then: Print the interface coupon against the exact purchased hardware, measure retention, then confirm the grip geometry on a real task","This is a portfolio planning assessment. Market score, C/R/K/lane and product-release evidence remain separate.",COMPLETE PORTFOLIO TRIAGE — NOT RELEASE APPROVAL,2026-08-31,1.0
RESEARCH:SKU-384,RESEARCH_IDEA,SKU-384,,ShelfLedge pen and phone ledge,,Reclaim desk surface by moving pens and a phone onto otherwise dead shelf-edge space.,YES,85.0,82.8,C3 · R2 · K2 · Lane E · LOW_UNKNOWN,C3,R2,K2,E,W3 CONTROLLED,MEDIUM,R3 NOMINAL DESIGN INPUTS,,NO SPECIFIC CHILD ADDED IN THIS PASS,"Concept inputs exist, but the exact named-interface and/or exact process baseline needed for R3 is open.","Resolve the Step1X-3D licence conflict for EU commercial use first [S125][S126]; then: Print the interface coupon against the exact purchased hardware, measure retention, then confirm the grip geometry on a real task","This is a portfolio planning assessment. Market score, C/R/K/lane and product-release evidence remain separate.",COMPLETE PORTFOLIO TRIAGE — NOT RELEASE APPROVAL,2026-08-31,1.0
RESEARCH:SKU-385,RESEARCH_IDEA,SKU-385,,DepthThumb drill depth collar,,Drill a repeatable depth without tape flags or a drill press.,YES,76.0,74.5,C3 · R2 · K2 · Lane E · LOW_UNKNOWN,C3,R2,K2,E,W3 CONTROLLED,MEDIUM,R3 NOMINAL DESIGN INPUTS,,NO SPECIFIC CHILD ADDED IN THIS PASS,"Concept inputs exist, but the exact named-interface and/or exact process baseline needed for R3 is open.","Resolve the Step1X-3D licence conflict for EU commercial use first [S125][S126]; then: Print the interface coupon against the exact purchased hardware, measure retention, then confirm the grip geometry on a real task","This is a portfolio planning assessment. Market score, C/R/K/lane and product-release evidence remain separate.",COMPLETE PORTFOLIO TRIAGE — NOT RELEASE APPROVAL,2026-08-31,1.0
RESEARCH:SKU-386,RESEARCH_IDEA,SKU-386,,PinchPour magnetic parts dish,,"Catch disassembly hardware where the work is happening, then pour it back without spilling.",YES,82.0,78.8,C3 · R2 · K2 · Lane E · LOW_UNKNOWN,C3,R2,K2,E,W3 CONTROLLED,MEDIUM,R3 NOMINAL DESIGN INPUTS,,NO SPECIFIC CHILD ADDED IN THIS PASS,"Concept inputs exist, but the exact named-interface and/or exact process baseline needed for R3 is open.","Resolve the Step1X-3D licence conflict for EU commercial use first [S125][S126]; then: Print the interface coupon against the exact purchased hardware, measure retention, then confirm the grip geometry on a real task","This is a portfolio planning assessment. Market score, C/R/K/lane and product-release evidence remain separate.",COMPLETE PORTFOLIO TRIAGE — NOT RELEASE APPROVAL,2026-08-31,1.0
RESEARCH:SKU-387,RESEARCH_IDEA,SKU-387,,Asana yoga-figure bookend pair,,Hold a small shelf of books upright while signalling a yoga or wellness identity.,YES,83.0,80.0,C2 · R2 · K1 · Lane E · LOW_UNKNOWN,C2,R2,K1,E,W2 LOW-COMPLEXITY,MEDIUM,R3 NOMINAL DESIGN INPUTS,,NO SPECIFIC CHILD ADDED IN THIS PASS,"Concept inputs exist, but the exact named-interface and/or exact process baseline needed for R3 is open.","Resolve the Step1X-3D licence conflict for EU commercial use first [S125][S126]; then: Run the likeness and rights review, then generate one reference image, one Step1X-3D mesh and one printed minimum-feature coupon","This is a portfolio planning assessment. Market score, C/R/K/lane and product-release evidence remain separate.",COMPLETE PORTFOLIO TRIAGE — NOT RELEASE APPROVAL,2026-08-31,1.0
RESEARCH:SKU-388,RESEARCH_IDEA,SKU-388,,Climber figure wall hook,,Hang keys or a jacket by the door with a hobby-signalling object instead of a plain hook.,YES,83.0,73.8,C2 · R2 · K2 · Lane E · LOW_UNKNOWN,C2,R2,K2,E,W3 CONTROLLED,MEDIUM,R3 NOMINAL DESIGN INPUTS,,NO SPECIFIC CHILD ADDED IN THIS PASS,"Concept inputs exist, but the exact named-interface and/or exact process baseline needed for R3 is open.","Resolve the Step1X-3D licence conflict for EU commercial use first [S125][S126]; then: Run the likeness and rights review, then generate one reference image, one Step1X-3D mesh and one printed minimum-feature coupon","This is a portfolio planning assessment. Market score, C/R/K/lane and product-release evidence remain separate.",COMPLETE PORTFOLIO TRIAGE — NOT RELEASE APPROVAL,2026-08-31,1.0
RESEARCH:SKU-389,RESEARCH_IDEA,SKU-389,,Portrait bust blank personalisation base,,Offer a commissioned keepsake portrait sculpture as a milestone gift while shipping a non-identifiable base model.,YES,74.0,80.0,C1 · R2 · K1 · Lane E · LOW_UNKNOWN,C1,R2,K1,E,W2 LOW-COMPLEXITY,MEDIUM,R3 NOMINAL DESIGN INPUTS,,NO SPECIFIC CHILD ADDED IN THIS PASS,"Concept inputs exist, but the exact named-interface and/or exact process baseline needed for R3 is open.","Resolve the Step1X-3D licence conflict for EU commercial use first [S125][S126]; then: Run the likeness and rights review, then generate one reference image, one Step1X-3D mesh and one printed minimum-feature coupon","This is a portfolio planning assessment. Market score, C/R/K/lane and product-release evidence remain separate.",COMPLETE PORTFOLIO TRIAGE — NOT RELEASE APPROVAL,2026-08-31,1.0
RESEARCH:SKU-390,RESEARCH_IDEA,SKU-390,,Guitarist figure pick and cable dock,,Keep guitar picks and a cable tidy on a desk or amplifier.,YES,79.0,80.0,C2 · R2 · K1 · Lane E · LOW_UNKNOWN,C2,R2,K1,E,W2 LOW-COMPLEXITY,MEDIUM,R3 NOMINAL DESIGN INPUTS,,NO SPECIFIC CHILD ADDED IN THIS PASS,"Concept inputs exist, but the exact named-interface and/or exact process baseline needed for R3 is open.","Resolve the Step1X-3D licence conflict for EU commercial use first [S125][S126]; then: Run the likeness and rights review, then generate one reference image, one Step1X-3D mesh and one printed minimum-feature coupon","This is a portfolio planning assessment. Market score, C/R/K/lane and product-release evidence remain separate.",COMPLETE PORTFOLIO TRIAGE — NOT RELEASE APPROVAL,2026-08-31,1.0
RESEARCH:SKU-391,RESEARCH_IDEA,SKU-391,,Chef figure utensil rest,,Park a cooking utensil beside the hob without messing the worktop.,YES,79.0,73.8,C2 · R2 · K2 · Lane E · LOW_UNKNOWN,C2,R2,K2,E,W3 CONTROLLED,MEDIUM,R3 NOMINAL DESIGN INPUTS,,NO SPECIFIC CHILD ADDED IN THIS PASS,"Concept inputs exist, but the exact named-interface and/or exact process baseline needed for R3 is open.","Resolve the Step1X-3D licence conflict for EU commercial use first [S125][S126]; then: Run the likeness and rights review, then generate one reference image, one Step1X-3D mesh and one printed minimum-feature coupon","This is a portfolio planning assessment. Market score, C/R/K/lane and product-release evidence remain separate.",COMPLETE PORTFOLIO TRIAGE — NOT RELEASE APPROVAL,2026-08-31,1.0
RESEARCH:SKU-392,RESEARCH_IDEA,SKU-392,,Gardener figure seed-packet holder,,Keep seed packets and plant tags sorted on a potting bench or windowsill.,YES,83.0,76.0,C2 · R2 · K1 · Lane E · LOW_UNKNOWN,C2,R2,K1,E,W2 LOW-COMPLEXITY,MEDIUM,R3 NOMINAL DESIGN INPUTS,,NO SPECIFIC CHILD ADDED IN THIS PASS,"Concept inputs exist, but the exact named-interface and/or exact process baseline needed for R3 is open.","Resolve the Step1X-3D licence conflict for EU commercial use first [S125][S126]; then: Run the likeness and rights review, then generate one reference image, one Step1X-3D mesh and one printed minimum-feature coupon","This is a portfolio planning assessment. Market score, C/R/K/lane and product-release evidence remain separate.",COMPLETE PORTFOLIO TRIAGE — NOT RELEASE APPROVAL,2026-08-31,1.0
RESEARCH:SKU-393,RESEARCH_IDEA,SKU-393,,Cupped-hands ring and watch dish,,"Drop rings, a watch or a badge in one place at the end of a shift.",YES,80.0,80.0,C2 · R2 · K1 · Lane E · LOW_UNKNOWN,C2,R2,K1,E,W2 LOW-COMPLEXITY,MEDIUM,R3 NOMINAL DESIGN INPUTS,,NO SPECIFIC CHILD ADDED IN THIS PASS,"Concept inputs exist, but the exact named-interface and/or exact process baseline needed for R3 is open.","Resolve the Step1X-3D licence conflict for EU commercial use first [S125][S126]; then: Run the likeness and rights review, then generate one reference image, one Step1X-3D mesh and one printed minimum-feature coupon","This is a portfolio planning assessment. Market score, C/R/K/lane and product-release evidence remain separate.",COMPLETE PORTFOLIO TRIAGE — NOT RELEASE APPROVAL,2026-08-31,1.0
RESEARCH:SKU-394,RESEARCH_IDEA,SKU-394,,Seated figure headset stand,,Store a gaming headset on the desk without it collapsing or scratching.,YES,80.0,77.8,C2 · R2 · K2 · Lane E · LOW_UNKNOWN,C2,R2,K2,E,W3 CONTROLLED,MEDIUM,R3 NOMINAL DESIGN INPUTS,,NO SPECIFIC CHILD ADDED IN THIS PASS,"Concept inputs exist, but the exact named-interface and/or exact process baseline needed for R3 is open.","Resolve the Step1X-3D licence conflict for EU commercial use first [S125][S126]; then: Run the likeness and rights review, then generate one reference image, one Step1X-3D mesh and one printed minimum-feature coupon","This is a portfolio planning assessment. Market score, C/R/K/lane and product-release evidence remain separate.",COMPLETE PORTFOLIO TRIAGE — NOT RELEASE APPROVAL,2026-08-31,1.0
RESEARCH:SKU-395,RESEARCH_IDEA,SKU-395,,Classical draped torso statue,,Add an art-history-coded focal object to a shelf or console.,YES,74.0,84.0,C1 · R2 · K1 · Lane E · LOW_UNKNOWN,C1,R2,K1,E,W2 LOW-COMPLEXITY,MEDIUM,R3 NOMINAL DESIGN INPUTS,,NO SPECIFIC CHILD ADDED IN THIS PASS,"Concept inputs exist, but the exact named-interface and/or exact process baseline needed for R3 is open.","Resolve the Step1X-3D licence conflict for EU commercial use first [S125][S126]; then: Run the likeness and rights review, then generate one reference image, one Step1X-3D mesh and one printed minimum-feature coupon","This is a portfolio planning assessment. Market score, C/R/K/lane and product-release evidence remain separate.",COMPLETE PORTFOLIO TRIAGE — NOT RELEASE APPROVAL,2026-08-31,1.0
RESEARCH:SKU-396,RESEARCH_IDEA,SKU-396,,Abstract ribbon figure spiral sculpture,,Provide a large sculptural statement piece for a shelf that stays cheap to print.,YES,79.0,84.0,C1 · R2 · K1 · Lane E · LOW_UNKNOWN,C1,R2,K1,E,W2 LOW-COMPLEXITY,MEDIUM,R3 NOMINAL DESIGN INPUTS,,NO SPECIFIC CHILD ADDED IN THIS PASS,"Concept inputs exist, but the exact named-interface and/or exact process baseline needed for R3 is open.","Resolve the Step1X-3D licence conflict for EU commercial use first [S125][S126]; then: Run the likeness and rights review, then generate one reference image, one Step1X-3D mesh and one printed minimum-feature coupon","This is a portfolio planning assessment. Market score, C/R/K/lane and product-release evidence remain separate.",COMPLETE PORTFOLIO TRIAGE — NOT RELEASE APPROVAL,2026-08-31,1.0
RESEARCH:SKU-397,RESEARCH_IDEA,SKU-397,,Two-figure anniversary keepsake plinth,,Mark a wedding or anniversary with a keepsake object that outlives the day.,YES,76.0,84.0,C1 · R2 · K1 · Lane E · LOW_UNKNOWN,C1,R2,K1,E,W2 LOW-COMPLEXITY,MEDIUM,R3 NOMINAL DESIGN INPUTS,,NO SPECIFIC CHILD ADDED IN THIS PASS,"Concept inputs exist, but the exact named-interface and/or exact process baseline needed for R3 is open.","Resolve the Step1X-3D licence conflict for EU commercial use first [S125][S126]; then: Run the likeness and rights review, then generate one reference image, one Step1X-3D mesh and one printed minimum-feature coupon","This is a portfolio planning assessment. Market score, C/R/K/lane and product-release evidence remain separate.",COMPLETE PORTFOLIO TRIAGE — NOT RELEASE APPROVAL,2026-08-31,1.0
RESEARCH:SKU-398,RESEARCH_IDEA,SKU-398,,Sprinter figure medal hanger,,Display race medals instead of leaving them in a drawer.,YES,79.0,75.8,C2 · R2 · K2 · Lane E · LOW_UNKNOWN,C2,R2,K2,E,W3 CONTROLLED,MEDIUM,R3 NOMINAL DESIGN INPUTS,,NO SPECIFIC CHILD ADDED IN THIS PASS,"Concept inputs exist, but the exact named-interface and/or exact process baseline needed for R3 is open.","Resolve the Step1X-3D licence conflict for EU commercial use first [S125][S126]; then: Run the likeness and rights review, then generate one reference image, one Step1X-3D mesh and one printed minimum-feature coupon","This is a portfolio planning assessment. Market score, C/R/K/lane and product-release evidence remain separate.",COMPLETE PORTFOLIO TRIAGE — NOT RELEASE APPROVAL,2026-08-31,1.0
RESEARCH:SKU-399,RESEARCH_IDEA,SKU-399,,Reading figure book weight,,Keep a cookbook or textbook open hands-free.,YES,83.0,76.0,C2 · R2 · K1 · Lane E · LOW_UNKNOWN,C2,R2,K1,E,W2 LOW-COMPLEXITY,MEDIUM,R3 NOMINAL DESIGN INPUTS,,NO SPECIFIC CHILD ADDED IN THIS PASS,"Concept inputs exist, but the exact named-interface and/or exact process baseline needed for R3 is open.","Resolve the Step1X-3D licence conflict for EU commercial use first [S125][S126]; then: Run the likeness and rights review, then generate one reference image, one Step1X-3D mesh and one printed minimum-feature coupon","This is a portfolio planning assessment. Market score, C/R/K/lane and product-release evidence remain separate.",COMPLETE PORTFOLIO TRIAGE — NOT RELEASE APPROVAL,2026-08-31,1.0
RESEARCH:SKU-400,RESEARCH_IDEA,SKU-400,,Dancer torso jewellery stand,,Store and display everyday jewellery on a dresser.,YES,80.0,80.0,C2 · R2 · K1 · Lane E · LOW_UNKNOWN,C2,R2,K1,E,W2 LOW-COMPLEXITY,MEDIUM,R3 NOMINAL DESIGN INPUTS,,NO SPECIFIC CHILD ADDED IN THIS PASS,"Concept inputs exist, but the exact named-interface and/or exact process baseline needed for R3 is open.","Resolve the Step1X-3D licence conflict for EU commercial use first [S125][S126]; then: Run the likeness and rights review, then generate one reference image, one Step1X-3D mesh and one printed minimum-feature coupon","This is a portfolio planning assessment. Market score, C/R/K/lane and product-release evidence remain separate.",COMPLETE PORTFOLIO TRIAGE — NOT RELEASE APPROVAL,2026-08-31,1.0
RESEARCH:SKU-401,RESEARCH_IDEA,SKU-401,,Spiral passive pendant diffuser shade,,"Convert a bare pendant bulb into a soft, designed light source without any electrical work.",YES,84.0,77.8,C2 · R2 · K2 · Lane E · LOW_UNKNOWN,C2,R2,K2,E,W3 CONTROLLED,MEDIUM,R3 NOMINAL DESIGN INPUTS,,NO SPECIFIC CHILD ADDED IN THIS PASS,"Concept inputs exist, but the exact named-interface and/or exact process baseline needed for R3 is open.","Resolve the Step1X-3D licence conflict for EU commercial use first [S125][S126]; then: Print one interface coupon for the insert, pot or keep-out, verify fit and stability, then decide the sealing and heat exclusions","This is a portfolio planning assessment. Market score, C/R/K/lane and product-release evidence remain separate.",COMPLETE PORTFOLIO TRIAGE — NOT RELEASE APPROVAL,2026-08-31,1.0
RESEARCH:SKU-402,RESEARCH_IDEA,SKU-402,,Neo-Deco fan-arch relief panel,,Add architectural texture to a bare wall without plaster or paint.,YES,76.0,86.0,C2 · R2 · K1 · Lane E · LOW_UNKNOWN,C2,R2,K1,E,W2 LOW-COMPLEXITY,MEDIUM,R3 NOMINAL DESIGN INPUTS,,NO SPECIFIC CHILD ADDED IN THIS PASS,"Concept inputs exist, but the exact named-interface and/or exact process baseline needed for R3 is open.","Resolve the Step1X-3D licence conflict for EU commercial use first [S125][S126]; then: Print one interface coupon for the insert, pot or keep-out, verify fit and stability, then decide the sealing and heat exclusions","This is a portfolio planning assessment. Market score, C/R/K/lane and product-release evidence remain separate.",COMPLETE PORTFOLIO TRIAGE — NOT RELEASE APPROVAL,2026-08-31,1.0
RESEARCH:SKU-403,RESEARCH_IDEA,SKU-403,,Adire-pattern planter sleeve,,Make a cheap plastic nursery pot presentable without repotting the plant.,YES,84.0,82.0,C2 · R2 · K1 · Lane E · LOW_UNKNOWN,C2,R2,K1,E,W2 LOW-COMPLEXITY,MEDIUM,R3 NOMINAL DESIGN INPUTS,,NO SPECIFIC CHILD ADDED IN THIS PASS,"Concept inputs exist, but the exact named-interface and/or exact process baseline needed for R3 is open.","Resolve the Step1X-3D licence conflict for EU commercial use first [S125][S126]; then: Print one interface coupon for the insert, pot or keep-out, verify fit and stability, then decide the sealing and heat exclusions","This is a portfolio planning assessment. Market score, C/R/K/lane and product-release evidence remain separate.",COMPLETE PORTFOLIO TRIAGE — NOT RELEASE APPROVAL,2026-08-31,1.0
RESEARCH:SKU-404,RESEARCH_IDEA,SKU-404,,Wick-type self-watering reservoir planter,,Keep a houseplant watered through a week away from home.,YES,80.0,78.0,C2 · R2 · K1 · Lane E · LOW_UNKNOWN,C2,R2,K1,E,W2 LOW-COMPLEXITY,MEDIUM,R3 NOMINAL DESIGN INPUTS,,NO SPECIFIC CHILD ADDED IN THIS PASS,"Concept inputs exist, but the exact named-interface and/or exact process baseline needed for R3 is open.","Resolve the Step1X-3D licence conflict for EU commercial use first [S125][S126]; then: Print one interface coupon for the insert, pot or keep-out, verify fit and stability, then decide the sealing and heat exclusions","This is a portfolio planning assessment. Market score, C/R/K/lane and product-release evidence remain separate.",COMPLETE PORTFOLIO TRIAGE — NOT RELEASE APPROVAL,2026-08-31,1.0
RESEARCH:SKU-405,RESEARCH_IDEA,SKU-405,,Iridescent facet bud vase (dry-only),,Show a single stem or a dried arrangement as a colour-shifting accent object.,YES,77.0,78.0,C2 · R2 · K1 · Lane E · LOW_UNKNOWN,C2,R2,K1,E,W2 LOW-COMPLEXITY,MEDIUM,R3 NOMINAL DESIGN INPUTS,,NO SPECIFIC CHILD ADDED IN THIS PASS,"Concept inputs exist, but the exact named-interface and/or exact process baseline needed for R3 is open.","Resolve the Step1X-3D licence conflict for EU commercial use first [S125][S126]; then: Print one interface coupon for the insert, pot or keep-out, verify fit and stability, then decide the sealing and heat exclusions","This is a portfolio planning assessment. Market score, C/R/K/lane and product-release evidence remain separate.",COMPLETE PORTFOLIO TRIAGE — NOT RELEASE APPROVAL,2026-08-31,1.0
RESEARCH:SKU-406,RESEARCH_IDEA,SKU-406,,LED tea-light grotto holder,,Give candle-like ambience safely in a rental or a child's room.,YES,83.0,75.8,C2 · R2 · K2 · Lane E · LOW_UNKNOWN,C2,R2,K2,E,W3 CONTROLLED,MEDIUM,R3 NOMINAL DESIGN INPUTS,,NO SPECIFIC CHILD ADDED IN THIS PASS,"Concept inputs exist, but the exact named-interface and/or exact process baseline needed for R3 is open.","Resolve the Step1X-3D licence conflict for EU commercial use first [S125][S126]; then: Print one interface coupon for the insert, pot or keep-out, verify fit and stability, then decide the sealing and heat exclusions","This is a portfolio planning assessment. Market score, C/R/K/lane and product-release evidence remain separate.",COMPLETE PORTFOLIO TRIAGE — NOT RELEASE APPROVAL,2026-08-31,1.0
RESEARCH:SKU-407,RESEARCH_IDEA,SKU-407,,Insect-wing wall relief trio,,Fill a wall gap with a nature-motif gallery set at low cost.,YES,76.0,84.0,C2 · R2 · K1 · Lane E · LOW_UNKNOWN,C2,R2,K1,E,W2 LOW-COMPLEXITY,MEDIUM,R3 NOMINAL DESIGN INPUTS,,NO SPECIFIC CHILD ADDED IN THIS PASS,"Concept inputs exist, but the exact named-interface and/or exact process baseline needed for R3 is open.","Resolve the Step1X-3D licence conflict for EU commercial use first [S125][S126]; then: Print one interface coupon for the insert, pot or keep-out, verify fit and stability, then decide the sealing and heat exclusions","This is a portfolio planning assessment. Market score, C/R/K/lane and product-release evidence remain separate.",COMPLETE PORTFOLIO TRIAGE — NOT RELEASE APPROVAL,2026-08-31,1.0
RESEARCH:SKU-408,RESEARCH_IDEA,SKU-408,,Modular stackable trinket tray set,,"Corral desk small items such as cables, clips, rings and dice without buying a large organizer.",YES,76.0,83.0,C2 · R2 · K1 · Lane E · LOW_UNKNOWN,C2,R2,K1,E,W2 LOW-COMPLEXITY,MEDIUM,R3 NOMINAL DESIGN INPUTS,,NO SPECIFIC CHILD ADDED IN THIS PASS,"Concept inputs exist, but the exact named-interface and/or exact process baseline needed for R3 is open.","Resolve the Step1X-3D licence conflict for EU commercial use first [S125][S126]; then: Print one interface coupon for the insert, pot or keep-out, verify fit and stability, then decide the sealing and heat exclusions","This is a portfolio planning assessment. Market score, C/R/K/lane and product-release evidence remain separate.",COMPLETE PORTFOLIO TRIAGE — NOT RELEASE APPROVAL,2026-08-31,1.0
RESEARCH:SKU-409,RESEARCH_IDEA,SKU-409,,Masquerade mask wall sculpture,,"Add a dramatic, theatrical focal piece to a wall.",YES,76.0,79.0,C1 · R2 · K1 · Lane E · LOW_UNKNOWN,C1,R2,K1,E,W2 LOW-COMPLEXITY,MEDIUM,R3 NOMINAL DESIGN INPUTS,,NO SPECIFIC CHILD ADDED IN THIS PASS,"Concept inputs exist, but the exact named-interface and/or exact process baseline needed for R3 is open.","Resolve the Step1X-3D licence conflict for EU commercial use first [S125][S126]; then: Print one interface coupon for the insert, pot or keep-out, verify fit and stability, then decide the sealing and heat exclusions","This is a portfolio planning assessment. Market score, C/R/K/lane and product-release evidence remain separate.",COMPLETE PORTFOLIO TRIAGE — NOT RELEASE APPROVAL,2026-08-31,1.0
RESEARCH:SKU-410,RESEARCH_IDEA,SKU-410,,Ribbed column pillar riser,,Give a shelf display height and a solid architectural anchor.,YES,80.0,80.8,C2 · R2 · K2 · Lane E · LOW_UNKNOWN,C2,R2,K2,E,W3 CONTROLLED,MEDIUM,R3 NOMINAL DESIGN INPUTS,,NO SPECIFIC CHILD ADDED IN THIS PASS,"Concept inputs exist, but the exact named-interface and/or exact process baseline needed for R3 is open.","Resolve the Step1X-3D licence conflict for EU commercial use first [S125][S126]; then: Print one interface coupon for the insert, pot or keep-out, verify fit and stability, then decide the sealing and heat exclusions","This is a portfolio planning assessment. Market score, C/R/K/lane and product-release evidence remain separate.",COMPLETE PORTFOLIO TRIAGE — NOT RELEASE APPROVAL,2026-08-31,1.0
RESEARCH:SKU-411,RESEARCH_IDEA,SKU-411,,Jelly-gloss catch-all bowl sculpture,,"Provide one sculptural bowl by the door for keys, cards and post.",YES,80.0,77.0,C2 · R2 · K1 · Lane E · LOW_UNKNOWN,C2,R2,K1,E,W2 LOW-COMPLEXITY,MEDIUM,R3 NOMINAL DESIGN INPUTS,,NO SPECIFIC CHILD ADDED IN THIS PASS,"Concept inputs exist, but the exact named-interface and/or exact process baseline needed for R3 is open.","Resolve the Step1X-3D licence conflict for EU commercial use first [S125][S126]; then: Print one interface coupon for the insert, pot or keep-out, verify fit and stability, then decide the sealing and heat exclusions","This is a portfolio planning assessment. Market score, C/R/K/lane and product-release evidence remain separate.",COMPLETE PORTFOLIO TRIAGE — NOT RELEASE APPROVAL,2026-08-31,1.0
RESEARCH:SKU-412,RESEARCH_IDEA,SKU-412,,Striped big-top pendant diffuser,,Give a child's room or a playful corner a statement light without rewiring.,YES,83.0,73.8,C2 · R2 · K2 · Lane E · LOW_UNKNOWN,C2,R2,K2,E,W3 CONTROLLED,MEDIUM,R3 NOMINAL DESIGN INPUTS,,NO SPECIFIC CHILD ADDED IN THIS PASS,"Concept inputs exist, but the exact named-interface and/or exact process baseline needed for R3 is open.","Resolve the Step1X-3D licence conflict for EU commercial use first [S125][S126]; then: Print one interface coupon for the insert, pot or keep-out, verify fit and stability, then decide the sealing and heat exclusions","This is a portfolio planning assessment. Market score, C/R/K/lane and product-release evidence remain separate.",COMPLETE PORTFOLIO TRIAGE — NOT RELEASE APPROVAL,2026-08-31,1.0
RESEARCH:SKU-413,RESEARCH_IDEA,SKU-413,,Lace-doily luminous light panel,,Provide a decorative privacy and light-play panel for a window or a niche.,YES,73.0,82.0,C2 · R2 · K1 · Lane E · LOW_UNKNOWN,C2,R2,K1,E,W2 LOW-COMPLEXITY,MEDIUM,R3 NOMINAL DESIGN INPUTS,,NO SPECIFIC CHILD ADDED IN THIS PASS,"Concept inputs exist, but the exact named-interface and/or exact process baseline needed for R3 is open.","Resolve the Step1X-3D licence conflict for EU commercial use first [S125][S126]; then: Print one interface coupon for the insert, pot or keep-out, verify fit and stability, then decide the sealing and heat exclusions","This is a portfolio planning assessment. Market score, C/R/K/lane and product-release evidence remain separate.",COMPLETE PORTFOLIO TRIAGE — NOT RELEASE APPROVAL,2026-08-31,1.0
RESEARCH:SKU-414,RESEARCH_IDEA,SKU-414,,Seasonal ornament frame and insert system,,Change seasonal decor without storing a box of single-use objects.,YES,76.0,82.0,C2 · R2 · K1 · Lane E · LOW_UNKNOWN,C2,R2,K1,E,W2 LOW-COMPLEXITY,MEDIUM,R3 NOMINAL DESIGN INPUTS,,NO SPECIFIC CHILD ADDED IN THIS PASS,"Concept inputs exist, but the exact named-interface and/or exact process baseline needed for R3 is open.","Resolve the Step1X-3D licence conflict for EU commercial use first [S125][S126]; then: Print one interface coupon for the insert, pot or keep-out, verify fit and stability, then decide the sealing and heat exclusions","This is a portfolio planning assessment. Market score, C/R/K/lane and product-release evidence remain separate.",COMPLETE PORTFOLIO TRIAGE — NOT RELEASE APPROVAL,2026-08-31,1.0
RESEARCH:SKU-501,RESEARCH_IDEA,SKU-501,SKU-130,IKEA BILLY 002.638.50 80 cm shelf gift-wrap roll end-support pair,,Stop dry gift-wrap rolls sliding or telescoping on one assembled IKEA BILLY 80 x 28 cm bookcase shelf using a removable end-support pair that does not modify the host.,YES,99.0,88.0,C2 · R3 · K1 · Lane B · CONDITIONAL,C2,R3,K1,B,W1 R3 NOMINAL — COUPON NEXT,R3+ ACHIEVED — PHYSICAL EVIDENCE NEXT,R4 INDEPENDENT / PHYSICAL VALIDATION,,EVIDENCE-BACKED SPECIFIC R3 CHILD,"IKEA publishes the article identity and its nominal outer dimensions only; inner span, panel thickness, assembly tolerance, shelf deflection, national variants and future article revisions are not published and must be gauged on one physical unit before any compatibility wording.","Print a 280 mm depth gauge and one end support, then measure the real inner shelf span of one assembled unit before any BILLY compatibility wording.","R3 applies only to this named variant and the cited nominal interface/process baseline. No physical fit, durability, demand, rights or commercial-release claim is inherited.",COMPLETE PORTFOLIO TRIAGE — NOT RELEASE APPROVAL,2026-08-31,1.0
RESEARCH:SKU-502,RESEARCH_IDEA,SKU-502,SKU-130,IKEA BILLY 502.638.38 40 cm shelf gift-wrap roll end-support pair,,Stop dry gift-wrap rolls sliding or telescoping on one assembled IKEA BILLY 40 x 28 cm bookcase shelf using a removable end-support pair that does not modify the host.,YES,99.0,88.0,C2 · R3 · K1 · Lane B · CONDITIONAL,C2,R3,K1,B,W1 R3 NOMINAL — COUPON NEXT,R3+ ACHIEVED — PHYSICAL EVIDENCE NEXT,R4 INDEPENDENT / PHYSICAL VALIDATION,,EVIDENCE-BACKED SPECIFIC R3 CHILD,"IKEA publishes the article identity and its nominal outer dimensions only; inner span, panel thickness, assembly tolerance, shelf deflection, national variants and future article revisions are not published and must be gauged on one physical unit before any compatibility wording.","Print a 280 mm depth gauge and one end support, then measure the real inner shelf span of one assembled unit before any BILLY compatibility wording.","R3 applies only to this named variant and the cited nominal interface/process baseline. No physical fit, durability, demand, rights or commercial-release claim is inherited.",COMPLETE PORTFOLIO TRIAGE — NOT RELEASE APPROVAL,2026-08-31,1.0
RESEARCH:SKU-503,RESEARCH_IDEA,SKU-503,SKU-130,IKEA IVAR 303.181.63 83 x 30 cm shelf gift-wrap roll end-support pair,,Stop dry gift-wrap rolls sliding or telescoping on one IKEA IVAR 83 x 30 cm pine shelf using a removable end-support pair that does not modify the host.,YES,99.0,88.0,C2 · R3 · K1 · Lane B · CONDITIONAL,C2,R3,K1,B,W1 R3 NOMINAL — COUPON NEXT,R3+ ACHIEVED — PHYSICAL EVIDENCE NEXT,R4 INDEPENDENT / PHYSICAL VALIDATION,,EVIDENCE-BACKED SPECIFIC R3 CHILD,"IKEA publishes the article identity and its nominal outer dimensions only; inner span, panel thickness, assembly tolerance, shelf deflection, national variants and future article revisions are not published and must be gauged on one physical unit before any compatibility wording. Solid pine also moves with humidity, so board thickness is a seasonal variable.","Print an 18 mm board-thickness gauge and one end support, then test grip and roll retention on one real IVAR board before any compatibility wording.","R3 applies only to this named variant and the cited nominal interface/process baseline. No physical fit, durability, demand, rights or commercial-release claim is inherited.",COMPLETE PORTFOLIO TRIAGE — NOT RELEASE APPROVAL,2026-08-31,1.0
RESEARCH:SKU-504,RESEARCH_IDEA,SKU-504,SKU-130,IKEA IVAR 803.181.65 83 x 50 cm shelf gift-wrap roll end-support pair,,Stop dry gift-wrap rolls sliding or telescoping on one deep IKEA IVAR 83 x 50 cm pine shelf using a removable end-support pair that does not modify the host.,YES,99.0,88.0,C2 · R3 · K1 · Lane B · CONDITIONAL,C2,R3,K1,B,W1 R3 NOMINAL — COUPON NEXT,R3+ ACHIEVED — PHYSICAL EVIDENCE NEXT,R4 INDEPENDENT / PHYSICAL VALIDATION,,EVIDENCE-BACKED SPECIFIC R3 CHILD,"IKEA publishes the article identity and its nominal outer dimensions only; inner span, panel thickness, assembly tolerance, shelf deflection, national variants and future article revisions are not published and must be gauged on one physical unit before any compatibility wording. Solid pine also moves with humidity, so board thickness is a seasonal variable.","Print an 18 mm board-thickness gauge and one two-row support, then test rear-row access on one real IVAR board before any compatibility wording.","R3 applies only to this named variant and the cited nominal interface/process baseline. No physical fit, durability, demand, rights or commercial-release claim is inherited.",COMPLETE PORTFOLIO TRIAGE — NOT RELEASE APPROVAL,2026-08-31,1.0
RESEARCH:SKU-505,RESEARCH_IDEA,SKU-505,SKU-130,IKEA IVAR 103.181.59 42 x 30 cm shelf gift-wrap roll end-support pair,,Stop dry gift-wrap rolls sliding or telescoping on one short IKEA IVAR 42 x 30 cm pine shelf using a removable end-support pair that does not modify the host.,YES,99.0,88.0,C2 · R3 · K1 · Lane B · CONDITIONAL,C2,R3,K1,B,W1 R3 NOMINAL — COUPON NEXT,R3+ ACHIEVED — PHYSICAL EVIDENCE NEXT,R4 INDEPENDENT / PHYSICAL VALIDATION,,EVIDENCE-BACKED SPECIFIC R3 CHILD,"IKEA publishes the article identity and its nominal outer dimensions only; inner span, panel thickness, assembly tolerance, shelf deflection, national variants and future article revisions are not published and must be gauged on one physical unit before any compatibility wording. Solid pine also moves with humidity, so board thickness is a seasonal variable.","Print an 18 mm board-thickness gauge and one end support, then confirm that a single 700 mm roll overhangs safely on one real IVAR board.","R3 applies only to this named variant and the cited nominal interface/process baseline. No physical fit, durability, demand, rights or commercial-release claim is inherited.",COMPLETE PORTFOLIO TRIAGE — NOT RELEASE APPROVAL,2026-08-31,1.0
RESEARCH:SKU-506,RESEARCH_IDEA,SKU-506,SKU-130,IKEA KALLAX 802.758.87 compartment gift-wrap roll cradle,,Hold short dry gift-wrap and craft rolls inside one IKEA KALLAX compartment on a removable cradle that leaves the host unmodified.,YES,99.0,88.0,C2 · R3 · K1 · Lane B · CONDITIONAL,C2,R3,K1,B,W1 R3 NOMINAL — COUPON NEXT,R3+ ACHIEVED — PHYSICAL EVIDENCE NEXT,R4 INDEPENDENT / PHYSICAL VALIDATION,,EVIDENCE-BACKED SPECIFIC R3 CHILD,"IKEA publishes the article identity and its nominal outer dimensions only; inner span, panel thickness, assembly tolerance, shelf deflection, national variants and future article revisions are not published and must be gauged on one physical unit before any compatibility wording. The 33 cm compartment figure is an official companion-product proxy, not a unit-specific cubby measurement.","Print 326.3/327.0/327.7 mm span gauges and one cradle, then verify free removal from one exact KALLAX unit before any compatibility wording.","R3 applies only to this named variant and the cited nominal interface/process baseline. No physical fit, durability, demand, rights or commercial-release claim is inherited.",COMPLETE PORTFOLIO TRIAGE — NOT RELEASE APPROVAL,2026-08-31,1.0
RESEARCH:SKU-507,RESEARCH_IDEA,SKU-507,SKU-112,DIN A6 105 x 148 postcard archive divider set,,Sort DIN A6 postcards by date or theme in a customer-owned dry drawer using labelled lanes cut to the ISO 216 A6 trimmed size.,YES,98.0,88.0,C2 · R3 · K1 · Lane B · CONDITIONAL,C2,R3,K1,B,W1 R3 NOMINAL — COUPON NEXT,R3+ ACHIEVED — PHYSICAL EVIDENCE NEXT,R4 INDEPENDENT / PHYSICAL VALIDATION,,EVIDENCE-BACKED SPECIFIC R3 CHILD,"The standard fixes the trimmed nominal format only; real media carries manufacturing tolerance, cover bow, corner wear, thickness variation and stack growth, which stay physical-test variables.","Print one A6 lane coupon and test snagging, tab legibility and single-handed retrieval with real postcards before any format wording.","R3 applies only to this named variant and the cited nominal interface/process baseline. No physical fit, durability, demand, rights or commercial-release claim is inherited.",COMPLETE PORTFOLIO TRIAGE — NOT RELEASE APPROVAL,2026-08-31,1.0
RESEARCH:SKU-508,RESEARCH_IDEA,SKU-508,SKU-112,DIN A5 148 x 210 archive divider set,,"Sort DIN A5 prints, certificates and folded keepsake paper by date or theme in a customer-owned dry drawer using labelled lanes cut to the ISO 216 A5 trimmed size.",YES,98.0,88.0,C2 · R3 · K1 · Lane B · CONDITIONAL,C2,R3,K1,B,W1 R3 NOMINAL — COUPON NEXT,R3+ ACHIEVED — PHYSICAL EVIDENCE NEXT,R4 INDEPENDENT / PHYSICAL VALIDATION,,EVIDENCE-BACKED SPECIFIC R3 CHILD,"The standard fixes the trimmed nominal format only; real media carries manufacturing tolerance, cover bow, corner wear, thickness variation and stack growth, which stay physical-test variables.","Print one A5 lane coupon and test bow, snagging and single-handed retrieval with real A5 media before any format wording.","R3 applies only to this named variant and the cited nominal interface/process baseline. No physical fit, durability, demand, rights or commercial-release claim is inherited.",COMPLETE PORTFOLIO TRIAGE — NOT RELEASE APPROVAL,2026-08-31,1.0
RESEARCH:SKU-509,RESEARCH_IDEA,SKU-509,SKU-112,DIN A7 74 x 105 archive divider set,,"Sort DIN A7 tickets, notes and small keepsake slips by date or theme in a customer-owned dry drawer using labelled lanes cut to the ISO 216 A7 trimmed size.",YES,98.0,88.0,C2 · R3 · K1 · Lane B · CONDITIONAL,C2,R3,K1,B,W1 R3 NOMINAL — COUPON NEXT,R3+ ACHIEVED — PHYSICAL EVIDENCE NEXT,R4 INDEPENDENT / PHYSICAL VALIDATION,,EVIDENCE-BACKED SPECIFIC R3 CHILD,"The standard fixes the trimmed nominal format only; real media carries manufacturing tolerance, cover bow, corner wear, thickness variation and stack growth, which stay physical-test variables.","Print one A7 lane coupon and test finger access, snagging and tab legibility with real slips before any format wording.","R3 applies only to this named variant and the cited nominal interface/process baseline. No physical fit, durability, demand, rights or commercial-release claim is inherited.",COMPLETE PORTFOLIO TRIAGE — NOT RELEASE APPROVAL,2026-08-31,1.0
RESEARCH:SKU-510,RESEARCH_IDEA,SKU-510,SKU-112,ISO C6 114 x 162 envelope archive divider set,,Sort filled or empty C6 correspondence envelopes by date or theme in a customer-owned dry drawer using labelled lanes cut to the ISO C6 nominal size.,YES,98.0,88.0,C2 · R3 · K1 · Lane B · CONDITIONAL,C2,R3,K1,B,W1 R3 NOMINAL — COUPON NEXT,R3+ ACHIEVED — PHYSICAL EVIDENCE NEXT,R4 INDEPENDENT / PHYSICAL VALIDATION,,EVIDENCE-BACKED SPECIFIC R3 CHILD,"The standard fixes the trimmed nominal format only; real media carries manufacturing tolerance, cover bow, corner wear, thickness variation and stack growth, which stay physical-test variables. Filled envelopes also gain uncontrolled thickness, so lane depth is sized for the empty nominal only.",Print one C6 lane coupon and test both empty and lightly filled envelopes for snagging and retrieval before any format wording.,"R3 applies only to this named variant and the cited nominal interface/process baseline. No physical fit, durability, demand, rights or commercial-release claim is inherited.",COMPLETE PORTFOLIO TRIAGE — NOT RELEASE APPROVAL,2026-08-31,1.0
RESEARCH:SKU-511,RESEARCH_IDEA,SKU-511,SKU-112,ISO DL 110 x 220 archive divider set,,"Sort DL correspondence envelopes, boarding documents and long folded keepsakes in a customer-owned dry drawer using labelled lanes cut to the DL nominal size.",YES,98.0,88.0,C2 · R3 · K1 · Lane B · CONDITIONAL,C2,R3,K1,B,W1 R3 NOMINAL — COUPON NEXT,R3+ ACHIEVED — PHYSICAL EVIDENCE NEXT,R4 INDEPENDENT / PHYSICAL VALIDATION,,EVIDENCE-BACKED SPECIFIC R3 CHILD,"The standard fixes the trimmed nominal format only; real media carries manufacturing tolerance, cover bow, corner wear, thickness variation and stack growth, which stay physical-test variables. Filled envelopes also gain uncontrolled thickness, so lane depth is sized for the empty nominal only.",Print one DL lane coupon and confirm that the 220 mm lane still fits the customer drawer before any format wording.,"R3 applies only to this named variant and the cited nominal interface/process baseline. No physical fit, durability, demand, rights or commercial-release claim is inherited.",COMPLETE PORTFOLIO TRIAGE — NOT RELEASE APPROVAL,2026-08-31,1.0
RESEARCH:SKU-512,RESEARCH_IDEA,SKU-512,SKU-112,instax mini 86 x 54 archive divider set,,Sort developed FUJIFILM instax mini prints by date or theme in a customer-owned dry drawer using labelled lanes cut to the published instax mini format.,YES,98.0,88.0,C2 · R3 · K1 · Lane B · CONDITIONAL,C2,R3,K1,B,W1 R3 NOMINAL — COUPON NEXT,R3+ ACHIEVED — PHYSICAL EVIDENCE NEXT,R4 INDEPENDENT / PHYSICAL VALIDATION,,EVIDENCE-BACKED SPECIFIC R3 CHILD,"No archival, fresh-development, chemical, UV or long-term storage claim; print flatness, emulsion tack and surface marking stay physical-test variables.",Print one 86 x 54 mm lane coupon and test fully developed dry prints for scuffing and single-handed retrieval.,"R3 applies only to this named variant and the cited nominal interface/process baseline. No physical fit, durability, demand, rights or commercial-release claim is inherited.",COMPLETE PORTFOLIO TRIAGE — NOT RELEASE APPROVAL,2026-08-31,1.0
RESEARCH:SKU-513,RESEARCH_IDEA,SKU-513,SKU-112,instax SQUARE 86 x 72 archive divider set,,Sort developed FUJIFILM instax SQUARE prints by date or theme in a customer-owned dry drawer using labelled lanes cut to the published instax SQUARE format.,YES,98.0,88.0,C2 · R3 · K1 · Lane B · CONDITIONAL,C2,R3,K1,B,W1 R3 NOMINAL — COUPON NEXT,R3+ ACHIEVED — PHYSICAL EVIDENCE NEXT,R4 INDEPENDENT / PHYSICAL VALIDATION,,EVIDENCE-BACKED SPECIFIC R3 CHILD,"No archival, fresh-development, chemical, UV or long-term storage claim; print flatness, emulsion tack and surface marking stay physical-test variables.",Print one 86 x 72 mm lane coupon and test fully developed dry prints for scuffing and single-handed retrieval.,"R3 applies only to this named variant and the cited nominal interface/process baseline. No physical fit, durability, demand, rights or commercial-release claim is inherited.",COMPLETE PORTFOLIO TRIAGE — NOT RELEASE APPROVAL,2026-08-31,1.0
RESEARCH:SKU-514,RESEARCH_IDEA,SKU-514,SKU-112,instax WIDE 108 x 86 archive divider set,,Sort developed FUJIFILM instax WIDE prints by date or theme in a customer-owned dry drawer using labelled lanes cut to the published instax WIDE format.,YES,98.0,88.0,C2 · R3 · K1 · Lane B · CONDITIONAL,C2,R3,K1,B,W1 R3 NOMINAL — COUPON NEXT,R3+ ACHIEVED — PHYSICAL EVIDENCE NEXT,R4 INDEPENDENT / PHYSICAL VALIDATION,,EVIDENCE-BACKED SPECIFIC R3 CHILD,"No archival, fresh-development, chemical, UV or long-term storage claim; print flatness, emulsion tack and surface marking stay physical-test variables.","Print one 108 x 86 mm lane coupon and test fully developed dry prints for bow, scuffing and retrieval.","R3 applies only to this named variant and the cited nominal interface/process baseline. No physical fit, durability, demand, rights or commercial-release claim is inherited.",COMPLETE PORTFOLIO TRIAGE — NOT RELEASE APPROVAL,2026-08-31,1.0
RESEARCH:SKU-515,RESEARCH_IDEA,SKU-515,SKU-112,Polaroid i-Type 107 x 88 archive divider set,,Sort developed Polaroid i-Type prints by date or theme in a customer-owned dry drawer using labelled lanes cut to the published Polaroid photo format.,YES,98.0,88.0,C2 · R3 · K1 · Lane B · CONDITIONAL,C2,R3,K1,B,W1 R3 NOMINAL — COUPON NEXT,R3+ ACHIEVED — PHYSICAL EVIDENCE NEXT,R4 INDEPENDENT / PHYSICAL VALIDATION,,EVIDENCE-BACKED SPECIFIC R3 CHILD,"No archival, fresh-development, chemical, UV or long-term storage claim; the thicker Polaroid frame, print flatness and surface marking stay physical-test variables.",Print one 107 x 88 mm lane coupon and test the thicker Polaroid frame for lane depth and retrieval.,"R3 applies only to this named variant and the cited nominal interface/process baseline. No physical fit, durability, demand, rights or commercial-release claim is inherited.",COMPLETE PORTFOLIO TRIAGE — NOT RELEASE APPROVAL,2026-08-31,1.0
RESEARCH:SKU-516,RESEARCH_IDEA,SKU-516,SKU-112,ISO/IEC 7810 ID-1 card archive divider set,,"Sort ID-1 format cards such as membership, loyalty and transit cards by category in a customer-owned dry drawer using labelled lanes cut to the ISO/IEC 7810 ID-1 nominal.",YES,98.0,88.0,C2 · R3 · K1 · Lane B · CONDITIONAL,C2,R3,K1,B,W1 R3 NOMINAL — COUPON NEXT,R3+ ACHIEVED — PHYSICAL EVIDENCE NEXT,R4 INDEPENDENT / PHYSICAL VALIDATION,,EVIDENCE-BACKED SPECIFIC R3 CHILD,"The standard fixes the trimmed nominal format only; real media carries manufacturing tolerance, cover bow, corner wear, thickness variation and stack growth, which stay physical-test variables. Embossed, contactless and thicker composite cards exceed the 0.76 mm nominal, and no identity, payment or data-protection function is implied.","Print one ID-1 lane coupon and test flat, embossed and contactless cards for lane depth and retrieval.","R3 applies only to this named variant and the cited nominal interface/process baseline. No physical fit, durability, demand, rights or commercial-release claim is inherited.",COMPLETE PORTFOLIO TRIAGE — NOT RELEASE APPROVAL,2026-08-31,1.0
RESEARCH:SKU-517,RESEARCH_IDEA,SKU-517,SKU-178,IKEA TJENA 603.954.85 18 x 25 x 15 keepsake-box fitted insert,,"Turn one IKEA TJENA 18 x 25 x 15 cm storage box into removable labelled compartments for tickets, photos and small mementos without altering or printing the box.",YES,98.0,88.8,C3 · R3 · K1 · Lane C · CONDITIONAL,C3,R3,K1,C,W1 R3 NOMINAL — COUPON NEXT,R3+ ACHIEVED — PHYSICAL EVIDENCE NEXT,R4 INDEPENDENT / PHYSICAL VALIDATION,,EVIDENCE-BACKED SPECIFIC R3 CHILD,"IKEA publishes the article identity and its nominal outer dimensions only; inner span, panel thickness, assembly tolerance, shelf deflection, national variants and future article revisions are not published and must be gauged on one physical unit before any compatibility wording. TJENA is a folded paperboard box, so the interior is compliant, slightly bowed and not dimensionally identical to the published outer size.","Build a minus/nominal/plus footprint gauge, then confirm the real folded interior of one TJENA box before any compatibility wording.","R3 applies only to this named variant and the cited nominal interface/process baseline. No physical fit, durability, demand, rights or commercial-release claim is inherited.",COMPLETE PORTFOLIO TRIAGE — NOT RELEASE APPROVAL,2026-08-31,1.0
RESEARCH:SKU-518,RESEARCH_IDEA,SKU-518,SKU-178,IKEA TJENA 303.954.77 25 x 35 x 20 keepsake-box fitted insert,,"Turn one IKEA TJENA 25 x 35 x 20 cm storage box into removable labelled compartments for tickets, photos and small mementos without altering or printing the box.",YES,98.0,86.8,C3 · R3 · K1 · Lane C · CONDITIONAL,C3,R3,K1,C,W1 R3 NOMINAL — COUPON NEXT,R3+ ACHIEVED — PHYSICAL EVIDENCE NEXT,R4 INDEPENDENT / PHYSICAL VALIDATION,,EVIDENCE-BACKED SPECIFIC R3 CHILD,"IKEA publishes the article identity and its nominal outer dimensions only; inner span, panel thickness, assembly tolerance, shelf deflection, national variants and future article revisions are not published and must be gauged on one physical unit before any compatibility wording. TJENA is a folded paperboard box, so the interior is compliant, slightly bowed and not dimensionally identical to the published outer size.","Build a minus/nominal/plus footprint gauge and one module seam, then confirm the real folded interior of one TJENA box.","R3 applies only to this named variant and the cited nominal interface/process baseline. No physical fit, durability, demand, rights or commercial-release claim is inherited.",COMPLETE PORTFOLIO TRIAGE — NOT RELEASE APPROVAL,2026-08-31,1.0
RESEARCH:SKU-519,RESEARCH_IDEA,SKU-519,SKU-178,IKEA SAMLA 701.029.72 5 l keepsake-box fitted insert,,"Turn one IKEA SAMLA 5 l transparent box into removable labelled compartments for tickets, photos and small mementos without altering the box.",YES,98.0,86.8,C3 · R3 · K1 · Lane C · CONDITIONAL,C3,R3,K1,C,W1 R3 NOMINAL — COUPON NEXT,R3+ ACHIEVED — PHYSICAL EVIDENCE NEXT,R4 INDEPENDENT / PHYSICAL VALIDATION,,EVIDENCE-BACKED SPECIFIC R3 CHILD,"IKEA publishes the article identity and its nominal outer dimensions only; inner span, panel thickness, assembly tolerance, shelf deflection, national variants and future article revisions are not published and must be gauged on one physical unit before any compatibility wording. SAMLA is an injection-moulded box with draft angles and radii, so the usable floor footprint is smaller than the published outer size.","Build a minus/nominal/plus floor gauge that follows the moulded draft, then confirm one real SAMLA box before any compatibility wording.","R3 applies only to this named variant and the cited nominal interface/process baseline. No physical fit, durability, demand, rights or commercial-release claim is inherited.",COMPLETE PORTFOLIO TRIAGE — NOT RELEASE APPROVAL,2026-08-31,1.0
RESEARCH:SKU-520,RESEARCH_IDEA,SKU-520,SKU-178,IKEA SAMLA 401.029.78 11 l keepsake-box fitted insert,,"Turn one IKEA SAMLA 11 l transparent box into removable labelled compartments for tickets, photos and small mementos without altering the box.",YES,98.0,86.8,C3 · R3 · K1 · Lane C · CONDITIONAL,C3,R3,K1,C,W1 R3 NOMINAL — COUPON NEXT,R3+ ACHIEVED — PHYSICAL EVIDENCE NEXT,R4 INDEPENDENT / PHYSICAL VALIDATION,,EVIDENCE-BACKED SPECIFIC R3 CHILD,"IKEA publishes the article identity and its nominal outer dimensions only; inner span, panel thickness, assembly tolerance, shelf deflection, national variants and future article revisions are not published and must be gauged on one physical unit before any compatibility wording. SAMLA is an injection-moulded box with draft angles and radii, so the usable floor footprint is smaller than the published outer size.","Build a minus/nominal/plus floor gauge and one module seam, then confirm one real SAMLA box before any compatibility wording.","R3 applies only to this named variant and the cited nominal interface/process baseline. No physical fit, durability, demand, rights or commercial-release claim is inherited.",COMPLETE PORTFOLIO TRIAGE — NOT RELEASE APPROVAL,2026-08-31,1.0
RESEARCH:SKU-521,RESEARCH_IDEA,SKU-521,SKU-178,IKEA MOPPE 402.163.57 keepsake drawer insert set,,Turn the drawers of one IKEA MOPPE 42 x 18 x 32 cm mini chest into labelled keepsake compartments without altering or finishing the chest.,YES,98.0,88.8,C3 · R3 · K1 · Lane C · CONDITIONAL,C3,R3,K1,C,W1 R3 NOMINAL — COUPON NEXT,R3+ ACHIEVED — PHYSICAL EVIDENCE NEXT,R4 INDEPENDENT / PHYSICAL VALIDATION,,EVIDENCE-BACKED SPECIFIC R3 CHILD,"IKEA publishes the article identity and its nominal outer dimensions only; inner span, panel thickness, assembly tolerance, shelf deflection, national variants and future article revisions are not published and must be gauged on one physical unit before any compatibility wording. IKEA does not publish MOPPE drawer interiors, so per-drawer width, depth and height must be gauged on one physical unit; untreated birch plywood also swells with humidity and with any customer finish.","Gauge one real MOPPE drawer interior in three axes, then print a minus/nominal/plus insert before any compatibility wording.","R3 applies only to this named variant and the cited nominal interface/process baseline. No physical fit, durability, demand, rights or commercial-release claim is inherited.",COMPLETE PORTFOLIO TRIAGE — NOT RELEASE APPROVAL,2026-08-31,1.0
RESEARCH:SKU-522,RESEARCH_IDEA,SKU-522,SKU-178,IKEA HELMER 006.199.02 keepsake drawer fitted insert,,"Turn one IKEA HELMER steel drawer into labelled keepsake compartments for tickets, photos and small mementos without altering the drawer unit.",YES,98.0,86.8,C3 · R3 · K1 · Lane C · CONDITIONAL,C3,R3,K1,C,W1 R3 NOMINAL — COUPON NEXT,R3+ ACHIEVED — PHYSICAL EVIDENCE NEXT,R4 INDEPENDENT / PHYSICAL VALIDATION,,EVIDENCE-BACKED SPECIFIC R3 CHILD,"IKEA publishes the article identity and its nominal outer dimensions only; inner span, panel thickness, assembly tolerance, shelf deflection, national variants and future article revisions are not published and must be gauged on one physical unit before any compatibility wording. The published interior is a nominal for a folded steel drawer; corner radii, usable height and the 1 kg per-drawer load limit still bound the design.",Print a 220 x 370 mm minus/nominal/plus footprint gauge and confirm corner radii and usable height on one real HELMER drawer.,"R3 applies only to this named variant and the cited nominal interface/process baseline. No physical fit, durability, demand, rights or commercial-release claim is inherited.",COMPLETE PORTFOLIO TRIAGE — NOT RELEASE APPROVAL,2026-08-31,1.0
RESEARCH:SKU-523,RESEARCH_IDEA,SKU-523,SKU-200,ISO/IEC 7810 ID-1 card leaving-home token station,,"Move ID-1 format cards such as transit, gym and access cards between a to-do and a ready column so an adult can see at a glance which cards are packed.",YES,98.0,84.8,C3 · R3 · K1 · Lane C · CONDITIONAL,C3,R3,K1,C,W1 R3 NOMINAL — COUPON NEXT,R3+ ACHIEVED — PHYSICAL EVIDENCE NEXT,R4 INDEPENDENT / PHYSICAL VALIDATION,,EVIDENCE-BACKED SPECIFIC R3 CHILD,"The standard fixes the trimmed nominal format only; real media carries manufacturing tolerance, cover bow, corner wear, thickness variation and stack growth, which stay physical-test variables. Embossed, contactless and thicker composite cards exceed the 0.76 mm nominal; no identity, payment, RF-performance or data-protection function is implied.","Print one to-do/ready bay pair and test flat, embossed and contactless cards for one-handed movement and retention.","R3 applies only to this named variant and the cited nominal interface/process baseline. No physical fit, durability, demand, rights or commercial-release claim is inherited.",COMPLETE PORTFOLIO TRIAGE — NOT RELEASE APPROVAL,2026-08-31,1.0
RESEARCH:SKU-524,RESEARCH_IDEA,SKU-524,SKU-200,ICAO 9303 TD3 passport leaving-home token station,,Move one TD3 format passport booklet between a to-do and a ready column so an adult can confirm travel documents before leaving home.,YES,98.0,88.8,C3 · R3 · K1 · Lane C · CONDITIONAL,C3,R3,K1,C,W1 R3 NOMINAL — COUPON NEXT,R3+ ACHIEVED — PHYSICAL EVIDENCE NEXT,R4 INDEPENDENT / PHYSICAL VALIDATION,,EVIDENCE-BACKED SPECIFIC R3 CHILD,"ICAO fixes the planform only; booklet spine thickness, cover swell, protective sleeves and national variants are not standardised. No security, tamper-evidence, screening, privacy or document-protection function is implied.",Print one to-do/ready bay pair and measure closed spine thickness on three real booklets before setting the bay depth.,"R3 applies only to this named variant and the cited nominal interface/process baseline. No physical fit, durability, demand, rights or commercial-release claim is inherited.",COMPLETE PORTFOLIO TRIAGE — NOT RELEASE APPROVAL,2026-08-31,1.0
RESEARCH:SKU-525,RESEARCH_IDEA,SKU-525,SKU-200,AirTag 2nd-generation leaving-home token station,,Park a named Apple AirTag tracker in a to-do or ready bay so an adult can see whether a tagged item is packed before leaving home.,YES,98.0,84.8,C3 · R3 · K1 · Lane C · CONDITIONAL,C3,R3,K1,C,W1 R3 NOMINAL — COUPON NEXT,R3+ ACHIEVED — PHYSICAL EVIDENCE NEXT,R4 INDEPENDENT / PHYSICAL VALIDATION,,EVIDENCE-BACKED SPECIFIC R3 CHILD,"Apple nominal specification only; no case, keyring holder, battery-door protrusion, RF-performance, tracking-function, water-resistance or child-use claim is covered, and Apple trademark rules require release review.",Print one recess coupon from the published tracker nominal and test one real tracker for free placement and retention.,"R3 applies only to this named variant and the cited nominal interface/process baseline. No physical fit, durability, demand, rights or commercial-release claim is inherited.",COMPLETE PORTFOLIO TRIAGE — NOT RELEASE APPROVAL,2026-08-31,1.0
RESEARCH:SKU-526,RESEARCH_IDEA,SKU-526,SKU-200,Euro circulation-coin leaving-home token station,,"Park a defined euro coin float in a to-do or ready column so an adult can confirm deposit, locker and trolley coins before leaving home.",YES,98.0,84.8,C3 · R3 · K1 · Lane C · CONDITIONAL,C3,R3,K1,C,W1 R3 NOMINAL — COUPON NEXT,R3+ ACHIEVED — PHYSICAL EVIDENCE NEXT,R4 INDEPENDENT / PHYSICAL VALIDATION,,EVIDENCE-BACKED SPECIFIC R3 CHILD,"Published nominal specifications only. Only currently issued circulating denominations are in scope; worn, foreign, commemorative, bimetallic-damaged and pre-issue coins are excluded, and no authentication, counting or secure-storage function is implied.",Print the two closest-diameter recesses and confirm that circulating coins cannot cross-enter before any denomination wording.,"R3 applies only to this named variant and the cited nominal interface/process baseline. No physical fit, durability, demand, rights or commercial-release claim is inherited.",COMPLETE PORTFOLIO TRIAGE — NOT RELEASE APPROVAL,2026-08-31,1.0
RESEARCH:SKU-527,RESEARCH_IDEA,SKU-527,SKU-200,DIN A7 74 x 105 checklist-card token station,,Move printed A7 checklist cards between a to-do and a ready column so a household can reconfigure its leaving-home routine without reprinting the station.,YES,98.0,84.8,C3 · R3 · K1 · Lane C · CONDITIONAL,C3,R3,K1,C,W1 R3 NOMINAL — COUPON NEXT,R3+ ACHIEVED — PHYSICAL EVIDENCE NEXT,R4 INDEPENDENT / PHYSICAL VALIDATION,,EVIDENCE-BACKED SPECIFIC R3 CHILD,"The standard fixes the trimmed nominal format only; real media carries manufacturing tolerance, cover bow, corner wear, thickness variation and stack growth, which stay physical-test variables. Card stiffness, laminate thickness and stack growth are customer-side variables; no medical, cognitive or guaranteed-loss-prevention function is implied.",Print one to-do/ready bay pair and test 160 g and laminated cards for one-handed movement and legibility.,"R3 applies only to this named variant and the cited nominal interface/process baseline. No physical fit, durability, demand, rights or commercial-release claim is inherited.",COMPLETE PORTFOLIO TRIAGE — NOT RELEASE APPROVAL,2026-08-31,1.0
RESEARCH:SKU-528,RESEARCH_IDEA,SKU-528,SKU-200,DIN A6 105 x 148 checklist-card token station,,"Move printed A6 checklist cards between a to-do and a ready column so a shared household can run a larger, more legible leaving-home routine.",YES,98.0,84.8,C3 · R3 · K1 · Lane C · CONDITIONAL,C3,R3,K1,C,W1 R3 NOMINAL — COUPON NEXT,R3+ ACHIEVED — PHYSICAL EVIDENCE NEXT,R4 INDEPENDENT / PHYSICAL VALIDATION,,EVIDENCE-BACKED SPECIFIC R3 CHILD,"The standard fixes the trimmed nominal format only; real media carries manufacturing tolerance, cover bow, corner wear, thickness variation and stack growth, which stay physical-test variables. Card stiffness, laminate thickness and stack growth are customer-side variables; no medical, cognitive or guaranteed-loss-prevention function is implied.",Print one to-do/ready bay pair and confirm that an A6 card stays legible and stable at the chosen rake angle.,"R3 applies only to this named variant and the cited nominal interface/process baseline. No physical fit, durability, demand, rights or commercial-release claim is inherited.",COMPLETE PORTFOLIO TRIAGE — NOT RELEASE APPROVAL,2026-08-31,1.0
RESEARCH:SKU-529,RESEARCH_IDEA,SKU-529,SKU-133,USB Type-C plug labeled cable-winder cassette,,Store several wound low-voltage USB Type-C leads in a compact labelled travel cassette whose connector bays are cut to the USB-IF Type-C plug envelope.,YES,97.0,88.8,C3 · R3 · K1 · Lane C · CONDITIONAL,C3,R3,K1,C,W1 R3 NOMINAL — COUPON NEXT,R3+ ACHIEVED — PHYSICAL EVIDENCE NEXT,R4 INDEPENDENT / PHYSICAL VALIDATION,,EVIDENCE-BACKED SPECIFIC R3 CHILD,"USB-IF fixes the connector envelope only; cable jacket diameter, strain-relief overmould, minimum bend radius and third-party connector housings vary by cable product and remain physical-test variables.","Print one Type-C bay and spool segment and test three real cables for bend radius, retention and lid clearance.","R3 applies only to this named variant and the cited nominal interface/process baseline. No physical fit, durability, demand, rights or commercial-release claim is inherited.",COMPLETE PORTFOLIO TRIAGE — NOT RELEASE APPROVAL,2026-08-31,1.0
RESEARCH:SKU-530,RESEARCH_IDEA,SKU-530,SKU-133,USB Standard-A plug labeled cable-winder cassette,,Store several wound low-voltage USB Standard-A leads in a compact labelled travel cassette whose connector bays are cut to the USB-IF Standard-A plug envelope.,YES,97.0,88.8,C3 · R3 · K1 · Lane C · CONDITIONAL,C3,R3,K1,C,W1 R3 NOMINAL — COUPON NEXT,R3+ ACHIEVED — PHYSICAL EVIDENCE NEXT,R4 INDEPENDENT / PHYSICAL VALIDATION,,EVIDENCE-BACKED SPECIFIC R3 CHILD,"USB-IF fixes the connector envelope only; cable jacket diameter, strain-relief overmould, minimum bend radius and third-party connector housings vary by cable product and remain physical-test variables.","Print one Standard-A bay and spool segment and test three real cables for bend radius, retention and lid clearance.","R3 applies only to this named variant and the cited nominal interface/process baseline. No physical fit, durability, demand, rights or commercial-release claim is inherited.",COMPLETE PORTFOLIO TRIAGE — NOT RELEASE APPROVAL,2026-08-31,1.0
RESEARCH:SKU-531,RESEARCH_IDEA,SKU-531,SKU-133,USB Standard-B plug labeled cable-winder cassette,,Store wound low-voltage USB Standard-B printer and instrument leads in a compact labelled cassette whose connector bays are cut to the USB-IF Standard-B plug envelope.,YES,97.0,88.8,C3 · R3 · K1 · Lane C · CONDITIONAL,C3,R3,K1,C,W1 R3 NOMINAL — COUPON NEXT,R3+ ACHIEVED — PHYSICAL EVIDENCE NEXT,R4 INDEPENDENT / PHYSICAL VALIDATION,,EVIDENCE-BACKED SPECIFIC R3 CHILD,"USB-IF fixes the connector envelope only; cable jacket diameter, strain-relief overmould, minimum bend radius and third-party connector housings vary by cable product and remain physical-test variables. Standard-B shells vary between printer, audio-interface and industrial cable products more than the flat USB types.",Print one Standard-B bay and measure three real plug shells before fixing the bay depth.,"R3 applies only to this named variant and the cited nominal interface/process baseline. No physical fit, durability, demand, rights or commercial-release claim is inherited.",COMPLETE PORTFOLIO TRIAGE — NOT RELEASE APPROVAL,2026-08-31,1.0
RESEARCH:SKU-532,RESEARCH_IDEA,SKU-532,SKU-133,USB Mini-B plug labeled cable-winder cassette,,Store wound low-voltage USB Mini-B legacy leads in a compact labelled cassette whose connector bays are cut to the USB-IF Mini-B plug envelope.,YES,97.0,88.8,C3 · R3 · K1 · Lane C · CONDITIONAL,C3,R3,K1,C,W1 R3 NOMINAL — COUPON NEXT,R3+ ACHIEVED — PHYSICAL EVIDENCE NEXT,R4 INDEPENDENT / PHYSICAL VALIDATION,,EVIDENCE-BACKED SPECIFIC R3 CHILD,"USB-IF fixes the connector envelope only; cable jacket diameter, strain-relief overmould, minimum bend radius and third-party connector housings vary by cable product and remain physical-test variables. Mini-B is a legacy connector with several historical shell variants, so one named cable product should set the working nominal.",Print one Mini-B bay and confirm the nominal against one named current cable product before any compatibility wording.,"R3 applies only to this named variant and the cited nominal interface/process baseline. No physical fit, durability, demand, rights or commercial-release claim is inherited.",COMPLETE PORTFOLIO TRIAGE — NOT RELEASE APPROVAL,2026-08-31,1.0
RESEARCH:SKU-533,RESEARCH_IDEA,SKU-533,SKU-133,USB Micro-B plug labeled cable-winder cassette,,Store wound low-voltage USB Micro-B leads in a compact labelled cassette whose connector bays are cut to the USB-IF Micro-B plug envelope.,YES,97.0,88.8,C3 · R3 · K1 · Lane C · CONDITIONAL,C3,R3,K1,C,W1 R3 NOMINAL — COUPON NEXT,R3+ ACHIEVED — PHYSICAL EVIDENCE NEXT,R4 INDEPENDENT / PHYSICAL VALIDATION,,EVIDENCE-BACKED SPECIFIC R3 CHILD,"USB-IF fixes the connector envelope only; cable jacket diameter, strain-relief overmould, minimum bend radius and third-party connector housings vary by cable product and remain physical-test variables.","Print one Micro-B bay and spool segment and test three real cables for bend radius, retention and lid clearance.","R3 applies only to this named variant and the cited nominal interface/process baseline. No physical fit, durability, demand, rights or commercial-release claim is inherited.",COMPLETE PORTFOLIO TRIAGE — NOT RELEASE APPROVAL,2026-08-31,1.0
RESEARCH:SKU-534,RESEARCH_IDEA,SKU-534,SKU-171,ISO/IEC 7810 ID-1 card valet pod,,Give each household member a named pod that holds ID-1 format cards upright and reachable in a freestanding entryway valet tray.,YES,97.0,84.0,C2 · R3 · K1 · Lane B · CONDITIONAL,C2,R3,K1,B,W1 R3 NOMINAL — COUPON NEXT,R3+ ACHIEVED — PHYSICAL EVIDENCE NEXT,R4 INDEPENDENT / PHYSICAL VALIDATION,,EVIDENCE-BACKED SPECIFIC R3 CHILD,"The standard fixes the trimmed nominal format only; real media carries manufacturing tolerance, cover bow, corner wear, thickness variation and stack growth, which stay physical-test variables. Embossed, contactless and thicker composite cards exceed the 0.76 mm nominal; no identity, payment or data-protection function is implied.","Print one card pod and connector seam and test flat, embossed and contactless cards for single-handed pickup.","R3 applies only to this named variant and the cited nominal interface/process baseline. No physical fit, durability, demand, rights or commercial-release claim is inherited.",COMPLETE PORTFOLIO TRIAGE — NOT RELEASE APPROVAL,2026-08-31,1.0
RESEARCH:SKU-535,RESEARCH_IDEA,SKU-535,SKU-171,ICAO 9303 TD3 passport valet pod,,Give a household a named pod that parks TD3 passport booklets flat and visible in a freestanding entryway valet tray before a trip.,YES,97.0,84.0,C2 · R3 · K1 · Lane B · CONDITIONAL,C2,R3,K1,B,W1 R3 NOMINAL — COUPON NEXT,R3+ ACHIEVED — PHYSICAL EVIDENCE NEXT,R4 INDEPENDENT / PHYSICAL VALIDATION,,EVIDENCE-BACKED SPECIFIC R3 CHILD,"ICAO fixes the planform only; booklet spine thickness, cover swell, protective sleeves and national variants are not standardised. No security, screening, privacy or document-protection function is implied.",Print one booklet pod and measure closed spine thickness on three real booklets before setting the pod depth.,"R3 applies only to this named variant and the cited nominal interface/process baseline. No physical fit, durability, demand, rights or commercial-release claim is inherited.",COMPLETE PORTFOLIO TRIAGE — NOT RELEASE APPROVAL,2026-08-31,1.0
RESEARCH:SKU-536,RESEARCH_IDEA,SKU-536,SKU-171,AirTag 2nd-generation valet pod,,Give each household member a named open-top pod that parks an Apple AirTag tracker visibly in a freestanding entryway valet tray.,YES,97.0,84.0,C2 · R3 · K1 · Lane B · CONDITIONAL,C2,R3,K1,B,W1 R3 NOMINAL — COUPON NEXT,R3+ ACHIEVED — PHYSICAL EVIDENCE NEXT,R4 INDEPENDENT / PHYSICAL VALIDATION,,EVIDENCE-BACKED SPECIFIC R3 CHILD,"Apple nominal specification only; no case, keyring holder, battery-door protrusion, RF-performance, tracking-function, water-resistance or child-use claim is covered, and Apple trademark rules require release review.",Print one recess coupon from the published tracker nominal and test one real tracker for free placement and pickup.,"R3 applies only to this named variant and the cited nominal interface/process baseline. No physical fit, durability, demand, rights or commercial-release claim is inherited.",COMPLETE PORTFOLIO TRIAGE — NOT RELEASE APPROVAL,2026-08-31,1.0
RESEARCH:SKU-537,RESEARCH_IDEA,SKU-537,SKU-171,Euro circulation-coin valet pod,,Give each household member a named pod that separates a small euro coin float by denomination in a freestanding entryway valet tray.,YES,97.0,84.0,C2 · R3 · K1 · Lane B · CONDITIONAL,C2,R3,K1,B,W1 R3 NOMINAL — COUPON NEXT,R3+ ACHIEVED — PHYSICAL EVIDENCE NEXT,R4 INDEPENDENT / PHYSICAL VALIDATION,,EVIDENCE-BACKED SPECIFIC R3 CHILD,"Published nominal specifications only. Only currently issued circulating denominations are in scope; worn, foreign, commemorative, bimetallic-damaged and pre-issue coins are excluded, and no authentication, counting or secure-storage function is implied.",Print the two closest-diameter recesses and confirm that circulating coins cannot cross-enter before any denomination wording.,"R3 applies only to this named variant and the cited nominal interface/process baseline. No physical fit, durability, demand, rights or commercial-release claim is inherited.",COMPLETE PORTFOLIO TRIAGE — NOT RELEASE APPROVAL,2026-08-31,1.0
RESEARCH:SKU-538,RESEARCH_IDEA,SKU-538,SKU-171,iPhone 17 Pro no-case valet pod,,Give one household member a named pod that parks an uncased iPhone 17 Pro flat in a freestanding entryway valet tray with Apple-defined keep-outs left open.,YES,97.0,88.0,C2 · R3 · K1 · Lane B · CONDITIONAL,C2,R3,K1,B,W1 R3 NOMINAL — COUPON NEXT,R3+ ACHIEVED — PHYSICAL EVIDENCE NEXT,R4 INDEPENDENT / PHYSICAL VALIDATION,,EVIDENCE-BACKED SPECIFIC R3 CHILD,"Apple nominal drawing only; no case, skin, tolerance stack, charging, damaged device or future revision is covered, and Apple's terms and trademark rules require release review.",Print a drawing-derived keep-out coupon and test the exact uncased device for free placement and pickup.,"R3 applies only to this named variant and the cited nominal interface/process baseline. No physical fit, durability, demand, rights or commercial-release claim is inherited.",COMPLETE PORTFOLIO TRIAGE — NOT RELEASE APPROVAL,2026-08-31,1.0
RESEARCH:SKU-539,RESEARCH_IDEA,SKU-539,SKU-171,instax mini print valet pod,,Give a household a named pod that keeps a small set of developed FUJIFILM instax mini prints upright and visible in a freestanding entryway valet tray.,YES,97.0,84.0,C2 · R3 · K1 · Lane B · CONDITIONAL,C2,R3,K1,B,W1 R3 NOMINAL — COUPON NEXT,R3+ ACHIEVED — PHYSICAL EVIDENCE NEXT,R4 INDEPENDENT / PHYSICAL VALIDATION,,EVIDENCE-BACKED SPECIFIC R3 CHILD,"No archival, fresh-development, chemical, UV or long-term storage claim; print flatness, emulsion tack and surface marking stay physical-test variables.","Print one photo pod and test fully developed dry prints for scuffing, rake stability and single-handed pickup.","R3 applies only to this named variant and the cited nominal interface/process baseline. No physical fit, durability, demand, rights or commercial-release claim is inherited.",COMPLETE PORTFOLIO TRIAGE — NOT RELEASE APPROVAL,2026-08-31,1.0
RESEARCH:SKU-540,RESEARCH_IDEA,SKU-540,SKU-173,Euro circulation-coin pocket-emptying tray with coin slope,,Let an adult sweep euro circulating coins out of a rounded pocket into denomination-separated open recesses on a modular desk or entryway tray.,YES,97.0,86.0,C2 · R3 · K1 · Lane B · CONDITIONAL,C2,R3,K1,B,W1 R3 NOMINAL — COUPON NEXT,R3+ ACHIEVED — PHYSICAL EVIDENCE NEXT,R4 INDEPENDENT / PHYSICAL VALIDATION,,EVIDENCE-BACKED SPECIFIC R3 CHILD,"Published nominal specifications only. Only currently issued circulating denominations are in scope; worn, foreign, commemorative, bimetallic-damaged and pre-issue coins are excluded, and no authentication, counting or secure-storage function is implied.",Print the 10c/5c and 1 EUR/50c recess pairs and confirm that circulating coins cannot cross-enter before any denomination wording.,"R3 applies only to this named variant and the cited nominal interface/process baseline. No physical fit, durability, demand, rights or commercial-release claim is inherited.",COMPLETE PORTFOLIO TRIAGE — NOT RELEASE APPROVAL,2026-08-31,1.0
RESEARCH:SKU-541,RESEARCH_IDEA,SKU-541,SKU-173,Swiss franc circulation-coin pocket-emptying tray with coin slope,,Let an adult sweep Swiss franc circulating coins out of a rounded pocket into denomination-separated open recesses on a modular desk or entryway tray.,YES,97.0,86.0,C2 · R3 · K1 · Lane B · CONDITIONAL,C2,R3,K1,B,W1 R3 NOMINAL — COUPON NEXT,R3+ ACHIEVED — PHYSICAL EVIDENCE NEXT,R4 INDEPENDENT / PHYSICAL VALIDATION,,EVIDENCE-BACKED SPECIFIC R3 CHILD,"Published nominal specifications only. Only currently issued circulating denominations are in scope; worn, foreign, commemorative, bimetallic-damaged and pre-issue coins are excluded, and no authentication, counting or secure-storage function is implied.",Print the 50 Rp/5 Rp and 1 CHF/20 Rp recess pairs and confirm that circulating coins cannot cross-enter.,"R3 applies only to this named variant and the cited nominal interface/process baseline. No physical fit, durability, demand, rights or commercial-release claim is inherited.",COMPLETE PORTFOLIO TRIAGE — NOT RELEASE APPROVAL,2026-08-31,1.0
RESEARCH:SKU-542,RESEARCH_IDEA,SKU-542,SKU-173,UK sterling circulation-coin pocket-emptying tray with coin slope,,Let an adult sweep UK sterling circulating coins out of a rounded pocket into denomination-separated open recesses on a modular desk or entryway tray.,YES,97.0,86.0,C2 · R3 · K1 · Lane B · CONDITIONAL,C2,R3,K1,B,W1 R3 NOMINAL — COUPON NEXT,R3+ ACHIEVED — PHYSICAL EVIDENCE NEXT,R4 INDEPENDENT / PHYSICAL VALIDATION,,EVIDENCE-BACKED SPECIFIC R3 CHILD,"Published nominal specifications only; bronze and plated-steel issues differ in thickness. Only currently issued circulating denominations are in scope; worn, foreign, commemorative, bimetallic-damaged and pre-issue coins are excluded, and no authentication, counting or secure-storage function is implied.",Print the heptagonal 20p and 50p recesses and confirm free rotation-independent entry before any denomination wording.,"R3 applies only to this named variant and the cited nominal interface/process baseline. No physical fit, durability, demand, rights or commercial-release claim is inherited.",COMPLETE PORTFOLIO TRIAGE — NOT RELEASE APPROVAL,2026-08-31,1.0
RESEARCH:SKU-543,RESEARCH_IDEA,SKU-543,SKU-173,US circulating-coin pocket-emptying tray with coin slope,,Let an adult sweep US circulating coins out of a rounded pocket into denomination-separated open recesses on a modular desk or entryway tray.,YES,97.0,86.0,C2 · R3 · K1 · Lane B · CONDITIONAL,C2,R3,K1,B,W1 R3 NOMINAL — COUPON NEXT,R3+ ACHIEVED — PHYSICAL EVIDENCE NEXT,R4 INDEPENDENT / PHYSICAL VALIDATION,,EVIDENCE-BACKED SPECIFIC R3 CHILD,"Published nominal specifications only. Only currently issued circulating denominations are in scope; worn, foreign, commemorative, bimetallic-damaged and pre-issue coins are excluded, and no authentication, counting or secure-storage function is implied.",Print the cent/nickel recess pair and confirm that circulating coins cannot cross-enter before any denomination wording.,"R3 applies only to this named variant and the cited nominal interface/process baseline. No physical fit, durability, demand, rights or commercial-release claim is inherited.",COMPLETE PORTFOLIO TRIAGE — NOT RELEASE APPROVAL,2026-08-31,1.0
RESEARCH:SKU-544,RESEARCH_IDEA,SKU-544,SKU-173,Japanese yen circulation-coin pocket-emptying tray with coin slope,,Let an adult sweep Japanese yen circulating coins out of a rounded pocket into denomination-separated open recesses on a modular desk or entryway tray.,YES,97.0,86.0,C2 · R3 · K1 · Lane B · CONDITIONAL,C2,R3,K1,B,W1 R3 NOMINAL — COUPON NEXT,R3+ ACHIEVED — PHYSICAL EVIDENCE NEXT,R4 INDEPENDENT / PHYSICAL VALIDATION,,EVIDENCE-BACKED SPECIFIC R3 CHILD,"Published nominal diameters only; Japan Mint does not publish every thickness on the same page, so recess depth must be set from a measured coupon. Only currently issued circulating denominations are in scope; worn, foreign, commemorative, bimetallic-damaged and pre-issue coins are excluded, and no authentication, counting or secure-storage function is implied.","Measure the thickness of one coin per denomination, then print the 1 yen/50 yen recess pair and confirm separation.","R3 applies only to this named variant and the cited nominal interface/process baseline. No physical fit, durability, demand, rights or commercial-release claim is inherited.",COMPLETE PORTFOLIO TRIAGE — NOT RELEASE APPROVAL,2026-08-31,1.0
RESEARCH:SKU-545,RESEARCH_IDEA,SKU-545,SKU-001,IKEA HELMER 006.199.02 drawer grid organizer,,Turn one IKEA HELMER steel drawer into a zero-waste labelled cell grid for a customer item list without altering the drawer unit.,YES,96.0,84.8,C3 · R3 · K1 · Lane C · CONDITIONAL,C3,R3,K1,C,W1 R3 NOMINAL — COUPON NEXT,R3+ ACHIEVED — PHYSICAL EVIDENCE NEXT,R4 INDEPENDENT / PHYSICAL VALIDATION,,EVIDENCE-BACKED SPECIFIC R3 CHILD,"IKEA publishes the article identity and its nominal outer dimensions only; inner span, panel thickness, assembly tolerance, shelf deflection, national variants and future article revisions are not published and must be gauged on one physical unit before any compatibility wording. The published interior is a nominal for a folded steel drawer; corner radii, usable height and the 1 kg per-drawer load limit still bound the design.",Print a 220 x 370 mm minus/nominal/plus gauge and confirm corner radii and usable height on one real HELMER drawer.,"R3 applies only to this named variant and the cited nominal interface/process baseline. No physical fit, durability, demand, rights or commercial-release claim is inherited.",COMPLETE PORTFOLIO TRIAGE — NOT RELEASE APPROVAL,2026-08-31,1.0
RESEARCH:SKU-546,RESEARCH_IDEA,SKU-546,SKU-001,IKEA MAXIMERA 903.193.48 medium 60 x 60 drawer grid organizer,,Turn one IKEA MAXIMERA medium 60 x 60 cm kitchen drawer into a zero-waste labelled cell grid for a customer item list without altering the drawer.,YES,96.0,84.8,C3 · R3 · K1 · Lane C · CONDITIONAL,C3,R3,K1,C,W1 R3 NOMINAL — COUPON NEXT,R3+ ACHIEVED — PHYSICAL EVIDENCE NEXT,R4 INDEPENDENT / PHYSICAL VALIDATION,,EVIDENCE-BACKED SPECIFIC R3 CHILD,"IKEA publishes the article identity and its nominal outer dimensions only; inner span, panel thickness, assembly tolerance, shelf deflection, national variants and future article revisions are not published and must be gauged on one physical unit before any compatibility wording. The published figures describe the drawer product, not its usable inner floor after the front panel and side profiles are mounted.","Print a minus/nominal/plus inner-floor gauge and one module seam, then confirm one mounted MAXIMERA drawer.","R3 applies only to this named variant and the cited nominal interface/process baseline. No physical fit, durability, demand, rights or commercial-release claim is inherited.",COMPLETE PORTFOLIO TRIAGE — NOT RELEASE APPROVAL,2026-08-31,1.0
RESEARCH:SKU-547,RESEARCH_IDEA,SKU-547,SKU-001,IKEA MAXIMERA 703.193.49 medium 60 x 37 drawer grid organizer,,Turn one IKEA MAXIMERA medium 60 x 37 cm shallow-cabinet drawer into a zero-waste labelled cell grid without altering the drawer.,YES,96.0,84.8,C3 · R3 · K1 · Lane C · CONDITIONAL,C3,R3,K1,C,W1 R3 NOMINAL — COUPON NEXT,R3+ ACHIEVED — PHYSICAL EVIDENCE NEXT,R4 INDEPENDENT / PHYSICAL VALIDATION,,EVIDENCE-BACKED SPECIFIC R3 CHILD,"IKEA publishes the article identity and its nominal outer dimensions only; inner span, panel thickness, assembly tolerance, shelf deflection, national variants and future article revisions are not published and must be gauged on one physical unit before any compatibility wording. The published figures describe the drawer product, not its usable inner floor after the front panel and side profiles are mounted.","Print a minus/nominal/plus inner-floor gauge and one module seam, then confirm one mounted MAXIMERA drawer.","R3 applies only to this named variant and the cited nominal interface/process baseline. No physical fit, durability, demand, rights or commercial-release claim is inherited.",COMPLETE PORTFOLIO TRIAGE — NOT RELEASE APPROVAL,2026-08-31,1.0
RESEARCH:SKU-548,RESEARCH_IDEA,SKU-548,SKU-001,IKEA MAXIMERA 203.193.61 high 60 x 60 drawer grid organizer,,Turn one IKEA MAXIMERA high 60 x 60 cm kitchen drawer into a zero-waste labelled cell grid with tall dividers for upright storage.,YES,96.0,84.8,C3 · R3 · K1 · Lane C · CONDITIONAL,C3,R3,K1,C,W1 R3 NOMINAL — COUPON NEXT,R3+ ACHIEVED — PHYSICAL EVIDENCE NEXT,R4 INDEPENDENT / PHYSICAL VALIDATION,,EVIDENCE-BACKED SPECIFIC R3 CHILD,"IKEA publishes the article identity and its nominal outer dimensions only; inner span, panel thickness, assembly tolerance, shelf deflection, national variants and future article revisions are not published and must be gauged on one physical unit before any compatibility wording. The published figures describe the drawer product, not its usable inner floor after the front panel and side profiles are mounted.","Print a minus/nominal/plus inner-floor gauge and one tall divider, then confirm tipping behaviour in one mounted drawer.","R3 applies only to this named variant and the cited nominal interface/process baseline. No physical fit, durability, demand, rights or commercial-release claim is inherited.",COMPLETE PORTFOLIO TRIAGE — NOT RELEASE APPROVAL,2026-08-31,1.0
RESEARCH:SKU-549,RESEARCH_IDEA,SKU-549,SKU-001,IKEA MOPPE 402.163.57 drawer grid organizer set,,Turn the drawers of one IKEA MOPPE mini chest into labelled small-parts cell grids without altering or finishing the chest.,YES,96.0,86.8,C3 · R3 · K1 · Lane C · CONDITIONAL,C3,R3,K1,C,W1 R3 NOMINAL — COUPON NEXT,R3+ ACHIEVED — PHYSICAL EVIDENCE NEXT,R4 INDEPENDENT / PHYSICAL VALIDATION,,EVIDENCE-BACKED SPECIFIC R3 CHILD,"IKEA publishes the article identity and its nominal outer dimensions only; inner span, panel thickness, assembly tolerance, shelf deflection, national variants and future article revisions are not published and must be gauged on one physical unit before any compatibility wording. IKEA does not publish MOPPE drawer interiors, so per-drawer width, depth and height must be gauged on one physical unit; untreated birch plywood also swells with humidity and with any customer finish.","Gauge one real MOPPE drawer interior in three axes, then print a minus/nominal/plus grid before any compatibility wording.","R3 applies only to this named variant and the cited nominal interface/process baseline. No physical fit, durability, demand, rights or commercial-release claim is inherited.",COMPLETE PORTFOLIO TRIAGE — NOT RELEASE APPROVAL,2026-08-31,1.0
RESEARCH:SKU-550,RESEARCH_IDEA,SKU-550,SKU-001,Blum LEGRABOX 500 mm M-height drawer grid organizer,,Turn one Blum LEGRABOX drawer of 500 mm nominal length and M side height into a zero-waste labelled cell grid without altering the runner system.,YES,96.0,84.8,C3 · R3 · K1 · Lane C · CONDITIONAL,C3,R3,K1,C,W1 R3 NOMINAL — COUPON NEXT,R3+ ACHIEVED — PHYSICAL EVIDENCE NEXT,R4 INDEPENDENT / PHYSICAL VALIDATION,,EVIDENCE-BACKED SPECIFIC R3 CHILD,"Blum publishes system nominals for the drawer kit, not the finished inner box of one installed cabinet; cabinet width, base panel thickness, back-panel position and the fabricator's cut list still change the usable floor and must be gauged on the installed drawer.","Gauge the installed inner floor in three axes, then print a minus/nominal/plus module before any LEGRABOX compatibility wording.","R3 applies only to this named variant and the cited nominal interface/process baseline. No physical fit, durability, demand, rights or commercial-release claim is inherited.",COMPLETE PORTFOLIO TRIAGE — NOT RELEASE APPROVAL,2026-08-31,1.0
RESEARCH:SKU-551,RESEARCH_IDEA,SKU-551,SKU-160,Copic Sketch 11 x 16 x 150 craft-night personal caddy,,Give each adult craft-night participant a labelled caddy whose bays are cut to the published Copic Sketch marker envelope and that docks into a shared centre layout.,YES,96.0,91.0,C2 · R3 · K1 · Lane B · CONDITIONAL,C2,R3,K1,B,W1 R3 NOMINAL — COUPON NEXT,R3+ ACHIEVED — PHYSICAL EVIDENCE NEXT,R4 INDEPENDENT / PHYSICAL VALIDATION,,EVIDENCE-BACKED SPECIFIC R3 CHILD,"Manufacturer nominal barrel size only; cap fit, nib protrusion, label thickness, refilled or aged bodies and other Copic ranges such as Ciao or Classic are not covered, and no ink-compatibility or solvent-resistance claim is made.",Print one bay row and dock seam and test real markers for single-handed withdrawal and barrel scuffing.,"R3 applies only to this named variant and the cited nominal interface/process baseline. No physical fit, durability, demand, rights or commercial-release claim is inherited.",COMPLETE PORTFOLIO TRIAGE — NOT RELEASE APPROVAL,2026-08-31,1.0
RESEARCH:SKU-552,RESEARCH_IDEA,SKU-552,SKU-160,POSCA PC-5M 18 x 142 craft-night personal caddy,,Give each adult craft-night participant a labelled caddy whose bays are cut to the published uni POSCA PC-5M paint-marker envelope and that docks into a shared centre layout.,YES,96.0,91.0,C2 · R3 · K1 · Lane B · CONDITIONAL,C2,R3,K1,B,W1 R3 NOMINAL — COUPON NEXT,R3+ ACHIEVED — PHYSICAL EVIDENCE NEXT,R4 INDEPENDENT / PHYSICAL VALIDATION,,EVIDENCE-BACKED SPECIFIC R3 CHILD,"Manufacturer nominal barrel size only; cap fit, nib protrusion, label thickness and other POSCA tip sizes such as PC-1M, PC-3M or PC-8K are not covered, and no paint-compatibility claim is made.",Print one bay row and dock seam and test real PC-5M markers for single-handed withdrawal and shake clearance.,"R3 applies only to this named variant and the cited nominal interface/process baseline. No physical fit, durability, demand, rights or commercial-release claim is inherited.",COMPLETE PORTFOLIO TRIAGE — NOT RELEASE APPROVAL,2026-08-31,1.0
RESEARCH:SKU-553,RESEARCH_IDEA,SKU-553,SKU-160,Tombow Dual Brush ABT 12 x 190 craft-night personal caddy,,Give each adult craft-night participant a labelled caddy whose bays are cut to the published Tombow Dual Brush Pen ABT envelope and that docks into a shared centre layout.,YES,96.0,91.0,C2 · R3 · K1 · Lane B · CONDITIONAL,C2,R3,K1,B,W1 R3 NOMINAL — COUPON NEXT,R3+ ACHIEVED — PHYSICAL EVIDENCE NEXT,R4 INDEPENDENT / PHYSICAL VALIDATION,,EVIDENCE-BACKED SPECIFIC R3 CHILD,"Manufacturer nominal barrel size only; the pen is double-ended, so both the brush and the fine nib must stay clear of every bay floor; nib splay, label thickness and other Tombow ranges are not covered.",Print one bay row with nib relief and confirm that neither nib touches the bay floor on a real pen.,"R3 applies only to this named variant and the cited nominal interface/process baseline. No physical fit, durability, demand, rights or commercial-release claim is inherited.",COMPLETE PORTFOLIO TRIAGE — NOT RELEASE APPROVAL,2026-08-31,1.0
RESEARCH:SKU-554,RESEARCH_IDEA,SKU-554,SKU-160,DMC six-strand floss skein craft-night personal caddy,,"Give each adult craft-night participant a labelled caddy that keeps DMC six-strand floss skeins separated, tangle-free and pull-ready in a shared centre layout.",YES,96.0,91.0,C2 · R3 · K1 · Lane B · CONDITIONAL,C2,R3,K1,B,W1 R3 NOMINAL — COUPON NEXT,R3+ ACHIEVED — PHYSICAL EVIDENCE NEXT,R4 INDEPENDENT / PHYSICAL VALIDATION,,EVIDENCE-BACKED SPECIFIC R3 CHILD,"The manufacturer publishes length and thread size, not a rigid skein geometry: a pull skein is soft, compresses, relaxes as thread is used and varies between full and part-used skeins. Bay geometry must be set from measured full and half-used skeins.","Measure full and half-used skeins, then print one bay row and test pull-tail access and tangle behaviour.","R3 applies only to this named variant and the cited nominal interface/process baseline. No physical fit, durability, demand, rights or commercial-release claim is inherited.",COMPLETE PORTFOLIO TRIAGE — NOT RELEASE APPROVAL,2026-08-31,1.0
RESEARCH:SKU-555,RESEARCH_IDEA,SKU-555,SKU-107,SINGER Class 15 transparent bobbin drawer cassette,,Store wound SINGER Class 15 transparent bobbins with a visible thread-colour inventory on posts inside an exact customer drawer footprint.,YES,96.0,88.0,C2 · R3 · K1 · Lane B · CONDITIONAL,C2,R3,K1,B,W1 R3 NOMINAL — COUPON NEXT,R3+ ACHIEVED — PHYSICAL EVIDENCE NEXT,R4 INDEPENDENT / PHYSICAL VALIDATION,,EVIDENCE-BACKED SPECIFIC R3 CHILD,"Manufacturer support-page nominals only; Class 15 and Class 15J are not interchangeable, flange curvature and hub bore vary between suppliers, and no machine-compatibility, thread-tension or burr-free claim is made. Bobbins remain small parts.","Print a post-and-recess coupon and test wound and empty transparent bobbins for seating, removal and thread snagging.","R3 applies only to this named variant and the cited nominal interface/process baseline. No physical fit, durability, demand, rights or commercial-release claim is inherited.",COMPLETE PORTFOLIO TRIAGE — NOT RELEASE APPROVAL,2026-08-31,1.0
RESEARCH:SKU-556,RESEARCH_IDEA,SKU-556,SKU-107,SINGER Class 15 metal bobbin drawer cassette,,Store wound SINGER Class 15 metal bobbins on posts inside an exact customer drawer footprint with a labelled thread-colour inventory.,YES,96.0,88.0,C2 · R3 · K1 · Lane B · CONDITIONAL,C2,R3,K1,B,W1 R3 NOMINAL — COUPON NEXT,R3+ ACHIEVED — PHYSICAL EVIDENCE NEXT,R4 INDEPENDENT / PHYSICAL VALIDATION,,EVIDENCE-BACKED SPECIFIC R3 CHILD,"Manufacturer support-page nominals only; Class 15 and Class 15J are not interchangeable, metal bobbins vary between suppliers, and no machine-compatibility, thread-tension or burr-free claim is made. Bobbins remain small parts.",Print a post-and-recess coupon and confirm that a metal bobbin does not seat in the transparent-bobbin recess of SKU-555.,"R3 applies only to this named variant and the cited nominal interface/process baseline. No physical fit, durability, demand, rights or commercial-release claim is inherited.",COMPLETE PORTFOLIO TRIAGE — NOT RELEASE APPROVAL,2026-08-31,1.0
RESEARCH:SKU-557,RESEARCH_IDEA,SKU-557,SKU-107,Brother SA156 Class 15 bobbin drawer cassette,,Store wound Brother SA156 clear plastic bobbins on posts inside an exact customer drawer footprint with a labelled thread-colour inventory.,YES,96.0,88.0,C2 · R3 · K1 · Lane B · CONDITIONAL,C2,R3,K1,B,W1 R3 NOMINAL — COUPON NEXT,R3+ ACHIEVED — PHYSICAL EVIDENCE NEXT,R4 INDEPENDENT / PHYSICAL VALIDATION,,EVIDENCE-BACKED SPECIFIC R3 CHILD,"Brother publishes the class designation but not a dimensioned drawing, so the working nominal is inherited from the Class 15 class definition and must be confirmed on real SA156 bobbins before any Brother compatibility wording. No machine-compatibility, thread-tension or burr-free claim is made; bobbins remain small parts.","Measure five real SA156 bobbins, then print a post-and-recess coupon before any Brother or Baby Lock compatibility wording.","R3 applies only to this named variant and the cited nominal interface/process baseline. No physical fit, durability, demand, rights or commercial-release claim is inherited.",COMPLETE PORTFOLIO TRIAGE — NOT RELEASE APPROVAL,2026-08-31,1.0
PRODUCT:art-decor/mm-art-001-fox-mesh-collection,PRODUCT_DIRECTORY,MM-ART-001,,Mm Art 001 Fox Mesh Collection,products/art-decor/mm-art-001-fox-mesh-collection,Provide printable fox-themed decorative meshes and their reference assets for non-functional display use.,YES,,,C0 · R1 · K0 · Lane E · LOW_UNKNOWN,C0,R1,K0,E,W2 LOW-COMPLEXITY,MEDIUM,R3 NOMINAL DESIGN INPUTS,,CURRENT PRODUCT — CREATE A SEPARATE NAMED VARIANT IF SCOPE NARROWS,"stable current product revision; variant-confirmed critical interface dimensions, tolerances, and uncertainty; complete printer/material/nozzle/orientation/process-profile set; measurable acceptance criteria; verification plan and physical result references",Confirm the exact product/host variant and complete the primary interface contract. Record the exact manufacturing profile. Define measurable acceptance criteria and a minimal coupon/prototype test.,"Uses the live product preflight and purpose document. No R increase is assigned without the stated interface, process, dimensional or physical evidence.",COMPLETE PORTFOLIO TRIAGE — NOT RELEASE APPROVAL,2026-08-31,1.0
PRODUCT:art-decor/mm-art-002-plant-mesh,PRODUCT_DIRECTORY,MM-ART-002,,Mm Art 002 Plant Mesh,products/art-decor/mm-art-002-plant-mesh,Provide a printable decorative plant mesh for non-functional display use.,YES,,,C0 · R1 · K0 · Lane E · LOW_UNKNOWN,C0,R1,K0,E,W2 LOW-COMPLEXITY,MEDIUM,R3 NOMINAL DESIGN INPUTS,,CURRENT PRODUCT — CREATE A SEPARATE NAMED VARIANT IF SCOPE NARROWS,"stable current product revision; variant-confirmed critical interface dimensions, tolerances, and uncertainty; complete printer/material/nozzle/orientation/process-profile set; measurable acceptance criteria; verification plan and physical result references",Confirm the exact product/host variant and complete the primary interface contract. Record the exact manufacturing profile. Define measurable acceptance criteria and a minimal coupon/prototype test.,"Uses the live product preflight and purpose document. No R increase is assigned without the stated interface, process, dimensional or physical evidence.",COMPLETE PORTFOLIO TRIAGE — NOT RELEASE APPROVAL,2026-08-31,1.0
PRODUCT:art-decor/mm-art-003-unicorn-mesh-collection,PRODUCT_DIRECTORY,MM-ART-003,,Mm Art 003 Unicorn Mesh Collection,products/art-decor/mm-art-003-unicorn-mesh-collection,Provide printable unicorn-themed decorative meshes for non-functional display use.,YES,,,C0 · R1 · K0 · Lane E · LOW_UNKNOWN,C0,R1,K0,E,W2 LOW-COMPLEXITY,MEDIUM,R3 NOMINAL DESIGN INPUTS,,CURRENT PRODUCT — CREATE A SEPARATE NAMED VARIANT IF SCOPE NARROWS,"stable current product revision; variant-confirmed critical interface dimensions, tolerances, and uncertainty; complete printer/material/nozzle/orientation/process-profile set; measurable acceptance criteria; verification plan and physical result references",Confirm the exact product/host variant and complete the primary interface contract. Record the exact manufacturing profile. Define measurable acceptance criteria and a minimal coupon/prototype test.,"Uses the live product preflight and purpose document. No R increase is assigned without the stated interface, process, dimensional or physical evidence.",COMPLETE PORTFOLIO TRIAGE — NOT RELEASE APPROVAL,2026-08-31,1.0
PRODUCT:art-decor/mm-art-004-capybara-mesh-collection,PRODUCT_DIRECTORY,MM-ART-004,,Mm Art 004 Capybara Mesh Collection,products/art-decor/mm-art-004-capybara-mesh-collection,Provide printable capybara-themed decorative meshes for non-functional display use.,YES,,,C0 · R1 · K0 · Lane E · LOW_UNKNOWN,C0,R1,K0,E,W2 LOW-COMPLEXITY,MEDIUM,R3 NOMINAL DESIGN INPUTS,,CURRENT PRODUCT — CREATE A SEPARATE NAMED VARIANT IF SCOPE NARROWS,"stable current product revision; variant-confirmed critical interface dimensions, tolerances, and uncertainty; complete printer/material/nozzle/orientation/process-profile set; measurable acceptance criteria; verification plan and physical result references",Confirm the exact product/host variant and complete the primary interface contract. Record the exact manufacturing profile. Define measurable acceptance criteria and a minimal coupon/prototype test.,"Uses the live product preflight and purpose document. No R increase is assigned without the stated interface, process, dimensional or physical evidence.",COMPLETE PORTFOLIO TRIAGE — NOT RELEASE APPROVAL,2026-08-31,1.0
PRODUCT:art-decor/mm-art-005-fish-mesh-collection,PRODUCT_DIRECTORY,MM-ART-005,,Mm Art 005 Fish Mesh Collection,products/art-decor/mm-art-005-fish-mesh-collection,Provide printable fish-themed decorative meshes for non-functional display use.,YES,,,C0 · R1 · K0 · Lane E · LOW_UNKNOWN,C0,R1,K0,E,W2 LOW-COMPLEXITY,MEDIUM,R3 NOMINAL DESIGN INPUTS,,CURRENT PRODUCT — CREATE A SEPARATE NAMED VARIANT IF SCOPE NARROWS,"stable current product revision; variant-confirmed critical interface dimensions, tolerances, and uncertainty; complete printer/material/nozzle/orientation/process-profile set; measurable acceptance criteria; verification plan and physical result references",Confirm the exact product/host variant and complete the primary interface contract. Record the exact manufacturing profile. Define measurable acceptance criteria and a minimal coupon/prototype test.,"Uses the live product preflight and purpose document. No R increase is assigned without the stated interface, process, dimensional or physical evidence.",COMPLETE PORTFOLIO TRIAGE — NOT RELEASE APPROVAL,2026-08-31,1.0
PRODUCT:art-decor/mm-art-006-mouse-mesh-collection,PRODUCT_DIRECTORY,MM-ART-006,,Mm Art 006 Mouse Mesh Collection,products/art-decor/mm-art-006-mouse-mesh-collection,Provide printable mouse-themed decorative meshes for non-functional display use.,YES,,,C0 · R1 · K0 · Lane E · LOW_UNKNOWN,C0,R1,K0,E,W2 LOW-COMPLEXITY,MEDIUM,R3 NOMINAL DESIGN INPUTS,,CURRENT PRODUCT — CREATE A SEPARATE NAMED VARIANT IF SCOPE NARROWS,"stable current product revision; variant-confirmed critical interface dimensions, tolerances, and uncertainty; complete printer/material/nozzle/orientation/process-profile set; measurable acceptance criteria; verification plan and physical result references",Confirm the exact product/host variant and complete the primary interface contract. Record the exact manufacturing profile. Define measurable acceptance criteria and a minimal coupon/prototype test.,"Uses the live product preflight and purpose document. No R increase is assigned without the stated interface, process, dimensional or physical evidence.",COMPLETE PORTFOLIO TRIAGE — NOT RELEASE APPROVAL,2026-08-31,1.0
PRODUCT:art-decor/mm-art-007-racehorse-mesh-collection,PRODUCT_DIRECTORY,MM-ART-007,,Racehorse Display Trophy,products/art-decor/mm-art-007-racehorse-mesh-collection,Provide a printable racehorse display model and related trophy-concept evidence for decorative use.,YES,,,C0 · R2 · K0 · Lane E · LOW_UNKNOWN,C0,R2,K0,E,W2 LOW-COMPLEXITY,MEDIUM,R3 NOMINAL DESIGN INPUTS,,CURRENT PRODUCT — CREATE A SEPARATE NAMED VARIANT IF SCOPE NARROWS,"variant-confirmed critical interface dimensions, tolerances, and uncertainty; complete printer/material/nozzle/orientation/process-profile set; measurable acceptance criteria; verification plan and physical result references",Confirm the exact product/host variant and complete the primary interface contract. Record the exact manufacturing profile. Define measurable acceptance criteria and a minimal coupon/prototype test.,"Uses the live product preflight and purpose document. No R increase is assigned without the stated interface, process, dimensional or physical evidence.",COMPLETE PORTFOLIO TRIAGE — NOT RELEASE APPROVAL,2026-08-31,1.0
PRODUCT:art-decor/mm-art-008-sports-car-mesh,PRODUCT_DIRECTORY,MM-ART-008,,Mm Art 008 Sports Car Mesh,products/art-decor/mm-art-008-sports-car-mesh,Provide a printable sports-car-shaped decorative mesh for non-functional display use.,YES,,,C0 · R1 · K0 · Lane E · LOW_UNKNOWN,C0,R1,K0,E,W2 LOW-COMPLEXITY,MEDIUM,R3 NOMINAL DESIGN INPUTS,,CURRENT PRODUCT — CREATE A SEPARATE NAMED VARIANT IF SCOPE NARROWS,"stable current product revision; variant-confirmed critical interface dimensions, tolerances, and uncertainty; complete printer/material/nozzle/orientation/process-profile set; measurable acceptance criteria; verification plan and physical result references",Confirm the exact product/host variant and complete the primary interface contract. Record the exact manufacturing profile. Define measurable acceptance criteria and a minimal coupon/prototype test.,"Uses the live product preflight and purpose document. No R increase is assigned without the stated interface, process, dimensional or physical evidence.",COMPLETE PORTFOLIO TRIAGE — NOT RELEASE APPROVAL,2026-08-31,1.0
PRODUCT:art-decor/mm-art-009-whale-mesh-collection,PRODUCT_DIRECTORY,MM-ART-009,,Mm Art 009 Whale Mesh Collection,products/art-decor/mm-art-009-whale-mesh-collection,Provide printable whale-themed decorative meshes for non-functional display use.,YES,,,C0 · R1 · K0 · Lane E · LOW_UNKNOWN,C0,R1,K0,E,W2 LOW-COMPLEXITY,MEDIUM,R3 NOMINAL DESIGN INPUTS,,CURRENT PRODUCT — CREATE A SEPARATE NAMED VARIANT IF SCOPE NARROWS,"stable current product revision; variant-confirmed critical interface dimensions, tolerances, and uncertainty; complete printer/material/nozzle/orientation/process-profile set; measurable acceptance criteria; verification plan and physical result references",Confirm the exact product/host variant and complete the primary interface contract. Record the exact manufacturing profile. Define measurable acceptance criteria and a minimal coupon/prototype test.,"Uses the live product preflight and purpose document. No R increase is assigned without the stated interface, process, dimensional or physical evidence.",COMPLETE PORTFOLIO TRIAGE — NOT RELEASE APPROVAL,2026-08-31,1.0
PRODUCT:art-decor/mm-art-010-modular-city-map-wall-panel,PRODUCT_DIRECTORY,MM-ART-010,,MM-ART-010 parameterized permanent one-off city-map wall relief with enlarged metriMade location artwork,products/art-decor/mm-art-010-modular-city-map-wall-panel,"Unique indoor decorative Berlin wall relief, produced as two four-color main prints and permanently assembled without adhesive, rear grid, magnets, or replaceable sections. Revision 0.5.1 changes only the visible address artwork to the canonical stacked metriMade lockup at a proposed 54.0 × 57.18 mm, targeting recognition from about 2 m. Its address, logo, icon or monochrome image silhouette remains parameterized without creating a fifth tool. Revision 0.5.0 digital-candidate-r7 remains the geometry authority until concept v06 is approved.",YES,,,C3 · R2 · K2 · Lane C · LOW_UNKNOWN,C3,R2,K2,C,W3 CONTROLLED,MEDIUM,R3 NOMINAL DESIGN INPUTS,,CURRENT PRODUCT — CREATE A SEPARATE NAMED VARIANT IF SCOPE NARROWS,"Exact connector and snap clearances for the selected filament/profile; Exact filament batches, conditioning state, ACE slots, measured opacity and directed purge matrix; As-built mass, wall-anchor/substrate selection and physical proof-load result","Generate and validate revision 0.5.1 digital-candidate-r1 and the process-matched Oak/Sky Blue raised-logo coupon. Print the Oak/Sky Blue coupon and perform the human recognition test at 2.0 m under ordinary indoor lighting. Review physical profiles, ACE slots and purge, then place and approve the recessed rear metriMade.com watermark before permanent assembly and wall proof.","Uses the live product preflight and purpose document. No R increase is assigned without the stated interface, process, dimensional or physical evidence.",COMPLETE PORTFOLIO TRIAGE — NOT RELEASE APPROVAL,2026-08-31,1.0
PRODUCT:art-decor/mm-art-011-modular-topographic-relief-wall-panel,PRODUCT_DIRECTORY,MM-ART-011,,Permanent One Off Topographic Relief Wall Panel,products/art-decor/mm-art-011-modular-topographic-relief-wall-panel,Two unique permanent 600 x 400 mm topographic wall artworks: Harz and the Rheinisches Braunkohlerevier. Each one-off is printed as two 300 x 400 mm four-color halves on the Anycubic Kobra 3 Max Combo and permanently joined into one non-serviceable relief using concealed one-way printed connectors. Local connector springs and isolated snap-in hanger/standoff parts provide assembly and an 18 mm halo cavity without a rear grid. Selected terrain-derived paths pass optional customer-added light through the visible face.,YES,,,C3 · R2 · K2 · Lane E · LOW_UNKNOWN,C3,R2,K2,E,W3 CONTROLLED,MEDIUM,R3 NOMINAL DESIGN INPUTS,,CURRENT PRODUCT — CREATE A SEPARATE NAMED VARIANT IF SCOPE NARROWS,"variant-confirmed critical interface dimensions, tolerances, and uncertainty; complete printer/material/nozzle/orientation/process-profile set; measurable acceptance criteria",Confirm the exact product/host variant and complete the primary interface contract. Record the exact manufacturing profile. Define measurable acceptance criteria and a minimal coupon/prototype test.,"Uses the live product preflight and purpose document. No R increase is assigned without the stated interface, process, dimensional or physical evidence.",COMPLETE PORTFOLIO TRIAGE — NOT RELEASE APPROVAL,2026-08-31,1.0
PRODUCT:art-decor/mm-auto-001-opel-grandland-2018-mesh,PRODUCT_DIRECTORY,MM-AUTO-001,,Mm Auto 001 Opel Grandland 2018 Mesh,products/art-decor/mm-auto-001-opel-grandland-2018-mesh,Provide a printable decorative representation of a 2018 Opel Grandland X; it is not a vehicle component or fit reference.,YES,,,C1 · R1 · K0 · Lane E · LOW_UNKNOWN,C1,R1,K0,E,W2 LOW-COMPLEXITY,MEDIUM,R3 NOMINAL DESIGN INPUTS,,CURRENT PRODUCT — CREATE A SEPARATE NAMED VARIANT IF SCOPE NARROWS,"stable current product revision; variant-confirmed critical interface dimensions, tolerances, and uncertainty; complete printer/material/nozzle/orientation/process-profile set; measurable acceptance criteria; verification plan and physical result references",Confirm the exact product/host variant and complete the primary interface contract. Record the exact manufacturing profile. Define measurable acceptance criteria and a minimal coupon/prototype test.,"Uses the live product preflight and purpose document. No R increase is assigned without the stated interface, process, dimensional or physical evidence.",COMPLETE PORTFOLIO TRIAGE — NOT RELEASE APPROVAL,2026-08-31,1.0
PRODUCT:art-decor/mm-dec-001-marble-tile,PRODUCT_DIRECTORY,MM-DEC-001,,Mm Dec 001 Marble Tile,products/art-decor/mm-dec-001-marble-tile,Develop a decorative marble-style tile or master together with printable negative-mold test geometry for casting experiments.,YES,,,C2 · R1 · K1 · Lane E · LOW_UNKNOWN,C2,R1,K1,E,W2 LOW-COMPLEXITY,MEDIUM,R3 NOMINAL DESIGN INPUTS,,CURRENT PRODUCT — CREATE A SEPARATE NAMED VARIANT IF SCOPE NARROWS,"stable current product revision; variant-confirmed critical interface dimensions, tolerances, and uncertainty; complete printer/material/nozzle/orientation/process-profile set; measurable acceptance criteria; verification plan and physical result references",Confirm the exact product/host variant and complete the primary interface contract. Record the exact manufacturing profile. Define measurable acceptance criteria and a minimal coupon/prototype test.,"Uses the live product preflight and purpose document. No R increase is assigned without the stated interface, process, dimensional or physical evidence.",COMPLETE PORTFOLIO TRIAGE — NOT RELEASE APPROVAL,2026-08-31,1.0
PRODUCT:art-decor/mm-dec-002-roman-pillar,PRODUCT_DIRECTORY,MM-DEC-002,,Mm Dec 002 Roman Pillar,products/art-decor/mm-dec-002-roman-pillar,Provide a decorative Roman-column model and a printable two-part negative mold for casting trials.,YES,,,C3 · R1 · K2 · Lane E · LOW_UNKNOWN,C3,R1,K2,E,W3 CONTROLLED,MEDIUM,R3 NOMINAL DESIGN INPUTS,,CURRENT PRODUCT — CREATE A SEPARATE NAMED VARIANT IF SCOPE NARROWS,"stable current product revision; variant-confirmed critical interface dimensions, tolerances, and uncertainty; complete printer/material/nozzle/orientation/process-profile set; measurable acceptance criteria; verification plan and physical result references",Confirm the exact product/host variant and complete the primary interface contract. Record the exact manufacturing profile. Define measurable acceptance criteria and a minimal coupon/prototype test.,"Uses the live product preflight and purpose document. No R increase is assigned without the stated interface, process, dimensional or physical evidence.",COMPLETE PORTFOLIO TRIAGE — NOT RELEASE APPROVAL,2026-08-31,1.0
PRODUCT:furniture-systems/mm-sys-001-alex-inventory-workplace-tray,PRODUCT_DIRECTORY,MM-SYS-001,,Inventory Workplace Tray — Alex Measurement Pilot,products/furniture-systems/mm-sys-001-alex-inventory-workplace-tray,removable asymmetric small-item tray for a desk drawer,YES,,,C2 · R1 · K1 · Lane E · LOW_UNKNOWN,C2,R1,K1,E,W2 LOW-COMPLEXITY,MEDIUM,R3 NOMINAL DESIGN INPUTS,,CURRENT PRODUCT — CREATE A SEPARATE NAMED VARIANT IF SCOPE NARROWS,R1 retained: exact ALEX article/revision and real drawer interface are not identified; the 209.3/210/210.7 mm gauges are digital artifacts without a recorded physical result or exact process.,Record the exact ALEX article/revision; measure the real drawer datums and uncertainty; pin the exact process; print the three width gauges; record the selected fit before changing the tray.,"Uses the live product preflight and purpose document. No R increase is assigned without the stated interface, process, dimensional or physical evidence.",COMPLETE PORTFOLIO TRIAGE — NOT RELEASE APPROVAL,2026-08-31,1.0
PRODUCT:furniture-systems/mm-sys-002-bror-tool-shadow-tray,PRODUCT_DIRECTORY,MM-SYS-002,,Bror Tool Shadow Tray Measurement Pilot,products/furniture-systems/mm-sys-002-bror-tool-shadow-tray,removable recessed tool-layout tray for an adult workshop drawer,YES,,,C2 · R1 · K1 · Lane E · LOW_UNKNOWN,C2,R1,K1,E,W2 LOW-COMPLEXITY,MEDIUM,R3 NOMINAL DESIGN INPUTS,,CURRENT PRODUCT — CREATE A SEPARATE NAMED VARIANT IF SCOPE NARROWS,"variant-confirmed critical interface dimensions, tolerances, and uncertainty; complete printer/material/nozzle/orientation/process-profile set; measurable acceptance criteria; verification plan and physical result references",Confirm the exact product/host variant and complete the primary interface contract. Record the exact manufacturing profile. Define measurable acceptance criteria and a minimal coupon/prototype test.,"Uses the live product preflight and purpose document. No R increase is assigned without the stated interface, process, dimensional or physical evidence.",COMPLETE PORTFOLIO TRIAGE — NOT RELEASE APPROVAL,2026-08-31,1.0
PRODUCT:furniture-systems/mm-sys-003-pax-asymmetric-accessory-grid,PRODUCT_DIRECTORY,systemmoebel-top20-cad,,Mm Sys 003 Pax Asymmetric Accessory Grid,products/furniture-systems/mm-sys-003-pax-asymmetric-accessory-grid,Provide a parametric one-piece FDM concept for a asymmetric wardrobe accessory grid; the host-furniture interface remains provisional until measured and physically tested.,YES,,,C3 · R2 · K1 · Lane E · LOW_UNKNOWN,C3,R2,K1,E,W3 CONTROLLED,MEDIUM,R3 NOMINAL DESIGN INPUTS,,CURRENT PRODUCT — CREATE A SEPARATE NAMED VARIANT IF SCOPE NARROWS,"variant-confirmed critical interface dimensions, tolerances, and uncertainty; complete printer/material/nozzle/orientation/process-profile set",Confirm the exact product/host variant and complete the primary interface contract. Record the exact manufacturing profile.,"Uses the live product preflight and purpose document. No R increase is assigned without the stated interface, process, dimensional or physical evidence.",COMPLETE PORTFOLIO TRIAGE — NOT RELEASE APPROVAL,2026-08-31,1.0
PRODUCT:furniture-systems/mm-sys-004-billy-collection-riser,PRODUCT_DIRECTORY,systemmoebel-top20-cad,,Mm Sys 004 Billy Collection Riser,products/furniture-systems/mm-sys-004-billy-collection-riser,Provide a parametric one-piece FDM concept for a three-level collection riser; the host-furniture interface remains provisional until measured and physically tested.,YES,,,C3 · R2 · K2 · Lane E · LOW_UNKNOWN,C3,R2,K2,E,W3 CONTROLLED,MEDIUM,R3 NOMINAL DESIGN INPUTS,,CURRENT PRODUCT — CREATE A SEPARATE NAMED VARIANT IF SCOPE NARROWS,"variant-confirmed critical interface dimensions, tolerances, and uncertainty; complete printer/material/nozzle/orientation/process-profile set",Confirm the exact product/host variant and complete the primary interface contract. Record the exact manufacturing profile.,"Uses the live product preflight and purpose document. No R increase is assigned without the stated interface, process, dimensional or physical evidence.",COMPLETE PORTFOLIO TRIAGE — NOT RELEASE APPROVAL,2026-08-31,1.0
PRODUCT:furniture-systems/mm-sys-005-bror-shadow-board-workflow-cluster,PRODUCT_DIRECTORY,systemmoebel-top20-cad,,Mm Sys 005 Bror Shadow Board Workflow Cluster,products/furniture-systems/mm-sys-005-bror-shadow-board-workflow-cluster,Provide a parametric one-piece FDM concept for a tool-holder workflow cluster; the host-furniture interface remains provisional until measured and physically tested.,YES,,,C3 · R2 · K1 · Lane E · LOW_UNKNOWN,C3,R2,K1,E,W3 CONTROLLED,MEDIUM,R3 NOMINAL DESIGN INPUTS,,CURRENT PRODUCT — CREATE A SEPARATE NAMED VARIANT IF SCOPE NARROWS,"variant-confirmed critical interface dimensions, tolerances, and uncertainty; complete printer/material/nozzle/orientation/process-profile set",Confirm the exact product/host variant and complete the primary interface contract. Record the exact manufacturing profile.,"Uses the live product preflight and purpose document. No R increase is assigned without the stated interface, process, dimensional or physical evidence.",COMPLETE PORTFOLIO TRIAGE — NOT RELEASE APPROVAL,2026-08-31,1.0
PRODUCT:furniture-systems/mm-sys-006-kallax-boardgame-matrix,PRODUCT_DIRECTORY,systemmoebel-top20-cad,,Mm Sys 006 Kallax Boardgame Matrix,products/furniture-systems/mm-sys-006-kallax-boardgame-matrix,Provide a parametric one-piece FDM concept for a vertical board-game library matrix; the host-furniture interface remains provisional until measured and physically tested.,YES,,,C3 · R2 · K1 · Lane E · LOW_UNKNOWN,C3,R2,K1,E,W3 CONTROLLED,MEDIUM,R3 NOMINAL DESIGN INPUTS,,CURRENT PRODUCT — CREATE A SEPARATE NAMED VARIANT IF SCOPE NARROWS,"variant-confirmed critical interface dimensions, tolerances, and uncertainty; complete printer/material/nozzle/orientation/process-profile set",Confirm the exact product/host variant and complete the primary interface contract. Record the exact manufacturing profile.,"Uses the live product preflight and purpose document. No R increase is assigned without the stated interface, process, dimensional or physical evidence.",COMPLETE PORTFOLIO TRIAGE — NOT RELEASE APPROVAL,2026-08-31,1.0
PRODUCT:furniture-systems/mm-sys-007-platsa-collection-cells,PRODUCT_DIRECTORY,systemmoebel-top20-cad,,Mm Sys 007 Platsa Collection Cells,products/furniture-systems/mm-sys-007-platsa-collection-cells,Provide a parametric one-piece FDM concept for a asymmetric collection cells; the host-furniture interface remains provisional until measured and physically tested.,YES,,,C3 · R2 · K1 · Lane E · LOW_UNKNOWN,C3,R2,K1,E,W3 CONTROLLED,MEDIUM,R3 NOMINAL DESIGN INPUTS,,CURRENT PRODUCT — CREATE A SEPARATE NAMED VARIANT IF SCOPE NARROWS,"variant-confirmed critical interface dimensions, tolerances, and uncertainty; complete printer/material/nozzle/orientation/process-profile set",Confirm the exact product/host variant and complete the primary interface contract. Record the exact manufacturing profile.,"Uses the live product preflight and purpose document. No R increase is assigned without the stated interface, process, dimensional or physical evidence.",COMPLETE PORTFOLIO TRIAGE — NOT RELEASE APPROVAL,2026-08-31,1.0
PRODUCT:furniture-systems/mm-sys-008-skadis-precision-tool-cluster,PRODUCT_DIRECTORY,systemmoebel-top20-cad,,Mm Sys 008 Skadis Precision Tool Cluster,products/furniture-systems/mm-sys-008-skadis-precision-tool-cluster,Provide a parametric one-piece FDM concept for a precision-tool workflow cluster; the host-furniture interface remains provisional until measured and physically tested.,YES,,,C3 · R2 · K1 · Lane E · LOW_UNKNOWN,C3,R2,K1,E,W3 CONTROLLED,MEDIUM,R3 NOMINAL DESIGN INPUTS,,CURRENT PRODUCT — CREATE A SEPARATE NAMED VARIANT IF SCOPE NARROWS,"variant-confirmed critical interface dimensions, tolerances, and uncertainty; complete printer/material/nozzle/orientation/process-profile set",Confirm the exact product/host variant and complete the primary interface contract. Record the exact manufacturing profile.,"Uses the live product preflight and purpose document. No R increase is assigned without the stated interface, process, dimensional or physical evidence.",COMPLETE PORTFOLIO TRIAGE — NOT RELEASE APPROVAL,2026-08-31,1.0
PRODUCT:furniture-systems/mm-sys-009-besta-passive-media-topology,PRODUCT_DIRECTORY,systemmoebel-top20-cad,,Mm Sys 009 Besta Passive Media Topology,products/furniture-systems/mm-sys-009-besta-passive-media-topology,Provide a parametric one-piece FDM concept for a ventilated passive media platform; the host-furniture interface remains provisional until measured and physically tested.,YES,,,C3 · R2 · K1 · Lane E · LOW_UNKNOWN,C3,R2,K1,E,W3 CONTROLLED,MEDIUM,R3 NOMINAL DESIGN INPUTS,,CURRENT PRODUCT — CREATE A SEPARATE NAMED VARIANT IF SCOPE NARROWS,"variant-confirmed critical interface dimensions, tolerances, and uncertainty; complete printer/material/nozzle/orientation/process-profile set",Confirm the exact product/host variant and complete the primary interface contract. Record the exact manufacturing profile.,"Uses the live product preflight and purpose document. No R increase is assigned without the stated interface, process, dimensional or physical evidence.",COMPLETE PORTFOLIO TRIAGE — NOT RELEASE APPROVAL,2026-08-31,1.0
PRODUCT:furniture-systems/mm-sys-010-omar-ventilated-shelf-deck,PRODUCT_DIRECTORY,systemmoebel-top20-cad,,Mm Sys 010 Omar Ventilated Shelf Deck,products/furniture-systems/mm-sys-010-omar-ventilated-shelf-deck,Provide a parametric one-piece FDM concept for a small-item-retaining wire-shelf overlay; the host-furniture interface remains provisional until measured and physically tested.,YES,,,C3 · R2 · K2 · Lane E · LOW_UNKNOWN,C3,R2,K2,E,W3 CONTROLLED,MEDIUM,R3 NOMINAL DESIGN INPUTS,,CURRENT PRODUCT — CREATE A SEPARATE NAMED VARIANT IF SCOPE NARROWS,"variant-confirmed critical interface dimensions, tolerances, and uncertainty; complete printer/material/nozzle/orientation/process-profile set",Confirm the exact product/host variant and complete the primary interface contract. Record the exact manufacturing profile.,"Uses the live product preflight and purpose document. No R increase is assigned without the stated interface, process, dimensional or physical evidence.",COMPLETE PORTFOLIO TRIAGE — NOT RELEASE APPROVAL,2026-08-31,1.0
PRODUCT:furniture-systems/mm-sys-011-boaxel-cleaning-accessory-dock,PRODUCT_DIRECTORY,systemmoebel-top20-cad,,Mm Sys 011 Boaxel Cleaning Accessory Dock,products/furniture-systems/mm-sys-011-boaxel-cleaning-accessory-dock,Provide a parametric one-piece FDM concept for a light cleaning-accessory docking rail; the host-furniture interface remains provisional until measured and physically tested.,YES,,,C3 · R2 · K1 · Lane E · LOW_UNKNOWN,C3,R2,K1,E,W3 CONTROLLED,MEDIUM,R3 NOMINAL DESIGN INPUTS,,CURRENT PRODUCT — CREATE A SEPARATE NAMED VARIANT IF SCOPE NARROWS,"variant-confirmed critical interface dimensions, tolerances, and uncertainty; complete printer/material/nozzle/orientation/process-profile set",Confirm the exact product/host variant and complete the primary interface contract. Record the exact manufacturing profile.,"Uses the live product preflight and purpose document. No R increase is assigned without the stated interface, process, dimensional or physical evidence.",COMPLETE PORTFOLIO TRIAGE — NOT RELEASE APPROVAL,2026-08-31,1.0
PRODUCT:furniture-systems/mm-sys-012-besta-controller-and-media-tray,PRODUCT_DIRECTORY,systemmoebel-top20-cad,,Mm Sys 012 Besta Controller And Media Tray,products/furniture-systems/mm-sys-012-besta-controller-and-media-tray,Provide a parametric one-piece FDM concept for a controller and media drawer tray; the host-furniture interface remains provisional until measured and physically tested.,YES,,,C3 · R2 · K1 · Lane E · LOW_UNKNOWN,C3,R2,K1,E,W3 CONTROLLED,MEDIUM,R3 NOMINAL DESIGN INPUTS,,CURRENT PRODUCT — CREATE A SEPARATE NAMED VARIANT IF SCOPE NARROWS,"variant-confirmed critical interface dimensions, tolerances, and uncertainty; complete printer/material/nozzle/orientation/process-profile set",Confirm the exact product/host variant and complete the primary interface contract. Record the exact manufacturing profile.,"Uses the live product preflight and purpose document. No R increase is assigned without the stated interface, process, dimensional or physical evidence.",COMPLETE PORTFOLIO TRIAGE — NOT RELEASE APPROVAL,2026-08-31,1.0
PRODUCT:furniture-systems/mm-sys-013-trofast-adult-workshop-insert,PRODUCT_DIRECTORY,systemmoebel-top20-cad,,Mm Sys 013 Trofast Adult Workshop Insert,products/furniture-systems/mm-sys-013-trofast-adult-workshop-insert,Provide a parametric one-piece FDM concept for a adult workshop compartment insert; the host-furniture interface remains provisional until measured and physically tested.,YES,,,C3 · R2 · K1 · Lane E · LOW_UNKNOWN,C3,R2,K1,E,W3 CONTROLLED,MEDIUM,R3 NOMINAL DESIGN INPUTS,,CURRENT PRODUCT — CREATE A SEPARATE NAMED VARIANT IF SCOPE NARROWS,"variant-confirmed critical interface dimensions, tolerances, and uncertainty; complete printer/material/nozzle/orientation/process-profile set",Confirm the exact product/host variant and complete the primary interface contract. Record the exact manufacturing profile.,"Uses the live product preflight and purpose document. No R increase is assigned without the stated interface, process, dimensional or physical evidence.",COMPLETE PORTFOLIO TRIAGE — NOT RELEASE APPROVAL,2026-08-31,1.0
PRODUCT:furniture-systems/mm-sys-014-kallax-creative-material-cassette,PRODUCT_DIRECTORY,systemmoebel-top20-cad,,Mm Sys 014 Kallax Creative Material Cassette,products/furniture-systems/mm-sys-014-kallax-creative-material-cassette,Provide a parametric one-piece FDM concept for a vertical creative-material cassette; the host-furniture interface remains provisional until measured and physically tested.,YES,,,C3 · R2 · K1 · Lane E · LOW_UNKNOWN,C3,R2,K1,E,W3 CONTROLLED,MEDIUM,R3 NOMINAL DESIGN INPUTS,,CURRENT PRODUCT — CREATE A SEPARATE NAMED VARIANT IF SCOPE NARROWS,"variant-confirmed critical interface dimensions, tolerances, and uncertainty; complete printer/material/nozzle/orientation/process-profile set",Confirm the exact product/host variant and complete the primary interface contract. Record the exact manufacturing profile.,"Uses the live product preflight and purpose document. No R increase is assigned without the stated interface, process, dimensional or physical evidence.",COMPLETE PORTFOLIO TRIAGE — NOT RELEASE APPROVAL,2026-08-31,1.0
PRODUCT:furniture-systems/mm-sys-015-boaxel-basket-microsorter,PRODUCT_DIRECTORY,systemmoebel-top20-cad,,Mm Sys 015 Boaxel Basket Microsorter,products/furniture-systems/mm-sys-015-boaxel-basket-microsorter,Provide a parametric one-piece FDM concept for a basket microsorter; the host-furniture interface remains provisional until measured and physically tested.,YES,,,C3 · R2 · K1 · Lane E · LOW_UNKNOWN,C3,R2,K1,E,W3 CONTROLLED,MEDIUM,R3 NOMINAL DESIGN INPUTS,,CURRENT PRODUCT — CREATE A SEPARATE NAMED VARIANT IF SCOPE NARROWS,"variant-confirmed critical interface dimensions, tolerances, and uncertainty; complete printer/material/nozzle/orientation/process-profile set",Confirm the exact product/host variant and complete the primary interface contract. Record the exact manufacturing profile.,"Uses the live product preflight and purpose document. No R increase is assigned without the stated interface, process, dimensional or physical evidence.",COMPLETE PORTFOLIO TRIAGE — NOT RELEASE APPROVAL,2026-08-31,1.0
PRODUCT:furniture-systems/mm-sys-016-malm-fold-size-drawer-dividers,PRODUCT_DIRECTORY,systemmoebel-top20-cad,,Mm Sys 016 Malm Fold Size Drawer Dividers,products/furniture-systems/mm-sys-016-malm-fold-size-drawer-dividers,Provide a parametric one-piece FDM concept for a open-bottom fold-size drawer grid; the host-furniture interface remains provisional until measured and physically tested.,YES,,,C3 · R2 · K1 · Lane E · LOW_UNKNOWN,C3,R2,K1,E,W3 CONTROLLED,MEDIUM,R3 NOMINAL DESIGN INPUTS,,CURRENT PRODUCT — CREATE A SEPARATE NAMED VARIANT IF SCOPE NARROWS,"variant-confirmed critical interface dimensions, tolerances, and uncertainty; complete printer/material/nozzle/orientation/process-profile set",Confirm the exact product/host variant and complete the primary interface contract. Record the exact manufacturing profile.,"Uses the live product preflight and purpose document. No R increase is assigned without the stated interface, process, dimensional or physical evidence.",COMPLETE PORTFOLIO TRIAGE — NOT RELEASE APPROVAL,2026-08-31,1.0
PRODUCT:furniture-systems/mm-sys-017-ivar-no-drill-side-inventory-rail,PRODUCT_DIRECTORY,systemmoebel-top20-cad,,Mm Sys 017 Ivar No Drill Side Inventory Rail,products/furniture-systems/mm-sys-017-ivar-no-drill-side-inventory-rail,Provide a parametric one-piece FDM concept for a no-drill side-frame inventory rail; the host-furniture interface remains provisional until measured and physically tested.,YES,,,C3 · R2 · K2 · Lane E · LOW_UNKNOWN,C3,R2,K2,E,W3 CONTROLLED,MEDIUM,R3 NOMINAL DESIGN INPUTS,,CURRENT PRODUCT — CREATE A SEPARATE NAMED VARIANT IF SCOPE NARROWS,"variant-confirmed critical interface dimensions, tolerances, and uncertainty; complete printer/material/nozzle/orientation/process-profile set",Confirm the exact product/host variant and complete the primary interface contract. Record the exact manufacturing profile.,"Uses the live product preflight and purpose document. No R increase is assigned without the stated interface, process, dimensional or physical evidence.",COMPLETE PORTFOLIO TRIAGE — NOT RELEASE APPROVAL,2026-08-31,1.0
PRODUCT:furniture-systems/mm-sys-018-billy-collection-display-matrix,PRODUCT_DIRECTORY,systemmoebel-top20-cad,,Mm Sys 018 Billy Collection Display Matrix,products/furniture-systems/mm-sys-018-billy-collection-display-matrix,Provide a parametric one-piece FDM concept for a three-level open display matrix; the host-furniture interface remains provisional until measured and physically tested.,YES,,,C3 · R2 · K1 · Lane E · LOW_UNKNOWN,C3,R2,K1,E,W3 CONTROLLED,MEDIUM,R3 NOMINAL DESIGN INPUTS,,CURRENT PRODUCT — CREATE A SEPARATE NAMED VARIANT IF SCOPE NARROWS,"variant-confirmed critical interface dimensions, tolerances, and uncertainty; complete printer/material/nozzle/orientation/process-profile set",Confirm the exact product/host variant and complete the primary interface contract. Record the exact manufacturing profile.,"Uses the live product preflight and purpose document. No R increase is assigned without the stated interface, process, dimensional or physical evidence.",COMPLETE PORTFOLIO TRIAGE — NOT RELEASE APPROVAL,2026-08-31,1.0
PRODUCT:furniture-systems/mm-sys-019-lagkapten-alex-reversible-cable-rail,PRODUCT_DIRECTORY,systemmoebel-top20-cad,,Mm Sys 019 Lagkapten Alex Reversible Cable Rail,products/furniture-systems/mm-sys-019-lagkapten-alex-reversible-cable-rail,Provide a parametric one-piece FDM concept for a reversible cable-parking desk clamp; the host-furniture interface remains provisional until measured and physically tested.,YES,,,C3 · R2 · K2 · Lane E · LOW_UNKNOWN,C3,R2,K2,E,W3 CONTROLLED,MEDIUM,R3 NOMINAL DESIGN INPUTS,,CURRENT PRODUCT — CREATE A SEPARATE NAMED VARIANT IF SCOPE NARROWS,"variant-confirmed critical interface dimensions, tolerances, and uncertainty; complete printer/material/nozzle/orientation/process-profile set",Confirm the exact product/host variant and complete the primary interface contract. Record the exact manufacturing profile.,"Uses the live product preflight and purpose document. No R increase is assigned without the stated interface, process, dimensional or physical evidence.",COMPLETE PORTFOLIO TRIAGE — NOT RELEASE APPROVAL,2026-08-31,1.0
PRODUCT:furniture-systems/mm-sys-020-lack-leg-two-pocket-mini-dock,PRODUCT_DIRECTORY,systemmoebel-top20-cad,,Mm Sys 020 Lack Leg Two Pocket Mini Dock,products/furniture-systems/mm-sys-020-lack-leg-two-pocket-mini-dock,Provide a parametric one-piece FDM concept for a low-load two-pocket leg dock; the host-furniture interface remains provisional until measured and physically tested.,YES,,,C3 · R2 · K1 · Lane E · LOW_UNKNOWN,C3,R2,K1,E,W3 CONTROLLED,MEDIUM,R3 NOMINAL DESIGN INPUTS,,CURRENT PRODUCT — CREATE A SEPARATE NAMED VARIANT IF SCOPE NARROWS,"variant-confirmed critical interface dimensions, tolerances, and uncertainty; complete printer/material/nozzle/orientation/process-profile set",Confirm the exact product/host variant and complete the primary interface contract. Record the exact manufacturing profile.,"Uses the live product preflight and purpose document. No R increase is assigned without the stated interface, process, dimensional or physical evidence.",COMPLETE PORTFOLIO TRIAGE — NOT RELEASE APPROVAL,2026-08-31,1.0
PRODUCT:home-kitchen-garden/mm-bth-003-linear-shower-drain-hair-trap,PRODUCT_DIRECTORY,MM-BTH-003,,Linear Shower Drain Hair Trap,products/home-kitchen-garden/mm-bth-003-linear-shower-drain-hair-trap,Develop a removable segmented insert that retains hair in a linear shower drain while preserving drainage and cleanability.,YES,,,C3 · R2 · K2 · Lane E · LOW_UNKNOWN,C3,R2,K2,E,W3 CONTROLLED,MEDIUM,R3 NOMINAL DESIGN INPUTS,,CURRENT PRODUCT — CREATE A SEPARATE NAMED VARIANT IF SCOPE NARROWS,"variant-confirmed critical interface dimensions, tolerances, and uncertainty; measurable acceptance criteria",Confirm the exact product/host variant and complete the primary interface contract. Define measurable acceptance criteria and a minimal coupon/prototype test.,"Uses the live product preflight and purpose document. No R increase is assigned without the stated interface, process, dimensional or physical evidence.",COMPLETE PORTFOLIO TRIAGE — NOT RELEASE APPROVAL,2026-08-31,1.0
PRODUCT:home-kitchen-garden/mm-dec-003-sunflower-bowl-tray,PRODUCT_DIRECTORY,MM-DEC-003,,Mm Dec 003 Sunflower Bowl Tray,products/home-kitchen-garden/mm-dec-003-sunflower-bowl-tray,"Provide a sunflower-inspired printable bowl or tray for decorative storage of dry, non-food items.",YES,,,C3 · R1 · K1 · Lane E · LOW_UNKNOWN,C3,R1,K1,E,W3 CONTROLLED,MEDIUM,R3 NOMINAL DESIGN INPUTS,,CURRENT PRODUCT — CREATE A SEPARATE NAMED VARIANT IF SCOPE NARROWS,"stable current product revision; variant-confirmed critical interface dimensions, tolerances, and uncertainty; complete printer/material/nozzle/orientation/process-profile set; measurable acceptance criteria; verification plan and physical result references",Confirm the exact product/host variant and complete the primary interface contract. Record the exact manufacturing profile. Define measurable acceptance criteria and a minimal coupon/prototype test.,"Uses the live product preflight and purpose document. No R increase is assigned without the stated interface, process, dimensional or physical evidence.",COMPLETE PORTFOLIO TRIAGE — NOT RELEASE APPROVAL,2026-08-31,1.0
PRODUCT:home-kitchen-garden/mm-gar-001-rainwater-filter-well,PRODUCT_DIRECTORY,MM-GAR-001,,Regenwasser Filterbrunnen Fuer Pool,products/home-kitchen-garden/mm-gar-001-rainwater-filter-well,Develop a printable rainwater filter-well assembly that separates debris while maintaining a serviceable water path.,YES,,,C2 · R2 · K2 · Lane E · LOW_UNKNOWN,C2,R2,K2,E,W3 CONTROLLED,MEDIUM,R3 NOMINAL DESIGN INPUTS,,CURRENT PRODUCT — CREATE A SEPARATE NAMED VARIANT IF SCOPE NARROWS,"variant-confirmed critical interface dimensions, tolerances, and uncertainty",Confirm the exact product/host variant and complete the primary interface contract.,"Uses the live product preflight and purpose document. No R increase is assigned without the stated interface, process, dimensional or physical evidence.",COMPLETE PORTFOLIO TRIAGE — NOT RELEASE APPROVAL,2026-08-31,1.0
PRODUCT:home-kitchen-garden/mm-home-001-cup-and-measuring-spoon,PRODUCT_DIRECTORY,MM-HOME-001,,Mm Home 001 Cup And Measuring Spoon,products/home-kitchen-garden/mm-home-001-cup-and-measuring-spoon,Provide a lidded cup and small measuring spoon for storing and portioning a dry supplement; volume and mass claims require calibration.,YES,,,C2 · R1 · K1 · Lane E · LOW_UNKNOWN,C2,R1,K1,E,W2 LOW-COMPLEXITY,MEDIUM,R3 NOMINAL DESIGN INPUTS,,CURRENT PRODUCT — CREATE A SEPARATE NAMED VARIANT IF SCOPE NARROWS,"stable current product revision; variant-confirmed critical interface dimensions, tolerances, and uncertainty; complete printer/material/nozzle/orientation/process-profile set; measurable acceptance criteria; verification plan and physical result references",Confirm the exact product/host variant and complete the primary interface contract. Record the exact manufacturing profile. Define measurable acceptance criteria and a minimal coupon/prototype test.,"Uses the live product preflight and purpose document. No R increase is assigned without the stated interface, process, dimensional or physical evidence.",COMPLETE PORTFOLIO TRIAGE — NOT RELEASE APPROVAL,2026-08-31,1.0
PRODUCT:home-kitchen-garden/unregistered-aroma-diffuser,PRODUCT_DIRECTORY,UNREGISTERED-AROMA-DIFFUSER,,Unregistered Aroma Diffuser,products/home-kitchen-garden/unregistered-aroma-diffuser,"Document and develop a printable aroma-diffuser concept; the fragrance medium, heat source, and safe operating method are not yet defined.",YES,,,C2 · R0 · K2 · Lane E · LOW_UNKNOWN,C2,R0,K2,E,W3 CONTROLLED,MEDIUM,R3 NOMINAL DESIGN INPUTS,,CURRENT PRODUCT — CREATE A SEPARATE NAMED VARIANT IF SCOPE NARROWS,"stable current product revision; variant-confirmed critical interface dimensions, tolerances, and uncertainty; complete printer/material/nozzle/orientation/process-profile set; measurable acceptance criteria; verification plan and physical result references",Confirm the exact product/host variant and complete the primary interface contract. Record the exact manufacturing profile. Define measurable acceptance criteria and a minimal coupon/prototype test.,"Uses the live product preflight and purpose document. No R increase is assigned without the stated interface, process, dimensional or physical evidence.",COMPLETE PORTFOLIO TRIAGE — NOT RELEASE APPROVAL,2026-08-31,1.0
PRODUCT:home-kitchen-garden/unregistered-shower-drain-hairtrap,PRODUCT_DIRECTORY,UNREGISTERED-SHOWER-DRAIN-HAIRTRAP,,Unregistered Shower Drain Hairtrap,products/home-kitchen-garden/unregistered-shower-drain-hairtrap,Develop or collect a printable shower-drain hair trap; the target drain variant and functional requirements are not yet documented.,YES,,,C2 · R0 · K2 · Lane E · LOW_UNKNOWN,C2,R0,K2,E,W3 CONTROLLED,MEDIUM,R3 NOMINAL DESIGN INPUTS,,CURRENT PRODUCT — CREATE A SEPARATE NAMED VARIANT IF SCOPE NARROWS,"stable current product revision; variant-confirmed critical interface dimensions, tolerances, and uncertainty; complete printer/material/nozzle/orientation/process-profile set; measurable acceptance criteria; verification plan and physical result references",Confirm the exact product/host variant and complete the primary interface contract. Record the exact manufacturing profile. Define measurable acceptance criteria and a minimal coupon/prototype test.,"Uses the live product preflight and purpose document. No R increase is assigned without the stated interface, process, dimensional or physical evidence.",COMPLETE PORTFOLIO TRIAGE — NOT RELEASE APPROVAL,2026-08-31,1.0
PRODUCT:organization-storage/mm-bth-001-premium-over-toilet-shelf,PRODUCT_DIRECTORY,premium-parametric-over-toilet-shelf,,Premium Parametric Over Toilet Shelf,products/organization-storage/mm-bth-001-premium-over-toilet-shelf,"Modulares Stauraumsystem über einem WC mit verstellbaren Regalböden, austauschbaren Organisationsmodulen und getrennten Personalisierungsflächen.",YES,,,C3 · R2 · K3 · Lane E · NOT_AUTONOMOUSLY_RELEASABLE,C3,R2,K3,E,W4 SPECIALIST / HOLD,LOW / SPECIALIST,R3 NOMINAL DESIGN INPUTS,,CURRENT PRODUCT — CREATE A SEPARATE NAMED VARIANT IF SCOPE NARROWS,"variant-confirmed critical interface dimensions, tolerances, and uncertainty; complete printer/material/nozzle/orientation/process-profile set; measurable acceptance criteria",Obtain an expert review of credible failure modes and the staged prototype plan. Confirm the exact product/host variant and complete the primary interface contract. Record the exact manufacturing profile. Define measurable acceptance criteria and a minimal coupon/prototype test.,"Uses the live product preflight and purpose document. No R increase is assigned without the stated interface, process, dimensional or physical evidence.",COMPLETE PORTFOLIO TRIAGE — NOT RELEASE APPROVAL,2026-08-31,1.0
PRODUCT:organization-storage/mm-bth-002-toilet-paper-fifo-system,PRODUCT_DIRECTORY,zen-kintsugi-wave-fifo,,Zen Kintsugi Wave Fifo Toilet Paper Stand,products/organization-storage/mm-bth-002-toilet-paper-fifo-system,"Wall-mounted vertical gravity-FIFO storage column for five spare toilet-paper rolls, loaded from the top and removed one at a time from the lower front.",YES,,,C3 · R2 · K2 · Lane E · LOW_UNKNOWN,C3,R2,K2,E,W3 CONTROLLED,MEDIUM,R3 NOMINAL DESIGN INPUTS,,CURRENT PRODUCT — CREATE A SEPARATE NAMED VARIANT IF SCOPE NARROWS,"variant-confirmed critical interface dimensions, tolerances, and uncertainty; complete printer/material/nozzle/orientation/process-profile set; verification plan and physical result references",Confirm the exact product/host variant and complete the primary interface contract. Record the exact manufacturing profile. Define measurable acceptance criteria and a minimal coupon/prototype test.,"Uses the live product preflight and purpose document. No R increase is assigned without the stated interface, process, dimensional or physical evidence.",COMPLETE PORTFOLIO TRIAGE — NOT RELEASE APPROVAL,2026-08-31,1.0
PRODUCT:organization-storage/mm-org-001-drawerfit-modular,PRODUCT_DIRECTORY,MM-ORG-001,,Schubladen Organizer – Parametrische Oberflächen,products/organization-storage/mm-org-001-drawerfit-modular,"Provide a modular fitted drawer-organizer system with rebuildable compartment and surface variants, pending physical drawer and connector fit validation.",YES,96,91,C3 · R2 · K1 · Lane E · LOW_UNKNOWN,C3,R2,K1,E,W3 CONTROLLED,MEDIUM,R3 NOMINAL DESIGN INPUTS,,CURRENT PRODUCT — CREATE A SEPARATE NAMED VARIANT IF SCOPE NARROWS,"variant-confirmed critical interface dimensions, tolerances, and uncertainty; complete printer/material/nozzle/orientation/process-profile set; measurable acceptance criteria",Confirm the exact product/host variant and complete the primary interface contract. Record the exact manufacturing profile. Define measurable acceptance criteria and a minimal coupon/prototype test.,"Uses the live product preflight and purpose document. No R increase is assigned without the stated interface, process, dimensional or physical evidence.",COMPLETE PORTFOLIO TRIAGE — NOT RELEASE APPROVAL,2026-08-31,1.0
PRODUCT:organization-storage/mm-org-002-shelffit-mini-bins,PRODUCT_DIRECTORY,MM-ORG-002,,Shelffit Mini Bins,products/organization-storage/mm-org-002-shelffit-mini-bins,"A pair of identical open-top mini storage bins that uses the measured width, depth and height of a reference shelf efficiently. Each bin prints as one support-free body and is removed with a centered front finger scoop.",YES,,,C2 · R2 · K2 · Lane E · LOW_UNKNOWN,C2,R2,K2,E,W3 CONTROLLED,MEDIUM,R3 NOMINAL DESIGN INPUTS,,CURRENT PRODUCT — CREATE A SEPARATE NAMED VARIANT IF SCOPE NARROWS,"variant-confirmed critical interface dimensions, tolerances, and uncertainty; measurable acceptance criteria",Confirm the exact product/host variant and complete the primary interface contract. Define measurable acceptance criteria and a minimal coupon/prototype test.,"Uses the live product preflight and purpose document. No R increase is assigned without the stated interface, process, dimensional or physical evidence.",COMPLETE PORTFOLIO TRIAGE — NOT RELEASE APPROVAL,2026-08-31,1.0
PRODUCT:organization-storage/mm-org-003-modern-carbon-desk-organizer,PRODUCT_DIRECTORY,MM-ORG-003,,Modern Carbon Desk Organizer Compact,products/organization-storage/mm-org-003-modern-carbon-desk-organizer,Provide a compact compartmented desk organizer with a carbon-inspired visual surface treatment for dry indoor stationery storage.,YES,,,C3 · R1 · K1 · Lane E · LOW_UNKNOWN,C3,R1,K1,E,W3 CONTROLLED,MEDIUM,R3 NOMINAL DESIGN INPUTS,,CURRENT PRODUCT — CREATE A SEPARATE NAMED VARIANT IF SCOPE NARROWS,"variant-confirmed critical interface dimensions, tolerances, and uncertainty; complete printer/material/nozzle/orientation/process-profile set; measurable acceptance criteria; verification plan and physical result references",Confirm the exact product/host variant and complete the primary interface contract. Record the exact manufacturing profile. Define measurable acceptance criteria and a minimal coupon/prototype test.,"Uses the live product preflight and purpose document. No R increase is assigned without the stated interface, process, dimensional or physical evidence.",COMPLETE PORTFOLIO TRIAGE — NOT RELEASE APPROVAL,2026-08-31,1.0
PRODUCT:organization-storage/mm-org-004-modular-desktop-tray-system,PRODUCT_DIRECTORY,MM-ORG-004,,Modular Desktop Tray System,products/organization-storage/mm-org-004-modular-desktop-tray-system,"Parametric, support-conscious FDM tray modules for dry indoor desktop organization. This package implements research idea `SKU-002` and remains a DRAFT digital engineering candidate until the exact slicer profile and physical interface tests are complete.",YES,95,97,C2 · R2 · K1 · Lane E · LOW_UNKNOWN,C2,R2,K1,E,W1 HIGH-TREND / LOW-COMPLEXITY,HIGH,R3 NOMINAL DESIGN INPUTS,,CURRENT PRODUCT — CREATE A SEPARATE NAMED VARIANT IF SCOPE NARROWS,"variant-confirmed critical interface dimensions, tolerances, and uncertainty; complete printer/material/nozzle/orientation/process-profile set; measurable acceptance criteria",Confirm the exact product/host variant and complete the primary interface contract. Record the exact manufacturing profile. Define measurable acceptance criteria and a minimal coupon/prototype test.,"Uses the live product preflight and purpose document. No R increase is assigned without the stated interface, process, dimensional or physical evidence.",COMPLETE PORTFOLIO TRIAGE — NOT RELEASE APPROVAL,2026-08-31,1.0
PRODUCT:organization-storage/mm-org-005-desk-edge-cable-clip-kit,PRODUCT_DIRECTORY,MM-ORG-005,,Desk Edge Cable Clip Kit,products/organization-storage/mm-org-005-desk-edge-cable-clip-kit,"Parametric PETG clip family for keeping passive low-voltage charging/data cables accessible at a desk edge. This package implements research idea `SKU-003` and remains a DRAFT digital engineering candidate until printed fit, insertion-cycle, cable-pinch and desk-marking tests pass.",YES,95,97,C2 · R2 · K1 · Lane E · LOW_UNKNOWN,C2,R2,K1,E,W1 HIGH-TREND / LOW-COMPLEXITY,HIGH,R3 NOMINAL DESIGN INPUTS,,CURRENT PRODUCT — CREATE A SEPARATE NAMED VARIANT IF SCOPE NARROWS,"variant-confirmed critical interface dimensions, tolerances, and uncertainty; complete printer/material/nozzle/orientation/process-profile set; measurable acceptance criteria",Confirm the exact product/host variant and complete the primary interface contract. Record the exact manufacturing profile. Define measurable acceptance criteria and a minimal coupon/prototype test.,"Uses the live product preflight and purpose document. No R increase is assigned without the stated interface, process, dimensional or physical evidence.",COMPLETE PORTFOLIO TRIAGE — NOT RELEASE APPROVAL,2026-08-31,1.0
PRODUCT:organization-storage/mm-org-006-charging-cable-docking-bar,PRODUCT_DIRECTORY,MM-ORG-006,,Charging Cable Docking Bar,products/organization-storage/mm-org-006-charging-cable-docking-bar,Parametric passive docking bar with a rigid PETG frame and replaceable TPU cable inserts. The default set provides four sockets and four insert sizes so charging/data cable ends remain accessible instead of falling behind furniture.,YES,94,92,C3 · R2 · K1 · Lane E · LOW_UNKNOWN,C3,R2,K1,E,W3 CONTROLLED,MEDIUM,R3 NOMINAL DESIGN INPUTS,,CURRENT PRODUCT — CREATE A SEPARATE NAMED VARIANT IF SCOPE NARROWS,"variant-confirmed critical interface dimensions, tolerances, and uncertainty; complete printer/material/nozzle/orientation/process-profile set; measurable acceptance criteria",Confirm the exact product/host variant and complete the primary interface contract. Record the exact manufacturing profile. Define measurable acceptance criteria and a minimal coupon/prototype test.,"Uses the live product preflight and purpose document. No R increase is assigned without the stated interface, process, dimensional or physical evidence.",COMPLETE PORTFOLIO TRIAGE — NOT RELEASE APPROVAL,2026-08-31,1.0
PRODUCT:organization-storage/mm-org-007-adjustable-passive-phone-stand,PRODUCT_DIRECTORY,MM-ORG-007,,Adjustable Passive Phone Stand,products/organization-storage/mm-org-007-adjustable-passive-phone-stand,"Parametric PETG stand with a wide base, hinged backrest/shelf and printed pin. Three base variants isolate shallow, medium and firm detent-pocket profiles for later physical comparison.",YES,93,90,C3 · R2 · K1 · Lane E · LOW_UNKNOWN,C3,R2,K1,E,W3 CONTROLLED,MEDIUM,R3 NOMINAL DESIGN INPUTS,,CURRENT PRODUCT — CREATE A SEPARATE NAMED VARIANT IF SCOPE NARROWS,"variant-confirmed critical interface dimensions, tolerances, and uncertainty; complete printer/material/nozzle/orientation/process-profile set; measurable acceptance criteria",Confirm the exact product/host variant and complete the primary interface contract. Record the exact manufacturing profile. Define measurable acceptance criteria and a minimal coupon/prototype test.,"Uses the live product preflight and purpose document. No R increase is assigned without the stated interface, process, dimensional or physical evidence.",COMPLETE PORTFOLIO TRIAGE — NOT RELEASE APPROVAL,2026-08-31,1.0
PRODUCT:organization-storage/mm-org-008-custom-lipstick-tube-grid,PRODUCT_DIRECTORY,MM-ORG-008,,Custom Lipstick And Tube Grid,products/organization-storage/mm-org-008-custom-lipstick-tube-grid,Parametric support-free PETG vanity organizer implementing Research Ideas 100 `SKU-006`. The default is a 4 × 3 mixed-diameter grid plus a seven-hole diameter capture guide. Generate with `python3 cad/build.py`.,YES,92,95,C2 · R2 · K1 · Lane E · LOW_UNKNOWN,C2,R2,K1,E,W1 HIGH-TREND / LOW-COMPLEXITY,HIGH,R3 NOMINAL DESIGN INPUTS,,CURRENT PRODUCT — CREATE A SEPARATE NAMED VARIANT IF SCOPE NARROWS,"variant-confirmed critical interface dimensions, tolerances, and uncertainty; complete printer/material/nozzle/orientation/process-profile set; measurable acceptance criteria",Confirm the exact product/host variant and complete the primary interface contract. Record the exact manufacturing profile. Define measurable acceptance criteria and a minimal coupon/prototype test.,"Uses the live product preflight and purpose document. No R increase is assigned without the stated interface, process, dimensional or physical evidence.",COMPLETE PORTFOLIO TRIAGE — NOT RELEASE APPROVAL,2026-08-31,1.0
PRODUCT:organization-storage/mm-org-009-tapered-drawer-perimeter-filler-rail-set,PRODUCT_DIRECTORY,MM-ORG-009,,Tapered Drawer Perimeter Filler Rail Set,products/organization-storage/mm-org-009-tapered-drawer-perimeter-filler-rail-set,Close wedge-shaped side gaps between a rectangular drawer-organizer grid and tapered or out-of-square drawer walls using two independently parameterized loose rails.,YES,86,94,C2 · R2 · K2 · Lane E · LOW_UNKNOWN,C2,R2,K2,E,W3 CONTROLLED,MEDIUM,R3 NOMINAL DESIGN INPUTS,,CURRENT PRODUCT — CREATE A SEPARATE NAMED VARIANT IF SCOPE NARROWS,"variant-confirmed critical interface dimensions, tolerances, and uncertainty; complete printer/material/nozzle/orientation/process-profile set; measurable acceptance criteria",Confirm the exact product/host variant and complete the primary interface contract. Record the exact manufacturing profile. Define measurable acceptance criteria and a minimal coupon/prototype test.,"Uses the live product preflight and purpose document. No R increase is assigned without the stated interface, process, dimensional or physical evidence.",COMPLETE PORTFOLIO TRIAGE — NOT RELEASE APPROVAL,2026-08-31,1.0
PRODUCT:organization-storage/mm-org-010-personalized-pen-stationery-caddy,PRODUCT_DIRECTORY,MM-ORG-010,,Personalized Pen And Stationery Caddy,products/organization-storage/mm-org-010-personalized-pen-stationery-caddy,"Organize everyday stationery and passively park one phone in a personalized, dimension-controlled desktop caddy.",YES,94,96,C2 · R2 · K1 · Lane E · LOW_UNKNOWN,C2,R2,K1,E,W1 HIGH-TREND / LOW-COMPLEXITY,HIGH,R3 NOMINAL DESIGN INPUTS,,CURRENT PRODUCT — CREATE A SEPARATE NAMED VARIANT IF SCOPE NARROWS,"variant-confirmed critical interface dimensions, tolerances, and uncertainty; complete printer/material/nozzle/orientation/process-profile set; measurable acceptance criteria",Confirm the exact product/host variant and complete the primary interface contract. Record the exact manufacturing profile. Define measurable acceptance criteria and a minimal coupon/prototype test.,"Uses the live product preflight and purpose document. No R increase is assigned without the stated interface, process, dimensional or physical evidence.",COMPLETE PORTFOLIO TRIAGE — NOT RELEASE APPROVAL,2026-08-31,1.0
PRODUCT:organization-storage/mm-org-011-crochet-hook-diameter-rack,PRODUCT_DIRECTORY,MM-ORG-011,,Crochet Hook Diameter Rack,products/organization-storage/mm-org-011-crochet-hook-diameter-rack,Keep fifteen crochet hooks visible by size in three tiers without forcing hook heads or ergonomic handles through uniform closed holes.,YES,91,96,C2 · R2 · K1 · Lane C · LOW_UNKNOWN,C2,R2,K1,C,W1 HIGH-TREND / LOW-COMPLEXITY,HIGH,R3 NOMINAL DESIGN INPUTS,,CURRENT PRODUCT — CREATE A SEPARATE NAMED VARIANT IF SCOPE NARROWS,"variant-confirmed critical interface dimensions, tolerances, and uncertainty; measurable acceptance criteria",Confirm the exact product/host variant and complete the primary interface contract. Define measurable acceptance criteria and a minimal coupon/prototype test.,"Uses the live product preflight and purpose document. No R increase is assigned without the stated interface, process, dimensional or physical evidence.",COMPLETE PORTFOLIO TRIAGE — NOT RELEASE APPROVAL,2026-08-31,1.0
PRODUCT:organization-storage/mm-org-012-stationery-refill-inventory-tray,PRODUCT_DIRECTORY,MM-ORG-012,,Stationery Refill Inventory Tray,products/organization-storage/mm-org-012-stationery-refill-inventory-tray,"Make packaged pencil leads, pen cartridges, erasers and clips visible and deliberately replenishable in one shallow labelled tray.",YES,95,96,C2 · R2 · K1 · Lane E · LOW_UNKNOWN,C2,R2,K1,E,W1 HIGH-TREND / LOW-COMPLEXITY,HIGH,R3 NOMINAL DESIGN INPUTS,,CURRENT PRODUCT — CREATE A SEPARATE NAMED VARIANT IF SCOPE NARROWS,"variant-confirmed critical interface dimensions, tolerances, and uncertainty; complete printer/material/nozzle/orientation/process-profile set; measurable acceptance criteria",Confirm the exact product/host variant and complete the primary interface contract. Record the exact manufacturing profile. Define measurable acceptance criteria and a minimal coupon/prototype test.,"Uses the live product preflight and purpose document. No R increase is assigned without the stated interface, process, dimensional or physical evidence.",COMPLETE PORTFOLIO TRIAGE — NOT RELEASE APPROVAL,2026-08-31,1.0
PRODUCT:organization-storage/mm-org-013-photo-postcard-archive-drawer-divider,PRODUCT_DIRECTORY,MM-ORG-013,,Photo And Postcard Archive Drawer Divider,products/organization-storage/mm-org-013-photo-postcard-archive-drawer-divider,Organize sleeved loose prints and postcards by visible date/theme tabs in a fitted drawer cassette.,YES,98,95,C2 · R2 · K1 · Lane E · LOW_UNKNOWN,C2,R2,K1,E,W1 HIGH-TREND / LOW-COMPLEXITY,HIGH,R3 NOMINAL DESIGN INPUTS,,CURRENT PRODUCT — CREATE A SEPARATE NAMED VARIANT IF SCOPE NARROWS,"variant-confirmed critical interface dimensions, tolerances, and uncertainty; complete printer/material/nozzle/orientation/process-profile set; measurable acceptance criteria",Confirm the exact product/host variant and complete the primary interface contract. Record the exact manufacturing profile. Define measurable acceptance criteria and a minimal coupon/prototype test.,"Uses the live product preflight and purpose document. No R increase is assigned without the stated interface, process, dimensional or physical evidence.",COMPLETE PORTFOLIO TRIAGE — NOT RELEASE APPROVAL,2026-08-31,1.0
PRODUCT:organization-storage/mm-org-014-embroidery-floss-project-palette-dock,PRODUCT_DIRECTORY,MM-ORG-014,,Embroidery Floss Project Palette Dock,products/organization-storage/mm-org-014-embroidery-floss-project-palette-dock,"Park up to thirty labelled floss cards in active-project sequence with separated, visible retrieval positions.",YES,93,95,C2 · R2 · K1 · Lane E · LOW_UNKNOWN,C2,R2,K1,E,W1 HIGH-TREND / LOW-COMPLEXITY,HIGH,R3 NOMINAL DESIGN INPUTS,,CURRENT PRODUCT — CREATE A SEPARATE NAMED VARIANT IF SCOPE NARROWS,"variant-confirmed critical interface dimensions, tolerances, and uncertainty; complete printer/material/nozzle/orientation/process-profile set; measurable acceptance criteria",Confirm the exact product/host variant and complete the primary interface contract. Record the exact manufacturing profile. Define measurable acceptance criteria and a minimal coupon/prototype test.,"Uses the live product preflight and purpose document. No R increase is assigned without the stated interface, process, dimensional or physical evidence.",COMPLETE PORTFOLIO TRIAGE — NOT RELEASE APPROVAL,2026-08-31,1.0
PRODUCT:organization-storage/mm-org-015-adapter-dongle-drawer-cassette,PRODUCT_DIRECTORY,MM-ORG-015,,Adapter And Dongle Drawer Cassette,products/organization-storage/mm-org-015-adapter-dongle-drawer-cassette,"Keep twenty measured passive adapters, readers, receivers and dongles visible, ordered and matched to coded drawer positions.",YES,88,91.8,C2 · R2 · K1 · Lane E · LOW_UNKNOWN,C2,R2,K1,E,W1 HIGH-TREND / LOW-COMPLEXITY,HIGH,R3 NOMINAL DESIGN INPUTS,,CURRENT PRODUCT — CREATE A SEPARATE NAMED VARIANT IF SCOPE NARROWS,"variant-confirmed critical interface dimensions, tolerances, and uncertainty; complete printer/material/nozzle/orientation/process-profile set; measurable acceptance criteria",Confirm the exact product/host variant and complete the primary interface contract. Record the exact manufacturing profile. Define measurable acceptance criteria and a minimal coupon/prototype test.,"Uses the live product preflight and purpose document. No R increase is assigned without the stated interface, process, dimensional or physical evidence.",COMPLETE PORTFOLIO TRIAGE — NOT RELEASE APPROVAL,2026-08-31,1.0
PRODUCT:organization-storage/mm-org-016-stencil-ruler-bookmark-set,PRODUCT_DIRECTORY,MM-ORG-016,,Stencil Ruler Bookmark Set,products/organization-storage/mm-org-016-stencil-ruler-bookmark-set,"Keep 4 mm, 5 mm and original signal-mark layout tools inside an A5 or A6 journal without a paper-pinching clip.",YES,78,94,C2 · R2 · K1 · Lane C · LOW_UNKNOWN,C2,R2,K1,C,W2 LOW-COMPLEXITY,MEDIUM,R3 NOMINAL DESIGN INPUTS,,CURRENT PRODUCT — CREATE A SEPARATE NAMED VARIANT IF SCOPE NARROWS,"variant-confirmed critical interface dimensions, tolerances, and uncertainty; measurable acceptance criteria",Confirm the exact product/host variant and complete the primary interface contract. Define measurable acceptance criteria and a minimal coupon/prototype test.,"Uses the live product preflight and purpose document. No R increase is assigned without the stated interface, process, dimensional or physical evidence.",COMPLETE PORTFOLIO TRIAGE — NOT RELEASE APPROVAL,2026-08-31,1.0
PRODUCT:organization-storage/mm-org-017-modular-pocket-emptying-tray,PRODUCT_DIRECTORY,MM-ORG-017,,Modular Pocket Emptying Tray With Coin Slope,products/organization-storage/mm-org-017-modular-pocket-emptying-tray,Receive everyday pocket items in rearrangeable modules and let loose coins be swept down a shallow floor ramp through a low rounded front mouth.,YES,97,94,C2 · R2 · K1 · Lane E · LOW_UNKNOWN,C2,R2,K1,E,W1 HIGH-TREND / LOW-COMPLEXITY,HIGH,R3 NOMINAL DESIGN INPUTS,,CURRENT PRODUCT — CREATE A SEPARATE NAMED VARIANT IF SCOPE NARROWS,"variant-confirmed critical interface dimensions, tolerances, and uncertainty; complete printer/material/nozzle/orientation/process-profile set; measurable acceptance criteria",Confirm the exact product/host variant and complete the primary interface contract. Record the exact manufacturing profile. Define measurable acceptance criteria and a minimal coupon/prototype test.,"Uses the live product preflight and purpose document. No R increase is assigned without the stated interface, process, dimensional or physical evidence.",COMPLETE PORTFOLIO TRIAGE — NOT RELEASE APPROVAL,2026-08-31,1.0
PRODUCT:organization-storage/mm-org-018-drawer-measurement-gauge-kit,PRODUCT_DIRECTORY,MM-ORG-018,,Drawer Measurement Gauge And Clearance Coupon Kit,products/organization-storage/mm-org-018-drawer-measurement-gauge-kit,"Help a customer record drawer corner radius, width at repeatable heights, and a conservative side-clearance preference before ordering a full custom organizer.",YES,88,90,C2 · R2 · K1 · Lane E · LOW_UNKNOWN,C2,R2,K1,E,W1 HIGH-TREND / LOW-COMPLEXITY,HIGH,R3 NOMINAL DESIGN INPUTS,,CURRENT PRODUCT — CREATE A SEPARATE NAMED VARIANT IF SCOPE NARROWS,"variant-confirmed critical interface dimensions, tolerances, and uncertainty; complete printer/material/nozzle/orientation/process-profile set; measurable acceptance criteria",Confirm the exact product/host variant and complete the primary interface contract. Record the exact manufacturing profile. Define measurable acceptance criteria and a minimal coupon/prototype test.,"Uses the live product preflight and purpose document. No R increase is assigned without the stated interface, process, dimensional or physical evidence.",COMPLETE PORTFOLIO TRIAGE — NOT RELEASE APPROVAL,2026-08-31,1.0
PRODUCT:organization-storage/mm-org-019-label-tape-cartridge-rack,PRODUCT_DIRECTORY,MM-ORG-019,,Mm Org 019 Label Tape Cartridge Rack,products/organization-storage/mm-org-019-label-tape-cartridge-rack,"This digital print candidate turns measured rectangular cartridge envelopes into support-free upright storage. It includes two unbranded example presets, common side joints, per-slot adhesive label/status fields and a three-clearance fit coupon.",YES,94,92.8,C2 · R2 · K1 · Lane E · LOW_UNKNOWN,C2,R2,K1,E,W1 HIGH-TREND / LOW-COMPLEXITY,HIGH,R3 NOMINAL DESIGN INPUTS,,CURRENT PRODUCT — CREATE A SEPARATE NAMED VARIANT IF SCOPE NARROWS,"variant-confirmed critical interface dimensions, tolerances, and uncertainty; complete printer/material/nozzle/orientation/process-profile set; measurable acceptance criteria",Confirm the exact product/host variant and complete the primary interface contract. Record the exact manufacturing profile. Define measurable acceptance criteria and a minimal coupon/prototype test.,"Uses the live product preflight and purpose document. No R increase is assigned without the stated interface, process, dimensional or physical evidence.",COMPLETE PORTFOLIO TRIAGE — NOT RELEASE APPROVAL,2026-08-31,1.0
PRODUCT:organization-storage/mm-org-020-belt-scarf-shelf-comb,PRODUCT_DIRECTORY,MM-ORG-020,,Mm Org 020 Belt Scarf Shelf Comb,products/organization-storage/mm-org-020-belt-scarf-shelf-comb,"Draft digital print candidate for SKU-125 (opportunity score 89.0). The family stores rolled dry soft goods directly on an existing shelf between rounded full-depth fins, so lint can escape and each roll remains visible.",YES,91,92,C2 · R2 · K2 · Lane E · LOW_UNKNOWN,C2,R2,K2,E,W3 CONTROLLED,MEDIUM,R3 NOMINAL DESIGN INPUTS,,CURRENT PRODUCT — CREATE A SEPARATE NAMED VARIANT IF SCOPE NARROWS,"variant-confirmed critical interface dimensions, tolerances, and uncertainty; complete printer/material/nozzle/orientation/process-profile set; measurable acceptance criteria",Confirm the exact product/host variant and complete the primary interface contract. Record the exact manufacturing profile. Define measurable acceptance criteria and a minimal coupon/prototype test.,"Uses the live product preflight and purpose document. No R increase is assigned without the stated interface, process, dimensional or physical evidence.",COMPLETE PORTFOLIO TRIAGE — NOT RELEASE APPROVAL,2026-08-31,1.0
PRODUCT:organization-storage/mm-org-021-eyeglass-case-shelf-corral,PRODUCT_DIRECTORY,MM-ORG-021,,Mm Org 021 Eyeglass Case Shelf Corral,products/organization-storage/mm-org-021-eyeglass-case-shelf-corral,"Draft digital print candidate for SKU-199 (opportunity score 89.0). Closed eyeglass cases stand on their short end in measured lanes; a rear-falling floor, dividers, low front stop and rear wall organize them without touching lenses.",YES,91,92,C2 · R1 · K2 · Lane E · LOW_UNKNOWN,C2,R1,K2,E,W3 CONTROLLED,MEDIUM,R3 NOMINAL DESIGN INPUTS,,CURRENT PRODUCT — CREATE A SEPARATE NAMED VARIANT IF SCOPE NARROWS,"variant-confirmed critical interface dimensions, tolerances, and uncertainty; complete printer/material/nozzle/orientation/process-profile set; measurable acceptance criteria",Confirm the exact product/host variant and complete the primary interface contract. Record the exact manufacturing profile. Define measurable acceptance criteria and a minimal coupon/prototype test.,"Uses the live product preflight and purpose document. No R increase is assigned without the stated interface, process, dimensional or physical evidence.",COMPLETE PORTFOLIO TRIAGE — NOT RELEASE APPROVAL,2026-08-31,1.0
PRODUCT:organization-storage/mm-org-022-labelable-small-parts-bin-set,PRODUCT_DIRECTORY,MM-ORG-022,,Mm Org 022 Labelable Small Parts Bin Set,products/organization-storage/mm-org-022-labelable-small-parts-bin-set,Draft digital print candidate derived from SKU-023 (opportunity score 88.8).,YES,95,91.8,C2 · R1 · K1 · Lane E · LOW_UNKNOWN,C2,R1,K1,E,W1 HIGH-TREND / LOW-COMPLEXITY,HIGH,R3 NOMINAL DESIGN INPUTS,,CURRENT PRODUCT — CREATE A SEPARATE NAMED VARIANT IF SCOPE NARROWS,"variant-confirmed critical interface dimensions, tolerances, and uncertainty; complete printer/material/nozzle/orientation/process-profile set; measurable acceptance criteria",Confirm the exact product/host variant and complete the primary interface contract. Record the exact manufacturing profile. Define measurable acceptance criteria and a minimal coupon/prototype test.,"Uses the live product preflight and purpose document. No R increase is assigned without the stated interface, process, dimensional or physical evidence.",COMPLETE PORTFOLIO TRIAGE — NOT RELEASE APPROVAL,2026-08-31,1.0
PRODUCT:organization-storage/mm-org-023-page-holder-thumb-tool,PRODUCT_DIRECTORY,MM-ORG-023,,Mm Org 023 Page Holder Thumb Tool,products/organization-storage/mm-org-023-page-holder-thumb-tool,Draft S/M/L digital candidate derived from SKU-053 (opportunity score 88.8).,YES,78,91.8,C3 · R2 · K1 · Lane E · LOW_UNKNOWN,C3,R2,K1,E,W3 CONTROLLED,MEDIUM,R3 NOMINAL DESIGN INPUTS,,CURRENT PRODUCT — CREATE A SEPARATE NAMED VARIANT IF SCOPE NARROWS,"variant-confirmed critical interface dimensions, tolerances, and uncertainty; complete printer/material/nozzle/orientation/process-profile set; measurable acceptance criteria",Confirm the exact product/host variant and complete the primary interface contract. Record the exact manufacturing profile. Define measurable acceptance criteria and a minimal coupon/prototype test.,"Uses the live product preflight and purpose document. No R increase is assigned without the stated interface, process, dimensional or physical evidence.",COMPLETE PORTFOLIO TRIAGE — NOT RELEASE APPROVAL,2026-08-31,1.0
PRODUCT:organization-storage/mm-org-024-deep-shelf-pull-tab-bin-front,PRODUCT_DIRECTORY,MM-ORG-024,,Mm Org 024 Deep Shelf Pull Tab Bin Front,products/organization-storage/mm-org-024-deep-shelf-pull-tab-bin-front,Draft digital candidate derived from SKU-118 (opportunity score 88.8).,YES,88,88.8,C2 · R2 · K2 · Lane E · LOW_UNKNOWN,C2,R2,K2,E,W3 CONTROLLED,MEDIUM,R3 NOMINAL DESIGN INPUTS,,CURRENT PRODUCT — CREATE A SEPARATE NAMED VARIANT IF SCOPE NARROWS,"variant-confirmed critical interface dimensions, tolerances, and uncertainty; complete printer/material/nozzle/orientation/process-profile set; measurable acceptance criteria",Confirm the exact product/host variant and complete the primary interface contract. Record the exact manufacturing profile. Define measurable acceptance criteria and a minimal coupon/prototype test.,"Uses the live product preflight and purpose document. No R increase is assigned without the stated interface, process, dimensional or physical evidence.",COMPLETE PORTFOLIO TRIAGE — NOT RELEASE APPROVAL,2026-08-31,1.0
PRODUCT:organization-storage/mm-org-025-adjustable-vertical-makeup-palette-organizer,PRODUCT_DIRECTORY,MM-ORG-025,,Mm Org 025 Adjustable Vertical Makeup Palette Organizer,products/organization-storage/mm-org-025-adjustable-vertical-makeup-palette-organizer,"Fully parametric digital print candidate for SKU-007, the vertical makeup-palette organizer. One 190 × 106 mm base provides sixteen 11.5 mm grid stations. Seven identical removable dividers form six default compartments with 20.6/20.6/20.6/20.6/32.1/43.6 mm clear widths.",YES,91,91,C3 · R2 · K1 · Lane E · LOW_UNKNOWN,C3,R2,K1,E,W3 CONTROLLED,MEDIUM,R3 NOMINAL DESIGN INPUTS,,CURRENT PRODUCT — CREATE A SEPARATE NAMED VARIANT IF SCOPE NARROWS,"variant-confirmed critical interface dimensions, tolerances, and uncertainty; complete printer/material/nozzle/orientation/process-profile set; measurable acceptance criteria",Confirm the exact product/host variant and complete the primary interface contract. Record the exact manufacturing profile. Define measurable acceptance criteria and a minimal coupon/prototype test.,"Uses the live product preflight and purpose document. No R increase is assigned without the stated interface, process, dimensional or physical evidence.",COMPLETE PORTFOLIO TRIAGE — NOT RELEASE APPROVAL,2026-08-31,1.0
PRODUCT:organization-storage/mm-org-026-personalized-desk-nameplate,PRODUCT_DIRECTORY,MM-ORG-026,,Mm Org 026 Personalized Desk Nameplate,products/organization-storage/mm-org-026-personalized-desk-nameplate,Fully parametric digital candidate for SKU-014: a personalized 200 × 50 mm engraved insert held by two reusable 70-degree end stands. The font-safe workflow uses the repository-owned `MM-GRID-5X7-v1` glyph source for both live SVG proof and CAD; no installed font file is required.,YES,84,91,C3 · R2 · K1 · Lane E · LOW_UNKNOWN,C3,R2,K1,E,W3 CONTROLLED,MEDIUM,R3 NOMINAL DESIGN INPUTS,,CURRENT PRODUCT — CREATE A SEPARATE NAMED VARIANT IF SCOPE NARROWS,"variant-confirmed critical interface dimensions, tolerances, and uncertainty; complete printer/material/nozzle/orientation/process-profile set; measurable acceptance criteria",Confirm the exact product/host variant and complete the primary interface contract. Record the exact manufacturing profile. Define measurable acceptance criteria and a minimal coupon/prototype test.,"Uses the live product preflight and purpose document. No R increase is assigned without the stated interface, process, dimensional or physical evidence.",COMPLETE PORTFOLIO TRIAGE — NOT RELEASE APPROVAL,2026-08-31,1.0
PRODUCT:organization-storage/mm-org-027-vinyl-record-divider-label-set,PRODUCT_DIRECTORY,MM-ORG-027,,Shelfcue Vinyl Record Divider Label Set,products/organization-storage/mm-org-027-vinyl-record-divider-label-set,Index categories in a spine-out vinyl shelf using a thin between-sleeve carrier and a front-readable perpendicular label cap.,YES,78,91,C2 · R2 · K1 · Lane E · LOW_UNKNOWN,C2,R2,K1,E,W2 LOW-COMPLEXITY,MEDIUM,R3 NOMINAL DESIGN INPUTS,,CURRENT PRODUCT — CREATE A SEPARATE NAMED VARIANT IF SCOPE NARROWS,"variant-confirmed critical interface dimensions, tolerances, and uncertainty; complete printer/material/nozzle/orientation/process-profile set; measurable acceptance criteria",Confirm the exact product/host variant and complete the primary interface contract. Record the exact manufacturing profile. Define measurable acceptance criteria and a minimal coupon/prototype test.,"Uses the live product preflight and purpose document. No R increase is assigned without the stated interface, process, dimensional or physical evidence.",COMPLETE PORTFOLIO TRIAGE — NOT RELEASE APPROVAL,2026-08-31,1.0
PRODUCT:organization-storage/mm-org-028-craft-stamp-die-index-rack,PRODUCT_DIRECTORY,MM-ORG-028,,Mm Org 028 Craft Stamp Die Index Rack,products/organization-storage/mm-org-028-craft-stamp-die-index-rack,Fully parametric draft digital candidate for portfolio SKU-158: a fifteen-lane craft stamp/die index rack for filled protective envelopes or cases in the retained 220 × 180 × 200 mm single-part envelope.,YES,94,90.8,C2 · R2 · K1 · Lane E · LOW_UNKNOWN,C2,R2,K1,E,W1 HIGH-TREND / LOW-COMPLEXITY,HIGH,R3 NOMINAL DESIGN INPUTS,,CURRENT PRODUCT — CREATE A SEPARATE NAMED VARIANT IF SCOPE NARROWS,"variant-confirmed critical interface dimensions, tolerances, and uncertainty; complete printer/material/nozzle/orientation/process-profile set; measurable acceptance criteria",Confirm the exact product/host variant and complete the primary interface contract. Record the exact manufacturing profile. Define measurable acceptance criteria and a minimal coupon/prototype test.,"Uses the live product preflight and purpose document. No R increase is assigned without the stated interface, process, dimensional or physical evidence.",COMPLETE PORTFOLIO TRIAGE — NOT RELEASE APPROVAL,2026-08-31,1.0
PRODUCT:organization-storage/mm-org-029-craft-night-modular-personal-supply-caddy,PRODUCT_DIRECTORY,MM-ORG-029,,Mm Org 029 Craft Night Modular Personal Supply Caddy,products/organization-storage/mm-org-029-craft-night-modular-personal-supply-caddy,Fully parametric draft digital print candidate for portfolio SKU-160. Four repeated two-compartment caddies dock around a shared center cup and use CSV-generated replaceable nameplates.,YES,96,90.8,C2 · R2 · K1 · Lane E · LOW_UNKNOWN,C2,R2,K1,E,W1 HIGH-TREND / LOW-COMPLEXITY,HIGH,R3 NOMINAL DESIGN INPUTS,,CURRENT PRODUCT — CREATE A SEPARATE NAMED VARIANT IF SCOPE NARROWS,"variant-confirmed critical interface dimensions, tolerances, and uncertainty; complete printer/material/nozzle/orientation/process-profile set; measurable acceptance criteria",Confirm the exact product/host variant and complete the primary interface contract. Record the exact manufacturing profile. Define measurable acceptance criteria and a minimal coupon/prototype test.,"Uses the live product preflight and purpose document. No R increase is assigned without the stated interface, process, dimensional or physical evidence.",COMPLETE PORTFOLIO TRIAGE — NOT RELEASE APPROVAL,2026-08-31,1.0
PRODUCT:organization-storage/mm-org-030-irregular-corner-drawer-organizer-infill,PRODUCT_DIRECTORY,MM-ORG-030,,Mm Org 030 Irregular Corner Drawer Organizer Infill,products/organization-storage/mm-org-030-irregular-corner-drawer-organizer-infill,"Fully parametric draft digital candidate for three irregular drawer-corner infill families. Edit `config/model-parameters.json`, run `tools/generate_templates.py`, then `cad/build.py`. Print/measure the exact template and coupon before a full tray. Physical fit/function and commercial release are deferred.",YES,86,86.8,C2 · R2 · K1 · Lane E · LOW_UNKNOWN,C2,R2,K1,E,W1 HIGH-TREND / LOW-COMPLEXITY,HIGH,R3 NOMINAL DESIGN INPUTS,,CURRENT PRODUCT — CREATE A SEPARATE NAMED VARIANT IF SCOPE NARROWS,"variant-confirmed critical interface dimensions, tolerances, and uncertainty; complete printer/material/nozzle/orientation/process-profile set; measurable acceptance criteria",Confirm the exact product/host variant and complete the primary interface contract. Record the exact manufacturing profile. Define measurable acceptance criteria and a minimal coupon/prototype test.,"Uses the live product preflight and purpose document. No R increase is assigned without the stated interface, process, dimensional or physical evidence.",COMPLETE PORTFOLIO TRIAGE — NOT RELEASE APPROVAL,2026-08-31,1.0
PRODUCT:organization-storage/mm-org-031-pageharbor-shelf-side-ereader-book-dock,PRODUCT_DIRECTORY,MM-ORG-031,,Pageharbor Duo 5,products/organization-storage/mm-org-031-pageharbor-shelf-side-ereader-book-dock,"Fully parametric draft digital print candidate for portfolio SKU-123, a narrow passive shelf dock for one cased e-reader and one closed current book. Start with [PRINT-GUIDE.md](PRINT-GUIDE.md); physical fit and stability validation remain intentionally deferred.",YES,94,89.8,C2 · R2 · K2 · Lane E · LOW_UNKNOWN,C2,R2,K2,E,W3 CONTROLLED,MEDIUM,R3 NOMINAL DESIGN INPUTS,,CURRENT PRODUCT — CREATE A SEPARATE NAMED VARIANT IF SCOPE NARROWS,"variant-confirmed critical interface dimensions, tolerances, and uncertainty; complete printer/material/nozzle/orientation/process-profile set; measurable acceptance criteria",Confirm the exact product/host variant and complete the primary interface contract. Record the exact manufacturing profile. Define measurable acceptance criteria and a minimal coupon/prototype test.,"Uses the live product preflight and purpose document. No R increase is assigned without the stated interface, process, dimensional or physical evidence.",COMPLETE PORTFOLIO TRIAGE — NOT RELEASE APPROVAL,2026-08-31,1.0
PRODUCT:organization-storage/mm-org-032-pairpin-thread-bobbin-rack,PRODUCT_DIRECTORY,MM-ORG-032,,Pairpin 8,products/organization-storage/mm-org-032-pairpin-thread-bobbin-rack,"Fully parametric draft digital print candidate for portfolio SKU-147: a freestanding eight-pair thread-spool and matching-bobbin rack. Start with [PRINT-GUIDE.md](PRINT-GUIDE.md); physical fit, snag and stability validation remain deferred.",YES,91,89.8,C2 · R2 · K1 · Lane E · LOW_UNKNOWN,C2,R2,K1,E,W1 HIGH-TREND / LOW-COMPLEXITY,HIGH,R3 NOMINAL DESIGN INPUTS,,CURRENT PRODUCT — CREATE A SEPARATE NAMED VARIANT IF SCOPE NARROWS,"variant-confirmed critical interface dimensions, tolerances, and uncertainty; complete printer/material/nozzle/orientation/process-profile set; measurable acceptance criteria",Confirm the exact product/host variant and complete the primary interface contract. Record the exact manufacturing profile. Define measurable acceptance criteria and a minimal coupon/prototype test.,"Uses the live product preflight and purpose document. No R increase is assigned without the stated interface, process, dimensional or physical evidence.",COMPLETE PORTFOLIO TRIAGE — NOT RELEASE APPROVAL,2026-08-31,1.0
PRODUCT:organization-storage/mm-org-033-diamond-painting-tray-staging-rack,PRODUCT_DIRECTORY,MM-ORG-033,,Gemstage 6,products/organization-storage/mm-org-033-diamond-painting-tray-staging-rack,"Parametric DRAFT digital print candidate for portfolio SKU-156: a six-level, rearward-sloped staging rack for generic diamond-painting sorting trays. The rack prints as one piece on its side without supports; a compact mouth coupon is included for tray-width, front-tab and retrieval checks. The exact retained Anycubic Slicer Next run and the full draft validation project pass.",YES,94,89.8,C2 · R2 · K1 · Lane E · LOW_UNKNOWN,C2,R2,K1,E,W1 HIGH-TREND / LOW-COMPLEXITY,HIGH,R3 NOMINAL DESIGN INPUTS,,CURRENT PRODUCT — CREATE A SEPARATE NAMED VARIANT IF SCOPE NARROWS,"variant-confirmed critical interface dimensions, tolerances, and uncertainty; complete printer/material/nozzle/orientation/process-profile set; measurable acceptance criteria",Confirm the exact product/host variant and complete the primary interface contract. Record the exact manufacturing profile. Define measurable acceptance criteria and a minimal coupon/prototype test.,"Uses the live product preflight and purpose document. No R increase is assigned without the stated interface, process, dimensional or physical evidence.",COMPLETE PORTFOLIO TRIAGE — NOT RELEASE APPROVAL,2026-08-31,1.0
PRODUCT:organization-storage/mm-org-034-snap-on-journal-pen-loop,PRODUCT_DIRECTORY,MM-ORG-034,,Flexdock Journal Pen Loop,products/organization-storage/mm-org-034-snap-on-journal-pen-loop,Controlled parametric implementation of portfolio research item `SKU-025`.,YES,78,89,C3 · R2 · K1 · Lane E · LOW_UNKNOWN,C3,R2,K1,E,W3 CONTROLLED,MEDIUM,R3 NOMINAL DESIGN INPUTS,,CURRENT PRODUCT — CREATE A SEPARATE NAMED VARIANT IF SCOPE NARROWS,"variant-confirmed critical interface dimensions, tolerances, and uncertainty; complete printer/material/nozzle/orientation/process-profile set; measurable acceptance criteria",Confirm the exact product/host variant and complete the primary interface contract. Record the exact manufacturing profile. Define measurable acceptance criteria and a minimal coupon/prototype test.,"Uses the live product preflight and purpose document. No R increase is assigned without the stated interface, process, dimensional or physical evidence.",COMPLETE PORTFOLIO TRIAGE — NOT RELEASE APPROVAL,2026-08-31,1.0
PRODUCT:organization-storage/mm-org-035-stamp-and-ink-pad-desk-organizer,PRODUCT_DIRECTORY,MM-ORG-035,,Inknest Duo,products/organization-storage/mm-org-035-stamp-and-ink-pad-desk-organizer,Controlled parametric implementation of portfolio research item `SKU-047`.,YES,77,88.8,C2 · R2 · K1 · Lane E · LOW_UNKNOWN,C2,R2,K1,E,W2 LOW-COMPLEXITY,MEDIUM,R3 NOMINAL DESIGN INPUTS,,CURRENT PRODUCT — CREATE A SEPARATE NAMED VARIANT IF SCOPE NARROWS,"variant-confirmed critical interface dimensions, tolerances, and uncertainty; complete printer/material/nozzle/orientation/process-profile set; measurable acceptance criteria",Confirm the exact product/host variant and complete the primary interface contract. Record the exact manufacturing profile. Define measurable acceptance criteria and a minimal coupon/prototype test.,"Uses the live product preflight and purpose document. No R increase is assigned without the stated interface, process, dimensional or physical evidence.",COMPLETE PORTFOLIO TRIAGE — NOT RELEASE APPROVAL,2026-08-31,1.0
PRODUCT:organization-storage/mm-org-036-deep-drawer-height-riser-platform,PRODUCT_DIRECTORY,MM-ORG-036,,Liftdeck 50,products/organization-storage/mm-org-036-deep-drawer-height-riser-platform,Controlled parametric implementation of portfolio research item `SKU-104`.,YES,88,88.8,C2 · R2 · K2 · Lane E · LOW_UNKNOWN,C2,R2,K2,E,W3 CONTROLLED,MEDIUM,R3 NOMINAL DESIGN INPUTS,,CURRENT PRODUCT — CREATE A SEPARATE NAMED VARIANT IF SCOPE NARROWS,"variant-confirmed critical interface dimensions, tolerances, and uncertainty; complete printer/material/nozzle/orientation/process-profile set; measurable acceptance criteria",Confirm the exact product/host variant and complete the primary interface contract. Record the exact manufacturing profile. Define measurable acceptance criteria and a minimal coupon/prototype test.,"Uses the live product preflight and purpose document. No R increase is assigned without the stated interface, process, dimensional or physical evidence.",COMPLETE PORTFOLIO TRIAGE — NOT RELEASE APPROVAL,2026-08-31,1.0
PRODUCT:organization-storage/mm-org-037-sewing-bobbin-presser-foot-drawer-cassette,PRODUCT_DIRECTORY,MM-ORG-037,,Stitchcell 7+10,products/organization-storage/mm-org-037-sewing-bobbin-presser-foot-drawer-cassette,Controlled parametric implementation of portfolio research item `SKU-107`.,YES,96,88.8,C3 · R1 · K1 · Lane E · LOW_UNKNOWN,C3,R1,K1,E,W3 CONTROLLED,MEDIUM,R3 NOMINAL DESIGN INPUTS,,CURRENT PRODUCT — CREATE A SEPARATE NAMED VARIANT IF SCOPE NARROWS,"variant-confirmed critical interface dimensions, tolerances, and uncertainty; complete printer/material/nozzle/orientation/process-profile set; measurable acceptance criteria",Confirm the exact product/host variant and complete the primary interface contract. Record the exact manufacturing profile. Define measurable acceptance criteria and a minimal coupon/prototype test.,"Uses the live product preflight and purpose document. No R increase is assigned without the stated interface, process, dimensional or physical evidence.",COMPLETE PORTFOLIO TRIAGE — NOT RELEASE APPROVAL,2026-08-31,1.0
PRODUCT:organization-storage/mm-org-038-milestone-photo-card-desk-display-block,PRODUCT_DIRECTORY,MM-ORG-038,,Momentpair 2,products/organization-storage/mm-org-038-milestone-photo-card-desk-display-block,Controlled parametric implementation of portfolio research item `SKU-180`.,YES,92,92,C2 · R1 · K1 · Lane E · LOW_UNKNOWN,C2,R1,K1,E,W1 HIGH-TREND / LOW-COMPLEXITY,HIGH,R3 NOMINAL DESIGN INPUTS,,CURRENT PRODUCT — CREATE A SEPARATE NAMED VARIANT IF SCOPE NARROWS,"variant-confirmed critical interface dimensions, tolerances, and uncertainty; complete printer/material/nozzle/orientation/process-profile set; measurable acceptance criteria",Confirm the exact product/host variant and complete the primary interface contract. Record the exact manufacturing profile. Define measurable acceptance criteria and a minimal coupon/prototype test.,"Uses the live product preflight and purpose document. No R increase is assigned without the stated interface, process, dimensional or physical evidence.",COMPLETE PORTFOLIO TRIAGE — NOT RELEASE APPROVAL,2026-08-31,1.0
PRODUCT:organization-storage/mm-org-039-coin-capsule-medal-drawer-cassette,PRODUCT_DIRECTORY,MM-ORG-039,,Collectorgrid 6,products/organization-storage/mm-org-039-coin-capsule-medal-drawer-cassette,Controlled parametric implementation of portfolio research item `SKU-109`.,YES,91,87.8,C2 · R1 · K1 · Lane E · LOW_UNKNOWN,C2,R1,K1,E,W1 HIGH-TREND / LOW-COMPLEXITY,HIGH,R3 NOMINAL DESIGN INPUTS,,CURRENT PRODUCT — CREATE A SEPARATE NAMED VARIANT IF SCOPE NARROWS,"variant-confirmed critical interface dimensions, tolerances, and uncertainty; complete printer/material/nozzle/orientation/process-profile set; measurable acceptance criteria",Confirm the exact product/host variant and complete the primary interface contract. Record the exact manufacturing profile. Define measurable acceptance criteria and a minimal coupon/prototype test.,"Uses the live product preflight and purpose document. No R increase is assigned without the stated interface, process, dimensional or physical evidence.",COMPLETE PORTFOLIO TRIAGE — NOT RELEASE APPROVAL,2026-08-31,1.0
PRODUCT:organization-storage/mm-org-040-field-notes-original-kraft-memo-book-station,PRODUCT_DIRECTORY,MM-ORG-040,,Field Notes Original Kraft 89 x 140 memo-book station,products/organization-storage/mm-org-040-field-notes-original-kraft-memo-book-station,"Register one closed Field Notes Original Kraft memo book against two loose, non-clamping desk datums for repeatable adult indoor writing or display placement.",YES,,,C1 · R3 · K1 · Lane B · CONDITIONAL,C1,R3,K1,B,W2 LOW-COMPLEXITY,R3+ ACHIEVED — PHYSICAL EVIDENCE NEXT,R4 INDEPENDENT / PHYSICAL VALIDATION,,CURRENT PRODUCT — CREATE A SEPARATE NAMED VARIANT IF SCOPE NARROWS,"Independent measurement of one current Original Kraft book is not recorded.; Cover bow, corner wear, edition variation and the selected design clearance are not physically characterized.; No coupon, prototype, insertion-cycle, marking or 10-degree stability result exists.; Seller legal identity, source/tool terms evidence, trademark review, outgoing license, DE market/compliance review and commercial approvals remain UNKNOWN/BLOCK.","Normalize and approve revision 0.1.0 requirements, including the left/right spine orientation and loose-clearance strategy, under the current hash-bound autonomy policy. Create and approve a concept in a later design phase without treating it as dimensional evidence. Print the two-datum corner coupon and test one current Original Kraft book on the pinned process baseline. Complete source/tool/trademark/outgoing-license/DE-market reviews and authorized commercial approvals.","Uses the live product preflight and purpose document. No R increase is assigned without the stated interface, process, dimensional or physical evidence.",COMPLETE PORTFOLIO TRIAGE — NOT RELEASE APPROVAL,2026-08-31,1.0
PRODUCT:organization-storage/mm-per-001-nameform-bookends,PRODUCT_DIRECTORY,MM-PER-001,,Nameform Split Pair Bookends,products/organization-storage/mm-per-001-nameform-bookends,"A coordinated pair of distinct left and right bookends. Books stand between the two ends along X. Each part has a vertical side blade beside the books, a thin inward foot beneath the books, and a front-facing letter-dominant facade without a rectangular wing. The left and right text halves read as one name from the front; neither text half is mirrored. A recessed rear web only joins the glyphs; the side blade and foot retain the book load independently of the decorative glyphs.",YES,,,C3 · R2 · K1 · Lane C · LOW_UNKNOWN,C3,R2,K1,C,W3 CONTROLLED,MEDIUM,R3 NOMINAL DESIGN INPUTS,,CURRENT PRODUCT — CREATE A SEPARATE NAMED VARIANT IF SCOPE NARROWS,"variant-confirmed critical interface dimensions, tolerances, and uncertainty; measurable acceptance criteria",Confirm the exact product/host variant and complete the primary interface contract. Define measurable acceptance criteria and a minimal coupon/prototype test.,"Uses the live product preflight and purpose document. No R increase is assigned without the stated interface, process, dimensional or physical evidence.",COMPLETE PORTFOLIO TRIAGE — NOT RELEASE APPROVAL,2026-08-31,1.0
PRODUCT:organization-storage/mm-wall-001-honeycomb-wood-wall-shelf,PRODUCT_DIRECTORY,honeycomb-wood-wall-shelf,,Mm Wall 001 Honeycomb Wood Wall Shelf,products/organization-storage/mm-wall-001-honeycomb-wood-wall-shelf,Develop a modular honeycomb wall shelf and display system with wood-inspired surfaces and printable mounting interfaces.,YES,,,C2 · R2 · K3 · Lane E · NOT_AUTONOMOUSLY_RELEASABLE,C2,R2,K3,E,W4 SPECIALIST / HOLD,LOW / SPECIALIST,R3 NOMINAL DESIGN INPUTS,,CURRENT PRODUCT — CREATE A SEPARATE NAMED VARIANT IF SCOPE NARROWS,"variant-confirmed critical interface dimensions, tolerances, and uncertainty; complete printer/material/nozzle/orientation/process-profile set; measurable acceptance criteria",Obtain an expert review of credible failure modes and the staged prototype plan. Confirm the exact product/host variant and complete the primary interface contract. Record the exact manufacturing profile. Define measurable acceptance criteria and a minimal coupon/prototype test.,"Uses the live product preflight and purpose document. No R increase is assigned without the stated interface, process, dimensional or physical evidence.",COMPLETE PORTFOLIO TRIAGE — NOT RELEASE APPROVAL,2026-08-31,1.0
PRODUCT:printer-workshop/mm-mkr-001-cybervault-nozzle-case,PRODUCT_DIRECTORY,cyber-nozzle-case,,Mm Mkr 001 Cybervault Nozzle Case,products/printer-workshop/mm-mkr-001-cybervault-nozzle-case,"Store, identify, and protect interchangeable 3D-printer nozzles in a printable CyberVault case with fit-coupon verification.",YES,,,C3 · R2 · K1 · Lane C · LOW_UNKNOWN,C3,R2,K1,C,W3 CONTROLLED,MEDIUM,R3 NOMINAL DESIGN INPUTS,,CURRENT PRODUCT — CREATE A SEPARATE NAMED VARIANT IF SCOPE NARROWS,"variant-confirmed critical interface dimensions, tolerances, and uncertainty; measurable acceptance criteria",Confirm the exact product/host variant and complete the primary interface contract. Define measurable acceptance criteria and a minimal coupon/prototype test.,"Uses the live product preflight and purpose document. No R increase is assigned without the stated interface, process, dimensional or physical evidence.",COMPLETE PORTFOLIO TRIAGE — NOT RELEASE APPROVAL,2026-08-31,1.0
PRODUCT:printer-workshop/mm-tool-001-kobra3max-enclosure,PRODUCT_DIRECTORY,MM-TOOL-001,,Kobra 3 Max Enclosure – Camera Ready White Box Revision,products/printer-workshop/mm-tool-001-kobra3max-enclosure,Provide a modular enclosure and accessory-mount system for an Anycubic Kobra 3 Max workspace; thermal and machine-clearance performance remain test-gated.,YES,,,C4 · R2 · K3 · Lane E · NOT_AUTONOMOUSLY_RELEASABLE,C4,R2,K3,E,W4 SPECIALIST / HOLD,LOW / SPECIALIST,R3 NOMINAL DESIGN INPUTS,,CURRENT PRODUCT — CREATE A SEPARATE NAMED VARIANT IF SCOPE NARROWS,"variant-confirmed critical interface dimensions, tolerances, and uncertainty",Obtain an expert review of credible failure modes and the staged prototype plan. Confirm the exact product/host variant and complete the primary interface contract.,"Uses the live product preflight and purpose document. No R increase is assigned without the stated interface, process, dimensional or physical evidence.",COMPLETE PORTFOLIO TRIAGE — NOT RELEASE APPROVAL,2026-08-31,1.0
PRODUCT:printer-workshop/mm-tool-002-filament-drybox-system,PRODUCT_DIRECTORY,MM-TOOL-002,,Mm Tool 002 Filament Drybox System,products/printer-workshop/mm-tool-002-filament-drybox-system,"Support dry filament storage and routing with printable holders, feedthroughs, desiccant containers, and an inline feeding mechanism.",YES,,,C4 · R1 · K2 · Lane E · LOW_UNKNOWN,C4,R1,K2,E,W4 SPECIALIST / HOLD,LOW / SPECIALIST,R3 NOMINAL DESIGN INPUTS,,CURRENT PRODUCT — CREATE A SEPARATE NAMED VARIANT IF SCOPE NARROWS,"stable current product revision; variant-confirmed critical interface dimensions, tolerances, and uncertainty; complete printer/material/nozzle/orientation/process-profile set; measurable acceptance criteria",Confirm the exact product/host variant and complete the primary interface contract. Record the exact manufacturing profile. Define measurable acceptance criteria and a minimal coupon/prototype test.,"Uses the live product preflight and purpose document. No R increase is assigned without the stated interface, process, dimensional or physical evidence.",COMPLETE PORTFOLIO TRIAGE — NOT RELEASE APPROVAL,2026-08-31,1.0
PRODUCT:printer-workshop/mm-tool-003-kobra3max-camera-arm,PRODUCT_DIRECTORY,MM-TOOL-003,,Mm Tool 003 Kobra3Max Camera Arm,products/printer-workshop/mm-tool-003-kobra3max-camera-arm,Mount and position an Anycubic printer camera on a slim articulated arm attached to a Kobra 3 Max.,YES,,,C3 · R1 · K3 · Lane E · NOT_AUTONOMOUSLY_RELEASABLE,C3,R1,K3,E,W4 SPECIALIST / HOLD,LOW / SPECIALIST,R3 NOMINAL DESIGN INPUTS,,CURRENT PRODUCT — CREATE A SEPARATE NAMED VARIANT IF SCOPE NARROWS,"stable current product revision; variant-confirmed critical interface dimensions, tolerances, and uncertainty; complete printer/material/nozzle/orientation/process-profile set; measurable acceptance criteria",Obtain an expert review of credible failure modes and the staged prototype plan. Confirm the exact product/host variant and complete the primary interface contract. Record the exact manufacturing profile. Define measurable acceptance criteria and a minimal coupon/prototype test.,"Uses the live product preflight and purpose document. No R increase is assigned without the stated interface, process, dimensional or physical evidence.",COMPLETE PORTFOLIO TRIAGE — NOT RELEASE APPROVAL,2026-08-31,1.0
PRODUCT:printer-workshop/mm-tool-004-claw-hammer-mesh,PRODUCT_DIRECTORY,MM-TOOL-004,,Mm Tool 004 Claw Hammer Mesh,products/printer-workshop/mm-tool-004-claw-hammer-mesh,Provide a claw-hammer-shaped printable reference or display mesh; it is not validated for striking or load-bearing tool use.,YES,,,C3 · R1 · K0 · Lane E · LOW_UNKNOWN,C3,R1,K0,E,W3 CONTROLLED,MEDIUM,R3 NOMINAL DESIGN INPUTS,,CURRENT PRODUCT — CREATE A SEPARATE NAMED VARIANT IF SCOPE NARROWS,"stable current product revision; variant-confirmed critical interface dimensions, tolerances, and uncertainty; complete printer/material/nozzle/orientation/process-profile set; measurable acceptance criteria; verification plan and physical result references",Confirm the exact product/host variant and complete the primary interface contract. Record the exact manufacturing profile. Define measurable acceptance criteria and a minimal coupon/prototype test.,"Uses the live product preflight and purpose document. No R increase is assigned without the stated interface, process, dimensional or physical evidence.",COMPLETE PORTFOLIO TRIAGE — NOT RELEASE APPROVAL,2026-08-31,1.0
PRODUCT:printer-workshop/unregistered-kobra3max-fan-cage,PRODUCT_DIRECTORY,UNREGISTERED-K3M-PHC,,Metrimade Kobra 3 Max Printhead Cover – Eigenständiger Neuaufbau,products/printer-workshop/unregistered-kobra3max-fan-cage,"Develop a printable protective fan cage or printhead cover for a Kobra 3 Max while preserving airflow, motion clearances, and service access.",YES,,,C4 · R2 · K3 · Lane E · NOT_AUTONOMOUSLY_RELEASABLE,C4,R2,K3,E,W4 SPECIALIST / HOLD,LOW / SPECIALIST,R3 NOMINAL DESIGN INPUTS,,CURRENT PRODUCT — CREATE A SEPARATE NAMED VARIANT IF SCOPE NARROWS,"variant-confirmed critical interface dimensions, tolerances, and uncertainty; measurable acceptance criteria",Obtain an expert review of credible failure modes and the staged prototype plan. Confirm the exact product/host variant and complete the primary interface contract. Define measurable acceptance criteria and a minimal coupon/prototype test.,"Uses the live product preflight and purpose document. No R increase is assigned without the stated interface, process, dimensional or physical evidence.",COMPLETE PORTFOLIO TRIAGE — NOT RELEASE APPROVAL,2026-08-31,1.0
PRODUCT:printer-workshop/unregistered-kobra3max-poop-bin,PRODUCT_DIRECTORY,UNREGISTERED-KOBRA3MAX-POOP-BIN,,Unregistered Kobra3Max Poop Bin,products/printer-workshop/unregistered-kobra3max-poop-bin,Collect purge waste from an Anycubic Kobra 3 Max in a printable bin and mounting-bracket system.,YES,,,C3 · R0 · K2 · Lane E · LOW_UNKNOWN,C3,R0,K2,E,W3 CONTROLLED,MEDIUM,R3 NOMINAL DESIGN INPUTS,,CURRENT PRODUCT — CREATE A SEPARATE NAMED VARIANT IF SCOPE NARROWS,"stable current product revision; variant-confirmed critical interface dimensions, tolerances, and uncertainty; complete printer/material/nozzle/orientation/process-profile set; measurable acceptance criteria",Confirm the exact product/host variant and complete the primary interface contract. Record the exact manufacturing profile. Define measurable acceptance criteria and a minimal coupon/prototype test.,"Uses the live product preflight and purpose document. No R increase is assigned without the stated interface, process, dimensional or physical evidence.",COMPLETE PORTFOLIO TRIAGE — NOT RELEASE APPROVAL,2026-08-31,1.0
PRODUCT:printer-workshop/unregistered-kobra3max-purge-catcher,PRODUCT_DIRECTORY,ANYCUBIC-K3MAX-PURGE-CATCHER-R7,,Anycubic Kobra 3 Max Purge Catcher — Interface Neuentwurf,products/printer-workshop/unregistered-kobra3max-purge-catcher,"Ein einteiliger, bodenloser Umlenker ist mit den beiden vorhandenen Wiper-Schrauben fest am bewegten Purge-Wiper verschraubt, fängt Filamentreste unmittelbar an der Quelle und lässt sie durch einen freien unteren Auslass nach unten fallen.",YES,,,C3 · R2 · K2 · Lane E · LOW_UNKNOWN,C3,R2,K2,E,W3 CONTROLLED,MEDIUM,R3 NOMINAL DESIGN INPUTS,,CURRENT PRODUCT — CREATE A SEPARATE NAMED VARIANT IF SCOPE NARROWS,"R2 retained: the documented Kobra 3 Max context and independently measured 17 mm screw pitch improve the interface evidence, but a complete variant-confirmed clean-room envelope, screw hardware/tolerances, full motion keep-outs, and the moving-diversion versus moving-storage architecture decision remain open.",Approve one storage architecture; record screw head/thread/length/engagement and clean-room envelope/tolerances from the user's machine; build the independent 17 mm hole-pattern plus outline coupon; sweep powered-off full XYZ and service removal; then observe supervised low/mid/high-Z purge before any R4 claim.,"Uses the live product preflight and purpose document. No R increase is assigned without the stated interface, process, dimensional or physical evidence.",COMPLETE PORTFOLIO TRIAGE — NOT RELEASE APPROVAL,2026-08-31,1.0
PRODUCT:printer-workshop/unregistered-magnetic-mouse-jiggler,PRODUCT_DIRECTORY,UNREGISTERED-MAGNETIC-MOUSE-JIGGLER,,Unregistered Magnetic Mouse Jiggler,products/printer-workshop/unregistered-magnetic-mouse-jiggler,"Develop a magnetic flexure-based mouse-jiggler mechanism; its drive method, host compatibility, and endurance targets remain unconfirmed.",YES,,,C3 · R0 · K1 · Lane E · LOW_UNKNOWN,C3,R0,K1,E,W3 CONTROLLED,MEDIUM,R3 NOMINAL DESIGN INPUTS,,CURRENT PRODUCT — CREATE A SEPARATE NAMED VARIANT IF SCOPE NARROWS,"stable current product revision; variant-confirmed critical interface dimensions, tolerances, and uncertainty; complete printer/material/nozzle/orientation/process-profile set; measurable acceptance criteria; verification plan and physical result references",Confirm the exact product/host variant and complete the primary interface contract. Record the exact manufacturing profile. Define measurable acceptance criteria and a minimal coupon/prototype test.,"Uses the live product preflight and purpose document. No R increase is assigned without the stated interface, process, dimensional or physical evidence.",COMPLETE PORTFOLIO TRIAGE — NOT RELEASE APPROVAL,2026-08-31,1.0
PRODUCT:toys-games/mm-boat-001-fisher-boat,PRODUCT_DIRECTORY,MM-BOAT-001,,Mm Boat 001 Fisher Boat,products/toys-games/mm-boat-001-fisher-boat,Provide a printable fisherman-boat display or supervised toy mesh without a validated propulsion or flotation claim.,YES,,,C3 · R1 · K2 · Lane E · LOW_UNKNOWN,C3,R1,K2,E,W3 CONTROLLED,MEDIUM,R3 NOMINAL DESIGN INPUTS,,CURRENT PRODUCT — CREATE A SEPARATE NAMED VARIANT IF SCOPE NARROWS,"stable current product revision; variant-confirmed critical interface dimensions, tolerances, and uncertainty; complete printer/material/nozzle/orientation/process-profile set; measurable acceptance criteria; verification plan and physical result references",Confirm the exact product/host variant and complete the primary interface contract. Record the exact manufacturing profile. Define measurable acceptance criteria and a minimal coupon/prototype test.,"Uses the live product preflight and purpose document. No R increase is assigned without the stated interface, process, dimensional or physical evidence.",COMPLETE PORTFOLIO TRIAGE — NOT RELEASE APPROVAL,2026-08-31,1.0
PRODUCT:toys-games/mm-boat-002-fisher-boat-detailed,PRODUCT_DIRECTORY,MM-BOAT-002,,Mm Boat 002 Fisher Boat Detailed,products/toys-games/mm-boat-002-fisher-boat-detailed,Provide a detailed printable fisherman-boat display or supervised toy mesh without a validated propulsion or flotation claim.,YES,,,C3 · R1 · K2 · Lane E · LOW_UNKNOWN,C3,R1,K2,E,W3 CONTROLLED,MEDIUM,R3 NOMINAL DESIGN INPUTS,,CURRENT PRODUCT — CREATE A SEPARATE NAMED VARIANT IF SCOPE NARROWS,"stable current product revision; variant-confirmed critical interface dimensions, tolerances, and uncertainty; complete printer/material/nozzle/orientation/process-profile set; measurable acceptance criteria; verification plan and physical result references",Confirm the exact product/host variant and complete the primary interface contract. Record the exact manufacturing profile. Define measurable acceptance criteria and a minimal coupon/prototype test.,"Uses the live product preflight and purpose document. No R increase is assigned without the stated interface, process, dimensional or physical evidence.",COMPLETE PORTFOLIO TRIAGE — NOT RELEASE APPROVAL,2026-08-31,1.0
PRODUCT:toys-games/mm-boat-003-flapping-tail-submarine,PRODUCT_DIRECTORY,MM-BOAT-003,,Flapping Tail Spielzeug U Boot — Fish Silhouette Revision,products/toys-games/mm-boat-003-flapping-tail-submarine,"Ein gelenkiges, ballastierbares Spielzeug-U-Boot, das sich über eine motorisch schlagende Schwanzflosse fortbewegt und in neutraler Stellung als kompakter, stromlinienförmiger Fisch lesbar ist.",YES,,,C3 · R2 · K3 · Lane E · NOT_AUTONOMOUSLY_RELEASABLE,C3,R2,K3,E,W4 SPECIALIST / HOLD,LOW / SPECIALIST,R3 NOMINAL DESIGN INPUTS,,CURRENT PRODUCT — CREATE A SEPARATE NAMED VARIANT IF SCOPE NARROWS,"variant-confirmed critical interface dimensions, tolerances, and uncertainty; measurable acceptance criteria",Obtain an expert review of credible failure modes and the staged prototype plan. Confirm the exact product/host variant and complete the primary interface contract. Define measurable acceptance criteria and a minimal coupon/prototype test.,"Uses the live product preflight and purpose document. No R increase is assigned without the stated interface, process, dimensional or physical evidence.",COMPLETE PORTFOLIO TRIAGE — NOT RELEASE APPROVAL,2026-08-31,1.0
PRODUCT:toys-games/mm-boat-004-rocket-boat,PRODUCT_DIRECTORY,MM-BOAT-004,,Mm Boat 004 Rocket Boat,products/toys-games/mm-boat-004-rocket-boat,"Provide a rocket-boat-shaped printable display or supervised toy concept; propulsion, flotation, and safety are not yet defined.",YES,,,C3 · R1 · K2 · Lane E · LOW_UNKNOWN,C3,R1,K2,E,W3 CONTROLLED,MEDIUM,R3 NOMINAL DESIGN INPUTS,,CURRENT PRODUCT — CREATE A SEPARATE NAMED VARIANT IF SCOPE NARROWS,"stable current product revision; variant-confirmed critical interface dimensions, tolerances, and uncertainty; complete printer/material/nozzle/orientation/process-profile set; measurable acceptance criteria; verification plan and physical result references",Confirm the exact product/host variant and complete the primary interface contract. Record the exact manufacturing profile. Define measurable acceptance criteria and a minimal coupon/prototype test.,"Uses the live product preflight and purpose document. No R increase is assigned without the stated interface, process, dimensional or physical evidence.",COMPLETE PORTFOLIO TRIAGE — NOT RELEASE APPROVAL,2026-08-31,1.0
PRODUCT:toys-games/mm-boat-005-toy-boat,PRODUCT_DIRECTORY,MM-BOAT-005,,Mm Boat 005 Toy Boat,products/toys-games/mm-boat-005-toy-boat,Provide a printable toy-boat mesh for supervised play or display; flotation and durability are not yet validated.,YES,,,C3 · R1 · K2 · Lane E · LOW_UNKNOWN,C3,R1,K2,E,W3 CONTROLLED,MEDIUM,R3 NOMINAL DESIGN INPUTS,,CURRENT PRODUCT — CREATE A SEPARATE NAMED VARIANT IF SCOPE NARROWS,"stable current product revision; variant-confirmed critical interface dimensions, tolerances, and uncertainty; complete printer/material/nozzle/orientation/process-profile set; measurable acceptance criteria; verification plan and physical result references",Confirm the exact product/host variant and complete the primary interface contract. Record the exact manufacturing profile. Define measurable acceptance criteria and a minimal coupon/prototype test.,"Uses the live product preflight and purpose document. No R increase is assigned without the stated interface, process, dimensional or physical evidence.",COMPLETE PORTFOLIO TRIAGE — NOT RELEASE APPROVAL,2026-08-31,1.0
PRODUCT:toys-games/mm-drn-001-openquad-cf5-fpv-quadcopter,PRODUCT_DIRECTORY,MM-DRN-001,,Openquad Cf5 Fpv Quadcopter,products/toys-games/mm-drn-001-openquad-cf5-fpv-quadcopter,"Modular five-inch FPV quadcopter research frame using four 10 x 10 x 1 mm carbon square tubes, printed PA-CF nodes and common 30.5 mm electronics.",YES,,,C3 · R0 · K3 · Lane E · NOT_AUTONOMOUSLY_RELEASABLE,C3,R0,K3,E,W4 SPECIALIST / HOLD,LOW / SPECIALIST,R3 NOMINAL DESIGN INPUTS,,CURRENT PRODUCT — CREATE A SEPARATE NAMED VARIANT IF SCOPE NARROWS,"variant-confirmed critical interface dimensions, tolerances, and uncertainty; complete printer/material/nozzle/orientation/process-profile set; measurable acceptance criteria; verification plan and physical result references",Obtain an expert review of credible failure modes and the staged prototype plan. Confirm the exact product/host variant and complete the primary interface contract. Record the exact manufacturing profile. Define measurable acceptance criteria and a minimal coupon/prototype test.,"Uses the live product preflight and purpose document. No R increase is assigned without the stated interface, process, dimensional or physical evidence.",COMPLETE PORTFOLIO TRIAGE — NOT RELEASE APPROVAL,2026-08-31,1.0
PRODUCT:toys-games/mm-hob-001-polygonal-dice-tower,PRODUCT_DIRECTORY,polygonal-dice-tower-functionalization,,Polygonal Dice Tower,products/toys-games/mm-hob-001-polygonal-dice-tower,Guide tabletop dice through a printable polygonal tower and deliver randomized rolls into a controlled collection area.,YES,,,C3 · R2 · K1 · Lane E · LOW_UNKNOWN,C3,R2,K1,E,W3 CONTROLLED,MEDIUM,R3 NOMINAL DESIGN INPUTS,,CURRENT PRODUCT — CREATE A SEPARATE NAMED VARIANT IF SCOPE NARROWS,"variant-confirmed critical interface dimensions, tolerances, and uncertainty; complete printer/material/nozzle/orientation/process-profile set; measurable acceptance criteria; verification plan and physical result references",Confirm the exact product/host variant and complete the primary interface contract. Record the exact manufacturing profile. Define measurable acceptance criteria and a minimal coupon/prototype test.,"Uses the live product preflight and purpose document. No R increase is assigned without the stated interface, process, dimensional or physical evidence.",COMPLETE PORTFOLIO TRIAGE — NOT RELEASE APPROVAL,2026-08-31,1.0
PRODUCT:toys-games/mm-puz-001-parametric-labyrinth-gift-box,PRODUCT_DIRECTORY,MM-PUZ-001,,Mm Puz 001 Parametric Labyrinth Gift Box,products/toys-games/mm-puz-001-parametric-labyrinth-gift-box,"A two-piece cylindrical gift box generated with Python and CadQuery. The inner cup has an optional full-diameter grip collar, one part carries a recessed cylindrical maze, and the other carries a single follower. The maze graph is a perfect spanning tree, so it has exactly one validated graph route between the locked position and the opening.",YES,,,C3 · R1 · K1 · Lane E · LOW_UNKNOWN,C3,R1,K1,E,W3 CONTROLLED,MEDIUM,R3 NOMINAL DESIGN INPUTS,,CURRENT PRODUCT — CREATE A SEPARATE NAMED VARIANT IF SCOPE NARROWS,"stable current product revision; variant-confirmed critical interface dimensions, tolerances, and uncertainty; complete printer/material/nozzle/orientation/process-profile set; measurable acceptance criteria",Confirm the exact product/host variant and complete the primary interface contract. Record the exact manufacturing profile. Define measurable acceptance criteria and a minimal coupon/prototype test.,"Uses the live product preflight and purpose document. No R increase is assigned without the stated interface, process, dimensional or physical evidence.",COMPLETE PORTFOLIO TRIAGE — NOT RELEASE APPROVAL,2026-08-31,1.0
PRODUCT:toys-games/mm-puz-002-mystery-puzzle-box,PRODUCT_DIRECTORY,MM-PUZ-002,,Mystery Puzzle Box,products/toys-games/mm-puz-002-mystery-puzzle-box,"A decorative desktop puzzle box whose lid is retained at three locations. Each question-mark button is on a different exterior face and retracts one local catch. All three must be held, in any order, while the lid is lifted.",YES,,,C3 · R2 · K1 · Lane C · LOW_UNKNOWN,C3,R2,K1,C,W3 CONTROLLED,MEDIUM,R3 NOMINAL DESIGN INPUTS,,CURRENT PRODUCT — CREATE A SEPARATE NAMED VARIANT IF SCOPE NARROWS,"variant-confirmed critical interface dimensions, tolerances, and uncertainty; measurable acceptance criteria",Confirm the exact product/host variant and complete the primary interface contract. Define measurable acceptance criteria and a minimal coupon/prototype test.,"Uses the live product preflight and purpose document. No R increase is assigned without the stated interface, process, dimensional or physical evidence.",COMPLETE PORTFOLIO TRIAGE — NOT RELEASE APPROVAL,2026-08-31,1.0
PRODUCT:toys-games/mm-rov-001-tethys-mini-rov,PRODUCT_DIRECTORY,MM-ROV-001,,Tethys Mini Rov,products/toys-games/mm-rov-001-tethys-mini-rov,"Supervised three-thruster tethered mini ROV for clear, calm freshwater tests, with a purchased 75 mm watertight enclosure, printed PETG frame interfaces and Pi/Pico control.",YES,,,C3 · R0 · K3 · Lane E · NOT_AUTONOMOUSLY_RELEASABLE,C3,R0,K3,E,W4 SPECIALIST / HOLD,LOW / SPECIALIST,R3 NOMINAL DESIGN INPUTS,,CURRENT PRODUCT — CREATE A SEPARATE NAMED VARIANT IF SCOPE NARROWS,"variant-confirmed critical interface dimensions, tolerances, and uncertainty; complete printer/material/nozzle/orientation/process-profile set; measurable acceptance criteria; verification plan and physical result references",Obtain an expert review of credible failure modes and the staged prototype plan. Confirm the exact product/host variant and complete the primary interface contract. Record the exact manufacturing profile. Define measurable acceptance criteria and a minimal coupon/prototype test.,"Uses the live product preflight and purpose document. No R increase is assigned without the stated interface, process, dimensional or physical evidence.",COMPLETE PORTFOLIO TRIAGE — NOT RELEASE APPROVAL,2026-08-31,1.0
PRODUCT:toys-games/mm-toy-001-rubber-ball-toy-popper,PRODUCT_DIRECTORY,MM-TOY-001,,Mm Toy 001 Rubber Ball Toy Popper,products/toys-games/mm-toy-001-rubber-ball-toy-popper,Develop a supervised play mechanism that launches or pops a soft rubber ball; projectile energy and user safety remain unvalidated.,YES,,,C3 · R1 · K3 · Lane E · NOT_AUTONOMOUSLY_RELEASABLE,C3,R1,K3,E,W4 SPECIALIST / HOLD,LOW / SPECIALIST,R3 NOMINAL DESIGN INPUTS,,CURRENT PRODUCT — CREATE A SEPARATE NAMED VARIANT IF SCOPE NARROWS,"stable current product revision; variant-confirmed critical interface dimensions, tolerances, and uncertainty; complete printer/material/nozzle/orientation/process-profile set; measurable acceptance criteria; verification plan and physical result references",Obtain an expert review of credible failure modes and the staged prototype plan. Confirm the exact product/host variant and complete the primary interface contract. Record the exact manufacturing profile. Define measurable acceptance criteria and a minimal coupon/prototype test.,"Uses the live product preflight and purpose document. No R increase is assigned without the stated interface, process, dimensional or physical evidence.",COMPLETE PORTFOLIO TRIAGE — NOT RELEASE APPROVAL,2026-08-31,1.0
PRODUCT:toys-games/mm-toy-002-trailcam-cf10-rc-camera-rover,PRODUCT_DIRECTORY,MM-TOY-002,,Trailcam Cf10 Fpv Camera Rover,products/toys-games/mm-toy-002-trailcam-cf10-rc-camera-rover,"A fully printed, modular first-person-view camera rover for low-speed supervised hobby use. The printed scope covers chassis frame, suspension arms, steering links, drivetrain/servo mounts, a stiff lightweight electronics bridge, protected analog-FPV vision, electronics retention, cable routing and antenna separation. Motor, ESC, servo, radio, camera/VTX, wheels/tires and small metal hardware remain purchased.",YES,,,C3 · R2 · K3 · Lane E · NOT_AUTONOMOUSLY_RELEASABLE,C3,R2,K3,E,W4 SPECIALIST / HOLD,LOW / SPECIALIST,R3 NOMINAL DESIGN INPUTS,,CURRENT PRODUCT — CREATE A SEPARATE NAMED VARIANT IF SCOPE NARROWS,"variant-confirmed critical interface dimensions, tolerances, and uncertainty; complete printer/material/nozzle/orientation/process-profile set; measurable acceptance criteria; verification plan and physical result references",Obtain an expert review of credible failure modes and the staged prototype plan. Confirm the exact product/host variant and complete the primary interface contract. Record the exact manufacturing profile. Define measurable acceptance criteria and a minimal coupon/prototype test.,"Uses the live product preflight and purpose document. No R increase is assigned without the stated interface, process, dimensional or physical evidence.",COMPLETE PORTFOLIO TRIAGE — NOT RELEASE APPROVAL,2026-08-31,1.0
PRODUCT:toys-games/mm-toy-003-trailcam-b2-balance-rover,PRODUCT_DIRECTORY,MM-TOY-003,,Trailcam B2 Balance Fpv Rover,products/toys-games/mm-toy-003-trailcam-b2-balance-rover,"A two-wheel, single-axis FPV camera rover that actively balances its body as an inverted pendulum. Two independently driven coaxial wheels provide pitch stabilization, forward/reverse motion and differential yaw steering. A protected front camera, independent control/video links and serviceable electronics remain visually and functionally related to TrailCam CF10.",YES,,,C3 · R2 · K3 · Lane E · NOT_AUTONOMOUSLY_RELEASABLE,C3,R2,K3,E,W4 SPECIALIST / HOLD,LOW / SPECIALIST,R3 NOMINAL DESIGN INPUTS,,CURRENT PRODUCT — CREATE A SEPARATE NAMED VARIANT IF SCOPE NARROWS,"variant-confirmed critical interface dimensions, tolerances, and uncertainty; complete printer/material/nozzle/orientation/process-profile set",Obtain an expert review of credible failure modes and the staged prototype plan. Confirm the exact product/host variant and complete the primary interface contract. Record the exact manufacturing profile.,"Uses the live product preflight and purpose document. No R increase is assigned without the stated interface, process, dimensional or physical evidence.",COMPLETE PORTFOLIO TRIAGE — NOT RELEASE APPROVAL,2026-08-31,1.0
PRODUCT:toys-games/unregistered-duck-boat,PRODUCT_DIRECTORY,UNREGISTERED-DUCK-BOAT,,Unregistered Duck Boat,products/toys-games/unregistered-duck-boat,Develop a duck-shaped printable boat concept for supervised play or display; flotation and propulsion are not yet defined.,YES,,,C3 · R0 · K1 · Lane E · LOW_UNKNOWN,C3,R0,K1,E,W3 CONTROLLED,MEDIUM,R3 NOMINAL DESIGN INPUTS,,CURRENT PRODUCT — CREATE A SEPARATE NAMED VARIANT IF SCOPE NARROWS,"stable current product revision; variant-confirmed critical interface dimensions, tolerances, and uncertainty; complete printer/material/nozzle/orientation/process-profile set; measurable acceptance criteria; verification plan and physical result references",Confirm the exact product/host variant and complete the primary interface contract. Record the exact manufacturing profile. Define measurable acceptance criteria and a minimal coupon/prototype test.,"Uses the live product preflight and purpose document. No R increase is assigned without the stated interface, process, dimensional or physical evidence.",COMPLETE PORTFOLIO TRIAGE — NOT RELEASE APPROVAL,2026-08-31,1.0
PRODUCT:wearables/mm-acc-001-honeycomb-hair-clip,PRODUCT_DIRECTORY,MM-ACC-001,,Monolithic Geometric Hair Clip,products/wearables/mm-acc-001-honeycomb-hair-clip,"Retain a range of hair volumes with a metal-free, print-in-place rotary hair clip and separate snap latch.",YES,,,C5 · R2 · K2 · Lane E · LOW_UNKNOWN,C5,R2,K2,E,W4 SPECIALIST / HOLD,LOW / SPECIALIST,R3 NOMINAL DESIGN INPUTS,,CURRENT PRODUCT — CREATE A SEPARATE NAMED VARIANT IF SCOPE NARROWS,"variant-confirmed critical interface dimensions, tolerances, and uncertainty; verification plan and physical result references",Confirm the exact product/host variant and complete the primary interface contract. Define measurable acceptance criteria and a minimal coupon/prototype test.,"Uses the live product preflight and purpose document. No R increase is assigned without the stated interface, process, dimensional or physical evidence.",COMPLETE PORTFOLIO TRIAGE — NOT RELEASE APPROVAL,2026-08-31,1.0
PRODUCT:wearables/mm-sho-001-barefoot-shoe-collection,PRODUCT_DIRECTORY,MM-SHO-001,,Barfußschuh V6.2 – Freeform Upper Mit Komfortkragen,products/wearables/mm-sho-001-barefoot-shoe-collection,"Develop a parametric barefoot-shoe system with flexible sole, upper, and foot-fit interfaces for walking prototypes, not production footwear release.",YES,,,C5 · R2 · K3 · Lane E · NOT_AUTONOMOUSLY_RELEASABLE,C5,R2,K3,E,W4 SPECIALIST / HOLD,LOW / SPECIALIST,R3 NOMINAL DESIGN INPUTS,,CURRENT PRODUCT — CREATE A SEPARATE NAMED VARIANT IF SCOPE NARROWS,"variant-confirmed critical interface dimensions, tolerances, and uncertainty; complete printer/material/nozzle/orientation/process-profile set; measurable acceptance criteria",Obtain an expert review of credible failure modes and the staged prototype plan. Confirm the exact product/host variant and complete the primary interface contract. Record the exact manufacturing profile. Define measurable acceptance criteria and a minimal coupon/prototype test.,"Uses the live product preflight and purpose document. No R increase is assigned without the stated interface, process, dimensional or physical evidence.",COMPLETE PORTFOLIO TRIAGE — NOT RELEASE APPROVAL,2026-08-31,1.0
