SKU_ID,Product,Product_Family,Concept_Type,Purpose,Customer_Job,Target_Segment,Trend_Signal,Strategy_Fit,AM_Advantage,Customer_Inputs,Parametric_Variables,Max_L_mm,Max_W_mm,Max_H_mm,Primary_Material,Supports,Difficulty,Offer_Mode,Digital_Price_Band_EUR,Printed_Price_Band_EUR,Risk_Score,Risk_or_Limit,Opportunity_Score,Launch_Wave,Source_IDs,Design_Status,Next_Gate,Notes,Trend_Source_Strength_0_30,Trend_Signal_Magnitude_0_30,Trend_MetriMade_Fit_0_25,Trend_Whitespace_0_15,Trend_Score_0_100,Trend_Score_Basis,Trend_Score_Status,Preflight_Archetype,Critical_Interface,Evidence_Route,Manufacturing_Baseline,Verification_Plan,REQ,CTX,PAR,INT,CPL,MOT,GEO,PHY,MAT,EXT,VER,PC_0_100,Complexity,R_Scope,R_Requirements,R_Critical_Interfaces,R_Manufacturing_Profile,R_Verification,Readiness,Readiness_Basis,Criticality,Current_Lane,Target_Lane_After_Evidence,Confidence,Design_Release,Hard_Gates,Preflight_Short,Preflight_Status,Assessed_On,Assessment_Version
SKU-201,Exact-fit sofa-side remote and notepad insert,Small-space dry organization,New,"Fit one measured sofa-console or side-table cubby to separate remotes, a notepad and capped pens.","Fit one measured sofa-console or side-table cubby to separate remotes, a notepad and capped pens.","Adults in compact homes, rentals and home offices","IKEA's Germany-inclusive 2026 survey reports catch-all storage in 68% of homes, kitchen counters as the leading clutter point, and strong sentimental retention.",Core — exact-fit or defined-set organization for small living and office spaces,Measured envelope and item dimensions become a one-off exact-fit insert that mass products cannot economically match.,Available envelope; item list and count; largest item dimensions; access direction; optional label text,length; width; height; compartment count; divider positions; access cutouts; labels; corner radius,210,150,85,PLA or PETG,None,Moderate,Digital first; printed after fulfillment qualification,8-16,24-52,1,"Dry indoor organization for light personal items only; no secure-storage, structural, electrical, protective or child-use claim.",94,Research batch 3,S31; S32,P0 research backlog,"Run the measurement workflow on one real envelope, then print the smallest fit corner or divider coupon before a full prototype.","metriMade candidate only; trend, price and demand remain hypotheses until German marketplace and customer validation.",30,24,25,13,92,Primary-source strength + signal magnitude + metriMade strategy fit + nonduplicate portfolio whitespace; components are directional planning judgments.,DIRECTIONAL PLANNING SCORE — NOT VALIDATED DEMAND,EXACT_FIT,Measured dry host envelope and the defined light-item set,E2 route: customer measurement guide plus scaled overhead photo and one independent control dimension; exact variant remains unknown.,"Candidate baseline: common 220 x 220 x 250 mm FFF envelope, PLA or PETG, support-free orientation; exact printer, filament product/color/batch, nozzle and process JSON remain UNKNOWN.","Dimension check, insertion/removal test, finger-access review, rocking/tip check and surface-mark inspection with inert representative items.",2,2,1,2,1,0,1,1,1,0,2,30.5,C2,R2,R2,R2,R2,R2,R2,"Purpose, exclusions, envelope, measurable inputs, critical-interface route, candidate process envelope and test method are specified; exact customer variant and complete process evidence remain open.",K1,E,B,LOW_UNKNOWN,CONCEPT_ONLY,G0 PASS; G1 PASS; G2 WARN; G3 FAIL; G4 PASS; G5 PASS; G6 PASS,C2 · R2 · K1 · Lane E · LOW_UNKNOWN,STRUCTURED RESEARCH PREFLIGHT R2 — NOT PRODUCT RELEASE APPROVAL,2026-08-31,1.0
SKU-202,Narrow-bookcase stationery tower insert,Small-space dry organization,New,"Turn a measured narrow bookcase gap into vertical zones for notebooks, envelopes and capped pens.","Turn a measured narrow bookcase gap into vertical zones for notebooks, envelopes and capped pens.","Adults in compact homes, rentals and home offices","IKEA's Germany-inclusive 2026 survey reports catch-all storage in 68% of homes, kitchen counters as the leading clutter point, and strong sentimental retention.",Core — exact-fit or defined-set organization for small living and office spaces,Measured envelope and item dimensions become a one-off exact-fit insert that mass products cannot economically match.,Available envelope; item list and count; largest item dimensions; access direction; optional label text,length; width; height; compartment count; divider positions; access cutouts; labels; corner radius,210,120,220,PLA or PETG,None,Moderate,Digital first; printed after fulfillment qualification,8-16,24-52,1,"Dry indoor organization for light personal items only; no secure-storage, structural, electrical, protective or child-use claim.",93,Research batch 3,S31; S32,P0 research backlog,"Run the measurement workflow on one real envelope, then print the smallest fit corner or divider coupon before a full prototype.","metriMade candidate only; trend, price and demand remain hypotheses until German marketplace and customer validation.",30,24,25,12,91,Primary-source strength + signal magnitude + metriMade strategy fit + nonduplicate portfolio whitespace; components are directional planning judgments.,DIRECTIONAL PLANNING SCORE — NOT VALIDATED DEMAND,EXACT_FIT,Measured dry host envelope and the defined light-item set,E2 route: customer measurement guide plus scaled overhead photo and one independent control dimension; exact variant remains unknown.,"Candidate baseline: common 220 x 220 x 250 mm FFF envelope, PLA or PETG, support-free orientation; exact printer, filament product/color/batch, nozzle and process JSON remain UNKNOWN.","Dimension check, insertion/removal test, finger-access review, rocking/tip check and surface-mark inspection with inert representative items.",2,2,1,2,1,0,1,1,1,0,2,30.5,C2,R2,R2,R2,R2,R2,R2,"Purpose, exclusions, envelope, measurable inputs, critical-interface route, candidate process envelope and test method are specified; exact customer variant and complete process evidence remain open.",K1,E,B,LOW_UNKNOWN,CONCEPT_ONLY,G0 PASS; G1 PASS; G2 WARN; G3 FAIL; G4 PASS; G5 PASS; G6 PASS,C2 · R2 · K1 · Lane E · LOW_UNKNOWN,STRUCTURED RESEARCH PREFLIGHT R2 — NOT PRODUCT RELEASE APPROVAL,2026-08-31,1.0
SKU-203,Desk-pedestal side-gap vertical file,Small-space dry organization,New,Use the measured gap beside a desk pedestal for upright folders and current-project papers.,Use the measured gap beside a desk pedestal for upright folders and current-project papers.,"Adults in compact homes, rentals and home offices","IKEA's Germany-inclusive 2026 survey reports catch-all storage in 68% of homes, kitchen counters as the leading clutter point, and strong sentimental retention.",Core — exact-fit or defined-set organization for small living and office spaces,Measured envelope and item dimensions become a one-off exact-fit insert that mass products cannot economically match.,Available envelope; item list and count; largest item dimensions; access direction; optional label text,length; width; height; compartment count; divider positions; access cutouts; labels; corner radius,220,90,220,PLA or PETG,None,Moderate,Digital first; printed after fulfillment qualification,8-16,24-52,1,"Dry indoor organization for light personal items only; no secure-storage, structural, electrical, protective or child-use claim.",93,Research batch 3,S31; S32,P0 research backlog,"Run the measurement workflow on one real envelope, then print the smallest fit corner or divider coupon before a full prototype.","metriMade candidate only; trend, price and demand remain hypotheses until German marketplace and customer validation.",30,24,25,12,91,Primary-source strength + signal magnitude + metriMade strategy fit + nonduplicate portfolio whitespace; components are directional planning judgments.,DIRECTIONAL PLANNING SCORE — NOT VALIDATED DEMAND,EXACT_FIT,Measured dry host envelope and the defined light-item set,E2 route: customer measurement guide plus scaled overhead photo and one independent control dimension; exact variant remains unknown.,"Candidate baseline: common 220 x 220 x 250 mm FFF envelope, PLA or PETG, support-free orientation; exact printer, filament product/color/batch, nozzle and process JSON remain UNKNOWN.","Dimension check, insertion/removal test, finger-access review, rocking/tip check and surface-mark inspection with inert representative items.",2,2,1,2,1,0,1,1,1,0,2,30.5,C2,R2,R2,R2,R2,R2,R2,"Purpose, exclusions, envelope, measurable inputs, critical-interface route, candidate process envelope and test method are specified; exact customer variant and complete process evidence remain open.",K1,E,B,LOW_UNKNOWN,CONCEPT_ONLY,G0 PASS; G1 PASS; G2 WARN; G3 FAIL; G4 PASS; G5 PASS; G6 PASS,C2 · R2 · K1 · Lane E · LOW_UNKNOWN,STRUCTURED RESEARCH PREFLIGHT R2 — NOT PRODUCT RELEASE APPROVAL,2026-08-31,1.0
SKU-204,Folded-clothing shelf separator pair,Small-space dry organization,Variation of SKU-117,Keep two light folded-clothing stacks distinct on one measured dry wardrobe shelf.,Keep two light folded-clothing stacks distinct on one measured dry wardrobe shelf.,"Adults in compact homes, rentals and home offices","IKEA's Germany-inclusive 2026 survey reports catch-all storage in 68% of homes, kitchen counters as the leading clutter point, and strong sentimental retention.",Core — exact-fit or defined-set organization for small living and office spaces,"A small coordinated module family adapts count, spacing and labels to a defined collection while reusing one interface system.",Available envelope; item list and count; largest item dimensions; access direction; optional label text,length; width; height; compartment count; divider positions; access cutouts; labels; corner radius,220,180,160,PLA or PETG,None,Moderate,Digital first; printed after fulfillment qualification,9-17,28-58,1,"Dry indoor organization for light personal items only; no secure-storage, structural, electrical, protective or child-use claim.",91,Research batch 3,S31; S32,P0 research backlog,"Run the measurement workflow on one real envelope, then print the smallest fit corner or divider coupon before a full prototype.","metriMade candidate only; trend, price and demand remain hypotheses until German marketplace and customer validation.",30,24,25,10,89,Primary-source strength + signal magnitude + metriMade strategy fit + nonduplicate portfolio whitespace; components are directional planning judgments.,DIRECTIONAL PLANNING SCORE — NOT VALIDATED DEMAND,MODULAR,Measured dry host envelope and the defined light-item set,E2 route: customer measurement guide plus scaled overhead photo and one independent control dimension; exact variant remains unknown.,"Candidate baseline: common 220 x 220 x 250 mm FFF envelope, PLA or PETG, support-free orientation; exact printer, filament product/color/batch, nozzle and process JSON remain UNKNOWN.","Dimension check, insertion/removal test, finger-access review, rocking/tip check and surface-mark inspection with inert representative items.",2,1,2,2,2,0,1,1,1,0,2,34.25,C2,R2,R2,R2,R2,R2,R2,"Purpose, exclusions, envelope, measurable inputs, critical-interface route, candidate process envelope and test method are specified; exact customer variant and complete process evidence remain open.",K1,E,B,LOW_UNKNOWN,CONCEPT_ONLY,G0 PASS; G1 PASS; G2 WARN; G3 FAIL; G4 PASS; G5 PASS; G6 PASS,C2 · R2 · K1 · Lane E · LOW_UNKNOWN,STRUCTURED RESEARCH PREFLIGHT R2 — NOT PRODUCT RELEASE APPROVAL,2026-08-31,1.0
SKU-205,Sock-pair drawer lane insert,Small-space dry organization,Variation of SKU-001,Create labeled removable lanes for a defined sock collection inside one measured drawer.,Create labeled removable lanes for a defined sock collection inside one measured drawer.,"Adults in compact homes, rentals and home offices","IKEA's Germany-inclusive 2026 survey reports catch-all storage in 68% of homes, kitchen counters as the leading clutter point, and strong sentimental retention.",Core — exact-fit or defined-set organization for small living and office spaces,Measured envelope and item dimensions become a one-off exact-fit insert that mass products cannot economically match.,Available envelope; item list and count; largest item dimensions; access direction; optional label text,length; width; height; compartment count; divider positions; access cutouts; labels; corner radius,220,210,75,PLA or PETG,None,Moderate,Digital first; printed after fulfillment qualification,8-16,24-52,1,"Dry indoor organization for light personal items only; no secure-storage, structural, electrical, protective or child-use claim.",93,Research batch 3,S31; S32,P0 research backlog,"Run the measurement workflow on one real envelope, then print the smallest fit corner or divider coupon before a full prototype.","metriMade candidate only; trend, price and demand remain hypotheses until German marketplace and customer validation.",30,24,25,12,91,Primary-source strength + signal magnitude + metriMade strategy fit + nonduplicate portfolio whitespace; components are directional planning judgments.,DIRECTIONAL PLANNING SCORE — NOT VALIDATED DEMAND,EXACT_FIT,Measured dry host envelope and the defined light-item set,E2 route: customer measurement guide plus scaled overhead photo and one independent control dimension; exact variant remains unknown.,"Candidate baseline: common 220 x 220 x 250 mm FFF envelope, PLA or PETG, support-free orientation; exact printer, filament product/color/batch, nozzle and process JSON remain UNKNOWN.","Dimension check, insertion/removal test, finger-access review, rocking/tip check and surface-mark inspection with inert representative items.",2,2,1,2,1,0,1,1,1,0,2,30.5,C2,R2,R2,R2,R2,R2,R2,"Purpose, exclusions, envelope, measurable inputs, critical-interface route, candidate process envelope and test method are specified; exact customer variant and complete process evidence remain open.",K1,E,B,LOW_UNKNOWN,CONCEPT_ONLY,G0 PASS; G1 PASS; G2 WARN; G3 FAIL; G4 PASS; G5 PASS; G6 PASS,C2 · R2 · K1 · Lane E · LOW_UNKNOWN,STRUCTURED RESEARCH PREFLIGHT R2 — NOT PRODUCT RELEASE APPROVAL,2026-08-31,1.0
SKU-206,Necktie-roll drawer matrix,Small-space dry organization,New,Store a measured set of rolled neckties in visible labeled cells without stacking.,Store a measured set of rolled neckties in visible labeled cells without stacking.,"Adults in compact homes, rentals and home offices","IKEA's Germany-inclusive 2026 survey reports catch-all storage in 68% of homes, kitchen counters as the leading clutter point, and strong sentimental retention.",Core — exact-fit or defined-set organization for small living and office spaces,Measured envelope and item dimensions become a one-off exact-fit insert that mass products cannot economically match.,Available envelope; item list and count; largest item dimensions; access direction; optional label text,length; width; height; compartment count; divider positions; access cutouts; labels; corner radius,220,210,85,PLA or PETG,None,Moderate,Digital first; printed after fulfillment qualification,8-16,24-52,1,"Dry indoor organization for light personal items only; no secure-storage, structural, electrical, protective or child-use claim.",93,Research batch 3,S31; S32,P0 research backlog,"Run the measurement workflow on one real envelope, then print the smallest fit corner or divider coupon before a full prototype.","metriMade candidate only; trend, price and demand remain hypotheses until German marketplace and customer validation.",30,24,25,12,91,Primary-source strength + signal magnitude + metriMade strategy fit + nonduplicate portfolio whitespace; components are directional planning judgments.,DIRECTIONAL PLANNING SCORE — NOT VALIDATED DEMAND,EXACT_FIT,Measured dry host envelope and the defined light-item set,E2 route: customer measurement guide plus scaled overhead photo and one independent control dimension; exact variant remains unknown.,"Candidate baseline: common 220 x 220 x 250 mm FFF envelope, PLA or PETG, support-free orientation; exact printer, filament product/color/batch, nozzle and process JSON remain UNKNOWN.","Dimension check, insertion/removal test, finger-access review, rocking/tip check and surface-mark inspection with inert representative items.",2,2,1,2,1,0,1,1,1,0,2,30.5,C2,R2,R2,R2,R2,R2,R2,"Purpose, exclusions, envelope, measurable inputs, critical-interface route, candidate process envelope and test method are specified; exact customer variant and complete process evidence remain open.",K1,E,B,LOW_UNKNOWN,CONCEPT_ONLY,G0 PASS; G1 PASS; G2 WARN; G3 FAIL; G4 PASS; G5 PASS; G6 PASS,C2 · R2 · K1 · Lane E · LOW_UNKNOWN,STRUCTURED RESEARCH PREFLIGHT R2 — NOT PRODUCT RELEASE APPROVAL,2026-08-31,1.0
SKU-207,Hair-accessory drawer channel set,Small-space dry organization,Variation of SKU-010,"Separate adult scrunchies, barrettes and cool hair accessories in a measured vanity drawer.","Separate adult scrunchies, barrettes and cool hair accessories in a measured vanity drawer.","Adults in compact homes, rentals and home offices","IKEA's Germany-inclusive 2026 survey reports catch-all storage in 68% of homes, kitchen counters as the leading clutter point, and strong sentimental retention.",Core — exact-fit or defined-set organization for small living and office spaces,"A small coordinated module family adapts count, spacing and labels to a defined collection while reusing one interface system.",Available envelope; item list and count; largest item dimensions; access direction; optional label text,length; width; height; compartment count; divider positions; access cutouts; labels; corner radius,220,180,65,PLA or PETG,None,Moderate,Digital first; printed after fulfillment qualification,9-17,28-58,1,"Dry indoor organization for light personal items only; no secure-storage, structural, electrical, protective or child-use claim.",92,Research batch 3,S31; S32,P0 research backlog,"Run the measurement workflow on one real envelope, then print the smallest fit corner or divider coupon before a full prototype.","metriMade candidate only; trend, price and demand remain hypotheses until German marketplace and customer validation.",30,24,25,11,90,Primary-source strength + signal magnitude + metriMade strategy fit + nonduplicate portfolio whitespace; components are directional planning judgments.,DIRECTIONAL PLANNING SCORE — NOT VALIDATED DEMAND,MODULAR,Measured dry host envelope and the defined light-item set,E2 route: customer measurement guide plus scaled overhead photo and one independent control dimension; exact variant remains unknown.,"Candidate baseline: common 220 x 220 x 250 mm FFF envelope, PLA or PETG, support-free orientation; exact printer, filament product/color/batch, nozzle and process JSON remain UNKNOWN.","Dimension check, insertion/removal test, finger-access review, rocking/tip check and surface-mark inspection with inert representative items.",2,1,2,2,2,0,1,1,1,0,2,34.25,C2,R2,R2,R2,R2,R2,R2,"Purpose, exclusions, envelope, measurable inputs, critical-interface route, candidate process envelope and test method are specified; exact customer variant and complete process evidence remain open.",K1,E,B,LOW_UNKNOWN,CONCEPT_ONLY,G0 PASS; G1 PASS; G2 WARN; G3 FAIL; G4 PASS; G5 PASS; G6 PASS,C2 · R2 · K1 · Lane E · LOW_UNKNOWN,STRUCTURED RESEARCH PREFLIGHT R2 — NOT PRODUCT RELEASE APPROVAL,2026-08-31,1.0
SKU-208,Handbag dust-bag shelf label corral,Small-space dry organization,New,Keep folded empty dust bags upright and labeled beside their handbags on a dry shelf.,Keep folded empty dust bags upright and labeled beside their handbags on a dry shelf.,"Adults in compact homes, rentals and home offices","IKEA's Germany-inclusive 2026 survey reports catch-all storage in 68% of homes, kitchen counters as the leading clutter point, and strong sentimental retention.",Core — exact-fit or defined-set organization for small living and office spaces,Measured envelope and item dimensions become a one-off exact-fit insert that mass products cannot economically match.,Available envelope; item list and count; largest item dimensions; access direction; optional label text,length; width; height; compartment count; divider positions; access cutouts; labels; corner radius,200,140,160,PLA or PETG,None,Moderate,Digital first; printed after fulfillment qualification,8-16,24-52,1,"Dry indoor organization for light personal items only; no secure-storage, structural, electrical, protective or child-use claim.",93,Research batch 3,S31; S32,P0 research backlog,"Run the measurement workflow on one real envelope, then print the smallest fit corner or divider coupon before a full prototype.","metriMade candidate only; trend, price and demand remain hypotheses until German marketplace and customer validation.",30,24,25,12,91,Primary-source strength + signal magnitude + metriMade strategy fit + nonduplicate portfolio whitespace; components are directional planning judgments.,DIRECTIONAL PLANNING SCORE — NOT VALIDATED DEMAND,EXACT_FIT,Measured dry host envelope and the defined light-item set,E2 route: customer measurement guide plus scaled overhead photo and one independent control dimension; exact variant remains unknown.,"Candidate baseline: common 220 x 220 x 250 mm FFF envelope, PLA or PETG, support-free orientation; exact printer, filament product/color/batch, nozzle and process JSON remain UNKNOWN.","Dimension check, insertion/removal test, finger-access review, rocking/tip check and surface-mark inspection with inert representative items.",2,2,1,2,1,0,1,1,1,0,2,30.5,C2,R2,R2,R2,R2,R2,R2,"Purpose, exclusions, envelope, measurable inputs, critical-interface route, candidate process envelope and test method are specified; exact customer variant and complete process evidence remain open.",K1,E,B,LOW_UNKNOWN,CONCEPT_ONLY,G0 PASS; G1 PASS; G2 WARN; G3 FAIL; G4 PASS; G5 PASS; G6 PASS,C2 · R2 · K1 · Lane E · LOW_UNKNOWN,STRUCTURED RESEARCH PREFLIGHT R2 — NOT PRODUCT RELEASE APPROVAL,2026-08-31,1.0
SKU-209,Bedside glasses-and-earplug valet,Small-space dry organization,New,"Give glasses, their case and packaged earplugs fixed places on a compact bedside surface.","Give glasses, their case and packaged earplugs fixed places on a compact bedside surface.","Adults in compact homes, rentals and home offices","IKEA's Germany-inclusive 2026 survey reports catch-all storage in 68% of homes, kitchen counters as the leading clutter point, and strong sentimental retention.",Core — exact-fit or defined-set organization for small living and office spaces,"A small personalized one-part layout can be generated without stocking many label, count or proportion variants.",Available envelope; item list and count; largest item dimensions; access direction; optional label text,length; width; height; compartment count; divider positions; access cutouts; labels; corner radius,170,120,45,PLA or PETG,None,Easy,Digital first; printed after fulfillment qualification,5-10,16-34,1,"Dry indoor organization for light personal items only; no secure-storage, structural, electrical, protective or child-use claim.",90,Research batch 3,S31; S32,P0 research backlog,"Run the measurement workflow on one real envelope, then print the smallest fit corner or divider coupon before a full prototype.","metriMade candidate only; trend, price and demand remain hypotheses until German marketplace and customer validation.",30,24,25,9,88,Primary-source strength + signal magnitude + metriMade strategy fit + nonduplicate portfolio whitespace; components are directional planning judgments.,DIRECTIONAL PLANNING SCORE — NOT VALIDATED DEMAND,SIMPLE,Measured dry host envelope and the defined light-item set,E2 route: customer measurement guide plus scaled overhead photo and one independent control dimension; exact variant remains unknown.,"Candidate baseline: common 220 x 220 x 250 mm FFF envelope, PLA or PETG, support-free orientation; exact printer, filament product/color/batch, nozzle and process JSON remain UNKNOWN.","Dimension check, insertion/removal test, finger-access review, rocking/tip check and surface-mark inspection with inert representative items.",1,1,1,1,0,0,1,0,1,0,1,15.75,C1,R2,R2,R2,R2,R2,R2,"Purpose, exclusions, envelope, measurable inputs, critical-interface route, candidate process envelope and test method are specified; exact customer variant and complete process evidence remain open.",K1,E,B,LOW_UNKNOWN,CONCEPT_ONLY,G0 PASS; G1 PASS; G2 WARN; G3 FAIL; G4 PASS; G5 PASS; G6 PASS,C1 · R2 · K1 · Lane E · LOW_UNKNOWN,STRUCTURED RESEARCH PREFLIGHT R2 — NOT PRODUCT RELEASE APPROVAL,2026-08-31,1.0
SKU-210,Paper-size drawer stair organizer,Small-space dry organization,New,"Separate A4-folded, A5, A6 and note-card stock by visible stepped height in one drawer.","Separate A4-folded, A5, A6 and note-card stock by visible stepped height in one drawer.","Adults in compact homes, rentals and home offices","IKEA's Germany-inclusive 2026 survey reports catch-all storage in 68% of homes, kitchen counters as the leading clutter point, and strong sentimental retention.",Core — exact-fit or defined-set organization for small living and office spaces,Measured envelope and item dimensions become a one-off exact-fit insert that mass products cannot economically match.,Available envelope; item list and count; largest item dimensions; access direction; optional label text,length; width; height; compartment count; divider positions; access cutouts; labels; corner radius,220,210,80,PLA or PETG,None,Moderate,Digital first; printed after fulfillment qualification,8-16,24-52,1,"Dry indoor organization for light personal items only; no secure-storage, structural, electrical, protective or child-use claim.",93,Research batch 3,S31; S32,P0 research backlog,"Run the measurement workflow on one real envelope, then print the smallest fit corner or divider coupon before a full prototype.","metriMade candidate only; trend, price and demand remain hypotheses until German marketplace and customer validation.",30,24,25,12,91,Primary-source strength + signal magnitude + metriMade strategy fit + nonduplicate portfolio whitespace; components are directional planning judgments.,DIRECTIONAL PLANNING SCORE — NOT VALIDATED DEMAND,EXACT_FIT,Measured dry host envelope and the defined light-item set,E2 route: customer measurement guide plus scaled overhead photo and one independent control dimension; exact variant remains unknown.,"Candidate baseline: common 220 x 220 x 250 mm FFF envelope, PLA or PETG, support-free orientation; exact printer, filament product/color/batch, nozzle and process JSON remain UNKNOWN.","Dimension check, insertion/removal test, finger-access review, rocking/tip check and surface-mark inspection with inert representative items.",2,2,1,2,1,0,1,1,1,0,2,30.5,C2,R2,R2,R2,R2,R2,R2,"Purpose, exclusions, envelope, measurable inputs, critical-interface route, candidate process envelope and test method are specified; exact customer variant and complete process evidence remain open.",K1,E,B,LOW_UNKNOWN,CONCEPT_ONLY,G0 PASS; G1 PASS; G2 WARN; G3 FAIL; G4 PASS; G5 PASS; G6 PASS,C2 · R2 · K1 · Lane E · LOW_UNKNOWN,STRUCTURED RESEARCH PREFLIGHT R2 — NOT PRODUCT RELEASE APPROVAL,2026-08-31,1.0
SKU-211,Weekly coin-and-receipt purge tray,Small-space dry organization,Variation of SKU-173,"Split pocket change, receipts and action slips into a small tray designed for a weekly clear-out ritual.","Split pocket change, receipts and action slips into a small tray designed for a weekly clear-out ritual.","Adults in compact homes, rentals and home offices","IKEA's Germany-inclusive 2026 survey reports catch-all storage in 68% of homes, kitchen counters as the leading clutter point, and strong sentimental retention.",Core — exact-fit or defined-set organization for small living and office spaces,"A small personalized one-part layout can be generated without stocking many label, count or proportion variants.",Available envelope; item list and count; largest item dimensions; access direction; optional label text,length; width; height; compartment count; divider positions; access cutouts; labels; corner radius,180,120,35,PLA or PETG,None,Easy,Digital first; printed after fulfillment qualification,5-10,16-34,1,"Dry indoor organization for light personal items only; no secure-storage, structural, electrical, protective or child-use claim.",92,Research batch 3,S31; S32,P0 research backlog,"Run the measurement workflow on one real envelope, then print the smallest fit corner or divider coupon before a full prototype.","metriMade candidate only; trend, price and demand remain hypotheses until German marketplace and customer validation.",30,24,25,11,90,Primary-source strength + signal magnitude + metriMade strategy fit + nonduplicate portfolio whitespace; components are directional planning judgments.,DIRECTIONAL PLANNING SCORE — NOT VALIDATED DEMAND,SIMPLE,Measured dry host envelope and the defined light-item set,E2 route: customer measurement guide plus scaled overhead photo and one independent control dimension; exact variant remains unknown.,"Candidate baseline: common 220 x 220 x 250 mm FFF envelope, PLA or PETG, support-free orientation; exact printer, filament product/color/batch, nozzle and process JSON remain UNKNOWN.","Dimension check, insertion/removal test, finger-access review, rocking/tip check and surface-mark inspection with inert representative items.",1,1,1,1,0,0,1,0,1,0,1,15.75,C1,R2,R2,R2,R2,R2,R2,"Purpose, exclusions, envelope, measurable inputs, critical-interface route, candidate process envelope and test method are specified; exact customer variant and complete process evidence remain open.",K1,E,B,LOW_UNKNOWN,CONCEPT_ONLY,G0 PASS; G1 PASS; G2 WARN; G3 FAIL; G4 PASS; G5 PASS; G6 PASS,C1 · R2 · K1 · Lane E · LOW_UNKNOWN,STRUCTURED RESEARCH PREFLIGHT R2 — NOT PRODUCT RELEASE APPROVAL,2026-08-31,1.0
SKU-212,Reusable-shopping-bag shelf file,Small-space dry organization,New,Hold folded reusable shopping bags upright by size in a measured cabinet or shelf cubby.,Hold folded reusable shopping bags upright by size in a measured cabinet or shelf cubby.,"Adults in compact homes, rentals and home offices","IKEA's Germany-inclusive 2026 survey reports catch-all storage in 68% of homes, kitchen counters as the leading clutter point, and strong sentimental retention.",Core — exact-fit or defined-set organization for small living and office spaces,Measured envelope and item dimensions become a one-off exact-fit insert that mass products cannot economically match.,Available envelope; item list and count; largest item dimensions; access direction; optional label text,length; width; height; compartment count; divider positions; access cutouts; labels; corner radius,210,150,180,PLA or PETG,None,Moderate,Digital first; printed after fulfillment qualification,8-16,24-52,1,"Dry indoor organization for light personal items only; no secure-storage, structural, electrical, protective or child-use claim.",93,Research batch 3,S31; S32,P0 research backlog,"Run the measurement workflow on one real envelope, then print the smallest fit corner or divider coupon before a full prototype.","metriMade candidate only; trend, price and demand remain hypotheses until German marketplace and customer validation.",30,24,25,12,91,Primary-source strength + signal magnitude + metriMade strategy fit + nonduplicate portfolio whitespace; components are directional planning judgments.,DIRECTIONAL PLANNING SCORE — NOT VALIDATED DEMAND,EXACT_FIT,Measured dry host envelope and the defined light-item set,E2 route: customer measurement guide plus scaled overhead photo and one independent control dimension; exact variant remains unknown.,"Candidate baseline: common 220 x 220 x 250 mm FFF envelope, PLA or PETG, support-free orientation; exact printer, filament product/color/batch, nozzle and process JSON remain UNKNOWN.","Dimension check, insertion/removal test, finger-access review, rocking/tip check and surface-mark inspection with inert representative items.",2,2,1,2,1,0,1,1,1,0,2,30.5,C2,R2,R2,R2,R2,R2,R2,"Purpose, exclusions, envelope, measurable inputs, critical-interface route, candidate process envelope and test method are specified; exact customer variant and complete process evidence remain open.",K1,E,B,LOW_UNKNOWN,CONCEPT_ONLY,G0 PASS; G1 PASS; G2 WARN; G3 FAIL; G4 PASS; G5 PASS; G6 PASS,C2 · R2 · K1 · Lane E · LOW_UNKNOWN,STRUCTURED RESEARCH PREFLIGHT R2 — NOT PRODUCT RELEASE APPROVAL,2026-08-31,1.0
SKU-213,Garment-repair kit drawer cassette,Small-space dry organization,New,"Keep spare buttons, thread cards and capped repair notions visible in one removable drawer cassette.","Keep spare buttons, thread cards and capped repair notions visible in one removable drawer cassette.","Adults in compact homes, rentals and home offices","IKEA's Germany-inclusive 2026 survey reports catch-all storage in 68% of homes, kitchen counters as the leading clutter point, and strong sentimental retention.",Core — exact-fit or defined-set organization for small living and office spaces,"A small coordinated module family adapts count, spacing and labels to a defined collection while reusing one interface system.",Available envelope; item list and count; largest item dimensions; access direction; optional label text,length; width; height; compartment count; divider positions; access cutouts; labels; corner radius,200,150,45,PLA or PETG,None,Moderate,Digital first; printed after fulfillment qualification,9-17,28-58,1,"Dry indoor organization for light personal items only; no secure-storage, structural, electrical, protective or child-use claim.",92,Research batch 3,S31; S32,P0 research backlog,"Run the measurement workflow on one real envelope, then print the smallest fit corner or divider coupon before a full prototype.","metriMade candidate only; trend, price and demand remain hypotheses until German marketplace and customer validation.",30,24,25,11,90,Primary-source strength + signal magnitude + metriMade strategy fit + nonduplicate portfolio whitespace; components are directional planning judgments.,DIRECTIONAL PLANNING SCORE — NOT VALIDATED DEMAND,MODULAR,Measured dry host envelope and the defined light-item set,E2 route: customer measurement guide plus scaled overhead photo and one independent control dimension; exact variant remains unknown.,"Candidate baseline: common 220 x 220 x 250 mm FFF envelope, PLA or PETG, support-free orientation; exact printer, filament product/color/batch, nozzle and process JSON remain UNKNOWN.","Dimension check, insertion/removal test, finger-access review, rocking/tip check and surface-mark inspection with inert representative items.",2,1,2,2,2,0,1,1,1,0,2,34.25,C2,R2,R2,R2,R2,R2,R2,"Purpose, exclusions, envelope, measurable inputs, critical-interface route, candidate process envelope and test method are specified; exact customer variant and complete process evidence remain open.",K1,E,B,LOW_UNKNOWN,CONCEPT_ONLY,G0 PASS; G1 PASS; G2 WARN; G3 FAIL; G4 PASS; G5 PASS; G6 PASS,C2 · R2 · K1 · Lane E · LOW_UNKNOWN,STRUCTURED RESEARCH PREFLIGHT R2 — NOT PRODUCT RELEASE APPROVAL,2026-08-31,1.0
SKU-214,Laundry pocket-find sorting tray,Small-space dry organization,New,"Create temporary labeled zones for dry coins, notes and small objects removed before washing.","Create temporary labeled zones for dry coins, notes and small objects removed before washing.","Adults in compact homes, rentals and home offices","IKEA's Germany-inclusive 2026 survey reports catch-all storage in 68% of homes, kitchen counters as the leading clutter point, and strong sentimental retention.",Core — exact-fit or defined-set organization for small living and office spaces,"A small personalized one-part layout can be generated without stocking many label, count or proportion variants.",Available envelope; item list and count; largest item dimensions; access direction; optional label text,length; width; height; compartment count; divider positions; access cutouts; labels; corner radius,180,110,35,PLA or PETG,None,Easy,Digital first; printed after fulfillment qualification,5-10,16-34,1,"Dry indoor organization for light personal items only; no secure-storage, structural, electrical, protective or child-use claim.",91,Research batch 3,S31; S32,P0 research backlog,"Run the measurement workflow on one real envelope, then print the smallest fit corner or divider coupon before a full prototype.","metriMade candidate only; trend, price and demand remain hypotheses until German marketplace and customer validation.",30,24,25,10,89,Primary-source strength + signal magnitude + metriMade strategy fit + nonduplicate portfolio whitespace; components are directional planning judgments.,DIRECTIONAL PLANNING SCORE — NOT VALIDATED DEMAND,SIMPLE,Measured dry host envelope and the defined light-item set,E2 route: customer measurement guide plus scaled overhead photo and one independent control dimension; exact variant remains unknown.,"Candidate baseline: common 220 x 220 x 250 mm FFF envelope, PLA or PETG, support-free orientation; exact printer, filament product/color/batch, nozzle and process JSON remain UNKNOWN.","Dimension check, insertion/removal test, finger-access review, rocking/tip check and surface-mark inspection with inert representative items.",1,1,1,1,0,0,1,0,1,0,1,15.75,C1,R2,R2,R2,R2,R2,R2,"Purpose, exclusions, envelope, measurable inputs, critical-interface route, candidate process envelope and test method are specified; exact customer variant and complete process evidence remain open.",K1,E,B,LOW_UNKNOWN,CONCEPT_ONLY,G0 PASS; G1 PASS; G2 WARN; G3 FAIL; G4 PASS; G5 PASS; G6 PASS,C1 · R2 · K1 · Lane E · LOW_UNKNOWN,STRUCTURED RESEARCH PREFLIGHT R2 — NOT PRODUCT RELEASE APPROVAL,2026-08-31,1.0
SKU-215,Seasonal-accessory drawer divider set,Small-space dry organization,New platform variant,"Reconfigure one drawer between light scarves, gloves and summer accessories using labeled dividers.","Reconfigure one drawer between light scarves, gloves and summer accessories using labeled dividers.","Adults in compact homes, rentals and home offices","IKEA's Germany-inclusive 2026 survey reports catch-all storage in 68% of homes, kitchen counters as the leading clutter point, and strong sentimental retention.",Core — exact-fit or defined-set organization for small living and office spaces,"A small coordinated module family adapts count, spacing and labels to a defined collection while reusing one interface system.",Available envelope; item list and count; largest item dimensions; access direction; optional label text,length; width; height; compartment count; divider positions; access cutouts; labels; corner radius,220,210,100,PLA or PETG,None,Moderate,Digital first; printed after fulfillment qualification,9-17,28-58,1,"Dry indoor organization for light personal items only; no secure-storage, structural, electrical, protective or child-use claim.",92,Research batch 3,S31; S32,P0 research backlog,"Run the measurement workflow on one real envelope, then print the smallest fit corner or divider coupon before a full prototype.","metriMade candidate only; trend, price and demand remain hypotheses until German marketplace and customer validation.",30,24,25,11,90,Primary-source strength + signal magnitude + metriMade strategy fit + nonduplicate portfolio whitespace; components are directional planning judgments.,DIRECTIONAL PLANNING SCORE — NOT VALIDATED DEMAND,MODULAR,Measured dry host envelope and the defined light-item set,E2 route: customer measurement guide plus scaled overhead photo and one independent control dimension; exact variant remains unknown.,"Candidate baseline: common 220 x 220 x 250 mm FFF envelope, PLA or PETG, support-free orientation; exact printer, filament product/color/batch, nozzle and process JSON remain UNKNOWN.","Dimension check, insertion/removal test, finger-access review, rocking/tip check and surface-mark inspection with inert representative items.",2,1,2,2,2,0,1,1,1,0,2,34.25,C2,R2,R2,R2,R2,R2,R2,"Purpose, exclusions, envelope, measurable inputs, critical-interface route, candidate process envelope and test method are specified; exact customer variant and complete process evidence remain open.",K1,E,B,LOW_UNKNOWN,CONCEPT_ONLY,G0 PASS; G1 PASS; G2 WARN; G3 FAIL; G4 PASS; G5 PASS; G6 PASS,C2 · R2 · K1 · Lane E · LOW_UNKNOWN,STRUCTURED RESEARCH PREFLIGHT R2 — NOT PRODUCT RELEASE APPROVAL,2026-08-31,1.0
SKU-216,Travel-document pre-trip staging tray,Small-space dry organization,New,"Stage passports, blank forms and itinerary cards together before adult travel without claiming secure storage.","Stage passports, blank forms and itinerary cards together before adult travel without claiming secure storage.","Adults in compact homes, rentals and home offices","IKEA's Germany-inclusive 2026 survey reports catch-all storage in 68% of homes, kitchen counters as the leading clutter point, and strong sentimental retention.",Core — exact-fit or defined-set organization for small living and office spaces,"A small personalized one-part layout can be generated without stocking many label, count or proportion variants.",Available envelope; item list and count; largest item dimensions; access direction; optional label text,length; width; height; compartment count; divider positions; access cutouts; labels; corner radius,200,140,32,PLA or PETG,None,Easy,Digital first; printed after fulfillment qualification,5-10,16-34,1,"Dry indoor organization for light personal items only; no secure-storage, structural, electrical, protective or child-use claim.",91,Research batch 3,S31; S32,P0 research backlog,"Run the measurement workflow on one real envelope, then print the smallest fit corner or divider coupon before a full prototype.","metriMade candidate only; trend, price and demand remain hypotheses until German marketplace and customer validation.",30,24,25,10,89,Primary-source strength + signal magnitude + metriMade strategy fit + nonduplicate portfolio whitespace; components are directional planning judgments.,DIRECTIONAL PLANNING SCORE — NOT VALIDATED DEMAND,SIMPLE,Measured dry host envelope and the defined light-item set,E2 route: customer measurement guide plus scaled overhead photo and one independent control dimension; exact variant remains unknown.,"Candidate baseline: common 220 x 220 x 250 mm FFF envelope, PLA or PETG, support-free orientation; exact printer, filament product/color/batch, nozzle and process JSON remain UNKNOWN.","Dimension check, insertion/removal test, finger-access review, rocking/tip check and surface-mark inspection with inert representative items.",1,1,1,1,0,0,1,0,1,0,1,15.75,C1,R2,R2,R2,R2,R2,R2,"Purpose, exclusions, envelope, measurable inputs, critical-interface route, candidate process envelope and test method are specified; exact customer variant and complete process evidence remain open.",K1,E,B,LOW_UNKNOWN,CONCEPT_ONLY,G0 PASS; G1 PASS; G2 WARN; G3 FAIL; G4 PASS; G5 PASS; G6 PASS,C1 · R2 · K1 · Lane E · LOW_UNKNOWN,STRUCTURED RESEARCH PREFLIGHT R2 — NOT PRODUCT RELEASE APPROVAL,2026-08-31,1.0
SKU-217,Household spare-key labeled cassette,Small-space dry organization,New,Separate identified spare keys in a drawer cassette without presenting it as secure key storage.,Separate identified spare keys in a drawer cassette without presenting it as secure key storage.,"Adults in compact homes, rentals and home offices","IKEA's Germany-inclusive 2026 survey reports catch-all storage in 68% of homes, kitchen counters as the leading clutter point, and strong sentimental retention.",Core — exact-fit or defined-set organization for small living and office spaces,"A small coordinated module family adapts count, spacing and labels to a defined collection while reusing one interface system.",Available envelope; item list and count; largest item dimensions; access direction; optional label text,length; width; height; compartment count; divider positions; access cutouts; labels; corner radius,180,120,32,PLA or PETG,None,Moderate,Digital first; printed after fulfillment qualification,9-17,28-58,1,"Dry indoor organization for light personal items only; no secure-storage, structural, electrical, protective or child-use claim.",91,Research batch 3,S31; S32,P0 research backlog,"Run the measurement workflow on one real envelope, then print the smallest fit corner or divider coupon before a full prototype.","metriMade candidate only; trend, price and demand remain hypotheses until German marketplace and customer validation.",30,24,25,10,89,Primary-source strength + signal magnitude + metriMade strategy fit + nonduplicate portfolio whitespace; components are directional planning judgments.,DIRECTIONAL PLANNING SCORE — NOT VALIDATED DEMAND,MODULAR,Measured dry host envelope and the defined light-item set,E2 route: customer measurement guide plus scaled overhead photo and one independent control dimension; exact variant remains unknown.,"Candidate baseline: common 220 x 220 x 250 mm FFF envelope, PLA or PETG, support-free orientation; exact printer, filament product/color/batch, nozzle and process JSON remain UNKNOWN.","Dimension check, insertion/removal test, finger-access review, rocking/tip check and surface-mark inspection with inert representative items.",2,1,2,2,2,0,1,1,1,0,2,34.25,C2,R2,R2,R2,R2,R2,R2,"Purpose, exclusions, envelope, measurable inputs, critical-interface route, candidate process envelope and test method are specified; exact customer variant and complete process evidence remain open.",K1,E,B,LOW_UNKNOWN,CONCEPT_ONLY,G0 PASS; G1 PASS; G2 WARN; G3 FAIL; G4 PASS; G5 PASS; G6 PASS,C2 · R2 · K1 · Lane E · LOW_UNKNOWN,STRUCTURED RESEARCH PREFLIGHT R2 — NOT PRODUCT RELEASE APPROVAL,2026-08-31,1.0
SKU-218,Warranty-and-manual mini file,Small-space dry organization,New,"Sort current small manuals, receipts and warranty cards by room or device in a compact dry file.","Sort current small manuals, receipts and warranty cards by room or device in a compact dry file.","Adults in compact homes, rentals and home offices","IKEA's Germany-inclusive 2026 survey reports catch-all storage in 68% of homes, kitchen counters as the leading clutter point, and strong sentimental retention.",Core — exact-fit or defined-set organization for small living and office spaces,"A small coordinated module family adapts count, spacing and labels to a defined collection while reusing one interface system.",Available envelope; item list and count; largest item dimensions; access direction; optional label text,length; width; height; compartment count; divider positions; access cutouts; labels; corner radius,220,150,180,PLA or PETG,None,Moderate,Digital first; printed after fulfillment qualification,9-17,28-58,1,"Dry indoor organization for light personal items only; no secure-storage, structural, electrical, protective or child-use claim.",92,Research batch 3,S31; S32,P0 research backlog,"Run the measurement workflow on one real envelope, then print the smallest fit corner or divider coupon before a full prototype.","metriMade candidate only; trend, price and demand remain hypotheses until German marketplace and customer validation.",30,24,25,11,90,Primary-source strength + signal magnitude + metriMade strategy fit + nonduplicate portfolio whitespace; components are directional planning judgments.,DIRECTIONAL PLANNING SCORE — NOT VALIDATED DEMAND,MODULAR,Measured dry host envelope and the defined light-item set,E2 route: customer measurement guide plus scaled overhead photo and one independent control dimension; exact variant remains unknown.,"Candidate baseline: common 220 x 220 x 250 mm FFF envelope, PLA or PETG, support-free orientation; exact printer, filament product/color/batch, nozzle and process JSON remain UNKNOWN.","Dimension check, insertion/removal test, finger-access review, rocking/tip check and surface-mark inspection with inert representative items.",2,1,2,2,2,0,1,1,1,0,2,34.25,C2,R2,R2,R2,R2,R2,R2,"Purpose, exclusions, envelope, measurable inputs, critical-interface route, candidate process envelope and test method are specified; exact customer variant and complete process evidence remain open.",K1,E,B,LOW_UNKNOWN,CONCEPT_ONLY,G0 PASS; G1 PASS; G2 WARN; G3 FAIL; G4 PASS; G5 PASS; G6 PASS,C2 · R2 · K1 · Lane E · LOW_UNKNOWN,STRUCTURED RESEARCH PREFLIGHT R2 — NOT PRODUCT RELEASE APPROVAL,2026-08-31,1.0
SKU-219,Ribbon-offcut and gift-tag drawer file,Small-space dry organization,New,"Separate reusable dry ribbon offcuts, blank tags and string cards inside one craft drawer.","Separate reusable dry ribbon offcuts, blank tags and string cards inside one craft drawer.","Adults in compact homes, rentals and home offices","IKEA's Germany-inclusive 2026 survey reports catch-all storage in 68% of homes, kitchen counters as the leading clutter point, and strong sentimental retention.",Core — exact-fit or defined-set organization for small living and office spaces,Measured envelope and item dimensions become a one-off exact-fit insert that mass products cannot economically match.,Available envelope; item list and count; largest item dimensions; access direction; optional label text,length; width; height; compartment count; divider positions; access cutouts; labels; corner radius,210,160,65,PLA or PETG,None,Moderate,Digital first; printed after fulfillment qualification,8-16,24-52,1,"Dry indoor organization for light personal items only; no secure-storage, structural, electrical, protective or child-use claim.",92,Research batch 3,S31; S32,P0 research backlog,"Run the measurement workflow on one real envelope, then print the smallest fit corner or divider coupon before a full prototype.","metriMade candidate only; trend, price and demand remain hypotheses until German marketplace and customer validation.",30,24,25,11,90,Primary-source strength + signal magnitude + metriMade strategy fit + nonduplicate portfolio whitespace; components are directional planning judgments.,DIRECTIONAL PLANNING SCORE — NOT VALIDATED DEMAND,EXACT_FIT,Measured dry host envelope and the defined light-item set,E2 route: customer measurement guide plus scaled overhead photo and one independent control dimension; exact variant remains unknown.,"Candidate baseline: common 220 x 220 x 250 mm FFF envelope, PLA or PETG, support-free orientation; exact printer, filament product/color/batch, nozzle and process JSON remain UNKNOWN.","Dimension check, insertion/removal test, finger-access review, rocking/tip check and surface-mark inspection with inert representative items.",2,2,1,2,1,0,1,1,1,0,2,30.5,C2,R2,R2,R2,R2,R2,R2,"Purpose, exclusions, envelope, measurable inputs, critical-interface route, candidate process envelope and test method are specified; exact customer variant and complete process evidence remain open.",K1,E,B,LOW_UNKNOWN,CONCEPT_ONLY,G0 PASS; G1 PASS; G2 WARN; G3 FAIL; G4 PASS; G5 PASS; G6 PASS,C2 · R2 · K1 · Lane E · LOW_UNKNOWN,STRUCTURED RESEARCH PREFLIGHT R2 — NOT PRODUCT RELEASE APPROVAL,2026-08-31,1.0
SKU-220,Sentimental-object rotation tray,Small-space dry organization,Variation of SKU-179,Store a small defined set of keepsakes in labeled cells while one selected object is displayed elsewhere.,Store a small defined set of keepsakes in labeled cells while one selected object is displayed elsewhere.,"Adults in compact homes, rentals and home offices","IKEA's Germany-inclusive 2026 survey reports catch-all storage in 68% of homes, kitchen counters as the leading clutter point, and strong sentimental retention.",Core — exact-fit or defined-set organization for small living and office spaces,"A small coordinated module family adapts count, spacing and labels to a defined collection while reusing one interface system.",Available envelope; item list and count; largest item dimensions; access direction; optional label text,length; width; height; compartment count; divider positions; access cutouts; labels; corner radius,200,160,45,PLA or PETG,None,Moderate,Digital first; printed after fulfillment qualification,9-17,28-58,1,"Dry indoor organization for light personal items only; no secure-storage, structural, electrical, protective or child-use claim.",94,Research batch 3,S31; S32,P0 research backlog,"Run the measurement workflow on one real envelope, then print the smallest fit corner or divider coupon before a full prototype.","metriMade candidate only; trend, price and demand remain hypotheses until German marketplace and customer validation.",30,24,25,13,92,Primary-source strength + signal magnitude + metriMade strategy fit + nonduplicate portfolio whitespace; components are directional planning judgments.,DIRECTIONAL PLANNING SCORE — NOT VALIDATED DEMAND,MODULAR,Measured dry host envelope and the defined light-item set,E2 route: customer measurement guide plus scaled overhead photo and one independent control dimension; exact variant remains unknown.,"Candidate baseline: common 220 x 220 x 250 mm FFF envelope, PLA or PETG, support-free orientation; exact printer, filament product/color/batch, nozzle and process JSON remain UNKNOWN.","Dimension check, insertion/removal test, finger-access review, rocking/tip check and surface-mark inspection with inert representative items.",2,1,2,2,2,0,1,1,1,0,2,34.25,C2,R2,R2,R2,R2,R2,R2,"Purpose, exclusions, envelope, measurable inputs, critical-interface route, candidate process envelope and test method are specified; exact customer variant and complete process evidence remain open.",K1,E,B,LOW_UNKNOWN,CONCEPT_ONLY,G0 PASS; G1 PASS; G2 WARN; G3 FAIL; G4 PASS; G5 PASS; G6 PASS,C2 · R2 · K1 · Lane E · LOW_UNKNOWN,STRUCTURED RESEARCH PREFLIGHT R2 — NOT PRODUCT RELEASE APPROVAL,2026-08-31,1.0
SKU-221,Correspondence desk station,Pen-pal and correspondence organization,New,"Combine envelopes, writing paper, stamps and capped pens in one personalized freestanding writing station.","Combine envelopes, writing paper, stamps and capped pens in one personalized freestanding writing station.","Adult stationery buyers, journalers and pen-pal communities","Pinterest Predicts 2026 reports cute stamps +105%, pen-pal ideas +90% and snail-mail gifts +110%; Etsy also reports an analog journaling and keepsake revival.",Core — personalized analog-ritual organization with a compact premium desk presence,"A small coordinated module family adapts count, spacing and labels to a defined collection while reusing one interface system.",Paper and envelope formats; stamp or card formats; category count; desk footprint; optional names or labels,slot width; slot count; paper angle; finger relief; label field; base depth; motif,210,150,120,PLA or PETG,None,Moderate,Digital first; printed after fulfillment qualification,9-17,28-58,1,"Adult paper and stationery organization only; no postal-accuracy, archival-preservation, fire, security or child-use claim.",94,Research batch 3,S36; S01; S32,P0 research backlog,Verify the declared stationery formats with blank samples and print one slot/label coupon before the complete organizer.,"metriMade candidate only; trend, price and demand remain hypotheses until German marketplace and customer validation.",28,27,24,13,92,Primary-source strength + signal magnitude + metriMade strategy fit + nonduplicate portfolio whitespace; components are directional planning judgments.,DIRECTIONAL PLANNING SCORE — NOT VALIDATED DEMAND,MODULAR,"Defined paper, envelope, stamp or stationery formats and a freestanding desk footprint",E2 route: published paper-format nominal dimensions plus customer control measurement for nonstandard stationery.,"Candidate baseline: common 220 x 220 x 250 mm FFF envelope, PLA or PETG, support-free orientation; exact printer, filament product/color/batch, nozzle and process JSON remain UNKNOWN.","Paper-format fit, one-hand access, edge-snag, tip/rocking and label-legibility tests using blank stationery.",2,1,2,2,2,0,1,1,1,0,2,34.25,C2,R2,R2,R2,R2,R2,R2,"Purpose, exclusions, envelope, measurable inputs, critical-interface route, candidate process envelope and test method are specified; exact customer variant and complete process evidence remain open.",K1,E,B,LOW_UNKNOWN,CONCEPT_ONLY,G0 PASS; G1 PASS; G2 WARN; G3 FAIL; G4 PASS; G5 PASS; G6 PASS,C2 · R2 · K1 · Lane E · LOW_UNKNOWN,STRUCTURED RESEARCH PREFLIGHT R2 — NOT PRODUCT RELEASE APPROVAL,2026-08-31,1.0
SKU-222,Incoming-reply-archive letter sorter,Pen-pal and correspondence organization,New,"Separate letters awaiting reply, active correspondence and completed keepsakes in three visible slots.","Separate letters awaiting reply, active correspondence and completed keepsakes in three visible slots.","Adult stationery buyers, journalers and pen-pal communities","Pinterest Predicts 2026 reports cute stamps +105%, pen-pal ideas +90% and snail-mail gifts +110%; Etsy also reports an analog journaling and keepsake revival.",Core — personalized analog-ritual organization with a compact premium desk presence,"A small coordinated module family adapts count, spacing and labels to a defined collection while reusing one interface system.",Paper and envelope formats; stamp or card formats; category count; desk footprint; optional names or labels,slot width; slot count; paper angle; finger relief; label field; base depth; motif,220,140,170,PLA or PETG,None,Moderate,Digital first; printed after fulfillment qualification,9-17,28-58,1,"Adult paper and stationery organization only; no postal-accuracy, archival-preservation, fire, security or child-use claim.",93,Research batch 3,S36; S01; S32,P0 research backlog,Verify the declared stationery formats with blank samples and print one slot/label coupon before the complete organizer.,"metriMade candidate only; trend, price and demand remain hypotheses until German marketplace and customer validation.",28,27,24,12,91,Primary-source strength + signal magnitude + metriMade strategy fit + nonduplicate portfolio whitespace; components are directional planning judgments.,DIRECTIONAL PLANNING SCORE — NOT VALIDATED DEMAND,MODULAR,"Defined paper, envelope, stamp or stationery formats and a freestanding desk footprint",E2 route: published paper-format nominal dimensions plus customer control measurement for nonstandard stationery.,"Candidate baseline: common 220 x 220 x 250 mm FFF envelope, PLA or PETG, support-free orientation; exact printer, filament product/color/batch, nozzle and process JSON remain UNKNOWN.","Paper-format fit, one-hand access, edge-snag, tip/rocking and label-legibility tests using blank stationery.",2,1,2,2,2,0,1,1,1,0,2,34.25,C2,R2,R2,R2,R2,R2,R2,"Purpose, exclusions, envelope, measurable inputs, critical-interface route, candidate process envelope and test method are specified; exact customer variant and complete process evidence remain open.",K1,E,B,LOW_UNKNOWN,CONCEPT_ONLY,G0 PASS; G1 PASS; G2 WARN; G3 FAIL; G4 PASS; G5 PASS; G6 PASS,C2 · R2 · K1 · Lane E · LOW_UNKNOWN,STRUCTURED RESEARCH PREFLIGHT R2 — NOT PRODUCT RELEASE APPROVAL,2026-08-31,1.0
SKU-223,Postage-stamp sheet flat tray,Pen-pal and correspondence organization,New,"Keep defined stamp-sheet and booklet formats flat, visible and removable on a writing desk.","Keep defined stamp-sheet and booklet formats flat, visible and removable on a writing desk.","Adult stationery buyers, journalers and pen-pal communities","Pinterest Predicts 2026 reports cute stamps +105%, pen-pal ideas +90% and snail-mail gifts +110%; Etsy also reports an analog journaling and keepsake revival.",Core — personalized analog-ritual organization with a compact premium desk presence,Measured envelope and item dimensions become a one-off exact-fit insert that mass products cannot economically match.,Paper and envelope formats; stamp or card formats; category count; desk footprint; optional names or labels,slot width; slot count; paper angle; finger relief; label field; base depth; motif,190,140,28,PLA or PETG,None,Moderate,Digital first; printed after fulfillment qualification,8-16,24-52,1,"Adult paper and stationery organization only; no postal-accuracy, archival-preservation, fire, security or child-use claim.",92,Research batch 3,S36; S01; S32,P0 research backlog,Verify the declared stationery formats with blank samples and print one slot/label coupon before the complete organizer.,"metriMade candidate only; trend, price and demand remain hypotheses until German marketplace and customer validation.",28,27,24,11,90,Primary-source strength + signal magnitude + metriMade strategy fit + nonduplicate portfolio whitespace; components are directional planning judgments.,DIRECTIONAL PLANNING SCORE — NOT VALIDATED DEMAND,EXACT_FIT,"Defined paper, envelope, stamp or stationery formats and a freestanding desk footprint",E2 route: published paper-format nominal dimensions plus customer control measurement for nonstandard stationery.,"Candidate baseline: common 220 x 220 x 250 mm FFF envelope, PLA or PETG, support-free orientation; exact printer, filament product/color/batch, nozzle and process JSON remain UNKNOWN.","Paper-format fit, one-hand access, edge-snag, tip/rocking and label-legibility tests using blank stationery.",2,2,1,2,1,0,1,1,1,0,2,30.5,C2,R2,R2,R2,R2,R2,R2,"Purpose, exclusions, envelope, measurable inputs, critical-interface route, candidate process envelope and test method are specified; exact customer variant and complete process evidence remain open.",K1,E,B,LOW_UNKNOWN,CONCEPT_ONLY,G0 PASS; G1 PASS; G2 WARN; G3 FAIL; G4 PASS; G5 PASS; G6 PASS,C2 · R2 · K1 · Lane E · LOW_UNKNOWN,STRUCTURED RESEARCH PREFLIGHT R2 — NOT PRODUCT RELEASE APPROVAL,2026-08-31,1.0
SKU-224,Stamp-booklet pocket dispenser,Pen-pal and correspondence organization,New,Present a measured stack of stamp booklets with one-hand finger access and a refill indicator.,Present a measured stack of stamp booklets with one-hand finger access and a refill indicator.,"Adult stationery buyers, journalers and pen-pal communities","Pinterest Predicts 2026 reports cute stamps +105%, pen-pal ideas +90% and snail-mail gifts +110%; Etsy also reports an analog journaling and keepsake revival.",Core — personalized analog-ritual organization with a compact premium desk presence,Measured envelope and item dimensions become a one-off exact-fit insert that mass products cannot economically match.,Paper and envelope formats; stamp or card formats; category count; desk footprint; optional names or labels,slot width; slot count; paper angle; finger relief; label field; base depth; motif,110,80,42,PLA or PETG,None,Moderate,Digital first; printed after fulfillment qualification,8-16,24-52,1,"Adult paper and stationery organization only; no postal-accuracy, archival-preservation, fire, security or child-use claim.",93,Research batch 3,S36; S01; S32,P0 research backlog,Verify the declared stationery formats with blank samples and print one slot/label coupon before the complete organizer.,"metriMade candidate only; trend, price and demand remain hypotheses until German marketplace and customer validation.",28,27,24,12,91,Primary-source strength + signal magnitude + metriMade strategy fit + nonduplicate portfolio whitespace; components are directional planning judgments.,DIRECTIONAL PLANNING SCORE — NOT VALIDATED DEMAND,EXACT_FIT,"Defined paper, envelope, stamp or stationery formats and a freestanding desk footprint",E2 route: published paper-format nominal dimensions plus customer control measurement for nonstandard stationery.,"Candidate baseline: common 220 x 220 x 250 mm FFF envelope, PLA or PETG, support-free orientation; exact printer, filament product/color/batch, nozzle and process JSON remain UNKNOWN.","Paper-format fit, one-hand access, edge-snag, tip/rocking and label-legibility tests using blank stationery.",2,2,1,2,1,0,1,1,1,0,2,30.5,C2,R2,R2,R2,R2,R2,R2,"Purpose, exclusions, envelope, measurable inputs, critical-interface route, candidate process envelope and test method are specified; exact customer variant and complete process evidence remain open.",K1,E,B,LOW_UNKNOWN,CONCEPT_ONLY,G0 PASS; G1 PASS; G2 WARN; G3 FAIL; G4 PASS; G5 PASS; G6 PASS,C2 · R2 · K1 · Lane E · LOW_UNKNOWN,STRUCTURED RESEARCH PREFLIGHT R2 — NOT PRODUCT RELEASE APPROVAL,2026-08-31,1.0
SKU-225,Envelope-size vertical file,Pen-pal and correspondence organization,New,Separate a chosen set of envelope formats in a compact personalized vertical desk file.,Separate a chosen set of envelope formats in a compact personalized vertical desk file.,"Adult stationery buyers, journalers and pen-pal communities","Pinterest Predicts 2026 reports cute stamps +105%, pen-pal ideas +90% and snail-mail gifts +110%; Etsy also reports an analog journaling and keepsake revival.",Core — personalized analog-ritual organization with a compact premium desk presence,"A small coordinated module family adapts count, spacing and labels to a defined collection while reusing one interface system.",Paper and envelope formats; stamp or card formats; category count; desk footprint; optional names or labels,slot width; slot count; paper angle; finger relief; label field; base depth; motif,220,110,150,PLA or PETG,None,Moderate,Digital first; printed after fulfillment qualification,9-17,28-58,1,"Adult paper and stationery organization only; no postal-accuracy, archival-preservation, fire, security or child-use claim.",93,Research batch 3,S36; S01; S32,P0 research backlog,Verify the declared stationery formats with blank samples and print one slot/label coupon before the complete organizer.,"metriMade candidate only; trend, price and demand remain hypotheses until German marketplace and customer validation.",28,27,24,12,91,Primary-source strength + signal magnitude + metriMade strategy fit + nonduplicate portfolio whitespace; components are directional planning judgments.,DIRECTIONAL PLANNING SCORE — NOT VALIDATED DEMAND,MODULAR,"Defined paper, envelope, stamp or stationery formats and a freestanding desk footprint",E2 route: published paper-format nominal dimensions plus customer control measurement for nonstandard stationery.,"Candidate baseline: common 220 x 220 x 250 mm FFF envelope, PLA or PETG, support-free orientation; exact printer, filament product/color/batch, nozzle and process JSON remain UNKNOWN.","Paper-format fit, one-hand access, edge-snag, tip/rocking and label-legibility tests using blank stationery.",2,1,2,2,2,0,1,1,1,0,2,34.25,C2,R2,R2,R2,R2,R2,R2,"Purpose, exclusions, envelope, measurable inputs, critical-interface route, candidate process envelope and test method are specified; exact customer variant and complete process evidence remain open.",K1,E,B,LOW_UNKNOWN,CONCEPT_ONLY,G0 PASS; G1 PASS; G2 WARN; G3 FAIL; G4 PASS; G5 PASS; G6 PASS,C2 · R2 · K1 · Lane E · LOW_UNKNOWN,STRUCTURED RESEARCH PREFLIGHT R2 — NOT PRODUCT RELEASE APPROVAL,2026-08-31,1.0
SKU-226,Address-label and sticker-roll dock,Pen-pal and correspondence organization,New,Park non-adhesive-backed label rolls and sticker sheets beside a correspondence station.,Park non-adhesive-backed label rolls and sticker sheets beside a correspondence station.,"Adult stationery buyers, journalers and pen-pal communities","Pinterest Predicts 2026 reports cute stamps +105%, pen-pal ideas +90% and snail-mail gifts +110%; Etsy also reports an analog journaling and keepsake revival.",Core — personalized analog-ritual organization with a compact premium desk presence,"A small coordinated module family adapts count, spacing and labels to a defined collection while reusing one interface system.",Paper and envelope formats; stamp or card formats; category count; desk footprint; optional names or labels,slot width; slot count; paper angle; finger relief; label field; base depth; motif,180,120,90,PLA or PETG,None,Moderate,Digital first; printed after fulfillment qualification,9-17,28-58,1,"Adult paper and stationery organization only; no postal-accuracy, archival-preservation, fire, security or child-use claim.",92,Research batch 3,S36; S01; S32,P0 research backlog,Verify the declared stationery formats with blank samples and print one slot/label coupon before the complete organizer.,"metriMade candidate only; trend, price and demand remain hypotheses until German marketplace and customer validation.",28,27,24,11,90,Primary-source strength + signal magnitude + metriMade strategy fit + nonduplicate portfolio whitespace; components are directional planning judgments.,DIRECTIONAL PLANNING SCORE — NOT VALIDATED DEMAND,MODULAR,"Defined paper, envelope, stamp or stationery formats and a freestanding desk footprint",E2 route: published paper-format nominal dimensions plus customer control measurement for nonstandard stationery.,"Candidate baseline: common 220 x 220 x 250 mm FFF envelope, PLA or PETG, support-free orientation; exact printer, filament product/color/batch, nozzle and process JSON remain UNKNOWN.","Paper-format fit, one-hand access, edge-snag, tip/rocking and label-legibility tests using blank stationery.",2,1,2,2,2,0,1,1,1,0,2,34.25,C2,R2,R2,R2,R2,R2,R2,"Purpose, exclusions, envelope, measurable inputs, critical-interface route, candidate process envelope and test method are specified; exact customer variant and complete process evidence remain open.",K1,E,B,LOW_UNKNOWN,CONCEPT_ONLY,G0 PASS; G1 PASS; G2 WARN; G3 FAIL; G4 PASS; G5 PASS; G6 PASS,C2 · R2 · K1 · Lane E · LOW_UNKNOWN,STRUCTURED RESEARCH PREFLIGHT R2 — NOT PRODUCT RELEASE APPROVAL,2026-08-31,1.0
SKU-227,Wax-seal stamp cool-storage stand,Pen-pal and correspondence organization,New,"Store clean, cool wax-seal stamp handles upright by motif when they are not in use.","Store clean, cool wax-seal stamp handles upright by motif when they are not in use.","Adult stationery buyers, journalers and pen-pal communities","Pinterest Predicts 2026 reports cute stamps +105%, pen-pal ideas +90% and snail-mail gifts +110%; Etsy also reports an analog journaling and keepsake revival.",Core — personalized analog-ritual organization with a compact premium desk presence,Measured envelope and item dimensions become a one-off exact-fit insert that mass products cannot economically match.,Paper and envelope formats; stamp or card formats; category count; desk footprint; optional names or labels,slot width; slot count; paper angle; finger relief; label field; base depth; motif,160,90,80,PLA or PETG,None,Moderate,Digital first; printed after fulfillment qualification,8-16,24-52,1,"Adult paper and stationery organization only; no postal-accuracy, archival-preservation, fire, security or child-use claim.",91,Research batch 3,S36; S01; S32,P0 research backlog,Verify the declared stationery formats with blank samples and print one slot/label coupon before the complete organizer.,"metriMade candidate only; trend, price and demand remain hypotheses until German marketplace and customer validation.",28,27,24,10,89,Primary-source strength + signal magnitude + metriMade strategy fit + nonduplicate portfolio whitespace; components are directional planning judgments.,DIRECTIONAL PLANNING SCORE — NOT VALIDATED DEMAND,EXACT_FIT,"Defined paper, envelope, stamp or stationery formats and a freestanding desk footprint",E2 route: published paper-format nominal dimensions plus customer control measurement for nonstandard stationery.,"Candidate baseline: common 220 x 220 x 250 mm FFF envelope, PLA or PETG, support-free orientation; exact printer, filament product/color/batch, nozzle and process JSON remain UNKNOWN.","Paper-format fit, one-hand access, edge-snag, tip/rocking and label-legibility tests using blank stationery.",2,2,1,2,1,0,1,1,1,0,2,30.5,C2,R2,R2,R2,R2,R2,R2,"Purpose, exclusions, envelope, measurable inputs, critical-interface route, candidate process envelope and test method are specified; exact customer variant and complete process evidence remain open.",K1,E,B,LOW_UNKNOWN,CONCEPT_ONLY,G0 PASS; G1 PASS; G2 WARN; G3 FAIL; G4 PASS; G5 PASS; G6 PASS,C2 · R2 · K1 · Lane E · LOW_UNKNOWN,STRUCTURED RESEARCH PREFLIGHT R2 — NOT PRODUCT RELEASE APPROVAL,2026-08-31,1.0
SKU-228,Pen-pal gift-enclosure sorting tray,Pen-pal and correspondence organization,New,"Stage flat stickers, blank cards and lightweight enclosures by recipient before packing a letter.","Stage flat stickers, blank cards and lightweight enclosures by recipient before packing a letter.","Adult stationery buyers, journalers and pen-pal communities","Pinterest Predicts 2026 reports cute stamps +105%, pen-pal ideas +90% and snail-mail gifts +110%; Etsy also reports an analog journaling and keepsake revival.",Core — personalized analog-ritual organization with a compact premium desk presence,"A small coordinated module family adapts count, spacing and labels to a defined collection while reusing one interface system.",Paper and envelope formats; stamp or card formats; category count; desk footprint; optional names or labels,slot width; slot count; paper angle; finger relief; label field; base depth; motif,200,150,35,PLA or PETG,None,Moderate,Digital first; printed after fulfillment qualification,9-17,28-58,1,"Adult paper and stationery organization only; no postal-accuracy, archival-preservation, fire, security or child-use claim.",93,Research batch 3,S36; S01; S32,P0 research backlog,Verify the declared stationery formats with blank samples and print one slot/label coupon before the complete organizer.,"metriMade candidate only; trend, price and demand remain hypotheses until German marketplace and customer validation.",28,27,24,12,91,Primary-source strength + signal magnitude + metriMade strategy fit + nonduplicate portfolio whitespace; components are directional planning judgments.,DIRECTIONAL PLANNING SCORE — NOT VALIDATED DEMAND,MODULAR,"Defined paper, envelope, stamp or stationery formats and a freestanding desk footprint",E2 route: published paper-format nominal dimensions plus customer control measurement for nonstandard stationery.,"Candidate baseline: common 220 x 220 x 250 mm FFF envelope, PLA or PETG, support-free orientation; exact printer, filament product/color/batch, nozzle and process JSON remain UNKNOWN.","Paper-format fit, one-hand access, edge-snag, tip/rocking and label-legibility tests using blank stationery.",2,1,2,2,2,0,1,1,1,0,2,34.25,C2,R2,R2,R2,R2,R2,R2,"Purpose, exclusions, envelope, measurable inputs, critical-interface route, candidate process envelope and test method are specified; exact customer variant and complete process evidence remain open.",K1,E,B,LOW_UNKNOWN,CONCEPT_ONLY,G0 PASS; G1 PASS; G2 WARN; G3 FAIL; G4 PASS; G5 PASS; G6 PASS,C2 · R2 · K1 · Lane E · LOW_UNKNOWN,STRUCTURED RESEARCH PREFLIGHT R2 — NOT PRODUCT RELEASE APPROVAL,2026-08-31,1.0
SKU-229,Postcard-writing angle stand,Pen-pal and correspondence organization,New,Hold one postcard at a chosen low writing/viewing angle with a separate capped-pen rest.,Hold one postcard at a chosen low writing/viewing angle with a separate capped-pen rest.,"Adult stationery buyers, journalers and pen-pal communities","Pinterest Predicts 2026 reports cute stamps +105%, pen-pal ideas +90% and snail-mail gifts +110%; Etsy also reports an analog journaling and keepsake revival.",Core — personalized analog-ritual organization with a compact premium desk presence,"Object footprint, viewing angle, label and visual motif can be personalized in a compact premium display without tooling.",Paper and envelope formats; stamp or card formats; category count; desk footprint; optional names or labels,slot width; slot count; paper angle; finger relief; label field; base depth; motif,180,120,90,PLA or PETG,None,Easy,Digital first; printed after fulfillment qualification,7-15,22-49,1,"Adult paper and stationery organization only; no postal-accuracy, archival-preservation, fire, security or child-use claim.",91,Research batch 3,S36; S01; S32,P0 research backlog,Verify the declared stationery formats with blank samples and print one slot/label coupon before the complete organizer.,"metriMade candidate only; trend, price and demand remain hypotheses until German marketplace and customer validation.",28,27,24,10,89,Primary-source strength + signal magnitude + metriMade strategy fit + nonduplicate portfolio whitespace; components are directional planning judgments.,DIRECTIONAL PLANNING SCORE — NOT VALIDATED DEMAND,DISPLAY,"Defined paper, envelope, stamp or stationery formats and a freestanding desk footprint",E2 route: published paper-format nominal dimensions plus customer control measurement for nonstandard stationery.,"Candidate baseline: common 220 x 220 x 250 mm FFF envelope, PLA or PETG, support-free orientation; exact printer, filament product/color/batch, nozzle and process JSON remain UNKNOWN.","Paper-format fit, one-hand access, edge-snag, tip/rocking and label-legibility tests using blank stationery.",2,2,1,1,1,0,2,1,1,0,2,27.25,C2,R2,R2,R2,R2,R2,R2,"Purpose, exclusions, envelope, measurable inputs, critical-interface route, candidate process envelope and test method are specified; exact customer variant and complete process evidence remain open.",K1,E,B,LOW_UNKNOWN,CONCEPT_ONLY,G0 PASS; G1 PASS; G2 WARN; G3 FAIL; G4 PASS; G5 PASS; G6 PASS,C2 · R2 · K1 · Lane E · LOW_UNKNOWN,STRUCTURED RESEARCH PREFLIGHT R2 — NOT PRODUCT RELEASE APPROVAL,2026-08-31,1.0
SKU-230,Snail-mail outgoing date queue,Pen-pal and correspondence organization,New,Arrange completed letters by planned posting date using removable personalized dividers.,Arrange completed letters by planned posting date using removable personalized dividers.,"Adult stationery buyers, journalers and pen-pal communities","Pinterest Predicts 2026 reports cute stamps +105%, pen-pal ideas +90% and snail-mail gifts +110%; Etsy also reports an analog journaling and keepsake revival.",Core — personalized analog-ritual organization with a compact premium desk presence,"A small coordinated module family adapts count, spacing and labels to a defined collection while reusing one interface system.",Paper and envelope formats; stamp or card formats; category count; desk footprint; optional names or labels,slot width; slot count; paper angle; finger relief; label field; base depth; motif,220,120,150,PLA or PETG,None,Moderate,Digital first; printed after fulfillment qualification,9-17,28-58,1,"Adult paper and stationery organization only; no postal-accuracy, archival-preservation, fire, security or child-use claim.",94,Research batch 3,S36; S01; S32,P0 research backlog,Verify the declared stationery formats with blank samples and print one slot/label coupon before the complete organizer.,"metriMade candidate only; trend, price and demand remain hypotheses until German marketplace and customer validation.",28,27,24,13,92,Primary-source strength + signal magnitude + metriMade strategy fit + nonduplicate portfolio whitespace; components are directional planning judgments.,DIRECTIONAL PLANNING SCORE — NOT VALIDATED DEMAND,MODULAR,"Defined paper, envelope, stamp or stationery formats and a freestanding desk footprint",E2 route: published paper-format nominal dimensions plus customer control measurement for nonstandard stationery.,"Candidate baseline: common 220 x 220 x 250 mm FFF envelope, PLA or PETG, support-free orientation; exact printer, filament product/color/batch, nozzle and process JSON remain UNKNOWN.","Paper-format fit, one-hand access, edge-snag, tip/rocking and label-legibility tests using blank stationery.",2,1,2,2,2,0,1,1,1,0,2,34.25,C2,R2,R2,R2,R2,R2,R2,"Purpose, exclusions, envelope, measurable inputs, critical-interface route, candidate process envelope and test method are specified; exact customer variant and complete process evidence remain open.",K1,E,B,LOW_UNKNOWN,CONCEPT_ONLY,G0 PASS; G1 PASS; G2 WARN; G3 FAIL; G4 PASS; G5 PASS; G6 PASS,C2 · R2 · K1 · Lane E · LOW_UNKNOWN,STRUCTURED RESEARCH PREFLIGHT R2 — NOT PRODUCT RELEASE APPROVAL,2026-08-31,1.0
SKU-231,Fountain-pen and notebook desk bridge,Journaling and writing rituals,New,Keep one closed notebook and a small set of capped pens together in a sculptural desk bridge.,Keep one closed notebook and a small set of capped pens together in a sculptural desk bridge.,"Adult journalers, readers, writers and fountain-pen users",Pinterest Predicts 2026 reports poet aesthetic +175% and poet core +75%; Etsy reports traveler-journal searches doubled and memory journals +189%.,Core — personalized functional desk decor for tactile writing and memory rituals,"Object footprint, viewing angle, label and visual motif can be personalized in a compact premium display without tooling.","Notebook, card or pen envelope; item count; desk footprint; preferred viewing angle; optional text",slot width; pitch; angle; stop height; label; motif; footprint; divider count,200,120,95,PLA or PETG,None,Easy,Digital first; printed after fulfillment qualification,7-15,22-49,1,"Adult writing and stationery use only; no ergonomic, archival, instrument-protection, ink-containment or child-use claim.",96,Research batch 3,S36; S01; S32,P0 research backlog,Confirm one real item set and print a representative slot/edge coupon before the complete desk object.,"metriMade candidate only; trend, price and demand remain hypotheses until German marketplace and customer validation.",28,30,24,12,94,Primary-source strength + signal magnitude + metriMade strategy fit + nonduplicate portfolio whitespace; components are directional planning judgments.,DIRECTIONAL PLANNING SCORE — NOT VALIDATED DEMAND,DISPLAY,"Defined notebook, card, bookmark or capped-writing-tool envelope",E2 route: customer dimension entry with a scaled top photo or a controlled paper/pen preset and one control dimension.,"Candidate baseline: common 220 x 220 x 250 mm FFF envelope, PLA or PETG, support-free orientation; exact printer, filament product/color/batch, nozzle and process JSON remain UNKNOWN.","Fit, removal, scratch/mark, tip stability, edge comfort and label-legibility checks with inert or capped items.",2,2,1,1,1,0,2,1,1,0,2,27.25,C2,R2,R2,R2,R2,R2,R2,"Purpose, exclusions, envelope, measurable inputs, critical-interface route, candidate process envelope and test method are specified; exact customer variant and complete process evidence remain open.",K1,E,B,LOW_UNKNOWN,CONCEPT_ONLY,G0 PASS; G1 PASS; G2 WARN; G3 FAIL; G4 PASS; G5 PASS; G6 PASS,C2 · R2 · K1 · Lane E · LOW_UNKNOWN,STRUCTURED RESEARCH PREFLIGHT R2 — NOT PRODUCT RELEASE APPROVAL,2026-08-31,1.0
SKU-232,Reading-log card catalog file,Journaling and writing rituals,New,Store reading-log cards by status in a compact open file inspired by a card catalog.,Store reading-log cards by status in a compact open file inspired by a card catalog.,"Adult journalers, readers, writers and fountain-pen users",Pinterest Predicts 2026 reports poet aesthetic +175% and poet core +75%; Etsy reports traveler-journal searches doubled and memory journals +189%.,Core — personalized functional desk decor for tactile writing and memory rituals,"A small coordinated module family adapts count, spacing and labels to a defined collection while reusing one interface system.","Notebook, card or pen envelope; item count; desk footprint; preferred viewing angle; optional text",slot width; pitch; angle; stop height; label; motif; footprint; divider count,180,130,100,PLA or PETG,None,Moderate,Digital first; printed after fulfillment qualification,9-17,28-58,1,"Adult writing and stationery use only; no ergonomic, archival, instrument-protection, ink-containment or child-use claim.",95,Research batch 3,S36; S01; S32,P0 research backlog,Confirm one real item set and print a representative slot/edge coupon before the complete desk object.,"metriMade candidate only; trend, price and demand remain hypotheses until German marketplace and customer validation.",28,30,24,11,93,Primary-source strength + signal magnitude + metriMade strategy fit + nonduplicate portfolio whitespace; components are directional planning judgments.,DIRECTIONAL PLANNING SCORE — NOT VALIDATED DEMAND,MODULAR,"Defined notebook, card, bookmark or capped-writing-tool envelope",E2 route: customer dimension entry with a scaled top photo or a controlled paper/pen preset and one control dimension.,"Candidate baseline: common 220 x 220 x 250 mm FFF envelope, PLA or PETG, support-free orientation; exact printer, filament product/color/batch, nozzle and process JSON remain UNKNOWN.","Fit, removal, scratch/mark, tip stability, edge comfort and label-legibility checks with inert or capped items.",2,1,2,2,2,0,1,1,1,0,2,34.25,C2,R2,R2,R2,R2,R2,R2,"Purpose, exclusions, envelope, measurable inputs, critical-interface route, candidate process envelope and test method are specified; exact customer variant and complete process evidence remain open.",K1,E,B,LOW_UNKNOWN,CONCEPT_ONLY,G0 PASS; G1 PASS; G2 WARN; G3 FAIL; G4 PASS; G5 PASS; G6 PASS,C2 · R2 · K1 · Lane E · LOW_UNKNOWN,STRUCTURED RESEARCH PREFLIGHT R2 — NOT PRODUCT RELEASE APPROVAL,2026-08-31,1.0
SKU-233,Quote-card archive stand,Journaling and writing rituals,New,Organize handwritten quote and prompt cards by theme in a personalized stepped stand.,Organize handwritten quote and prompt cards by theme in a personalized stepped stand.,"Adult journalers, readers, writers and fountain-pen users",Pinterest Predicts 2026 reports poet aesthetic +175% and poet core +75%; Etsy reports traveler-journal searches doubled and memory journals +189%.,Core — personalized functional desk decor for tactile writing and memory rituals,"A small coordinated module family adapts count, spacing and labels to a defined collection while reusing one interface system.","Notebook, card or pen envelope; item count; desk footprint; preferred viewing angle; optional text",slot width; pitch; angle; stop height; label; motif; footprint; divider count,170,110,95,PLA or PETG,None,Moderate,Digital first; printed after fulfillment qualification,9-17,28-58,1,"Adult writing and stationery use only; no ergonomic, archival, instrument-protection, ink-containment or child-use claim.",95,Research batch 3,S36; S01; S32,P0 research backlog,Confirm one real item set and print a representative slot/edge coupon before the complete desk object.,"metriMade candidate only; trend, price and demand remain hypotheses until German marketplace and customer validation.",28,30,24,11,93,Primary-source strength + signal magnitude + metriMade strategy fit + nonduplicate portfolio whitespace; components are directional planning judgments.,DIRECTIONAL PLANNING SCORE — NOT VALIDATED DEMAND,MODULAR,"Defined notebook, card, bookmark or capped-writing-tool envelope",E2 route: customer dimension entry with a scaled top photo or a controlled paper/pen preset and one control dimension.,"Candidate baseline: common 220 x 220 x 250 mm FFF envelope, PLA or PETG, support-free orientation; exact printer, filament product/color/batch, nozzle and process JSON remain UNKNOWN.","Fit, removal, scratch/mark, tip stability, edge comfort and label-legibility checks with inert or capped items.",2,1,2,2,2,0,1,1,1,0,2,34.25,C2,R2,R2,R2,R2,R2,R2,"Purpose, exclusions, envelope, measurable inputs, critical-interface route, candidate process envelope and test method are specified; exact customer variant and complete process evidence remain open.",K1,E,B,LOW_UNKNOWN,CONCEPT_ONLY,G0 PASS; G1 PASS; G2 WARN; G3 FAIL; G4 PASS; G5 PASS; G6 PASS,C2 · R2 · K1 · Lane E · LOW_UNKNOWN,STRUCTURED RESEARCH PREFLIGHT R2 — NOT PRODUCT RELEASE APPROVAL,2026-08-31,1.0
SKU-234,Bookmark rotation stand,Journaling and writing rituals,New,Display current bookmarks while storing a small rotation set upright without bending them.,Display current bookmarks while storing a small rotation set upright without bending them.,"Adult journalers, readers, writers and fountain-pen users",Pinterest Predicts 2026 reports poet aesthetic +175% and poet core +75%; Etsy reports traveler-journal searches doubled and memory journals +189%.,Core — personalized functional desk decor for tactile writing and memory rituals,"Object footprint, viewing angle, label and visual motif can be personalized in a compact premium display without tooling.","Notebook, card or pen envelope; item count; desk footprint; preferred viewing angle; optional text",slot width; pitch; angle; stop height; label; motif; footprint; divider count,150,90,140,PLA or PETG,None,Easy,Digital first; printed after fulfillment qualification,7-15,22-49,1,"Adult writing and stationery use only; no ergonomic, archival, instrument-protection, ink-containment or child-use claim.",94,Research batch 3,S36; S01; S32,P0 research backlog,Confirm one real item set and print a representative slot/edge coupon before the complete desk object.,"metriMade candidate only; trend, price and demand remain hypotheses until German marketplace and customer validation.",28,30,24,10,92,Primary-source strength + signal magnitude + metriMade strategy fit + nonduplicate portfolio whitespace; components are directional planning judgments.,DIRECTIONAL PLANNING SCORE — NOT VALIDATED DEMAND,DISPLAY,"Defined notebook, card, bookmark or capped-writing-tool envelope",E2 route: customer dimension entry with a scaled top photo or a controlled paper/pen preset and one control dimension.,"Candidate baseline: common 220 x 220 x 250 mm FFF envelope, PLA or PETG, support-free orientation; exact printer, filament product/color/batch, nozzle and process JSON remain UNKNOWN.","Fit, removal, scratch/mark, tip stability, edge comfort and label-legibility checks with inert or capped items.",2,2,1,1,1,0,2,1,1,0,2,27.25,C2,R2,R2,R2,R2,R2,R2,"Purpose, exclusions, envelope, measurable inputs, critical-interface route, candidate process envelope and test method are specified; exact customer variant and complete process evidence remain open.",K1,E,B,LOW_UNKNOWN,CONCEPT_ONLY,G0 PASS; G1 PASS; G2 WARN; G3 FAIL; G4 PASS; G5 PASS; G6 PASS,C2 · R2 · K1 · Lane E · LOW_UNKNOWN,STRUCTURED RESEARCH PREFLIGHT R2 — NOT PRODUCT RELEASE APPROVAL,2026-08-31,1.0
SKU-235,Journal-sticker sheet vertical file,Journaling and writing rituals,New,Separate sticker sheets and flat ephemera by journal project in a compact vertical file.,Separate sticker sheets and flat ephemera by journal project in a compact vertical file.,"Adult journalers, readers, writers and fountain-pen users",Pinterest Predicts 2026 reports poet aesthetic +175% and poet core +75%; Etsy reports traveler-journal searches doubled and memory journals +189%.,Core — personalized functional desk decor for tactile writing and memory rituals,Measured envelope and item dimensions become a one-off exact-fit insert that mass products cannot economically match.,"Notebook, card or pen envelope; item count; desk footprint; preferred viewing angle; optional text",slot width; pitch; angle; stop height; label; motif; footprint; divider count,200,100,160,PLA or PETG,None,Moderate,Digital first; printed after fulfillment qualification,8-16,24-52,1,"Adult writing and stationery use only; no ergonomic, archival, instrument-protection, ink-containment or child-use claim.",96,Research batch 3,S36; S01; S32,P0 research backlog,Confirm one real item set and print a representative slot/edge coupon before the complete desk object.,"metriMade candidate only; trend, price and demand remain hypotheses until German marketplace and customer validation.",28,30,24,12,94,Primary-source strength + signal magnitude + metriMade strategy fit + nonduplicate portfolio whitespace; components are directional planning judgments.,DIRECTIONAL PLANNING SCORE — NOT VALIDATED DEMAND,EXACT_FIT,"Defined notebook, card, bookmark or capped-writing-tool envelope",E2 route: customer dimension entry with a scaled top photo or a controlled paper/pen preset and one control dimension.,"Candidate baseline: common 220 x 220 x 250 mm FFF envelope, PLA or PETG, support-free orientation; exact printer, filament product/color/batch, nozzle and process JSON remain UNKNOWN.","Fit, removal, scratch/mark, tip stability, edge comfort and label-legibility checks with inert or capped items.",2,2,1,2,1,0,1,1,1,0,2,30.5,C2,R2,R2,R2,R2,R2,R2,"Purpose, exclusions, envelope, measurable inputs, critical-interface route, candidate process envelope and test method are specified; exact customer variant and complete process evidence remain open.",K1,E,B,LOW_UNKNOWN,CONCEPT_ONLY,G0 PASS; G1 PASS; G2 WARN; G3 FAIL; G4 PASS; G5 PASS; G6 PASS,C2 · R2 · K1 · Lane E · LOW_UNKNOWN,STRUCTURED RESEARCH PREFLIGHT R2 — NOT PRODUCT RELEASE APPROVAL,2026-08-31,1.0
SKU-236,Traveler-notebook template station,Journaling and writing rituals,Variation of SKU-026,"Keep writing guides, blotting cards and insert templates aligned beside a traveler notebook.","Keep writing guides, blotting cards and insert templates aligned beside a traveler notebook.","Adult journalers, readers, writers and fountain-pen users",Pinterest Predicts 2026 reports poet aesthetic +175% and poet core +75%; Etsy reports traveler-journal searches doubled and memory journals +189%.,Core — personalized functional desk decor for tactile writing and memory rituals,Measured envelope and item dimensions become a one-off exact-fit insert that mass products cannot economically match.,"Notebook, card or pen envelope; item count; desk footprint; preferred viewing angle; optional text",slot width; pitch; angle; stop height; label; motif; footprint; divider count,180,120,55,PLA or PETG,None,Moderate,Digital first; printed after fulfillment qualification,8-16,24-52,1,"Adult writing and stationery use only; no ergonomic, archival, instrument-protection, ink-containment or child-use claim.",96,Research batch 3,S36; S01; S32,P0 research backlog,Confirm one real item set and print a representative slot/edge coupon before the complete desk object.,"metriMade candidate only; trend, price and demand remain hypotheses until German marketplace and customer validation.",28,30,24,12,94,Primary-source strength + signal magnitude + metriMade strategy fit + nonduplicate portfolio whitespace; components are directional planning judgments.,DIRECTIONAL PLANNING SCORE — NOT VALIDATED DEMAND,EXACT_FIT,"Defined notebook, card, bookmark or capped-writing-tool envelope",E2 route: customer dimension entry with a scaled top photo or a controlled paper/pen preset and one control dimension.,"Candidate baseline: common 220 x 220 x 250 mm FFF envelope, PLA or PETG, support-free orientation; exact printer, filament product/color/batch, nozzle and process JSON remain UNKNOWN.","Fit, removal, scratch/mark, tip stability, edge comfort and label-legibility checks with inert or capped items.",2,2,1,2,1,0,1,1,1,0,2,30.5,C2,R2,R2,R2,R2,R2,R2,"Purpose, exclusions, envelope, measurable inputs, critical-interface route, candidate process envelope and test method are specified; exact customer variant and complete process evidence remain open.",K1,E,B,LOW_UNKNOWN,CONCEPT_ONLY,G0 PASS; G1 PASS; G2 WARN; G3 FAIL; G4 PASS; G5 PASS; G6 PASS,C2 · R2 · K1 · Lane E · LOW_UNKNOWN,STRUCTURED RESEARCH PREFLIGHT R2 — NOT PRODUCT RELEASE APPROVAL,2026-08-31,1.0
SKU-237,Paper-ephemera sorting fan,Journaling and writing rituals,New,"Sort tickets, labels and paper ephemera into visible angled lanes before journaling.","Sort tickets, labels and paper ephemera into visible angled lanes before journaling.","Adult journalers, readers, writers and fountain-pen users",Pinterest Predicts 2026 reports poet aesthetic +175% and poet core +75%; Etsy reports traveler-journal searches doubled and memory journals +189%.,Core — personalized functional desk decor for tactile writing and memory rituals,"A small coordinated module family adapts count, spacing and labels to a defined collection while reusing one interface system.","Notebook, card or pen envelope; item count; desk footprint; preferred viewing angle; optional text",slot width; pitch; angle; stop height; label; motif; footprint; divider count,190,130,90,PLA or PETG,None,Moderate,Digital first; printed after fulfillment qualification,9-17,28-58,1,"Adult writing and stationery use only; no ergonomic, archival, instrument-protection, ink-containment or child-use claim.",95,Research batch 3,S36; S01; S32,P0 research backlog,Confirm one real item set and print a representative slot/edge coupon before the complete desk object.,"metriMade candidate only; trend, price and demand remain hypotheses until German marketplace and customer validation.",28,30,24,11,93,Primary-source strength + signal magnitude + metriMade strategy fit + nonduplicate portfolio whitespace; components are directional planning judgments.,DIRECTIONAL PLANNING SCORE — NOT VALIDATED DEMAND,MODULAR,"Defined notebook, card, bookmark or capped-writing-tool envelope",E2 route: customer dimension entry with a scaled top photo or a controlled paper/pen preset and one control dimension.,"Candidate baseline: common 220 x 220 x 250 mm FFF envelope, PLA or PETG, support-free orientation; exact printer, filament product/color/batch, nozzle and process JSON remain UNKNOWN.","Fit, removal, scratch/mark, tip stability, edge comfort and label-legibility checks with inert or capped items.",2,1,2,2,2,0,1,1,1,0,2,34.25,C2,R2,R2,R2,R2,R2,R2,"Purpose, exclusions, envelope, measurable inputs, critical-interface route, candidate process envelope and test method are specified; exact customer variant and complete process evidence remain open.",K1,E,B,LOW_UNKNOWN,CONCEPT_ONLY,G0 PASS; G1 PASS; G2 WARN; G3 FAIL; G4 PASS; G5 PASS; G6 PASS,C2 · R2 · K1 · Lane E · LOW_UNKNOWN,STRUCTURED RESEARCH PREFLIGHT R2 — NOT PRODUCT RELEASE APPROVAL,2026-08-31,1.0
SKU-238,Daily-writing prompt token tray,Journaling and writing rituals,New,"Present a personalized set of adult writing-prompt tokens in today, used and archive zones.","Present a personalized set of adult writing-prompt tokens in today, used and archive zones.","Adult journalers, readers, writers and fountain-pen users",Pinterest Predicts 2026 reports poet aesthetic +175% and poet core +75%; Etsy reports traveler-journal searches doubled and memory journals +189%.,Core — personalized functional desk decor for tactile writing and memory rituals,"A small coordinated module family adapts count, spacing and labels to a defined collection while reusing one interface system.","Notebook, card or pen envelope; item count; desk footprint; preferred viewing angle; optional text",slot width; pitch; angle; stop height; label; motif; footprint; divider count,160,110,38,PLA or PETG,None,Moderate,Digital first; printed after fulfillment qualification,9-17,28-58,1,"Adult writing and stationery use only; no ergonomic, archival, instrument-protection, ink-containment or child-use claim.",96,Research batch 3,S36; S01; S32,P0 research backlog,Confirm one real item set and print a representative slot/edge coupon before the complete desk object.,"metriMade candidate only; trend, price and demand remain hypotheses until German marketplace and customer validation.",28,30,24,12,94,Primary-source strength + signal magnitude + metriMade strategy fit + nonduplicate portfolio whitespace; components are directional planning judgments.,DIRECTIONAL PLANNING SCORE — NOT VALIDATED DEMAND,MODULAR,"Defined notebook, card, bookmark or capped-writing-tool envelope",E2 route: customer dimension entry with a scaled top photo or a controlled paper/pen preset and one control dimension.,"Candidate baseline: common 220 x 220 x 250 mm FFF envelope, PLA or PETG, support-free orientation; exact printer, filament product/color/batch, nozzle and process JSON remain UNKNOWN.","Fit, removal, scratch/mark, tip stability, edge comfort and label-legibility checks with inert or capped items.",2,1,2,2,2,0,1,1,1,0,2,34.25,C2,R2,R2,R2,R2,R2,R2,"Purpose, exclusions, envelope, measurable inputs, critical-interface route, candidate process envelope and test method are specified; exact customer variant and complete process evidence remain open.",K1,E,B,LOW_UNKNOWN,CONCEPT_ONLY,G0 PASS; G1 PASS; G2 WARN; G3 FAIL; G4 PASS; G5 PASS; G6 PASS,C2 · R2 · K1 · Lane E · LOW_UNKNOWN,STRUCTURED RESEARCH PREFLIGHT R2 — NOT PRODUCT RELEASE APPROVAL,2026-08-31,1.0
SKU-239,Ink-swatch card stepped rail,Journaling and writing rituals,New,Display dry fountain-pen ink swatch cards by color family in a labeled stepped rail.,Display dry fountain-pen ink swatch cards by color family in a labeled stepped rail.,"Adult journalers, readers, writers and fountain-pen users",Pinterest Predicts 2026 reports poet aesthetic +175% and poet core +75%; Etsy reports traveler-journal searches doubled and memory journals +189%.,Core — personalized functional desk decor for tactile writing and memory rituals,"Object footprint, viewing angle, label and visual motif can be personalized in a compact premium display without tooling.","Notebook, card or pen envelope; item count; desk footprint; preferred viewing angle; optional text",slot width; pitch; angle; stop height; label; motif; footprint; divider count,200,90,95,PLA or PETG,None,Easy,Digital first; printed after fulfillment qualification,7-15,22-49,1,"Adult writing and stationery use only; no ergonomic, archival, instrument-protection, ink-containment or child-use claim.",95,Research batch 3,S36; S01; S32,P0 research backlog,Confirm one real item set and print a representative slot/edge coupon before the complete desk object.,"metriMade candidate only; trend, price and demand remain hypotheses until German marketplace and customer validation.",28,30,24,11,93,Primary-source strength + signal magnitude + metriMade strategy fit + nonduplicate portfolio whitespace; components are directional planning judgments.,DIRECTIONAL PLANNING SCORE — NOT VALIDATED DEMAND,DISPLAY,"Defined notebook, card, bookmark or capped-writing-tool envelope",E2 route: customer dimension entry with a scaled top photo or a controlled paper/pen preset and one control dimension.,"Candidate baseline: common 220 x 220 x 250 mm FFF envelope, PLA or PETG, support-free orientation; exact printer, filament product/color/batch, nozzle and process JSON remain UNKNOWN.","Fit, removal, scratch/mark, tip stability, edge comfort and label-legibility checks with inert or capped items.",2,2,1,1,1,0,2,1,1,0,2,27.25,C2,R2,R2,R2,R2,R2,R2,"Purpose, exclusions, envelope, measurable inputs, critical-interface route, candidate process envelope and test method are specified; exact customer variant and complete process evidence remain open.",K1,E,B,LOW_UNKNOWN,CONCEPT_ONLY,G0 PASS; G1 PASS; G2 WARN; G3 FAIL; G4 PASS; G5 PASS; G6 PASS,C2 · R2 · K1 · Lane E · LOW_UNKNOWN,STRUCTURED RESEARCH PREFLIGHT R2 — NOT PRODUCT RELEASE APPROVAL,2026-08-31,1.0
SKU-240,Notebook-band and charm staging tray,Journaling and writing rituals,Variation of SKU-043,Keep removable notebook bands and adult journal charms organized while they are off the notebook.,Keep removable notebook bands and adult journal charms organized while they are off the notebook.,"Adult journalers, readers, writers and fountain-pen users",Pinterest Predicts 2026 reports poet aesthetic +175% and poet core +75%; Etsy reports traveler-journal searches doubled and memory journals +189%.,Core — personalized functional desk decor for tactile writing and memory rituals,"A small coordinated module family adapts count, spacing and labels to a defined collection while reusing one interface system.","Notebook, card or pen envelope; item count; desk footprint; preferred viewing angle; optional text",slot width; pitch; angle; stop height; label; motif; footprint; divider count,170,120,32,PLA or PETG,None,Moderate,Digital first; printed after fulfillment qualification,9-17,28-58,1,"Adult writing and stationery use only; no ergonomic, archival, instrument-protection, ink-containment or child-use claim.",95,Research batch 3,S36; S01; S32,P0 research backlog,Confirm one real item set and print a representative slot/edge coupon before the complete desk object.,"metriMade candidate only; trend, price and demand remain hypotheses until German marketplace and customer validation.",28,30,24,11,93,Primary-source strength + signal magnitude + metriMade strategy fit + nonduplicate portfolio whitespace; components are directional planning judgments.,DIRECTIONAL PLANNING SCORE — NOT VALIDATED DEMAND,MODULAR,"Defined notebook, card, bookmark or capped-writing-tool envelope",E2 route: customer dimension entry with a scaled top photo or a controlled paper/pen preset and one control dimension.,"Candidate baseline: common 220 x 220 x 250 mm FFF envelope, PLA or PETG, support-free orientation; exact printer, filament product/color/batch, nozzle and process JSON remain UNKNOWN.","Fit, removal, scratch/mark, tip stability, edge comfort and label-legibility checks with inert or capped items.",2,1,2,2,2,0,1,1,1,0,2,34.25,C2,R2,R2,R2,R2,R2,R2,"Purpose, exclusions, envelope, measurable inputs, critical-interface route, candidate process envelope and test method are specified; exact customer variant and complete process evidence remain open.",K1,E,B,LOW_UNKNOWN,CONCEPT_ONLY,G0 PASS; G1 PASS; G2 WARN; G3 FAIL; G4 PASS; G5 PASS; G6 PASS,C2 · R2 · K1 · Lane E · LOW_UNKNOWN,STRUCTURED RESEARCH PREFLIGHT R2 — NOT PRODUCT RELEASE APPROVAL,2026-08-31,1.0
SKU-241,Sewing-pattern envelope size sorter,Needlecraft and sewing organization,New,Separate active sewing-pattern envelopes by project and format in a compact shelf file.,Separate active sewing-pattern envelopes by project and format in a compact shelf file.,"Adult sewing, knitting, crochet, embroidery and visible-mending hobbyists","Michaels reports analog-hobby searches +136%, needlepoint +251%, sewing patterns +152%, yarn-accessory sales +40% and visible mending +144% in 2026.",Core — defined-set craft organization with personalized labels and compact storage,"A small coordinated module family adapts count, spacing and labels to a defined collection while reusing one interface system.",Tool or material dimensions; count; size labels; storage envelope; project categories; access direction,slot pitch; bore or channel size; count; divider height; label; module split; footprint,220,150,190,PLA or PETG,None,Moderate,Digital first; printed after fulfillment qualification,9-17,28-58,1,"Adult dry craft storage only; sharp tools must be removed or capped; no child-use, carry-handle or tool-performance claim.",95,Research batch 3,S33; S01; S32,P0 research backlog,Measure one representative set and print the tightest slot or channel coupon before the full organizer.,"metriMade candidate only; trend, price and demand remain hypotheses until German marketplace and customer validation.",25,30,25,13,93,Primary-source strength + signal magnitude + metriMade strategy fit + nonduplicate portfolio whitespace; components are directional planning judgments.,DIRECTIONAL PLANNING SCORE — NOT VALIDATED DEMAND,MODULAR,Defined adult craft-tool or dry-material set and its storage envelope,"E2 route: measured sample set, scaled photo with control dimension, and manufacturer nominal size where available.","Candidate baseline: common 220 x 220 x 250 mm FFF envelope, PLA or PETG, support-free orientation; exact printer, filament product/color/batch, nozzle and process JSON remain UNKNOWN.","Fit/removal, snag, edge, label, tip stability and 100-cycle handling test with capped or non-sharp samples.",2,1,2,2,2,0,1,1,1,0,2,34.25,C2,R2,R2,R2,R2,R2,R2,"Purpose, exclusions, envelope, measurable inputs, critical-interface route, candidate process envelope and test method are specified; exact customer variant and complete process evidence remain open.",K1,E,B,LOW_UNKNOWN,CONCEPT_ONLY,G0 PASS; G1 PASS; G2 WARN; G3 FAIL; G4 PASS; G5 PASS; G6 PASS,C2 · R2 · K1 · Lane E · LOW_UNKNOWN,STRUCTURED RESEARCH PREFLIGHT R2 — NOT PRODUCT RELEASE APPROVAL,2026-08-31,1.0
SKU-242,Fabric-swatch card index,Needlecraft and sewing organization,New,"Organize labeled fabric swatch cards by project, fiber or color in removable sections.","Organize labeled fabric swatch cards by project, fiber or color in removable sections.","Adult sewing, knitting, crochet, embroidery and visible-mending hobbyists","Michaels reports analog-hobby searches +136%, needlepoint +251%, sewing patterns +152%, yarn-accessory sales +40% and visible mending +144% in 2026.",Core — defined-set craft organization with personalized labels and compact storage,"A small coordinated module family adapts count, spacing and labels to a defined collection while reusing one interface system.",Tool or material dimensions; count; size labels; storage envelope; project categories; access direction,slot pitch; bore or channel size; count; divider height; label; module split; footprint,190,130,110,PLA or PETG,None,Moderate,Digital first; printed after fulfillment qualification,9-17,28-58,1,"Adult dry craft storage only; sharp tools must be removed or capped; no child-use, carry-handle or tool-performance claim.",95,Research batch 3,S33; S01; S32,P0 research backlog,Measure one representative set and print the tightest slot or channel coupon before the full organizer.,"metriMade candidate only; trend, price and demand remain hypotheses until German marketplace and customer validation.",25,30,25,13,93,Primary-source strength + signal magnitude + metriMade strategy fit + nonduplicate portfolio whitespace; components are directional planning judgments.,DIRECTIONAL PLANNING SCORE — NOT VALIDATED DEMAND,MODULAR,Defined adult craft-tool or dry-material set and its storage envelope,"E2 route: measured sample set, scaled photo with control dimension, and manufacturer nominal size where available.","Candidate baseline: common 220 x 220 x 250 mm FFF envelope, PLA or PETG, support-free orientation; exact printer, filament product/color/batch, nozzle and process JSON remain UNKNOWN.","Fit/removal, snag, edge, label, tip stability and 100-cycle handling test with capped or non-sharp samples.",2,1,2,2,2,0,1,1,1,0,2,34.25,C2,R2,R2,R2,R2,R2,R2,"Purpose, exclusions, envelope, measurable inputs, critical-interface route, candidate process envelope and test method are specified; exact customer variant and complete process evidence remain open.",K1,E,B,LOW_UNKNOWN,CONCEPT_ONLY,G0 PASS; G1 PASS; G2 WARN; G3 FAIL; G4 PASS; G5 PASS; G6 PASS,C2 · R2 · K1 · Lane E · LOW_UNKNOWN,STRUCTURED RESEARCH PREFLIGHT R2 — NOT PRODUCT RELEASE APPROVAL,2026-08-31,1.0
SKU-243,Visible-mending patch palette tray,Needlecraft and sewing organization,New,Stage dry repair patches and thread cards by garment before a visible-mending session.,Stage dry repair patches and thread cards by garment before a visible-mending session.,"Adult sewing, knitting, crochet, embroidery and visible-mending hobbyists","Michaels reports analog-hobby searches +136%, needlepoint +251%, sewing patterns +152%, yarn-accessory sales +40% and visible mending +144% in 2026.",Core — defined-set craft organization with personalized labels and compact storage,"A small coordinated module family adapts count, spacing and labels to a defined collection while reusing one interface system.",Tool or material dimensions; count; size labels; storage envelope; project categories; access direction,slot pitch; bore or channel size; count; divider height; label; module split; footprint,190,140,32,PLA or PETG,None,Moderate,Digital first; printed after fulfillment qualification,9-17,28-58,1,"Adult dry craft storage only; sharp tools must be removed or capped; no child-use, carry-handle or tool-performance claim.",94,Research batch 3,S33; S01; S32,P0 research backlog,Measure one representative set and print the tightest slot or channel coupon before the full organizer.,"metriMade candidate only; trend, price and demand remain hypotheses until German marketplace and customer validation.",25,30,25,12,92,Primary-source strength + signal magnitude + metriMade strategy fit + nonduplicate portfolio whitespace; components are directional planning judgments.,DIRECTIONAL PLANNING SCORE — NOT VALIDATED DEMAND,MODULAR,Defined adult craft-tool or dry-material set and its storage envelope,"E2 route: measured sample set, scaled photo with control dimension, and manufacturer nominal size where available.","Candidate baseline: common 220 x 220 x 250 mm FFF envelope, PLA or PETG, support-free orientation; exact printer, filament product/color/batch, nozzle and process JSON remain UNKNOWN.","Fit/removal, snag, edge, label, tip stability and 100-cycle handling test with capped or non-sharp samples.",2,1,2,2,2,0,1,1,1,0,2,34.25,C2,R2,R2,R2,R2,R2,R2,"Purpose, exclusions, envelope, measurable inputs, critical-interface route, candidate process envelope and test method are specified; exact customer variant and complete process evidence remain open.",K1,E,B,LOW_UNKNOWN,CONCEPT_ONLY,G0 PASS; G1 PASS; G2 WARN; G3 FAIL; G4 PASS; G5 PASS; G6 PASS,C2 · R2 · K1 · Lane E · LOW_UNKNOWN,STRUCTURED RESEARCH PREFLIGHT R2 — NOT PRODUCT RELEASE APPROVAL,2026-08-31,1.0
SKU-244,Darning-mushroom and thread stand,Needlecraft and sewing organization,New,"Store one darning mushroom, capped needle tube and current thread cards together between sessions.","Store one darning mushroom, capped needle tube and current thread cards together between sessions.","Adult sewing, knitting, crochet, embroidery and visible-mending hobbyists","Michaels reports analog-hobby searches +136%, needlepoint +251%, sewing patterns +152%, yarn-accessory sales +40% and visible mending +144% in 2026.",Core — defined-set craft organization with personalized labels and compact storage,Measured envelope and item dimensions become a one-off exact-fit insert that mass products cannot economically match.,Tool or material dimensions; count; size labels; storage envelope; project categories; access direction,slot pitch; bore or channel size; count; divider height; label; module split; footprint,160,120,100,PLA or PETG,None,Moderate,Digital first; printed after fulfillment qualification,8-16,24-52,1,"Adult dry craft storage only; sharp tools must be removed or capped; no child-use, carry-handle or tool-performance claim.",93,Research batch 3,S33; S01; S32,P0 research backlog,Measure one representative set and print the tightest slot or channel coupon before the full organizer.,"metriMade candidate only; trend, price and demand remain hypotheses until German marketplace and customer validation.",25,30,25,11,91,Primary-source strength + signal magnitude + metriMade strategy fit + nonduplicate portfolio whitespace; components are directional planning judgments.,DIRECTIONAL PLANNING SCORE — NOT VALIDATED DEMAND,EXACT_FIT,Defined adult craft-tool or dry-material set and its storage envelope,"E2 route: measured sample set, scaled photo with control dimension, and manufacturer nominal size where available.","Candidate baseline: common 220 x 220 x 250 mm FFF envelope, PLA or PETG, support-free orientation; exact printer, filament product/color/batch, nozzle and process JSON remain UNKNOWN.","Fit/removal, snag, edge, label, tip stability and 100-cycle handling test with capped or non-sharp samples.",2,2,1,2,1,0,1,1,1,0,2,30.5,C2,R2,R2,R2,R2,R2,R2,"Purpose, exclusions, envelope, measurable inputs, critical-interface route, candidate process envelope and test method are specified; exact customer variant and complete process evidence remain open.",K1,E,B,LOW_UNKNOWN,CONCEPT_ONLY,G0 PASS; G1 PASS; G2 WARN; G3 FAIL; G4 PASS; G5 PASS; G6 PASS,C2 · R2 · K1 · Lane E · LOW_UNKNOWN,STRUCTURED RESEARCH PREFLIGHT R2 — NOT PRODUCT RELEASE APPROVAL,2026-08-31,1.0
SKU-245,Thimble-and-notions drawer micro-grid,Needlecraft and sewing organization,New,"Create labeled cells for adult thimbles, clips and closed notions in one measured craft drawer.","Create labeled cells for adult thimbles, clips and closed notions in one measured craft drawer.","Adult sewing, knitting, crochet, embroidery and visible-mending hobbyists","Michaels reports analog-hobby searches +136%, needlepoint +251%, sewing patterns +152%, yarn-accessory sales +40% and visible mending +144% in 2026.",Core — defined-set craft organization with personalized labels and compact storage,Measured envelope and item dimensions become a one-off exact-fit insert that mass products cannot economically match.,Tool or material dimensions; count; size labels; storage envelope; project categories; access direction,slot pitch; bore or channel size; count; divider height; label; module split; footprint,200,160,42,PLA or PETG,None,Moderate,Digital first; printed after fulfillment qualification,8-16,24-52,1,"Adult dry craft storage only; sharp tools must be removed or capped; no child-use, carry-handle or tool-performance claim.",94,Research batch 3,S33; S01; S32,P0 research backlog,Measure one representative set and print the tightest slot or channel coupon before the full organizer.,"metriMade candidate only; trend, price and demand remain hypotheses until German marketplace and customer validation.",25,30,25,12,92,Primary-source strength + signal magnitude + metriMade strategy fit + nonduplicate portfolio whitespace; components are directional planning judgments.,DIRECTIONAL PLANNING SCORE — NOT VALIDATED DEMAND,EXACT_FIT,Defined adult craft-tool or dry-material set and its storage envelope,"E2 route: measured sample set, scaled photo with control dimension, and manufacturer nominal size where available.","Candidate baseline: common 220 x 220 x 250 mm FFF envelope, PLA or PETG, support-free orientation; exact printer, filament product/color/batch, nozzle and process JSON remain UNKNOWN.","Fit/removal, snag, edge, label, tip stability and 100-cycle handling test with capped or non-sharp samples.",2,2,1,2,1,0,1,1,1,0,2,30.5,C2,R2,R2,R2,R2,R2,R2,"Purpose, exclusions, envelope, measurable inputs, critical-interface route, candidate process envelope and test method are specified; exact customer variant and complete process evidence remain open.",K1,E,B,LOW_UNKNOWN,CONCEPT_ONLY,G0 PASS; G1 PASS; G2 WARN; G3 FAIL; G4 PASS; G5 PASS; G6 PASS,C2 · R2 · K1 · Lane E · LOW_UNKNOWN,STRUCTURED RESEARCH PREFLIGHT R2 — NOT PRODUCT RELEASE APPROVAL,2026-08-31,1.0
SKU-246,Needlepoint-canvas roll end cradles,Needlecraft and sewing organization,New,Support both ends of a rolled dry needlepoint canvas horizontally on a shelf between sessions.,Support both ends of a rolled dry needlepoint canvas horizontally on a shelf between sessions.,"Adult sewing, knitting, crochet, embroidery and visible-mending hobbyists","Michaels reports analog-hobby searches +136%, needlepoint +251%, sewing patterns +152%, yarn-accessory sales +40% and visible mending +144% in 2026.",Core — defined-set craft organization with personalized labels and compact storage,"A small coordinated module family adapts count, spacing and labels to a defined collection while reusing one interface system.",Tool or material dimensions; count; size labels; storage envelope; project categories; access direction,slot pitch; bore or channel size; count; divider height; label; module split; footprint,220,120,80,PLA or PETG,None,Moderate,Digital first; printed after fulfillment qualification,9-17,28-58,1,"Adult dry craft storage only; sharp tools must be removed or capped; no child-use, carry-handle or tool-performance claim.",92,Research batch 3,S33; S01; S32,P0 research backlog,Measure one representative set and print the tightest slot or channel coupon before the full organizer.,"metriMade candidate only; trend, price and demand remain hypotheses until German marketplace and customer validation.",25,30,25,10,90,Primary-source strength + signal magnitude + metriMade strategy fit + nonduplicate portfolio whitespace; components are directional planning judgments.,DIRECTIONAL PLANNING SCORE — NOT VALIDATED DEMAND,MODULAR,Defined adult craft-tool or dry-material set and its storage envelope,"E2 route: measured sample set, scaled photo with control dimension, and manufacturer nominal size where available.","Candidate baseline: common 220 x 220 x 250 mm FFF envelope, PLA or PETG, support-free orientation; exact printer, filament product/color/batch, nozzle and process JSON remain UNKNOWN.","Fit/removal, snag, edge, label, tip stability and 100-cycle handling test with capped or non-sharp samples.",2,1,2,2,2,0,1,1,1,0,2,34.25,C2,R2,R2,R2,R2,R2,R2,"Purpose, exclusions, envelope, measurable inputs, critical-interface route, candidate process envelope and test method are specified; exact customer variant and complete process evidence remain open.",K1,E,B,LOW_UNKNOWN,CONCEPT_ONLY,G0 PASS; G1 PASS; G2 WARN; G3 FAIL; G4 PASS; G5 PASS; G6 PASS,C2 · R2 · K1 · Lane E · LOW_UNKNOWN,STRUCTURED RESEARCH PREFLIGHT R2 — NOT PRODUCT RELEASE APPROVAL,2026-08-31,1.0
SKU-247,Embroidery-hoop size nesting stand,Needlecraft and sewing organization,New,Store a measured set of empty embroidery hoops upright and labeled by diameter.,Store a measured set of empty embroidery hoops upright and labeled by diameter.,"Adult sewing, knitting, crochet, embroidery and visible-mending hobbyists","Michaels reports analog-hobby searches +136%, needlepoint +251%, sewing patterns +152%, yarn-accessory sales +40% and visible mending +144% in 2026.",Core — defined-set craft organization with personalized labels and compact storage,Measured envelope and item dimensions become a one-off exact-fit insert that mass products cannot economically match.,Tool or material dimensions; count; size labels; storage envelope; project categories; access direction,slot pitch; bore or channel size; count; divider height; label; module split; footprint,220,140,180,PLA or PETG,None,Moderate,Digital first; printed after fulfillment qualification,8-16,24-52,1,"Adult dry craft storage only; sharp tools must be removed or capped; no child-use, carry-handle or tool-performance claim.",94,Research batch 3,S33; S01; S32,P0 research backlog,Measure one representative set and print the tightest slot or channel coupon before the full organizer.,"metriMade candidate only; trend, price and demand remain hypotheses until German marketplace and customer validation.",25,30,25,12,92,Primary-source strength + signal magnitude + metriMade strategy fit + nonduplicate portfolio whitespace; components are directional planning judgments.,DIRECTIONAL PLANNING SCORE — NOT VALIDATED DEMAND,EXACT_FIT,Defined adult craft-tool or dry-material set and its storage envelope,"E2 route: measured sample set, scaled photo with control dimension, and manufacturer nominal size where available.","Candidate baseline: common 220 x 220 x 250 mm FFF envelope, PLA or PETG, support-free orientation; exact printer, filament product/color/batch, nozzle and process JSON remain UNKNOWN.","Fit/removal, snag, edge, label, tip stability and 100-cycle handling test with capped or non-sharp samples.",2,2,1,2,1,0,1,1,1,0,2,30.5,C2,R2,R2,R2,R2,R2,R2,"Purpose, exclusions, envelope, measurable inputs, critical-interface route, candidate process envelope and test method are specified; exact customer variant and complete process evidence remain open.",K1,E,B,LOW_UNKNOWN,CONCEPT_ONLY,G0 PASS; G1 PASS; G2 WARN; G3 FAIL; G4 PASS; G5 PASS; G6 PASS,C2 · R2 · K1 · Lane E · LOW_UNKNOWN,STRUCTURED RESEARCH PREFLIGHT R2 — NOT PRODUCT RELEASE APPROVAL,2026-08-31,1.0
SKU-248,Punch-needle tool rest,Needlecraft and sewing organization,New,"Park clean, capped punch-needle tools and current thread cards in a compact adult craft stand.","Park clean, capped punch-needle tools and current thread cards in a compact adult craft stand.","Adult sewing, knitting, crochet, embroidery and visible-mending hobbyists","Michaels reports analog-hobby searches +136%, needlepoint +251%, sewing patterns +152%, yarn-accessory sales +40% and visible mending +144% in 2026.",Core — defined-set craft organization with personalized labels and compact storage,Measured envelope and item dimensions become a one-off exact-fit insert that mass products cannot economically match.,Tool or material dimensions; count; size labels; storage envelope; project categories; access direction,slot pitch; bore or channel size; count; divider height; label; module split; footprint,150,100,85,PLA or PETG,None,Moderate,Digital first; printed after fulfillment qualification,8-16,24-52,1,"Adult dry craft storage only; sharp tools must be removed or capped; no child-use, carry-handle or tool-performance claim.",92,Research batch 3,S33; S01; S32,P0 research backlog,Measure one representative set and print the tightest slot or channel coupon before the full organizer.,"metriMade candidate only; trend, price and demand remain hypotheses until German marketplace and customer validation.",25,30,25,10,90,Primary-source strength + signal magnitude + metriMade strategy fit + nonduplicate portfolio whitespace; components are directional planning judgments.,DIRECTIONAL PLANNING SCORE — NOT VALIDATED DEMAND,EXACT_FIT,Defined adult craft-tool or dry-material set and its storage envelope,"E2 route: measured sample set, scaled photo with control dimension, and manufacturer nominal size where available.","Candidate baseline: common 220 x 220 x 250 mm FFF envelope, PLA or PETG, support-free orientation; exact printer, filament product/color/batch, nozzle and process JSON remain UNKNOWN.","Fit/removal, snag, edge, label, tip stability and 100-cycle handling test with capped or non-sharp samples.",2,2,1,2,1,0,1,1,1,0,2,30.5,C2,R2,R2,R2,R2,R2,R2,"Purpose, exclusions, envelope, measurable inputs, critical-interface route, candidate process envelope and test method are specified; exact customer variant and complete process evidence remain open.",K1,E,B,LOW_UNKNOWN,CONCEPT_ONLY,G0 PASS; G1 PASS; G2 WARN; G3 FAIL; G4 PASS; G5 PASS; G6 PASS,C2 · R2 · K1 · Lane E · LOW_UNKNOWN,STRUCTURED RESEARCH PREFLIGHT R2 — NOT PRODUCT RELEASE APPROVAL,2026-08-31,1.0
SKU-249,Quilt-block layout label token tray,Needlecraft and sewing organization,New,"Sort reusable row, column and orientation labels used while arranging quilt blocks.","Sort reusable row, column and orientation labels used while arranging quilt blocks.","Adult sewing, knitting, crochet, embroidery and visible-mending hobbyists","Michaels reports analog-hobby searches +136%, needlepoint +251%, sewing patterns +152%, yarn-accessory sales +40% and visible mending +144% in 2026.",Core — defined-set craft organization with personalized labels and compact storage,"A small coordinated module family adapts count, spacing and labels to a defined collection while reusing one interface system.",Tool or material dimensions; count; size labels; storage envelope; project categories; access direction,slot pitch; bore or channel size; count; divider height; label; module split; footprint,170,110,32,PLA or PETG,None,Moderate,Digital first; printed after fulfillment qualification,9-17,28-58,1,"Adult dry craft storage only; sharp tools must be removed or capped; no child-use, carry-handle or tool-performance claim.",93,Research batch 3,S33; S01; S32,P0 research backlog,Measure one representative set and print the tightest slot or channel coupon before the full organizer.,"metriMade candidate only; trend, price and demand remain hypotheses until German marketplace and customer validation.",25,30,25,11,91,Primary-source strength + signal magnitude + metriMade strategy fit + nonduplicate portfolio whitespace; components are directional planning judgments.,DIRECTIONAL PLANNING SCORE — NOT VALIDATED DEMAND,MODULAR,Defined adult craft-tool or dry-material set and its storage envelope,"E2 route: measured sample set, scaled photo with control dimension, and manufacturer nominal size where available.","Candidate baseline: common 220 x 220 x 250 mm FFF envelope, PLA or PETG, support-free orientation; exact printer, filament product/color/batch, nozzle and process JSON remain UNKNOWN.","Fit/removal, snag, edge, label, tip stability and 100-cycle handling test with capped or non-sharp samples.",2,1,2,2,2,0,1,1,1,0,2,34.25,C2,R2,R2,R2,R2,R2,R2,"Purpose, exclusions, envelope, measurable inputs, critical-interface route, candidate process envelope and test method are specified; exact customer variant and complete process evidence remain open.",K1,E,B,LOW_UNKNOWN,CONCEPT_ONLY,G0 PASS; G1 PASS; G2 WARN; G3 FAIL; G4 PASS; G5 PASS; G6 PASS,C2 · R2 · K1 · Lane E · LOW_UNKNOWN,STRUCTURED RESEARCH PREFLIGHT R2 — NOT PRODUCT RELEASE APPROVAL,2026-08-31,1.0
SKU-250,Quilting-template vertical file,Needlecraft and sewing organization,New,Separate measured acrylic or card quilting templates upright by shape and project.,Separate measured acrylic or card quilting templates upright by shape and project.,"Adult sewing, knitting, crochet, embroidery and visible-mending hobbyists","Michaels reports analog-hobby searches +136%, needlepoint +251%, sewing patterns +152%, yarn-accessory sales +40% and visible mending +144% in 2026.",Core — defined-set craft organization with personalized labels and compact storage,Measured envelope and item dimensions become a one-off exact-fit insert that mass products cannot economically match.,Tool or material dimensions; count; size labels; storage envelope; project categories; access direction,slot pitch; bore or channel size; count; divider height; label; module split; footprint,220,120,180,PLA or PETG,None,Moderate,Digital first; printed after fulfillment qualification,8-16,24-52,1,"Adult dry craft storage only; sharp tools must be removed or capped; no child-use, carry-handle or tool-performance claim.",93,Research batch 3,S33; S01; S32,P0 research backlog,Measure one representative set and print the tightest slot or channel coupon before the full organizer.,"metriMade candidate only; trend, price and demand remain hypotheses until German marketplace and customer validation.",25,30,25,11,91,Primary-source strength + signal magnitude + metriMade strategy fit + nonduplicate portfolio whitespace; components are directional planning judgments.,DIRECTIONAL PLANNING SCORE — NOT VALIDATED DEMAND,EXACT_FIT,Defined adult craft-tool or dry-material set and its storage envelope,"E2 route: measured sample set, scaled photo with control dimension, and manufacturer nominal size where available.","Candidate baseline: common 220 x 220 x 250 mm FFF envelope, PLA or PETG, support-free orientation; exact printer, filament product/color/batch, nozzle and process JSON remain UNKNOWN.","Fit/removal, snag, edge, label, tip stability and 100-cycle handling test with capped or non-sharp samples.",2,2,1,2,1,0,1,1,1,0,2,30.5,C2,R2,R2,R2,R2,R2,R2,"Purpose, exclusions, envelope, measurable inputs, critical-interface route, candidate process envelope and test method are specified; exact customer variant and complete process evidence remain open.",K1,E,B,LOW_UNKNOWN,CONCEPT_ONLY,G0 PASS; G1 PASS; G2 WARN; G3 FAIL; G4 PASS; G5 PASS; G6 PASS,C2 · R2 · K1 · Lane E · LOW_UNKNOWN,STRUCTURED RESEARCH PREFLIGHT R2 — NOT PRODUCT RELEASE APPROVAL,2026-08-31,1.0
SKU-251,Circular-knitting cable size cassette,Needlecraft and sewing organization,New,Store disconnected circular-knitting cables in labeled loose coils without sharp needle tips.,Store disconnected circular-knitting cables in labeled loose coils without sharp needle tips.,"Adult sewing, knitting, crochet, embroidery and visible-mending hobbyists","Michaels reports analog-hobby searches +136%, needlepoint +251%, sewing patterns +152%, yarn-accessory sales +40% and visible mending +144% in 2026.",Core — defined-set craft organization with personalized labels and compact storage,"A small coordinated module family adapts count, spacing and labels to a defined collection while reusing one interface system.",Tool or material dimensions; count; size labels; storage envelope; project categories; access direction,slot pitch; bore or channel size; count; divider height; label; module split; footprint,210,160,42,PLA or PETG,None,Moderate,Digital first; printed after fulfillment qualification,9-17,28-58,1,"Adult dry craft storage only; sharp tools must be removed or capped; no child-use, carry-handle or tool-performance claim.",94,Research batch 3,S33; S01; S32,P0 research backlog,Measure one representative set and print the tightest slot or channel coupon before the full organizer.,"metriMade candidate only; trend, price and demand remain hypotheses until German marketplace and customer validation.",25,30,25,12,92,Primary-source strength + signal magnitude + metriMade strategy fit + nonduplicate portfolio whitespace; components are directional planning judgments.,DIRECTIONAL PLANNING SCORE — NOT VALIDATED DEMAND,MODULAR,Defined adult craft-tool or dry-material set and its storage envelope,"E2 route: measured sample set, scaled photo with control dimension, and manufacturer nominal size where available.","Candidate baseline: common 220 x 220 x 250 mm FFF envelope, PLA or PETG, support-free orientation; exact printer, filament product/color/batch, nozzle and process JSON remain UNKNOWN.","Fit/removal, snag, edge, label, tip stability and 100-cycle handling test with capped or non-sharp samples.",2,1,2,2,2,0,1,1,1,0,2,34.25,C2,R2,R2,R2,R2,R2,R2,"Purpose, exclusions, envelope, measurable inputs, critical-interface route, candidate process envelope and test method are specified; exact customer variant and complete process evidence remain open.",K1,E,B,LOW_UNKNOWN,CONCEPT_ONLY,G0 PASS; G1 PASS; G2 WARN; G3 FAIL; G4 PASS; G5 PASS; G6 PASS,C2 · R2 · K1 · Lane E · LOW_UNKNOWN,STRUCTURED RESEARCH PREFLIGHT R2 — NOT PRODUCT RELEASE APPROVAL,2026-08-31,1.0
SKU-252,Knitting-needle pair divider modules,Needlecraft and sewing organization,New,Keep capped straight knitting-needle pairs separated by size in modular horizontal channels.,Keep capped straight knitting-needle pairs separated by size in modular horizontal channels.,"Adult sewing, knitting, crochet, embroidery and visible-mending hobbyists","Michaels reports analog-hobby searches +136%, needlepoint +251%, sewing patterns +152%, yarn-accessory sales +40% and visible mending +144% in 2026.",Core — defined-set craft organization with personalized labels and compact storage,"A small coordinated module family adapts count, spacing and labels to a defined collection while reusing one interface system.",Tool or material dimensions; count; size labels; storage envelope; project categories; access direction,slot pitch; bore or channel size; count; divider height; label; module split; footprint,220,160,85,PLA or PETG,None,Moderate,Digital first; printed after fulfillment qualification,9-17,28-58,1,"Adult dry craft storage only; sharp tools must be removed or capped; no child-use, carry-handle or tool-performance claim.",94,Research batch 3,S33; S01; S32,P0 research backlog,Measure one representative set and print the tightest slot or channel coupon before the full organizer.,"metriMade candidate only; trend, price and demand remain hypotheses until German marketplace and customer validation.",25,30,25,12,92,Primary-source strength + signal magnitude + metriMade strategy fit + nonduplicate portfolio whitespace; components are directional planning judgments.,DIRECTIONAL PLANNING SCORE — NOT VALIDATED DEMAND,MODULAR,Defined adult craft-tool or dry-material set and its storage envelope,"E2 route: measured sample set, scaled photo with control dimension, and manufacturer nominal size where available.","Candidate baseline: common 220 x 220 x 250 mm FFF envelope, PLA or PETG, support-free orientation; exact printer, filament product/color/batch, nozzle and process JSON remain UNKNOWN.","Fit/removal, snag, edge, label, tip stability and 100-cycle handling test with capped or non-sharp samples.",2,1,2,2,2,0,1,1,1,0,2,34.25,C2,R2,R2,R2,R2,R2,R2,"Purpose, exclusions, envelope, measurable inputs, critical-interface route, candidate process envelope and test method are specified; exact customer variant and complete process evidence remain open.",K1,E,B,LOW_UNKNOWN,CONCEPT_ONLY,G0 PASS; G1 PASS; G2 WARN; G3 FAIL; G4 PASS; G5 PASS; G6 PASS,C2 · R2 · K1 · Lane E · LOW_UNKNOWN,STRUCTURED RESEARCH PREFLIGHT R2 — NOT PRODUCT RELEASE APPROVAL,2026-08-31,1.0
SKU-253,Crochet-gauge swatch archive rack,Needlecraft and sewing organization,New,Store labeled dry crochet gauge swatches upright for later project reference.,Store labeled dry crochet gauge swatches upright for later project reference.,"Adult sewing, knitting, crochet, embroidery and visible-mending hobbyists","Michaels reports analog-hobby searches +136%, needlepoint +251%, sewing patterns +152%, yarn-accessory sales +40% and visible mending +144% in 2026.",Core — defined-set craft organization with personalized labels and compact storage,"A small coordinated module family adapts count, spacing and labels to a defined collection while reusing one interface system.",Tool or material dimensions; count; size labels; storage envelope; project categories; access direction,slot pitch; bore or channel size; count; divider height; label; module split; footprint,200,130,140,PLA or PETG,None,Moderate,Digital first; printed after fulfillment qualification,9-17,28-58,1,"Adult dry craft storage only; sharp tools must be removed or capped; no child-use, carry-handle or tool-performance claim.",94,Research batch 3,S33; S01; S32,P0 research backlog,Measure one representative set and print the tightest slot or channel coupon before the full organizer.,"metriMade candidate only; trend, price and demand remain hypotheses until German marketplace and customer validation.",25,30,25,12,92,Primary-source strength + signal magnitude + metriMade strategy fit + nonduplicate portfolio whitespace; components are directional planning judgments.,DIRECTIONAL PLANNING SCORE — NOT VALIDATED DEMAND,MODULAR,Defined adult craft-tool or dry-material set and its storage envelope,"E2 route: measured sample set, scaled photo with control dimension, and manufacturer nominal size where available.","Candidate baseline: common 220 x 220 x 250 mm FFF envelope, PLA or PETG, support-free orientation; exact printer, filament product/color/batch, nozzle and process JSON remain UNKNOWN.","Fit/removal, snag, edge, label, tip stability and 100-cycle handling test with capped or non-sharp samples.",2,1,2,2,2,0,1,1,1,0,2,34.25,C2,R2,R2,R2,R2,R2,R2,"Purpose, exclusions, envelope, measurable inputs, critical-interface route, candidate process envelope and test method are specified; exact customer variant and complete process evidence remain open.",K1,E,B,LOW_UNKNOWN,CONCEPT_ONLY,G0 PASS; G1 PASS; G2 WARN; G3 FAIL; G4 PASS; G5 PASS; G6 PASS,C2 · R2 · K1 · Lane E · LOW_UNKNOWN,STRUCTURED RESEARCH PREFLIGHT R2 — NOT PRODUCT RELEASE APPROVAL,2026-08-31,1.0
SKU-254,Yarn-label archive card file,Needlecraft and sewing organization,New,Keep removed yarn labels and matching sample cards organized by project and fiber.,Keep removed yarn labels and matching sample cards organized by project and fiber.,"Adult sewing, knitting, crochet, embroidery and visible-mending hobbyists","Michaels reports analog-hobby searches +136%, needlepoint +251%, sewing patterns +152%, yarn-accessory sales +40% and visible mending +144% in 2026.",Core — defined-set craft organization with personalized labels and compact storage,"A small coordinated module family adapts count, spacing and labels to a defined collection while reusing one interface system.",Tool or material dimensions; count; size labels; storage envelope; project categories; access direction,slot pitch; bore or channel size; count; divider height; label; module split; footprint,180,120,100,PLA or PETG,None,Moderate,Digital first; printed after fulfillment qualification,9-17,28-58,1,"Adult dry craft storage only; sharp tools must be removed or capped; no child-use, carry-handle or tool-performance claim.",94,Research batch 3,S33; S01; S32,P0 research backlog,Measure one representative set and print the tightest slot or channel coupon before the full organizer.,"metriMade candidate only; trend, price and demand remain hypotheses until German marketplace and customer validation.",25,30,25,12,92,Primary-source strength + signal magnitude + metriMade strategy fit + nonduplicate portfolio whitespace; components are directional planning judgments.,DIRECTIONAL PLANNING SCORE — NOT VALIDATED DEMAND,MODULAR,Defined adult craft-tool or dry-material set and its storage envelope,"E2 route: measured sample set, scaled photo with control dimension, and manufacturer nominal size where available.","Candidate baseline: common 220 x 220 x 250 mm FFF envelope, PLA or PETG, support-free orientation; exact printer, filament product/color/batch, nozzle and process JSON remain UNKNOWN.","Fit/removal, snag, edge, label, tip stability and 100-cycle handling test with capped or non-sharp samples.",2,1,2,2,2,0,1,1,1,0,2,34.25,C2,R2,R2,R2,R2,R2,R2,"Purpose, exclusions, envelope, measurable inputs, critical-interface route, candidate process envelope and test method are specified; exact customer variant and complete process evidence remain open.",K1,E,B,LOW_UNKNOWN,CONCEPT_ONLY,G0 PASS; G1 PASS; G2 WARN; G3 FAIL; G4 PASS; G5 PASS; G6 PASS,C2 · R2 · K1 · Lane E · LOW_UNKNOWN,STRUCTURED RESEARCH PREFLIGHT R2 — NOT PRODUCT RELEASE APPROVAL,2026-08-31,1.0
SKU-255,Portable craft-project container insert,Needlecraft and sewing organization,Variation of SKU-151,Fit one customer-owned box with removable zones for a current small needlecraft project without acting as its handle.,Fit one customer-owned box with removable zones for a current small needlecraft project without acting as its handle.,"Adult sewing, knitting, crochet, embroidery and visible-mending hobbyists","Michaels reports analog-hobby searches +136%, needlepoint +251%, sewing patterns +152%, yarn-accessory sales +40% and visible mending +144% in 2026.",Core — defined-set craft organization with personalized labels and compact storage,Measured envelope and item dimensions become a one-off exact-fit insert that mass products cannot economically match.,Tool or material dimensions; count; size labels; storage envelope; project categories; access direction,slot pitch; bore or channel size; count; divider height; label; module split; footprint,220,180,70,PLA or PETG,None,Moderate,Digital first; printed after fulfillment qualification,8-16,24-52,1,"Adult dry craft storage only; sharp tools must be removed or capped; no child-use, carry-handle or tool-performance claim.",95,Research batch 3,S33; S01; S32,P0 research backlog,Measure one representative set and print the tightest slot or channel coupon before the full organizer.,"metriMade candidate only; trend, price and demand remain hypotheses until German marketplace and customer validation.",25,30,25,13,93,Primary-source strength + signal magnitude + metriMade strategy fit + nonduplicate portfolio whitespace; components are directional planning judgments.,DIRECTIONAL PLANNING SCORE — NOT VALIDATED DEMAND,EXACT_FIT,Defined adult craft-tool or dry-material set and its storage envelope,"E2 route: measured sample set, scaled photo with control dimension, and manufacturer nominal size where available.","Candidate baseline: common 220 x 220 x 250 mm FFF envelope, PLA or PETG, support-free orientation; exact printer, filament product/color/batch, nozzle and process JSON remain UNKNOWN.","Fit/removal, snag, edge, label, tip stability and 100-cycle handling test with capped or non-sharp samples.",2,2,1,2,1,0,1,1,1,0,2,30.5,C2,R2,R2,R2,R2,R2,R2,"Purpose, exclusions, envelope, measurable inputs, critical-interface route, candidate process envelope and test method are specified; exact customer variant and complete process evidence remain open.",K1,E,B,LOW_UNKNOWN,CONCEPT_ONLY,G0 PASS; G1 PASS; G2 WARN; G3 FAIL; G4 PASS; G5 PASS; G6 PASS,C2 · R2 · K1 · Lane E · LOW_UNKNOWN,STRUCTURED RESEARCH PREFLIGHT R2 — NOT PRODUCT RELEASE APPROVAL,2026-08-31,1.0
SKU-256,Paper-quilling strip color divider,Social and paper-craft organization,New,Keep dry quilling strips separated by color and length in a measured drawer or box insert.,Keep dry quilling strips separated by color and length in a measured drawer or box insert.,"Adult paper, painting, model-making and group-craft hobbyists","Michaels reports craft-night searches +103%, girls-night crafts +242%, paint-party kits +329%, guided-kit sales +86% and DIY home decor +79%.",Core — compact defined-set organization for social and analog creative routines,Measured envelope and item dimensions become a one-off exact-fit insert that mass products cannot economically match.,Material formats; tool envelopes; category and participant count; table footprint; optional labels,lane width; well size; divider count; module count; access relief; label; footprint,220,170,55,PLA or PETG,None,Moderate,Digital first; printed after fulfillment qualification,8-16,24-52,1,"Adult dry craft organization only; no hot tools, solvents, blades, food, load-bearing, protective or child-use claim.",93,Research batch 3,S33; S01; S32,P0 research backlog,"Confirm the smallest and largest real formats, then print the densest compartment coupon before a full set.","metriMade candidate only; trend, price and demand remain hypotheses until German marketplace and customer validation.",25,30,24,12,91,Primary-source strength + signal magnitude + metriMade strategy fit + nonduplicate portfolio whitespace; components are directional planning judgments.,DIRECTIONAL PLANNING SCORE — NOT VALIDATED DEMAND,EXACT_FIT,Defined dry craft materials or capped tools within a freestanding tabletop envelope,E2 route: measured material/tool samples plus a scaled layout photo and one control dimension.,"Candidate baseline: common 220 x 220 x 250 mm FFF envelope, PLA or PETG, support-free orientation; exact printer, filament product/color/batch, nozzle and process JSON remain UNKNOWN.","Fit/removal, snag, spill-from-compartment, tip, edge and cleanup checks using inert dry substitutes.",2,2,1,2,1,0,1,1,1,0,2,30.5,C2,R2,R2,R2,R2,R2,R2,"Purpose, exclusions, envelope, measurable inputs, critical-interface route, candidate process envelope and test method are specified; exact customer variant and complete process evidence remain open.",K1,E,B,LOW_UNKNOWN,CONCEPT_ONLY,G0 PASS; G1 PASS; G2 WARN; G3 FAIL; G4 PASS; G5 PASS; G6 PASS,C2 · R2 · K1 · Lane E · LOW_UNKNOWN,STRUCTURED RESEARCH PREFLIGHT R2 — NOT PRODUCT RELEASE APPROVAL,2026-08-31,1.0
SKU-257,Origami-paper size step sorter,Social and paper-craft organization,New,Separate square paper formats by visible stepped height without bending the sheets.,Separate square paper formats by visible stepped height without bending the sheets.,"Adult paper, painting, model-making and group-craft hobbyists","Michaels reports craft-night searches +103%, girls-night crafts +242%, paint-party kits +329%, guided-kit sales +86% and DIY home decor +79%.",Core — compact defined-set organization for social and analog creative routines,"A small coordinated module family adapts count, spacing and labels to a defined collection while reusing one interface system.",Material formats; tool envelopes; category and participant count; table footprint; optional labels,lane width; well size; divider count; module count; access relief; label; footprint,220,220,65,PLA or PETG,None,Moderate,Digital first; printed after fulfillment qualification,9-17,28-58,1,"Adult dry craft organization only; no hot tools, solvents, blades, food, load-bearing, protective or child-use claim.",93,Research batch 3,S33; S01; S32,P0 research backlog,"Confirm the smallest and largest real formats, then print the densest compartment coupon before a full set.","metriMade candidate only; trend, price and demand remain hypotheses until German marketplace and customer validation.",25,30,24,12,91,Primary-source strength + signal magnitude + metriMade strategy fit + nonduplicate portfolio whitespace; components are directional planning judgments.,DIRECTIONAL PLANNING SCORE — NOT VALIDATED DEMAND,MODULAR,Defined dry craft materials or capped tools within a freestanding tabletop envelope,E2 route: measured material/tool samples plus a scaled layout photo and one control dimension.,"Candidate baseline: common 220 x 220 x 250 mm FFF envelope, PLA or PETG, support-free orientation; exact printer, filament product/color/batch, nozzle and process JSON remain UNKNOWN.","Fit/removal, snag, spill-from-compartment, tip, edge and cleanup checks using inert dry substitutes.",2,1,2,2,2,0,1,1,1,0,2,34.25,C2,R2,R2,R2,R2,R2,R2,"Purpose, exclusions, envelope, measurable inputs, critical-interface route, candidate process envelope and test method are specified; exact customer variant and complete process evidence remain open.",K1,E,B,LOW_UNKNOWN,CONCEPT_ONLY,G0 PASS; G1 PASS; G2 WARN; G3 FAIL; G4 PASS; G5 PASS; G6 PASS,C2 · R2 · K1 · Lane E · LOW_UNKNOWN,STRUCTURED RESEARCH PREFLIGHT R2 — NOT PRODUCT RELEASE APPROVAL,2026-08-31,1.0
SKU-258,Polymer-clay cutter silhouette index tray,Social and paper-craft organization,New,Arrange clean dry adult craft cutters by outline so missing shapes are visible before use.,Arrange clean dry adult craft cutters by outline so missing shapes are visible before use.,"Adult paper, painting, model-making and group-craft hobbyists","Michaels reports craft-night searches +103%, girls-night crafts +242%, paint-party kits +329%, guided-kit sales +86% and DIY home decor +79%.",Core — compact defined-set organization for social and analog creative routines,Measured envelope and item dimensions become a one-off exact-fit insert that mass products cannot economically match.,Material formats; tool envelopes; category and participant count; table footprint; optional labels,lane width; well size; divider count; module count; access relief; label; footprint,220,180,38,PLA or PETG,None,Moderate,Digital first; printed after fulfillment qualification,8-16,24-52,1,"Adult dry craft organization only; no hot tools, solvents, blades, food, load-bearing, protective or child-use claim.",94,Research batch 3,S33; S01; S32,P0 research backlog,"Confirm the smallest and largest real formats, then print the densest compartment coupon before a full set.","metriMade candidate only; trend, price and demand remain hypotheses until German marketplace and customer validation.",25,30,24,13,92,Primary-source strength + signal magnitude + metriMade strategy fit + nonduplicate portfolio whitespace; components are directional planning judgments.,DIRECTIONAL PLANNING SCORE — NOT VALIDATED DEMAND,EXACT_FIT,Defined dry craft materials or capped tools within a freestanding tabletop envelope,E2 route: measured material/tool samples plus a scaled layout photo and one control dimension.,"Candidate baseline: common 220 x 220 x 250 mm FFF envelope, PLA or PETG, support-free orientation; exact printer, filament product/color/batch, nozzle and process JSON remain UNKNOWN.","Fit/removal, snag, spill-from-compartment, tip, edge and cleanup checks using inert dry substitutes.",2,2,1,2,1,0,1,1,1,0,2,30.5,C2,R2,R2,R2,R2,R2,R2,"Purpose, exclusions, envelope, measurable inputs, critical-interface route, candidate process envelope and test method are specified; exact customer variant and complete process evidence remain open.",K1,E,B,LOW_UNKNOWN,CONCEPT_ONLY,G0 PASS; G1 PASS; G2 WARN; G3 FAIL; G4 PASS; G5 PASS; G6 PASS,C2 · R2 · K1 · Lane E · LOW_UNKNOWN,STRUCTURED RESEARCH PREFLIGHT R2 — NOT PRODUCT RELEASE APPROVAL,2026-08-31,1.0
SKU-259,Jewelry-wire spool label comb,Social and paper-craft organization,New,Separate small dry craft-wire spools by gauge in a freestanding labeled comb.,Separate small dry craft-wire spools by gauge in a freestanding labeled comb.,"Adult paper, painting, model-making and group-craft hobbyists","Michaels reports craft-night searches +103%, girls-night crafts +242%, paint-party kits +329%, guided-kit sales +86% and DIY home decor +79%.",Core — compact defined-set organization for social and analog creative routines,Measured envelope and item dimensions become a one-off exact-fit insert that mass products cannot economically match.,Material formats; tool envelopes; category and participant count; table footprint; optional labels,lane width; well size; divider count; module count; access relief; label; footprint,200,120,100,PLA or PETG,None,Moderate,Digital first; printed after fulfillment qualification,8-16,24-52,1,"Adult dry craft organization only; no hot tools, solvents, blades, food, load-bearing, protective or child-use claim.",92,Research batch 3,S33; S01; S32,P0 research backlog,"Confirm the smallest and largest real formats, then print the densest compartment coupon before a full set.","metriMade candidate only; trend, price and demand remain hypotheses until German marketplace and customer validation.",25,30,24,11,90,Primary-source strength + signal magnitude + metriMade strategy fit + nonduplicate portfolio whitespace; components are directional planning judgments.,DIRECTIONAL PLANNING SCORE — NOT VALIDATED DEMAND,EXACT_FIT,Defined dry craft materials or capped tools within a freestanding tabletop envelope,E2 route: measured material/tool samples plus a scaled layout photo and one control dimension.,"Candidate baseline: common 220 x 220 x 250 mm FFF envelope, PLA or PETG, support-free orientation; exact printer, filament product/color/batch, nozzle and process JSON remain UNKNOWN.","Fit/removal, snag, spill-from-compartment, tip, edge and cleanup checks using inert dry substitutes.",2,2,1,2,1,0,1,1,1,0,2,30.5,C2,R2,R2,R2,R2,R2,R2,"Purpose, exclusions, envelope, measurable inputs, critical-interface route, candidate process envelope and test method are specified; exact customer variant and complete process evidence remain open.",K1,E,B,LOW_UNKNOWN,CONCEPT_ONLY,G0 PASS; G1 PASS; G2 WARN; G3 FAIL; G4 PASS; G5 PASS; G6 PASS,C2 · R2 · K1 · Lane E · LOW_UNKNOWN,STRUCTURED RESEARCH PREFLIGHT R2 — NOT PRODUCT RELEASE APPROVAL,2026-08-31,1.0
SKU-260,Charm-bar component sorting palette,Social and paper-craft organization,New,Stage adult craft charms and connectors by project in removable personalized wells.,Stage adult craft charms and connectors by project in removable personalized wells.,"Adult paper, painting, model-making and group-craft hobbyists","Michaels reports craft-night searches +103%, girls-night crafts +242%, paint-party kits +329%, guided-kit sales +86% and DIY home decor +79%.",Core — compact defined-set organization for social and analog creative routines,"A small coordinated module family adapts count, spacing and labels to a defined collection while reusing one interface system.",Material formats; tool envelopes; category and participant count; table footprint; optional labels,lane width; well size; divider count; module count; access relief; label; footprint,190,140,28,PLA or PETG,None,Moderate,Digital first; printed after fulfillment qualification,9-17,28-58,1,"Adult dry craft organization only; no hot tools, solvents, blades, food, load-bearing, protective or child-use claim.",94,Research batch 3,S33; S01; S32,P0 research backlog,"Confirm the smallest and largest real formats, then print the densest compartment coupon before a full set.","metriMade candidate only; trend, price and demand remain hypotheses until German marketplace and customer validation.",25,30,24,13,92,Primary-source strength + signal magnitude + metriMade strategy fit + nonduplicate portfolio whitespace; components are directional planning judgments.,DIRECTIONAL PLANNING SCORE — NOT VALIDATED DEMAND,MODULAR,Defined dry craft materials or capped tools within a freestanding tabletop envelope,E2 route: measured material/tool samples plus a scaled layout photo and one control dimension.,"Candidate baseline: common 220 x 220 x 250 mm FFF envelope, PLA or PETG, support-free orientation; exact printer, filament product/color/batch, nozzle and process JSON remain UNKNOWN.","Fit/removal, snag, spill-from-compartment, tip, edge and cleanup checks using inert dry substitutes.",2,1,2,2,2,0,1,1,1,0,2,34.25,C2,R2,R2,R2,R2,R2,R2,"Purpose, exclusions, envelope, measurable inputs, critical-interface route, candidate process envelope and test method are specified; exact customer variant and complete process evidence remain open.",K1,E,B,LOW_UNKNOWN,CONCEPT_ONLY,G0 PASS; G1 PASS; G2 WARN; G3 FAIL; G4 PASS; G5 PASS; G6 PASS,C2 · R2 · K1 · Lane E · LOW_UNKNOWN,STRUCTURED RESEARCH PREFLIGHT R2 — NOT PRODUCT RELEASE APPROVAL,2026-08-31,1.0
SKU-261,Friendship-bracelet thread project tray,Social and paper-craft organization,New,"Separate pre-cut thread groups, labels and finished adult craft samples for one bracelet project.","Separate pre-cut thread groups, labels and finished adult craft samples for one bracelet project.","Adult paper, painting, model-making and group-craft hobbyists","Michaels reports craft-night searches +103%, girls-night crafts +242%, paint-party kits +329%, guided-kit sales +86% and DIY home decor +79%.",Core — compact defined-set organization for social and analog creative routines,"A small coordinated module family adapts count, spacing and labels to a defined collection while reusing one interface system.",Material formats; tool envelopes; category and participant count; table footprint; optional labels,lane width; well size; divider count; module count; access relief; label; footprint,200,140,32,PLA or PETG,None,Moderate,Digital first; printed after fulfillment qualification,9-17,28-58,1,"Adult dry craft organization only; no hot tools, solvents, blades, food, load-bearing, protective or child-use claim.",93,Research batch 3,S33; S01; S32,P0 research backlog,"Confirm the smallest and largest real formats, then print the densest compartment coupon before a full set.","metriMade candidate only; trend, price and demand remain hypotheses until German marketplace and customer validation.",25,30,24,12,91,Primary-source strength + signal magnitude + metriMade strategy fit + nonduplicate portfolio whitespace; components are directional planning judgments.,DIRECTIONAL PLANNING SCORE — NOT VALIDATED DEMAND,MODULAR,Defined dry craft materials or capped tools within a freestanding tabletop envelope,E2 route: measured material/tool samples plus a scaled layout photo and one control dimension.,"Candidate baseline: common 220 x 220 x 250 mm FFF envelope, PLA or PETG, support-free orientation; exact printer, filament product/color/batch, nozzle and process JSON remain UNKNOWN.","Fit/removal, snag, spill-from-compartment, tip, edge and cleanup checks using inert dry substitutes.",2,1,2,2,2,0,1,1,1,0,2,34.25,C2,R2,R2,R2,R2,R2,R2,"Purpose, exclusions, envelope, measurable inputs, critical-interface route, candidate process envelope and test method are specified; exact customer variant and complete process evidence remain open.",K1,E,B,LOW_UNKNOWN,CONCEPT_ONLY,G0 PASS; G1 PASS; G2 WARN; G3 FAIL; G4 PASS; G5 PASS; G6 PASS,C2 · R2 · K1 · Lane E · LOW_UNKNOWN,STRUCTURED RESEARCH PREFLIGHT R2 — NOT PRODUCT RELEASE APPROVAL,2026-08-31,1.0
SKU-262,Scrapbook die-cut sorting fan,Social and paper-craft organization,New,Sort dry paper die-cuts by theme in visible angled lanes before assembly.,Sort dry paper die-cuts by theme in visible angled lanes before assembly.,"Adult paper, painting, model-making and group-craft hobbyists","Michaels reports craft-night searches +103%, girls-night crafts +242%, paint-party kits +329%, guided-kit sales +86% and DIY home decor +79%.",Core — compact defined-set organization for social and analog creative routines,"A small coordinated module family adapts count, spacing and labels to a defined collection while reusing one interface system.",Material formats; tool envelopes; category and participant count; table footprint; optional labels,lane width; well size; divider count; module count; access relief; label; footprint,190,130,100,PLA or PETG,None,Moderate,Digital first; printed after fulfillment qualification,9-17,28-58,1,"Adult dry craft organization only; no hot tools, solvents, blades, food, load-bearing, protective or child-use claim.",93,Research batch 3,S33; S01; S32,P0 research backlog,"Confirm the smallest and largest real formats, then print the densest compartment coupon before a full set.","metriMade candidate only; trend, price and demand remain hypotheses until German marketplace and customer validation.",25,30,24,12,91,Primary-source strength + signal magnitude + metriMade strategy fit + nonduplicate portfolio whitespace; components are directional planning judgments.,DIRECTIONAL PLANNING SCORE — NOT VALIDATED DEMAND,MODULAR,Defined dry craft materials or capped tools within a freestanding tabletop envelope,E2 route: measured material/tool samples plus a scaled layout photo and one control dimension.,"Candidate baseline: common 220 x 220 x 250 mm FFF envelope, PLA or PETG, support-free orientation; exact printer, filament product/color/batch, nozzle and process JSON remain UNKNOWN.","Fit/removal, snag, spill-from-compartment, tip, edge and cleanup checks using inert dry substitutes.",2,1,2,2,2,0,1,1,1,0,2,34.25,C2,R2,R2,R2,R2,R2,R2,"Purpose, exclusions, envelope, measurable inputs, critical-interface route, candidate process envelope and test method are specified; exact customer variant and complete process evidence remain open.",K1,E,B,LOW_UNKNOWN,CONCEPT_ONLY,G0 PASS; G1 PASS; G2 WARN; G3 FAIL; G4 PASS; G5 PASS; G6 PASS,C2 · R2 · K1 · Lane E · LOW_UNKNOWN,STRUCTURED RESEARCH PREFLIGHT R2 — NOT PRODUCT RELEASE APPROVAL,2026-08-31,1.0
SKU-263,Washi sample-card index base,Social and paper-craft organization,Variation of SKU-146,Display dry washi sample cards by palette and project without dispensing tape.,Display dry washi sample cards by palette and project without dispensing tape.,"Adult paper, painting, model-making and group-craft hobbyists","Michaels reports craft-night searches +103%, girls-night crafts +242%, paint-party kits +329%, guided-kit sales +86% and DIY home decor +79%.",Core — compact defined-set organization for social and analog creative routines,"Object footprint, viewing angle, label and visual motif can be personalized in a compact premium display without tooling.",Material formats; tool envelopes; category and participant count; table footprint; optional labels,lane width; well size; divider count; module count; access relief; label; footprint,180,100,95,PLA or PETG,None,Easy,Digital first; printed after fulfillment qualification,7-15,22-49,1,"Adult dry craft organization only; no hot tools, solvents, blades, food, load-bearing, protective or child-use claim.",92,Research batch 3,S33; S01; S32,P0 research backlog,"Confirm the smallest and largest real formats, then print the densest compartment coupon before a full set.","metriMade candidate only; trend, price and demand remain hypotheses until German marketplace and customer validation.",25,30,24,11,90,Primary-source strength + signal magnitude + metriMade strategy fit + nonduplicate portfolio whitespace; components are directional planning judgments.,DIRECTIONAL PLANNING SCORE — NOT VALIDATED DEMAND,DISPLAY,Defined dry craft materials or capped tools within a freestanding tabletop envelope,E2 route: measured material/tool samples plus a scaled layout photo and one control dimension.,"Candidate baseline: common 220 x 220 x 250 mm FFF envelope, PLA or PETG, support-free orientation; exact printer, filament product/color/batch, nozzle and process JSON remain UNKNOWN.","Fit/removal, snag, spill-from-compartment, tip, edge and cleanup checks using inert dry substitutes.",2,2,1,1,1,0,2,1,1,0,2,27.25,C2,R2,R2,R2,R2,R2,R2,"Purpose, exclusions, envelope, measurable inputs, critical-interface route, candidate process envelope and test method are specified; exact customer variant and complete process evidence remain open.",K1,E,B,LOW_UNKNOWN,CONCEPT_ONLY,G0 PASS; G1 PASS; G2 WARN; G3 FAIL; G4 PASS; G5 PASS; G6 PASS,C2 · R2 · K1 · Lane E · LOW_UNKNOWN,STRUCTURED RESEARCH PREFLIGHT R2 — NOT PRODUCT RELEASE APPROVAL,2026-08-31,1.0
SKU-264,Rubber-stamp impression card file,Social and paper-craft organization,Variation of SKU-158,Archive dry stamped sample cards by theme so adult users can select a stamp without unpacking it.,Archive dry stamped sample cards by theme so adult users can select a stamp without unpacking it.,"Adult paper, painting, model-making and group-craft hobbyists","Michaels reports craft-night searches +103%, girls-night crafts +242%, paint-party kits +329%, guided-kit sales +86% and DIY home decor +79%.",Core — compact defined-set organization for social and analog creative routines,"A small coordinated module family adapts count, spacing and labels to a defined collection while reusing one interface system.",Material formats; tool envelopes; category and participant count; table footprint; optional labels,lane width; well size; divider count; module count; access relief; label; footprint,180,120,110,PLA or PETG,None,Moderate,Digital first; printed after fulfillment qualification,9-17,28-58,1,"Adult dry craft organization only; no hot tools, solvents, blades, food, load-bearing, protective or child-use claim.",92,Research batch 3,S33; S01; S32,P0 research backlog,"Confirm the smallest and largest real formats, then print the densest compartment coupon before a full set.","metriMade candidate only; trend, price and demand remain hypotheses until German marketplace and customer validation.",25,30,24,11,90,Primary-source strength + signal magnitude + metriMade strategy fit + nonduplicate portfolio whitespace; components are directional planning judgments.,DIRECTIONAL PLANNING SCORE — NOT VALIDATED DEMAND,MODULAR,Defined dry craft materials or capped tools within a freestanding tabletop envelope,E2 route: measured material/tool samples plus a scaled layout photo and one control dimension.,"Candidate baseline: common 220 x 220 x 250 mm FFF envelope, PLA or PETG, support-free orientation; exact printer, filament product/color/batch, nozzle and process JSON remain UNKNOWN.","Fit/removal, snag, spill-from-compartment, tip, edge and cleanup checks using inert dry substitutes.",2,1,2,2,2,0,1,1,1,0,2,34.25,C2,R2,R2,R2,R2,R2,R2,"Purpose, exclusions, envelope, measurable inputs, critical-interface route, candidate process envelope and test method are specified; exact customer variant and complete process evidence remain open.",K1,E,B,LOW_UNKNOWN,CONCEPT_ONLY,G0 PASS; G1 PASS; G2 WARN; G3 FAIL; G4 PASS; G5 PASS; G6 PASS,C2 · R2 · K1 · Lane E · LOW_UNKNOWN,STRUCTURED RESEARCH PREFLIGHT R2 — NOT PRODUCT RELEASE APPROVAL,2026-08-31,1.0
SKU-265,Paint-party brush-and-name station,Social and paper-craft organization,New,Assign clean dry capped brushes and name cards to adult participants before a paint session.,Assign clean dry capped brushes and name cards to adult participants before a paint session.,"Adult paper, painting, model-making and group-craft hobbyists","Michaels reports craft-night searches +103%, girls-night crafts +242%, paint-party kits +329%, guided-kit sales +86% and DIY home decor +79%.",Core — compact defined-set organization for social and analog creative routines,"A small coordinated module family adapts count, spacing and labels to a defined collection while reusing one interface system.",Material formats; tool envelopes; category and participant count; table footprint; optional labels,lane width; well size; divider count; module count; access relief; label; footprint,200,130,75,PLA or PETG,None,Moderate,Digital first; printed after fulfillment qualification,9-17,28-58,1,"Adult dry craft organization only; no hot tools, solvents, blades, food, load-bearing, protective or child-use claim.",94,Research batch 3,S33; S01; S32,P0 research backlog,"Confirm the smallest and largest real formats, then print the densest compartment coupon before a full set.","metriMade candidate only; trend, price and demand remain hypotheses until German marketplace and customer validation.",25,30,24,13,92,Primary-source strength + signal magnitude + metriMade strategy fit + nonduplicate portfolio whitespace; components are directional planning judgments.,DIRECTIONAL PLANNING SCORE — NOT VALIDATED DEMAND,MODULAR,Defined dry craft materials or capped tools within a freestanding tabletop envelope,E2 route: measured material/tool samples plus a scaled layout photo and one control dimension.,"Candidate baseline: common 220 x 220 x 250 mm FFF envelope, PLA or PETG, support-free orientation; exact printer, filament product/color/batch, nozzle and process JSON remain UNKNOWN.","Fit/removal, snag, spill-from-compartment, tip, edge and cleanup checks using inert dry substitutes.",2,1,2,2,2,0,1,1,1,0,2,34.25,C2,R2,R2,R2,R2,R2,R2,"Purpose, exclusions, envelope, measurable inputs, critical-interface route, candidate process envelope and test method are specified; exact customer variant and complete process evidence remain open.",K1,E,B,LOW_UNKNOWN,CONCEPT_ONLY,G0 PASS; G1 PASS; G2 WARN; G3 FAIL; G4 PASS; G5 PASS; G6 PASS,C2 · R2 · K1 · Lane E · LOW_UNKNOWN,STRUCTURED RESEARCH PREFLIGHT R2 — NOT PRODUCT RELEASE APPROVAL,2026-08-31,1.0
SKU-266,Craft-night personal boundary tray,Social and paper-craft organization,Variation of SKU-160,Give each adult participant a named shallow dry-parts zone on a shared table.,Give each adult participant a named shallow dry-parts zone on a shared table.,"Adult paper, painting, model-making and group-craft hobbyists","Michaels reports craft-night searches +103%, girls-night crafts +242%, paint-party kits +329%, guided-kit sales +86% and DIY home decor +79%.",Core — compact defined-set organization for social and analog creative routines,"A small personalized one-part layout can be generated without stocking many label, count or proportion variants.",Material formats; tool envelopes; category and participant count; table footprint; optional labels,lane width; well size; divider count; module count; access relief; label; footprint,180,130,24,PLA or PETG,None,Easy,Digital first; printed after fulfillment qualification,5-10,16-34,1,"Adult dry craft organization only; no hot tools, solvents, blades, food, load-bearing, protective or child-use claim.",93,Research batch 3,S33; S01; S32,P0 research backlog,"Confirm the smallest and largest real formats, then print the densest compartment coupon before a full set.","metriMade candidate only; trend, price and demand remain hypotheses until German marketplace and customer validation.",25,30,24,12,91,Primary-source strength + signal magnitude + metriMade strategy fit + nonduplicate portfolio whitespace; components are directional planning judgments.,DIRECTIONAL PLANNING SCORE — NOT VALIDATED DEMAND,SIMPLE,Defined dry craft materials or capped tools within a freestanding tabletop envelope,E2 route: measured material/tool samples plus a scaled layout photo and one control dimension.,"Candidate baseline: common 220 x 220 x 250 mm FFF envelope, PLA or PETG, support-free orientation; exact printer, filament product/color/batch, nozzle and process JSON remain UNKNOWN.","Fit/removal, snag, spill-from-compartment, tip, edge and cleanup checks using inert dry substitutes.",1,1,1,1,0,0,1,0,1,0,1,15.75,C1,R2,R2,R2,R2,R2,R2,"Purpose, exclusions, envelope, measurable inputs, critical-interface route, candidate process envelope and test method are specified; exact customer variant and complete process evidence remain open.",K1,E,B,LOW_UNKNOWN,CONCEPT_ONLY,G0 PASS; G1 PASS; G2 WARN; G3 FAIL; G4 PASS; G5 PASS; G6 PASS,C1 · R2 · K1 · Lane E · LOW_UNKNOWN,STRUCTURED RESEARCH PREFLIGHT R2 — NOT PRODUCT RELEASE APPROVAL,2026-08-31,1.0
SKU-267,Mosaic-tessera color staging grid,Social and paper-craft organization,New,Stage small inert adult mosaic pieces by color in removable shallow cells before placement.,Stage small inert adult mosaic pieces by color in removable shallow cells before placement.,"Adult paper, painting, model-making and group-craft hobbyists","Michaels reports craft-night searches +103%, girls-night crafts +242%, paint-party kits +329%, guided-kit sales +86% and DIY home decor +79%.",Core — compact defined-set organization for social and analog creative routines,"A small coordinated module family adapts count, spacing and labels to a defined collection while reusing one interface system.",Material formats; tool envelopes; category and participant count; table footprint; optional labels,lane width; well size; divider count; module count; access relief; label; footprint,190,150,25,PLA or PETG,None,Moderate,Digital first; printed after fulfillment qualification,9-17,28-58,1,"Adult dry craft organization only; no hot tools, solvents, blades, food, load-bearing, protective or child-use claim.",93,Research batch 3,S33; S01; S32,P0 research backlog,"Confirm the smallest and largest real formats, then print the densest compartment coupon before a full set.","metriMade candidate only; trend, price and demand remain hypotheses until German marketplace and customer validation.",25,30,24,12,91,Primary-source strength + signal magnitude + metriMade strategy fit + nonduplicate portfolio whitespace; components are directional planning judgments.,DIRECTIONAL PLANNING SCORE — NOT VALIDATED DEMAND,MODULAR,Defined dry craft materials or capped tools within a freestanding tabletop envelope,E2 route: measured material/tool samples plus a scaled layout photo and one control dimension.,"Candidate baseline: common 220 x 220 x 250 mm FFF envelope, PLA or PETG, support-free orientation; exact printer, filament product/color/batch, nozzle and process JSON remain UNKNOWN.","Fit/removal, snag, spill-from-compartment, tip, edge and cleanup checks using inert dry substitutes.",2,1,2,2,2,0,1,1,1,0,2,34.25,C2,R2,R2,R2,R2,R2,R2,"Purpose, exclusions, envelope, measurable inputs, critical-interface route, candidate process envelope and test method are specified; exact customer variant and complete process evidence remain open.",K1,E,B,LOW_UNKNOWN,CONCEPT_ONLY,G0 PASS; G1 PASS; G2 WARN; G3 FAIL; G4 PASS; G5 PASS; G6 PASS,C2 · R2 · K1 · Lane E · LOW_UNKNOWN,STRUCTURED RESEARCH PREFLIGHT R2 — NOT PRODUCT RELEASE APPROVAL,2026-08-31,1.0
SKU-268,Miniature-basing sample archive,Social and paper-craft organization,New,Store sealed dry basing-material sample bags and labeled result cards by project.,Store sealed dry basing-material sample bags and labeled result cards by project.,"Adult paper, painting, model-making and group-craft hobbyists","Michaels reports craft-night searches +103%, girls-night crafts +242%, paint-party kits +329%, guided-kit sales +86% and DIY home decor +79%.",Core — compact defined-set organization for social and analog creative routines,"A small coordinated module family adapts count, spacing and labels to a defined collection while reusing one interface system.",Material formats; tool envelopes; category and participant count; table footprint; optional labels,lane width; well size; divider count; module count; access relief; label; footprint,190,140,80,PLA or PETG,None,Moderate,Digital first; printed after fulfillment qualification,9-17,28-58,1,"Adult dry craft organization only; no hot tools, solvents, blades, food, load-bearing, protective or child-use claim.",91,Research batch 3,S33; S01; S32,P0 research backlog,"Confirm the smallest and largest real formats, then print the densest compartment coupon before a full set.","metriMade candidate only; trend, price and demand remain hypotheses until German marketplace and customer validation.",25,30,24,10,89,Primary-source strength + signal magnitude + metriMade strategy fit + nonduplicate portfolio whitespace; components are directional planning judgments.,DIRECTIONAL PLANNING SCORE — NOT VALIDATED DEMAND,MODULAR,Defined dry craft materials or capped tools within a freestanding tabletop envelope,E2 route: measured material/tool samples plus a scaled layout photo and one control dimension.,"Candidate baseline: common 220 x 220 x 250 mm FFF envelope, PLA or PETG, support-free orientation; exact printer, filament product/color/batch, nozzle and process JSON remain UNKNOWN.","Fit/removal, snag, spill-from-compartment, tip, edge and cleanup checks using inert dry substitutes.",2,1,2,2,2,0,1,1,1,0,2,34.25,C2,R2,R2,R2,R2,R2,R2,"Purpose, exclusions, envelope, measurable inputs, critical-interface route, candidate process envelope and test method are specified; exact customer variant and complete process evidence remain open.",K1,E,B,LOW_UNKNOWN,CONCEPT_ONLY,G0 PASS; G1 PASS; G2 WARN; G3 FAIL; G4 PASS; G5 PASS; G6 PASS,C2 · R2 · K1 · Lane E · LOW_UNKNOWN,STRUCTURED RESEARCH PREFLIGHT R2 — NOT PRODUCT RELEASE APPROVAL,2026-08-31,1.0
SKU-269,Model-decal sheet flat file,Social and paper-craft organization,New,Separate unused dry decal sheets and instruction cards by model project without folding.,Separate unused dry decal sheets and instruction cards by model project without folding.,"Adult paper, painting, model-making and group-craft hobbyists","Michaels reports craft-night searches +103%, girls-night crafts +242%, paint-party kits +329%, guided-kit sales +86% and DIY home decor +79%.",Core — compact defined-set organization for social and analog creative routines,Measured envelope and item dimensions become a one-off exact-fit insert that mass products cannot economically match.,Material formats; tool envelopes; category and participant count; table footprint; optional labels,lane width; well size; divider count; module count; access relief; label; footprint,220,170,32,PLA or PETG,None,Moderate,Digital first; printed after fulfillment qualification,8-16,24-52,1,"Adult dry craft organization only; no hot tools, solvents, blades, food, load-bearing, protective or child-use claim.",92,Research batch 3,S33; S01; S32,P0 research backlog,"Confirm the smallest and largest real formats, then print the densest compartment coupon before a full set.","metriMade candidate only; trend, price and demand remain hypotheses until German marketplace and customer validation.",25,30,24,11,90,Primary-source strength + signal magnitude + metriMade strategy fit + nonduplicate portfolio whitespace; components are directional planning judgments.,DIRECTIONAL PLANNING SCORE — NOT VALIDATED DEMAND,EXACT_FIT,Defined dry craft materials or capped tools within a freestanding tabletop envelope,E2 route: measured material/tool samples plus a scaled layout photo and one control dimension.,"Candidate baseline: common 220 x 220 x 250 mm FFF envelope, PLA or PETG, support-free orientation; exact printer, filament product/color/batch, nozzle and process JSON remain UNKNOWN.","Fit/removal, snag, spill-from-compartment, tip, edge and cleanup checks using inert dry substitutes.",2,2,1,2,1,0,1,1,1,0,2,30.5,C2,R2,R2,R2,R2,R2,R2,"Purpose, exclusions, envelope, measurable inputs, critical-interface route, candidate process envelope and test method are specified; exact customer variant and complete process evidence remain open.",K1,E,B,LOW_UNKNOWN,CONCEPT_ONLY,G0 PASS; G1 PASS; G2 WARN; G3 FAIL; G4 PASS; G5 PASS; G6 PASS,C2 · R2 · K1 · Lane E · LOW_UNKNOWN,STRUCTURED RESEARCH PREFLIGHT R2 — NOT PRODUCT RELEASE APPROVAL,2026-08-31,1.0
SKU-270,Pressed-flower dry sorting frame insert,Social and paper-craft organization,New,Arrange fully dried pressed-flower pieces by size inside a customer-owned flat frame or box before composition.,Arrange fully dried pressed-flower pieces by size inside a customer-owned flat frame or box before composition.,"Adult paper, painting, model-making and group-craft hobbyists","Michaels reports craft-night searches +103%, girls-night crafts +242%, paint-party kits +329%, guided-kit sales +86% and DIY home decor +79%.",Core — compact defined-set organization for social and analog creative routines,Measured envelope and item dimensions become a one-off exact-fit insert that mass products cannot economically match.,Material formats; tool envelopes; category and participant count; table footprint; optional labels,lane width; well size; divider count; module count; access relief; label; footprint,220,180,25,PLA or PETG,None,Moderate,Digital first; printed after fulfillment qualification,8-16,24-52,1,"Adult dry craft organization only; no hot tools, solvents, blades, food, load-bearing, protective or child-use claim.",93,Research batch 3,S33; S01; S32,P0 research backlog,"Confirm the smallest and largest real formats, then print the densest compartment coupon before a full set.","metriMade candidate only; trend, price and demand remain hypotheses until German marketplace and customer validation.",25,30,24,12,91,Primary-source strength + signal magnitude + metriMade strategy fit + nonduplicate portfolio whitespace; components are directional planning judgments.,DIRECTIONAL PLANNING SCORE — NOT VALIDATED DEMAND,EXACT_FIT,Defined dry craft materials or capped tools within a freestanding tabletop envelope,E2 route: measured material/tool samples plus a scaled layout photo and one control dimension.,"Candidate baseline: common 220 x 220 x 250 mm FFF envelope, PLA or PETG, support-free orientation; exact printer, filament product/color/batch, nozzle and process JSON remain UNKNOWN.","Fit/removal, snag, spill-from-compartment, tip, edge and cleanup checks using inert dry substitutes.",2,2,1,2,1,0,1,1,1,0,2,30.5,C2,R2,R2,R2,R2,R2,R2,"Purpose, exclusions, envelope, measurable inputs, critical-interface route, candidate process envelope and test method are specified; exact customer variant and complete process evidence remain open.",K1,E,B,LOW_UNKNOWN,CONCEPT_ONLY,G0 PASS; G1 PASS; G2 WARN; G3 FAIL; G4 PASS; G5 PASS; G6 PASS,C2 · R2 · K1 · Lane E · LOW_UNKNOWN,STRUCTURED RESEARCH PREFLIGHT R2 — NOT PRODUCT RELEASE APPROVAL,2026-08-31,1.0
SKU-271,Ticket-stub chronological desk archive,Sentimental display and archive,New,Store dry ticket stubs upright by year or event in a personalized compact archive.,Store dry ticket stubs upright by year or event in a personalized compact archive.,"Adult collectors, travelers and memory-keeping gift buyers",Etsy reports wall-art decor +110% and gallery prints +80% for 'Everyday Exhibits'; IKEA finds 82% keep sentimental objects and eBay reports broad hobby reconnection.,Core adjacent — personalized functional decor for small sentimental collections,"A small coordinated module family adapts count, spacing and labels to a defined collection while reusing one interface system.",Object or card footprint; count; viewing angle; shelf footprint; label text; maximum item mass,recess size; pitch; angle; stop height; base depth; label; module count; motif,190,130,110,PLA or PETG,None,Moderate,Digital first; printed after fulfillment qualification,9-17,28-58,1,"Stable dry display only; no conservation, authentication, security, anti-theft, impact-protection or child-use claim.",91,Research batch 3,S01; S31; S34; S32,P0 research backlog,Validate one inert object or card set and print a contact/recess coupon before the complete display.,"metriMade candidate only; trend, price and demand remain hypotheses until German marketplace and customer validation.",28,24,24,13,89,Primary-source strength + signal magnitude + metriMade strategy fit + nonduplicate portfolio whitespace; components are directional planning judgments.,DIRECTIONAL PLANNING SCORE — NOT VALIDATED DEMAND,MODULAR,Defined lightweight collectible footprint and a stable freestanding shelf or desk contact,E2 route: scaled orthogonal photo with one control dimension and recorded mass for each allowed object class.,"Candidate baseline: common 220 x 220 x 250 mm FFF envelope, PLA or PETG, support-free orientation; exact printer, filament product/color/batch, nozzle and process JSON remain UNKNOWN.","Fit/removal, contact-mark, tip/rocking, bump and label-legibility checks with inert dummy objects.",2,1,2,2,2,0,1,1,1,0,2,34.25,C2,R2,R2,R2,R2,R2,R2,"Purpose, exclusions, envelope, measurable inputs, critical-interface route, candidate process envelope and test method are specified; exact customer variant and complete process evidence remain open.",K1,E,B,LOW_UNKNOWN,CONCEPT_ONLY,G0 PASS; G1 PASS; G2 WARN; G3 FAIL; G4 PASS; G5 PASS; G6 PASS,C2 · R2 · K1 · Lane E · LOW_UNKNOWN,STRUCTURED RESEARCH PREFLIGHT R2 — NOT PRODUCT RELEASE APPROVAL,2026-08-31,1.0
SKU-272,Concert-wristband memory spool,Sentimental display and archive,New,Display cleaned dry fabric event wristbands on a removable labeled spool without claiming preservation.,Display cleaned dry fabric event wristbands on a removable labeled spool without claiming preservation.,"Adult collectors, travelers and memory-keeping gift buyers",Etsy reports wall-art decor +110% and gallery prints +80% for 'Everyday Exhibits'; IKEA finds 82% keep sentimental objects and eBay reports broad hobby reconnection.,Core adjacent — personalized functional decor for small sentimental collections,"Object footprint, viewing angle, label and visual motif can be personalized in a compact premium display without tooling.",Object or card footprint; count; viewing angle; shelf footprint; label text; maximum item mass,recess size; pitch; angle; stop height; base depth; label; module count; motif,150,100,120,PLA or PETG,None,Easy,Digital first; printed after fulfillment qualification,7-15,22-49,1,"Stable dry display only; no conservation, authentication, security, anti-theft, impact-protection or child-use claim.",90,Research batch 3,S01; S31; S34; S32,P0 research backlog,Validate one inert object or card set and print a contact/recess coupon before the complete display.,"metriMade candidate only; trend, price and demand remain hypotheses until German marketplace and customer validation.",28,24,24,12,88,Primary-source strength + signal magnitude + metriMade strategy fit + nonduplicate portfolio whitespace; components are directional planning judgments.,DIRECTIONAL PLANNING SCORE — NOT VALIDATED DEMAND,DISPLAY,Defined lightweight collectible footprint and a stable freestanding shelf or desk contact,E2 route: scaled orthogonal photo with one control dimension and recorded mass for each allowed object class.,"Candidate baseline: common 220 x 220 x 250 mm FFF envelope, PLA or PETG, support-free orientation; exact printer, filament product/color/batch, nozzle and process JSON remain UNKNOWN.","Fit/removal, contact-mark, tip/rocking, bump and label-legibility checks with inert dummy objects.",2,2,1,1,1,0,2,1,1,0,2,27.25,C2,R2,R2,R2,R2,R2,R2,"Purpose, exclusions, envelope, measurable inputs, critical-interface route, candidate process envelope and test method are specified; exact customer variant and complete process evidence remain open.",K1,E,B,LOW_UNKNOWN,CONCEPT_ONLY,G0 PASS; G1 PASS; G2 WARN; G3 FAIL; G4 PASS; G5 PASS; G6 PASS,C2 · R2 · K1 · Lane E · LOW_UNKNOWN,STRUCTURED RESEARCH PREFLIGHT R2 — NOT PRODUCT RELEASE APPROVAL,2026-08-31,1.0
SKU-273,Photo-booth strip vertical display,Sentimental display and archive,New,Present one or more standard or measured photo-booth strips in a stable personalized desk display.,Present one or more standard or measured photo-booth strips in a stable personalized desk display.,"Adult collectors, travelers and memory-keeping gift buyers",Etsy reports wall-art decor +110% and gallery prints +80% for 'Everyday Exhibits'; IKEA finds 82% keep sentimental objects and eBay reports broad hobby reconnection.,Core adjacent — personalized functional decor for small sentimental collections,"Object footprint, viewing angle, label and visual motif can be personalized in a compact premium display without tooling.",Object or card footprint; count; viewing angle; shelf footprint; label text; maximum item mass,recess size; pitch; angle; stop height; base depth; label; module count; motif,150,90,160,PLA or PETG,None,Easy,Digital first; printed after fulfillment qualification,7-15,22-49,1,"Stable dry display only; no conservation, authentication, security, anti-theft, impact-protection or child-use claim.",90,Research batch 3,S01; S31; S34; S32,P0 research backlog,Validate one inert object or card set and print a contact/recess coupon before the complete display.,"metriMade candidate only; trend, price and demand remain hypotheses until German marketplace and customer validation.",28,24,24,12,88,Primary-source strength + signal magnitude + metriMade strategy fit + nonduplicate portfolio whitespace; components are directional planning judgments.,DIRECTIONAL PLANNING SCORE — NOT VALIDATED DEMAND,DISPLAY,Defined lightweight collectible footprint and a stable freestanding shelf or desk contact,E2 route: scaled orthogonal photo with one control dimension and recorded mass for each allowed object class.,"Candidate baseline: common 220 x 220 x 250 mm FFF envelope, PLA or PETG, support-free orientation; exact printer, filament product/color/batch, nozzle and process JSON remain UNKNOWN.","Fit/removal, contact-mark, tip/rocking, bump and label-legibility checks with inert dummy objects.",2,2,1,1,1,0,2,1,1,0,2,27.25,C2,R2,R2,R2,R2,R2,R2,"Purpose, exclusions, envelope, measurable inputs, critical-interface route, candidate process envelope and test method are specified; exact customer variant and complete process evidence remain open.",K1,E,B,LOW_UNKNOWN,CONCEPT_ONLY,G0 PASS; G1 PASS; G2 WARN; G3 FAIL; G4 PASS; G5 PASS; G6 PASS,C2 · R2 · K1 · Lane E · LOW_UNKNOWN,STRUCTURED RESEARCH PREFLIGHT R2 — NOT PRODUCT RELEASE APPROVAL,2026-08-31,1.0
SKU-274,Event-lanyard badge archive rack,Sentimental display and archive,New,Store lightweight inactive event badges and lanyards on a freestanding shelf rack by year.,Store lightweight inactive event badges and lanyards on a freestanding shelf rack by year.,"Adult collectors, travelers and memory-keeping gift buyers",Etsy reports wall-art decor +110% and gallery prints +80% for 'Everyday Exhibits'; IKEA finds 82% keep sentimental objects and eBay reports broad hobby reconnection.,Core adjacent — personalized functional decor for small sentimental collections,"A small coordinated module family adapts count, spacing and labels to a defined collection while reusing one interface system.",Object or card footprint; count; viewing angle; shelf footprint; label text; maximum item mass,recess size; pitch; angle; stop height; base depth; label; module count; motif,210,140,190,PLA or PETG,None,Moderate,Digital first; printed after fulfillment qualification,9-17,28-58,1,"Stable dry display only; no conservation, authentication, security, anti-theft, impact-protection or child-use claim.",90,Research batch 3,S01; S31; S34; S32,P0 research backlog,Validate one inert object or card set and print a contact/recess coupon before the complete display.,"metriMade candidate only; trend, price and demand remain hypotheses until German marketplace and customer validation.",28,24,24,12,88,Primary-source strength + signal magnitude + metriMade strategy fit + nonduplicate portfolio whitespace; components are directional planning judgments.,DIRECTIONAL PLANNING SCORE — NOT VALIDATED DEMAND,MODULAR,Defined lightweight collectible footprint and a stable freestanding shelf or desk contact,E2 route: scaled orthogonal photo with one control dimension and recorded mass for each allowed object class.,"Candidate baseline: common 220 x 220 x 250 mm FFF envelope, PLA or PETG, support-free orientation; exact printer, filament product/color/batch, nozzle and process JSON remain UNKNOWN.","Fit/removal, contact-mark, tip/rocking, bump and label-legibility checks with inert dummy objects.",2,1,2,2,2,0,1,1,1,0,2,34.25,C2,R2,R2,R2,R2,R2,R2,"Purpose, exclusions, envelope, measurable inputs, critical-interface route, candidate process envelope and test method are specified; exact customer variant and complete process evidence remain open.",K1,E,B,LOW_UNKNOWN,CONCEPT_ONLY,G0 PASS; G1 PASS; G2 WARN; G3 FAIL; G4 PASS; G5 PASS; G6 PASS,C2 · R2 · K1 · Lane E · LOW_UNKNOWN,STRUCTURED RESEARCH PREFLIGHT R2 — NOT PRODUCT RELEASE APPROVAL,2026-08-31,1.0
SKU-275,Souvenir-token story tray,Sentimental display and archive,New,Arrange a small measured set of travel tokens beside short story labels in a shallow display tray.,Arrange a small measured set of travel tokens beside short story labels in a shallow display tray.,"Adult collectors, travelers and memory-keeping gift buyers",Etsy reports wall-art decor +110% and gallery prints +80% for 'Everyday Exhibits'; IKEA finds 82% keep sentimental objects and eBay reports broad hobby reconnection.,Core adjacent — personalized functional decor for small sentimental collections,"Object footprint, viewing angle, label and visual motif can be personalized in a compact premium display without tooling.",Object or card footprint; count; viewing angle; shelf footprint; label text; maximum item mass,recess size; pitch; angle; stop height; base depth; label; module count; motif,200,150,32,PLA or PETG,None,Easy,Digital first; printed after fulfillment qualification,7-15,22-49,1,"Stable dry display only; no conservation, authentication, security, anti-theft, impact-protection or child-use claim.",91,Research batch 3,S01; S31; S34; S32,P0 research backlog,Validate one inert object or card set and print a contact/recess coupon before the complete display.,"metriMade candidate only; trend, price and demand remain hypotheses until German marketplace and customer validation.",28,24,24,13,89,Primary-source strength + signal magnitude + metriMade strategy fit + nonduplicate portfolio whitespace; components are directional planning judgments.,DIRECTIONAL PLANNING SCORE — NOT VALIDATED DEMAND,DISPLAY,Defined lightweight collectible footprint and a stable freestanding shelf or desk contact,E2 route: scaled orthogonal photo with one control dimension and recorded mass for each allowed object class.,"Candidate baseline: common 220 x 220 x 250 mm FFF envelope, PLA or PETG, support-free orientation; exact printer, filament product/color/batch, nozzle and process JSON remain UNKNOWN.","Fit/removal, contact-mark, tip/rocking, bump and label-legibility checks with inert dummy objects.",2,2,1,1,1,0,2,1,1,0,2,27.25,C2,R2,R2,R2,R2,R2,R2,"Purpose, exclusions, envelope, measurable inputs, critical-interface route, candidate process envelope and test method are specified; exact customer variant and complete process evidence remain open.",K1,E,B,LOW_UNKNOWN,CONCEPT_ONLY,G0 PASS; G1 PASS; G2 WARN; G3 FAIL; G4 PASS; G5 PASS; G6 PASS,C2 · R2 · K1 · Lane E · LOW_UNKNOWN,STRUCTURED RESEARCH PREFLIGHT R2 — NOT PRODUCT RELEASE APPROVAL,2026-08-31,1.0
SKU-276,Keychain-collection freestanding rail,Sentimental display and archive,New,Display a light adult keychain collection on a freestanding low rail with personalized category labels.,Display a light adult keychain collection on a freestanding low rail with personalized category labels.,"Adult collectors, travelers and memory-keeping gift buyers",Etsy reports wall-art decor +110% and gallery prints +80% for 'Everyday Exhibits'; IKEA finds 82% keep sentimental objects and eBay reports broad hobby reconnection.,Core adjacent — personalized functional decor for small sentimental collections,"A small coordinated module family adapts count, spacing and labels to a defined collection while reusing one interface system.",Object or card footprint; count; viewing angle; shelf footprint; label text; maximum item mass,recess size; pitch; angle; stop height; base depth; label; module count; motif,210,100,150,PLA or PETG,None,Moderate,Digital first; printed after fulfillment qualification,9-17,28-58,1,"Stable dry display only; no conservation, authentication, security, anti-theft, impact-protection or child-use claim.",89,Research batch 3,S01; S31; S34; S32,P0 research backlog,Validate one inert object or card set and print a contact/recess coupon before the complete display.,"metriMade candidate only; trend, price and demand remain hypotheses until German marketplace and customer validation.",28,24,24,11,87,Primary-source strength + signal magnitude + metriMade strategy fit + nonduplicate portfolio whitespace; components are directional planning judgments.,DIRECTIONAL PLANNING SCORE — NOT VALIDATED DEMAND,MODULAR,Defined lightweight collectible footprint and a stable freestanding shelf or desk contact,E2 route: scaled orthogonal photo with one control dimension and recorded mass for each allowed object class.,"Candidate baseline: common 220 x 220 x 250 mm FFF envelope, PLA or PETG, support-free orientation; exact printer, filament product/color/batch, nozzle and process JSON remain UNKNOWN.","Fit/removal, contact-mark, tip/rocking, bump and label-legibility checks with inert dummy objects.",2,1,2,2,2,0,1,1,1,0,2,34.25,C2,R2,R2,R2,R2,R2,R2,"Purpose, exclusions, envelope, measurable inputs, critical-interface route, candidate process envelope and test method are specified; exact customer variant and complete process evidence remain open.",K1,E,B,LOW_UNKNOWN,CONCEPT_ONLY,G0 PASS; G1 PASS; G2 WARN; G3 FAIL; G4 PASS; G5 PASS; G6 PASS,C2 · R2 · K1 · Lane E · LOW_UNKNOWN,STRUCTURED RESEARCH PREFLIGHT R2 — NOT PRODUCT RELEASE APPROVAL,2026-08-31,1.0
SKU-277,Empty-matchbook-cover archive file,Sentimental display and archive,New,Store empty paper matchbook covers only in measured dry divider lanes for adult collectors.,Store empty paper matchbook covers only in measured dry divider lanes for adult collectors.,"Adult collectors, travelers and memory-keeping gift buyers",Etsy reports wall-art decor +110% and gallery prints +80% for 'Everyday Exhibits'; IKEA finds 82% keep sentimental objects and eBay reports broad hobby reconnection.,Core adjacent — personalized functional decor for small sentimental collections,"A small coordinated module family adapts count, spacing and labels to a defined collection while reusing one interface system.",Object or card footprint; count; viewing angle; shelf footprint; label text; maximum item mass,recess size; pitch; angle; stop height; base depth; label; module count; motif,180,120,95,PLA or PETG,None,Moderate,Digital first; printed after fulfillment qualification,9-17,28-58,1,"Stable dry display only; no conservation, authentication, security, anti-theft, impact-protection or child-use claim.",89,Research batch 3,S01; S31; S34; S32,P0 research backlog,Validate one inert object or card set and print a contact/recess coupon before the complete display.,"metriMade candidate only; trend, price and demand remain hypotheses until German marketplace and customer validation.",28,24,24,11,87,Primary-source strength + signal magnitude + metriMade strategy fit + nonduplicate portfolio whitespace; components are directional planning judgments.,DIRECTIONAL PLANNING SCORE — NOT VALIDATED DEMAND,MODULAR,Defined lightweight collectible footprint and a stable freestanding shelf or desk contact,E2 route: scaled orthogonal photo with one control dimension and recorded mass for each allowed object class.,"Candidate baseline: common 220 x 220 x 250 mm FFF envelope, PLA or PETG, support-free orientation; exact printer, filament product/color/batch, nozzle and process JSON remain UNKNOWN.","Fit/removal, contact-mark, tip/rocking, bump and label-legibility checks with inert dummy objects.",2,1,2,2,2,0,1,1,1,0,2,34.25,C2,R2,R2,R2,R2,R2,R2,"Purpose, exclusions, envelope, measurable inputs, critical-interface route, candidate process envelope and test method are specified; exact customer variant and complete process evidence remain open.",K1,E,B,LOW_UNKNOWN,CONCEPT_ONLY,G0 PASS; G1 PASS; G2 WARN; G3 FAIL; G4 PASS; G5 PASS; G6 PASS,C2 · R2 · K1 · Lane E · LOW_UNKNOWN,STRUCTURED RESEARCH PREFLIGHT R2 — NOT PRODUCT RELEASE APPROVAL,2026-08-31,1.0
SKU-278,Transit-ticket route divider box,Sentimental display and archive,New,Sort expired dry transit tickets by city or route in a personalized compact file.,Sort expired dry transit tickets by city or route in a personalized compact file.,"Adult collectors, travelers and memory-keeping gift buyers",Etsy reports wall-art decor +110% and gallery prints +80% for 'Everyday Exhibits'; IKEA finds 82% keep sentimental objects and eBay reports broad hobby reconnection.,Core adjacent — personalized functional decor for small sentimental collections,"A small coordinated module family adapts count, spacing and labels to a defined collection while reusing one interface system.",Object or card footprint; count; viewing angle; shelf footprint; label text; maximum item mass,recess size; pitch; angle; stop height; base depth; label; module count; motif,180,120,100,PLA or PETG,None,Moderate,Digital first; printed after fulfillment qualification,9-17,28-58,1,"Stable dry display only; no conservation, authentication, security, anti-theft, impact-protection or child-use claim.",90,Research batch 3,S01; S31; S34; S32,P0 research backlog,Validate one inert object or card set and print a contact/recess coupon before the complete display.,"metriMade candidate only; trend, price and demand remain hypotheses until German marketplace and customer validation.",28,24,24,12,88,Primary-source strength + signal magnitude + metriMade strategy fit + nonduplicate portfolio whitespace; components are directional planning judgments.,DIRECTIONAL PLANNING SCORE — NOT VALIDATED DEMAND,MODULAR,Defined lightweight collectible footprint and a stable freestanding shelf or desk contact,E2 route: scaled orthogonal photo with one control dimension and recorded mass for each allowed object class.,"Candidate baseline: common 220 x 220 x 250 mm FFF envelope, PLA or PETG, support-free orientation; exact printer, filament product/color/batch, nozzle and process JSON remain UNKNOWN.","Fit/removal, contact-mark, tip/rocking, bump and label-legibility checks with inert dummy objects.",2,1,2,2,2,0,1,1,1,0,2,34.25,C2,R2,R2,R2,R2,R2,R2,"Purpose, exclusions, envelope, measurable inputs, critical-interface route, candidate process envelope and test method are specified; exact customer variant and complete process evidence remain open.",K1,E,B,LOW_UNKNOWN,CONCEPT_ONLY,G0 PASS; G1 PASS; G2 WARN; G3 FAIL; G4 PASS; G5 PASS; G6 PASS,C2 · R2 · K1 · Lane E · LOW_UNKNOWN,STRUCTURED RESEARCH PREFLIGHT R2 — NOT PRODUCT RELEASE APPROVAL,2026-08-31,1.0
SKU-279,Travel-patch presentation tile,Sentimental display and archive,New,Present unattached dry travel patches on a freestanding textured tile without adhesive or wall mounting.,Present unattached dry travel patches on a freestanding textured tile without adhesive or wall mounting.,"Adult collectors, travelers and memory-keeping gift buyers",Etsy reports wall-art decor +110% and gallery prints +80% for 'Everyday Exhibits'; IKEA finds 82% keep sentimental objects and eBay reports broad hobby reconnection.,Core adjacent — personalized functional decor for small sentimental collections,"Object footprint, viewing angle, label and visual motif can be personalized in a compact premium display without tooling.",Object or card footprint; count; viewing angle; shelf footprint; label text; maximum item mass,recess size; pitch; angle; stop height; base depth; label; module count; motif,180,120,95,PLA or PETG,None,Easy,Digital first; printed after fulfillment qualification,7-15,22-49,1,"Stable dry display only; no conservation, authentication, security, anti-theft, impact-protection or child-use claim.",89,Research batch 3,S01; S31; S34; S32,P0 research backlog,Validate one inert object or card set and print a contact/recess coupon before the complete display.,"metriMade candidate only; trend, price and demand remain hypotheses until German marketplace and customer validation.",28,24,24,11,87,Primary-source strength + signal magnitude + metriMade strategy fit + nonduplicate portfolio whitespace; components are directional planning judgments.,DIRECTIONAL PLANNING SCORE — NOT VALIDATED DEMAND,DISPLAY,Defined lightweight collectible footprint and a stable freestanding shelf or desk contact,E2 route: scaled orthogonal photo with one control dimension and recorded mass for each allowed object class.,"Candidate baseline: common 220 x 220 x 250 mm FFF envelope, PLA or PETG, support-free orientation; exact printer, filament product/color/batch, nozzle and process JSON remain UNKNOWN.","Fit/removal, contact-mark, tip/rocking, bump and label-legibility checks with inert dummy objects.",2,2,1,1,1,0,2,1,1,0,2,27.25,C2,R2,R2,R2,R2,R2,R2,"Purpose, exclusions, envelope, measurable inputs, critical-interface route, candidate process envelope and test method are specified; exact customer variant and complete process evidence remain open.",K1,E,B,LOW_UNKNOWN,CONCEPT_ONLY,G0 PASS; G1 PASS; G2 WARN; G3 FAIL; G4 PASS; G5 PASS; G6 PASS,C2 · R2 · K1 · Lane E · LOW_UNKNOWN,STRUCTURED RESEARCH PREFLIGHT R2 — NOT PRODUCT RELEASE APPROVAL,2026-08-31,1.0
SKU-280,Brooch drawer-card cassette,Sentimental display and archive,New,Separate adult brooches on customer-provided cards inside a measured drawer cassette.,Separate adult brooches on customer-provided cards inside a measured drawer cassette.,"Adult collectors, travelers and memory-keeping gift buyers",Etsy reports wall-art decor +110% and gallery prints +80% for 'Everyday Exhibits'; IKEA finds 82% keep sentimental objects and eBay reports broad hobby reconnection.,Core adjacent — personalized functional decor for small sentimental collections,Measured envelope and item dimensions become a one-off exact-fit insert that mass products cannot economically match.,Object or card footprint; count; viewing angle; shelf footprint; label text; maximum item mass,recess size; pitch; angle; stop height; base depth; label; module count; motif,200,150,42,PLA or PETG,None,Moderate,Digital first; printed after fulfillment qualification,8-16,24-52,1,"Stable dry display only; no conservation, authentication, security, anti-theft, impact-protection or child-use claim.",91,Research batch 3,S01; S31; S34; S32,P0 research backlog,Validate one inert object or card set and print a contact/recess coupon before the complete display.,"metriMade candidate only; trend, price and demand remain hypotheses until German marketplace and customer validation.",28,24,24,13,89,Primary-source strength + signal magnitude + metriMade strategy fit + nonduplicate portfolio whitespace; components are directional planning judgments.,DIRECTIONAL PLANNING SCORE — NOT VALIDATED DEMAND,EXACT_FIT,Defined lightweight collectible footprint and a stable freestanding shelf or desk contact,E2 route: scaled orthogonal photo with one control dimension and recorded mass for each allowed object class.,"Candidate baseline: common 220 x 220 x 250 mm FFF envelope, PLA or PETG, support-free orientation; exact printer, filament product/color/batch, nozzle and process JSON remain UNKNOWN.","Fit/removal, contact-mark, tip/rocking, bump and label-legibility checks with inert dummy objects.",2,2,1,2,1,0,1,1,1,0,2,30.5,C2,R2,R2,R2,R2,R2,R2,"Purpose, exclusions, envelope, measurable inputs, critical-interface route, candidate process envelope and test method are specified; exact customer variant and complete process evidence remain open.",K1,E,B,LOW_UNKNOWN,CONCEPT_ONLY,G0 PASS; G1 PASS; G2 WARN; G3 FAIL; G4 PASS; G5 PASS; G6 PASS,C2 · R2 · K1 · Lane E · LOW_UNKNOWN,STRUCTURED RESEARCH PREFLIGHT R2 — NOT PRODUCT RELEASE APPROVAL,2026-08-31,1.0
SKU-281,Lapel-pin outfit-selection stand,Sentimental display and archive,New,Stage a small adult lapel-pin selection on customer-provided cards beside a wardrobe without garment attachment.,Stage a small adult lapel-pin selection on customer-provided cards beside a wardrobe without garment attachment.,"Adult collectors, travelers and memory-keeping gift buyers",Etsy reports wall-art decor +110% and gallery prints +80% for 'Everyday Exhibits'; IKEA finds 82% keep sentimental objects and eBay reports broad hobby reconnection.,Core adjacent — personalized functional decor for small sentimental collections,"Object footprint, viewing angle, label and visual motif can be personalized in a compact premium display without tooling.",Object or card footprint; count; viewing angle; shelf footprint; label text; maximum item mass,recess size; pitch; angle; stop height; base depth; label; module count; motif,160,100,130,PLA or PETG,None,Easy,Digital first; printed after fulfillment qualification,7-15,22-49,1,"Stable dry display only; no conservation, authentication, security, anti-theft, impact-protection or child-use claim.",89,Research batch 3,S01; S31; S34; S32,P0 research backlog,Validate one inert object or card set and print a contact/recess coupon before the complete display.,"metriMade candidate only; trend, price and demand remain hypotheses until German marketplace and customer validation.",28,24,24,11,87,Primary-source strength + signal magnitude + metriMade strategy fit + nonduplicate portfolio whitespace; components are directional planning judgments.,DIRECTIONAL PLANNING SCORE — NOT VALIDATED DEMAND,DISPLAY,Defined lightweight collectible footprint and a stable freestanding shelf or desk contact,E2 route: scaled orthogonal photo with one control dimension and recorded mass for each allowed object class.,"Candidate baseline: common 220 x 220 x 250 mm FFF envelope, PLA or PETG, support-free orientation; exact printer, filament product/color/batch, nozzle and process JSON remain UNKNOWN.","Fit/removal, contact-mark, tip/rocking, bump and label-legibility checks with inert dummy objects.",2,2,1,1,1,0,2,1,1,0,2,27.25,C2,R2,R2,R2,R2,R2,R2,"Purpose, exclusions, envelope, measurable inputs, critical-interface route, candidate process envelope and test method are specified; exact customer variant and complete process evidence remain open.",K1,E,B,LOW_UNKNOWN,CONCEPT_ONLY,G0 PASS; G1 PASS; G2 WARN; G3 FAIL; G4 PASS; G5 PASS; G6 PASS,C2 · R2 · K1 · Lane E · LOW_UNKNOWN,STRUCTURED RESEARCH PREFLIGHT R2 — NOT PRODUCT RELEASE APPROVAL,2026-08-31,1.0
SKU-282,Heirloom-jewelry story-card plinth,Sentimental display and archive,New,Display one lightweight jewelry item on its customer-provided card beside a personalized provenance note.,Display one lightweight jewelry item on its customer-provided card beside a personalized provenance note.,"Adult collectors, travelers and memory-keeping gift buyers",Etsy reports wall-art decor +110% and gallery prints +80% for 'Everyday Exhibits'; IKEA finds 82% keep sentimental objects and eBay reports broad hobby reconnection.,Core adjacent — personalized functional decor for small sentimental collections,"Object footprint, viewing angle, label and visual motif can be personalized in a compact premium display without tooling.",Object or card footprint; count; viewing angle; shelf footprint; label text; maximum item mass,recess size; pitch; angle; stop height; base depth; label; module count; motif,160,110,90,PLA or PETG,None,Easy,Digital first; printed after fulfillment qualification,7-15,22-49,1,"Stable dry display only; no conservation, authentication, security, anti-theft, impact-protection or child-use claim.",90,Research batch 3,S01; S31; S34; S32,P0 research backlog,Validate one inert object or card set and print a contact/recess coupon before the complete display.,"metriMade candidate only; trend, price and demand remain hypotheses until German marketplace and customer validation.",28,24,24,12,88,Primary-source strength + signal magnitude + metriMade strategy fit + nonduplicate portfolio whitespace; components are directional planning judgments.,DIRECTIONAL PLANNING SCORE — NOT VALIDATED DEMAND,DISPLAY,Defined lightweight collectible footprint and a stable freestanding shelf or desk contact,E2 route: scaled orthogonal photo with one control dimension and recorded mass for each allowed object class.,"Candidate baseline: common 220 x 220 x 250 mm FFF envelope, PLA or PETG, support-free orientation; exact printer, filament product/color/batch, nozzle and process JSON remain UNKNOWN.","Fit/removal, contact-mark, tip/rocking, bump and label-legibility checks with inert dummy objects.",2,2,1,1,1,0,2,1,1,0,2,27.25,C2,R2,R2,R2,R2,R2,R2,"Purpose, exclusions, envelope, measurable inputs, critical-interface route, candidate process envelope and test method are specified; exact customer variant and complete process evidence remain open.",K1,E,B,LOW_UNKNOWN,CONCEPT_ONLY,G0 PASS; G1 PASS; G2 WARN; G3 FAIL; G4 PASS; G5 PASS; G6 PASS,C2 · R2 · K1 · Lane E · LOW_UNKNOWN,STRUCTURED RESEARCH PREFLIGHT R2 — NOT PRODUCT RELEASE APPROVAL,2026-08-31,1.0
SKU-283,Souvenir-magnet tabletop display board,Sentimental display and archive,New,Display a small lightweight magnet collection on a customer-provided steel card in a freestanding frame.,Display a small lightweight magnet collection on a customer-provided steel card in a freestanding frame.,"Adult collectors, travelers and memory-keeping gift buyers",Etsy reports wall-art decor +110% and gallery prints +80% for 'Everyday Exhibits'; IKEA finds 82% keep sentimental objects and eBay reports broad hobby reconnection.,Core adjacent — personalized functional decor for small sentimental collections,"Object footprint, viewing angle, label and visual motif can be personalized in a compact premium display without tooling.",Object or card footprint; count; viewing angle; shelf footprint; label text; maximum item mass,recess size; pitch; angle; stop height; base depth; label; module count; motif,190,120,150,PLA or PETG,None,Easy,Digital first; printed after fulfillment qualification,7-15,22-49,1,"Stable dry display only; no conservation, authentication, security, anti-theft, impact-protection or child-use claim.",90,Research batch 3,S01; S31; S34; S32,P0 research backlog,Validate one inert object or card set and print a contact/recess coupon before the complete display.,"metriMade candidate only; trend, price and demand remain hypotheses until German marketplace and customer validation.",28,24,24,12,88,Primary-source strength + signal magnitude + metriMade strategy fit + nonduplicate portfolio whitespace; components are directional planning judgments.,DIRECTIONAL PLANNING SCORE — NOT VALIDATED DEMAND,DISPLAY,Defined lightweight collectible footprint and a stable freestanding shelf or desk contact,E2 route: scaled orthogonal photo with one control dimension and recorded mass for each allowed object class.,"Candidate baseline: common 220 x 220 x 250 mm FFF envelope, PLA or PETG, support-free orientation; exact printer, filament product/color/batch, nozzle and process JSON remain UNKNOWN.","Fit/removal, contact-mark, tip/rocking, bump and label-legibility checks with inert dummy objects.",2,2,1,1,1,0,2,1,1,0,2,27.25,C2,R2,R2,R2,R2,R2,R2,"Purpose, exclusions, envelope, measurable inputs, critical-interface route, candidate process envelope and test method are specified; exact customer variant and complete process evidence remain open.",K1,E,B,LOW_UNKNOWN,CONCEPT_ONLY,G0 PASS; G1 PASS; G2 WARN; G3 FAIL; G4 PASS; G5 PASS; G6 PASS,C2 · R2 · K1 · Lane E · LOW_UNKNOWN,STRUCTURED RESEARCH PREFLIGHT R2 — NOT PRODUCT RELEASE APPROVAL,2026-08-31,1.0
SKU-284,Today's-memory postcard stand,Sentimental display and archive,Variation of SKU-112,Show one selected postcard while storing a short rotation set behind it in a personalized desk stand.,Show one selected postcard while storing a short rotation set behind it in a personalized desk stand.,"Adult collectors, travelers and memory-keeping gift buyers",Etsy reports wall-art decor +110% and gallery prints +80% for 'Everyday Exhibits'; IKEA finds 82% keep sentimental objects and eBay reports broad hobby reconnection.,Core adjacent — personalized functional decor for small sentimental collections,"Object footprint, viewing angle, label and visual motif can be personalized in a compact premium display without tooling.",Object or card footprint; count; viewing angle; shelf footprint; label text; maximum item mass,recess size; pitch; angle; stop height; base depth; label; module count; motif,180,100,140,PLA or PETG,None,Easy,Digital first; printed after fulfillment qualification,7-15,22-49,1,"Stable dry display only; no conservation, authentication, security, anti-theft, impact-protection or child-use claim.",90,Research batch 3,S01; S31; S34; S32,P0 research backlog,Validate one inert object or card set and print a contact/recess coupon before the complete display.,"metriMade candidate only; trend, price and demand remain hypotheses until German marketplace and customer validation.",28,24,24,12,88,Primary-source strength + signal magnitude + metriMade strategy fit + nonduplicate portfolio whitespace; components are directional planning judgments.,DIRECTIONAL PLANNING SCORE — NOT VALIDATED DEMAND,DISPLAY,Defined lightweight collectible footprint and a stable freestanding shelf or desk contact,E2 route: scaled orthogonal photo with one control dimension and recorded mass for each allowed object class.,"Candidate baseline: common 220 x 220 x 250 mm FFF envelope, PLA or PETG, support-free orientation; exact printer, filament product/color/batch, nozzle and process JSON remain UNKNOWN.","Fit/removal, contact-mark, tip/rocking, bump and label-legibility checks with inert dummy objects.",2,2,1,1,1,0,2,1,1,0,2,27.25,C2,R2,R2,R2,R2,R2,R2,"Purpose, exclusions, envelope, measurable inputs, critical-interface route, candidate process envelope and test method are specified; exact customer variant and complete process evidence remain open.",K1,E,B,LOW_UNKNOWN,CONCEPT_ONLY,G0 PASS; G1 PASS; G2 WARN; G3 FAIL; G4 PASS; G5 PASS; G6 PASS,C2 · R2 · K1 · Lane E · LOW_UNKNOWN,STRUCTURED RESEARCH PREFLIGHT R2 — NOT PRODUCT RELEASE APPROVAL,2026-08-31,1.0
SKU-285,Collectible certificate-and-object plinth,Sentimental display and archive,New,Pair one lightweight object with its non-secure certificate card in a fitted shelf display.,Pair one lightweight object with its non-secure certificate card in a fitted shelf display.,"Adult collectors, travelers and memory-keeping gift buyers",Etsy reports wall-art decor +110% and gallery prints +80% for 'Everyday Exhibits'; IKEA finds 82% keep sentimental objects and eBay reports broad hobby reconnection.,Core adjacent — personalized functional decor for small sentimental collections,"Object footprint, viewing angle, label and visual motif can be personalized in a compact premium display without tooling.",Object or card footprint; count; viewing angle; shelf footprint; label text; maximum item mass,recess size; pitch; angle; stop height; base depth; label; module count; motif,200,140,110,PLA or PETG,None,Easy,Digital first; printed after fulfillment qualification,7-15,22-49,1,"Stable dry display only; no conservation, authentication, security, anti-theft, impact-protection or child-use claim.",91,Research batch 3,S01; S31; S34; S32,P0 research backlog,Validate one inert object or card set and print a contact/recess coupon before the complete display.,"metriMade candidate only; trend, price and demand remain hypotheses until German marketplace and customer validation.",28,24,24,13,89,Primary-source strength + signal magnitude + metriMade strategy fit + nonduplicate portfolio whitespace; components are directional planning judgments.,DIRECTIONAL PLANNING SCORE — NOT VALIDATED DEMAND,DISPLAY,Defined lightweight collectible footprint and a stable freestanding shelf or desk contact,E2 route: scaled orthogonal photo with one control dimension and recorded mass for each allowed object class.,"Candidate baseline: common 220 x 220 x 250 mm FFF envelope, PLA or PETG, support-free orientation; exact printer, filament product/color/batch, nozzle and process JSON remain UNKNOWN.","Fit/removal, contact-mark, tip/rocking, bump and label-legibility checks with inert dummy objects.",2,2,1,1,1,0,2,1,1,0,2,27.25,C2,R2,R2,R2,R2,R2,R2,"Purpose, exclusions, envelope, measurable inputs, critical-interface route, candidate process envelope and test method are specified; exact customer variant and complete process evidence remain open.",K1,E,B,LOW_UNKNOWN,CONCEPT_ONLY,G0 PASS; G1 PASS; G2 WARN; G3 FAIL; G4 PASS; G5 PASS; G6 PASS,C2 · R2 · K1 · Lane E · LOW_UNKNOWN,STRUCTURED RESEARCH PREFLIGHT R2 — NOT PRODUCT RELEASE APPROVAL,2026-08-31,1.0
SKU-286,Little-wins token staircase,Personalized celebration displays,New,Display personalized tokens for small completed goals in a compact stepped desk object.,Display personalized tokens for small completed goals in a compact stepped desk object.,"Adult gift, milestone, housewarming and small-event buyers",Michaels reports party decorations +125% and party banners doubled; Etsy reports petit cadeau +277% and strong just-because gifting behavior.,Core — useful personalized gifting and compact premium functional decor,"Object footprint, viewing angle, label and visual motif can be personalized in a compact premium display without tooling.","Card, photo or token size; item count; names/dates; viewing angle; desk or shelf footprint",slot size; count; angle; label; motif; base proportions; module spacing,170,100,100,PLA or PETG,None,Easy,Digital first; printed after fulfillment qualification,7-15,22-49,1,"Adult decorative desk or shelf display only; no child-use, structural, secure-storage, memorial-service or protection claim.",95,Research batch 3,S33; S01; S32,P0 research backlog,Approve one personalization proof and print a representative slot/text coupon before the complete display.,"metriMade candidate only; trend, price and demand remain hypotheses until German marketplace and customer validation.",26,30,24,13,93,Primary-source strength + signal magnitude + metriMade strategy fit + nonduplicate portfolio whitespace; components are directional planning judgments.,DIRECTIONAL PLANNING SCORE — NOT VALIDATED DEMAND,DISPLAY,"Defined lightweight card, photo or token format and a freestanding display footprint",E2 route: standard paper/photo preset or customer control dimension plus approved personalization proof.,"Candidate baseline: common 220 x 220 x 250 mm FFF envelope, PLA or PETG, support-free orientation; exact printer, filament product/color/batch, nozzle and process JSON remain UNKNOWN.","Format fit, tip/rocking, edge, label spelling, visual hierarchy and bump checks with blank media.",2,2,1,1,1,0,2,1,1,0,2,27.25,C2,R2,R2,R2,R2,R2,R2,"Purpose, exclusions, envelope, measurable inputs, critical-interface route, candidate process envelope and test method are specified; exact customer variant and complete process evidence remain open.",K1,E,B,LOW_UNKNOWN,CONCEPT_ONLY,G0 PASS; G1 PASS; G2 WARN; G3 FAIL; G4 PASS; G5 PASS; G6 PASS,C2 · R2 · K1 · Lane E · LOW_UNKNOWN,STRUCTURED RESEARCH PREFLIGHT R2 — NOT PRODUCT RELEASE APPROVAL,2026-08-31,1.0
SKU-287,Congratulations card-and-photo dock,Personalized celebration displays,New,Pair one greeting card and one photo in a personalized freestanding milestone display.,Pair one greeting card and one photo in a personalized freestanding milestone display.,"Adult gift, milestone, housewarming and small-event buyers",Michaels reports party decorations +125% and party banners doubled; Etsy reports petit cadeau +277% and strong just-because gifting behavior.,Core — useful personalized gifting and compact premium functional decor,"Object footprint, viewing angle, label and visual motif can be personalized in a compact premium display without tooling.","Card, photo or token size; item count; names/dates; viewing angle; desk or shelf footprint",slot size; count; angle; label; motif; base proportions; module spacing,180,110,120,PLA or PETG,None,Easy,Digital first; printed after fulfillment qualification,7-15,22-49,1,"Adult decorative desk or shelf display only; no child-use, structural, secure-storage, memorial-service or protection claim.",94,Research batch 3,S33; S01; S32,P0 research backlog,Approve one personalization proof and print a representative slot/text coupon before the complete display.,"metriMade candidate only; trend, price and demand remain hypotheses until German marketplace and customer validation.",26,30,24,12,92,Primary-source strength + signal magnitude + metriMade strategy fit + nonduplicate portfolio whitespace; components are directional planning judgments.,DIRECTIONAL PLANNING SCORE — NOT VALIDATED DEMAND,DISPLAY,"Defined lightweight card, photo or token format and a freestanding display footprint",E2 route: standard paper/photo preset or customer control dimension plus approved personalization proof.,"Candidate baseline: common 220 x 220 x 250 mm FFF envelope, PLA or PETG, support-free orientation; exact printer, filament product/color/batch, nozzle and process JSON remain UNKNOWN.","Format fit, tip/rocking, edge, label spelling, visual hierarchy and bump checks with blank media.",2,2,1,1,1,0,2,1,1,0,2,27.25,C2,R2,R2,R2,R2,R2,R2,"Purpose, exclusions, envelope, measurable inputs, critical-interface route, candidate process envelope and test method are specified; exact customer variant and complete process evidence remain open.",K1,E,B,LOW_UNKNOWN,CONCEPT_ONLY,G0 PASS; G1 PASS; G2 WARN; G3 FAIL; G4 PASS; G5 PASS; G6 PASS,C2 · R2 · K1 · Lane E · LOW_UNKNOWN,STRUCTURED RESEARCH PREFLIGHT R2 — NOT PRODUCT RELEASE APPROVAL,2026-08-31,1.0
SKU-288,Anniversary year-ring keepsake stand,Personalized celebration displays,New,Arrange removable year tokens around one lightweight keepsake in a personalized shelf stand.,Arrange removable year tokens around one lightweight keepsake in a personalized shelf stand.,"Adult gift, milestone, housewarming and small-event buyers",Michaels reports party decorations +125% and party banners doubled; Etsy reports petit cadeau +277% and strong just-because gifting behavior.,Core — useful personalized gifting and compact premium functional decor,"Object footprint, viewing angle, label and visual motif can be personalized in a compact premium display without tooling.","Card, photo or token size; item count; names/dates; viewing angle; desk or shelf footprint",slot size; count; angle; label; motif; base proportions; module spacing,180,140,80,PLA or PETG,None,Easy,Digital first; printed after fulfillment qualification,7-15,22-49,1,"Adult decorative desk or shelf display only; no child-use, structural, secure-storage, memorial-service or protection claim.",95,Research batch 3,S33; S01; S32,P0 research backlog,Approve one personalization proof and print a representative slot/text coupon before the complete display.,"metriMade candidate only; trend, price and demand remain hypotheses until German marketplace and customer validation.",26,30,24,13,93,Primary-source strength + signal magnitude + metriMade strategy fit + nonduplicate portfolio whitespace; components are directional planning judgments.,DIRECTIONAL PLANNING SCORE — NOT VALIDATED DEMAND,DISPLAY,"Defined lightweight card, photo or token format and a freestanding display footprint",E2 route: standard paper/photo preset or customer control dimension plus approved personalization proof.,"Candidate baseline: common 220 x 220 x 250 mm FFF envelope, PLA or PETG, support-free orientation; exact printer, filament product/color/batch, nozzle and process JSON remain UNKNOWN.","Format fit, tip/rocking, edge, label spelling, visual hierarchy and bump checks with blank media.",2,2,1,1,1,0,2,1,1,0,2,27.25,C2,R2,R2,R2,R2,R2,R2,"Purpose, exclusions, envelope, measurable inputs, critical-interface route, candidate process envelope and test method are specified; exact customer variant and complete process evidence remain open.",K1,E,B,LOW_UNKNOWN,CONCEPT_ONLY,G0 PASS; G1 PASS; G2 WARN; G3 FAIL; G4 PASS; G5 PASS; G6 PASS,C2 · R2 · K1 · Lane E · LOW_UNKNOWN,STRUCTURED RESEARCH PREFLIGHT R2 — NOT PRODUCT RELEASE APPROVAL,2026-08-31,1.0
SKU-289,New-home paint-chip and key memory plinth,Personalized celebration displays,New,Display one inactive spare key and selected dry paint-color cards as a housewarming keepsake.,Display one inactive spare key and selected dry paint-color cards as a housewarming keepsake.,"Adult gift, milestone, housewarming and small-event buyers",Michaels reports party decorations +125% and party banners doubled; Etsy reports petit cadeau +277% and strong just-because gifting behavior.,Core — useful personalized gifting and compact premium functional decor,"Object footprint, viewing angle, label and visual motif can be personalized in a compact premium display without tooling.","Card, photo or token size; item count; names/dates; viewing angle; desk or shelf footprint",slot size; count; angle; label; motif; base proportions; module spacing,170,110,100,PLA or PETG,None,Easy,Digital first; printed after fulfillment qualification,7-15,22-49,1,"Adult decorative desk or shelf display only; no child-use, structural, secure-storage, memorial-service or protection claim.",94,Research batch 3,S33; S01; S32,P0 research backlog,Approve one personalization proof and print a representative slot/text coupon before the complete display.,"metriMade candidate only; trend, price and demand remain hypotheses until German marketplace and customer validation.",26,30,24,12,92,Primary-source strength + signal magnitude + metriMade strategy fit + nonduplicate portfolio whitespace; components are directional planning judgments.,DIRECTIONAL PLANNING SCORE — NOT VALIDATED DEMAND,DISPLAY,"Defined lightweight card, photo or token format and a freestanding display footprint",E2 route: standard paper/photo preset or customer control dimension plus approved personalization proof.,"Candidate baseline: common 220 x 220 x 250 mm FFF envelope, PLA or PETG, support-free orientation; exact printer, filament product/color/batch, nozzle and process JSON remain UNKNOWN.","Format fit, tip/rocking, edge, label spelling, visual hierarchy and bump checks with blank media.",2,2,1,1,1,0,2,1,1,0,2,27.25,C2,R2,R2,R2,R2,R2,R2,"Purpose, exclusions, envelope, measurable inputs, critical-interface route, candidate process envelope and test method are specified; exact customer variant and complete process evidence remain open.",K1,E,B,LOW_UNKNOWN,CONCEPT_ONLY,G0 PASS; G1 PASS; G2 WARN; G3 FAIL; G4 PASS; G5 PASS; G6 PASS,C2 · R2 · K1 · Lane E · LOW_UNKNOWN,STRUCTURED RESEARCH PREFLIGHT R2 — NOT PRODUCT RELEASE APPROVAL,2026-08-31,1.0
SKU-290,Retirement message-card fan stand,Personalized celebration displays,New,Present a measured set of colleague message cards in a personalized freestanding fan layout.,Present a measured set of colleague message cards in a personalized freestanding fan layout.,"Adult gift, milestone, housewarming and small-event buyers",Michaels reports party decorations +125% and party banners doubled; Etsy reports petit cadeau +277% and strong just-because gifting behavior.,Core — useful personalized gifting and compact premium functional decor,"A small coordinated module family adapts count, spacing and labels to a defined collection while reusing one interface system.","Card, photo or token size; item count; names/dates; viewing angle; desk or shelf footprint",slot size; count; angle; label; motif; base proportions; module spacing,210,130,130,PLA or PETG,None,Moderate,Digital first; printed after fulfillment qualification,9-17,28-58,1,"Adult decorative desk or shelf display only; no child-use, structural, secure-storage, memorial-service or protection claim.",95,Research batch 3,S33; S01; S32,P0 research backlog,Approve one personalization proof and print a representative slot/text coupon before the complete display.,"metriMade candidate only; trend, price and demand remain hypotheses until German marketplace and customer validation.",26,30,24,13,93,Primary-source strength + signal magnitude + metriMade strategy fit + nonduplicate portfolio whitespace; components are directional planning judgments.,DIRECTIONAL PLANNING SCORE — NOT VALIDATED DEMAND,MODULAR,"Defined lightweight card, photo or token format and a freestanding display footprint",E2 route: standard paper/photo preset or customer control dimension plus approved personalization proof.,"Candidate baseline: common 220 x 220 x 250 mm FFF envelope, PLA or PETG, support-free orientation; exact printer, filament product/color/batch, nozzle and process JSON remain UNKNOWN.","Format fit, tip/rocking, edge, label spelling, visual hierarchy and bump checks with blank media.",2,1,2,2,2,0,1,1,1,0,2,34.25,C2,R2,R2,R2,R2,R2,R2,"Purpose, exclusions, envelope, measurable inputs, critical-interface route, candidate process envelope and test method are specified; exact customer variant and complete process evidence remain open.",K1,E,B,LOW_UNKNOWN,CONCEPT_ONLY,G0 PASS; G1 PASS; G2 WARN; G3 FAIL; G4 PASS; G5 PASS; G6 PASS,C2 · R2 · K1 · Lane E · LOW_UNKNOWN,STRUCTURED RESEARCH PREFLIGHT R2 — NOT PRODUCT RELEASE APPROVAL,2026-08-31,1.0
SKU-291,Graduation tassel-and-card plinth,Personalized celebration displays,New,Display one dry tassel and a graduation card on a stable personalized shelf plinth.,Display one dry tassel and a graduation card on a stable personalized shelf plinth.,"Adult gift, milestone, housewarming and small-event buyers",Michaels reports party decorations +125% and party banners doubled; Etsy reports petit cadeau +277% and strong just-because gifting behavior.,Core — useful personalized gifting and compact premium functional decor,"Object footprint, viewing angle, label and visual motif can be personalized in a compact premium display without tooling.","Card, photo or token size; item count; names/dates; viewing angle; desk or shelf footprint",slot size; count; angle; label; motif; base proportions; module spacing,180,120,120,PLA or PETG,None,Easy,Digital first; printed after fulfillment qualification,7-15,22-49,1,"Adult decorative desk or shelf display only; no child-use, structural, secure-storage, memorial-service or protection claim.",94,Research batch 3,S33; S01; S32,P0 research backlog,Approve one personalization proof and print a representative slot/text coupon before the complete display.,"metriMade candidate only; trend, price and demand remain hypotheses until German marketplace and customer validation.",26,30,24,12,92,Primary-source strength + signal magnitude + metriMade strategy fit + nonduplicate portfolio whitespace; components are directional planning judgments.,DIRECTIONAL PLANNING SCORE — NOT VALIDATED DEMAND,DISPLAY,"Defined lightweight card, photo or token format and a freestanding display footprint",E2 route: standard paper/photo preset or customer control dimension plus approved personalization proof.,"Candidate baseline: common 220 x 220 x 250 mm FFF envelope, PLA or PETG, support-free orientation; exact printer, filament product/color/batch, nozzle and process JSON remain UNKNOWN.","Format fit, tip/rocking, edge, label spelling, visual hierarchy and bump checks with blank media.",2,2,1,1,1,0,2,1,1,0,2,27.25,C2,R2,R2,R2,R2,R2,R2,"Purpose, exclusions, envelope, measurable inputs, critical-interface route, candidate process envelope and test method are specified; exact customer variant and complete process evidence remain open.",K1,E,B,LOW_UNKNOWN,CONCEPT_ONLY,G0 PASS; G1 PASS; G2 WARN; G3 FAIL; G4 PASS; G5 PASS; G6 PASS,C2 · R2 · K1 · Lane E · LOW_UNKNOWN,STRUCTURED RESEARCH PREFLIGHT R2 — NOT PRODUCT RELEASE APPROVAL,2026-08-31,1.0
SKU-292,Craft-night name-and-tool pod,Personalized celebration displays,Variation of SKU-160,Assign each adult guest a personalized pod for clean capped tools and a name card.,Assign each adult guest a personalized pod for clean capped tools and a name card.,"Adult gift, milestone, housewarming and small-event buyers",Michaels reports party decorations +125% and party banners doubled; Etsy reports petit cadeau +277% and strong just-because gifting behavior.,Core — useful personalized gifting and compact premium functional decor,"A small coordinated module family adapts count, spacing and labels to a defined collection while reusing one interface system.","Card, photo or token size; item count; names/dates; viewing angle; desk or shelf footprint",slot size; count; angle; label; motif; base proportions; module spacing,160,110,70,PLA or PETG,None,Moderate,Digital first; printed after fulfillment qualification,9-17,28-58,1,"Adult decorative desk or shelf display only; no child-use, structural, secure-storage, memorial-service or protection claim.",95,Research batch 3,S33; S01; S32,P0 research backlog,Approve one personalization proof and print a representative slot/text coupon before the complete display.,"metriMade candidate only; trend, price and demand remain hypotheses until German marketplace and customer validation.",26,30,24,13,93,Primary-source strength + signal magnitude + metriMade strategy fit + nonduplicate portfolio whitespace; components are directional planning judgments.,DIRECTIONAL PLANNING SCORE — NOT VALIDATED DEMAND,MODULAR,"Defined lightweight card, photo or token format and a freestanding display footprint",E2 route: standard paper/photo preset or customer control dimension plus approved personalization proof.,"Candidate baseline: common 220 x 220 x 250 mm FFF envelope, PLA or PETG, support-free orientation; exact printer, filament product/color/batch, nozzle and process JSON remain UNKNOWN.","Format fit, tip/rocking, edge, label spelling, visual hierarchy and bump checks with blank media.",2,1,2,2,2,0,1,1,1,0,2,34.25,C2,R2,R2,R2,R2,R2,R2,"Purpose, exclusions, envelope, measurable inputs, critical-interface route, candidate process envelope and test method are specified; exact customer variant and complete process evidence remain open.",K1,E,B,LOW_UNKNOWN,CONCEPT_ONLY,G0 PASS; G1 PASS; G2 WARN; G3 FAIL; G4 PASS; G5 PASS; G6 PASS,C2 · R2 · K1 · Lane E · LOW_UNKNOWN,STRUCTURED RESEARCH PREFLIGHT R2 — NOT PRODUCT RELEASE APPROVAL,2026-08-31,1.0
SKU-293,Birthday-month token row,Personalized celebration displays,New,Display removable named birthday tokens by month as a compact freestanding household reminder.,Display removable named birthday tokens by month as a compact freestanding household reminder.,"Adult gift, milestone, housewarming and small-event buyers",Michaels reports party decorations +125% and party banners doubled; Etsy reports petit cadeau +277% and strong just-because gifting behavior.,Core — useful personalized gifting and compact premium functional decor,"A small coordinated module family adapts count, spacing and labels to a defined collection while reusing one interface system.","Card, photo or token size; item count; names/dates; viewing angle; desk or shelf footprint",slot size; count; angle; label; motif; base proportions; module spacing,220,90,75,PLA or PETG,None,Moderate,Digital first; printed after fulfillment qualification,9-17,28-58,1,"Adult decorative desk or shelf display only; no child-use, structural, secure-storage, memorial-service or protection claim.",94,Research batch 3,S33; S01; S32,P0 research backlog,Approve one personalization proof and print a representative slot/text coupon before the complete display.,"metriMade candidate only; trend, price and demand remain hypotheses until German marketplace and customer validation.",26,30,24,12,92,Primary-source strength + signal magnitude + metriMade strategy fit + nonduplicate portfolio whitespace; components are directional planning judgments.,DIRECTIONAL PLANNING SCORE — NOT VALIDATED DEMAND,MODULAR,"Defined lightweight card, photo or token format and a freestanding display footprint",E2 route: standard paper/photo preset or customer control dimension plus approved personalization proof.,"Candidate baseline: common 220 x 220 x 250 mm FFF envelope, PLA or PETG, support-free orientation; exact printer, filament product/color/batch, nozzle and process JSON remain UNKNOWN.","Format fit, tip/rocking, edge, label spelling, visual hierarchy and bump checks with blank media.",2,1,2,2,2,0,1,1,1,0,2,34.25,C2,R2,R2,R2,R2,R2,R2,"Purpose, exclusions, envelope, measurable inputs, critical-interface route, candidate process envelope and test method are specified; exact customer variant and complete process evidence remain open.",K1,E,B,LOW_UNKNOWN,CONCEPT_ONLY,G0 PASS; G1 PASS; G2 WARN; G3 FAIL; G4 PASS; G5 PASS; G6 PASS,C2 · R2 · K1 · Lane E · LOW_UNKNOWN,STRUCTURED RESEARCH PREFLIGHT R2 — NOT PRODUCT RELEASE APPROVAL,2026-08-31,1.0
SKU-294,Friendship-memory note capsule stand,Personalized celebration displays,New,Hold customer-provided closed paper-note capsules in a personalized adult desk display.,Hold customer-provided closed paper-note capsules in a personalized adult desk display.,"Adult gift, milestone, housewarming and small-event buyers",Michaels reports party decorations +125% and party banners doubled; Etsy reports petit cadeau +277% and strong just-because gifting behavior.,Core — useful personalized gifting and compact premium functional decor,"Object footprint, viewing angle, label and visual motif can be personalized in a compact premium display without tooling.","Card, photo or token size; item count; names/dates; viewing angle; desk or shelf footprint",slot size; count; angle; label; motif; base proportions; module spacing,170,120,90,PLA or PETG,None,Easy,Digital first; printed after fulfillment qualification,7-15,22-49,1,"Adult decorative desk or shelf display only; no child-use, structural, secure-storage, memorial-service or protection claim.",93,Research batch 3,S33; S01; S32,P0 research backlog,Approve one personalization proof and print a representative slot/text coupon before the complete display.,"metriMade candidate only; trend, price and demand remain hypotheses until German marketplace and customer validation.",26,30,24,11,91,Primary-source strength + signal magnitude + metriMade strategy fit + nonduplicate portfolio whitespace; components are directional planning judgments.,DIRECTIONAL PLANNING SCORE — NOT VALIDATED DEMAND,DISPLAY,"Defined lightweight card, photo or token format and a freestanding display footprint",E2 route: standard paper/photo preset or customer control dimension plus approved personalization proof.,"Candidate baseline: common 220 x 220 x 250 mm FFF envelope, PLA or PETG, support-free orientation; exact printer, filament product/color/batch, nozzle and process JSON remain UNKNOWN.","Format fit, tip/rocking, edge, label spelling, visual hierarchy and bump checks with blank media.",2,2,1,1,1,0,2,1,1,0,2,27.25,C2,R2,R2,R2,R2,R2,R2,"Purpose, exclusions, envelope, measurable inputs, critical-interface route, candidate process envelope and test method are specified; exact customer variant and complete process evidence remain open.",K1,E,B,LOW_UNKNOWN,CONCEPT_ONLY,G0 PASS; G1 PASS; G2 WARN; G3 FAIL; G4 PASS; G5 PASS; G6 PASS,C2 · R2 · K1 · Lane E · LOW_UNKNOWN,STRUCTURED RESEARCH PREFLIGHT R2 — NOT PRODUCT RELEASE APPROVAL,2026-08-31,1.0
SKU-295,Hobby-milestone badge display,Personalized celebration displays,New,Present earned adult hobby badges or tokens by date in a personalized freestanding display.,Present earned adult hobby badges or tokens by date in a personalized freestanding display.,"Adult gift, milestone, housewarming and small-event buyers",Michaels reports party decorations +125% and party banners doubled; Etsy reports petit cadeau +277% and strong just-because gifting behavior.,Core — useful personalized gifting and compact premium functional decor,"Object footprint, viewing angle, label and visual motif can be personalized in a compact premium display without tooling.","Card, photo or token size; item count; names/dates; viewing angle; desk or shelf footprint",slot size; count; angle; label; motif; base proportions; module spacing,190,110,130,PLA or PETG,None,Easy,Digital first; printed after fulfillment qualification,7-15,22-49,1,"Adult decorative desk or shelf display only; no child-use, structural, secure-storage, memorial-service or protection claim.",95,Research batch 3,S33; S01; S32,P0 research backlog,Approve one personalization proof and print a representative slot/text coupon before the complete display.,"metriMade candidate only; trend, price and demand remain hypotheses until German marketplace and customer validation.",26,30,24,13,93,Primary-source strength + signal magnitude + metriMade strategy fit + nonduplicate portfolio whitespace; components are directional planning judgments.,DIRECTIONAL PLANNING SCORE — NOT VALIDATED DEMAND,DISPLAY,"Defined lightweight card, photo or token format and a freestanding display footprint",E2 route: standard paper/photo preset or customer control dimension plus approved personalization proof.,"Candidate baseline: common 220 x 220 x 250 mm FFF envelope, PLA or PETG, support-free orientation; exact printer, filament product/color/batch, nozzle and process JSON remain UNKNOWN.","Format fit, tip/rocking, edge, label spelling, visual hierarchy and bump checks with blank media.",2,2,1,1,1,0,2,1,1,0,2,27.25,C2,R2,R2,R2,R2,R2,R2,"Purpose, exclusions, envelope, measurable inputs, critical-interface route, candidate process envelope and test method are specified; exact customer variant and complete process evidence remain open.",K1,E,B,LOW_UNKNOWN,CONCEPT_ONLY,G0 PASS; G1 PASS; G2 WARN; G3 FAIL; G4 PASS; G5 PASS; G6 PASS,C2 · R2 · K1 · Lane E · LOW_UNKNOWN,STRUCTURED RESEARCH PREFLIGHT R2 — NOT PRODUCT RELEASE APPROVAL,2026-08-31,1.0
SKU-296,Fragrance-note card index stand,Fragrance ritual organization,New,Organize dry fragrance-note and preference cards by family in a premium labeled desk stand.,Organize dry fragrance-note and preference cards by family in a premium labeled desk stand.,Adult fragrance enthusiasts and beauty-collection organizers,"Pinterest Predicts 2026 reports niche-perfume collection +500%, perfume-layering combinations +125%, scent layering +75% and perfume notes +80%.",Core adjacent — premium personalized organization for a defined fragrance ritual,"A small coordinated module family adapts count, spacing and labels to a defined collection while reusing one interface system.","Card, cap, sealed sleeve or token dimensions; count; category labels; drawer or desk envelope",slot width; bore; pitch; count; divider height; labels; footprint; viewing angle,180,110,110,PLA or PETG,None,Moderate,Digital first; printed after fulfillment qualification,9-17,28-58,1,"Clean dry accessories or sealed cool consumer samples only; no direct formulation contact, leak containment, fire/heat, transport-protection or child-use claim.",95,Research batch 3,S36; S31; S32,P0 research backlog,Confirm one clean dry sample set and print the smallest slot/label coupon before the full organizer.,"metriMade candidate only; trend, price and demand remain hypotheses until German marketplace and customer validation.",28,30,23,12,93,Primary-source strength + signal magnitude + metriMade strategy fit + nonduplicate portfolio whitespace; components are directional planning judgments.,DIRECTIONAL PLANNING SCORE — NOT VALIDATED DEMAND,MODULAR,"Defined dry cards, caps, labels or sealed sample sleeves and a freestanding/drawer envelope",E2 route: measured dry samples or manufacturer nominal envelope plus one independent control dimension.,"Candidate baseline: common 220 x 220 x 250 mm FFF envelope, PLA or PETG, support-free orientation; exact printer, filament product/color/batch, nozzle and process JSON remain UNKNOWN.","Fit/removal, label, edge, tip and surface-mark checks with clean dry or inert samples only.",2,1,2,2,2,0,1,1,1,0,2,34.25,C2,R2,R2,R2,R2,R2,R2,"Purpose, exclusions, envelope, measurable inputs, critical-interface route, candidate process envelope and test method are specified; exact customer variant and complete process evidence remain open.",K1,E,B,LOW_UNKNOWN,CONCEPT_ONLY,G0 PASS; G1 PASS; G2 WARN; G3 FAIL; G4 PASS; G5 PASS; G6 PASS,C2 · R2 · K1 · Lane E · LOW_UNKNOWN,STRUCTURED RESEARCH PREFLIGHT R2 — NOT PRODUCT RELEASE APPROVAL,2026-08-31,1.0
SKU-297,Scent-layering recipe card file,Fragrance ritual organization,New,Store customer-written dry layering recipe cards by season or occasion without holding fragrance containers.,Store customer-written dry layering recipe cards by season or occasion without holding fragrance containers.,Adult fragrance enthusiasts and beauty-collection organizers,"Pinterest Predicts 2026 reports niche-perfume collection +500%, perfume-layering combinations +125%, scent layering +75% and perfume notes +80%.",Core adjacent — premium personalized organization for a defined fragrance ritual,"A small coordinated module family adapts count, spacing and labels to a defined collection while reusing one interface system.","Card, cap, sealed sleeve or token dimensions; count; category labels; drawer or desk envelope",slot width; bore; pitch; count; divider height; labels; footprint; viewing angle,180,120,100,PLA or PETG,None,Moderate,Digital first; printed after fulfillment qualification,9-17,28-58,1,"Clean dry accessories or sealed cool consumer samples only; no direct formulation contact, leak containment, fire/heat, transport-protection or child-use claim.",96,Research batch 3,S36; S31; S32,P0 research backlog,Confirm one clean dry sample set and print the smallest slot/label coupon before the full organizer.,"metriMade candidate only; trend, price and demand remain hypotheses until German marketplace and customer validation.",28,30,23,13,94,Primary-source strength + signal magnitude + metriMade strategy fit + nonduplicate portfolio whitespace; components are directional planning judgments.,DIRECTIONAL PLANNING SCORE — NOT VALIDATED DEMAND,MODULAR,"Defined dry cards, caps, labels or sealed sample sleeves and a freestanding/drawer envelope",E2 route: measured dry samples or manufacturer nominal envelope plus one independent control dimension.,"Candidate baseline: common 220 x 220 x 250 mm FFF envelope, PLA or PETG, support-free orientation; exact printer, filament product/color/batch, nozzle and process JSON remain UNKNOWN.","Fit/removal, label, edge, tip and surface-mark checks with clean dry or inert samples only.",2,1,2,2,2,0,1,1,1,0,2,34.25,C2,R2,R2,R2,R2,R2,R2,"Purpose, exclusions, envelope, measurable inputs, critical-interface route, candidate process envelope and test method are specified; exact customer variant and complete process evidence remain open.",K1,E,B,LOW_UNKNOWN,CONCEPT_ONLY,G0 PASS; G1 PASS; G2 WARN; G3 FAIL; G4 PASS; G5 PASS; G6 PASS,C2 · R2 · K1 · Lane E · LOW_UNKNOWN,STRUCTURED RESEARCH PREFLIGHT R2 — NOT PRODUCT RELEASE APPROVAL,2026-08-31,1.0
SKU-298,Sealed perfume-sample sleeve sorter,Fragrance ritual organization,New,Separate manufacturer-sealed cool sample sleeves by fragrance family in a measured drawer insert.,Separate manufacturer-sealed cool sample sleeves by fragrance family in a measured drawer insert.,Adult fragrance enthusiasts and beauty-collection organizers,"Pinterest Predicts 2026 reports niche-perfume collection +500%, perfume-layering combinations +125%, scent layering +75% and perfume notes +80%.",Core adjacent — premium personalized organization for a defined fragrance ritual,Measured envelope and item dimensions become a one-off exact-fit insert that mass products cannot economically match.,"Card, cap, sealed sleeve or token dimensions; count; category labels; drawer or desk envelope",slot width; bore; pitch; count; divider height; labels; footprint; viewing angle,200,150,42,PLA or PETG,None,Moderate,Digital first; printed after fulfillment qualification,8-16,24-52,1,"Clean dry accessories or sealed cool consumer samples only; no direct formulation contact, leak containment, fire/heat, transport-protection or child-use claim.",95,Research batch 3,S36; S31; S32,P0 research backlog,Confirm one clean dry sample set and print the smallest slot/label coupon before the full organizer.,"metriMade candidate only; trend, price and demand remain hypotheses until German marketplace and customer validation.",28,30,23,12,93,Primary-source strength + signal magnitude + metriMade strategy fit + nonduplicate portfolio whitespace; components are directional planning judgments.,DIRECTIONAL PLANNING SCORE — NOT VALIDATED DEMAND,EXACT_FIT,"Defined dry cards, caps, labels or sealed sample sleeves and a freestanding/drawer envelope",E2 route: measured dry samples or manufacturer nominal envelope plus one independent control dimension.,"Candidate baseline: common 220 x 220 x 250 mm FFF envelope, PLA or PETG, support-free orientation; exact printer, filament product/color/batch, nozzle and process JSON remain UNKNOWN.","Fit/removal, label, edge, tip and surface-mark checks with clean dry or inert samples only.",2,2,1,2,1,0,1,1,1,0,2,30.5,C2,R2,R2,R2,R2,R2,R2,"Purpose, exclusions, envelope, measurable inputs, critical-interface route, candidate process envelope and test method are specified; exact customer variant and complete process evidence remain open.",K1,E,B,LOW_UNKNOWN,CONCEPT_ONLY,G0 PASS; G1 PASS; G2 WARN; G3 FAIL; G4 PASS; G5 PASS; G6 PASS,C2 · R2 · K1 · Lane E · LOW_UNKNOWN,STRUCTURED RESEARCH PREFLIGHT R2 — NOT PRODUCT RELEASE APPROVAL,2026-08-31,1.0
SKU-299,Perfume-cap display tray,Fragrance ritual organization,New,Arrange clean dry removable perfume caps only by bottle or fragrance family in fitted shallow recesses.,Arrange clean dry removable perfume caps only by bottle or fragrance family in fitted shallow recesses.,Adult fragrance enthusiasts and beauty-collection organizers,"Pinterest Predicts 2026 reports niche-perfume collection +500%, perfume-layering combinations +125%, scent layering +75% and perfume notes +80%.",Core adjacent — premium personalized organization for a defined fragrance ritual,Measured envelope and item dimensions become a one-off exact-fit insert that mass products cannot economically match.,"Card, cap, sealed sleeve or token dimensions; count; category labels; drawer or desk envelope",slot width; bore; pitch; count; divider height; labels; footprint; viewing angle,190,140,32,PLA or PETG,None,Moderate,Digital first; printed after fulfillment qualification,8-16,24-52,1,"Clean dry accessories or sealed cool consumer samples only; no direct formulation contact, leak containment, fire/heat, transport-protection or child-use claim.",94,Research batch 3,S36; S31; S32,P0 research backlog,Confirm one clean dry sample set and print the smallest slot/label coupon before the full organizer.,"metriMade candidate only; trend, price and demand remain hypotheses until German marketplace and customer validation.",28,30,23,11,92,Primary-source strength + signal magnitude + metriMade strategy fit + nonduplicate portfolio whitespace; components are directional planning judgments.,DIRECTIONAL PLANNING SCORE — NOT VALIDATED DEMAND,EXACT_FIT,"Defined dry cards, caps, labels or sealed sample sleeves and a freestanding/drawer envelope",E2 route: measured dry samples or manufacturer nominal envelope plus one independent control dimension.,"Candidate baseline: common 220 x 220 x 250 mm FFF envelope, PLA or PETG, support-free orientation; exact printer, filament product/color/batch, nozzle and process JSON remain UNKNOWN.","Fit/removal, label, edge, tip and surface-mark checks with clean dry or inert samples only.",2,2,1,2,1,0,1,1,1,0,2,30.5,C2,R2,R2,R2,R2,R2,R2,"Purpose, exclusions, envelope, measurable inputs, critical-interface route, candidate process envelope and test method are specified; exact customer variant and complete process evidence remain open.",K1,E,B,LOW_UNKNOWN,CONCEPT_ONLY,G0 PASS; G1 PASS; G2 WARN; G3 FAIL; G4 PASS; G5 PASS; G6 PASS,C2 · R2 · K1 · Lane E · LOW_UNKNOWN,STRUCTURED RESEARCH PREFLIGHT R2 — NOT PRODUCT RELEASE APPROVAL,2026-08-31,1.0
SKU-300,Daily scent-selection token rail,Fragrance ritual organization,New,Use personalized dry tokens to plan a daily fragrance rotation without contacting bottles or formulations.,Use personalized dry tokens to plan a daily fragrance rotation without contacting bottles or formulations.,Adult fragrance enthusiasts and beauty-collection organizers,"Pinterest Predicts 2026 reports niche-perfume collection +500%, perfume-layering combinations +125%, scent layering +75% and perfume notes +80%.",Core adjacent — premium personalized organization for a defined fragrance ritual,"Object footprint, viewing angle, label and visual motif can be personalized in a compact premium display without tooling.","Card, cap, sealed sleeve or token dimensions; count; category labels; drawer or desk envelope",slot width; bore; pitch; count; divider height; labels; footprint; viewing angle,180,90,85,PLA or PETG,None,Easy,Digital first; printed after fulfillment qualification,7-15,22-49,1,"Clean dry accessories or sealed cool consumer samples only; no direct formulation contact, leak containment, fire/heat, transport-protection or child-use claim.",96,Research batch 3,S36; S31; S32,P0 research backlog,Confirm one clean dry sample set and print the smallest slot/label coupon before the full organizer.,"metriMade candidate only; trend, price and demand remain hypotheses until German marketplace and customer validation.",28,30,23,13,94,Primary-source strength + signal magnitude + metriMade strategy fit + nonduplicate portfolio whitespace; components are directional planning judgments.,DIRECTIONAL PLANNING SCORE — NOT VALIDATED DEMAND,DISPLAY,"Defined dry cards, caps, labels or sealed sample sleeves and a freestanding/drawer envelope",E2 route: measured dry samples or manufacturer nominal envelope plus one independent control dimension.,"Candidate baseline: common 220 x 220 x 250 mm FFF envelope, PLA or PETG, support-free orientation; exact printer, filament product/color/batch, nozzle and process JSON remain UNKNOWN.","Fit/removal, label, edge, tip and surface-mark checks with clean dry or inert samples only.",2,2,1,1,1,0,2,1,1,0,2,27.25,C2,R2,R2,R2,R2,R2,R2,"Purpose, exclusions, envelope, measurable inputs, critical-interface route, candidate process envelope and test method are specified; exact customer variant and complete process evidence remain open.",K1,E,B,LOW_UNKNOWN,CONCEPT_ONLY,G0 PASS; G1 PASS; G2 WARN; G3 FAIL; G4 PASS; G5 PASS; G6 PASS,C2 · R2 · K1 · Lane E · LOW_UNKNOWN,STRUCTURED RESEARCH PREFLIGHT R2 — NOT PRODUCT RELEASE APPROVAL,2026-08-31,1.0
