SKU_ID,Parent_SKU_ID,Product,Product_Family,Concept_Type,Purpose,Customer_Job,Target_Segment,Trend_Signal,Strategy_Fit,AM_Advantage,Customer_Inputs,Parametric_Variables,Max_L_mm,Max_W_mm,Max_H_mm,Primary_Material,Supports,Difficulty,Offer_Mode,Digital_Price_Band_EUR,Printed_Price_Band_EUR,Risk_Score,Risk_or_Limit,Opportunity_Score,Launch_Wave,Source_IDs,Design_Status,Next_Gate,Notes,Trend_Source_Strength_0_30,Trend_Signal_Magnitude_0_30,Trend_MetriMade_Fit_0_25,Trend_Whitespace_0_15,Trend_Score_0_100,Trend_Score_Basis,Trend_Score_Status,Preflight_Archetype,Interface_Source_IDs,Critical_Interface,Interface_Nominals,Evidence_Route,Interface_Evidence_Limit,Manufacturing_Baseline,Process_Profile_Refs,Verification_Plan,Acceptance_Criteria,REQ,CTX,PAR,INT,CPL,MOT,GEO,PHY,MAT,EXT,VER,PC_0_100,Complexity,R_Scope,R_Requirements,R_Critical_Interfaces,R_Manufacturing_Profile,R_Verification,Readiness,Readiness_Basis,Criticality,Current_Lane,Target_Lane_After_Evidence,Confidence,Design_Release,Hard_Gates,Preflight_Short,Preflight_Status,Assessed_On,Assessment_Version
SKU-301,SKU-005,iPhone 17 Pro no-case passive desk cradle,Named-device passive desk stands,Specific R3 variation of SKU-005,"Support one uncased 2025 iPhone 17 Pro on a stable dry desk in portrait or landscape while leaving Apple-defined camera, control, connector and radio keep-outs unobstructed.","Support one uncased 2025 iPhone 17 Pro on a stable dry desk in portrait or landscape while leaving Apple-defined camera, control, connector and radio keep-outs unobstructed.","Adults seeking precise, low-risk organization or display accessories",The parent passive-phone-stand opportunity scores 93; this variant narrows it to Apple's current iPhone 17 Pro dimensional drawing without treating specificity as new demand proof.,Core — exact named-format or named-product organization with a guided metriMade proposition,A named nominal interface can become a low-volume exact variant while the generic parent remains available for other dimensions.,Exact model confirmation: iPhone 17 Pro introduced 2025; uncased use only; portrait/landscape choice; optional label text,viewing angle; portrait/landscape stop; nominal clearance; base depth; label; keep-out margins,140,110,100,SUNLU PETG Black,None,Moderate,Digital first after physical qualification; printed later after fulfillment qualification,9-18,27-55,2,"Dry stationary adult desk use only; no charging, carry, vehicle, wall, impact-protection, RF-performance, security or child-use claim.",93,R3 advancement wave 1 — high trend / low complexity,S03; S05; S09; S11; S19; S37; S38; S53,P0 evidence-backed specific variant,"Create a drawing-derived keep-out coupon, inspect it, and test the exact uncased device before any compatibility wording or full stand.","Specific child of the generic passive phone stand; commercial release also needs Apple guideline and trademark review. Trend and opportunity remain directional; R3 is design-input maturity, not demand or product qualification.",29,28,25,11,93,Inherited from or calibrated to parent SKU-005 and kept separate from the new interface evidence; specificity does not count as demand proof.,INHERITED DIRECTIONAL PLANNING SCORE — NOT VALIDATED VARIANT DEMAND,EXACT_CRADLE,S37; S38,Uncased iPhone 17 Pro external envelope and Apple-defined accessory keep-outs,"Apple drawing dated 2025-09-09 plus official 71.9 x 150.0 x 8.75 mm body envelope; retain all drawing-defined camera, control, connector, magnetic and radio keep-outs.",E3 primary-source nominal data for the exact named variant; independent measurement and physical fit remain open.,"Apple nominal drawing only; no case, skin, tolerance stack, damaged device or future revision is covered, and Apple's terms/trademark rules require release review.",MM-R3-K3MAX-PETG-0P4-0P20-2026-08-31; flat stable base down; support-free,business/02-portfolio/research-r3-process-baseline.json,"Generate an interface coupon from the cited nominal drawing, inspect it dimensionally, then test free insertion/removal, stable support, keep-out clearance, surface marking and 100 placement cycles with the exact named product revision.",Coupon datums are within 0.30 mm; insertion requires no force; all declared keep-outs remain open; the item remains stable at 10 degrees base tilt; no visible marking or functional interference occurs after 100 cycles.,2,2,1,2,1,0,1,1,2,1,2,34.0,C2,R3,R3,R3,R3,R3,R3,"The exact variant, intended use and exclusions are fixed; critical interface nominals come from a cited primary source; one exact hashed printer/material/nozzle/orientation/process baseline is pinned; acceptance criteria and a coupon/prototype method are defined. Independent dimensional and physical validation is still missing, so readiness stops at R3.",K1,B,B,CONDITIONAL,GO_WITH_CONTROLS,G0 PASS; G1 PASS; G2 PASS; G3 PASS; G4 PASS; G5 PASS; G6 PASS,C2 · R3 · K1 · Lane B · CONDITIONAL,STRUCTURED SPECIFIC-VARIANT PREFLIGHT R3 — NOT PRODUCT RELEASE APPROVAL,2026-08-31,1.0
SKU-302,SKU-236,TRAVELER'S notebook Regular Black starter-kit desk bridge,Named-notebook desk organization,Specific R3 variation of SKU-236,"Park one current TRAVELER'S notebook Regular Black starter kit No.13714006 in a dry desk bridge without compressing its leather cover, elastic or bookmark.","Park one current TRAVELER'S notebook Regular Black starter kit No.13714006 in a dry desk bridge without compressing its leather cover, elastic or bookmark.","Adults seeking precise, low-risk organization or display accessories",The parent journaling concept scores 94; the current manufacturer starter-kit dimensions make this a measurable variant but do not prove variant demand.,Core — exact named-format or named-product organization with a guided metriMade proposition,A named nominal interface can become a low-volume exact variant while the generic parent remains available for other dimensions.,Exact starter-kit article No.13714006; closed cover; one supplied refill; optional pen-zone and label text,ledge clearance; back angle; open elastic keep-out; pen-zone count; label,170,120,105,SUNLU PETG Black,None,Moderate,Digital first after physical qualification; printed later after fulfillment qualification,9-18,27-55,1,"Dry stationary adult desk use only; no charging, carry, vehicle, wall, impact-protection, RF-performance, security or child-use claim.",94,R3 advancement wave 1 — high trend / low complexity,S36; S01; S32; S39; S53,P0 evidence-backed specific variant,"Print a 120 x 10 mm contact coupon and test the exact starter kit for free placement, elastic clearance and leather marking.","Specific child of the generic traveler-notebook template station; no other historical Regular-size envelope is implied. Trend and opportunity remain directional; R3 is design-input maturity, not demand or product qualification.",30,28,25,11,94,Inherited from or calibrated to parent SKU-236 and kept separate from the new interface evidence; specificity does not count as demand proof.,INHERITED DIRECTIONAL PLANNING SCORE — NOT VALIDATED VARIANT DEMAND,EXACT_CRADLE,S39,TRAVELER'S notebook Regular Black No.13714006 closed leather-cover envelope,Leather cover H220 x W120 x D10 mm; supplied refill H210 x W110 x D4 mm; all elastic and bookmark paths remain open.,E3 primary-source nominal data for the exact named variant; independent measurement and physical fit remain open.,Leather is compliant and may age or swell; only the named current black starter kit is in scope until a real sample closes tolerance and surface-contact evidence.,MM-R3-K3MAX-PETG-0P4-0P20-2026-08-31; flat stable base down; support-free,business/02-portfolio/research-r3-process-baseline.json,"Generate an interface coupon from the cited nominal drawing, inspect it dimensionally, then test free insertion/removal, stable support, keep-out clearance, surface marking and 100 placement cycles with the exact named product revision.",Coupon datums are within 0.30 mm; insertion requires no force; all declared keep-outs remain open; the item remains stable at 10 degrees base tilt; no visible marking or functional interference occurs after 100 cycles.,2,2,1,2,1,0,1,1,2,1,2,34.0,C2,R3,R3,R3,R3,R3,R3,"The exact variant, intended use and exclusions are fixed; critical interface nominals come from a cited primary source; one exact hashed printer/material/nozzle/orientation/process baseline is pinned; acceptance criteria and a coupon/prototype method are defined. Independent dimensional and physical validation is still missing, so readiness stops at R3.",K1,B,B,CONDITIONAL,GO_WITH_CONTROLS,G0 PASS; G1 PASS; G2 PASS; G3 PASS; G4 PASS; G5 PASS; G6 PASS,C2 · R3 · K1 · Lane B · CONDITIONAL,STRUCTURED SPECIFIC-VARIANT PREFLIGHT R3 — NOT PRODUCT RELEASE APPROVAL,2026-08-31,1.0
SKU-303,SKU-231,Field Notes Original Kraft 89 x 140 memo-book station,Named-notebook desk organization,Specific R3 variation of SKU-231,Register one closed Field Notes Original Kraft memo book against two loose desk datums for a repeatable writing and display position without clamping its spine.,Register one closed Field Notes Original Kraft memo book against two loose desk datums for a repeatable writing and display position without clamping its spine.,"Adults seeking precise, low-risk organization or display accessories",The parent analog-writing concept scores 94; the official Original Kraft dimensions enable a precise child variant without adding demand evidence.,Core — exact named-format or named-product organization with a guided metriMade proposition,A named nominal interface can become a low-volume exact variant while the generic parent remains available for other dimensions.,Field Notes Original Kraft 89 x 140 mm; left- or right-spine datum; optional label,datum clearance; desk angle; finger relief; label,175,115,55,SUNLU PETG Black,None,Easy,Digital first after physical qualification; printed later after fulfillment qualification,6-12,18-32,1,"Dry adult tabletop display only; no archival, impact-protection, security, child-use or wall/vehicle-use claim.",94,R3 advancement wave 1 — high trend / low complexity,S36; S01; S32; S40; S53,P0 evidence-backed specific variant,Print the two-datum corner coupon and verify one current Original Kraft book without clamping or cover marking.,"Specific child of the generic notebook desk bridge; no other Field Notes edition is implied. Trend and opportunity remain directional; R3 is design-input maturity, not demand or product qualification.",30,28,25,11,94,Inherited from or calibrated to parent SKU-231 and kept separate from the new interface evidence; specificity does not count as demand proof.,INHERITED DIRECTIONAL PLANNING SCORE — NOT VALIDATED VARIANT DEMAND,SIMPLE_DISPLAY,S40,Field Notes Original Kraft memo-book planform,"3.5 x 5.5 in, published as 89 x 140 mm; open top and spine side mean thickness is not a fit interface.",E3 primary-source nominal data for the exact named variant; independent measurement and physical fit remain open.,"Only the published planform is controlled; cover bow, corner wear and future edition changes remain physical-test variables.",MM-R3-K3MAX-PETG-0P4-0P20-2026-08-31; flat stable base down; support-free,business/02-portfolio/research-r3-process-baseline.json,"Inspect the source-defined planform, print one two-datum contact coupon, and verify free insertion/removal, edge condition, 10-degree bump stability and no visible marking on one real item.","All source-defined datums are within 0.30 mm on the coupon; the item inserts and removes without force, remains upright after a 10-degree base tilt, and shows no visible mark after 20 cycles.",1,1,1,1,0,0,1,0,1,1,1,17.5,C1,R3,R3,R3,R3,R3,R3,"The exact variant, intended use and exclusions are fixed; critical interface nominals come from a cited primary source; one exact hashed printer/material/nozzle/orientation/process baseline is pinned; acceptance criteria and a coupon/prototype method are defined. Independent dimensional and physical validation is still missing, so readiness stops at R3.",K1,B,B,CONDITIONAL,GO_WITH_CONTROLS,G0 PASS; G1 PASS; G2 PASS; G3 PASS; G4 PASS; G5 PASS; G6 PASS,C1 · R3 · K1 · Lane B · CONDITIONAL,STRUCTURED SPECIFIC-VARIANT PREFLIGHT R3 — NOT PRODUCT RELEASE APPROVAL,2026-08-31,1.0
SKU-304,SKU-287,instax mini 86 x 54 two-datum photo dock,Named instant-photo display,Specific R3 variation of SKU-287,Display one developed FUJIFILM instax mini print on an open-front two-datum desk dock without gripping or claiming archival protection.,Display one developed FUJIFILM instax mini print on an open-front two-datum desk dock without gripping or claiming archival protection.,"Adults seeking precise, low-risk organization or display accessories","The parent celebration photo dock scores 92; the official instax mini format creates an exact child interface, not separate demand proof.",Core — exact named-format or named-product organization with a guided metriMade proposition,A named nominal interface can become a low-volume exact variant while the generic parent remains available for other dimensions.,One fully developed dry instax mini print; portrait or landscape; optional name/date,orientation; datum clearance; viewing angle; label; base proportions,125,85,80,SUNLU PETG Black,None,Easy,Digital first after physical qualification; printed later after fulfillment qualification,6-12,18-32,1,"Dry adult tabletop display only; no archival, impact-protection, security, child-use or wall/vehicle-use claim.",92,R3 advancement wave 1 — high trend / low complexity,S33; S01; S32; S41; S53,P0 evidence-backed specific variant,"Print one 86 x 54 mm contact coupon and test a fully developed dry print for free removal, stability and marking.","Specific child of the generic card-and-photo dock; thickness is deliberately non-retaining. Trend and opportunity remain directional; R3 is design-input maturity, not demand or product qualification.",28,28,25,11,92,Inherited from or calibrated to parent SKU-287 and kept separate from the new interface evidence; specificity does not count as demand proof.,INHERITED DIRECTIONAL PLANNING SCORE — NOT VALIDATED VARIANT DEMAND,SIMPLE_DISPLAY,S41,Developed FUJIFILM instax mini photo planform,Film/photo format 86 x 54 mm; image area 62 x 46 mm; open front and side prevent thickness from becoming a fit-critical interface.,E3 primary-source nominal data for the exact named variant; independent measurement and physical fit remain open.,"No archival, fresh-development, chemical, UV or long-term storage claim; physical print flatness and surface marking remain unverified.",MM-R3-K3MAX-PETG-0P4-0P20-2026-08-31; flat stable base down; support-free,business/02-portfolio/research-r3-process-baseline.json,"Inspect the source-defined planform, print one two-datum contact coupon, and verify free insertion/removal, edge condition, 10-degree bump stability and no visible marking on one real item.","All source-defined datums are within 0.30 mm on the coupon; the item inserts and removes without force, remains upright after a 10-degree base tilt, and shows no visible mark after 20 cycles.",1,1,1,1,0,0,1,0,1,1,1,17.5,C1,R3,R3,R3,R3,R3,R3,"The exact variant, intended use and exclusions are fixed; critical interface nominals come from a cited primary source; one exact hashed printer/material/nozzle/orientation/process baseline is pinned; acceptance criteria and a coupon/prototype method are defined. Independent dimensional and physical validation is still missing, so readiness stops at R3.",K1,B,B,CONDITIONAL,GO_WITH_CONTROLS,G0 PASS; G1 PASS; G2 PASS; G3 PASS; G4 PASS; G5 PASS; G6 PASS,C1 · R3 · K1 · Lane B · CONDITIONAL,STRUCTURED SPECIFIC-VARIANT PREFLIGHT R3 — NOT PRODUCT RELEASE APPROVAL,2026-08-31,1.0
SKU-305,SKU-287,instax SQUARE 86 x 72 two-datum photo dock,Named instant-photo display,Specific R3 variation of SKU-287,Display one developed FUJIFILM instax SQUARE print on an open-front two-datum desk dock without gripping or claiming archival protection.,Display one developed FUJIFILM instax SQUARE print on an open-front two-datum desk dock without gripping or claiming archival protection.,"Adults seeking precise, low-risk organization or display accessories","The parent celebration photo dock scores 92; the official instax SQUARE format creates an exact child interface, not separate demand proof.",Core — exact named-format or named-product organization with a guided metriMade proposition,A named nominal interface can become a low-volume exact variant while the generic parent remains available for other dimensions.,One fully developed dry instax SQUARE print; optional name/date,datum clearance; viewing angle; label; base proportions,125,95,95,SUNLU PETG Black,None,Easy,Digital first after physical qualification; printed later after fulfillment qualification,6-12,18-32,1,"Dry adult tabletop display only; no archival, impact-protection, security, child-use or wall/vehicle-use claim.",92,R3 advancement wave 1 — high trend / low complexity,S33; S01; S32; S42; S53,P0 evidence-backed specific variant,"Print one 86 x 72 mm contact coupon and test a fully developed dry print for free removal, stability and marking.","Specific child of the generic card-and-photo dock; thickness is deliberately non-retaining. Trend and opportunity remain directional; R3 is design-input maturity, not demand or product qualification.",28,28,25,11,92,Inherited from or calibrated to parent SKU-287 and kept separate from the new interface evidence; specificity does not count as demand proof.,INHERITED DIRECTIONAL PLANNING SCORE — NOT VALIDATED VARIANT DEMAND,SIMPLE_DISPLAY,S42,Developed FUJIFILM instax SQUARE photo planform,Film/photo format 86 x 72 mm; image area 62 x 62 mm; open front and side prevent thickness from becoming a fit-critical interface.,E3 primary-source nominal data for the exact named variant; independent measurement and physical fit remain open.,"No archival, fresh-development, chemical, UV or long-term storage claim; physical print flatness and surface marking remain unverified.",MM-R3-K3MAX-PETG-0P4-0P20-2026-08-31; flat stable base down; support-free,business/02-portfolio/research-r3-process-baseline.json,"Inspect the source-defined planform, print one two-datum contact coupon, and verify free insertion/removal, edge condition, 10-degree bump stability and no visible marking on one real item.","All source-defined datums are within 0.30 mm on the coupon; the item inserts and removes without force, remains upright after a 10-degree base tilt, and shows no visible mark after 20 cycles.",1,1,1,1,0,0,1,0,1,1,1,17.5,C1,R3,R3,R3,R3,R3,R3,"The exact variant, intended use and exclusions are fixed; critical interface nominals come from a cited primary source; one exact hashed printer/material/nozzle/orientation/process baseline is pinned; acceptance criteria and a coupon/prototype method are defined. Independent dimensional and physical validation is still missing, so readiness stops at R3.",K1,B,B,CONDITIONAL,GO_WITH_CONTROLS,G0 PASS; G1 PASS; G2 PASS; G3 PASS; G4 PASS; G5 PASS; G6 PASS,C1 · R3 · K1 · Lane B · CONDITIONAL,STRUCTURED SPECIFIC-VARIANT PREFLIGHT R3 — NOT PRODUCT RELEASE APPROVAL,2026-08-31,1.0
SKU-306,SKU-287,instax WIDE 108 x 86 two-datum photo dock,Named instant-photo display,Specific R3 variation of SKU-287,Display one developed FUJIFILM instax WIDE print on an open-front two-datum desk dock without gripping or claiming archival protection.,Display one developed FUJIFILM instax WIDE print on an open-front two-datum desk dock without gripping or claiming archival protection.,"Adults seeking precise, low-risk organization or display accessories","The parent celebration photo dock scores 92; the official instax WIDE format creates an exact child interface, not separate demand proof.",Core — exact named-format or named-product organization with a guided metriMade proposition,A named nominal interface can become a low-volume exact variant while the generic parent remains available for other dimensions.,One fully developed dry instax WIDE print; portrait or landscape; optional name/date,orientation; datum clearance; viewing angle; label; base proportions,150,115,105,SUNLU PETG Black,None,Easy,Digital first after physical qualification; printed later after fulfillment qualification,6-12,18-32,1,"Dry adult tabletop display only; no archival, impact-protection, security, child-use or wall/vehicle-use claim.",92,R3 advancement wave 1 — high trend / low complexity,S33; S01; S32; S43; S53,P0 evidence-backed specific variant,"Print one 108 x 86 mm contact coupon and test a fully developed dry print for free removal, stability and marking.","Specific child of the generic card-and-photo dock; thickness is deliberately non-retaining. Trend and opportunity remain directional; R3 is design-input maturity, not demand or product qualification.",28,28,25,11,92,Inherited from or calibrated to parent SKU-287 and kept separate from the new interface evidence; specificity does not count as demand proof.,INHERITED DIRECTIONAL PLANNING SCORE — NOT VALIDATED VARIANT DEMAND,SIMPLE_DISPLAY,S43,Developed FUJIFILM instax WIDE photo planform,Film/photo format 108 x 86 mm; open front and side prevent thickness from becoming a fit-critical interface.,E3 primary-source nominal data for the exact named variant; independent measurement and physical fit remain open.,"No archival, fresh-development, chemical, UV or long-term storage claim; physical print flatness and surface marking remain unverified.",MM-R3-K3MAX-PETG-0P4-0P20-2026-08-31; flat stable base down; support-free,business/02-portfolio/research-r3-process-baseline.json,"Inspect the source-defined planform, print one two-datum contact coupon, and verify free insertion/removal, edge condition, 10-degree bump stability and no visible marking on one real item.","All source-defined datums are within 0.30 mm on the coupon; the item inserts and removes without force, remains upright after a 10-degree base tilt, and shows no visible mark after 20 cycles.",1,1,1,1,0,0,1,0,1,1,1,17.5,C1,R3,R3,R3,R3,R3,R3,"The exact variant, intended use and exclusions are fixed; critical interface nominals come from a cited primary source; one exact hashed printer/material/nozzle/orientation/process baseline is pinned; acceptance criteria and a coupon/prototype method are defined. Independent dimensional and physical validation is still missing, so readiness stops at R3.",K1,B,B,CONDITIONAL,GO_WITH_CONTROLS,G0 PASS; G1 PASS; G2 PASS; G3 PASS; G4 PASS; G5 PASS; G6 PASS,C1 · R3 · K1 · Lane B · CONDITIONAL,STRUCTURED SPECIFIC-VARIANT PREFLIGHT R3 — NOT PRODUCT RELEASE APPROVAL,2026-08-31,1.0
SKU-307,SKU-287,Polaroid i-Type 107 x 88 two-datum photo dock,Named instant-photo display,Specific R3 variation of SKU-287,Display one fully developed Polaroid i-Type print on an open-front two-datum desk dock without gripping or claiming archival protection.,Display one fully developed Polaroid i-Type print on an open-front two-datum desk dock without gripping or claiming archival protection.,"Adults seeking precise, low-risk organization or display accessories","The parent celebration photo dock scores 92; Polaroid's official i-Type dimensions create an exact child interface, not separate demand proof.",Core — exact named-format or named-product organization with a guided metriMade proposition,A named nominal interface can become a low-volume exact variant while the generic parent remains available for other dimensions.,One fully developed dry Polaroid i-Type print; optional name/date,datum clearance; viewing angle; label; base proportions,150,115,105,SUNLU PETG Black,None,Easy,Digital first after physical qualification; printed later after fulfillment qualification,6-12,18-32,1,"Dry adult tabletop display only; no archival, impact-protection, security, child-use or wall/vehicle-use claim.",92,R3 advancement wave 1 — high trend / low complexity,S33; S01; S32; S44; S53,P0 evidence-backed specific variant,"Print one 107 x 88 mm contact coupon and test a fully developed current i-Type print for free removal, stability and marking.","Specific child of the generic card-and-photo dock; no vintage-film fit or protection claim. Trend and opportunity remain directional; R3 is design-input maturity, not demand or product qualification.",28,28,25,11,92,Inherited from or calibrated to parent SKU-287 and kept separate from the new interface evidence; specificity does not count as demand proof.,INHERITED DIRECTIONAL PLANNING SCORE — NOT VALIDATED VARIANT DEMAND,SIMPLE_DISPLAY,S44,Developed Polaroid i-Type photo planform,Official format 107 x 88 mm; open front and side prevent media thickness from becoming a fit-critical interface.,E3 primary-source nominal data for the exact named variant; independent measurement and physical fit remain open.,"No archival, fresh-development, chemical, UV or long-term storage claim; current film is reported thicker than historical film and must be tested physically.",MM-R3-K3MAX-PETG-0P4-0P20-2026-08-31; flat stable base down; support-free,business/02-portfolio/research-r3-process-baseline.json,"Inspect the source-defined planform, print one two-datum contact coupon, and verify free insertion/removal, edge condition, 10-degree bump stability and no visible marking on one real item.","All source-defined datums are within 0.30 mm on the coupon; the item inserts and removes without force, remains upright after a 10-degree base tilt, and shows no visible mark after 20 cycles.",1,1,1,1,0,0,1,0,1,1,1,17.5,C1,R3,R3,R3,R3,R3,R3,"The exact variant, intended use and exclusions are fixed; critical interface nominals come from a cited primary source; one exact hashed printer/material/nozzle/orientation/process baseline is pinned; acceptance criteria and a coupon/prototype method are defined. Independent dimensional and physical validation is still missing, so readiness stops at R3.",K1,B,B,CONDITIONAL,GO_WITH_CONTROLS,G0 PASS; G1 PASS; G2 PASS; G3 PASS; G4 PASS; G5 PASS; G6 PASS,C1 · R3 · K1 · Lane B · CONDITIONAL,STRUCTURED SPECIFIC-VARIANT PREFLIGHT R3 — NOT PRODUCT RELEASE APPROVAL,2026-08-31,1.0
SKU-308,SKU-287,Polaroid Go 66.6 x 53.9 two-datum photo dock,Named instant-photo display,Specific R3 variation of SKU-287,Display one fully developed Polaroid Go print on an open-front two-datum desk dock without gripping or claiming archival protection.,Display one fully developed Polaroid Go print on an open-front two-datum desk dock without gripping or claiming archival protection.,"Adults seeking precise, low-risk organization or display accessories","The parent celebration photo dock scores 92; Polaroid's official Go dimensions create an exact child interface, not separate demand proof.",Core — exact named-format or named-product organization with a guided metriMade proposition,A named nominal interface can become a low-volume exact variant while the generic parent remains available for other dimensions.,One fully developed dry Polaroid Go print; optional name/date,datum clearance; viewing angle; label; base proportions,110,80,80,SUNLU PETG Black,None,Easy,Digital first after physical qualification; printed later after fulfillment qualification,6-12,18-32,1,"Dry adult tabletop display only; no archival, impact-protection, security, child-use or wall/vehicle-use claim.",92,R3 advancement wave 1 — high trend / low complexity,S33; S01; S32; S45; S53,P0 evidence-backed specific variant,"Print one 66.6 x 53.9 mm contact coupon and test a fully developed Go print for free removal, stability and marking.","Specific child of the generic card-and-photo dock; thickness is deliberately non-retaining. Trend and opportunity remain directional; R3 is design-input maturity, not demand or product qualification.",28,28,25,11,92,Inherited from or calibrated to parent SKU-287 and kept separate from the new interface evidence; specificity does not count as demand proof.,INHERITED DIRECTIONAL PLANNING SCORE — NOT VALIDATED VARIANT DEMAND,SIMPLE_DISPLAY,S45,Developed Polaroid Go photo planform,Official format 66.6 x 53.9 mm; image area 47 x 46 mm; open front and side prevent thickness from becoming a fit-critical interface.,E3 primary-source nominal data for the exact named variant; independent measurement and physical fit remain open.,"No archival, fresh-development, chemical, UV or long-term storage claim; physical print flatness and marking remain unverified.",MM-R3-K3MAX-PETG-0P4-0P20-2026-08-31; flat stable base down; support-free,business/02-portfolio/research-r3-process-baseline.json,"Inspect the source-defined planform, print one two-datum contact coupon, and verify free insertion/removal, edge condition, 10-degree bump stability and no visible marking on one real item.","All source-defined datums are within 0.30 mm on the coupon; the item inserts and removes without force, remains upright after a 10-degree base tilt, and shows no visible mark after 20 cycles.",1,1,1,1,0,0,1,0,1,1,1,17.5,C1,R3,R3,R3,R3,R3,R3,"The exact variant, intended use and exclusions are fixed; critical interface nominals come from a cited primary source; one exact hashed printer/material/nozzle/orientation/process baseline is pinned; acceptance criteria and a coupon/prototype method are defined. Independent dimensional and physical validation is still missing, so readiness stops at R3.",K1,B,B,CONDITIONAL,GO_WITH_CONTROLS,G0 PASS; G1 PASS; G2 PASS; G3 PASS; G4 PASS; G5 PASS; G6 PASS,C1 · R3 · K1 · Lane B · CONDITIONAL,STRUCTURED SPECIFIC-VARIANT PREFLIGHT R3 — NOT PRODUCT RELEASE APPROVAL,2026-08-31,1.0
SKU-309,SKU-225,DIN C6 114 x 162 empty-envelope vertical file,Standard-format correspondence organization,Specific R3 variation of SKU-225,"Keep empty DIN C6 envelopes upright in a loose open-top desk file with format labeling and finger access, without claiming postal accuracy or a fixed sheet capacity.","Keep empty DIN C6 envelopes upright in a loose open-top desk file with format labeling and finger access, without claiming postal accuracy or a fixed sheet capacity.","Adults seeking precise, low-risk organization or display accessories",The pen-pal/envelope parent scores 91; Deutsche Post's published C6 dimensions make the interface nominally complete but do not validate German product demand.,Core — exact named-format or named-product organization with a guided metriMade proposition,A named nominal interface can become a low-volume exact variant while the generic parent remains available for other dimensions.,Empty DIN C6 envelopes only; one 18 mm loose bay; optional category label,bay count; bay depth; finger relief; label; base depth,200,95,145,SUNLU PETG Black,None,Easy,Digital first after physical qualification; printed later after fulfillment qualification,6-12,18-32,1,"Dry adult tabletop display only; no archival, impact-protection, security, child-use or wall/vehicle-use claim.",91,R3 advancement wave 1 — high trend / low complexity,S36; S01; S32; S46; S53,P0 evidence-backed specific variant,"Print one C6 bay coupon and test at least three empty-envelope brands for free insertion, snagging and tip stability.","Specific child of the generic envelope-size file; capacity remains a measured option rather than a count promise. Trend and opportunity remain directional; R3 is design-input maturity, not demand or product qualification.",28,27,25,11,91,Inherited from or calibrated to parent SKU-225 and kept separate from the new interface evidence; specificity does not count as demand proof.,INHERITED DIRECTIONAL PLANNING SCORE — NOT VALIDATED VARIANT DEMAND,SIMPLE_DISPLAY,S46,DIN C6 empty-envelope planform,DIN C6 nominal 114 x 162 mm; one loose 18 mm open-top bay; no fixed envelope count or thickness fit claim.,E3 primary-source nominal data for the exact named variant; independent measurement and physical fit remain open.,"Paper thickness, closure, contents, bow and manufacturer tolerances vary; only empty C6 format and a loose bay are in scope.",MM-R3-K3MAX-PETG-0P4-0P20-2026-08-31; flat stable base down; support-free,business/02-portfolio/research-r3-process-baseline.json,"Inspect the source-defined planform, print one two-datum contact coupon, and verify free insertion/removal, edge condition, 10-degree bump stability and no visible marking on one real item.","All source-defined datums are within 0.30 mm on the coupon; the item inserts and removes without force, remains upright after a 10-degree base tilt, and shows no visible mark after 20 cycles.",1,1,1,1,0,0,1,0,1,1,1,17.5,C1,R3,R3,R3,R3,R3,R3,"The exact variant, intended use and exclusions are fixed; critical interface nominals come from a cited primary source; one exact hashed printer/material/nozzle/orientation/process baseline is pinned; acceptance criteria and a coupon/prototype method are defined. Independent dimensional and physical validation is still missing, so readiness stops at R3.",K1,B,B,CONDITIONAL,GO_WITH_CONTROLS,G0 PASS; G1 PASS; G2 PASS; G3 PASS; G4 PASS; G5 PASS; G6 PASS,C1 · R3 · K1 · Lane B · CONDITIONAL,STRUCTURED SPECIFIC-VARIANT PREFLIGHT R3 — NOT PRODUCT RELEASE APPROVAL,2026-08-31,1.0
SKU-310,SKU-211,Euro eight-denomination weekly sorting tray,Standardized coin organization,Specific R3 variation of SKU-211,"Sort circulating euro coins from 1 cent through 2 euro into eight labeled, open finger-access recesses during an adult weekly pocket-emptying routine.","Sort circulating euro coins from 1 cent through 2 euro into eight labeled, open finger-access recesses during an adult weekly pocket-emptying routine.","Adults seeking precise, low-risk organization or display accessories",The weekly pocket-purge parent scores 90; ECB coin dimensions make the child interface exact but do not create additional market evidence.,Core — exact named-format or named-product organization with a guided metriMade proposition,A named nominal interface can become a low-volume exact variant while the generic parent remains available for other dimensions.,Circulating euro coins; denomination set; optional labels; maximum 20 coins per open recess,recess layout; 0.60 mm nominal diameter clearance; finger notch; label; tray footprint,210,150,28,SUNLU PETG Black,None,Moderate,Digital first after physical qualification; printed later after fulfillment qualification,8-16,24-45,1,"Adult dry coin sorting only; no secure storage, authentication, counting-machine, child-use or financial-protection claim.",90,R3 advancement wave 1 — high trend / low complexity,S31; S32; S47; S53,P0 evidence-backed specific variant,Print the 50c/20c/5c tightest discrimination coupon and test worn circulating coins before the full eight-recess tray.,"Specific child of the generic weekly coin-and-receipt tray; denomination geometry is standardized while demand remains directional. Trend and opportunity remain directional; R3 is design-input maturity, not demand or product qualification.",28,27,24,11,90,Inherited from or calibrated to parent SKU-211 and kept separate from the new interface evidence; specificity does not count as demand proof.,INHERITED DIRECTIONAL PLANNING SCORE — NOT VALIDATED VARIANT DEMAND,COIN_TRAY,S47,Eight circulating euro-coin denomination envelopes,ECB nominal diameter/thickness in mm: 2 EUR 25.75/2.20; 1 EUR 23.25/2.33; 50c 24.25/2.38; 20c 22.25/2.14; 10c 19.75/1.93; 5c 21.25/1.67; 2c 18.75/1.67; 1c 16.25/1.67; open circular recesses use 0.60 mm diametral design clearance and finger notches.,E3 primary-source nominal data for the exact named variant; independent measurement and physical fit remain open.,"Nominal ECB dimensions do not replace physical checks across mints, wear and contamination; no authentication, secure-storage or automated-counting claim.",MM-R3-K3MAX-PETG-0P4-0P20-2026-08-31; flat stable base down; support-free,business/02-portfolio/research-r3-process-baseline.json,"Inspect every denomination recess, print the tightest three-recess coupon, and verify free placement/removal, denomination separation, tip stability and 100 sorting cycles with circulating euro coins.",Each denomination enters its labeled open recess without force and can be removed by finger notch; no coin enters a smaller-denomination recess; the loaded tray remains stable at 10 degrees and passes 100 sorting cycles without cracking.,2,1,1,2,1,0,2,1,1,1,2,32.75,C2,R3,R3,R3,R3,R3,R3,"The exact variant, intended use and exclusions are fixed; critical interface nominals come from a cited primary source; one exact hashed printer/material/nozzle/orientation/process baseline is pinned; acceptance criteria and a coupon/prototype method are defined. Independent dimensional and physical validation is still missing, so readiness stops at R3.",K1,B,B,CONDITIONAL,GO_WITH_CONTROLS,G0 PASS; G1 PASS; G2 PASS; G3 PASS; G4 PASS; G5 PASS; G6 PASS,C2 · R3 · K1 · Lane B · CONDITIONAL,STRUCTURED SPECIFIC-VARIANT PREFLIGHT R3 — NOT PRODUCT RELEASE APPROVAL,2026-08-31,1.0
SKU-311,SKU-038,Gamegenic Prime 66 x 91 single-card display rail,Named board-game card accessories,Specific R3 variation of SKU-038,Hold one card inside a current Gamegenic Prime 66 x 91 mm sleeve on an open-front tabletop rail for reading during adult play without retaining a deck or promising protection.,Hold one card inside a current Gamegenic Prime 66 x 91 mm sleeve on an open-front tabletop rail for reading during adult play without retaining a deck or promising protection.,"Adults seeking precise, low-risk organization or display accessories","The generic tabletop card-holder parent scores 76; the current Gamegenic Prime sleeve specification raises interface maturity, not trend or demand confidence.",Core — exact named-format or named-product organization with a guided metriMade proposition,A named nominal interface can become a low-volume exact variant while the generic parent remains available for other dimensions.,One current Gamegenic Prime 66 x 91 mm sleeved card; tabletop viewing angle; optional label,datum clearance; viewing angle; rail length; label; finger relief,130,85,75,SUNLU PETG Black,None,Easy,Digital first after physical qualification; printed later after fulfillment qualification,6-12,18-32,1,"Dry adult tabletop display only; no archival, impact-protection, security, child-use or wall/vehicle-use claim.",76,R3 advancement wave 2 — specific COTS/system interface,S01; S04; S11; S16; S48; S53,P0 evidence-backed specific variant,"Print one 66 x 91 mm two-datum coupon and test a current Prime sleeve for free insertion, visibility and marking.","Specific child of the generic tabletop card holder; no deck-capacity or protection claim. Trend and opportunity remain directional; R3 is design-input maturity, not demand or product qualification.",27,22,18,9,76,Inherited from or calibrated to parent SKU-038 and kept separate from the new interface evidence; specificity does not count as demand proof.,INHERITED DIRECTIONAL PLANNING SCORE — NOT VALIDATED VARIANT DEMAND,SIMPLE_DISPLAY,S48,One current Gamegenic Prime standard sleeved card planform,Prime sleeve 66 x 91 mm for cards up to 64 x 89 mm; open front and side mean card/sleeve stack thickness is not a fit interface.,E3 primary-source nominal data for the exact named variant; independent measurement and physical fit remain open.,"Only one current Prime-sleeved card is in scope; deck stacks, other sleeve lines, double sleeves and protective claims require separate variants.",MM-R3-K3MAX-PETG-0P4-0P20-2026-08-31; flat stable base down; support-free,business/02-portfolio/research-r3-process-baseline.json,"Inspect the source-defined planform, print one two-datum contact coupon, and verify free insertion/removal, edge condition, 10-degree bump stability and no visible marking on one real item.","All source-defined datums are within 0.30 mm on the coupon; the item inserts and removes without force, remains upright after a 10-degree base tilt, and shows no visible mark after 20 cycles.",1,1,1,1,0,0,1,0,1,1,1,17.5,C1,R3,R3,R3,R3,R3,R3,"The exact variant, intended use and exclusions are fixed; critical interface nominals come from a cited primary source; one exact hashed printer/material/nozzle/orientation/process baseline is pinned; acceptance criteria and a coupon/prototype method are defined. Independent dimensional and physical validation is still missing, so readiness stops at R3.",K1,B,B,CONDITIONAL,GO_WITH_CONTROLS,G0 PASS; G1 PASS; G2 PASS; G3 PASS; G4 PASS; G5 PASS; G6 PASS,C1 · R3 · K1 · Lane B · CONDITIONAL,STRUCTURED SPECIFIC-VARIANT PREFLIGHT R3 — NOT PRODUCT RELEASE APPROVAL,2026-08-31,1.0
SKU-312,SKU-220,AirTag 2nd-generation open-top desk display tile,Named keepsake and tracker display,Specific R3 variation of SKU-220,"Present one 2026 AirTag (2nd generation) in a shallow open-top adult desk tile without covering it, carrying it or claiming RF, speaker, battery, water or impact performance.","Present one 2026 AirTag (2nd generation) in a shallow open-top adult desk tile without covering it, carrying it or claiming RF, speaker, battery, water or impact performance.","Adults seeking precise, low-risk organization or display accessories",The sentimental-object rotation parent scores 92; Apple's 2026 dimensions define a new-revision child interface but do not prove variant demand.,Core — exact named-format or named-product organization with a guided metriMade proposition,A named nominal interface can become a low-volume exact variant while the generic parent remains available for other dimensions.,One AirTag 2nd generation introduced 2026; open tabletop display; optional label,diametral clearance; recess depth; finger notch; label; tile footprint,80,80,16,SUNLU PETG Black,None,Moderate,Digital first after physical qualification; printed later after fulfillment qualification,9-18,27-55,1,"Dry stationary adult desk use only; no charging, carry, vehicle, wall, impact-protection, RF-performance, security or child-use claim.",92,R3 advancement wave 1 — high trend / low complexity,S31; S32; S49; S53,P0 evidence-backed specific variant,"Print the 32.5 mm open recess coupon and test one exact second-generation AirTag for free removal, sound opening and surface marking.","Specific child of the generic sentimental-object rotation tray; explicitly excludes a protective or carry accessory. Trend and opportunity remain directional; R3 is design-input maturity, not demand or product qualification.",28,28,24,12,92,Inherited from or calibrated to parent SKU-220 and kept separate from the new interface evidence; specificity does not count as demand proof.,INHERITED DIRECTIONAL PLANNING SCORE — NOT VALIDATED VARIANT DEMAND,EXACT_CRADLE,S49,"AirTag (2nd generation, 2026) open-top circular envelope","Diameter 31.9 mm; height 8.0 mm; weight 11.8 g; open top, 0.60 mm diametral design clearance and a full finger notch.",E3 primary-source nominal data for the exact named variant; independent measurement and physical fit remain open.,"No first-generation interchangeability, retention, carry, loss prevention, RF, speaker, battery, water or impact claim; nominal dimensions lack production tolerances.",MM-R3-K3MAX-PETG-0P4-0P20-2026-08-31; flat stable base down; support-free,business/02-portfolio/research-r3-process-baseline.json,"Generate an interface coupon from the cited nominal drawing, inspect it dimensionally, then test free insertion/removal, stable support, keep-out clearance, surface marking and 100 placement cycles with the exact named product revision.",Coupon datums are within 0.30 mm; insertion requires no force; all declared keep-outs remain open; the item remains stable at 10 degrees base tilt; no visible marking or functional interference occurs after 100 cycles.,2,2,1,2,1,0,1,1,2,1,2,34.0,C2,R3,R3,R3,R3,R3,R3,"The exact variant, intended use and exclusions are fixed; critical interface nominals come from a cited primary source; one exact hashed printer/material/nozzle/orientation/process baseline is pinned; acceptance criteria and a coupon/prototype method are defined. Independent dimensional and physical validation is still missing, so readiness stops at R3.",K1,B,B,CONDITIONAL,GO_WITH_CONTROLS,G0 PASS; G1 PASS; G2 PASS; G3 PASS; G4 PASS; G5 PASS; G6 PASS,C2 · R3 · K1 · Lane B · CONDITIONAL,STRUCTURED SPECIFIC-VARIANT PREFLIGHT R3 — NOT PRODUCT RELEASE APPROVAL,2026-08-31,1.0
SKU-313,SKU-001,IKEA ALEX 004.735.46 upper-drawer modular inlay set,Named-system furniture organization,Specific R3 variation of SKU-001,Tile the nominal footprint evidenced by IKEA ALEX drawer unit 004.735.46 and companion insert 305.951.55 with removable dry desk-item modules while preserving the generic DrawerFit product separately.,Tile the nominal footprint evidenced by IKEA ALEX drawer unit 004.735.46 and companion insert 305.951.55 with removable dry desk-item modules while preserving the generic DrawerFit product separately.,"Adults seeking precise, low-risk organization or display accessories","The exact-fit drawer parent scores 96; the named ALEX unit and its official companion insert provide a high-priority nominal variant, not a cross-revision compatibility guarantee.",Core — exact named-format or named-product organization with a guided metriMade proposition,A named nominal interface can become a low-volume exact variant while the generic parent remains available for other dimensions.,IKEA ALEX article 004.735.46; exact drawer position; nominal companion-insert envelope; item list; optional labels,module grid; 517 x 297 x 47 mm maximum assembled envelope; seam clearance; compartment layout; finger relief; labels,210,198,47,SUNLU PETG Black,None,Moderate,Digital first after physical qualification; printed later after fulfillment qualification,16-32,55-120,2,"Adult dry removable organization only; no structural furniture, load-bearing, anti-tip, child-use or guaranteed cross-revision compatibility claim.",96,R3 advancement wave 2 — specific COTS/system interface,S05; S06; S11; S19; S31; S32; S50; S51; S53,P0 evidence-backed specific variant,"Print 296.3/297.0/297.7 mm width gauges and a 210 mm seam coupon, then measure one exact ALEX 004.735.46 unit before any compatibility wording.","Specific R3 child of generic DrawerFit; the existing ALEX measurement pilot remains at its current evidence level and is not silently upgraded. Trend and opportunity remain directional; R3 is design-input maturity, not demand or product qualification.",30,29,25,12,96,Inherited from or calibrated to parent SKU-001 and kept separate from the new interface evidence; specificity does not count as demand proof.,INHERITED DIRECTIONAL PLANNING SCORE — NOT VALIDATED VARIANT DEMAND,SYSTEM_INSERT,S50; S51,IKEA ALEX 004.735.46 drawer envelope represented by official companion insert 305.951.55,ALEX 004.735.46 published internal drawer depth 520 mm; companion insert 305.951.55 external L520 x W300 x H50 mm and explicitly intended for ALEX drawers; printed set stays inside a 517 x 297 x 47 mm design envelope and is split into common-bed modules.,E3 primary-source nominal data for the exact named variant; independent measurement and physical fit remain open.,"The 520 x 300 x 50 mm companion insert is an official nominal envelope proxy, not a unit-specific drawer tolerance; article, market, assembly and wear still require a three-value gauge.",MM-R3-K3MAX-PETG-0P4-0P20-2026-08-31; flat stable base down; support-free,business/02-portfolio/research-r3-process-baseline.json,"Build a three-value fit gauge around the official companion-product envelope, inspect every module and seam, then test the gauge and unloaded modular set in one exact host article before any compatibility statement.","The minus/nominal/plus gauge identifies a freely removable fit without rubbing; all modules remain inside the selected nominal envelope, seams stay below 0.50 mm under light hand pressure, the host closes normally, and 100 removal cycles cause no visible marking.",3,2,3,3,2,0,2,2,2,2,3,56.0,C3,R3,R3,R3,R3,R3,R3,"The exact variant, intended use and exclusions are fixed; critical interface nominals come from a cited primary source; one exact hashed printer/material/nozzle/orientation/process baseline is pinned; acceptance criteria and a coupon/prototype method are defined. Independent dimensional and physical validation is still missing, so readiness stops at R3.",K1,C,C,CONDITIONAL,GO_WITH_CONTROLS,G0 PASS; G1 PASS; G2 PASS; G3 PASS; G4 PASS; G5 PASS; G6 PASS,C3 · R3 · K1 · Lane C · CONDITIONAL,STRUCTURED SPECIFIC-VARIANT PREFLIGHT R3 — NOT PRODUCT RELEASE APPROVAL,2026-08-31,1.0
SKU-314,SKU-117,IKEA KALLAX 703.402.99 nominal-envelope divider matrix,Named-system furniture organization,Specific R3 variation of SKU-117,Create a removable multi-part divider matrix that stays inside the official KALLAX 703.402.99 insert envelope while preserving the generic cubby-divider concept for other furniture.,Create a removable multi-part divider matrix that stays inside the official KALLAX 703.402.99 insert envelope while preserving the generic cubby-divider concept for other furniture.,"Adults seeking precise, low-risk organization or display accessories",IKEA's storage signal and the named KALLAX companion insert support an 88-point directional planning score; this is not German product-level demand proof.,Core — exact named-format or named-product organization with a guided metriMade proposition,A named nominal interface can become a low-volume exact variant while the generic parent remains available for other dimensions.,KALLAX host and country/article confirmation; nominal 703.402.99 envelope; collection-item sizes; divider layout; labels,module split; 327 x 375 x 327 mm assembled envelope; seam clearance; cell count; access relief; labels,210,190,210,SUNLU PETG Black,None,Moderate,Digital first after physical qualification; printed later after fulfillment qualification,16-32,55-120,2,"Adult dry removable organization only; no structural furniture, load-bearing, anti-tip, child-use or guaranteed cross-revision compatibility claim.",88,R3 advancement wave 2 — specific COTS/system interface,S31; S11; S19; S32; S52; S53,P0 evidence-backed specific variant,"Print 326.3/327.0/327.7 mm span gauges and one module seam, then test one exact KALLAX unit before any compatibility wording.","Specific R3 child of the generic cubby divider; the broad KALLAX family and internal variants remain outside the claim. Trend and opportunity remain directional; R3 is design-input maturity, not demand or product qualification.",30,25,25,8,88,Inherited from or calibrated to parent SKU-117 and kept separate from the new interface evidence; specificity does not count as demand proof.,INHERITED DIRECTIONAL PLANNING SCORE — NOT VALIDATED VARIANT DEMAND,SYSTEM_INSERT,S52,KALLAX cubby envelope represented by official insert 703.402.99,Official KALLAX insert 703.402.99 external W330 x D380 x H330 mm and explicitly intended for KALLAX; divider assembly stays within a 327 x 375 x 327 mm design envelope and is split into common-bed modules.,E3 primary-source nominal data for the exact named variant; independent measurement and physical fit remain open.,"The official insert envelope is a nominal compatibility proxy, not a unit-specific cubby tolerance; shelf squareness, finish, revision and assembly variation require a three-value gauge.",MM-R3-K3MAX-PETG-0P4-0P20-2026-08-31; flat stable base down; support-free,business/02-portfolio/research-r3-process-baseline.json,"Build a three-value fit gauge around the official companion-product envelope, inspect every module and seam, then test the gauge and unloaded modular set in one exact host article before any compatibility statement.","The minus/nominal/plus gauge identifies a freely removable fit without rubbing; all modules remain inside the selected nominal envelope, seams stay below 0.50 mm under light hand pressure, the host closes normally, and 100 removal cycles cause no visible marking.",3,2,3,3,2,0,2,2,2,2,3,56.0,C3,R3,R3,R3,R3,R3,R3,"The exact variant, intended use and exclusions are fixed; critical interface nominals come from a cited primary source; one exact hashed printer/material/nozzle/orientation/process baseline is pinned; acceptance criteria and a coupon/prototype method are defined. Independent dimensional and physical validation is still missing, so readiness stops at R3.",K1,C,C,CONDITIONAL,GO_WITH_CONTROLS,G0 PASS; G1 PASS; G2 PASS; G3 PASS; G4 PASS; G5 PASS; G6 PASS,C3 · R3 · K1 · Lane C · CONDITIONAL,STRUCTURED SPECIFIC-VARIANT PREFLIGHT R3 — NOT PRODUCT RELEASE APPROVAL,2026-08-31,1.0
SKU-501,SKU-130,IKEA BILLY 002.638.50 80 cm shelf gift-wrap roll end-support pair,Named-shelf roll retention,Specific R3 variation of SKU-130,Stop dry gift-wrap rolls sliding or telescoping on one assembled IKEA BILLY 80 x 28 cm bookcase shelf using a removable end-support pair that does not modify the host.,Stop dry gift-wrap rolls sliding or telescoping on one assembled IKEA BILLY 80 x 28 cm bookcase shelf using a removable end-support pair that does not modify the host.,"Adults seeking precise, low-risk organization or display accessories",The parent gift-wrap roll support scores 99; naming the BILLY 80 host fixes a measurable envelope but adds no separate variant demand proof.,Core — exact named-format or named-product organization with a guided metriMade proposition,A named nominal interface can become a low-volume exact variant while the generic parent remains available for other dimensions.,Exact host article 002.638.50; roll count; roll diameters; access side; optional label text,cradle radius; support height; foot depth; divider spacing; label,210,180,140,SUNLU PETG Black,None,Moderate,Digital first after physical qualification; printed later after fulfillment qualification,8-15,24-46,1,"Light dry paper rolls on an assembled named shelf only; no wall, overhead, structural, anti-tip, heavy-vinyl-roll or child-use claim.",88,R3 advancement wave 1 — high trend / low complexity,S33; S31; S11; S19; S32; S62; S53,P0 evidence-backed specific variant,"Print a 280 mm depth gauge and one end support, then measure the real inner shelf span of one assembled unit before any BILLY compatibility wording.","Specific child of the generic roll end support; IKEA trademarks and the broad BILLY family stay outside the claim. Trend and opportunity remain directional; R3 is design-input maturity, not demand or product qualification.",30,30,25,14,99,Inherited from or calibrated to parent SKU-130 and kept separate from the new interface evidence; specificity does not count as demand proof.,INHERITED DIRECTIONAL PLANNING SCORE — NOT VALIDATED VARIANT DEMAND,HOST_SHELF_STOP,S62,"IKEA BILLY bookcase shelf envelope, article 002.638.50","IKEA publishes width 80 cm, depth 28 cm, height 202 cm and max 30 kg per shelf for article 002.638.50; the support pair is dimensioned to the published 280 mm shelf depth and takes 800 mm as the outer span reference.",E3 primary-source nominal data for the exact named variant; independent measurement and physical fit remain open.,"IKEA publishes the article identity and its nominal outer dimensions only; inner span, panel thickness, assembly tolerance, shelf deflection, national variants and future article revisions are not published and must be gauged on one physical unit before any compatibility wording.",MM-R3-K3MAX-PETG-0P4-0P20-2026-08-31; flat stable base down; support-free,business/02-portfolio/research-r3-process-baseline.json,"Print a published-envelope span gauge and one end-support pair, inspect both against the cited host dimensions, then load the exact named host shelf with the declared roll count and check sliding, telescoping, shelf marking and 50 load/unload cycles.","The span gauge matches the cited host dimension within 0.50 mm; a loaded roll neither slides nor telescopes at a 5-degree shelf tilt; the support does not mark the shelf surface; and 50 load/unload cycles cause no crack, creep or loss of position.",2,2,1,2,1,0,1,2,1,1,2,34.75,C2,R3,R3,R3,R3,R3,R3,"The exact variant, intended use and exclusions are fixed; critical interface nominals come from a cited primary source; one exact hashed printer/material/nozzle/orientation/process baseline is pinned; acceptance criteria and a coupon/prototype method are defined. Independent dimensional and physical validation is still missing, so readiness stops at R3.",K1,B,B,CONDITIONAL,GO_WITH_CONTROLS,G0 PASS; G1 PASS; G2 PASS; G3 PASS; G4 PASS; G5 PASS; G6 PASS,C2 · R3 · K1 · Lane B · CONDITIONAL,STRUCTURED SPECIFIC-VARIANT PREFLIGHT R3 — NOT PRODUCT RELEASE APPROVAL,2026-09-04,1.0
SKU-502,SKU-130,IKEA BILLY 502.638.38 40 cm shelf gift-wrap roll end-support pair,Named-shelf roll retention,Specific R3 variation of SKU-130,Stop dry gift-wrap rolls sliding or telescoping on one assembled IKEA BILLY 40 x 28 cm bookcase shelf using a removable end-support pair that does not modify the host.,Stop dry gift-wrap rolls sliding or telescoping on one assembled IKEA BILLY 40 x 28 cm bookcase shelf using a removable end-support pair that does not modify the host.,"Adults seeking precise, low-risk organization or display accessories",The parent gift-wrap roll support scores 99; the narrow BILLY 40 host is the small-shelf sibling of SKU-501 and carries no separate demand proof.,Core — exact named-format or named-product organization with a guided metriMade proposition,A named nominal interface can become a low-volume exact variant while the generic parent remains available for other dimensions.,Exact host article 502.638.38; roll count; roll diameters; access side; optional label text,cradle radius; support height; foot depth; divider spacing; label,210,180,140,SUNLU PETG Black,None,Moderate,Digital first after physical qualification; printed later after fulfillment qualification,8-15,24-46,1,"Light dry paper rolls on an assembled named shelf only; no wall, overhead, structural, anti-tip, heavy-vinyl-roll or child-use claim.",88,R3 advancement wave 1 — high trend / low complexity,S33; S31; S11; S19; S32; S63; S53,P0 evidence-backed specific variant,"Print a 280 mm depth gauge and one end support, then measure the real inner shelf span of one assembled unit before any BILLY compatibility wording.","Narrow-shelf sibling of SKU-501; the short span makes single-roll retention the primary case. Trend and opportunity remain directional; R3 is design-input maturity, not demand or product qualification.",30,30,25,14,99,Inherited from or calibrated to parent SKU-130 and kept separate from the new interface evidence; specificity does not count as demand proof.,INHERITED DIRECTIONAL PLANNING SCORE — NOT VALIDATED VARIANT DEMAND,HOST_SHELF_STOP,S63,"IKEA BILLY bookcase shelf envelope, article 502.638.38","IKEA publishes width 40 cm, depth 28 cm and height 202 cm for article 502.638.38; the support pair is dimensioned to the published 280 mm shelf depth and takes 400 mm as the outer span reference.",E3 primary-source nominal data for the exact named variant; independent measurement and physical fit remain open.,"IKEA publishes the article identity and its nominal outer dimensions only; inner span, panel thickness, assembly tolerance, shelf deflection, national variants and future article revisions are not published and must be gauged on one physical unit before any compatibility wording.",MM-R3-K3MAX-PETG-0P4-0P20-2026-08-31; flat stable base down; support-free,business/02-portfolio/research-r3-process-baseline.json,"Print a published-envelope span gauge and one end-support pair, inspect both against the cited host dimensions, then load the exact named host shelf with the declared roll count and check sliding, telescoping, shelf marking and 50 load/unload cycles.","The span gauge matches the cited host dimension within 0.50 mm; a loaded roll neither slides nor telescopes at a 5-degree shelf tilt; the support does not mark the shelf surface; and 50 load/unload cycles cause no crack, creep or loss of position.",2,2,1,2,1,0,1,2,1,1,2,34.75,C2,R3,R3,R3,R3,R3,R3,"The exact variant, intended use and exclusions are fixed; critical interface nominals come from a cited primary source; one exact hashed printer/material/nozzle/orientation/process baseline is pinned; acceptance criteria and a coupon/prototype method are defined. Independent dimensional and physical validation is still missing, so readiness stops at R3.",K1,B,B,CONDITIONAL,GO_WITH_CONTROLS,G0 PASS; G1 PASS; G2 PASS; G3 PASS; G4 PASS; G5 PASS; G6 PASS,C2 · R3 · K1 · Lane B · CONDITIONAL,STRUCTURED SPECIFIC-VARIANT PREFLIGHT R3 — NOT PRODUCT RELEASE APPROVAL,2026-09-04,1.0
SKU-503,SKU-130,IKEA IVAR 303.181.63 83 x 30 cm shelf gift-wrap roll end-support pair,Named-shelf roll retention,Specific R3 variation of SKU-130,Stop dry gift-wrap rolls sliding or telescoping on one IKEA IVAR 83 x 30 cm pine shelf using a removable end-support pair that does not modify the host.,Stop dry gift-wrap rolls sliding or telescoping on one IKEA IVAR 83 x 30 cm pine shelf using a removable end-support pair that does not modify the host.,"Adults seeking precise, low-risk organization or display accessories",The parent gift-wrap roll support scores 99; the open IVAR shelf is a measurable craft-room host and adds no separate variant demand proof.,Core — exact named-format or named-product organization with a guided metriMade proposition,A named nominal interface can become a low-volume exact variant while the generic parent remains available for other dimensions.,Exact host article 303.181.63; roll count; roll diameters; access side; optional label text,cradle radius; board-clamp depth; support height; divider spacing; label,210,180,140,SUNLU PETG Black,None,Moderate,Digital first after physical qualification; printed later after fulfillment qualification,8-15,24-46,1,"Light dry paper rolls on an assembled named shelf only; no wall, overhead, structural, anti-tip, heavy-vinyl-roll or child-use claim.",88,R3 advancement wave 1 — high trend / low complexity,S33; S31; S11; S19; S32; S64; S53,P0 evidence-backed specific variant,"Print an 18 mm board-thickness gauge and one end support, then test grip and roll retention on one real IVAR board before any compatibility wording.","Open-shelf sibling of the BILLY children; the exposed board edge allows a clamped rather than a spanning support. Trend and opportunity remain directional; R3 is design-input maturity, not demand or product qualification.",30,30,25,14,99,Inherited from or calibrated to parent SKU-130 and kept separate from the new interface evidence; specificity does not count as demand proof.,INHERITED DIRECTIONAL PLANNING SCORE — NOT VALIDATED VARIANT DEMAND,HOST_SHELF_STOP,S64,"IKEA IVAR shelf envelope, article 303.181.63","IKEA publishes width 83 cm, depth 30 cm, thickness 1.8 cm and max load 35 kg for article 303.181.63; the support pair is dimensioned to the published 300 mm depth and 18 mm board thickness.",E3 primary-source nominal data for the exact named variant; independent measurement and physical fit remain open.,"IKEA publishes the article identity and its nominal outer dimensions only; inner span, panel thickness, assembly tolerance, shelf deflection, national variants and future article revisions are not published and must be gauged on one physical unit before any compatibility wording. Solid pine also moves with humidity, so board thickness is a seasonal variable.",MM-R3-K3MAX-PETG-0P4-0P20-2026-08-31; flat stable base down; support-free,business/02-portfolio/research-r3-process-baseline.json,"Print a published-envelope span gauge and one end-support pair, inspect both against the cited host dimensions, then load the exact named host shelf with the declared roll count and check sliding, telescoping, shelf marking and 50 load/unload cycles.","The span gauge matches the cited host dimension within 0.50 mm; a loaded roll neither slides nor telescopes at a 5-degree shelf tilt; the support does not mark the shelf surface; and 50 load/unload cycles cause no crack, creep or loss of position.",2,2,1,2,1,0,1,2,1,1,2,34.75,C2,R3,R3,R3,R3,R3,R3,"The exact variant, intended use and exclusions are fixed; critical interface nominals come from a cited primary source; one exact hashed printer/material/nozzle/orientation/process baseline is pinned; acceptance criteria and a coupon/prototype method are defined. Independent dimensional and physical validation is still missing, so readiness stops at R3.",K1,B,B,CONDITIONAL,GO_WITH_CONTROLS,G0 PASS; G1 PASS; G2 PASS; G3 PASS; G4 PASS; G5 PASS; G6 PASS,C2 · R3 · K1 · Lane B · CONDITIONAL,STRUCTURED SPECIFIC-VARIANT PREFLIGHT R3 — NOT PRODUCT RELEASE APPROVAL,2026-09-04,1.0
SKU-504,SKU-130,IKEA IVAR 803.181.65 83 x 50 cm shelf gift-wrap roll end-support pair,Named-shelf roll retention,Specific R3 variation of SKU-130,Stop dry gift-wrap rolls sliding or telescoping on one deep IKEA IVAR 83 x 50 cm pine shelf using a removable end-support pair that does not modify the host.,Stop dry gift-wrap rolls sliding or telescoping on one deep IKEA IVAR 83 x 50 cm pine shelf using a removable end-support pair that does not modify the host.,"Adults seeking precise, low-risk organization or display accessories",The parent gift-wrap roll support scores 99; the deep IVAR board allows multi-row roll storage without adding separate demand proof.,Core — exact named-format or named-product organization with a guided metriMade proposition,A named nominal interface can become a low-volume exact variant while the generic parent remains available for other dimensions.,Exact host article 803.181.65; roll count; roll diameters; row count; optional label text,cradle radius; row offset; board-clamp depth; divider spacing; label,210,180,140,SUNLU PETG Black,None,Moderate,Digital first after physical qualification; printed later after fulfillment qualification,8-15,24-46,1,"Light dry paper rolls on an assembled named shelf only; no wall, overhead, structural, anti-tip, heavy-vinyl-roll or child-use claim.",88,R3 advancement wave 1 — high trend / low complexity,S33; S31; S11; S19; S32; S65; S53,P0 evidence-backed specific variant,"Print an 18 mm board-thickness gauge and one two-row support, then test rear-row access on one real IVAR board before any compatibility wording.","Deep-shelf sibling of SKU-503; the second roll row is the only functional difference in scope. Trend and opportunity remain directional; R3 is design-input maturity, not demand or product qualification.",30,30,25,14,99,Inherited from or calibrated to parent SKU-130 and kept separate from the new interface evidence; specificity does not count as demand proof.,INHERITED DIRECTIONAL PLANNING SCORE — NOT VALIDATED VARIANT DEMAND,HOST_SHELF_STOP,S65,"IKEA IVAR shelf envelope, article 803.181.65",IKEA publishes width 83 cm and depth 50 cm for article 803.181.65; the support pair is dimensioned to the published 500 mm depth and the IVAR 18 mm board thickness.,E3 primary-source nominal data for the exact named variant; independent measurement and physical fit remain open.,"IKEA publishes the article identity and its nominal outer dimensions only; inner span, panel thickness, assembly tolerance, shelf deflection, national variants and future article revisions are not published and must be gauged on one physical unit before any compatibility wording. Solid pine also moves with humidity, so board thickness is a seasonal variable.",MM-R3-K3MAX-PETG-0P4-0P20-2026-08-31; flat stable base down; support-free,business/02-portfolio/research-r3-process-baseline.json,"Print a published-envelope span gauge and one end-support pair, inspect both against the cited host dimensions, then load the exact named host shelf with the declared roll count and check sliding, telescoping, shelf marking and 50 load/unload cycles.","The span gauge matches the cited host dimension within 0.50 mm; a loaded roll neither slides nor telescopes at a 5-degree shelf tilt; the support does not mark the shelf surface; and 50 load/unload cycles cause no crack, creep or loss of position.",2,2,1,2,1,0,1,2,1,1,2,34.75,C2,R3,R3,R3,R3,R3,R3,"The exact variant, intended use and exclusions are fixed; critical interface nominals come from a cited primary source; one exact hashed printer/material/nozzle/orientation/process baseline is pinned; acceptance criteria and a coupon/prototype method are defined. Independent dimensional and physical validation is still missing, so readiness stops at R3.",K1,B,B,CONDITIONAL,GO_WITH_CONTROLS,G0 PASS; G1 PASS; G2 PASS; G3 PASS; G4 PASS; G5 PASS; G6 PASS,C2 · R3 · K1 · Lane B · CONDITIONAL,STRUCTURED SPECIFIC-VARIANT PREFLIGHT R3 — NOT PRODUCT RELEASE APPROVAL,2026-09-04,1.0
SKU-505,SKU-130,IKEA IVAR 103.181.59 42 x 30 cm shelf gift-wrap roll end-support pair,Named-shelf roll retention,Specific R3 variation of SKU-130,Stop dry gift-wrap rolls sliding or telescoping on one short IKEA IVAR 42 x 30 cm pine shelf using a removable end-support pair that does not modify the host.,Stop dry gift-wrap rolls sliding or telescoping on one short IKEA IVAR 42 x 30 cm pine shelf using a removable end-support pair that does not modify the host.,"Adults seeking precise, low-risk organization or display accessories",The parent gift-wrap roll support scores 99; the short IVAR board covers narrow craft niches and adds no separate variant demand proof.,Core — exact named-format or named-product organization with a guided metriMade proposition,A named nominal interface can become a low-volume exact variant while the generic parent remains available for other dimensions.,Exact host article 103.181.59; roll count; roll diameters; access side; optional label text,cradle radius; board-clamp depth; support height; divider spacing; label,210,180,140,SUNLU PETG Black,None,Moderate,Digital first after physical qualification; printed later after fulfillment qualification,8-15,24-46,1,"Light dry paper rolls on an assembled named shelf only; no wall, overhead, structural, anti-tip, heavy-vinyl-roll or child-use claim.",88,R3 advancement wave 1 — high trend / low complexity,S33; S31; S11; S19; S32; S66; S53,P0 evidence-backed specific variant,"Print an 18 mm board-thickness gauge and one end support, then confirm that a single 700 mm roll overhangs safely on one real IVAR board.","Short-shelf sibling of SKU-503; overhang of a full-width roll is the explicit open question. Trend and opportunity remain directional; R3 is design-input maturity, not demand or product qualification.",30,30,25,14,99,Inherited from or calibrated to parent SKU-130 and kept separate from the new interface evidence; specificity does not count as demand proof.,INHERITED DIRECTIONAL PLANNING SCORE — NOT VALIDATED VARIANT DEMAND,HOST_SHELF_STOP,S66,"IKEA IVAR shelf envelope, article 103.181.59",IKEA publishes width 42 cm and depth 30 cm for article 103.181.59; the support pair is dimensioned to the published 300 mm depth and the IVAR 18 mm board thickness.,E3 primary-source nominal data for the exact named variant; independent measurement and physical fit remain open.,"IKEA publishes the article identity and its nominal outer dimensions only; inner span, panel thickness, assembly tolerance, shelf deflection, national variants and future article revisions are not published and must be gauged on one physical unit before any compatibility wording. Solid pine also moves with humidity, so board thickness is a seasonal variable.",MM-R3-K3MAX-PETG-0P4-0P20-2026-08-31; flat stable base down; support-free,business/02-portfolio/research-r3-process-baseline.json,"Print a published-envelope span gauge and one end-support pair, inspect both against the cited host dimensions, then load the exact named host shelf with the declared roll count and check sliding, telescoping, shelf marking and 50 load/unload cycles.","The span gauge matches the cited host dimension within 0.50 mm; a loaded roll neither slides nor telescopes at a 5-degree shelf tilt; the support does not mark the shelf surface; and 50 load/unload cycles cause no crack, creep or loss of position.",2,2,1,2,1,0,1,2,1,1,2,34.75,C2,R3,R3,R3,R3,R3,R3,"The exact variant, intended use and exclusions are fixed; critical interface nominals come from a cited primary source; one exact hashed printer/material/nozzle/orientation/process baseline is pinned; acceptance criteria and a coupon/prototype method are defined. Independent dimensional and physical validation is still missing, so readiness stops at R3.",K1,B,B,CONDITIONAL,GO_WITH_CONTROLS,G0 PASS; G1 PASS; G2 PASS; G3 PASS; G4 PASS; G5 PASS; G6 PASS,C2 · R3 · K1 · Lane B · CONDITIONAL,STRUCTURED SPECIFIC-VARIANT PREFLIGHT R3 — NOT PRODUCT RELEASE APPROVAL,2026-09-04,1.0
SKU-506,SKU-130,IKEA KALLAX 802.758.87 compartment gift-wrap roll cradle,Named-shelf roll retention,Specific R3 variation of SKU-130,Hold short dry gift-wrap and craft rolls inside one IKEA KALLAX compartment on a removable cradle that leaves the host unmodified.,Hold short dry gift-wrap and craft rolls inside one IKEA KALLAX compartment on a removable cradle that leaves the host unmodified.,"Adults seeking precise, low-risk organization or display accessories",The parent gift-wrap roll support scores 99; the KALLAX cubby is an already-documented metriMade host envelope and adds no separate demand proof.,Core — exact named-format or named-product organization with a guided metriMade proposition,A named nominal interface can become a low-volume exact variant while the generic parent remains available for other dimensions.,Exact host article 802.758.87; roll count; roll diameters; compartment position; optional label text,cradle radius; cradle pitch; front stop height; divider spacing; label,210,180,140,SUNLU PETG Black,None,Moderate,Digital first after physical qualification; printed later after fulfillment qualification,8-15,24-46,1,"Light dry paper rolls on an assembled named shelf only; no wall, overhead, structural, anti-tip, heavy-vinyl-roll or child-use claim.",88,R3 advancement wave 1 — high trend / low complexity,S33; S31; S11; S19; S32; S67; S52; S53,P0 evidence-backed specific variant,"Print 326.3/327.0/327.7 mm span gauges and one cradle, then verify free removal from one exact KALLAX unit before any compatibility wording.","Reuses the KALLAX nominal envelope already established for SKU-314; rolls longer than the compartment stay out of scope. Trend and opportunity remain directional; R3 is design-input maturity, not demand or product qualification.",30,30,25,14,99,Inherited from or calibrated to parent SKU-130 and kept separate from the new interface evidence; specificity does not count as demand proof.,INHERITED DIRECTIONAL PLANNING SCORE — NOT VALIDATED VARIANT DEMAND,HOST_SHELF_STOP,S67; S52,"IKEA KALLAX compartment envelope, unit article 802.758.87 with companion insert article 703.402.99","IKEA publishes 76.5 x 39 x 146.5 cm and 13 kg per shelf for unit 802.758.87, and W33 x D38 x H33 cm for the official KALLAX insert 703.402.99; the cradle uses the 330 mm nominal compartment width and 380 mm nominal depth.",E3 primary-source nominal data for the exact named variant; independent measurement and physical fit remain open.,"IKEA publishes the article identity and its nominal outer dimensions only; inner span, panel thickness, assembly tolerance, shelf deflection, national variants and future article revisions are not published and must be gauged on one physical unit before any compatibility wording. The 33 cm compartment figure is an official companion-product proxy, not a unit-specific cubby measurement.",MM-R3-K3MAX-PETG-0P4-0P20-2026-08-31; flat stable base down; support-free,business/02-portfolio/research-r3-process-baseline.json,"Print a published-envelope span gauge and one end-support pair, inspect both against the cited host dimensions, then load the exact named host shelf with the declared roll count and check sliding, telescoping, shelf marking and 50 load/unload cycles.","The span gauge matches the cited host dimension within 0.50 mm; a loaded roll neither slides nor telescopes at a 5-degree shelf tilt; the support does not mark the shelf surface; and 50 load/unload cycles cause no crack, creep or loss of position.",2,2,1,2,1,0,1,2,1,1,2,34.75,C2,R3,R3,R3,R3,R3,R3,"The exact variant, intended use and exclusions are fixed; critical interface nominals come from a cited primary source; one exact hashed printer/material/nozzle/orientation/process baseline is pinned; acceptance criteria and a coupon/prototype method are defined. Independent dimensional and physical validation is still missing, so readiness stops at R3.",K1,B,B,CONDITIONAL,GO_WITH_CONTROLS,G0 PASS; G1 PASS; G2 PASS; G3 PASS; G4 PASS; G5 PASS; G6 PASS,C2 · R3 · K1 · Lane B · CONDITIONAL,STRUCTURED SPECIFIC-VARIANT PREFLIGHT R3 — NOT PRODUCT RELEASE APPROVAL,2026-09-04,1.0
SKU-507,SKU-112,DIN A6 105 x 148 postcard archive divider set,Named-format archive dividers,Specific R3 variation of SKU-112,Sort DIN A6 postcards by date or theme in a customer-owned dry drawer using labelled lanes cut to the ISO 216 A6 trimmed size.,Sort DIN A6 postcards by date or theme in a customer-owned dry drawer using labelled lanes cut to the ISO 216 A6 trimmed size.,"Adults seeking precise, low-risk organization or display accessories",The parent archive divider scores 98; A6 is the dominant European postcard format and makes the lane exact without proving separate variant demand.,Core — exact named-format or named-product organization with a guided metriMade proposition,A named nominal interface can become a low-volume exact variant while the generic parent remains available for other dimensions.,Drawer internal envelope; A6 lane count; category list; label text; language,lane width; divider spacing; tab position; tab height; text; index order,220,180,80,SUNLU PETG Black,None,Moderate,Digital first after physical qualification; printed later after fulfillment qualification,9-17,26-52,1,"Dry indoor adult filing only; no archival, acid-free, moisture, UV, fire or privacy-protection claim.",93,R3 advancement wave 1 — high trend / low complexity,S01; S31; S33; S11; S19; S32; S59; S53,P0 evidence-backed specific variant,"Print one A6 lane coupon and test snagging, tab legibility and single-handed retrieval with real postcards before any format wording.","Specific child of the generic archive divider; the customer drawer envelope stays a separate parametric input. Trend and opportunity remain directional; R3 is design-input maturity, not demand or product qualification.",30,30,25,13,98,Inherited from or calibrated to parent SKU-112 and kept separate from the new interface evidence; specificity does not count as demand proof.,INHERITED DIRECTIONAL PLANNING SCORE — NOT VALIDATED VARIANT DEMAND,FORMAT_DIVIDER,S59,ISO 216 A6 trimmed sheet planform,ISO 216 fixes A6 at 105 x 148 mm; the lane carries the declared clearance on the 105 mm short edge and leaves the top and one long side fully open for finger access.,E3 primary-source nominal data for the exact named variant; independent measurement and physical fit remain open.,"The standard fixes the trimmed nominal format only; real media carries manufacturing tolerance, cover bow, corner wear, thickness variation and stack growth, which stay physical-test variables.",MM-R3-K3MAX-PETG-0P4-0P20-2026-08-31; flat stable base down; support-free,business/02-portfolio/research-r3-process-baseline.json,"Print one lane coupon at the cited nominal format, inspect the lane width and tab height, then load real media of the named format and test insertion, retrieval, snagging, tab legibility and 100 filing cycles.",The lane coupon holds the cited nominal format plus the declared clearance within 0.30 mm; media enters and leaves single-handed without snagging or bending; tabs stay legible above the media edge; and 100 filing cycles leave no scuff on the media.,2,2,2,2,1,0,1,1,1,1,2,34.75,C2,R3,R3,R3,R3,R3,R3,"The exact variant, intended use and exclusions are fixed; critical interface nominals come from a cited primary source; one exact hashed printer/material/nozzle/orientation/process baseline is pinned; acceptance criteria and a coupon/prototype method are defined. Independent dimensional and physical validation is still missing, so readiness stops at R3.",K1,B,B,CONDITIONAL,GO_WITH_CONTROLS,G0 PASS; G1 PASS; G2 PASS; G3 PASS; G4 PASS; G5 PASS; G6 PASS,C2 · R3 · K1 · Lane B · CONDITIONAL,STRUCTURED SPECIFIC-VARIANT PREFLIGHT R3 — NOT PRODUCT RELEASE APPROVAL,2026-09-04,1.0
SKU-508,SKU-112,DIN A5 148 x 210 archive divider set,Named-format archive dividers,Specific R3 variation of SKU-112,"Sort DIN A5 prints, certificates and folded keepsake paper by date or theme in a customer-owned dry drawer using labelled lanes cut to the ISO 216 A5 trimmed size.","Sort DIN A5 prints, certificates and folded keepsake paper by date or theme in a customer-owned dry drawer using labelled lanes cut to the ISO 216 A5 trimmed size.","Adults seeking precise, low-risk organization or display accessories",The parent archive divider scores 98; A5 covers the larger keepsake paper tier and adds no separate variant demand proof.,Core — exact named-format or named-product organization with a guided metriMade proposition,A named nominal interface can become a low-volume exact variant while the generic parent remains available for other dimensions.,Drawer internal envelope; A5 lane count; category list; label text; language,lane width; divider spacing; tab position; tab height; text; index order,220,180,80,SUNLU PETG Black,None,Moderate,Digital first after physical qualification; printed later after fulfillment qualification,9-17,26-52,1,"Dry indoor adult filing only; no archival, acid-free, moisture, UV, fire or privacy-protection claim.",93,R3 advancement wave 1 — high trend / low complexity,S01; S31; S33; S11; S19; S32; S59; S53,P0 evidence-backed specific variant,"Print one A5 lane coupon and test bow, snagging and single-handed retrieval with real A5 media before any format wording.","Larger sibling of SKU-507; sheet bow is the main open physical question at this width. Trend and opportunity remain directional; R3 is design-input maturity, not demand or product qualification.",30,30,25,13,98,Inherited from or calibrated to parent SKU-112 and kept separate from the new interface evidence; specificity does not count as demand proof.,INHERITED DIRECTIONAL PLANNING SCORE — NOT VALIDATED VARIANT DEMAND,FORMAT_DIVIDER,S59,ISO 216 A5 trimmed sheet planform,ISO 216 fixes A5 at 148 x 210 mm; the lane carries the declared clearance on the 148 mm short edge and leaves the top and one long side fully open for finger access.,E3 primary-source nominal data for the exact named variant; independent measurement and physical fit remain open.,"The standard fixes the trimmed nominal format only; real media carries manufacturing tolerance, cover bow, corner wear, thickness variation and stack growth, which stay physical-test variables.",MM-R3-K3MAX-PETG-0P4-0P20-2026-08-31; flat stable base down; support-free,business/02-portfolio/research-r3-process-baseline.json,"Print one lane coupon at the cited nominal format, inspect the lane width and tab height, then load real media of the named format and test insertion, retrieval, snagging, tab legibility and 100 filing cycles.",The lane coupon holds the cited nominal format plus the declared clearance within 0.30 mm; media enters and leaves single-handed without snagging or bending; tabs stay legible above the media edge; and 100 filing cycles leave no scuff on the media.,2,2,2,2,1,0,1,1,1,1,2,34.75,C2,R3,R3,R3,R3,R3,R3,"The exact variant, intended use and exclusions are fixed; critical interface nominals come from a cited primary source; one exact hashed printer/material/nozzle/orientation/process baseline is pinned; acceptance criteria and a coupon/prototype method are defined. Independent dimensional and physical validation is still missing, so readiness stops at R3.",K1,B,B,CONDITIONAL,GO_WITH_CONTROLS,G0 PASS; G1 PASS; G2 PASS; G3 PASS; G4 PASS; G5 PASS; G6 PASS,C2 · R3 · K1 · Lane B · CONDITIONAL,STRUCTURED SPECIFIC-VARIANT PREFLIGHT R3 — NOT PRODUCT RELEASE APPROVAL,2026-09-04,1.0
SKU-509,SKU-112,DIN A7 74 x 105 archive divider set,Named-format archive dividers,Specific R3 variation of SKU-112,"Sort DIN A7 tickets, notes and small keepsake slips by date or theme in a customer-owned dry drawer using labelled lanes cut to the ISO 216 A7 trimmed size.","Sort DIN A7 tickets, notes and small keepsake slips by date or theme in a customer-owned dry drawer using labelled lanes cut to the ISO 216 A7 trimmed size.","Adults seeking precise, low-risk organization or display accessories",The parent archive divider scores 98; A7 is the smallest practical filed keepsake format and adds no separate variant demand proof.,Core — exact named-format or named-product organization with a guided metriMade proposition,A named nominal interface can become a low-volume exact variant while the generic parent remains available for other dimensions.,Drawer internal envelope; A7 lane count; category list; label text; language,lane width; divider spacing; tab position; tab height; text; index order,220,180,80,SUNLU PETG Black,None,Moderate,Digital first after physical qualification; printed later after fulfillment qualification,9-17,26-52,1,"Dry indoor adult filing only; no archival, acid-free, moisture, UV, fire or privacy-protection claim.",93,R3 advancement wave 1 — high trend / low complexity,S01; S31; S33; S11; S19; S32; S59; S53,P0 evidence-backed specific variant,"Print one A7 lane coupon and test finger access, snagging and tab legibility with real slips before any format wording.","Smallest sibling in the ISO 216 divider group; finger relief rather than lane width is the binding constraint. Trend and opportunity remain directional; R3 is design-input maturity, not demand or product qualification.",30,30,25,13,98,Inherited from or calibrated to parent SKU-112 and kept separate from the new interface evidence; specificity does not count as demand proof.,INHERITED DIRECTIONAL PLANNING SCORE — NOT VALIDATED VARIANT DEMAND,FORMAT_DIVIDER,S59,ISO 216 A7 trimmed sheet planform,ISO 216 fixes A7 at 74 x 105 mm; the lane carries the declared clearance on the 74 mm short edge and keeps the tab above the 105 mm long edge.,E3 primary-source nominal data for the exact named variant; independent measurement and physical fit remain open.,"The standard fixes the trimmed nominal format only; real media carries manufacturing tolerance, cover bow, corner wear, thickness variation and stack growth, which stay physical-test variables.",MM-R3-K3MAX-PETG-0P4-0P20-2026-08-31; flat stable base down; support-free,business/02-portfolio/research-r3-process-baseline.json,"Print one lane coupon at the cited nominal format, inspect the lane width and tab height, then load real media of the named format and test insertion, retrieval, snagging, tab legibility and 100 filing cycles.",The lane coupon holds the cited nominal format plus the declared clearance within 0.30 mm; media enters and leaves single-handed without snagging or bending; tabs stay legible above the media edge; and 100 filing cycles leave no scuff on the media.,2,2,2,2,1,0,1,1,1,1,2,34.75,C2,R3,R3,R3,R3,R3,R3,"The exact variant, intended use and exclusions are fixed; critical interface nominals come from a cited primary source; one exact hashed printer/material/nozzle/orientation/process baseline is pinned; acceptance criteria and a coupon/prototype method are defined. Independent dimensional and physical validation is still missing, so readiness stops at R3.",K1,B,B,CONDITIONAL,GO_WITH_CONTROLS,G0 PASS; G1 PASS; G2 PASS; G3 PASS; G4 PASS; G5 PASS; G6 PASS,C2 · R3 · K1 · Lane B · CONDITIONAL,STRUCTURED SPECIFIC-VARIANT PREFLIGHT R3 — NOT PRODUCT RELEASE APPROVAL,2026-09-04,1.0
SKU-510,SKU-112,ISO C6 114 x 162 envelope archive divider set,Named-format archive dividers,Specific R3 variation of SKU-112,Sort filled or empty C6 correspondence envelopes by date or theme in a customer-owned dry drawer using labelled lanes cut to the ISO C6 nominal size.,Sort filled or empty C6 correspondence envelopes by date or theme in a customer-owned dry drawer using labelled lanes cut to the ISO C6 nominal size.,"Adults seeking precise, low-risk organization or display accessories",The parent archive divider scores 98; C6 is the standard European letter envelope and gives the lane an exact nominal without proving separate demand.,Core — exact named-format or named-product organization with a guided metriMade proposition,A named nominal interface can become a low-volume exact variant while the generic parent remains available for other dimensions.,Drawer internal envelope; C6 lane count; filled or empty use; category list; label text,lane width; lane depth; divider spacing; tab position; text; index order,220,180,80,SUNLU PETG Black,None,Moderate,Digital first after physical qualification; printed later after fulfillment qualification,9-17,26-52,1,"Dry indoor adult filing only; no archival, acid-free, moisture, UV, fire or privacy-protection claim.",93,R3 advancement wave 1 — high trend / low complexity,S01; S31; S33; S11; S19; S32; S59; S46; S53,P0 evidence-backed specific variant,Print one C6 lane coupon and test both empty and lightly filled envelopes for snagging and retrieval before any format wording.,"Envelope sibling of the ISO 216 divider group; filled-envelope thickness is deliberately excluded from the nominal. Trend and opportunity remain directional; R3 is design-input maturity, not demand or product qualification.",30,30,25,13,98,Inherited from or calibrated to parent SKU-112 and kept separate from the new interface evidence; specificity does not count as demand proof.,INHERITED DIRECTIONAL PLANNING SCORE — NOT VALIDATED VARIANT DEMAND,FORMAT_DIVIDER,S59; S46,ISO 216 C6 envelope planform,"The ISO 216 C series fixes C6 at 114 x 162 mm, matching the A6 sheet it encloses; the lane carries the declared clearance on the 114 mm short edge.",E3 primary-source nominal data for the exact named variant; independent measurement and physical fit remain open.,"The standard fixes the trimmed nominal format only; real media carries manufacturing tolerance, cover bow, corner wear, thickness variation and stack growth, which stay physical-test variables. Filled envelopes also gain uncontrolled thickness, so lane depth is sized for the empty nominal only.",MM-R3-K3MAX-PETG-0P4-0P20-2026-08-31; flat stable base down; support-free,business/02-portfolio/research-r3-process-baseline.json,"Print one lane coupon at the cited nominal format, inspect the lane width and tab height, then load real media of the named format and test insertion, retrieval, snagging, tab legibility and 100 filing cycles.",The lane coupon holds the cited nominal format plus the declared clearance within 0.30 mm; media enters and leaves single-handed without snagging or bending; tabs stay legible above the media edge; and 100 filing cycles leave no scuff on the media.,2,2,2,2,1,0,1,1,1,1,2,34.75,C2,R3,R3,R3,R3,R3,R3,"The exact variant, intended use and exclusions are fixed; critical interface nominals come from a cited primary source; one exact hashed printer/material/nozzle/orientation/process baseline is pinned; acceptance criteria and a coupon/prototype method are defined. Independent dimensional and physical validation is still missing, so readiness stops at R3.",K1,B,B,CONDITIONAL,GO_WITH_CONTROLS,G0 PASS; G1 PASS; G2 PASS; G3 PASS; G4 PASS; G5 PASS; G6 PASS,C2 · R3 · K1 · Lane B · CONDITIONAL,STRUCTURED SPECIFIC-VARIANT PREFLIGHT R3 — NOT PRODUCT RELEASE APPROVAL,2026-09-04,1.0
SKU-511,SKU-112,ISO DL 110 x 220 archive divider set,Named-format archive dividers,Specific R3 variation of SKU-112,"Sort DL correspondence envelopes, boarding documents and long folded keepsakes in a customer-owned dry drawer using labelled lanes cut to the DL nominal size.","Sort DL correspondence envelopes, boarding documents and long folded keepsakes in a customer-owned dry drawer using labelled lanes cut to the DL nominal size.","Adults seeking precise, low-risk organization or display accessories",The parent archive divider scores 98; DL is the standard business-letter envelope and adds no separate variant demand proof.,Core — exact named-format or named-product organization with a guided metriMade proposition,A named nominal interface can become a low-volume exact variant while the generic parent remains available for other dimensions.,Drawer internal envelope; DL lane count; filled or empty use; category list; label text,lane width; lane depth; divider spacing; tab position; text; index order,220,180,80,SUNLU PETG Black,None,Moderate,Digital first after physical qualification; printed later after fulfillment qualification,9-17,26-52,1,"Dry indoor adult filing only; no archival, acid-free, moisture, UV, fire or privacy-protection claim.",93,R3 advancement wave 1 — high trend / low complexity,S01; S31; S33; S11; S19; S32; S59; S46; S53,P0 evidence-backed specific variant,Print one DL lane coupon and confirm that the 220 mm lane still fits the customer drawer before any format wording.,"Longest lane in the divider group; drawer length rather than the format is the usual limit. Trend and opportunity remain directional; R3 is design-input maturity, not demand or product qualification.",30,30,25,13,98,Inherited from or calibrated to parent SKU-112 and kept separate from the new interface evidence; specificity does not count as demand proof.,INHERITED DIRECTIONAL PLANNING SCORE — NOT VALIDATED VARIANT DEMAND,FORMAT_DIVIDER,S59; S46,DL envelope planform,The DL envelope is fixed at 110 x 220 mm and holds an A4 sheet folded in thirds; the lane carries the declared clearance on the 110 mm short edge.,E3 primary-source nominal data for the exact named variant; independent measurement and physical fit remain open.,"The standard fixes the trimmed nominal format only; real media carries manufacturing tolerance, cover bow, corner wear, thickness variation and stack growth, which stay physical-test variables. Filled envelopes also gain uncontrolled thickness, so lane depth is sized for the empty nominal only.",MM-R3-K3MAX-PETG-0P4-0P20-2026-08-31; flat stable base down; support-free,business/02-portfolio/research-r3-process-baseline.json,"Print one lane coupon at the cited nominal format, inspect the lane width and tab height, then load real media of the named format and test insertion, retrieval, snagging, tab legibility and 100 filing cycles.",The lane coupon holds the cited nominal format plus the declared clearance within 0.30 mm; media enters and leaves single-handed without snagging or bending; tabs stay legible above the media edge; and 100 filing cycles leave no scuff on the media.,2,2,2,2,1,0,1,1,1,1,2,34.75,C2,R3,R3,R3,R3,R3,R3,"The exact variant, intended use and exclusions are fixed; critical interface nominals come from a cited primary source; one exact hashed printer/material/nozzle/orientation/process baseline is pinned; acceptance criteria and a coupon/prototype method are defined. Independent dimensional and physical validation is still missing, so readiness stops at R3.",K1,B,B,CONDITIONAL,GO_WITH_CONTROLS,G0 PASS; G1 PASS; G2 PASS; G3 PASS; G4 PASS; G5 PASS; G6 PASS,C2 · R3 · K1 · Lane B · CONDITIONAL,STRUCTURED SPECIFIC-VARIANT PREFLIGHT R3 — NOT PRODUCT RELEASE APPROVAL,2026-09-04,1.0
SKU-512,SKU-112,instax mini 86 x 54 archive divider set,Named-format archive dividers,Specific R3 variation of SKU-112,Sort developed FUJIFILM instax mini prints by date or theme in a customer-owned dry drawer using labelled lanes cut to the published instax mini format.,Sort developed FUJIFILM instax mini prints by date or theme in a customer-owned dry drawer using labelled lanes cut to the published instax mini format.,"Adults seeking precise, low-risk organization or display accessories",The parent archive divider scores 98; instax mini is the highest-volume instant format and gives the lane an exact nominal without separate demand proof.,Core — exact named-format or named-product organization with a guided metriMade proposition,A named nominal interface can become a low-volume exact variant while the generic parent remains available for other dimensions.,Drawer internal envelope; instax mini lane count; category list; label text,lane width; divider spacing; tab position; tab height; text; index order,220,180,80,SUNLU PETG Black,None,Moderate,Digital first after physical qualification; printed later after fulfillment qualification,9-17,26-52,1,"Dry indoor adult filing only; no archival, acid-free, moisture, UV, fire or privacy-protection claim.",93,R3 advancement wave 1 — high trend / low complexity,S01; S31; S33; S11; S19; S32; S41; S53,P0 evidence-backed specific variant,Print one 86 x 54 mm lane coupon and test fully developed dry prints for scuffing and single-handed retrieval.,"Filing sibling of the SKU-304 display dock; the dock and the divider stay separate products with separate geometry. Trend and opportunity remain directional; R3 is design-input maturity, not demand or product qualification.",30,30,25,13,98,Inherited from or calibrated to parent SKU-112 and kept separate from the new interface evidence; specificity does not count as demand proof.,INHERITED DIRECTIONAL PLANNING SCORE — NOT VALIDATED VARIANT DEMAND,FORMAT_DIVIDER,S41,Developed FUJIFILM instax mini photo planform,FUJIFILM publishes the instax mini film/photo format as 86 x 54 mm with a 62 x 46 mm image area; the lane carries the declared clearance on the 54 mm short edge.,E3 primary-source nominal data for the exact named variant; independent measurement and physical fit remain open.,"No archival, fresh-development, chemical, UV or long-term storage claim; print flatness, emulsion tack and surface marking stay physical-test variables.",MM-R3-K3MAX-PETG-0P4-0P20-2026-08-31; flat stable base down; support-free,business/02-portfolio/research-r3-process-baseline.json,"Print one lane coupon at the cited nominal format, inspect the lane width and tab height, then load real media of the named format and test insertion, retrieval, snagging, tab legibility and 100 filing cycles.",The lane coupon holds the cited nominal format plus the declared clearance within 0.30 mm; media enters and leaves single-handed without snagging or bending; tabs stay legible above the media edge; and 100 filing cycles leave no scuff on the media.,2,2,2,2,1,0,1,1,1,1,2,34.75,C2,R3,R3,R3,R3,R3,R3,"The exact variant, intended use and exclusions are fixed; critical interface nominals come from a cited primary source; one exact hashed printer/material/nozzle/orientation/process baseline is pinned; acceptance criteria and a coupon/prototype method are defined. Independent dimensional and physical validation is still missing, so readiness stops at R3.",K1,B,B,CONDITIONAL,GO_WITH_CONTROLS,G0 PASS; G1 PASS; G2 PASS; G3 PASS; G4 PASS; G5 PASS; G6 PASS,C2 · R3 · K1 · Lane B · CONDITIONAL,STRUCTURED SPECIFIC-VARIANT PREFLIGHT R3 — NOT PRODUCT RELEASE APPROVAL,2026-09-04,1.0
SKU-513,SKU-112,instax SQUARE 86 x 72 archive divider set,Named-format archive dividers,Specific R3 variation of SKU-112,Sort developed FUJIFILM instax SQUARE prints by date or theme in a customer-owned dry drawer using labelled lanes cut to the published instax SQUARE format.,Sort developed FUJIFILM instax SQUARE prints by date or theme in a customer-owned dry drawer using labelled lanes cut to the published instax SQUARE format.,"Adults seeking precise, low-risk organization or display accessories",The parent archive divider scores 98; instax SQUARE is the second instant format tier and adds no separate variant demand proof.,Core — exact named-format or named-product organization with a guided metriMade proposition,A named nominal interface can become a low-volume exact variant while the generic parent remains available for other dimensions.,Drawer internal envelope; instax SQUARE lane count; category list; label text,lane width; divider spacing; tab position; tab height; text; index order,220,180,80,SUNLU PETG Black,None,Moderate,Digital first after physical qualification; printed later after fulfillment qualification,9-17,26-52,1,"Dry indoor adult filing only; no archival, acid-free, moisture, UV, fire or privacy-protection claim.",93,R3 advancement wave 1 — high trend / low complexity,S01; S31; S33; S11; S19; S32; S42; S53,P0 evidence-backed specific variant,Print one 86 x 72 mm lane coupon and test fully developed dry prints for scuffing and single-handed retrieval.,"Filing sibling of the SKU-305 display dock; the square format changes only the lane width. Trend and opportunity remain directional; R3 is design-input maturity, not demand or product qualification.",30,30,25,13,98,Inherited from or calibrated to parent SKU-112 and kept separate from the new interface evidence; specificity does not count as demand proof.,INHERITED DIRECTIONAL PLANNING SCORE — NOT VALIDATED VARIANT DEMAND,FORMAT_DIVIDER,S42,Developed FUJIFILM instax SQUARE photo planform,FUJIFILM publishes the instax SQUARE film/photo format as 86 x 72 mm with a 62 x 62 mm image area; the lane carries the declared clearance on the 72 mm short edge.,E3 primary-source nominal data for the exact named variant; independent measurement and physical fit remain open.,"No archival, fresh-development, chemical, UV or long-term storage claim; print flatness, emulsion tack and surface marking stay physical-test variables.",MM-R3-K3MAX-PETG-0P4-0P20-2026-08-31; flat stable base down; support-free,business/02-portfolio/research-r3-process-baseline.json,"Print one lane coupon at the cited nominal format, inspect the lane width and tab height, then load real media of the named format and test insertion, retrieval, snagging, tab legibility and 100 filing cycles.",The lane coupon holds the cited nominal format plus the declared clearance within 0.30 mm; media enters and leaves single-handed without snagging or bending; tabs stay legible above the media edge; and 100 filing cycles leave no scuff on the media.,2,2,2,2,1,0,1,1,1,1,2,34.75,C2,R3,R3,R3,R3,R3,R3,"The exact variant, intended use and exclusions are fixed; critical interface nominals come from a cited primary source; one exact hashed printer/material/nozzle/orientation/process baseline is pinned; acceptance criteria and a coupon/prototype method are defined. Independent dimensional and physical validation is still missing, so readiness stops at R3.",K1,B,B,CONDITIONAL,GO_WITH_CONTROLS,G0 PASS; G1 PASS; G2 PASS; G3 PASS; G4 PASS; G5 PASS; G6 PASS,C2 · R3 · K1 · Lane B · CONDITIONAL,STRUCTURED SPECIFIC-VARIANT PREFLIGHT R3 — NOT PRODUCT RELEASE APPROVAL,2026-09-04,1.0
SKU-514,SKU-112,instax WIDE 108 x 86 archive divider set,Named-format archive dividers,Specific R3 variation of SKU-112,Sort developed FUJIFILM instax WIDE prints by date or theme in a customer-owned dry drawer using labelled lanes cut to the published instax WIDE format.,Sort developed FUJIFILM instax WIDE prints by date or theme in a customer-owned dry drawer using labelled lanes cut to the published instax WIDE format.,"Adults seeking precise, low-risk organization or display accessories",The parent archive divider scores 98; instax WIDE is the large instant tier and adds no separate variant demand proof.,Core — exact named-format or named-product organization with a guided metriMade proposition,A named nominal interface can become a low-volume exact variant while the generic parent remains available for other dimensions.,Drawer internal envelope; instax WIDE lane count; category list; label text,lane width; divider spacing; tab position; tab height; text; index order,220,180,80,SUNLU PETG Black,None,Moderate,Digital first after physical qualification; printed later after fulfillment qualification,9-17,26-52,1,"Dry indoor adult filing only; no archival, acid-free, moisture, UV, fire or privacy-protection claim.",93,R3 advancement wave 1 — high trend / low complexity,S01; S31; S33; S11; S19; S32; S43; S53,P0 evidence-backed specific variant,"Print one 108 x 86 mm lane coupon and test fully developed dry prints for bow, scuffing and retrieval.","Filing sibling of the SKU-306 display dock; print bow is more visible at this width. Trend and opportunity remain directional; R3 is design-input maturity, not demand or product qualification.",30,30,25,13,98,Inherited from or calibrated to parent SKU-112 and kept separate from the new interface evidence; specificity does not count as demand proof.,INHERITED DIRECTIONAL PLANNING SCORE — NOT VALIDATED VARIANT DEMAND,FORMAT_DIVIDER,S43,Developed FUJIFILM instax WIDE photo planform,FUJIFILM publishes the instax WIDE film/photo format as 108 x 86 mm; the lane carries the declared clearance on the 86 mm short edge and keeps the 108 mm edge open for finger access.,E3 primary-source nominal data for the exact named variant; independent measurement and physical fit remain open.,"No archival, fresh-development, chemical, UV or long-term storage claim; print flatness, emulsion tack and surface marking stay physical-test variables.",MM-R3-K3MAX-PETG-0P4-0P20-2026-08-31; flat stable base down; support-free,business/02-portfolio/research-r3-process-baseline.json,"Print one lane coupon at the cited nominal format, inspect the lane width and tab height, then load real media of the named format and test insertion, retrieval, snagging, tab legibility and 100 filing cycles.",The lane coupon holds the cited nominal format plus the declared clearance within 0.30 mm; media enters and leaves single-handed without snagging or bending; tabs stay legible above the media edge; and 100 filing cycles leave no scuff on the media.,2,2,2,2,1,0,1,1,1,1,2,34.75,C2,R3,R3,R3,R3,R3,R3,"The exact variant, intended use and exclusions are fixed; critical interface nominals come from a cited primary source; one exact hashed printer/material/nozzle/orientation/process baseline is pinned; acceptance criteria and a coupon/prototype method are defined. Independent dimensional and physical validation is still missing, so readiness stops at R3.",K1,B,B,CONDITIONAL,GO_WITH_CONTROLS,G0 PASS; G1 PASS; G2 PASS; G3 PASS; G4 PASS; G5 PASS; G6 PASS,C2 · R3 · K1 · Lane B · CONDITIONAL,STRUCTURED SPECIFIC-VARIANT PREFLIGHT R3 — NOT PRODUCT RELEASE APPROVAL,2026-09-04,1.0
SKU-515,SKU-112,Polaroid i-Type 107 x 88 archive divider set,Named-format archive dividers,Specific R3 variation of SKU-112,Sort developed Polaroid i-Type prints by date or theme in a customer-owned dry drawer using labelled lanes cut to the published Polaroid photo format.,Sort developed Polaroid i-Type prints by date or theme in a customer-owned dry drawer using labelled lanes cut to the published Polaroid photo format.,"Adults seeking precise, low-risk organization or display accessories",The parent archive divider scores 98; Polaroid i-Type is the classic square instant format and adds no separate variant demand proof.,Core — exact named-format or named-product organization with a guided metriMade proposition,A named nominal interface can become a low-volume exact variant while the generic parent remains available for other dimensions.,Drawer internal envelope; i-Type lane count; category list; label text,lane width; lane depth; divider spacing; tab position; text; index order,220,180,80,SUNLU PETG Black,None,Moderate,Digital first after physical qualification; printed later after fulfillment qualification,9-17,26-52,1,"Dry indoor adult filing only; no archival, acid-free, moisture, UV, fire or privacy-protection claim.",93,R3 advancement wave 1 — high trend / low complexity,S01; S31; S33; S11; S19; S32; S44; S53,P0 evidence-backed specific variant,Print one 107 x 88 mm lane coupon and test the thicker Polaroid frame for lane depth and retrieval.,"Filing sibling of the SKU-307 display dock; frame thickness is the only interface difference from the instax lanes. Trend and opportunity remain directional; R3 is design-input maturity, not demand or product qualification.",30,30,25,13,98,Inherited from or calibrated to parent SKU-112 and kept separate from the new interface evidence; specificity does not count as demand proof.,INHERITED DIRECTIONAL PLANNING SCORE — NOT VALIDATED VARIANT DEMAND,FORMAT_DIVIDER,S44,Developed Polaroid i-Type photo planform,Polaroid publishes the i-Type/600/SX-70 photo size as 107 x 88 mm with a 79 x 79 mm image area; the lane carries the declared clearance on the 88 mm short edge.,E3 primary-source nominal data for the exact named variant; independent measurement and physical fit remain open.,"No archival, fresh-development, chemical, UV or long-term storage claim; the thicker Polaroid frame, print flatness and surface marking stay physical-test variables.",MM-R3-K3MAX-PETG-0P4-0P20-2026-08-31; flat stable base down; support-free,business/02-portfolio/research-r3-process-baseline.json,"Print one lane coupon at the cited nominal format, inspect the lane width and tab height, then load real media of the named format and test insertion, retrieval, snagging, tab legibility and 100 filing cycles.",The lane coupon holds the cited nominal format plus the declared clearance within 0.30 mm; media enters and leaves single-handed without snagging or bending; tabs stay legible above the media edge; and 100 filing cycles leave no scuff on the media.,2,2,2,2,1,0,1,1,1,1,2,34.75,C2,R3,R3,R3,R3,R3,R3,"The exact variant, intended use and exclusions are fixed; critical interface nominals come from a cited primary source; one exact hashed printer/material/nozzle/orientation/process baseline is pinned; acceptance criteria and a coupon/prototype method are defined. Independent dimensional and physical validation is still missing, so readiness stops at R3.",K1,B,B,CONDITIONAL,GO_WITH_CONTROLS,G0 PASS; G1 PASS; G2 PASS; G3 PASS; G4 PASS; G5 PASS; G6 PASS,C2 · R3 · K1 · Lane B · CONDITIONAL,STRUCTURED SPECIFIC-VARIANT PREFLIGHT R3 — NOT PRODUCT RELEASE APPROVAL,2026-09-04,1.0
SKU-516,SKU-112,ISO/IEC 7810 ID-1 card archive divider set,Named-format archive dividers,Specific R3 variation of SKU-112,"Sort ID-1 format cards such as membership, loyalty and transit cards by category in a customer-owned dry drawer using labelled lanes cut to the ISO/IEC 7810 ID-1 nominal.","Sort ID-1 format cards such as membership, loyalty and transit cards by category in a customer-owned dry drawer using labelled lanes cut to the ISO/IEC 7810 ID-1 nominal.","Adults seeking precise, low-risk organization or display accessories",The parent archive divider scores 98; ID-1 is the most tightly standardised small keepsake format and adds no separate variant demand proof.,Core — exact named-format or named-product organization with a guided metriMade proposition,A named nominal interface can become a low-volume exact variant while the generic parent remains available for other dimensions.,Drawer internal envelope; ID-1 lane count; category list; label text,lane width; lane depth; divider spacing; tab position; text; index order,220,180,80,SUNLU PETG Black,None,Moderate,Digital first after physical qualification; printed later after fulfillment qualification,9-17,26-52,1,"Dry indoor adult filing only; no archival, acid-free, moisture, UV, fire or privacy-protection claim.",93,R3 advancement wave 1 — high trend / low complexity,S01; S31; S33; S11; S19; S32; S60; S53,P0 evidence-backed specific variant,"Print one ID-1 lane coupon and test flat, embossed and contactless cards for lane depth and retrieval.","Card sibling of the paper and photo lanes; embossed cards are named as an explicit out-of-nominal case. Trend and opportunity remain directional; R3 is design-input maturity, not demand or product qualification.",30,30,25,13,98,Inherited from or calibrated to parent SKU-112 and kept separate from the new interface evidence; specificity does not count as demand proof.,INHERITED DIRECTIONAL PLANNING SCORE — NOT VALIDATED VARIANT DEMAND,FORMAT_DIVIDER,S60,ISO/IEC 7810 ID-1 card planform,ISO/IEC 7810 fixes ID-1 at 85.60 x 53.98 mm with a 0.76 mm nominal thickness; the lane carries the declared clearance on the 53.98 mm short edge.,E3 primary-source nominal data for the exact named variant; independent measurement and physical fit remain open.,"The standard fixes the trimmed nominal format only; real media carries manufacturing tolerance, cover bow, corner wear, thickness variation and stack growth, which stay physical-test variables. Embossed, contactless and thicker composite cards exceed the 0.76 mm nominal, and no identity, payment or data-protection function is implied.",MM-R3-K3MAX-PETG-0P4-0P20-2026-08-31; flat stable base down; support-free,business/02-portfolio/research-r3-process-baseline.json,"Print one lane coupon at the cited nominal format, inspect the lane width and tab height, then load real media of the named format and test insertion, retrieval, snagging, tab legibility and 100 filing cycles.",The lane coupon holds the cited nominal format plus the declared clearance within 0.30 mm; media enters and leaves single-handed without snagging or bending; tabs stay legible above the media edge; and 100 filing cycles leave no scuff on the media.,2,2,2,2,1,0,1,1,1,1,2,34.75,C2,R3,R3,R3,R3,R3,R3,"The exact variant, intended use and exclusions are fixed; critical interface nominals come from a cited primary source; one exact hashed printer/material/nozzle/orientation/process baseline is pinned; acceptance criteria and a coupon/prototype method are defined. Independent dimensional and physical validation is still missing, so readiness stops at R3.",K1,B,B,CONDITIONAL,GO_WITH_CONTROLS,G0 PASS; G1 PASS; G2 PASS; G3 PASS; G4 PASS; G5 PASS; G6 PASS,C2 · R3 · K1 · Lane B · CONDITIONAL,STRUCTURED SPECIFIC-VARIANT PREFLIGHT R3 — NOT PRODUCT RELEASE APPROVAL,2026-09-04,1.0
SKU-517,SKU-178,IKEA TJENA 603.954.85 18 x 25 x 15 keepsake-box fitted insert,Named-box keepsake inserts,Specific R3 variation of SKU-178,"Turn one IKEA TJENA 18 x 25 x 15 cm storage box into removable labelled compartments for tickets, photos and small mementos without altering or printing the box.","Turn one IKEA TJENA 18 x 25 x 15 cm storage box into removable labelled compartments for tickets, photos and small mementos without altering or printing the box.","Adults seeking precise, low-risk organization or display accessories",The parent keepsake insert scores 98; naming the TJENA host fixes a published envelope but adds no separate variant demand proof.,Core — exact named-format or named-product organization with a guided metriMade proposition,A named nominal interface can become a low-volume exact variant while the generic parent remains available for other dimensions.,Exact host article 603.954.85; keepsake formats; compartment map; names or dates; lift-ribbon option,compartment map; divider height; tab position; text; lift ribbon slot,220,170,70,SUNLU PETG Black,None,Moderate,Digital first after physical qualification; printed later after fulfillment qualification,16-32,55-120,2,"Adult dry removable organization only; no structural furniture, load-bearing, anti-tip, child-use or guaranteed cross-revision compatibility claim.",94,R3 advancement wave 2 — specific COTS/system interface,S01; S31; S33; S11; S19; S32; S73; S53,P0 evidence-backed specific variant,"Build a minus/nominal/plus footprint gauge, then confirm the real folded interior of one TJENA box before any compatibility wording.","Specific child of the generic keepsake insert; paperboard compliance is the dominant fit risk and is named explicitly. Trend and opportunity remain directional; R3 is design-input maturity, not demand or product qualification.",30,30,25,13,98,Inherited from or calibrated to parent SKU-178 and kept separate from the new interface evidence; specificity does not count as demand proof.,INHERITED DIRECTIONAL PLANNING SCORE — NOT VALIDATED VARIANT DEMAND,SYSTEM_INSERT,S73,"IKEA TJENA storage box interior envelope, article 603.954.85",IKEA publishes 18 x 25 x 15 cm (W x L x H) for article 603.954.85; the insert is built inside the published 250 x 180 mm footprint with the declared clearance and stays below the 150 mm lid height.,E3 primary-source nominal data for the exact named variant; independent measurement and physical fit remain open.,"IKEA publishes the article identity and its nominal outer dimensions only; inner span, panel thickness, assembly tolerance, shelf deflection, national variants and future article revisions are not published and must be gauged on one physical unit before any compatibility wording. TJENA is a folded paperboard box, so the interior is compliant, slightly bowed and not dimensionally identical to the published outer size.",MM-R3-K3MAX-PETG-0P4-0P20-2026-08-31; flat stable base down; support-free,business/02-portfolio/research-r3-process-baseline.json,"Build a three-value fit gauge around the official companion-product envelope, inspect every module and seam, then test the gauge and unloaded modular set in one exact host article before any compatibility statement.","The minus/nominal/plus gauge identifies a freely removable fit without rubbing; all modules remain inside the selected nominal envelope, seams stay below 0.50 mm under light hand pressure, the host closes normally, and 100 removal cycles cause no visible marking.",3,2,3,3,2,0,2,2,2,2,3,56.0,C3,R3,R3,R3,R3,R3,R3,"The exact variant, intended use and exclusions are fixed; critical interface nominals come from a cited primary source; one exact hashed printer/material/nozzle/orientation/process baseline is pinned; acceptance criteria and a coupon/prototype method are defined. Independent dimensional and physical validation is still missing, so readiness stops at R3.",K1,C,C,CONDITIONAL,GO_WITH_CONTROLS,G0 PASS; G1 PASS; G2 PASS; G3 PASS; G4 PASS; G5 PASS; G6 PASS,C3 · R3 · K1 · Lane C · CONDITIONAL,STRUCTURED SPECIFIC-VARIANT PREFLIGHT R3 — NOT PRODUCT RELEASE APPROVAL,2026-09-04,1.0
SKU-518,SKU-178,IKEA TJENA 303.954.77 25 x 35 x 20 keepsake-box fitted insert,Named-box keepsake inserts,Specific R3 variation of SKU-178,"Turn one IKEA TJENA 25 x 35 x 20 cm storage box into removable labelled compartments for tickets, photos and small mementos without altering or printing the box.","Turn one IKEA TJENA 25 x 35 x 20 cm storage box into removable labelled compartments for tickets, photos and small mementos without altering or printing the box.","Adults seeking precise, low-risk organization or display accessories",The parent keepsake insert scores 98; the larger TJENA host carries A4-scale keepsakes and adds no separate variant demand proof.,Core — exact named-format or named-product organization with a guided metriMade proposition,A named nominal interface can become a low-volume exact variant while the generic parent remains available for other dimensions.,Exact host article 303.954.77; keepsake formats; compartment map; names or dates; module split,module split; compartment map; divider height; tab position; text,220,180,70,SUNLU PETG Black,None,Moderate,Digital first after physical qualification; printed later after fulfillment qualification,16-32,55-120,2,"Adult dry removable organization only; no structural furniture, load-bearing, anti-tip, child-use or guaranteed cross-revision compatibility claim.",94,R3 advancement wave 2 — specific COTS/system interface,S01; S31; S33; S11; S19; S32; S74; S53,P0 evidence-backed specific variant,"Build a minus/nominal/plus footprint gauge and one module seam, then confirm the real folded interior of one TJENA box.","Large sibling of SKU-517; the 350 mm footprint requires a multi-module split on a 220 mm print envelope. Trend and opportunity remain directional; R3 is design-input maturity, not demand or product qualification.",30,30,25,13,98,Inherited from or calibrated to parent SKU-178 and kept separate from the new interface evidence; specificity does not count as demand proof.,INHERITED DIRECTIONAL PLANNING SCORE — NOT VALIDATED VARIANT DEMAND,SYSTEM_INSERT,S74,"IKEA TJENA storage box interior envelope, article 303.954.77",IKEA publishes 25 x 35 x 20 cm (W x L x H) for article 303.954.77; the insert is built inside the published 350 x 250 mm footprint as printable modules and stays below the 200 mm lid height.,E3 primary-source nominal data for the exact named variant; independent measurement and physical fit remain open.,"IKEA publishes the article identity and its nominal outer dimensions only; inner span, panel thickness, assembly tolerance, shelf deflection, national variants and future article revisions are not published and must be gauged on one physical unit before any compatibility wording. TJENA is a folded paperboard box, so the interior is compliant, slightly bowed and not dimensionally identical to the published outer size.",MM-R3-K3MAX-PETG-0P4-0P20-2026-08-31; flat stable base down; support-free,business/02-portfolio/research-r3-process-baseline.json,"Build a three-value fit gauge around the official companion-product envelope, inspect every module and seam, then test the gauge and unloaded modular set in one exact host article before any compatibility statement.","The minus/nominal/plus gauge identifies a freely removable fit without rubbing; all modules remain inside the selected nominal envelope, seams stay below 0.50 mm under light hand pressure, the host closes normally, and 100 removal cycles cause no visible marking.",3,2,3,3,2,0,2,2,2,2,3,56.0,C3,R3,R3,R3,R3,R3,R3,"The exact variant, intended use and exclusions are fixed; critical interface nominals come from a cited primary source; one exact hashed printer/material/nozzle/orientation/process baseline is pinned; acceptance criteria and a coupon/prototype method are defined. Independent dimensional and physical validation is still missing, so readiness stops at R3.",K1,C,C,CONDITIONAL,GO_WITH_CONTROLS,G0 PASS; G1 PASS; G2 PASS; G3 PASS; G4 PASS; G5 PASS; G6 PASS,C3 · R3 · K1 · Lane C · CONDITIONAL,STRUCTURED SPECIFIC-VARIANT PREFLIGHT R3 — NOT PRODUCT RELEASE APPROVAL,2026-09-04,1.0
SKU-519,SKU-178,IKEA SAMLA 701.029.72 5 l keepsake-box fitted insert,Named-box keepsake inserts,Specific R3 variation of SKU-178,"Turn one IKEA SAMLA 5 l transparent box into removable labelled compartments for tickets, photos and small mementos without altering the box.","Turn one IKEA SAMLA 5 l transparent box into removable labelled compartments for tickets, photos and small mementos without altering the box.","Adults seeking precise, low-risk organization or display accessories",The parent keepsake insert scores 98; the rigid transparent SAMLA host suits visible keepsake sorting and adds no separate variant demand proof.,Core — exact named-format or named-product organization with a guided metriMade proposition,A named nominal interface can become a low-volume exact variant while the generic parent remains available for other dimensions.,Exact host article 701.029.72; keepsake formats; compartment map; names or dates,compartment map; draft-following wall taper; divider height; tab position; text,220,180,70,SUNLU PETG Black,None,Moderate,Digital first after physical qualification; printed later after fulfillment qualification,16-32,55-120,2,"Adult dry removable organization only; no structural furniture, load-bearing, anti-tip, child-use or guaranteed cross-revision compatibility claim.",94,R3 advancement wave 2 — specific COTS/system interface,S01; S31; S33; S11; S19; S32; S75; S53,P0 evidence-backed specific variant,"Build a minus/nominal/plus floor gauge that follows the moulded draft, then confirm one real SAMLA box before any compatibility wording.","Rigid-host sibling of the TJENA children; moulded draft rather than paperboard bow is the dominant fit risk. Trend and opportunity remain directional; R3 is design-input maturity, not demand or product qualification.",30,30,25,13,98,Inherited from or calibrated to parent SKU-178 and kept separate from the new interface evidence; specificity does not count as demand proof.,INHERITED DIRECTIONAL PLANNING SCORE — NOT VALIDATED VARIANT DEMAND,SYSTEM_INSERT,S75,"IKEA SAMLA box interior envelope, article 701.029.72",IKEA publishes 28 x 19 x 14 cm / 5 l for article 701.029.72; the insert is built inside the published 280 x 190 mm footprint with the declared clearance and stays below the 140 mm rim.,E3 primary-source nominal data for the exact named variant; independent measurement and physical fit remain open.,"IKEA publishes the article identity and its nominal outer dimensions only; inner span, panel thickness, assembly tolerance, shelf deflection, national variants and future article revisions are not published and must be gauged on one physical unit before any compatibility wording. SAMLA is an injection-moulded box with draft angles and radii, so the usable floor footprint is smaller than the published outer size.",MM-R3-K3MAX-PETG-0P4-0P20-2026-08-31; flat stable base down; support-free,business/02-portfolio/research-r3-process-baseline.json,"Build a three-value fit gauge around the official companion-product envelope, inspect every module and seam, then test the gauge and unloaded modular set in one exact host article before any compatibility statement.","The minus/nominal/plus gauge identifies a freely removable fit without rubbing; all modules remain inside the selected nominal envelope, seams stay below 0.50 mm under light hand pressure, the host closes normally, and 100 removal cycles cause no visible marking.",3,2,3,3,2,0,2,2,2,2,3,56.0,C3,R3,R3,R3,R3,R3,R3,"The exact variant, intended use and exclusions are fixed; critical interface nominals come from a cited primary source; one exact hashed printer/material/nozzle/orientation/process baseline is pinned; acceptance criteria and a coupon/prototype method are defined. Independent dimensional and physical validation is still missing, so readiness stops at R3.",K1,C,C,CONDITIONAL,GO_WITH_CONTROLS,G0 PASS; G1 PASS; G2 PASS; G3 PASS; G4 PASS; G5 PASS; G6 PASS,C3 · R3 · K1 · Lane C · CONDITIONAL,STRUCTURED SPECIFIC-VARIANT PREFLIGHT R3 — NOT PRODUCT RELEASE APPROVAL,2026-09-04,1.0
SKU-520,SKU-178,IKEA SAMLA 401.029.78 11 l keepsake-box fitted insert,Named-box keepsake inserts,Specific R3 variation of SKU-178,"Turn one IKEA SAMLA 11 l transparent box into removable labelled compartments for tickets, photos and small mementos without altering the box.","Turn one IKEA SAMLA 11 l transparent box into removable labelled compartments for tickets, photos and small mementos without altering the box.","Adults seeking precise, low-risk organization or display accessories",The parent keepsake insert scores 98; the 11 l SAMLA is the common shelf-depth keepsake size and adds no separate variant demand proof.,Core — exact named-format or named-product organization with a guided metriMade proposition,A named nominal interface can become a low-volume exact variant while the generic parent remains available for other dimensions.,Exact host article 401.029.78; keepsake formats; compartment map; names or dates; module split,module split; compartment map; draft-following wall taper; divider height; text,220,180,70,SUNLU PETG Black,None,Moderate,Digital first after physical qualification; printed later after fulfillment qualification,16-32,55-120,2,"Adult dry removable organization only; no structural furniture, load-bearing, anti-tip, child-use or guaranteed cross-revision compatibility claim.",94,R3 advancement wave 2 — specific COTS/system interface,S01; S31; S33; S11; S19; S32; S76; S53,P0 evidence-backed specific variant,"Build a minus/nominal/plus floor gauge and one module seam, then confirm one real SAMLA box before any compatibility wording.","Large sibling of SKU-519; the 390 mm footprint requires a multi-module split on a 220 mm print envelope. Trend and opportunity remain directional; R3 is design-input maturity, not demand or product qualification.",30,30,25,13,98,Inherited from or calibrated to parent SKU-178 and kept separate from the new interface evidence; specificity does not count as demand proof.,INHERITED DIRECTIONAL PLANNING SCORE — NOT VALIDATED VARIANT DEMAND,SYSTEM_INSERT,S76,"IKEA SAMLA box interior envelope, article 401.029.78",IKEA publishes 39 x 28 x 14 cm / 11 l for article 401.029.78; the insert is built inside the published 390 x 280 mm footprint as printable modules and stays below the 140 mm rim.,E3 primary-source nominal data for the exact named variant; independent measurement and physical fit remain open.,"IKEA publishes the article identity and its nominal outer dimensions only; inner span, panel thickness, assembly tolerance, shelf deflection, national variants and future article revisions are not published and must be gauged on one physical unit before any compatibility wording. SAMLA is an injection-moulded box with draft angles and radii, so the usable floor footprint is smaller than the published outer size.",MM-R3-K3MAX-PETG-0P4-0P20-2026-08-31; flat stable base down; support-free,business/02-portfolio/research-r3-process-baseline.json,"Build a three-value fit gauge around the official companion-product envelope, inspect every module and seam, then test the gauge and unloaded modular set in one exact host article before any compatibility statement.","The minus/nominal/plus gauge identifies a freely removable fit without rubbing; all modules remain inside the selected nominal envelope, seams stay below 0.50 mm under light hand pressure, the host closes normally, and 100 removal cycles cause no visible marking.",3,2,3,3,2,0,2,2,2,2,3,56.0,C3,R3,R3,R3,R3,R3,R3,"The exact variant, intended use and exclusions are fixed; critical interface nominals come from a cited primary source; one exact hashed printer/material/nozzle/orientation/process baseline is pinned; acceptance criteria and a coupon/prototype method are defined. Independent dimensional and physical validation is still missing, so readiness stops at R3.",K1,C,C,CONDITIONAL,GO_WITH_CONTROLS,G0 PASS; G1 PASS; G2 PASS; G3 PASS; G4 PASS; G5 PASS; G6 PASS,C3 · R3 · K1 · Lane C · CONDITIONAL,STRUCTURED SPECIFIC-VARIANT PREFLIGHT R3 — NOT PRODUCT RELEASE APPROVAL,2026-09-04,1.0
SKU-521,SKU-178,IKEA MOPPE 402.163.57 keepsake drawer insert set,Named-box keepsake inserts,Specific R3 variation of SKU-178,Turn the drawers of one IKEA MOPPE 42 x 18 x 32 cm mini chest into labelled keepsake compartments without altering or finishing the chest.,Turn the drawers of one IKEA MOPPE 42 x 18 x 32 cm mini chest into labelled keepsake compartments without altering or finishing the chest.,"Adults seeking precise, low-risk organization or display accessories",The parent keepsake insert scores 98; MOPPE is a widely customised keepsake host and adds no separate variant demand proof.,Core — exact named-format or named-product organization with a guided metriMade proposition,A named nominal interface can become a low-volume exact variant while the generic parent remains available for other dimensions.,Exact host article 402.163.57; drawer selection; keepsake formats; compartment map; names or dates,per-drawer compartment map; divider height; finish-allowance clearance; tab position; text,220,170,60,SUNLU PETG Black,None,Moderate,Digital first after physical qualification; printed later after fulfillment qualification,16-32,55-120,2,"Adult dry removable organization only; no structural furniture, load-bearing, anti-tip, child-use or guaranteed cross-revision compatibility claim.",94,R3 advancement wave 2 — specific COTS/system interface,S01; S31; S33; S11; S19; S32; S72; S53,P0 evidence-backed specific variant,"Gauge one real MOPPE drawer interior in three axes, then print a minus/nominal/plus insert before any compatibility wording.","Drawer-host sibling of the box children; the published outer size is explicitly not a drawer interior. Trend and opportunity remain directional; R3 is design-input maturity, not demand or product qualification.",30,30,25,13,98,Inherited from or calibrated to parent SKU-178 and kept separate from the new interface evidence; specificity does not count as demand proof.,INHERITED DIRECTIONAL PLANNING SCORE — NOT VALIDATED VARIANT DEMAND,SYSTEM_INSERT,S72,"IKEA MOPPE mini chest drawer envelope, article 402.163.57",IKEA publishes 42 x 18 x 32 cm for article 402.163.57; the insert set is dimensioned from the published 420 x 180 mm outer footprint with the declared clearance and a per-drawer height budget inside the 320 mm unit height.,E3 primary-source nominal data for the exact named variant; independent measurement and physical fit remain open.,"IKEA publishes the article identity and its nominal outer dimensions only; inner span, panel thickness, assembly tolerance, shelf deflection, national variants and future article revisions are not published and must be gauged on one physical unit before any compatibility wording. IKEA does not publish MOPPE drawer interiors, so per-drawer width, depth and height must be gauged on one physical unit; untreated birch plywood also swells with humidity and with any customer finish.",MM-R3-K3MAX-PETG-0P4-0P20-2026-08-31; flat stable base down; support-free,business/02-portfolio/research-r3-process-baseline.json,"Build a three-value fit gauge around the official companion-product envelope, inspect every module and seam, then test the gauge and unloaded modular set in one exact host article before any compatibility statement.","The minus/nominal/plus gauge identifies a freely removable fit without rubbing; all modules remain inside the selected nominal envelope, seams stay below 0.50 mm under light hand pressure, the host closes normally, and 100 removal cycles cause no visible marking.",3,2,3,3,2,0,2,2,2,2,3,56.0,C3,R3,R3,R3,R3,R3,R3,"The exact variant, intended use and exclusions are fixed; critical interface nominals come from a cited primary source; one exact hashed printer/material/nozzle/orientation/process baseline is pinned; acceptance criteria and a coupon/prototype method are defined. Independent dimensional and physical validation is still missing, so readiness stops at R3.",K1,C,C,CONDITIONAL,GO_WITH_CONTROLS,G0 PASS; G1 PASS; G2 PASS; G3 PASS; G4 PASS; G5 PASS; G6 PASS,C3 · R3 · K1 · Lane C · CONDITIONAL,STRUCTURED SPECIFIC-VARIANT PREFLIGHT R3 — NOT PRODUCT RELEASE APPROVAL,2026-09-04,1.0
SKU-522,SKU-178,IKEA HELMER 006.199.02 keepsake drawer fitted insert,Named-box keepsake inserts,Specific R3 variation of SKU-178,"Turn one IKEA HELMER steel drawer into labelled keepsake compartments for tickets, photos and small mementos without altering the drawer unit.","Turn one IKEA HELMER steel drawer into labelled keepsake compartments for tickets, photos and small mementos without altering the drawer unit.","Adults seeking precise, low-risk organization or display accessories","The parent keepsake insert scores 98; HELMER publishes an interior drawer size, which makes it the most measurable keepsake host in the group.",Core — exact named-format or named-product organization with a guided metriMade proposition,A named nominal interface can become a low-volume exact variant while the generic parent remains available for other dimensions.,Exact host article 006.199.02; drawer selection; keepsake formats; compartment map; names or dates,compartment map; corner-radius relief; divider height; tab position; text,220,180,55,SUNLU PETG Black,None,Moderate,Digital first after physical qualification; printed later after fulfillment qualification,16-32,55-120,2,"Adult dry removable organization only; no structural furniture, load-bearing, anti-tip, child-use or guaranteed cross-revision compatibility claim.",94,R3 advancement wave 2 — specific COTS/system interface,S01; S31; S33; S11; S19; S32; S68; S53,P0 evidence-backed specific variant,Print a 220 x 370 mm minus/nominal/plus footprint gauge and confirm corner radii and usable height on one real HELMER drawer.,"Highest-evidence host in the keepsake group because IKEA publishes the drawer interior directly; the 1 kg drawer limit is a named constraint. Trend and opportunity remain directional; R3 is design-input maturity, not demand or product qualification.",30,30,25,13,98,Inherited from or calibrated to parent SKU-178 and kept separate from the new interface evidence; specificity does not count as demand proof.,INHERITED DIRECTIONAL PLANNING SCORE — NOT VALIDATED VARIANT DEMAND,SYSTEM_INSERT,S68,"IKEA HELMER drawer interior envelope, article 006.199.02","IKEA publishes interior drawer width 22 cm and interior drawer depth 37 cm for article 006.199.02, with 28 x 44 x 65 cm outer size, 5 kg unit load and 1 kg per drawer; the insert is built inside the published 220 x 370 mm interior with the declared clearance.",E3 primary-source nominal data for the exact named variant; independent measurement and physical fit remain open.,"IKEA publishes the article identity and its nominal outer dimensions only; inner span, panel thickness, assembly tolerance, shelf deflection, national variants and future article revisions are not published and must be gauged on one physical unit before any compatibility wording. The published interior is a nominal for a folded steel drawer; corner radii, usable height and the 1 kg per-drawer load limit still bound the design.",MM-R3-K3MAX-PETG-0P4-0P20-2026-08-31; flat stable base down; support-free,business/02-portfolio/research-r3-process-baseline.json,"Build a three-value fit gauge around the official companion-product envelope, inspect every module and seam, then test the gauge and unloaded modular set in one exact host article before any compatibility statement.","The minus/nominal/plus gauge identifies a freely removable fit without rubbing; all modules remain inside the selected nominal envelope, seams stay below 0.50 mm under light hand pressure, the host closes normally, and 100 removal cycles cause no visible marking.",3,2,3,3,2,0,2,2,2,2,3,56.0,C3,R3,R3,R3,R3,R3,R3,"The exact variant, intended use and exclusions are fixed; critical interface nominals come from a cited primary source; one exact hashed printer/material/nozzle/orientation/process baseline is pinned; acceptance criteria and a coupon/prototype method are defined. Independent dimensional and physical validation is still missing, so readiness stops at R3.",K1,C,C,CONDITIONAL,GO_WITH_CONTROLS,G0 PASS; G1 PASS; G2 PASS; G3 PASS; G4 PASS; G5 PASS; G6 PASS,C3 · R3 · K1 · Lane C · CONDITIONAL,STRUCTURED SPECIFIC-VARIANT PREFLIGHT R3 — NOT PRODUCT RELEASE APPROVAL,2026-09-04,1.0
SKU-523,SKU-200,ISO/IEC 7810 ID-1 card leaving-home token station,Named-token routine stations,Specific R3 variation of SKU-200,"Move ID-1 format cards such as transit, gym and access cards between a to-do and a ready column so an adult can see at a glance which cards are packed.","Move ID-1 format cards such as transit, gym and access cards between a to-do and a ready column so an adult can see at a glance which cards are packed.","Adults seeking precise, low-risk organization or display accessories",The parent checklist token station scores 98; ID-1 is the most standardised daily-carry token and makes the bay exact without proving separate variant demand.,Core — exact named-format or named-product organization with a guided metriMade proposition,A named nominal interface can become a low-volume exact variant while the generic parent remains available for other dimensions.,Checklist labels; card count; language; available footprint; names,column count; bay pitch; finger notch; text and icons; base depth,180,140,120,SUNLU PETG Black,None,Moderate,Digital first after physical qualification; printed later after fulfillment qualification,12-22,34-70,2,"Adult reminder aid only; no medical, cognitive, child-safety, security, data-protection or guaranteed-loss-prevention claim.",90,R3 advancement wave 2 — specific COTS/system interface,S31; S01; S11; S19; S24; S32; S60; S53,P0 evidence-backed specific variant,"Print one to-do/ready bay pair and test flat, embossed and contactless cards for one-handed movement and retention.","Specific child of the generic token station; embossed cards are named as an explicit out-of-nominal case. Trend and opportunity remain directional; R3 is design-input maturity, not demand or product qualification.",30,29,25,14,98,Inherited from or calibrated to parent SKU-200 and kept separate from the new interface evidence; specificity does not count as demand proof.,INHERITED DIRECTIONAL PLANNING SCORE — NOT VALIDATED VARIANT DEMAND,TOKEN_STATION,S60,ISO/IEC 7810 ID-1 card envelope,ISO/IEC 7810 fixes ID-1 at 85.60 x 53.98 mm with a 0.76 mm nominal thickness; both column bays carry the declared clearance on the 53.98 mm edge and leave a finger notch on the 85.60 mm edge.,E3 primary-source nominal data for the exact named variant; independent measurement and physical fit remain open.,"The standard fixes the trimmed nominal format only; real media carries manufacturing tolerance, cover bow, corner wear, thickness variation and stack growth, which stay physical-test variables. Embossed, contactless and thicker composite cards exceed the 0.76 mm nominal; no identity, payment, RF-performance or data-protection function is implied.",MM-R3-K3MAX-PETG-0P4-0P20-2026-08-31; flat stable base down; support-free,business/02-portfolio/research-r3-process-baseline.json,"Print one to-do/ready column pair sized to the cited nominal token envelope, inspect both bays, then test one-handed token movement, retention against a desk bump, label legibility and 200 move cycles with the exact named item.",Both bays accept the cited nominal token plus the declared clearance within 0.30 mm; a token can be moved one-handed without lifting the station; no token leaves its bay after a 10-degree tilt; and 200 move cycles cause no visible marking on the token.,2,2,2,2,2,1,2,1,1,1,2,41.5,C3,R3,R3,R3,R3,R3,R3,"The exact variant, intended use and exclusions are fixed; critical interface nominals come from a cited primary source; one exact hashed printer/material/nozzle/orientation/process baseline is pinned; acceptance criteria and a coupon/prototype method are defined. Independent dimensional and physical validation is still missing, so readiness stops at R3.",K1,C,C,CONDITIONAL,GO_WITH_CONTROLS,G0 PASS; G1 PASS; G2 PASS; G3 PASS; G4 PASS; G5 PASS; G6 PASS,C3 · R3 · K1 · Lane C · CONDITIONAL,STRUCTURED SPECIFIC-VARIANT PREFLIGHT R3 — NOT PRODUCT RELEASE APPROVAL,2026-09-04,1.0
SKU-524,SKU-200,ICAO 9303 TD3 passport leaving-home token station,Named-token routine stations,Specific R3 variation of SKU-200,Move one TD3 format passport booklet between a to-do and a ready column so an adult can confirm travel documents before leaving home.,Move one TD3 format passport booklet between a to-do and a ready column so an adult can confirm travel documents before leaving home.,"Adults seeking precise, low-risk organization or display accessories",The parent checklist token station scores 98; the TD3 booklet is a published international format and adds no separate variant demand proof.,Core — exact named-format or named-product organization with a guided metriMade proposition,A named nominal interface can become a low-volume exact variant while the generic parent remains available for other dimensions.,Checklist labels; booklet count; language; available footprint; names,column count; bay depth; spine allowance; finger notch; text and icons,180,140,120,SUNLU PETG Black,None,Moderate,Digital first after physical qualification; printed later after fulfillment qualification,12-22,34-70,2,"Adult reminder aid only; no medical, cognitive, child-safety, security, data-protection or guaranteed-loss-prevention claim.",90,R3 advancement wave 2 — specific COTS/system interface,S31; S01; S11; S19; S24; S32; S61; S53,P0 evidence-backed specific variant,Print one to-do/ready bay pair and measure closed spine thickness on three real booklets before setting the bay depth.,"Travel sibling of the token-station group; spine thickness is deliberately left as the open physical variable. Trend and opportunity remain directional; R3 is design-input maturity, not demand or product qualification.",30,29,25,14,98,Inherited from or calibrated to parent SKU-200 and kept separate from the new interface evidence; specificity does not count as demand proof.,INHERITED DIRECTIONAL PLANNING SCORE — NOT VALIDATED VARIANT DEMAND,TOKEN_STATION,S61,ICAO Doc 9303 TD3 travel-document booklet envelope,ICAO Doc 9303 specifies the TD3 nominal size as 125 x 88 mm; both column bays carry the declared clearance on the 88 mm edge and are sized for a closed booklet with an unspecified spine thickness.,E3 primary-source nominal data for the exact named variant; independent measurement and physical fit remain open.,"ICAO fixes the planform only; booklet spine thickness, cover swell, protective sleeves and national variants are not standardised. No security, tamper-evidence, screening, privacy or document-protection function is implied.",MM-R3-K3MAX-PETG-0P4-0P20-2026-08-31; flat stable base down; support-free,business/02-portfolio/research-r3-process-baseline.json,"Print one to-do/ready column pair sized to the cited nominal token envelope, inspect both bays, then test one-handed token movement, retention against a desk bump, label legibility and 200 move cycles with the exact named item.",Both bays accept the cited nominal token plus the declared clearance within 0.30 mm; a token can be moved one-handed without lifting the station; no token leaves its bay after a 10-degree tilt; and 200 move cycles cause no visible marking on the token.,2,2,2,2,2,1,2,1,1,1,2,41.5,C3,R3,R3,R3,R3,R3,R3,"The exact variant, intended use and exclusions are fixed; critical interface nominals come from a cited primary source; one exact hashed printer/material/nozzle/orientation/process baseline is pinned; acceptance criteria and a coupon/prototype method are defined. Independent dimensional and physical validation is still missing, so readiness stops at R3.",K1,C,C,CONDITIONAL,GO_WITH_CONTROLS,G0 PASS; G1 PASS; G2 PASS; G3 PASS; G4 PASS; G5 PASS; G6 PASS,C3 · R3 · K1 · Lane C · CONDITIONAL,STRUCTURED SPECIFIC-VARIANT PREFLIGHT R3 — NOT PRODUCT RELEASE APPROVAL,2026-09-04,1.0
SKU-525,SKU-200,AirTag 2nd-generation leaving-home token station,Named-token routine stations,Specific R3 variation of SKU-200,Park a named Apple AirTag tracker in a to-do or ready bay so an adult can see whether a tagged item is packed before leaving home.,Park a named Apple AirTag tracker in a to-do or ready bay so an adult can see whether a tagged item is packed before leaving home.,"Adults seeking precise, low-risk organization or display accessories",The parent checklist token station scores 98; a published tracker envelope makes the bay exact and adds no separate variant demand proof.,Core — exact named-format or named-product organization with a guided metriMade proposition,A named nominal interface can become a low-volume exact variant while the generic parent remains available for other dimensions.,Checklist labels; tracker count; language; available footprint; names,column count; recess diameter; recess depth; finger notch; text and icons,180,140,120,SUNLU PETG Black,None,Moderate,Digital first after physical qualification; printed later after fulfillment qualification,12-22,34-70,2,"Adult reminder aid only; no medical, cognitive, child-safety, security, data-protection or guaranteed-loss-prevention claim.",90,R3 advancement wave 2 — specific COTS/system interface,S31; S01; S11; S19; S24; S32; S49; S53,P0 evidence-backed specific variant,Print one recess coupon from the published tracker nominal and test one real tracker for free placement and retention.,"Reuses the named-tracker interface already established for SKU-312; holders and cases stay out of the nominal. Trend and opportunity remain directional; R3 is design-input maturity, not demand or product qualification.",30,29,25,14,98,Inherited from or calibrated to parent SKU-200 and kept separate from the new interface evidence; specificity does not count as demand proof.,INHERITED DIRECTIONAL PLANNING SCORE — NOT VALIDATED VARIANT DEMAND,TOKEN_STATION,S49,Apple AirTag (2nd generation) external envelope,Apple publishes the AirTag (2nd generation) technical specifications including its disc diameter and thickness; both bays are built as open-top recesses to the published nominal with the declared clearance and a finger notch.,E3 primary-source nominal data for the exact named variant; independent measurement and physical fit remain open.,"Apple nominal specification only; no case, keyring holder, battery-door protrusion, RF-performance, tracking-function, water-resistance or child-use claim is covered, and Apple trademark rules require release review.",MM-R3-K3MAX-PETG-0P4-0P20-2026-08-31; flat stable base down; support-free,business/02-portfolio/research-r3-process-baseline.json,"Print one to-do/ready column pair sized to the cited nominal token envelope, inspect both bays, then test one-handed token movement, retention against a desk bump, label legibility and 200 move cycles with the exact named item.",Both bays accept the cited nominal token plus the declared clearance within 0.30 mm; a token can be moved one-handed without lifting the station; no token leaves its bay after a 10-degree tilt; and 200 move cycles cause no visible marking on the token.,2,2,2,2,2,1,2,1,1,1,2,41.5,C3,R3,R3,R3,R3,R3,R3,"The exact variant, intended use and exclusions are fixed; critical interface nominals come from a cited primary source; one exact hashed printer/material/nozzle/orientation/process baseline is pinned; acceptance criteria and a coupon/prototype method are defined. Independent dimensional and physical validation is still missing, so readiness stops at R3.",K1,C,C,CONDITIONAL,GO_WITH_CONTROLS,G0 PASS; G1 PASS; G2 PASS; G3 PASS; G4 PASS; G5 PASS; G6 PASS,C3 · R3 · K1 · Lane C · CONDITIONAL,STRUCTURED SPECIFIC-VARIANT PREFLIGHT R3 — NOT PRODUCT RELEASE APPROVAL,2026-09-04,1.0
SKU-526,SKU-200,Euro circulation-coin leaving-home token station,Named-token routine stations,Specific R3 variation of SKU-200,"Park a defined euro coin float in a to-do or ready column so an adult can confirm deposit, locker and trolley coins before leaving home.","Park a defined euro coin float in a to-do or ready column so an adult can confirm deposit, locker and trolley coins before leaving home.","Adults seeking precise, low-risk organization or display accessories",The parent checklist token station scores 98; euro coin specifications are fixed in EU law and make each bay exact without proving separate variant demand.,Core — exact named-format or named-product organization with a guided metriMade proposition,A named nominal interface can become a low-volume exact variant while the generic parent remains available for other dimensions.,Checklist labels; denomination list; coin count per bay; language; available footprint,column count; recess diameter per denomination; stack depth; finger notch; text,180,140,120,SUNLU PETG Black,None,Moderate,Digital first after physical qualification; printed later after fulfillment qualification,12-22,34-70,2,"Adult reminder aid only; no medical, cognitive, child-safety, security, data-protection or guaranteed-loss-prevention claim.",90,R3 advancement wave 2 — specific COTS/system interface,S31; S01; S11; S19; S24; S32; S47; S53,P0 evidence-backed specific variant,Print the two closest-diameter recesses and confirm that circulating coins cannot cross-enter before any denomination wording.,"Coin sibling of the token-station group; the 10c/5c and 1 EUR/50c diameter pairs are the named separation risk. Trend and opportunity remain directional; R3 is design-input maturity, not demand or product qualification.",30,29,25,14,98,Inherited from or calibrated to parent SKU-200 and kept separate from the new interface evidence; specificity does not count as demand proof.,INHERITED DIRECTIONAL PLANNING SCORE — NOT VALIDATED VARIANT DEMAND,TOKEN_STATION,S47,Euro circulating-coin denomination set,"Published euro coin specifications give 1c 16.25, 2c 18.75, 5c 21.25, 10c 19.75, 20c 22.25, 50c 24.25, 1 EUR 23.25 and 2 EUR 25.75 mm diameter with edge heights from 1.67 to 2.38 mm; each bay is an open recess sized to one named denomination plus the declared clearance.",E3 primary-source nominal data for the exact named variant; independent measurement and physical fit remain open.,"Published nominal specifications only. Only currently issued circulating denominations are in scope; worn, foreign, commemorative, bimetallic-damaged and pre-issue coins are excluded, and no authentication, counting or secure-storage function is implied.",MM-R3-K3MAX-PETG-0P4-0P20-2026-08-31; flat stable base down; support-free,business/02-portfolio/research-r3-process-baseline.json,"Print one to-do/ready column pair sized to the cited nominal token envelope, inspect both bays, then test one-handed token movement, retention against a desk bump, label legibility and 200 move cycles with the exact named item.",Both bays accept the cited nominal token plus the declared clearance within 0.30 mm; a token can be moved one-handed without lifting the station; no token leaves its bay after a 10-degree tilt; and 200 move cycles cause no visible marking on the token.,2,2,2,2,2,1,2,1,1,1,2,41.5,C3,R3,R3,R3,R3,R3,R3,"The exact variant, intended use and exclusions are fixed; critical interface nominals come from a cited primary source; one exact hashed printer/material/nozzle/orientation/process baseline is pinned; acceptance criteria and a coupon/prototype method are defined. Independent dimensional and physical validation is still missing, so readiness stops at R3.",K1,C,C,CONDITIONAL,GO_WITH_CONTROLS,G0 PASS; G1 PASS; G2 PASS; G3 PASS; G4 PASS; G5 PASS; G6 PASS,C3 · R3 · K1 · Lane C · CONDITIONAL,STRUCTURED SPECIFIC-VARIANT PREFLIGHT R3 — NOT PRODUCT RELEASE APPROVAL,2026-09-04,1.0
SKU-527,SKU-200,DIN A7 74 x 105 checklist-card token station,Named-token routine stations,Specific R3 variation of SKU-200,Move printed A7 checklist cards between a to-do and a ready column so a household can reconfigure its leaving-home routine without reprinting the station.,Move printed A7 checklist cards between a to-do and a ready column so a household can reconfigure its leaving-home routine without reprinting the station.,"Adults seeking precise, low-risk organization or display accessories",The parent checklist token station scores 98; A7 cards make the routine itself the customer-editable part and add no separate variant demand proof.,Core — exact named-format or named-product organization with a guided metriMade proposition,A named nominal interface can become a low-volume exact variant while the generic parent remains available for other dimensions.,Checklist labels; card count; card stock; language; available footprint; names,column count; bay width; stack depth; card rake angle; text and icons,180,140,120,SUNLU PETG Black,None,Moderate,Digital first after physical qualification; printed later after fulfillment qualification,12-22,34-70,2,"Adult reminder aid only; no medical, cognitive, child-safety, security, data-protection or guaranteed-loss-prevention claim.",90,R3 advancement wave 2 — specific COTS/system interface,S31; S01; S11; S19; S24; S32; S59; S53,P0 evidence-backed specific variant,Print one to-do/ready bay pair and test 160 g and laminated cards for one-handed movement and legibility.,"Paper-token sibling of the group; the station stays generic while the customer owns the routine content. Trend and opportunity remain directional; R3 is design-input maturity, not demand or product qualification.",30,29,25,14,98,Inherited from or calibrated to parent SKU-200 and kept separate from the new interface evidence; specificity does not count as demand proof.,INHERITED DIRECTIONAL PLANNING SCORE — NOT VALIDATED VARIANT DEMAND,TOKEN_STATION,S59,ISO 216 A7 trimmed card planform,ISO 216 fixes A7 at 74 x 105 mm; both column bays carry the declared clearance on the 74 mm edge and are sized for a customer-defined card stack depth.,E3 primary-source nominal data for the exact named variant; independent measurement and physical fit remain open.,"The standard fixes the trimmed nominal format only; real media carries manufacturing tolerance, cover bow, corner wear, thickness variation and stack growth, which stay physical-test variables. Card stiffness, laminate thickness and stack growth are customer-side variables; no medical, cognitive or guaranteed-loss-prevention function is implied.",MM-R3-K3MAX-PETG-0P4-0P20-2026-08-31; flat stable base down; support-free,business/02-portfolio/research-r3-process-baseline.json,"Print one to-do/ready column pair sized to the cited nominal token envelope, inspect both bays, then test one-handed token movement, retention against a desk bump, label legibility and 200 move cycles with the exact named item.",Both bays accept the cited nominal token plus the declared clearance within 0.30 mm; a token can be moved one-handed without lifting the station; no token leaves its bay after a 10-degree tilt; and 200 move cycles cause no visible marking on the token.,2,2,2,2,2,1,2,1,1,1,2,41.5,C3,R3,R3,R3,R3,R3,R3,"The exact variant, intended use and exclusions are fixed; critical interface nominals come from a cited primary source; one exact hashed printer/material/nozzle/orientation/process baseline is pinned; acceptance criteria and a coupon/prototype method are defined. Independent dimensional and physical validation is still missing, so readiness stops at R3.",K1,C,C,CONDITIONAL,GO_WITH_CONTROLS,G0 PASS; G1 PASS; G2 PASS; G3 PASS; G4 PASS; G5 PASS; G6 PASS,C3 · R3 · K1 · Lane C · CONDITIONAL,STRUCTURED SPECIFIC-VARIANT PREFLIGHT R3 — NOT PRODUCT RELEASE APPROVAL,2026-09-04,1.0
SKU-528,SKU-200,DIN A6 105 x 148 checklist-card token station,Named-token routine stations,Specific R3 variation of SKU-200,"Move printed A6 checklist cards between a to-do and a ready column so a shared household can run a larger, more legible leaving-home routine.","Move printed A6 checklist cards between a to-do and a ready column so a shared household can run a larger, more legible leaving-home routine.","Adults seeking precise, low-risk organization or display accessories",The parent checklist token station scores 98; the larger A6 card suits shared households and adds no separate variant demand proof.,Core — exact named-format or named-product organization with a guided metriMade proposition,A named nominal interface can become a low-volume exact variant while the generic parent remains available for other dimensions.,Checklist labels; card count; card stock; language; available footprint; names,column count; bay width; stack depth; card rake angle; text and icons,180,150,120,SUNLU PETG Black,None,Moderate,Digital first after physical qualification; printed later after fulfillment qualification,12-22,34-70,2,"Adult reminder aid only; no medical, cognitive, child-safety, security, data-protection or guaranteed-loss-prevention claim.",90,R3 advancement wave 2 — specific COTS/system interface,S31; S01; S11; S19; S24; S32; S59; S53,P0 evidence-backed specific variant,Print one to-do/ready bay pair and confirm that an A6 card stays legible and stable at the chosen rake angle.,"Large-card sibling of SKU-527; base depth rather than the card format is the binding stability constraint. Trend and opportunity remain directional; R3 is design-input maturity, not demand or product qualification.",30,29,25,14,98,Inherited from or calibrated to parent SKU-200 and kept separate from the new interface evidence; specificity does not count as demand proof.,INHERITED DIRECTIONAL PLANNING SCORE — NOT VALIDATED VARIANT DEMAND,TOKEN_STATION,S59,ISO 216 A6 trimmed card planform,ISO 216 fixes A6 at 105 x 148 mm; both column bays carry the declared clearance on the 105 mm edge and are sized for a customer-defined card stack depth.,E3 primary-source nominal data for the exact named variant; independent measurement and physical fit remain open.,"The standard fixes the trimmed nominal format only; real media carries manufacturing tolerance, cover bow, corner wear, thickness variation and stack growth, which stay physical-test variables. Card stiffness, laminate thickness and stack growth are customer-side variables; no medical, cognitive or guaranteed-loss-prevention function is implied.",MM-R3-K3MAX-PETG-0P4-0P20-2026-08-31; flat stable base down; support-free,business/02-portfolio/research-r3-process-baseline.json,"Print one to-do/ready column pair sized to the cited nominal token envelope, inspect both bays, then test one-handed token movement, retention against a desk bump, label legibility and 200 move cycles with the exact named item.",Both bays accept the cited nominal token plus the declared clearance within 0.30 mm; a token can be moved one-handed without lifting the station; no token leaves its bay after a 10-degree tilt; and 200 move cycles cause no visible marking on the token.,2,2,2,2,2,1,2,1,1,1,2,41.5,C3,R3,R3,R3,R3,R3,R3,"The exact variant, intended use and exclusions are fixed; critical interface nominals come from a cited primary source; one exact hashed printer/material/nozzle/orientation/process baseline is pinned; acceptance criteria and a coupon/prototype method are defined. Independent dimensional and physical validation is still missing, so readiness stops at R3.",K1,C,C,CONDITIONAL,GO_WITH_CONTROLS,G0 PASS; G1 PASS; G2 PASS; G3 PASS; G4 PASS; G5 PASS; G6 PASS,C3 · R3 · K1 · Lane C · CONDITIONAL,STRUCTURED SPECIFIC-VARIANT PREFLIGHT R3 — NOT PRODUCT RELEASE APPROVAL,2026-09-04,1.0
SKU-529,SKU-133,USB Type-C plug labeled cable-winder cassette,Named-connector cable cassettes,Specific R3 variation of SKU-133,Store several wound low-voltage USB Type-C leads in a compact labelled travel cassette whose connector bays are cut to the USB-IF Type-C plug envelope.,Store several wound low-voltage USB Type-C leads in a compact labelled travel cassette whose connector bays are cut to the USB-IF Type-C plug envelope.,"Adults seeking precise, low-risk organization or display accessories",The parent cable cassette scores 97; the USB-IF Type-C envelope makes each bay exact but does not prove separate variant demand.,Core — exact named-format or named-product organization with a guided metriMade proposition,A named nominal interface can become a low-volume exact variant while the generic parent remains available for other dimensions.,Cable lengths; jacket diameters; cable count; labels; minimum bend radius,spool radius; bay count; overmould allowance; lid clearance; label text; hinge style,180,120,45,SUNLU PETG Black,None,Moderate,Digital first after physical qualification; printed later after fulfillment qualification,10-19,30-60,2,"Low-voltage dry data and charging leads only; no in-use coiling, power delivery, heat, mains, damaged-cable or child-use claim.",91,R3 advancement wave 2 — specific COTS/system interface,S31; S01; S09; S11; S19; S32; S58; S53,P0 evidence-backed specific variant,"Print one Type-C bay and spool segment and test three real cables for bend radius, retention and lid clearance.","Specific child of the generic cable cassette; the standard fixes only the plug, so overmould stays a measured parameter. Trend and opportunity remain directional; R3 is design-input maturity, not demand or product qualification.",30,29,25,13,97,Inherited from or calibrated to parent SKU-133 and kept separate from the new interface evidence; specificity does not count as demand proof.,INHERITED DIRECTIONAL PLANNING SCORE — NOT VALIDATED VARIANT DEMAND,CABLE_BAY,S58,USB Type-C plug connector envelope,The USB Type-C specification fixes the connector opening at 8.34 mm wide by 2.56 mm high; each bay is cut to that nominal plus the declared clearance and adds a published-overmould allowance as a separate parameter.,E3 primary-source nominal data for the exact named variant; independent measurement and physical fit remain open.,"USB-IF fixes the connector envelope only; cable jacket diameter, strain-relief overmould, minimum bend radius and third-party connector housings vary by cable product and remain physical-test variables.",MM-R3-K3MAX-PETG-0P4-0P20-2026-08-31; flat stable base down; support-free,business/02-portfolio/research-r3-process-baseline.json,"Print one connector bay and spool segment from the cited connector envelope, inspect the bay, then wind, store and release a real cable of the named connector type and check bend radius, connector retention, lid clearance and 100 wind/release cycles.",The bay accepts the cited nominal connector envelope plus the declared clearance within 0.30 mm; the wound cable never falls below the declared minimum bend radius; the connector stays captured when the closed cassette is shaken; and 100 wind/release cycles leave no jacket damage.,2,2,2,2,2,1,2,1,2,1,2,43.25,C3,R3,R3,R3,R3,R3,R3,"The exact variant, intended use and exclusions are fixed; critical interface nominals come from a cited primary source; one exact hashed printer/material/nozzle/orientation/process baseline is pinned; acceptance criteria and a coupon/prototype method are defined. Independent dimensional and physical validation is still missing, so readiness stops at R3.",K1,C,C,CONDITIONAL,GO_WITH_CONTROLS,G0 PASS; G1 PASS; G2 PASS; G3 PASS; G4 PASS; G5 PASS; G6 PASS,C3 · R3 · K1 · Lane C · CONDITIONAL,STRUCTURED SPECIFIC-VARIANT PREFLIGHT R3 — NOT PRODUCT RELEASE APPROVAL,2026-09-04,1.0
SKU-530,SKU-133,USB Standard-A plug labeled cable-winder cassette,Named-connector cable cassettes,Specific R3 variation of SKU-133,Store several wound low-voltage USB Standard-A leads in a compact labelled travel cassette whose connector bays are cut to the USB-IF Standard-A plug envelope.,Store several wound low-voltage USB Standard-A leads in a compact labelled travel cassette whose connector bays are cut to the USB-IF Standard-A plug envelope.,"Adults seeking precise, low-risk organization or display accessories",The parent cable cassette scores 97; Standard-A remains the largest legacy connector in mixed travel kits and adds no separate demand proof.,Core — exact named-format or named-product organization with a guided metriMade proposition,A named nominal interface can become a low-volume exact variant while the generic parent remains available for other dimensions.,Cable lengths; jacket diameters; cable count; labels; minimum bend radius,spool radius; bay count; overmould allowance; lid clearance; label text; hinge style,180,120,45,SUNLU PETG Black,None,Moderate,Digital first after physical qualification; printed later after fulfillment qualification,10-19,30-60,2,"Low-voltage dry data and charging leads only; no in-use coiling, power delivery, heat, mains, damaged-cable or child-use claim.",91,R3 advancement wave 2 — specific COTS/system interface,S31; S01; S09; S11; S19; S32; S58; S53,P0 evidence-backed specific variant,"Print one Standard-A bay and spool segment and test three real cables for bend radius, retention and lid clearance.","Largest connector bay in the cassette group; it sets the cassette height for mixed-connector layouts. Trend and opportunity remain directional; R3 is design-input maturity, not demand or product qualification.",30,29,25,13,97,Inherited from or calibrated to parent SKU-133 and kept separate from the new interface evidence; specificity does not count as demand proof.,INHERITED DIRECTIONAL PLANNING SCORE — NOT VALIDATED VARIANT DEMAND,CABLE_BAY,S58,USB Standard-A plug connector envelope,The USB specification fixes the Standard-A plug contact opening at 12.0 mm wide by 4.5 mm high; each bay is cut to that nominal plus the declared clearance and adds a published-overmould allowance as a separate parameter.,E3 primary-source nominal data for the exact named variant; independent measurement and physical fit remain open.,"USB-IF fixes the connector envelope only; cable jacket diameter, strain-relief overmould, minimum bend radius and third-party connector housings vary by cable product and remain physical-test variables.",MM-R3-K3MAX-PETG-0P4-0P20-2026-08-31; flat stable base down; support-free,business/02-portfolio/research-r3-process-baseline.json,"Print one connector bay and spool segment from the cited connector envelope, inspect the bay, then wind, store and release a real cable of the named connector type and check bend radius, connector retention, lid clearance and 100 wind/release cycles.",The bay accepts the cited nominal connector envelope plus the declared clearance within 0.30 mm; the wound cable never falls below the declared minimum bend radius; the connector stays captured when the closed cassette is shaken; and 100 wind/release cycles leave no jacket damage.,2,2,2,2,2,1,2,1,2,1,2,43.25,C3,R3,R3,R3,R3,R3,R3,"The exact variant, intended use and exclusions are fixed; critical interface nominals come from a cited primary source; one exact hashed printer/material/nozzle/orientation/process baseline is pinned; acceptance criteria and a coupon/prototype method are defined. Independent dimensional and physical validation is still missing, so readiness stops at R3.",K1,C,C,CONDITIONAL,GO_WITH_CONTROLS,G0 PASS; G1 PASS; G2 PASS; G3 PASS; G4 PASS; G5 PASS; G6 PASS,C3 · R3 · K1 · Lane C · CONDITIONAL,STRUCTURED SPECIFIC-VARIANT PREFLIGHT R3 — NOT PRODUCT RELEASE APPROVAL,2026-09-04,1.0
SKU-531,SKU-133,USB Standard-B plug labeled cable-winder cassette,Named-connector cable cassettes,Specific R3 variation of SKU-133,Store wound low-voltage USB Standard-B printer and instrument leads in a compact labelled cassette whose connector bays are cut to the USB-IF Standard-B plug envelope.,Store wound low-voltage USB Standard-B printer and instrument leads in a compact labelled cassette whose connector bays are cut to the USB-IF Standard-B plug envelope.,"Adults seeking precise, low-risk organization or display accessories",The parent cable cassette scores 97; Standard-B leads persist in maker and studio kits and add no separate variant demand proof.,Core — exact named-format or named-product organization with a guided metriMade proposition,A named nominal interface can become a low-volume exact variant while the generic parent remains available for other dimensions.,Cable lengths; jacket diameters; cable count; labels; minimum bend radius,spool radius; bay count; overmould allowance; lid clearance; label text; hinge style,180,120,50,SUNLU PETG Black,None,Moderate,Digital first after physical qualification; printed later after fulfillment qualification,10-19,30-60,2,"Low-voltage dry data and charging leads only; no in-use coiling, power delivery, heat, mains, damaged-cable or child-use claim.",91,R3 advancement wave 2 — specific COTS/system interface,S31; S01; S09; S11; S19; S32; S58; S53,P0 evidence-backed specific variant,Print one Standard-B bay and measure three real plug shells before fixing the bay depth.,"Deepest bay in the cassette group; shell variance is named as the main open interface question. Trend and opportunity remain directional; R3 is design-input maturity, not demand or product qualification.",30,29,25,13,97,Inherited from or calibrated to parent SKU-133 and kept separate from the new interface evidence; specificity does not count as demand proof.,INHERITED DIRECTIONAL PLANNING SCORE — NOT VALIDATED VARIANT DEMAND,CABLE_BAY,S58,USB Standard-B plug connector envelope,The USB specification fixes the Standard-B plug as a squared connector deeper than Standard-A; each bay is cut to the published nominal plus the declared clearance and adds a published-overmould allowance as a separate parameter.,E3 primary-source nominal data for the exact named variant; independent measurement and physical fit remain open.,"USB-IF fixes the connector envelope only; cable jacket diameter, strain-relief overmould, minimum bend radius and third-party connector housings vary by cable product and remain physical-test variables. Standard-B shells vary between printer, audio-interface and industrial cable products more than the flat USB types.",MM-R3-K3MAX-PETG-0P4-0P20-2026-08-31; flat stable base down; support-free,business/02-portfolio/research-r3-process-baseline.json,"Print one connector bay and spool segment from the cited connector envelope, inspect the bay, then wind, store and release a real cable of the named connector type and check bend radius, connector retention, lid clearance and 100 wind/release cycles.",The bay accepts the cited nominal connector envelope plus the declared clearance within 0.30 mm; the wound cable never falls below the declared minimum bend radius; the connector stays captured when the closed cassette is shaken; and 100 wind/release cycles leave no jacket damage.,2,2,2,2,2,1,2,1,2,1,2,43.25,C3,R3,R3,R3,R3,R3,R3,"The exact variant, intended use and exclusions are fixed; critical interface nominals come from a cited primary source; one exact hashed printer/material/nozzle/orientation/process baseline is pinned; acceptance criteria and a coupon/prototype method are defined. Independent dimensional and physical validation is still missing, so readiness stops at R3.",K1,C,C,CONDITIONAL,GO_WITH_CONTROLS,G0 PASS; G1 PASS; G2 PASS; G3 PASS; G4 PASS; G5 PASS; G6 PASS,C3 · R3 · K1 · Lane C · CONDITIONAL,STRUCTURED SPECIFIC-VARIANT PREFLIGHT R3 — NOT PRODUCT RELEASE APPROVAL,2026-09-04,1.0
SKU-532,SKU-133,USB Mini-B plug labeled cable-winder cassette,Named-connector cable cassettes,Specific R3 variation of SKU-133,Store wound low-voltage USB Mini-B legacy leads in a compact labelled cassette whose connector bays are cut to the USB-IF Mini-B plug envelope.,Store wound low-voltage USB Mini-B legacy leads in a compact labelled cassette whose connector bays are cut to the USB-IF Mini-B plug envelope.,"Adults seeking precise, low-risk organization or display accessories",The parent cable cassette scores 97; Mini-B leads survive in camera and GPS kits and add no separate variant demand proof.,Core — exact named-format or named-product organization with a guided metriMade proposition,A named nominal interface can become a low-volume exact variant while the generic parent remains available for other dimensions.,Cable lengths; jacket diameters; cable count; labels; minimum bend radius,spool radius; bay count; overmould allowance; lid clearance; label text; hinge style,180,120,45,SUNLU PETG Black,None,Moderate,Digital first after physical qualification; printed later after fulfillment qualification,10-19,30-60,2,"Low-voltage dry data and charging leads only; no in-use coiling, power delivery, heat, mains, damaged-cable or child-use claim.",91,R3 advancement wave 2 — specific COTS/system interface,S31; S01; S09; S11; S19; S32; S58; S53,P0 evidence-backed specific variant,Print one Mini-B bay and confirm the nominal against one named current cable product before any compatibility wording.,"Legacy sibling in the cassette group; historical shell variants are named as an explicit evidence gap. Trend and opportunity remain directional; R3 is design-input maturity, not demand or product qualification.",30,29,25,13,97,Inherited from or calibrated to parent SKU-133 and kept separate from the new interface evidence; specificity does not count as demand proof.,INHERITED DIRECTIONAL PLANNING SCORE — NOT VALIDATED VARIANT DEMAND,CABLE_BAY,S58,USB Mini-B plug connector envelope,The USB Mini-B connector is fixed by the USB-IF mini connector specification; each bay is cut to the published nominal plus the declared clearance and adds a published-overmould allowance as a separate parameter.,E3 primary-source nominal data for the exact named variant; independent measurement and physical fit remain open.,"USB-IF fixes the connector envelope only; cable jacket diameter, strain-relief overmould, minimum bend radius and third-party connector housings vary by cable product and remain physical-test variables. Mini-B is a legacy connector with several historical shell variants, so one named cable product should set the working nominal.",MM-R3-K3MAX-PETG-0P4-0P20-2026-08-31; flat stable base down; support-free,business/02-portfolio/research-r3-process-baseline.json,"Print one connector bay and spool segment from the cited connector envelope, inspect the bay, then wind, store and release a real cable of the named connector type and check bend radius, connector retention, lid clearance and 100 wind/release cycles.",The bay accepts the cited nominal connector envelope plus the declared clearance within 0.30 mm; the wound cable never falls below the declared minimum bend radius; the connector stays captured when the closed cassette is shaken; and 100 wind/release cycles leave no jacket damage.,2,2,2,2,2,1,2,1,2,1,2,43.25,C3,R3,R3,R3,R3,R3,R3,"The exact variant, intended use and exclusions are fixed; critical interface nominals come from a cited primary source; one exact hashed printer/material/nozzle/orientation/process baseline is pinned; acceptance criteria and a coupon/prototype method are defined. Independent dimensional and physical validation is still missing, so readiness stops at R3.",K1,C,C,CONDITIONAL,GO_WITH_CONTROLS,G0 PASS; G1 PASS; G2 PASS; G3 PASS; G4 PASS; G5 PASS; G6 PASS,C3 · R3 · K1 · Lane C · CONDITIONAL,STRUCTURED SPECIFIC-VARIANT PREFLIGHT R3 — NOT PRODUCT RELEASE APPROVAL,2026-09-04,1.0
SKU-533,SKU-133,USB Micro-B plug labeled cable-winder cassette,Named-connector cable cassettes,Specific R3 variation of SKU-133,Store wound low-voltage USB Micro-B leads in a compact labelled cassette whose connector bays are cut to the USB-IF Micro-B plug envelope.,Store wound low-voltage USB Micro-B leads in a compact labelled cassette whose connector bays are cut to the USB-IF Micro-B plug envelope.,"Adults seeking precise, low-risk organization or display accessories",The parent cable cassette scores 97; Micro-B remains common in accessory and power-bank kits and adds no separate variant demand proof.,Core — exact named-format or named-product organization with a guided metriMade proposition,A named nominal interface can become a low-volume exact variant while the generic parent remains available for other dimensions.,Cable lengths; jacket diameters; cable count; labels; minimum bend radius,spool radius; bay count; overmould allowance; lid clearance; label text; hinge style,180,120,45,SUNLU PETG Black,None,Moderate,Digital first after physical qualification; printed later after fulfillment qualification,10-19,30-60,2,"Low-voltage dry data and charging leads only; no in-use coiling, power delivery, heat, mains, damaged-cable or child-use claim.",91,R3 advancement wave 2 — specific COTS/system interface,S31; S01; S09; S11; S19; S32; S58; S53,P0 evidence-backed specific variant,"Print one Micro-B bay and spool segment and test three real cables for bend radius, retention and lid clearance.","Smallest bay in the cassette group; it defines the minimum practical wall between adjacent bays. Trend and opportunity remain directional; R3 is design-input maturity, not demand or product qualification.",30,29,25,13,97,Inherited from or calibrated to parent SKU-133 and kept separate from the new interface evidence; specificity does not count as demand proof.,INHERITED DIRECTIONAL PLANNING SCORE — NOT VALIDATED VARIANT DEMAND,CABLE_BAY,S58,USB Micro-B plug connector envelope,The USB Micro-USB cables and connectors specification fixes the Micro-B plug; each bay is cut to the published nominal plus the declared clearance and adds a published-overmould allowance as a separate parameter.,E3 primary-source nominal data for the exact named variant; independent measurement and physical fit remain open.,"USB-IF fixes the connector envelope only; cable jacket diameter, strain-relief overmould, minimum bend radius and third-party connector housings vary by cable product and remain physical-test variables.",MM-R3-K3MAX-PETG-0P4-0P20-2026-08-31; flat stable base down; support-free,business/02-portfolio/research-r3-process-baseline.json,"Print one connector bay and spool segment from the cited connector envelope, inspect the bay, then wind, store and release a real cable of the named connector type and check bend radius, connector retention, lid clearance and 100 wind/release cycles.",The bay accepts the cited nominal connector envelope plus the declared clearance within 0.30 mm; the wound cable never falls below the declared minimum bend radius; the connector stays captured when the closed cassette is shaken; and 100 wind/release cycles leave no jacket damage.,2,2,2,2,2,1,2,1,2,1,2,43.25,C3,R3,R3,R3,R3,R3,R3,"The exact variant, intended use and exclusions are fixed; critical interface nominals come from a cited primary source; one exact hashed printer/material/nozzle/orientation/process baseline is pinned; acceptance criteria and a coupon/prototype method are defined. Independent dimensional and physical validation is still missing, so readiness stops at R3.",K1,C,C,CONDITIONAL,GO_WITH_CONTROLS,G0 PASS; G1 PASS; G2 PASS; G3 PASS; G4 PASS; G5 PASS; G6 PASS,C3 · R3 · K1 · Lane C · CONDITIONAL,STRUCTURED SPECIFIC-VARIANT PREFLIGHT R3 — NOT PRODUCT RELEASE APPROVAL,2026-09-04,1.0
SKU-534,SKU-171,ISO/IEC 7810 ID-1 card valet pod,Named-item valet pods,Specific R3 variation of SKU-171,Give each household member a named pod that holds ID-1 format cards upright and reachable in a freestanding entryway valet tray.,Give each household member a named pod that holds ID-1 format cards upright and reachable in a freestanding entryway valet tray.,"Adults seeking precise, low-risk organization or display accessories",The parent valet tray scores 97; a standardised card envelope turns a generic pocket into an exact pod without proving separate variant demand.,Core — exact named-format or named-product organization with a guided metriMade proposition,A named nominal interface can become a low-volume exact variant while the generic parent remains available for other dimensions.,Names; card count per person; available console footprint; style and colors,pod count; slot width; stack depth; rake angle; text; connector; edge profile,220,180,45,SUNLU PETG Black,None,Moderate,Digital first after physical qualification; printed later after fulfillment qualification,9-17,27-54,1,"Freestanding adult dry organization only; no wall mounting, charging, secure-key, valuables-protection or child-use claim.",95,R3 advancement wave 1 — high trend / low complexity,S01; S31; S11; S19; S32; S60; S53,P0 evidence-backed specific variant,"Print one card pod and connector seam and test flat, embossed and contactless cards for single-handed pickup.","Specific child of the generic valet tray; pods stay modular so a household can mix named item types. Trend and opportunity remain directional; R3 is design-input maturity, not demand or product qualification.",30,29,25,13,97,Inherited from or calibrated to parent SKU-171 and kept separate from the new interface evidence; specificity does not count as demand proof.,INHERITED DIRECTIONAL PLANNING SCORE — NOT VALIDATED VARIANT DEMAND,VALET_POD,S60,ISO/IEC 7810 ID-1 card envelope,ISO/IEC 7810 fixes ID-1 at 85.60 x 53.98 mm with a 0.76 mm nominal thickness; the pod slot carries the declared clearance on the 53.98 mm edge and sizes stack depth from the customer card count.,E3 primary-source nominal data for the exact named variant; independent measurement and physical fit remain open.,"The standard fixes the trimmed nominal format only; real media carries manufacturing tolerance, cover bow, corner wear, thickness variation and stack growth, which stay physical-test variables. Embossed, contactless and thicker composite cards exceed the 0.76 mm nominal; no identity, payment or data-protection function is implied.",MM-R3-K3MAX-PETG-0P4-0P20-2026-08-31; flat stable base down; support-free,business/02-portfolio/research-r3-process-baseline.json,"Print one named pod and one connector seam, inspect the pod against the cited nominal envelope, then test single-handed placement and pickup, pod-to-pod seam alignment, edge comfort and 100 placement cycles with the exact named item.",The pod holds the cited nominal envelope plus the declared clearance within 0.30 mm; the item can be placed and picked up single-handed; pod seams stay below 0.50 mm under light hand pressure; and 100 placement cycles leave no visible mark on the item.,2,1,2,2,2,0,2,1,1,1,2,37.75,C2,R3,R3,R3,R3,R3,R3,"The exact variant, intended use and exclusions are fixed; critical interface nominals come from a cited primary source; one exact hashed printer/material/nozzle/orientation/process baseline is pinned; acceptance criteria and a coupon/prototype method are defined. Independent dimensional and physical validation is still missing, so readiness stops at R3.",K1,B,B,CONDITIONAL,GO_WITH_CONTROLS,G0 PASS; G1 PASS; G2 PASS; G3 PASS; G4 PASS; G5 PASS; G6 PASS,C2 · R3 · K1 · Lane B · CONDITIONAL,STRUCTURED SPECIFIC-VARIANT PREFLIGHT R3 — NOT PRODUCT RELEASE APPROVAL,2026-09-04,1.0
SKU-535,SKU-171,ICAO 9303 TD3 passport valet pod,Named-item valet pods,Specific R3 variation of SKU-171,Give a household a named pod that parks TD3 passport booklets flat and visible in a freestanding entryway valet tray before a trip.,Give a household a named pod that parks TD3 passport booklets flat and visible in a freestanding entryway valet tray before a trip.,"Adults seeking precise, low-risk organization or display accessories",The parent valet tray scores 97; the TD3 booklet format is published internationally and adds no separate variant demand proof.,Core — exact named-format or named-product organization with a guided metriMade proposition,A named nominal interface can become a low-volume exact variant while the generic parent remains available for other dimensions.,Names; booklet count; available console footprint; style and colors,pod count; pod width; spine allowance; rake angle; text; connector; edge profile,220,180,45,SUNLU PETG Black,None,Moderate,Digital first after physical qualification; printed later after fulfillment qualification,9-17,27-54,1,"Freestanding adult dry organization only; no wall mounting, charging, secure-key, valuables-protection or child-use claim.",95,R3 advancement wave 1 — high trend / low complexity,S01; S31; S11; S19; S32; S61; S53,P0 evidence-backed specific variant,Print one booklet pod and measure closed spine thickness on three real booklets before setting the pod depth.,"Travel sibling of the valet pod group; the pod stores documents in the open and makes no security claim. Trend and opportunity remain directional; R3 is design-input maturity, not demand or product qualification.",30,29,25,13,97,Inherited from or calibrated to parent SKU-171 and kept separate from the new interface evidence; specificity does not count as demand proof.,INHERITED DIRECTIONAL PLANNING SCORE — NOT VALIDATED VARIANT DEMAND,VALET_POD,S61,ICAO Doc 9303 TD3 travel-document booklet envelope,ICAO Doc 9303 specifies the TD3 nominal size as 125 x 88 mm; the pod carries the declared clearance on the 88 mm edge and sizes depth from a customer-declared booklet count.,E3 primary-source nominal data for the exact named variant; independent measurement and physical fit remain open.,"ICAO fixes the planform only; booklet spine thickness, cover swell, protective sleeves and national variants are not standardised. No security, screening, privacy or document-protection function is implied.",MM-R3-K3MAX-PETG-0P4-0P20-2026-08-31; flat stable base down; support-free,business/02-portfolio/research-r3-process-baseline.json,"Print one named pod and one connector seam, inspect the pod against the cited nominal envelope, then test single-handed placement and pickup, pod-to-pod seam alignment, edge comfort and 100 placement cycles with the exact named item.",The pod holds the cited nominal envelope plus the declared clearance within 0.30 mm; the item can be placed and picked up single-handed; pod seams stay below 0.50 mm under light hand pressure; and 100 placement cycles leave no visible mark on the item.,2,1,2,2,2,0,2,1,1,1,2,37.75,C2,R3,R3,R3,R3,R3,R3,"The exact variant, intended use and exclusions are fixed; critical interface nominals come from a cited primary source; one exact hashed printer/material/nozzle/orientation/process baseline is pinned; acceptance criteria and a coupon/prototype method are defined. Independent dimensional and physical validation is still missing, so readiness stops at R3.",K1,B,B,CONDITIONAL,GO_WITH_CONTROLS,G0 PASS; G1 PASS; G2 PASS; G3 PASS; G4 PASS; G5 PASS; G6 PASS,C2 · R3 · K1 · Lane B · CONDITIONAL,STRUCTURED SPECIFIC-VARIANT PREFLIGHT R3 — NOT PRODUCT RELEASE APPROVAL,2026-09-04,1.0
SKU-536,SKU-171,AirTag 2nd-generation valet pod,Named-item valet pods,Specific R3 variation of SKU-171,Give each household member a named open-top pod that parks an Apple AirTag tracker visibly in a freestanding entryway valet tray.,Give each household member a named open-top pod that parks an Apple AirTag tracker visibly in a freestanding entryway valet tray.,"Adults seeking precise, low-risk organization or display accessories",The parent valet tray scores 97; a published tracker envelope makes the pod exact and adds no separate variant demand proof.,Core — exact named-format or named-product organization with a guided metriMade proposition,A named nominal interface can become a low-volume exact variant while the generic parent remains available for other dimensions.,Names; tracker count; available console footprint; style and colors,pod count; recess diameter; recess depth; finger notch; text; connector,220,180,45,SUNLU PETG Black,None,Moderate,Digital first after physical qualification; printed later after fulfillment qualification,9-17,27-54,1,"Freestanding adult dry organization only; no wall mounting, charging, secure-key, valuables-protection or child-use claim.",95,R3 advancement wave 1 — high trend / low complexity,S01; S31; S11; S19; S32; S49; S53,P0 evidence-backed specific variant,Print one recess coupon from the published tracker nominal and test one real tracker for free placement and pickup.,"Reuses the named-tracker interface established for SKU-312; holders and cases stay outside the nominal. Trend and opportunity remain directional; R3 is design-input maturity, not demand or product qualification.",30,29,25,13,97,Inherited from or calibrated to parent SKU-171 and kept separate from the new interface evidence; specificity does not count as demand proof.,INHERITED DIRECTIONAL PLANNING SCORE — NOT VALIDATED VARIANT DEMAND,VALET_POD,S49,Apple AirTag (2nd generation) external envelope,Apple publishes the AirTag (2nd generation) technical specifications including its disc diameter and thickness; the pod is an open-top recess built to the published nominal with the declared clearance and a finger notch.,E3 primary-source nominal data for the exact named variant; independent measurement and physical fit remain open.,"Apple nominal specification only; no case, keyring holder, battery-door protrusion, RF-performance, tracking-function, water-resistance or child-use claim is covered, and Apple trademark rules require release review.",MM-R3-K3MAX-PETG-0P4-0P20-2026-08-31; flat stable base down; support-free,business/02-portfolio/research-r3-process-baseline.json,"Print one named pod and one connector seam, inspect the pod against the cited nominal envelope, then test single-handed placement and pickup, pod-to-pod seam alignment, edge comfort and 100 placement cycles with the exact named item.",The pod holds the cited nominal envelope plus the declared clearance within 0.30 mm; the item can be placed and picked up single-handed; pod seams stay below 0.50 mm under light hand pressure; and 100 placement cycles leave no visible mark on the item.,2,1,2,2,2,0,2,1,1,1,2,37.75,C2,R3,R3,R3,R3,R3,R3,"The exact variant, intended use and exclusions are fixed; critical interface nominals come from a cited primary source; one exact hashed printer/material/nozzle/orientation/process baseline is pinned; acceptance criteria and a coupon/prototype method are defined. Independent dimensional and physical validation is still missing, so readiness stops at R3.",K1,B,B,CONDITIONAL,GO_WITH_CONTROLS,G0 PASS; G1 PASS; G2 PASS; G3 PASS; G4 PASS; G5 PASS; G6 PASS,C2 · R3 · K1 · Lane B · CONDITIONAL,STRUCTURED SPECIFIC-VARIANT PREFLIGHT R3 — NOT PRODUCT RELEASE APPROVAL,2026-09-04,1.0
SKU-537,SKU-171,Euro circulation-coin valet pod,Named-item valet pods,Specific R3 variation of SKU-171,Give each household member a named pod that separates a small euro coin float by denomination in a freestanding entryway valet tray.,Give each household member a named pod that separates a small euro coin float by denomination in a freestanding entryway valet tray.,"Adults seeking precise, low-risk organization or display accessories",The parent valet tray scores 97; euro coin specifications are fixed in EU law and make each recess exact without proving separate variant demand.,Core — exact named-format or named-product organization with a guided metriMade proposition,A named nominal interface can become a low-volume exact variant while the generic parent remains available for other dimensions.,Names; denomination list; coins per denomination; available console footprint; style,pod count; recess diameter per denomination; stack depth; finger notch; text; connector,220,180,45,SUNLU PETG Black,None,Moderate,Digital first after physical qualification; printed later after fulfillment qualification,9-17,27-54,1,"Freestanding adult dry organization only; no wall mounting, charging, secure-key, valuables-protection or child-use claim.",95,R3 advancement wave 1 — high trend / low complexity,S01; S31; S11; S19; S32; S47; S53,P0 evidence-backed specific variant,Print the two closest-diameter recesses and confirm that circulating coins cannot cross-enter before any denomination wording.,"Coin sibling of the valet pod group; the 10c/5c and 1 EUR/50c diameter pairs are the named separation risk. Trend and opportunity remain directional; R3 is design-input maturity, not demand or product qualification.",30,29,25,13,97,Inherited from or calibrated to parent SKU-171 and kept separate from the new interface evidence; specificity does not count as demand proof.,INHERITED DIRECTIONAL PLANNING SCORE — NOT VALIDATED VARIANT DEMAND,VALET_POD,S47,Euro circulating-coin denomination set,"Published euro coin specifications give 1c 16.25, 2c 18.75, 5c 21.25, 10c 19.75, 20c 22.25, 50c 24.25, 1 EUR 23.25 and 2 EUR 25.75 mm diameter with edge heights from 1.67 to 2.38 mm; each recess is sized to one named denomination plus the declared clearance.",E3 primary-source nominal data for the exact named variant; independent measurement and physical fit remain open.,"Published nominal specifications only. Only currently issued circulating denominations are in scope; worn, foreign, commemorative, bimetallic-damaged and pre-issue coins are excluded, and no authentication, counting or secure-storage function is implied.",MM-R3-K3MAX-PETG-0P4-0P20-2026-08-31; flat stable base down; support-free,business/02-portfolio/research-r3-process-baseline.json,"Print one named pod and one connector seam, inspect the pod against the cited nominal envelope, then test single-handed placement and pickup, pod-to-pod seam alignment, edge comfort and 100 placement cycles with the exact named item.",The pod holds the cited nominal envelope plus the declared clearance within 0.30 mm; the item can be placed and picked up single-handed; pod seams stay below 0.50 mm under light hand pressure; and 100 placement cycles leave no visible mark on the item.,2,1,2,2,2,0,2,1,1,1,2,37.75,C2,R3,R3,R3,R3,R3,R3,"The exact variant, intended use and exclusions are fixed; critical interface nominals come from a cited primary source; one exact hashed printer/material/nozzle/orientation/process baseline is pinned; acceptance criteria and a coupon/prototype method are defined. Independent dimensional and physical validation is still missing, so readiness stops at R3.",K1,B,B,CONDITIONAL,GO_WITH_CONTROLS,G0 PASS; G1 PASS; G2 PASS; G3 PASS; G4 PASS; G5 PASS; G6 PASS,C2 · R3 · K1 · Lane B · CONDITIONAL,STRUCTURED SPECIFIC-VARIANT PREFLIGHT R3 — NOT PRODUCT RELEASE APPROVAL,2026-09-04,1.0
SKU-538,SKU-171,iPhone 17 Pro no-case valet pod,Named-item valet pods,Specific R3 variation of SKU-171,Give one household member a named pod that parks an uncased iPhone 17 Pro flat in a freestanding entryway valet tray with Apple-defined keep-outs left open.,Give one household member a named pod that parks an uncased iPhone 17 Pro flat in a freestanding entryway valet tray with Apple-defined keep-outs left open.,"Adults seeking precise, low-risk organization or display accessories",The parent valet tray scores 97; Apple's published dimensional drawing makes the pod exact and adds no separate variant demand proof.,Core — exact named-format or named-product organization with a guided metriMade proposition,A named nominal interface can become a low-volume exact variant while the generic parent remains available for other dimensions.,Exact model confirmation: iPhone 17 Pro introduced 2025; uncased use only; available console footprint; style,pod length; keep-out margins; lift relief; edge profile; text; connector,220,180,45,SUNLU PETG Black,None,Moderate,Digital first after physical qualification; printed later after fulfillment qualification,9-17,27-54,1,"Freestanding adult dry organization only; no wall mounting, charging, secure-key, valuables-protection or child-use claim.",95,R3 advancement wave 1 — high trend / low complexity,S01; S31; S11; S19; S32; S37; S38; S53,P0 evidence-backed specific variant,Print a drawing-derived keep-out coupon and test the exact uncased device for free placement and pickup.,"Flat-park sibling of the SKU-301 desk cradle; the valet pod makes no viewing-angle or charging claim. Trend and opportunity remain directional; R3 is design-input maturity, not demand or product qualification.",30,29,25,13,97,Inherited from or calibrated to parent SKU-171 and kept separate from the new interface evidence; specificity does not count as demand proof.,INHERITED DIRECTIONAL PLANNING SCORE — NOT VALIDATED VARIANT DEMAND,VALET_POD,S37; S38,Uncased iPhone 17 Pro external envelope and Apple-defined accessory keep-outs,"Apple's dimensional drawing dated 2025-09-09 plus the official 71.9 x 150.0 x 8.75 mm body envelope define the pod; all drawing-defined camera, control, connector, magnetic and radio keep-outs stay open.",E3 primary-source nominal data for the exact named variant; independent measurement and physical fit remain open.,"Apple nominal drawing only; no case, skin, tolerance stack, charging, damaged device or future revision is covered, and Apple's terms and trademark rules require release review.",MM-R3-K3MAX-PETG-0P4-0P20-2026-08-31; flat stable base down; support-free,business/02-portfolio/research-r3-process-baseline.json,"Print one named pod and one connector seam, inspect the pod against the cited nominal envelope, then test single-handed placement and pickup, pod-to-pod seam alignment, edge comfort and 100 placement cycles with the exact named item.",The pod holds the cited nominal envelope plus the declared clearance within 0.30 mm; the item can be placed and picked up single-handed; pod seams stay below 0.50 mm under light hand pressure; and 100 placement cycles leave no visible mark on the item.,2,1,2,2,2,0,2,1,1,1,2,37.75,C2,R3,R3,R3,R3,R3,R3,"The exact variant, intended use and exclusions are fixed; critical interface nominals come from a cited primary source; one exact hashed printer/material/nozzle/orientation/process baseline is pinned; acceptance criteria and a coupon/prototype method are defined. Independent dimensional and physical validation is still missing, so readiness stops at R3.",K1,B,B,CONDITIONAL,GO_WITH_CONTROLS,G0 PASS; G1 PASS; G2 PASS; G3 PASS; G4 PASS; G5 PASS; G6 PASS,C2 · R3 · K1 · Lane B · CONDITIONAL,STRUCTURED SPECIFIC-VARIANT PREFLIGHT R3 — NOT PRODUCT RELEASE APPROVAL,2026-09-04,1.0
SKU-539,SKU-171,instax mini print valet pod,Named-item valet pods,Specific R3 variation of SKU-171,Give a household a named pod that keeps a small set of developed FUJIFILM instax mini prints upright and visible in a freestanding entryway valet tray.,Give a household a named pod that keeps a small set of developed FUJIFILM instax mini prints upright and visible in a freestanding entryway valet tray.,"Adults seeking precise, low-risk organization or display accessories",The parent valet tray scores 97; a published instant-photo format adds a personal element to the pod set without proving separate variant demand.,Core — exact named-format or named-product organization with a guided metriMade proposition,A named nominal interface can become a low-volume exact variant while the generic parent remains available for other dimensions.,Names; print count; available console footprint; style and colors,pod count; slot width; stack depth; rake angle; text; connector,220,180,45,SUNLU PETG Black,None,Moderate,Digital first after physical qualification; printed later after fulfillment qualification,9-17,27-54,1,"Freestanding adult dry organization only; no wall mounting, charging, secure-key, valuables-protection or child-use claim.",95,R3 advancement wave 1 — high trend / low complexity,S01; S31; S11; S19; S32; S41; S53,P0 evidence-backed specific variant,"Print one photo pod and test fully developed dry prints for scuffing, rake stability and single-handed pickup.","Personal-display pod in the valet group; it is a tray module, not the standalone SKU-304 dock. Trend and opportunity remain directional; R3 is design-input maturity, not demand or product qualification.",30,29,25,13,97,Inherited from or calibrated to parent SKU-171 and kept separate from the new interface evidence; specificity does not count as demand proof.,INHERITED DIRECTIONAL PLANNING SCORE — NOT VALIDATED VARIANT DEMAND,VALET_POD,S41,Developed FUJIFILM instax mini photo planform,FUJIFILM publishes the instax mini film/photo format as 86 x 54 mm with a 62 x 46 mm image area; the pod slot carries the declared clearance on the 54 mm edge and keeps the image area unobstructed.,E3 primary-source nominal data for the exact named variant; independent measurement and physical fit remain open.,"No archival, fresh-development, chemical, UV or long-term storage claim; print flatness, emulsion tack and surface marking stay physical-test variables.",MM-R3-K3MAX-PETG-0P4-0P20-2026-08-31; flat stable base down; support-free,business/02-portfolio/research-r3-process-baseline.json,"Print one named pod and one connector seam, inspect the pod against the cited nominal envelope, then test single-handed placement and pickup, pod-to-pod seam alignment, edge comfort and 100 placement cycles with the exact named item.",The pod holds the cited nominal envelope plus the declared clearance within 0.30 mm; the item can be placed and picked up single-handed; pod seams stay below 0.50 mm under light hand pressure; and 100 placement cycles leave no visible mark on the item.,2,1,2,2,2,0,2,1,1,1,2,37.75,C2,R3,R3,R3,R3,R3,R3,"The exact variant, intended use and exclusions are fixed; critical interface nominals come from a cited primary source; one exact hashed printer/material/nozzle/orientation/process baseline is pinned; acceptance criteria and a coupon/prototype method are defined. Independent dimensional and physical validation is still missing, so readiness stops at R3.",K1,B,B,CONDITIONAL,GO_WITH_CONTROLS,G0 PASS; G1 PASS; G2 PASS; G3 PASS; G4 PASS; G5 PASS; G6 PASS,C2 · R3 · K1 · Lane B · CONDITIONAL,STRUCTURED SPECIFIC-VARIANT PREFLIGHT R3 — NOT PRODUCT RELEASE APPROVAL,2026-09-04,1.0
SKU-540,SKU-173,Euro circulation-coin pocket-emptying tray with coin slope,Named-currency pocket-emptying trays,Specific R3 variation of SKU-173,Let an adult sweep euro circulating coins out of a rounded pocket into denomination-separated open recesses on a modular desk or entryway tray.,Let an adult sweep euro circulating coins out of a rounded pocket into denomination-separated open recesses on a modular desk or entryway tray.,"Adults seeking precise, low-risk organization or display accessories",The parent pocket-emptying tray scores 97; euro coin specifications are fixed in EU law and make every recess exact without proving separate variant demand.,Core — exact named-format or named-product organization with a guided metriMade proposition,A named nominal interface can become a low-volume exact variant while the generic parent remains available for other dimensions.,Footprint; denomination list; coins per recess; module count; text and style,module sizes; scoop radius; recess diameter per denomination; connector; text; colors,180,160,45,SUNLU PETG Black,None,Moderate,Digital first after physical qualification; printed later after fulfillment qualification,8-16,24-45,1,"Adult dry coin sorting only; no secure storage, authentication, counting-machine, child-use or financial-protection claim.",93,R3 advancement wave 1 — high trend / low complexity,S01; S31; S11; S19; S32; S47; S53,P0 evidence-backed specific variant,Print the 10c/5c and 1 EUR/50c recess pairs and confirm that circulating coins cannot cross-enter before any denomination wording.,"Home-currency child of the generic pocket-emptying tray; it is a separate product from the SKU-310 weekly sorting tray. Trend and opportunity remain directional; R3 is design-input maturity, not demand or product qualification.",30,29,25,13,97,Inherited from or calibrated to parent SKU-173 and kept separate from the new interface evidence; specificity does not count as demand proof.,INHERITED DIRECTIONAL PLANNING SCORE — NOT VALIDATED VARIANT DEMAND,COIN_TRAY,S47,Euro circulating-coin denomination set,"Published euro coin specifications give 1c 16.25, 2c 18.75, 5c 21.25, 10c 19.75, 20c 22.25, 50c 24.25, 1 EUR 23.25 and 2 EUR 25.75 mm diameter with edge heights of 1.67 to 2.38 mm; each labelled recess is sized to one denomination plus the declared clearance and reached over a swept slope.",E3 primary-source nominal data for the exact named variant; independent measurement and physical fit remain open.,"Published nominal specifications only. Only currently issued circulating denominations are in scope; worn, foreign, commemorative, bimetallic-damaged and pre-issue coins are excluded, and no authentication, counting or secure-storage function is implied.",MM-R3-K3MAX-PETG-0P4-0P20-2026-08-31; flat stable base down; support-free,business/02-portfolio/research-r3-process-baseline.json,"Inspect every denomination recess, print the tightest three-recess coupon, and verify free placement/removal, denomination separation, tip stability and 100 sorting cycles with circulating euro coins.",Each denomination enters its labeled open recess without force and can be removed by finger notch; no coin enters a smaller-denomination recess; the loaded tray remains stable at 10 degrees and passes 100 sorting cycles without cracking.,2,1,1,2,1,0,2,1,1,1,2,32.75,C2,R3,R3,R3,R3,R3,R3,"The exact variant, intended use and exclusions are fixed; critical interface nominals come from a cited primary source; one exact hashed printer/material/nozzle/orientation/process baseline is pinned; acceptance criteria and a coupon/prototype method are defined. Independent dimensional and physical validation is still missing, so readiness stops at R3.",K1,B,B,CONDITIONAL,GO_WITH_CONTROLS,G0 PASS; G1 PASS; G2 PASS; G3 PASS; G4 PASS; G5 PASS; G6 PASS,C2 · R3 · K1 · Lane B · CONDITIONAL,STRUCTURED SPECIFIC-VARIANT PREFLIGHT R3 — NOT PRODUCT RELEASE APPROVAL,2026-09-04,1.0
SKU-541,SKU-173,Swiss franc circulation-coin pocket-emptying tray with coin slope,Named-currency pocket-emptying trays,Specific R3 variation of SKU-173,Let an adult sweep Swiss franc circulating coins out of a rounded pocket into denomination-separated open recesses on a modular desk or entryway tray.,Let an adult sweep Swiss franc circulating coins out of a rounded pocket into denomination-separated open recesses on a modular desk or entryway tray.,"Adults seeking precise, low-risk organization or display accessories",The parent pocket-emptying tray scores 97; Switzerland is a close-market DACH variant with published coin specifications and no separate demand proof.,Core — exact named-format or named-product organization with a guided metriMade proposition,A named nominal interface can become a low-volume exact variant while the generic parent remains available for other dimensions.,Footprint; denomination list; coins per recess; module count; text and style,module sizes; scoop radius; recess diameter per denomination; connector; text; colors,180,160,45,SUNLU PETG Black,None,Moderate,Digital first after physical qualification; printed later after fulfillment qualification,8-16,24-45,1,"Adult dry coin sorting only; no secure storage, authentication, counting-machine, child-use or financial-protection claim.",93,R3 advancement wave 1 — high trend / low complexity,S01; S31; S11; S19; S32; S54; S53,P0 evidence-backed specific variant,Print the 50 Rp/5 Rp and 1 CHF/20 Rp recess pairs and confirm that circulating coins cannot cross-enter.,"DACH sibling of SKU-540; the 5 CHF coin sets the largest recess and therefore the module width. Trend and opportunity remain directional; R3 is design-input maturity, not demand or product qualification.",30,29,25,13,97,Inherited from or calibrated to parent SKU-173 and kept separate from the new interface evidence; specificity does not count as demand proof.,INHERITED DIRECTIONAL PLANNING SCORE — NOT VALIDATED VARIANT DEMAND,COIN_TRAY,S54,Swiss franc circulating-coin denomination set,"Published Swiss coin specifications give 5 Rp 17.15 x 1.25, 10 Rp 19.15 x 1.45, 20 Rp 21.05 x 1.65, 50 Rp 18.20 x 1.25, 1 CHF 23.20 x 1.55, 2 CHF 27.40 x 2.15 and 5 CHF 31.45 x 2.35 mm; each labelled recess is sized to one denomination plus the declared clearance.",E3 primary-source nominal data for the exact named variant; independent measurement and physical fit remain open.,"Published nominal specifications only. Only currently issued circulating denominations are in scope; worn, foreign, commemorative, bimetallic-damaged and pre-issue coins are excluded, and no authentication, counting or secure-storage function is implied.",MM-R3-K3MAX-PETG-0P4-0P20-2026-08-31; flat stable base down; support-free,business/02-portfolio/research-r3-process-baseline.json,"Inspect every denomination recess, print the tightest three-recess coupon, and verify free placement/removal, denomination separation, tip stability and 100 sorting cycles with circulating euro coins.",Each denomination enters its labeled open recess without force and can be removed by finger notch; no coin enters a smaller-denomination recess; the loaded tray remains stable at 10 degrees and passes 100 sorting cycles without cracking.,2,1,1,2,1,0,2,1,1,1,2,32.75,C2,R3,R3,R3,R3,R3,R3,"The exact variant, intended use and exclusions are fixed; critical interface nominals come from a cited primary source; one exact hashed printer/material/nozzle/orientation/process baseline is pinned; acceptance criteria and a coupon/prototype method are defined. Independent dimensional and physical validation is still missing, so readiness stops at R3.",K1,B,B,CONDITIONAL,GO_WITH_CONTROLS,G0 PASS; G1 PASS; G2 PASS; G3 PASS; G4 PASS; G5 PASS; G6 PASS,C2 · R3 · K1 · Lane B · CONDITIONAL,STRUCTURED SPECIFIC-VARIANT PREFLIGHT R3 — NOT PRODUCT RELEASE APPROVAL,2026-09-04,1.0
SKU-542,SKU-173,UK sterling circulation-coin pocket-emptying tray with coin slope,Named-currency pocket-emptying trays,Specific R3 variation of SKU-173,Let an adult sweep UK sterling circulating coins out of a rounded pocket into denomination-separated open recesses on a modular desk or entryway tray.,Let an adult sweep UK sterling circulating coins out of a rounded pocket into denomination-separated open recesses on a modular desk or entryway tray.,"Adults seeking precise, low-risk organization or display accessories","The parent pocket-emptying tray scores 97; the Royal Mint publishes full coin specifications, which makes the UK a low-risk digital-first variant.",Core — exact named-format or named-product organization with a guided metriMade proposition,A named nominal interface can become a low-volume exact variant while the generic parent remains available for other dimensions.,Footprint; denomination list; coins per recess; module count; text and style,module sizes; scoop radius; recess profile per denomination; connector; text; colors,180,160,45,SUNLU PETG Black,None,Moderate,Digital first after physical qualification; printed later after fulfillment qualification,8-16,24-45,1,"Adult dry coin sorting only; no secure storage, authentication, counting-machine, child-use or financial-protection claim.",93,R3 advancement wave 1 — high trend / low complexity,S01; S31; S11; S19; S32; S55; S53,P0 evidence-backed specific variant,Print the heptagonal 20p and 50p recesses and confirm free rotation-independent entry before any denomination wording.,"Only variant in the currency group with non-circular coins; recess rotation clearance is the named design driver. Trend and opportunity remain directional; R3 is design-input maturity, not demand or product qualification.",30,29,25,13,97,Inherited from or calibrated to parent SKU-173 and kept separate from the new interface evidence; specificity does not count as demand proof.,INHERITED DIRECTIONAL PLANNING SCORE — NOT VALIDATED VARIANT DEMAND,COIN_TRAY,S55,UK sterling circulating-coin denomination set,"Published Royal Mint specifications give 1p 20.3, 2p 25.9, 5p 18.0, 10p 24.5, 20p 21.4, 50p 27.3, one pound 23.43 and two pound 28.4 mm diameter; the 20p and 50p are equilateral curve heptagons, so their recesses use the across-flats and across-corners envelope plus the declared clearance.",E3 primary-source nominal data for the exact named variant; independent measurement and physical fit remain open.,"Published nominal specifications only; bronze and plated-steel issues differ in thickness. Only currently issued circulating denominations are in scope; worn, foreign, commemorative, bimetallic-damaged and pre-issue coins are excluded, and no authentication, counting or secure-storage function is implied.",MM-R3-K3MAX-PETG-0P4-0P20-2026-08-31; flat stable base down; support-free,business/02-portfolio/research-r3-process-baseline.json,"Inspect every denomination recess, print the tightest three-recess coupon, and verify free placement/removal, denomination separation, tip stability and 100 sorting cycles with circulating euro coins.",Each denomination enters its labeled open recess without force and can be removed by finger notch; no coin enters a smaller-denomination recess; the loaded tray remains stable at 10 degrees and passes 100 sorting cycles without cracking.,2,1,1,2,1,0,2,1,1,1,2,32.75,C2,R3,R3,R3,R3,R3,R3,"The exact variant, intended use and exclusions are fixed; critical interface nominals come from a cited primary source; one exact hashed printer/material/nozzle/orientation/process baseline is pinned; acceptance criteria and a coupon/prototype method are defined. Independent dimensional and physical validation is still missing, so readiness stops at R3.",K1,B,B,CONDITIONAL,GO_WITH_CONTROLS,G0 PASS; G1 PASS; G2 PASS; G3 PASS; G4 PASS; G5 PASS; G6 PASS,C2 · R3 · K1 · Lane B · CONDITIONAL,STRUCTURED SPECIFIC-VARIANT PREFLIGHT R3 — NOT PRODUCT RELEASE APPROVAL,2026-09-04,1.0
SKU-543,SKU-173,US circulating-coin pocket-emptying tray with coin slope,Named-currency pocket-emptying trays,Specific R3 variation of SKU-173,Let an adult sweep US circulating coins out of a rounded pocket into denomination-separated open recesses on a modular desk or entryway tray.,Let an adult sweep US circulating coins out of a rounded pocket into denomination-separated open recesses on a modular desk or entryway tray.,"Adults seeking precise, low-risk organization or display accessories","The parent pocket-emptying tray scores 97; the United States Mint publishes exact coin specifications, which makes this a low-risk digital-first export variant.",Core — exact named-format or named-product organization with a guided metriMade proposition,A named nominal interface can become a low-volume exact variant while the generic parent remains available for other dimensions.,Footprint; denomination list; coins per recess; module count; text and style,module sizes; scoop radius; recess diameter per denomination; connector; text; colors,180,160,45,SUNLU PETG Black,None,Moderate,Digital first after physical qualification; printed later after fulfillment qualification,8-16,24-45,1,"Adult dry coin sorting only; no secure storage, authentication, counting-machine, child-use or financial-protection claim.",93,R3 advancement wave 1 — high trend / low complexity,S01; S31; S11; S19; S32; S56; S53,P0 evidence-backed specific variant,Print the cent/nickel recess pair and confirm that circulating coins cannot cross-enter before any denomination wording.,"Export sibling of SKU-540; only four denominations are in scope, so the module is the smallest in the group. Trend and opportunity remain directional; R3 is design-input maturity, not demand or product qualification.",30,29,25,13,97,Inherited from or calibrated to parent SKU-173 and kept separate from the new interface evidence; specificity does not count as demand proof.,INHERITED DIRECTIONAL PLANNING SCORE — NOT VALIDATED VARIANT DEMAND,COIN_TRAY,S56,US circulating-coin denomination set,"Published United States Mint specifications give the cent 19.05 x 1.52, nickel 21.21 x 1.95, dime 17.91 x 1.35 and quarter 24.26 x 1.75 mm; each labelled recess is sized to one denomination plus the declared clearance.",E3 primary-source nominal data for the exact named variant; independent measurement and physical fit remain open.,"Published nominal specifications only. Only currently issued circulating denominations are in scope; worn, foreign, commemorative, bimetallic-damaged and pre-issue coins are excluded, and no authentication, counting or secure-storage function is implied.",MM-R3-K3MAX-PETG-0P4-0P20-2026-08-31; flat stable base down; support-free,business/02-portfolio/research-r3-process-baseline.json,"Inspect every denomination recess, print the tightest three-recess coupon, and verify free placement/removal, denomination separation, tip stability and 100 sorting cycles with circulating euro coins.",Each denomination enters its labeled open recess without force and can be removed by finger notch; no coin enters a smaller-denomination recess; the loaded tray remains stable at 10 degrees and passes 100 sorting cycles without cracking.,2,1,1,2,1,0,2,1,1,1,2,32.75,C2,R3,R3,R3,R3,R3,R3,"The exact variant, intended use and exclusions are fixed; critical interface nominals come from a cited primary source; one exact hashed printer/material/nozzle/orientation/process baseline is pinned; acceptance criteria and a coupon/prototype method are defined. Independent dimensional and physical validation is still missing, so readiness stops at R3.",K1,B,B,CONDITIONAL,GO_WITH_CONTROLS,G0 PASS; G1 PASS; G2 PASS; G3 PASS; G4 PASS; G5 PASS; G6 PASS,C2 · R3 · K1 · Lane B · CONDITIONAL,STRUCTURED SPECIFIC-VARIANT PREFLIGHT R3 — NOT PRODUCT RELEASE APPROVAL,2026-09-04,1.0
SKU-544,SKU-173,Japanese yen circulation-coin pocket-emptying tray with coin slope,Named-currency pocket-emptying trays,Specific R3 variation of SKU-173,Let an adult sweep Japanese yen circulating coins out of a rounded pocket into denomination-separated open recesses on a modular desk or entryway tray.,Let an adult sweep Japanese yen circulating coins out of a rounded pocket into denomination-separated open recesses on a modular desk or entryway tray.,"Adults seeking precise, low-risk organization or display accessories",The parent pocket-emptying tray scores 97; Japan Mint publishes coin diameters and the centre-holed denominations create a distinctive variant without separate demand proof.,Core — exact named-format or named-product organization with a guided metriMade proposition,A named nominal interface can become a low-volume exact variant while the generic parent remains available for other dimensions.,Footprint; denomination list; coins per recess; module count; text and style,module sizes; scoop radius; recess diameter per denomination; centre-hole pin option; connector; text,180,160,45,SUNLU PETG Black,None,Moderate,Digital first after physical qualification; printed later after fulfillment qualification,8-16,24-45,1,"Adult dry coin sorting only; no secure storage, authentication, counting-machine, child-use or financial-protection claim.",93,R3 advancement wave 1 — high trend / low complexity,S01; S31; S11; S19; S32; S57; S53,P0 evidence-backed specific variant,"Measure the thickness of one coin per denomination, then print the 1 yen/50 yen recess pair and confirm separation.","Only variant with centre-holed coins; an optional retaining pin is named as a parametric option, not a claim. Trend and opportunity remain directional; R3 is design-input maturity, not demand or product qualification.",30,29,25,13,97,Inherited from or calibrated to parent SKU-173 and kept separate from the new interface evidence; specificity does not count as demand proof.,INHERITED DIRECTIONAL PLANNING SCORE — NOT VALIDATED VARIANT DEMAND,COIN_TRAY,S57,Japanese yen circulating-coin denomination set,"Published Japan Mint specifications give 1 yen 20.0, 5 yen 22.0 with a 5 mm centre hole, 10 yen 23.5, 50 yen 21.0 with a 4 mm centre hole, 100 yen 22.6 and 500 yen 26.5 mm diameter; each labelled recess is sized to one denomination plus the declared clearance.",E3 primary-source nominal data for the exact named variant; independent measurement and physical fit remain open.,"Published nominal diameters only; Japan Mint does not publish every thickness on the same page, so recess depth must be set from a measured coupon. Only currently issued circulating denominations are in scope; worn, foreign, commemorative, bimetallic-damaged and pre-issue coins are excluded, and no authentication, counting or secure-storage function is implied.",MM-R3-K3MAX-PETG-0P4-0P20-2026-08-31; flat stable base down; support-free,business/02-portfolio/research-r3-process-baseline.json,"Inspect every denomination recess, print the tightest three-recess coupon, and verify free placement/removal, denomination separation, tip stability and 100 sorting cycles with circulating euro coins.",Each denomination enters its labeled open recess without force and can be removed by finger notch; no coin enters a smaller-denomination recess; the loaded tray remains stable at 10 degrees and passes 100 sorting cycles without cracking.,2,1,1,2,1,0,2,1,1,1,2,32.75,C2,R3,R3,R3,R3,R3,R3,"The exact variant, intended use and exclusions are fixed; critical interface nominals come from a cited primary source; one exact hashed printer/material/nozzle/orientation/process baseline is pinned; acceptance criteria and a coupon/prototype method are defined. Independent dimensional and physical validation is still missing, so readiness stops at R3.",K1,B,B,CONDITIONAL,GO_WITH_CONTROLS,G0 PASS; G1 PASS; G2 PASS; G3 PASS; G4 PASS; G5 PASS; G6 PASS,C2 · R3 · K1 · Lane B · CONDITIONAL,STRUCTURED SPECIFIC-VARIANT PREFLIGHT R3 — NOT PRODUCT RELEASE APPROVAL,2026-09-04,1.0
SKU-545,SKU-001,IKEA HELMER 006.199.02 drawer grid organizer,Named-drawer exact-fit grids,Specific R3 variation of SKU-001,Turn one IKEA HELMER steel drawer into a zero-waste labelled cell grid for a customer item list without altering the drawer unit.,Turn one IKEA HELMER steel drawer into a zero-waste labelled cell grid for a customer item list without altering the drawer unit.,"Adults seeking precise, low-risk organization or display accessories","The parent drawer grid scores 96; HELMER is the only common desk-side unit that publishes an interior drawer size, which makes the grid exact.",Core — exact named-format or named-product organization with a guided metriMade proposition,A named nominal interface can become a low-volume exact variant while the generic parent remains available for other dimensions.,Exact host article 006.199.02; drawer selection; item list or overhead photo; label text,cell count; wall thickness; finger scoops; corner-radius relief; labels,220,180,55,SUNLU PETG Black,None,Moderate,Digital first after physical qualification; printed later after fulfillment qualification,16-32,55-120,2,"Adult dry removable organization only; no structural furniture, load-bearing, anti-tip, child-use or guaranteed cross-revision compatibility claim.",98.8,R3 advancement wave 2 — specific COTS/system interface,S05; S06; S11; S19; S68; S53,P0 evidence-backed specific variant,Print a 220 x 370 mm minus/nominal/plus gauge and confirm corner radii and usable height on one real HELMER drawer.,"Highest-evidence host among the drawer-grid children because IKEA publishes the interior directly. Trend and opportunity remain directional; R3 is design-input maturity, not demand or product qualification.",30,30,25,11,96,Inherited from or calibrated to parent SKU-001 and kept separate from the new interface evidence; specificity does not count as demand proof.,INHERITED DIRECTIONAL PLANNING SCORE — NOT VALIDATED VARIANT DEMAND,SYSTEM_INSERT,S68,"IKEA HELMER drawer interior envelope, article 006.199.02","IKEA publishes interior drawer width 22 cm and interior drawer depth 37 cm for article 006.199.02, with 5 kg unit load and 1 kg per drawer; the grid is built inside the published 220 x 370 mm interior with the declared clearance.",E3 primary-source nominal data for the exact named variant; independent measurement and physical fit remain open.,"IKEA publishes the article identity and its nominal outer dimensions only; inner span, panel thickness, assembly tolerance, shelf deflection, national variants and future article revisions are not published and must be gauged on one physical unit before any compatibility wording. The published interior is a nominal for a folded steel drawer; corner radii, usable height and the 1 kg per-drawer load limit still bound the design.",MM-R3-K3MAX-PETG-0P4-0P20-2026-08-31; flat stable base down; support-free,business/02-portfolio/research-r3-process-baseline.json,"Build a three-value fit gauge around the official companion-product envelope, inspect every module and seam, then test the gauge and unloaded modular set in one exact host article before any compatibility statement.","The minus/nominal/plus gauge identifies a freely removable fit without rubbing; all modules remain inside the selected nominal envelope, seams stay below 0.50 mm under light hand pressure, the host closes normally, and 100 removal cycles cause no visible marking.",3,2,3,3,2,0,2,2,2,2,3,56.0,C3,R3,R3,R3,R3,R3,R3,"The exact variant, intended use and exclusions are fixed; critical interface nominals come from a cited primary source; one exact hashed printer/material/nozzle/orientation/process baseline is pinned; acceptance criteria and a coupon/prototype method are defined. Independent dimensional and physical validation is still missing, so readiness stops at R3.",K1,C,C,CONDITIONAL,GO_WITH_CONTROLS,G0 PASS; G1 PASS; G2 PASS; G3 PASS; G4 PASS; G5 PASS; G6 PASS,C3 · R3 · K1 · Lane C · CONDITIONAL,STRUCTURED SPECIFIC-VARIANT PREFLIGHT R3 — NOT PRODUCT RELEASE APPROVAL,2026-09-04,1.0
SKU-546,SKU-001,IKEA MAXIMERA 903.193.48 medium 60 x 60 drawer grid organizer,Named-drawer exact-fit grids,Specific R3 variation of SKU-001,Turn one IKEA MAXIMERA medium 60 x 60 cm kitchen drawer into a zero-waste labelled cell grid for a customer item list without altering the drawer.,Turn one IKEA MAXIMERA medium 60 x 60 cm kitchen drawer into a zero-waste labelled cell grid for a customer item list without altering the drawer.,"Adults seeking precise, low-risk organization or display accessories",The parent drawer grid scores 96; MAXIMERA is the highest-volume named kitchen drawer in the DACH market and adds no separate variant demand proof.,Core — exact named-format or named-product organization with a guided metriMade proposition,A named nominal interface can become a low-volume exact variant while the generic parent remains available for other dimensions.,Exact host article 903.193.48; item list or overhead photo; module split; label text,module split; cell count; wall thickness; finger scoops; labels,220,180,55,SUNLU PETG Black,None,Moderate,Digital first after physical qualification; printed later after fulfillment qualification,16-32,55-120,2,"Adult dry removable organization only; no structural furniture, load-bearing, anti-tip, child-use or guaranteed cross-revision compatibility claim.",98.8,R3 advancement wave 2 — specific COTS/system interface,S05; S06; S11; S19; S69; S53,P0 evidence-backed specific variant,"Print a minus/nominal/plus inner-floor gauge and one module seam, then confirm one mounted MAXIMERA drawer.","The 564 mm width requires a multi-module split on a 220 mm print envelope; seam alignment is the named risk. Trend and opportunity remain directional; R3 is design-input maturity, not demand or product qualification.",30,30,25,11,96,Inherited from or calibrated to parent SKU-001 and kept separate from the new interface evidence; specificity does not count as demand proof.,INHERITED DIRECTIONAL PLANNING SCORE — NOT VALIDATED VARIANT DEMAND,SYSTEM_INSERT,S69,"IKEA MAXIMERA drawer envelope, article 903.193.48","IKEA publishes width 56.4 cm, depth 54.2 cm, height 14.4 cm, cabinet width 60.0 cm, cabinet depth 60.0 cm and max load 25 kg for article 903.193.48; the grid is built as printable modules inside the published 564 x 542 mm drawer with the declared clearance.",E3 primary-source nominal data for the exact named variant; independent measurement and physical fit remain open.,"IKEA publishes the article identity and its nominal outer dimensions only; inner span, panel thickness, assembly tolerance, shelf deflection, national variants and future article revisions are not published and must be gauged on one physical unit before any compatibility wording. The published figures describe the drawer product, not its usable inner floor after the front panel and side profiles are mounted.",MM-R3-K3MAX-PETG-0P4-0P20-2026-08-31; flat stable base down; support-free,business/02-portfolio/research-r3-process-baseline.json,"Build a three-value fit gauge around the official companion-product envelope, inspect every module and seam, then test the gauge and unloaded modular set in one exact host article before any compatibility statement.","The minus/nominal/plus gauge identifies a freely removable fit without rubbing; all modules remain inside the selected nominal envelope, seams stay below 0.50 mm under light hand pressure, the host closes normally, and 100 removal cycles cause no visible marking.",3,2,3,3,2,0,2,2,2,2,3,56.0,C3,R3,R3,R3,R3,R3,R3,"The exact variant, intended use and exclusions are fixed; critical interface nominals come from a cited primary source; one exact hashed printer/material/nozzle/orientation/process baseline is pinned; acceptance criteria and a coupon/prototype method are defined. Independent dimensional and physical validation is still missing, so readiness stops at R3.",K1,C,C,CONDITIONAL,GO_WITH_CONTROLS,G0 PASS; G1 PASS; G2 PASS; G3 PASS; G4 PASS; G5 PASS; G6 PASS,C3 · R3 · K1 · Lane C · CONDITIONAL,STRUCTURED SPECIFIC-VARIANT PREFLIGHT R3 — NOT PRODUCT RELEASE APPROVAL,2026-09-04,1.0
SKU-547,SKU-001,IKEA MAXIMERA 703.193.49 medium 60 x 37 drawer grid organizer,Named-drawer exact-fit grids,Specific R3 variation of SKU-001,Turn one IKEA MAXIMERA medium 60 x 37 cm shallow-cabinet drawer into a zero-waste labelled cell grid without altering the drawer.,Turn one IKEA MAXIMERA medium 60 x 37 cm shallow-cabinet drawer into a zero-waste labelled cell grid without altering the drawer.,"Adults seeking precise, low-risk organization or display accessories",The parent drawer grid scores 96; the 37 cm cabinet depth covers utility and bathroom runs and adds no separate variant demand proof.,Core — exact named-format or named-product organization with a guided metriMade proposition,A named nominal interface can become a low-volume exact variant while the generic parent remains available for other dimensions.,Exact host article 703.193.49; item list or overhead photo; module split; label text,module split; cell count; wall thickness; finger scoops; labels,220,180,55,SUNLU PETG Black,None,Moderate,Digital first after physical qualification; printed later after fulfillment qualification,16-32,55-120,2,"Adult dry removable organization only; no structural furniture, load-bearing, anti-tip, child-use or guaranteed cross-revision compatibility claim.",98.8,R3 advancement wave 2 — specific COTS/system interface,S05; S06; S11; S19; S70; S53,P0 evidence-backed specific variant,"Print a minus/nominal/plus inner-floor gauge and one module seam, then confirm one mounted MAXIMERA drawer.","Shallow-cabinet sibling of SKU-546; only the depth and the 20 kg load limit change. Trend and opportunity remain directional; R3 is design-input maturity, not demand or product qualification.",30,30,25,11,96,Inherited from or calibrated to parent SKU-001 and kept separate from the new interface evidence; specificity does not count as demand proof.,INHERITED DIRECTIONAL PLANNING SCORE — NOT VALIDATED VARIANT DEMAND,SYSTEM_INSERT,S70,"IKEA MAXIMERA drawer envelope, article 703.193.49","IKEA publishes width 56.4 cm, depth 33.7 cm, height 14.4 cm, cabinet width 60.0 cm, cabinet depth 37.0 cm and max load 20 kg for article 703.193.49; the grid is built as printable modules inside the published 564 x 337 mm drawer with the declared clearance.",E3 primary-source nominal data for the exact named variant; independent measurement and physical fit remain open.,"IKEA publishes the article identity and its nominal outer dimensions only; inner span, panel thickness, assembly tolerance, shelf deflection, national variants and future article revisions are not published and must be gauged on one physical unit before any compatibility wording. The published figures describe the drawer product, not its usable inner floor after the front panel and side profiles are mounted.",MM-R3-K3MAX-PETG-0P4-0P20-2026-08-31; flat stable base down; support-free,business/02-portfolio/research-r3-process-baseline.json,"Build a three-value fit gauge around the official companion-product envelope, inspect every module and seam, then test the gauge and unloaded modular set in one exact host article before any compatibility statement.","The minus/nominal/plus gauge identifies a freely removable fit without rubbing; all modules remain inside the selected nominal envelope, seams stay below 0.50 mm under light hand pressure, the host closes normally, and 100 removal cycles cause no visible marking.",3,2,3,3,2,0,2,2,2,2,3,56.0,C3,R3,R3,R3,R3,R3,R3,"The exact variant, intended use and exclusions are fixed; critical interface nominals come from a cited primary source; one exact hashed printer/material/nozzle/orientation/process baseline is pinned; acceptance criteria and a coupon/prototype method are defined. Independent dimensional and physical validation is still missing, so readiness stops at R3.",K1,C,C,CONDITIONAL,GO_WITH_CONTROLS,G0 PASS; G1 PASS; G2 PASS; G3 PASS; G4 PASS; G5 PASS; G6 PASS,C3 · R3 · K1 · Lane C · CONDITIONAL,STRUCTURED SPECIFIC-VARIANT PREFLIGHT R3 — NOT PRODUCT RELEASE APPROVAL,2026-09-04,1.0
SKU-548,SKU-001,IKEA MAXIMERA 203.193.61 high 60 x 60 drawer grid organizer,Named-drawer exact-fit grids,Specific R3 variation of SKU-001,Turn one IKEA MAXIMERA high 60 x 60 cm kitchen drawer into a zero-waste labelled cell grid with tall dividers for upright storage.,Turn one IKEA MAXIMERA high 60 x 60 cm kitchen drawer into a zero-waste labelled cell grid with tall dividers for upright storage.,"Adults seeking precise, low-risk organization or display accessories",The parent drawer grid scores 96; the high MAXIMERA drawer covers upright bottle and jar storage and adds no separate variant demand proof.,Core — exact named-format or named-product organization with a guided metriMade proposition,A named nominal interface can become a low-volume exact variant while the generic parent remains available for other dimensions.,Exact host article 203.193.61; item list or overhead photo; divider height; module split; label text,module split; cell count; divider height; wall thickness; finger scoops; labels,220,180,200,SUNLU PETG Black,None,Moderate,Digital first after physical qualification; printed later after fulfillment qualification,16-32,55-120,2,"Adult dry removable organization only; no structural furniture, load-bearing, anti-tip, child-use or guaranteed cross-revision compatibility claim.",98.8,R3 advancement wave 2 — specific COTS/system interface,S05; S06; S11; S19; S71; S53,P0 evidence-backed specific variant,"Print a minus/nominal/plus inner-floor gauge and one tall divider, then confirm tipping behaviour in one mounted drawer.","Tall sibling of SKU-546; divider tipping under load is the named open physical question. Trend and opportunity remain directional; R3 is design-input maturity, not demand or product qualification.",30,30,25,11,96,Inherited from or calibrated to parent SKU-001 and kept separate from the new interface evidence; specificity does not count as demand proof.,INHERITED DIRECTIONAL PLANNING SCORE — NOT VALIDATED VARIANT DEMAND,SYSTEM_INSERT,S71,"IKEA MAXIMERA drawer envelope, article 203.193.61","IKEA publishes width 56.4 cm, depth 54.2 cm, height 21.2 cm, cabinet width 60.0 cm, cabinet depth 60.0 cm and max load 25 kg for article 203.193.61; the grid is built as printable modules inside the published 564 x 542 mm drawer with the declared clearance and uses the 212 mm height for tall dividers.",E3 primary-source nominal data for the exact named variant; independent measurement and physical fit remain open.,"IKEA publishes the article identity and its nominal outer dimensions only; inner span, panel thickness, assembly tolerance, shelf deflection, national variants and future article revisions are not published and must be gauged on one physical unit before any compatibility wording. The published figures describe the drawer product, not its usable inner floor after the front panel and side profiles are mounted.",MM-R3-K3MAX-PETG-0P4-0P20-2026-08-31; flat stable base down; support-free,business/02-portfolio/research-r3-process-baseline.json,"Build a three-value fit gauge around the official companion-product envelope, inspect every module and seam, then test the gauge and unloaded modular set in one exact host article before any compatibility statement.","The minus/nominal/plus gauge identifies a freely removable fit without rubbing; all modules remain inside the selected nominal envelope, seams stay below 0.50 mm under light hand pressure, the host closes normally, and 100 removal cycles cause no visible marking.",3,2,3,3,2,0,2,2,2,2,3,56.0,C3,R3,R3,R3,R3,R3,R3,"The exact variant, intended use and exclusions are fixed; critical interface nominals come from a cited primary source; one exact hashed printer/material/nozzle/orientation/process baseline is pinned; acceptance criteria and a coupon/prototype method are defined. Independent dimensional and physical validation is still missing, so readiness stops at R3.",K1,C,C,CONDITIONAL,GO_WITH_CONTROLS,G0 PASS; G1 PASS; G2 PASS; G3 PASS; G4 PASS; G5 PASS; G6 PASS,C3 · R3 · K1 · Lane C · CONDITIONAL,STRUCTURED SPECIFIC-VARIANT PREFLIGHT R3 — NOT PRODUCT RELEASE APPROVAL,2026-09-04,1.0
SKU-549,SKU-001,IKEA MOPPE 402.163.57 drawer grid organizer set,Named-drawer exact-fit grids,Specific R3 variation of SKU-001,Turn the drawers of one IKEA MOPPE mini chest into labelled small-parts cell grids without altering or finishing the chest.,Turn the drawers of one IKEA MOPPE mini chest into labelled small-parts cell grids without altering or finishing the chest.,"Adults seeking precise, low-risk organization or display accessories",The parent drawer grid scores 96; MOPPE is a widely customised small-parts host and adds no separate variant demand proof.,Core — exact named-format or named-product organization with a guided metriMade proposition,A named nominal interface can become a low-volume exact variant while the generic parent remains available for other dimensions.,Exact host article 402.163.57; drawer selection; item list; finish plan; label text,per-drawer cell map; wall thickness; finish-allowance clearance; finger scoops; labels,220,170,60,SUNLU PETG Black,None,Moderate,Digital first after physical qualification; printed later after fulfillment qualification,16-32,55-120,2,"Adult dry removable organization only; no structural furniture, load-bearing, anti-tip, child-use or guaranteed cross-revision compatibility claim.",98.8,R3 advancement wave 2 — specific COTS/system interface,S05; S06; S11; S19; S72; S53,P0 evidence-backed specific variant,"Gauge one real MOPPE drawer interior in three axes, then print a minus/nominal/plus grid before any compatibility wording.","Shares the MOPPE host with SKU-521; the two children differ in cell strategy, not in the interface. Trend and opportunity remain directional; R3 is design-input maturity, not demand or product qualification.",30,30,25,11,96,Inherited from or calibrated to parent SKU-001 and kept separate from the new interface evidence; specificity does not count as demand proof.,INHERITED DIRECTIONAL PLANNING SCORE — NOT VALIDATED VARIANT DEMAND,SYSTEM_INSERT,S72,"IKEA MOPPE mini chest drawer envelope, article 402.163.57",IKEA publishes 42 x 18 x 32 cm for article 402.163.57; the grid set is dimensioned from the published 420 x 180 mm outer footprint with the declared clearance and a per-drawer height budget inside the 320 mm unit height.,E3 primary-source nominal data for the exact named variant; independent measurement and physical fit remain open.,"IKEA publishes the article identity and its nominal outer dimensions only; inner span, panel thickness, assembly tolerance, shelf deflection, national variants and future article revisions are not published and must be gauged on one physical unit before any compatibility wording. IKEA does not publish MOPPE drawer interiors, so per-drawer width, depth and height must be gauged on one physical unit; untreated birch plywood also swells with humidity and with any customer finish.",MM-R3-K3MAX-PETG-0P4-0P20-2026-08-31; flat stable base down; support-free,business/02-portfolio/research-r3-process-baseline.json,"Build a three-value fit gauge around the official companion-product envelope, inspect every module and seam, then test the gauge and unloaded modular set in one exact host article before any compatibility statement.","The minus/nominal/plus gauge identifies a freely removable fit without rubbing; all modules remain inside the selected nominal envelope, seams stay below 0.50 mm under light hand pressure, the host closes normally, and 100 removal cycles cause no visible marking.",3,2,3,3,2,0,2,2,2,2,3,56.0,C3,R3,R3,R3,R3,R3,R3,"The exact variant, intended use and exclusions are fixed; critical interface nominals come from a cited primary source; one exact hashed printer/material/nozzle/orientation/process baseline is pinned; acceptance criteria and a coupon/prototype method are defined. Independent dimensional and physical validation is still missing, so readiness stops at R3.",K1,C,C,CONDITIONAL,GO_WITH_CONTROLS,G0 PASS; G1 PASS; G2 PASS; G3 PASS; G4 PASS; G5 PASS; G6 PASS,C3 · R3 · K1 · Lane C · CONDITIONAL,STRUCTURED SPECIFIC-VARIANT PREFLIGHT R3 — NOT PRODUCT RELEASE APPROVAL,2026-09-04,1.0
SKU-550,SKU-001,Blum LEGRABOX 500 mm M-height drawer grid organizer,Named-drawer exact-fit grids,Specific R3 variation of SKU-001,Turn one Blum LEGRABOX drawer of 500 mm nominal length and M side height into a zero-waste labelled cell grid without altering the runner system.,Turn one Blum LEGRABOX drawer of 500 mm nominal length and M side height into a zero-waste labelled cell grid without altering the runner system.,"Adults seeking precise, low-risk organization or display accessories",The parent drawer grid scores 96; LEGRABOX is the dominant premium fitted-kitchen drawer and publishes its own nominal system dimensions.,Core — exact named-format or named-product organization with a guided metriMade proposition,A named nominal interface can become a low-volume exact variant while the generic parent remains available for other dimensions.,Cabinet nominal width; LEGRABOX nominal length 500 mm; M height; item list or overhead photo; module split,module split; cell count; wall thickness; finger scoops; labels,220,180,80,SUNLU PETG Black,None,Moderate,Digital first after physical qualification; printed later after fulfillment qualification,16-32,55-120,2,"Adult dry removable organization only; no structural furniture, load-bearing, anti-tip, child-use or guaranteed cross-revision compatibility claim.",98.8,R3 advancement wave 2 — specific COTS/system interface,S05; S06; S11; S19; S77; S53,P0 evidence-backed specific variant,"Gauge the installed inner floor in three axes, then print a minus/nominal/plus module before any LEGRABOX compatibility wording.","Only non-IKEA drawer host in the group; the installed cabinet, not the drawer kit, is named as the real interface. Trend and opportunity remain directional; R3 is design-input maturity, not demand or product qualification.",30,30,25,11,96,Inherited from or calibrated to parent SKU-001 and kept separate from the new interface evidence; specificity does not count as demand proof.,INHERITED DIRECTIONAL PLANNING SCORE — NOT VALIDATED VARIANT DEMAND,SYSTEM_INSERT,S77,"Blum LEGRABOX drawer system envelope, 500 mm nominal length, M side height",Blum publishes the LEGRABOX 500 mm nominal length with a 90.5 mm M drawer-side height and a documented drawer-side inner length near 490 mm; the grid is built as printable modules to the published nominal length and side height with the declared clearance.,E3 primary-source nominal data for the exact named variant; independent measurement and physical fit remain open.,"Blum publishes system nominals for the drawer kit, not the finished inner box of one installed cabinet; cabinet width, base panel thickness, back-panel position and the fabricator's cut list still change the usable floor and must be gauged on the installed drawer.",MM-R3-K3MAX-PETG-0P4-0P20-2026-08-31; flat stable base down; support-free,business/02-portfolio/research-r3-process-baseline.json,"Build a three-value fit gauge around the official companion-product envelope, inspect every module and seam, then test the gauge and unloaded modular set in one exact host article before any compatibility statement.","The minus/nominal/plus gauge identifies a freely removable fit without rubbing; all modules remain inside the selected nominal envelope, seams stay below 0.50 mm under light hand pressure, the host closes normally, and 100 removal cycles cause no visible marking.",3,2,3,3,2,0,2,2,2,2,3,56.0,C3,R3,R3,R3,R3,R3,R3,"The exact variant, intended use and exclusions are fixed; critical interface nominals come from a cited primary source; one exact hashed printer/material/nozzle/orientation/process baseline is pinned; acceptance criteria and a coupon/prototype method are defined. Independent dimensional and physical validation is still missing, so readiness stops at R3.",K1,C,C,CONDITIONAL,GO_WITH_CONTROLS,G0 PASS; G1 PASS; G2 PASS; G3 PASS; G4 PASS; G5 PASS; G6 PASS,C3 · R3 · K1 · Lane C · CONDITIONAL,STRUCTURED SPECIFIC-VARIANT PREFLIGHT R3 — NOT PRODUCT RELEASE APPROVAL,2026-09-04,1.0
SKU-551,SKU-160,Copic Sketch 11 x 16 x 150 craft-night personal caddy,Named-supply craft caddies,Specific R3 variation of SKU-160,Give each adult craft-night participant a labelled caddy whose bays are cut to the published Copic Sketch marker envelope and that docks into a shared centre layout.,Give each adult craft-night participant a labelled caddy whose bays are cut to the published Copic Sketch marker envelope and that docks into a shared centre layout.,"Adults seeking precise, low-risk organization or display accessories",The parent craft-night caddy scores 96; the published Copic Sketch barrel size makes each bay exact but does not prove separate variant demand.,Core — exact named-format or named-product organization with a guided metriMade proposition,A named nominal interface can become a low-volume exact variant while the generic parent remains available for other dimensions.,Participant count; marker count per person; table envelope; names; cap orientation,bay count; bay pitch; bay depth; dock interface; name text; divider map,180,140,120,SUNLU PETG Black,None,Moderate,Digital first after physical qualification; printed later after fulfillment qualification,10-18,28-56,1,"Adult dry craft supplies only; no hot tools, solvents, food contact, ink-compatibility or child-use claim.",94,R3 advancement wave 1 — high trend / low complexity,S33; S01; S11; S19; S32; S78; S53,P0 evidence-backed specific variant,Print one bay row and dock seam and test real markers for single-handed withdrawal and barrel scuffing.,"Specific child of the generic craft caddy; PETG bays and alcohol-ink markers need an explicit solvent check before any claim. Trend and opportunity remain directional; R3 is design-input maturity, not demand or product qualification.",27,30,25,14,96,Inherited from or calibrated to parent SKU-160 and kept separate from the new interface evidence; specificity does not count as demand proof.,INHERITED DIRECTIONAL PLANNING SCORE — NOT VALIDATED VARIANT DEMAND,TOOL_CADDY,S78,Copic Sketch marker barrel envelope,"COPIC publishes the Sketch marker size as 11 x 16 x 150 mm; each bay is an oval-relief recess cut to the 11 x 16 mm cross-section plus the declared clearance, with cap-up and cap-down depth options inside the 150 mm length.",E3 primary-source nominal data for the exact named variant; independent measurement and physical fit remain open.,"Manufacturer nominal barrel size only; cap fit, nib protrusion, label thickness, refilled or aged bodies and other Copic ranges such as Ciao or Classic are not covered, and no ink-compatibility or solvent-resistance claim is made.",MM-R3-K3MAX-PETG-0P4-0P20-2026-08-31; flat stable base down; support-free,business/02-portfolio/research-r3-process-baseline.json,"Print one tool bay row and one dock seam from the cited manufacturer envelope, inspect the bays, then load the exact named supply, test single-handed withdrawal, table stability, dock alignment and 100 withdrawal cycles.",Each bay accepts the cited nominal supply envelope plus the declared clearance within 0.30 mm; a supply can be withdrawn single-handed without lifting the caddy; the loaded caddy stays upright at 10 degrees; and 100 withdrawal cycles leave no barrel scuffing.,2,2,2,2,2,0,2,1,1,1,2,39.0,C2,R3,R3,R3,R3,R3,R3,"The exact variant, intended use and exclusions are fixed; critical interface nominals come from a cited primary source; one exact hashed printer/material/nozzle/orientation/process baseline is pinned; acceptance criteria and a coupon/prototype method are defined. Independent dimensional and physical validation is still missing, so readiness stops at R3.",K1,B,B,CONDITIONAL,GO_WITH_CONTROLS,G0 PASS; G1 PASS; G2 PASS; G3 PASS; G4 PASS; G5 PASS; G6 PASS,C2 · R3 · K1 · Lane B · CONDITIONAL,STRUCTURED SPECIFIC-VARIANT PREFLIGHT R3 — NOT PRODUCT RELEASE APPROVAL,2026-09-04,1.0
SKU-552,SKU-160,POSCA PC-5M 18 x 142 craft-night personal caddy,Named-supply craft caddies,Specific R3 variation of SKU-160,Give each adult craft-night participant a labelled caddy whose bays are cut to the published uni POSCA PC-5M paint-marker envelope and that docks into a shared centre layout.,Give each adult craft-night participant a labelled caddy whose bays are cut to the published uni POSCA PC-5M paint-marker envelope and that docks into a shared centre layout.,"Adults seeking precise, low-risk organization or display accessories",The parent craft-night caddy scores 96; POSCA is the dominant guided-workshop paint marker and adds no separate variant demand proof.,Core — exact named-format or named-product organization with a guided metriMade proposition,A named nominal interface can become a low-volume exact variant while the generic parent remains available for other dimensions.,Participant count; marker count per person; table envelope; names; cap orientation,bay count; bay pitch; bay depth; dock interface; name text; divider map,180,140,120,SUNLU PETG Black,None,Moderate,Digital first after physical qualification; printed later after fulfillment qualification,10-18,28-56,1,"Adult dry craft supplies only; no hot tools, solvents, food contact, ink-compatibility or child-use claim.",94,R3 advancement wave 1 — high trend / low complexity,S33; S01; S11; S19; S32; S79; S53,P0 evidence-backed specific variant,Print one bay row and dock seam and test real PC-5M markers for single-handed withdrawal and shake clearance.,"POSCA markers must be shaken before use, so bay pitch is sized for grip access rather than minimum packing. Trend and opportunity remain directional; R3 is design-input maturity, not demand or product qualification.",27,30,25,14,96,Inherited from or calibrated to parent SKU-160 and kept separate from the new interface evidence; specificity does not count as demand proof.,INHERITED DIRECTIONAL PLANNING SCORE — NOT VALIDATED VARIANT DEMAND,TOOL_CADDY,S79,uni POSCA PC-5M paint-marker barrel envelope,Mitsubishi Pencil publishes the PC-5M as approximately 18.0 x 18.0 x 142.0 mm shaft diameter x thickness x total length; each bay is a round recess cut to the 18 mm nominal plus the declared clearance inside the 142 mm length.,E3 primary-source nominal data for the exact named variant; independent measurement and physical fit remain open.,"Manufacturer nominal barrel size only; cap fit, nib protrusion, label thickness and other POSCA tip sizes such as PC-1M, PC-3M or PC-8K are not covered, and no paint-compatibility claim is made.",MM-R3-K3MAX-PETG-0P4-0P20-2026-08-31; flat stable base down; support-free,business/02-portfolio/research-r3-process-baseline.json,"Print one tool bay row and one dock seam from the cited manufacturer envelope, inspect the bays, then load the exact named supply, test single-handed withdrawal, table stability, dock alignment and 100 withdrawal cycles.",Each bay accepts the cited nominal supply envelope plus the declared clearance within 0.30 mm; a supply can be withdrawn single-handed without lifting the caddy; the loaded caddy stays upright at 10 degrees; and 100 withdrawal cycles leave no barrel scuffing.,2,2,2,2,2,0,2,1,1,1,2,39.0,C2,R3,R3,R3,R3,R3,R3,"The exact variant, intended use and exclusions are fixed; critical interface nominals come from a cited primary source; one exact hashed printer/material/nozzle/orientation/process baseline is pinned; acceptance criteria and a coupon/prototype method are defined. Independent dimensional and physical validation is still missing, so readiness stops at R3.",K1,B,B,CONDITIONAL,GO_WITH_CONTROLS,G0 PASS; G1 PASS; G2 PASS; G3 PASS; G4 PASS; G5 PASS; G6 PASS,C2 · R3 · K1 · Lane B · CONDITIONAL,STRUCTURED SPECIFIC-VARIANT PREFLIGHT R3 — NOT PRODUCT RELEASE APPROVAL,2026-09-04,1.0
SKU-553,SKU-160,Tombow Dual Brush ABT 12 x 190 craft-night personal caddy,Named-supply craft caddies,Specific R3 variation of SKU-160,Give each adult craft-night participant a labelled caddy whose bays are cut to the published Tombow Dual Brush Pen ABT envelope and that docks into a shared centre layout.,Give each adult craft-night participant a labelled caddy whose bays are cut to the published Tombow Dual Brush Pen ABT envelope and that docks into a shared centre layout.,"Adults seeking precise, low-risk organization or display accessories",The parent craft-night caddy scores 96; the ABT brush pen is a lettering-workshop staple and adds no separate variant demand proof.,Core — exact named-format or named-product organization with a guided metriMade proposition,A named nominal interface can become a low-volume exact variant while the generic parent remains available for other dimensions.,Participant count; pen count per person; table envelope; names; nib orientation,bay count; bay pitch; bay depth; nib relief; dock interface; name text,180,140,120,SUNLU PETG Black,None,Moderate,Digital first after physical qualification; printed later after fulfillment qualification,10-18,28-56,1,"Adult dry craft supplies only; no hot tools, solvents, food contact, ink-compatibility or child-use claim.",94,R3 advancement wave 1 — high trend / low complexity,S33; S01; S11; S19; S32; S80; S53,P0 evidence-backed specific variant,Print one bay row with nib relief and confirm that neither nib touches the bay floor on a real pen.,"The only double-ended supply in the caddy group; nib relief at both ends is the named design driver. Trend and opportunity remain directional; R3 is design-input maturity, not demand or product qualification.",27,30,25,14,96,Inherited from or calibrated to parent SKU-160 and kept separate from the new interface evidence; specificity does not count as demand proof.,INHERITED DIRECTIONAL PLANNING SCORE — NOT VALIDATED VARIANT DEMAND,TOOL_CADDY,S80,Tombow Dual Brush Pen ABT barrel envelope,"Published Tombow ABT specifications give a maximum barrel diameter of 12.0 mm, a grip diameter near 10.3 mm and a capped length of 190 mm; each bay is a round recess cut to the 12.0 mm nominal plus the declared clearance inside the capped length.",E3 primary-source nominal data for the exact named variant; independent measurement and physical fit remain open.,"Manufacturer nominal barrel size only; the pen is double-ended, so both the brush and the fine nib must stay clear of every bay floor; nib splay, label thickness and other Tombow ranges are not covered.",MM-R3-K3MAX-PETG-0P4-0P20-2026-08-31; flat stable base down; support-free,business/02-portfolio/research-r3-process-baseline.json,"Print one tool bay row and one dock seam from the cited manufacturer envelope, inspect the bays, then load the exact named supply, test single-handed withdrawal, table stability, dock alignment and 100 withdrawal cycles.",Each bay accepts the cited nominal supply envelope plus the declared clearance within 0.30 mm; a supply can be withdrawn single-handed without lifting the caddy; the loaded caddy stays upright at 10 degrees; and 100 withdrawal cycles leave no barrel scuffing.,2,2,2,2,2,0,2,1,1,1,2,39.0,C2,R3,R3,R3,R3,R3,R3,"The exact variant, intended use and exclusions are fixed; critical interface nominals come from a cited primary source; one exact hashed printer/material/nozzle/orientation/process baseline is pinned; acceptance criteria and a coupon/prototype method are defined. Independent dimensional and physical validation is still missing, so readiness stops at R3.",K1,B,B,CONDITIONAL,GO_WITH_CONTROLS,G0 PASS; G1 PASS; G2 PASS; G3 PASS; G4 PASS; G5 PASS; G6 PASS,C2 · R3 · K1 · Lane B · CONDITIONAL,STRUCTURED SPECIFIC-VARIANT PREFLIGHT R3 — NOT PRODUCT RELEASE APPROVAL,2026-09-04,1.0
SKU-554,SKU-160,DMC six-strand floss skein craft-night personal caddy,Named-supply craft caddies,Specific R3 variation of SKU-160,"Give each adult craft-night participant a labelled caddy that keeps DMC six-strand floss skeins separated, tangle-free and pull-ready in a shared centre layout.","Give each adult craft-night participant a labelled caddy that keeps DMC six-strand floss skeins separated, tangle-free and pull-ready in a shared centre layout.","Adults seeking precise, low-risk organization or display accessories",The parent craft-night caddy scores 96; DMC floss is the standard embroidery consumable in guided craft kits and adds no separate demand proof.,Core — exact named-format or named-product organization with a guided metriMade proposition,A named nominal interface can become a low-volume exact variant while the generic parent remains available for other dimensions.,Participant count; skein count per person; table envelope; names; colour index,bay count; bay pitch; bay depth; pull-tail relief; dock interface; name text,180,140,120,SUNLU PETG Black,None,Moderate,Digital first after physical qualification; printed later after fulfillment qualification,10-18,28-56,1,"Adult dry craft supplies only; no hot tools, solvents, food contact, ink-compatibility or child-use claim.",94,R3 advancement wave 1 — high trend / low complexity,S33; S01; S11; S19; S32; S81; S53,P0 evidence-backed specific variant,"Measure full and half-used skeins, then print one bay row and test pull-tail access and tangle behaviour.","The only soft-goods interface in the caddy group; the evidence route is deliberately weaker on geometry and explicit about it. Trend and opportunity remain directional; R3 is design-input maturity, not demand or product qualification.",27,30,25,14,96,Inherited from or calibrated to parent SKU-160 and kept separate from the new interface evidence; specificity does not count as demand proof.,INHERITED DIRECTIONAL PLANNING SCORE — NOT VALIDATED VARIANT DEMAND,TOOL_CADDY,S81,DMC six-strand embroidery floss pull-skein envelope,DMC publishes the six-strand cotton floss as an 8 m / 8.7 yd size-25 pull skein with two paper bands; each bay is cut to the banded skein envelope plus the declared clearance and keeps both band ends and the pull tail exposed.,E3 primary-source nominal data for the exact named variant; independent measurement and physical fit remain open.,"The manufacturer publishes length and thread size, not a rigid skein geometry: a pull skein is soft, compresses, relaxes as thread is used and varies between full and part-used skeins. Bay geometry must be set from measured full and half-used skeins.",MM-R3-K3MAX-PETG-0P4-0P20-2026-08-31; flat stable base down; support-free,business/02-portfolio/research-r3-process-baseline.json,"Print one tool bay row and one dock seam from the cited manufacturer envelope, inspect the bays, then load the exact named supply, test single-handed withdrawal, table stability, dock alignment and 100 withdrawal cycles.",Each bay accepts the cited nominal supply envelope plus the declared clearance within 0.30 mm; a supply can be withdrawn single-handed without lifting the caddy; the loaded caddy stays upright at 10 degrees; and 100 withdrawal cycles leave no barrel scuffing.,2,2,2,2,2,0,2,1,1,1,2,39.0,C2,R3,R3,R3,R3,R3,R3,"The exact variant, intended use and exclusions are fixed; critical interface nominals come from a cited primary source; one exact hashed printer/material/nozzle/orientation/process baseline is pinned; acceptance criteria and a coupon/prototype method are defined. Independent dimensional and physical validation is still missing, so readiness stops at R3.",K1,B,B,CONDITIONAL,GO_WITH_CONTROLS,G0 PASS; G1 PASS; G2 PASS; G3 PASS; G4 PASS; G5 PASS; G6 PASS,C2 · R3 · K1 · Lane B · CONDITIONAL,STRUCTURED SPECIFIC-VARIANT PREFLIGHT R3 — NOT PRODUCT RELEASE APPROVAL,2026-09-04,1.0
SKU-555,SKU-107,SINGER Class 15 transparent bobbin drawer cassette,Named-bobbin sewing cassettes,Specific R3 variation of SKU-107,Store wound SINGER Class 15 transparent bobbins with a visible thread-colour inventory on posts inside an exact customer drawer footprint.,Store wound SINGER Class 15 transparent bobbins with a visible thread-colour inventory on posts inside an exact customer drawer footprint.,"Adults seeking precise, low-risk organization or display accessories","The parent bobbin cassette scores 96; SINGER publishes Class 15 transparent bobbin dimensions, which turns the generic post into an exact interface.",Core — exact named-format or named-product organization with a guided metriMade proposition,A named nominal interface can become a low-volume exact variant while the generic parent remains available for other dimensions.,Drawer size; bobbin count; wound or empty use; colour index; label text,post diameter; post pitch; recess depth; module grid; labels,220,180,40,SUNLU PETG Black,None,Moderate,Digital first after physical qualification; printed later after fulfillment qualification,9-16,24-46,1,"Adult dry sewing-room storage only; no machine-compatibility, thread-tension, sharp-burr-free or child-use claim; bobbins remain small parts.",95,R3 advancement wave 1 — high trend / low complexity,S33; S31; S11; S19; S32; S83; S53,P0 evidence-backed specific variant,"Print a post-and-recess coupon and test wound and empty transparent bobbins for seating, removal and thread snagging.","Specific child of the generic bobbin cassette; the presser-foot half of the parent concept stays out of this variant's scope. Trend and opportunity remain directional; R3 is design-input maturity, not demand or product qualification.",30,30,25,11,96,Inherited from or calibrated to parent SKU-107 and kept separate from the new interface evidence; specificity does not count as demand proof.,INHERITED DIRECTIONAL PLANNING SCORE — NOT VALIDATED VARIANT DEMAND,BOBBIN_CASSETTE,S83,SINGER Class 15 transparent bobbin envelope,SINGER publishes the Class 15 transparent bobbin as 20 mm diameter by 11 mm height with slightly curved flanges; each post and recess is built to that nominal plus the declared clearance and leaves the thread face visible.,E3 primary-source nominal data for the exact named variant; independent measurement and physical fit remain open.,"Manufacturer support-page nominals only; Class 15 and Class 15J are not interchangeable, flange curvature and hub bore vary between suppliers, and no machine-compatibility, thread-tension or burr-free claim is made. Bobbins remain small parts.",MM-R3-K3MAX-PETG-0P4-0P20-2026-08-31; flat stable base down; support-free,business/02-portfolio/research-r3-process-baseline.json,"Print one post-and-recess coupon from the cited bobbin geometry, inspect post diameter and recess depth, then load real bobbins of the named class and test retention, single-handed removal, thread snagging and 200 load cycles.",The coupon post and recess match the cited nominal bobbin geometry plus the declared clearance within 0.30 mm; a wound bobbin seats without force and is removed single-handed; no thread catches on any printed edge; and 200 load cycles cause no post wear or crack.,2,2,2,2,2,0,2,1,1,1,2,39.0,C2,R3,R3,R3,R3,R3,R3,"The exact variant, intended use and exclusions are fixed; critical interface nominals come from a cited primary source; one exact hashed printer/material/nozzle/orientation/process baseline is pinned; acceptance criteria and a coupon/prototype method are defined. Independent dimensional and physical validation is still missing, so readiness stops at R3.",K1,B,B,CONDITIONAL,GO_WITH_CONTROLS,G0 PASS; G1 PASS; G2 PASS; G3 PASS; G4 PASS; G5 PASS; G6 PASS,C2 · R3 · K1 · Lane B · CONDITIONAL,STRUCTURED SPECIFIC-VARIANT PREFLIGHT R3 — NOT PRODUCT RELEASE APPROVAL,2026-09-04,1.0
SKU-556,SKU-107,SINGER Class 15 metal bobbin drawer cassette,Named-bobbin sewing cassettes,Specific R3 variation of SKU-107,Store wound SINGER Class 15 metal bobbins on posts inside an exact customer drawer footprint with a labelled thread-colour inventory.,Store wound SINGER Class 15 metal bobbins on posts inside an exact customer drawer footprint with a labelled thread-colour inventory.,"Adults seeking precise, low-risk organization or display accessories","The parent bobbin cassette scores 96; SINGER publishes separate metal Class 15 dimensions, which makes this a distinct measurable interface.",Core — exact named-format or named-product organization with a guided metriMade proposition,A named nominal interface can become a low-volume exact variant while the generic parent remains available for other dimensions.,Drawer size; bobbin count; wound or empty use; colour index; label text,post diameter; post pitch; recess depth; module grid; labels,220,180,40,SUNLU PETG Black,None,Moderate,Digital first after physical qualification; printed later after fulfillment qualification,9-16,24-46,1,"Adult dry sewing-room storage only; no machine-compatibility, thread-tension, sharp-burr-free or child-use claim; bobbins remain small parts.",95,R3 advancement wave 1 — high trend / low complexity,S33; S31; S11; S19; S32; S83; S53,P0 evidence-backed specific variant,Print a post-and-recess coupon and confirm that a metal bobbin does not seat in the transparent-bobbin recess of SKU-555.,"Deliberately kept separate from SKU-555 because the published metal and transparent nominals differ in both axes. Trend and opportunity remain directional; R3 is design-input maturity, not demand or product qualification.",30,30,25,11,96,Inherited from or calibrated to parent SKU-107 and kept separate from the new interface evidence; specificity does not count as demand proof.,INHERITED DIRECTIONAL PLANNING SCORE — NOT VALIDATED VARIANT DEMAND,BOBBIN_CASSETTE,S83,SINGER Class 15 metal bobbin envelope,SINGER publishes the Class 15 metal bobbin as 21 mm diameter by 10 mm height with both faces curved; each post and recess is built to that nominal plus the declared clearance.,E3 primary-source nominal data for the exact named variant; independent measurement and physical fit remain open.,"Manufacturer support-page nominals only; Class 15 and Class 15J are not interchangeable, metal bobbins vary between suppliers, and no machine-compatibility, thread-tension or burr-free claim is made. Bobbins remain small parts.",MM-R3-K3MAX-PETG-0P4-0P20-2026-08-31; flat stable base down; support-free,business/02-portfolio/research-r3-process-baseline.json,"Print one post-and-recess coupon from the cited bobbin geometry, inspect post diameter and recess depth, then load real bobbins of the named class and test retention, single-handed removal, thread snagging and 200 load cycles.",The coupon post and recess match the cited nominal bobbin geometry plus the declared clearance within 0.30 mm; a wound bobbin seats without force and is removed single-handed; no thread catches on any printed edge; and 200 load cycles cause no post wear or crack.,2,2,2,2,2,0,2,1,1,1,2,39.0,C2,R3,R3,R3,R3,R3,R3,"The exact variant, intended use and exclusions are fixed; critical interface nominals come from a cited primary source; one exact hashed printer/material/nozzle/orientation/process baseline is pinned; acceptance criteria and a coupon/prototype method are defined. Independent dimensional and physical validation is still missing, so readiness stops at R3.",K1,B,B,CONDITIONAL,GO_WITH_CONTROLS,G0 PASS; G1 PASS; G2 PASS; G3 PASS; G4 PASS; G5 PASS; G6 PASS,C2 · R3 · K1 · Lane B · CONDITIONAL,STRUCTURED SPECIFIC-VARIANT PREFLIGHT R3 — NOT PRODUCT RELEASE APPROVAL,2026-09-04,1.0
SKU-557,SKU-107,Brother SA156 Class 15 bobbin drawer cassette,Named-bobbin sewing cassettes,Specific R3 variation of SKU-107,Store wound Brother SA156 clear plastic bobbins on posts inside an exact customer drawer footprint with a labelled thread-colour inventory.,Store wound Brother SA156 clear plastic bobbins on posts inside an exact customer drawer footprint with a labelled thread-colour inventory.,"Adults seeking precise, low-risk organization or display accessories",The parent bobbin cassette scores 96; SA156 is the named consumable for a large installed base of Brother and Baby Lock machines.,Core — exact named-format or named-product organization with a guided metriMade proposition,A named nominal interface can become a low-volume exact variant while the generic parent remains available for other dimensions.,Drawer size; bobbin count; wound or empty use; colour index; label text,post diameter; post pitch; recess depth; module grid; labels,220,180,40,SUNLU PETG Black,None,Moderate,Digital first after physical qualification; printed later after fulfillment qualification,9-16,24-46,1,"Adult dry sewing-room storage only; no machine-compatibility, thread-tension, sharp-burr-free or child-use claim; bobbins remain small parts.",95,R3 advancement wave 1 — high trend / low complexity,S33; S31; S11; S19; S32; S82; S83; S53,P0 evidence-backed specific variant,"Measure five real SA156 bobbins, then print a post-and-recess coupon before any Brother or Baby Lock compatibility wording.","Weakest interface evidence in this group because the manufacturer publishes a class, not a dimension; the gap is stated rather than closed. Trend and opportunity remain directional; R3 is design-input maturity, not demand or product qualification.",30,30,25,11,96,Inherited from or calibrated to parent SKU-107 and kept separate from the new interface evidence; specificity does not count as demand proof.,INHERITED DIRECTIONAL PLANNING SCORE — NOT VALIDATED VARIANT DEMAND,BOBBIN_CASSETTE,S82; S83,Brother SA156 clear plastic bobbin envelope,Brother identifies SA156 as a Class 15 / size 11.5 clear plastic bobbin; the post and recess are therefore built to the published Class 15 nominal of about 20 mm diameter by 11 mm height plus the declared clearance.,E3 primary-source nominal data for the exact named variant; independent measurement and physical fit remain open.,"Brother publishes the class designation but not a dimensioned drawing, so the working nominal is inherited from the Class 15 class definition and must be confirmed on real SA156 bobbins before any Brother compatibility wording. No machine-compatibility, thread-tension or burr-free claim is made; bobbins remain small parts.",MM-R3-K3MAX-PETG-0P4-0P20-2026-08-31; flat stable base down; support-free,business/02-portfolio/research-r3-process-baseline.json,"Print one post-and-recess coupon from the cited bobbin geometry, inspect post diameter and recess depth, then load real bobbins of the named class and test retention, single-handed removal, thread snagging and 200 load cycles.",The coupon post and recess match the cited nominal bobbin geometry plus the declared clearance within 0.30 mm; a wound bobbin seats without force and is removed single-handed; no thread catches on any printed edge; and 200 load cycles cause no post wear or crack.,2,2,2,2,2,0,2,1,1,1,2,39.0,C2,R3,R3,R3,R3,R3,R3,"The exact variant, intended use and exclusions are fixed; critical interface nominals come from a cited primary source; one exact hashed printer/material/nozzle/orientation/process baseline is pinned; acceptance criteria and a coupon/prototype method are defined. Independent dimensional and physical validation is still missing, so readiness stops at R3.",K1,B,B,CONDITIONAL,GO_WITH_CONTROLS,G0 PASS; G1 PASS; G2 PASS; G3 PASS; G4 PASS; G5 PASS; G6 PASS,C2 · R3 · K1 · Lane B · CONDITIONAL,STRUCTURED SPECIFIC-VARIANT PREFLIGHT R3 — NOT PRODUCT RELEASE APPROVAL,2026-09-04,1.0
