"SKU_ID","Product","Product_Family","Concept_Type","Customer_Job","Target_Segment","Trend_Signal","Strategy_Fit","AM_Advantage","Customer_Inputs","Parametric_Variables","Max_L_mm","Max_W_mm","Max_H_mm","Primary_Material","Supports","Difficulty","Offer_Mode","Digital_Price_Band_EUR","Printed_Price_Band_EUR","Risk_Score","Risk_or_Limit","Opportunity_Score","Launch_Wave","Source_IDs","Design_Status","Next_Gate","Notes","Trend_Source_Strength_0_30","Trend_Signal_Magnitude_0_30","Trend_MetriMade_Fit_0_25","Trend_Whitespace_0_15","Trend_Score_0_100","Trend_Score_Basis","Trend_Score_Status","Trend_Score_Assessed_On","Trend_Score_Version"
"SKU-101","Irregular-corner drawer organizer infill","Exact-fit drawer extensions","Improvement of SKU-001","Recover drawer space around hinges; pipes; notches or skewed corners without rebuilding the full organizer.","Small-home; craft and home-office users","IKEA 2026 reports catch-all drawers in 68% of households and persistent clutter friction.","Core — exact-fit organization","A measured cutout becomes a low-volume filler that mass products cannot match.","Drawer outline; obstruction positions; desired pocket use","outline points; clearance; wall; pocket depth; label","220","220","80","PLA or PETG","None","Moderate","Digital first; printed later","9-16","24-45","2","Fit error and small loose module; no load-bearing claim.","96","Wave 1","S31; S11; S19; S32","P0 research backlog","Prototype three corner types plus a paper measurement template and clearance coupon.","Reusable DrawerFit extension; price and demand remain hypotheses.","30","24","25","7","86","Primary-source strength 30/30 (S31); signal magnitude 24/30; metriMade strategy fit 25/25; nonduplicate portfolio whitespace 7/15. Directional planning judgment; no German product-level demand proof.","DIRECTIONAL PLANNING SCORE — NOT VALIDATED DEMAND","2026-09-01","1.0"
"SKU-102","Tapered drawer perimeter filler rail set","Exact-fit drawer extensions","Improvement of SKU-001","Close wedge-shaped side gaps left by rectangular organizer grids in tapered or out-of-square drawers.","Older-home; custom-furniture and desk users","IKEA 2026 highlights widespread drawer clutter; exact fit is the portfolio moat.","Core — exact-fit organization","Parametric wedges monetize millimeter-level geometry that injection-molded trays ignore.","Front and rear gap; rail length; drawer height","front gap; rear gap; length; height; end relief","220","45","70","PLA","None","Easy","Digital first; printed later","6-12","18-34","1","Pinch-free loose filler only; customer measurement error.","95","Wave 1","S31; S11; S19; S32","P0 research backlog","Print a taper gauge; verify removal grip and three drawer finishes.","Bundle with DrawerFit rather than market as a generic spacer.","30","24","25","7","86","Primary-source strength 30/30 (S31); signal magnitude 24/30; metriMade strategy fit 25/25; nonduplicate portfolio whitespace 7/15. Directional planning judgment; no German product-level demand proof.","DIRECTIONAL PLANNING SCORE — NOT VALIDATED DEMAND","2026-09-01","1.0"
"SKU-103","Lift-out shallow upper drawer tray","Exact-fit drawer extensions","New platform variant","Add a removable second level for frequently used shallow items above deeper contents.","Home office; craft and utility drawers","IKEA 2026 identifies the drawer as a dominant unmanaged storage zone.","Core — exact-fit organization","Tray span; handle and support ledges can be generated for the exact drawer and lower layout.","Drawer width; depth; free height; lower-item keep-outs","span; depth; tray height; ledge; handle; divider map","220","220","45","PETG","None","Moderate","Digital first; printed later","12-20","32-58","3","Drop; binding and overload risk; light contents only until tested.","94","Wave 1","S31; S11; S19; S32","P0 research backlog","Build one 200 mm span prototype; test 500 removals and a conservative light-load limit.","Distinct customer job from a base grid: vertical use of deep drawers.","30","24","25","9","88","Primary-source strength 30/30 (S31); signal magnitude 24/30; metriMade strategy fit 25/25; nonduplicate portfolio whitespace 9/15. Directional planning judgment; no German product-level demand proof.","DIRECTIONAL PLANNING SCORE — NOT VALIDATED DEMAND","2026-09-01","1.0"
"SKU-104","Deep-drawer height riser platform","Exact-fit drawer extensions","New platform variant","Raise small trays to an accessible height while preserving a hidden cavity below.","Accessibility-minded adults; craft and office users","IKEA 2026 links organization with time lost finding possessions.","Core — exact-fit organization","Ribbed risers use little material and adapt to exact drawer depth and tray footprint.","Drawer envelope; desired lift; upper tray footprint","lift height; rib pitch; access notch; module split","220","220","90","PLA","None","Easy","Digital first; printed later","8-14","24-42","2","Light-duty organizer support only; no structural or child-use claim.","92","Wave 1","S31; S11; S19; S32","P0 research backlog","Compare ribbed and corner-post coupons; test creep under 2 kg for 30 days.","Pairs with existing organizer modules without changing their interface.","30","24","25","9","88","Primary-source strength 30/30 (S31); signal magnitude 24/30; metriMade strategy fit 25/25; nonduplicate portfolio whitespace 9/15. Directional planning judgment; no German product-level demand proof.","DIRECTIONAL PLANNING SCORE — NOT VALIDATED DEMAND","2026-09-01","1.0"
"SKU-105","Adapter-and-dongle drawer cassette","Electronics-accessory organization","Variation of SKU-001","Keep USB adapters; card readers and dongles visible and matched to labeled slots.","Remote workers; photographers; maker households","IKEA 2026 reports cable-heavy catch-all drawers and charger-search frustration.","Core — defined-set organization","Mixed measured silhouettes and label fields create a collection-specific insert.","Item count; body dimensions; connector keep-outs; labels","slot sizes; grip relief; label text; spare slots","220","160","45","PLA","None","Easy","Both after validation","9-15","25-44","2","Storage only; exclude damaged batteries and energized devices.","94","Wave 1","S31; S09; S11; S19; S32","P0 research backlog","Create a no-brand measurement card and test 20 generic adapter shapes.","Use descriptive connector types; no affiliation claims.","30","25","25","8","88","Primary-source strength 30/30 (S31; S09); signal magnitude 25/30; metriMade strategy fit 25/25; nonduplicate portfolio whitespace 8/15. Directional planning judgment; no German product-level demand proof.","DIRECTIONAL PLANNING SCORE — NOT VALIDATED DEMAND","2026-09-01","1.0"
"SKU-106","Watch-strap and jewelry drawer cassette","Personal-item organization","New","Separate watch straps; rings and small jewelry in a drawer without exposed wall display.","Adult collectors; gift buyers; small-bedroom users","Etsy 2026 favors personal keepsakes while IKEA 2026 shows sentimental-item retention.","Core — personalized defined-set organization","Exact compartment counts; initials and optional removable soft liners support premium variants.","Drawer size; item counts; strap width; text","cell count; cell size; finger relief; initials; liner allowance","220","180","45","PLA with optional TPU liners","None","Easy","Both after validation","10-18","28-55","2","Small parts; adult storage only; no precious-item security claim.","91","Wave 1","S01; S31; S11; S19; S32","P0 research backlog","Test scratch risk with TPU and felt alternatives; run a customer proof workflow.","Functional personalized gift; outgoing font and customer-content rules apply.","30","28","25","12","95","Primary-source strength 30/30 (S01; S31); signal magnitude 28/30; metriMade strategy fit 25/25; nonduplicate portfolio whitespace 12/15. Directional planning judgment; no German product-level demand proof.","DIRECTIONAL PLANNING SCORE — NOT VALIDATED DEMAND","2026-09-01","1.0"
"SKU-107","Sewing bobbin and presser-foot drawer cassette","Sewing and needlecraft organization","New","Store bobbins and machine feet together with a visible inventory and exact drawer footprint.","Sewers; quilters; repair hobbyists","Michaels 2026 reports sewing-pattern searches up 152% and strong analog-hobby growth.","Core — exact-fit craft organization","Mixed tiny interfaces and labeled inventory benefit from parametric spacing and replacement modules.","Drawer size; bobbin standard; foot types; counts","bobbin diameter; post size; foot cells; labels; module grid","220","180","40","PLA","None","Easy","Digital first; printed later","9-16","24-46","2","Small parts; adult craft use; verify no sharp burrs contact thread.","95","Wave 1","S33; S31; S11; S19; S32","P0 research backlog","Prototype two common bobbin standards and a generic foot-cell gauge.","Original organizer geometry; do not copy branded accessory trays.","30","30","25","11","96","Primary-source strength 30/30 (S33; S31); signal magnitude 30/30; metriMade strategy fit 25/25; nonduplicate portfolio whitespace 11/15. Directional planning judgment; no German product-level demand proof.","DIRECTIONAL PLANNING SCORE — NOT VALIDATED DEMAND","2026-09-01","1.0"
"SKU-108","Camera battery and media-card drawer cassette","Photo-gear organization","New","Inventory cool; undamaged camera batteries and memory cards in labeled drawer slots.","Adult photographers and video creators","IKEA 2026 shows charger and cable search pain; creators own mixed small electronics.","Core adjacent — exact-fit organization","Device-specific slot envelopes and status orientation flags create high fit value.","Battery body size; card formats; counts; drawer size","slot envelope; contact keep-out; status orientation; labels","220","160","45","PETG","None","Moderate","Digital first; printed later","10-18","28-52","3","Storage only; no charging; damaged or hot batteries excluded; electrical-product review required.","86","Wave 2","S31; S11; S15; S19; S32","P0 research backlog","Run heat-clearance and drop tests with inert dimensional dummies before any real-battery pilot.","Compatibility must be factual and tested; no camera-brand styling.","30","24","22","14","90","Primary-source strength 30/30 (S31); signal magnitude 24/30; metriMade strategy fit 22/25; nonduplicate portfolio whitespace 14/15. Directional planning judgment; no German product-level demand proof.","DIRECTIONAL PLANNING SCORE — NOT VALIDATED DEMAND","2026-09-01","1.0"
"SKU-109","Coin-capsule and medal drawer cassette","Collector drawer organization","New","Arrange capsules; medals and provenance labels in a fitted drawer archive.","Adult coin; medal and souvenir collectors","eBay 2025 reports strong passion-led participation in collectibles and antiques.","Core adjacent — defined-set collector organization","Variable diameters; depths and label cells suit parametric one-off layouts.","Drawer size; capsule diameters; counts; label size","cell diameter; depth; label pocket; finger relief; grid","220","180","40","PLA","None","Easy","Both after validation","10-18","28-54","2","Display/storage only; no conservation or security guarantee.","90","Wave 2","S34; S31; S11; S19; S32","P0 research backlog","Test abrasion with common plastic capsules and paper labels.","Avoid imagery from coins or medals; geometry stays generic.","30","25","22","14","91","Primary-source strength 30/30 (S34; S31); signal magnitude 25/30; metriMade strategy fit 22/25; nonduplicate portfolio whitespace 14/15. Directional planning judgment; no German product-level demand proof.","DIRECTIONAL PLANNING SCORE — NOT VALIDATED DEMAND","2026-09-01","1.0"
"SKU-110","Fountain-pen and ink-sample drawer cassette","Writing-tool organization","New","Store pens and sealed ink-sample vials horizontally with easy removal and spill separation.","Adult pen collectors; journalers; gift buyers","Etsy and Michaels 2026 both signal analog writing and journaling growth.","Core — exact-fit analog-hobby organization","Measured pen lengths and vial diameters create premium layouts for irregular collections.","Drawer size; pen lengths; pen diameters; vial diameter and count","channel width; divider; finger relief; vial grid; label","220","180","45","PLA with optional TPU pads","None","Easy","Both after validation","10-18","30-58","3","Closed-vial storage only; no leak containment or archival-material claim.","91","Wave 1","S01; S33; S31; S11; S19; S32","P0 research backlog","Test staining; pad abrasion and removal with inexpensive pens and water-filled dummy vials.","High giftability but needs a conservative liquid-use boundary.","30","26","25","14","95","Primary-source strength 30/30 (S01; S33; S31); signal magnitude 26/30; metriMade strategy fit 25/25; nonduplicate portfolio whitespace 14/15. Directional planning judgment; no German product-level demand proof.","DIRECTIONAL PLANNING SCORE — NOT VALIDATED DEMAND","2026-09-01","1.0"
"SKU-111","Eyeglasses drawer channel insert","Personal-item organization","New","Store several pairs without lenses touching each other or the drawer base.","Adults with multiple frames; small-bedroom users","IKEA 2026 emphasizes meaningful possessions and organized access rather than disposal.","Core — defined-set organization","Frame width; folded height and bridge keep-outs can be matched to the collection.","Drawer size; folded frame envelopes; pair count","channel width; bridge relief; separator height; pad allowance","220","180","55","PLA with TPU pads","None","Easy","Both after validation","9-16","28-52","2","No optical protection guarantee; validate surface contact and cleanliness.","90","Wave 1","S31; S11; S19; S32","P0 research backlog","Print three channel profiles and run scratch/abrasion tests with sacrificial lenses.","Freestanding drawer use avoids the mounting burden of a display rail.","30","24","25","12","91","Primary-source strength 30/30 (S31); signal magnitude 24/30; metriMade strategy fit 25/25; nonduplicate portfolio whitespace 12/15. Directional planning judgment; no German product-level demand proof.","DIRECTIONAL PLANNING SCORE — NOT VALIDATED DEMAND","2026-09-01","1.0"
"SKU-112","Photo and postcard archive drawer divider","Memory-keeping organization","New","Sort prints; postcards and ticket-sized paper keepsakes by date or theme in a fitted drawer.","Journalers; families; travelers and collectors","Etsy 2026 reports memory-journal growth; IKEA 2026 finds 82% keep sentimental objects.","Core — personalized memory organization","Exact paper formats; drawer width and custom label taxonomy are naturally parametric.","Drawer size; media sizes; category list; label text","lane width; divider spacing; tab position; text; index order","220","180","80","PLA","None","Easy","Both after validation","8-15","24-48","1","Dry indoor storage only; no archival or moisture-protection claim.","93","Wave 1","S01; S31; S33; S11; S19; S32","P0 research backlog","Test paper snagging; tab legibility and three common photo formats.","Strong personalization without reproducing customer photos.","30","30","25","13","98","Primary-source strength 30/30 (S01; S31; S33); signal magnitude 30/30; metriMade strategy fit 25/25; nonduplicate portfolio whitespace 13/15. Directional planning judgment; no German product-level demand proof.","DIRECTIONAL PLANNING SCORE — NOT VALIDATED DEMAND","2026-09-01","1.0"
"SKU-113","Remote-control drawer cradle with cable route","Living-room organization","New","Give remotes a shaped home inside a drawer while routing one charging lead to rechargeable units.","Multi-device households and media rooms","IKEA 2026 reports time lost finding items and cable-heavy catch-all drawers.","Core — exact-fit organization","Mixed remote envelopes and button keep-outs are easy to capture with a guided measurement card.","Drawer size; remote envelopes; cable diameter; connector side","cradle width; angle; button keep-out; cable path; labels","220","180","55","PLA or PETG","None","Moderate","Digital first; printed later","9-16","26-48","3","Passive storage only; avoid heat buildup and button activation; no charging electronics included.","89","Wave 2","S31; S09; S11; S15; S19; S32","P0 research backlog","Use inert remote blocks to validate clearance; then test cable pinch and heat around one real device.","Different from a grip sleeve: drawer location and retrieval are the customer job.","30","25","25","14","94","Primary-source strength 30/30 (S31; S09); signal magnitude 25/30; metriMade strategy fit 25/25; nonduplicate portfolio whitespace 14/15. Directional planning judgment; no German product-level demand proof.","DIRECTIONAL PLANNING SCORE — NOT VALIDATED DEMAND","2026-09-01","1.0"
"SKU-114","Clip-on label-window kit for organizer bins","Label and revision system","Improvement of SKU-023","Add replaceable paper or printed labels to existing bins without reprinting the bin body.","Home organizers; makers; shared households","IKEA 2026 finds broad clutter and ownership tension; visible homes reduce ambiguity.","Core — reusable portfolio interface","One clip family can serve multiple bin lip thicknesses; label content remains replaceable.","Bin lip thickness; label size; clip count","clip gap; spring thickness; window size; icon/text option","90","35","25","PETG","None","Easy","Both after validation","5-10","12-28","2","Small detachable clips; adult-use labeling; surface marking and fatigue tests.","94","Wave 1","S31; S11; S19; S32","P0 research backlog","Run lip-thickness coupon sweep and 500 attach/remove cycles.","Platform accessory with repeat-purchase and cross-family value.","30","24","25","9","88","Primary-source strength 30/30 (S31); signal magnitude 24/30; metriMade strategy fit 25/25; nonduplicate portfolio whitespace 9/15. Directional planning judgment; no German product-level demand proof.","DIRECTIONAL PLANNING SCORE — NOT VALIDATED DEMAND","2026-09-01","1.0"
"SKU-115","Drawer measurement gauge and clearance coupon kit","Measurement and fit tools","Improvement of SKU-001","Help customers capture internal corners; taper; radius and required clearance before ordering a full organizer.","First-time exact-fit customers and makers","The stated business moat is guided measurement and error prevention; IKEA 2026 confirms the problem scale.","Core — measurement moat","A cheap physical gauge reduces support and remake risk across every drawer product.","Printer process; expected drawer materials; target clearance range","corner radii; taper scale; clearance steps; label language","180","90","12","PLA or PETG","None","Easy","Digital first; printed later","4-8","9-18","1","Measurement aid only; instructions must state uncertainty and units clearly.","97","Wave 1","S31; S11; S19; S32","P0 research backlog","Validate readings against calipers in ten real drawers and measure customer error.","Highest platform leverage; may become a low-cost lead product.","30","24","25","9","88","Primary-source strength 30/30 (S31); signal magnitude 24/30; metriMade strategy fit 25/25; nonduplicate portfolio whitespace 9/15. Directional planning judgment; no German product-level demand proof.","DIRECTIONAL PLANNING SCORE — NOT VALIDATED DEMAND","2026-09-01","1.0"
"SKU-116","Shelf-depth book-row backstop","Exact-fit shelf organization","New","Keep books aligned at a chosen setback on shelves that are deeper than the collection.","Readers; home offices; small libraries","IKEA 2026 favors intentional keeping while Etsy 2026 shows an analog and display revival.","Core — exact-fit shelf organization","Depth-specific lightweight rails reclaim visual order with very little material.","Shelf depth; desired setback; row length; book load class","rail depth; segment length; connector; anti-slip pad allowance","220","45","35","PLA","None","Easy","Both after validation","6-12","18-36","2","Non-structural positioning aid; no falling-object prevention claim.","92","Wave 1","S31; S01; S11; S19; S32","P0 research backlog","Test three shelf finishes; segment joints and a representative book row.","Pairs naturally with existing bookend products.","30","25","25","12","92","Primary-source strength 30/30 (S31; S01); signal magnitude 25/30; metriMade strategy fit 25/25; nonduplicate portfolio whitespace 12/15. Directional planning judgment; no German product-level demand proof.","DIRECTIONAL PLANNING SCORE — NOT VALIDATED DEMAND","2026-09-01","1.0"
"SKU-117","Cubby-fit handbag divider set","Wardrobe and shelf organization","New","Keep soft bags upright and separated in a specific cubby without permanent installation.","Adults with compact wardrobes and handbag collections","IKEA 2026 links smaller homes with the need to retain meaningful possessions intentionally.","Core — exact-fit shelf organization","Divider height; base depth and spacing adapt to cubby and bag mix.","Cubby width/depth/height; bag widths; divider count","base depth; divider height; spacing; edge radius; labels","220","200","220","PLA","None","Easy","Digital first; printed later","10-18","30-64","2","Light soft-goods organization only; freestanding; no shelf-load claim.","90","Wave 2","S31; S11; S19; S32","P0 research backlog","Prototype modular 200 mm bases; test tip and edge contact with varied bags.","No fashion-brand references or bag silhouettes required.","30","24","25","12","91","Primary-source strength 30/30 (S31); signal magnitude 24/30; metriMade strategy fit 25/25; nonduplicate portfolio whitespace 12/15. Directional planning judgment; no German product-level demand proof.","DIRECTIONAL PLANNING SCORE — NOT VALIDATED DEMAND","2026-09-01","1.0"
"SKU-118","Deep-shelf pull-tab bin front","ShelfFit accessories","Improvement of SKU-002","Add a comfortable removable pull face and label to deep bins without replacing the bin.","Small-home; pantry-excluded and office storage users","IKEA 2026 highlights smaller living spaces and hidden clutter; exact access is valuable.","Core — reusable shelf interface","Front geometry can match bin wall; finger size; label and visual style.","Bin front width; wall thickness; preferred grip; label","clip gap; handle depth; label window; corner radius","180","50","55","PETG","None","Easy","Both after validation","5-10","14-30","2","Light pull force only; no lifting a loaded bin; verify clip fatigue.","93","Wave 1","S31; S11; S19; S32","P0 research backlog","Build bin-wall coupon matrix and test 500 pulls at defined contents mass.","Cross-sell accessory for ShelfFit and future bins.","30","24","25","9","88","Primary-source strength 30/30 (S31); signal magnitude 24/30; metriMade strategy fit 25/25; nonduplicate portfolio whitespace 9/15. Directional planning judgment; no German product-level demand proof.","DIRECTIONAL PLANNING SCORE — NOT VALIDATED DEMAND","2026-09-01","1.0"
"SKU-119","L-shaped shelf-corner micro-bin","Exact-fit shelf organization","New","Use the dead L-shaped corner around a vertical obstruction or beside a narrower object.","Renters; home-office and craft users","IKEA 2026 reports shrinking living spaces and persistent clutter.","Core — awkward-space recovery","Polygonal footprints and removable internal cups are straightforward to generate from measurements.","Shelf envelope; obstruction rectangle; access direction; contents","outline; wall; height; scoop corner; optional label","220","220","120","PLA","None","Moderate","Digital first; printed later","10-18","28-58","2","Freestanding dry storage; customer outline error can cause binding.","91","Wave 1","S31; S11; S19; S32","P0 research backlog","Create paper outline workflow and test around three common shelf obstructions.","Extends ShelfFit beyond rectangular bins.","30","24","25","12","91","Primary-source strength 30/30 (S31); signal magnitude 24/30; metriMade strategy fit 25/25; nonduplicate portfolio whitespace 12/15. Directional planning judgment; no German product-level demand proof.","DIRECTIONAL PLANNING SCORE — NOT VALIDATED DEMAND","2026-09-01","1.0"
"SKU-120","Light-duty shelf riser bridge","Exact-fit shelf organization","New","Create a second low level for light objects inside a short shelf bay.","Desk; vanity and collectible-display users","IKEA 2026 shows demand for using limited space without strict minimalism.","Core adjacent — modular vertical organization","Exact bay width and modular legs allow support-free parts inside a common printer.","Shelf bay; desired lift; object footprints; load target","deck modules; leg spacing; joint; lip; pad allowance","220","200","120","PETG","None","Moderate","Digital first; printed later","12-22","38-78","3","Light indoor objects only; load and creep qualification required; not furniture.","84","Wave 2","S31; S11; S19; S32","P0 research backlog","Test modular joint; 30-day creep and tip with a conservative 1 kg target.","Do not use structural shelf language until qualified.","30","24","22","12","88","Primary-source strength 30/30 (S31); signal magnitude 24/30; metriMade strategy fit 22/25; nonduplicate portfolio whitespace 12/15. Directional planning judgment; no German product-level demand proof.","DIRECTIONAL PLANNING SCORE — NOT VALIDATED DEMAND","2026-09-01","1.0"
"SKU-121","Clip-under-shelf paper tray","Under-shelf micro-storage","New","Store a small stack of notebooks or loose paper below a shelf without drilling.","Home offices; dorms and craft desks","IKEA 2026 finds smaller spaces and organization tension; Michaels 2026 shows analog activity growth.","Core adjacent — awkward-space recovery","Shelf thickness; paper format and clip preload can be tuned with replaceable coupons.","Shelf thickness; depth; paper format; stack mass","clip gap; spring; tray width; segment joint; stop lip","220","210","70","PETG","None","Moderate","Digital first; printed later","10-18","30-60","3","Light paper only; retention; surface marking and creep tests required.","83","Wave 2","S31; S33; S11; S19; S32","P0 research backlog","Print clip sweep; test 500 installs and 30-day load on three shelf finishes.","No wall mounting; shelf compatibility must be measured.","30","25","22","13","90","Primary-source strength 30/30 (S31; S33); signal magnitude 25/30; metriMade strategy fit 22/25; nonduplicate portfolio whitespace 13/15. Directional planning judgment; no German product-level demand proof.","DIRECTIONAL PLANNING SCORE — NOT VALIDATED DEMAND","2026-09-01","1.0"
"SKU-122","Clip-under-shelf eyeglasses rack","Under-shelf micro-storage","Variation of SKU-111","Hang folded eyeglasses below a shelf with soft contact points and no wall holes.","Adults with compact desks or wardrobes","IKEA 2026 emphasizes accessible homes for meaningful personal possessions.","Core adjacent — defined-set storage","Clip thickness; frame spacing and TPU contact sleeves fit the installation.","Shelf thickness; frame widths; pair count","clip gap; rail length; spacing; TPU pad; end stop","220","80","60","PETG with TPU pads","None","Moderate","Both after validation","8-14","24-46","3","Light objects only; scratch; drop and shelf-marking risks.","82","Wave 2","S31; S11; S19; S32","P0 research backlog","Run frame abrasion and accidental-bump drop tests after clip qualification.","Offer only after the freestanding drawer variant proves contact materials.","30","24","22","7","83","Primary-source strength 30/30 (S31); signal magnitude 24/30; metriMade strategy fit 22/25; nonduplicate portfolio whitespace 7/15. Directional planning judgment; no German product-level demand proof.","DIRECTIONAL PLANNING SCORE — NOT VALIDATED DEMAND","2026-09-01","1.0"
"SKU-123","Shelf-side e-reader and book dock","Reading and shelf organization","New","Park an e-reader and current book together in a narrow shelf-side footprint.","Readers; commuters and small-bedroom users","Etsy 2026 reports analog reading and memory rituals while homes remain space constrained.","Core — compact functional organization","Case thickness; book width and shelf height create meaningful measured variants.","Device envelope; case thickness; book thickness; shelf height","device slot; book slot; cable notch; base depth; angle","180","120","180","PLA","None","Easy","Both after validation","8-15","24-48","2","Passive dock only; keep connectors and ventilation clear; no charging parts.","90","Wave 1","S01; S31; S11; S19; S32","P0 research backlog","Test five case thicknesses and paperback/hardcover stability.","Avoid device-brand styling; use factual fit after tests.","30","25","25","14","94","Primary-source strength 30/30 (S01; S31); signal magnitude 25/30; metriMade strategy fit 25/25; nonduplicate portfolio whitespace 14/15. Directional planning judgment; no German product-level demand proof.","DIRECTIONAL PLANNING SCORE — NOT VALIDATED DEMAND","2026-09-01","1.0"
"SKU-124","Cubby-fit vertical mail sorter","Paper and entryway organization","New","Sort incoming mail; receipts and action papers in a freestanding unit fitted to one cubby.","Households; micro-offices and rentals","IKEA 2026 identifies clutter movement before guests and time lost finding items.","Core — exact-fit defined-set organization","Lane count; paper format; label language and cubby dimensions are easily parameterized.","Cubby envelope; paper formats; categories; desired capacity","lane widths; divider height; front cutout; labels; base depth","220","200","220","PLA","None","Easy","Both after validation","10-18","32-64","2","Dry paper only; freestanding; no confidential-document security claim.","92","Wave 1","S31; S11; S19; S32","P0 research backlog","Test A4 fold; C5/DL envelopes; finger access and tip stability.","Freestanding alternative to the higher-risk wall entry shelf.","30","24","25","14","93","Primary-source strength 30/30 (S31); signal magnitude 24/30; metriMade strategy fit 25/25; nonduplicate portfolio whitespace 14/15. Directional planning judgment; no German product-level demand proof.","DIRECTIONAL PLANNING SCORE — NOT VALIDATED DEMAND","2026-09-01","1.0"
"SKU-125","Wardrobe belt and scarf shelf comb","Wardrobe and shelf organization","New","Separate rolled belts and scarves so each remains visible and removable from a shelf.","Adults with compact wardrobes","IKEA 2026 reports meaningful collections and smaller spaces; organization supports keeping rather than discarding.","Core — defined-set shelf organization","Slot widths and comb depth adapt to soft-goods mix with low material use.","Shelf depth; item diameters; count; preferred labels","slot pitch; comb depth; divider height; label tabs; module split","220","120","100","PLA","None","Easy","Both after validation","7-13","20-40","1","Dry soft-goods storage; no load-bearing claim.","89","Wave 2","S31; S11; S19; S32","P0 research backlog","Test snagging; edge radius and module connection with varied fabrics.","Simple low-risk product with repeatable width variants.","30","24","25","12","91","Primary-source strength 30/30 (S31); signal magnitude 24/30; metriMade strategy fit 25/25; nonduplicate portfolio whitespace 12/15. Directional planning judgment; no German product-level demand proof.","DIRECTIONAL PLANNING SCORE — NOT VALIDATED DEMAND","2026-09-01","1.0"
"SKU-126","Cap and brim shelf separator","Wardrobe and shelf organization","New","Keep soft caps upright and prevent brim crushing in a fitted shelf row.","Cap collectors; sports and streetwear buyers","eBay 2025 shows sustained recommerce and passion-led collecting; IKEA 2026 supports organized meaningful possessions.","Core adjacent — defined-set shelf organization","Cap width; brim depth and shelf envelope vary enough to reward parameterization.","Shelf envelope; cap count; folded profile; label preference","lane width; brim cradle; divider height; stop; labels","220","200","180","PLA","None","Easy","Both after validation","8-15","24-50","2","Storage only; no preservation or authentication claim; avoid team logos.","87","Wave 2","S34; S31; S11; S19; S32","P0 research backlog","Prototype low-contact brim supports and test with generic sacrificial caps.","Use customer labels only under content policy; no branded geometry.","30","25","22","12","89","Primary-source strength 30/30 (S34; S31); signal magnitude 25/30; metriMade strategy fit 22/25; nonduplicate portfolio whitespace 12/15. Directional planning judgment; no German product-level demand proof.","DIRECTIONAL PLANNING SCORE — NOT VALIDATED DEMAND","2026-09-01","1.0"
"SKU-127","Rolled-towel shelf divider","Wardrobe and shelf organization","New","Keep small rolled towels separated and visible on a narrow linen shelf.","Small bathrooms; guest rooms and short-term rentals","IKEA 2026 reports storage pressure in smaller homes and recurring clutter conflict.","Core — exact-fit shelf organization","Divider count and shelf depth create support-free modules tailored to the available bay.","Shelf depth; usable width; towel roll diameter; count","lane width; divider height; base depth; front stop; module joint","220","180","160","PETG","None","Easy","Both after validation","8-14","24-48","2","Dry-shelf use only; not for wet shower zones; cleaning validation required.","86","Wave 2","S31; S11; S19; S32","P0 research backlog","Test moisture cleaning; edge snag and tip with three towel sizes.","Keep the claim to organization; no hygiene claim.","30","24","25","12","91","Primary-source strength 30/30 (S31); signal magnitude 24/30; metriMade strategy fit 25/25; nonduplicate portfolio whitespace 12/15. Directional planning judgment; no German product-level demand proof.","DIRECTIONAL PLANNING SCORE — NOT VALIDATED DEMAND","2026-09-01","1.0"
"SKU-128","Handbag handle support insert","Wardrobe and shelf organization","New","Support soft bag handles in a gentle arch so bags remain upright without sharp creases.","Adult handbag owners and recommerce sellers","eBay 2025 shows strong recommerce and enthusiast participation; storage aids listing readiness.","Core adjacent — collection care organization","Handle span; arch radius and base fit can be tailored without copying product appearance.","Bag interior width; handle span; desired lift; shelf space","arch radius; span; pad allowance; base width; label","180","120","160","PLA with TPU pad","None","Moderate","Both after validation","9-16","28-56","2","No conservation; shape-retention or luxury-protection guarantee.","84","Wave 2","S34; S31; S11; S19; S32","P0 research backlog","Test pressure marks and stability with unbranded sample bags.","Generic contact geometry only; never reproduce branded hardware.","30","25","22","12","89","Primary-source strength 30/30 (S34; S31); signal magnitude 25/30; metriMade strategy fit 22/25; nonduplicate portfolio whitespace 12/15. Directional planning judgment; no German product-level demand proof.","DIRECTIONAL PLANNING SCORE — NOT VALIDATED DEMAND","2026-09-01","1.0"
"SKU-129","Board-game box anti-lean wedge set","Adult hobby shelf organization","New","Keep differently sized board-game boxes upright on a partly filled shelf without crushing them.","Adult tabletop gamers and clubs","Analog and social hobby signals support better storage for owned game collections.","Core adjacent — exact-fit shelf organization","Shelf gap; box heights and desired pressure generate low-material wedge modules.","Shelf depth; free gap; box heights; surface finish","wedge angle; span; pad allowance; label tab; module count","180","120","120","PLA with optional TPU feet","None","Easy","Both after validation","7-13","20-42","2","Adult collection storage; do not imply compatibility with named games without testing.","86","Wave 2","S01; S33; S31; S11; S19; S32","P0 research backlog","Test friction; box scuffing and removal force across matte and glossy boxes.","Complements inserts and token trays without duplicating in-box organization.","30","26","22","14","92","Primary-source strength 30/30 (S01; S33; S31); signal magnitude 26/30; metriMade strategy fit 22/25; nonduplicate portfolio whitespace 14/15. Directional planning judgment; no German product-level demand proof.","DIRECTIONAL PLANNING SCORE — NOT VALIDATED DEMAND","2026-09-01","1.0"
"SKU-130","Gift-wrap roll shelf end support","Craft and shelf organization","New","Stop paper rolls sliding or telescoping on a shelf using fitted end supports and dividers.","Crafters; gift wrappers and small businesses","Michaels 2026 reports personalization; gifting and craft participation growth.","Core — exact-fit craft organization","Roll diameters; shelf depth and count vary; segmented rails fit common printers.","Shelf envelope; roll diameters; count; access side","cradle radius; divider spacing; rail length; connector; label","220","180","140","PLA","None","Easy","Digital first; printed later","8-14","24-48","2","Light paper rolls only; no wall or overhead installation.","88","Wave 2","S33; S31; S11; S19; S32","P0 research backlog","Test roll removal; paper abrasion and segmented-rail alignment.","Target dry craft closets; exclude heavy vinyl rolls initially.","30","30","25","14","99","Primary-source strength 30/30 (S33; S31); signal magnitude 30/30; metriMade strategy fit 25/25; nonduplicate portfolio whitespace 14/15. Directional planning judgment; no German product-level demand proof.","DIRECTIONAL PLANNING SCORE — NOT VALIDATED DEMAND","2026-09-01","1.0"
"SKU-131","Desk-grommet cable comb insert","Cable-management systems","Variation of SKU-003","Turn an existing desk hole into separated low-voltage cable lanes without adhesive.","Home-office; gaming and creator desks","IKEA 2026 reports charger-search pain; maker-platform activity confirms printable cable-management fit.","Core — exact-fit passive cable management","Grommet diameter; cable mix and slit geometry are highly variable but easy to measure.","Hole diameter; desk thickness; cable diameters; cable count","outer diameter; flange; slit count; lane sizes; flex gap","90","90","45","TPU 95A or PETG","None","Moderate","Digital first; printed later","6-12","16-34","3","Low-voltage routing only; not insulation; strain relief or fire protection.","93","Wave 1","S31; S09; S11; S19; S28; S32","P0 research backlog","Print diameter and slit coupon set; test jacket marking and 1000 cable insertions.","Extends the cable platform to a distinct desk interface.","30","25","25","6","86","Primary-source strength 30/30 (S31; S09); signal magnitude 25/30; metriMade strategy fit 25/25; nonduplicate portfolio whitespace 6/15. Directional planning judgment; no German product-level demand proof.","DIRECTIONAL PLANNING SCORE — NOT VALIDATED DEMAND","2026-09-01","1.0"
"SKU-132","Weighted cable-end rescue puck","Cable-management systems","New","Keep frequently used cable ends on the desktop without adhesive or permanent clips.","Renters; bedside and shared-desk users","IKEA 2026 reports Gen Z charger-search time and cable-heavy catch-all storage.","Core — passive cable organization","Cable count; diameter and ballast cavity can be customized in a small premium object.","Cable diameters; count; preferred footprint; ballast choice","slot sizes; count; base width; captive ballast cavity; texture","100","80","35","PLA with enclosed steel washers","None","Easy","Both after validation","6-12","18-38","3","Ballast must be captive; low-voltage cables only; small-part and surface tests.","92","Wave 1","S31; S09; S11; S19; S32","P0 research backlog","Test pull thresholds; cable jacket marks; tip and captive-ballast retention.","No magnets; usable where adhesive clips are unwanted.","30","25","25","12","92","Primary-source strength 30/30 (S31; S09); signal magnitude 25/30; metriMade strategy fit 25/25; nonduplicate portfolio whitespace 12/15. Directional planning judgment; no German product-level demand proof.","DIRECTIONAL PLANNING SCORE — NOT VALIDATED DEMAND","2026-09-01","1.0"
"SKU-133","Labeled travel cable-winder cassette","Travel and cable organization","New","Store several wound low-voltage cables in a compact labeled cassette without tangling.","Mobile workers; students and travelers","IKEA 2026 identifies charger-search pain; Etsy 2026 highlights travel and useful personalized gifts.","Core — defined-set cable organization","Cable length; bend radius; connector envelope and labels form a collection-specific layout.","Cable lengths; diameters; connector sizes; labels","spool radius; bay count; lid clearance; label text; hinge style","180","120","45","PETG","None","Moderate","Digital first; printed later","8-15","24-48","3","Low-voltage data/charging leads only; minimum bend radius and heat boundaries.","91","Wave 1","S31; S01; S09; S11; S19; S32","P0 research backlog","Test bend radius and connector retention on five generic cable types.","Improves generic winders through collection-level labeling and captured storage.","30","29","25","13","97","Primary-source strength 30/30 (S31; S01; S09); signal magnitude 29/30; metriMade strategy fit 25/25; nonduplicate portfolio whitespace 13/15. Directional planning judgment; no German product-level demand proof.","DIRECTIONAL PLANNING SCORE — NOT VALIDATED DEMAND","2026-09-01","1.0"
"SKU-134","Charger-brick and lead travel pod","Travel and cable organization","Variation of SKU-049","Carry one power brick and its detached low-voltage lead in a ventilated fitted pod.","Laptop and tablet travelers","IKEA 2026 reports charger-search frustration; travel gifting remains an Etsy occasion.","Core adjacent — exact-fit passive accessory","Measured brick and connector envelopes create compact protection with cord separation.","Cool unplugged brick size; cable size; connector keep-outs","shell clearance; ventilation; cord bay; lid; label","180","120","65","PETG","None","Moderate","Digital first; printed later","9-17","28-55","4","Transport only while unplugged and cool; no charging-in-case or impact-protection claim.","82","Wave 2","S31; S01; S11; S15; S19; S32","P0 research backlog","Thermal and drop review with inert mass first; verify conspicuous unplugged-only instructions.","Electrical adjacency makes this later than open cable organizers.","30","28","22","7","87","Primary-source strength 30/30 (S31; S01); signal magnitude 28/30; metriMade strategy fit 22/25; nonduplicate portfolio whitespace 7/15. Directional planning judgment; no German product-level demand proof.","DIRECTIONAL PLANNING SCORE — NOT VALIDATED DEMAND","2026-09-01","1.0"
"SKU-135","Cable plug ID collar generator","Cable labeling systems","New","Identify similar cable ends at a glance with text; icons or colors near the connector.","Households; studios; IT benches and shared offices","IKEA 2026 finds cables dominate catch-all drawers and charger searching wastes time.","Core — personalized micro-organization","Tiny collars adapt to cable diameter and label while using little material.","Cable diameter; label text/icon; color plan; connector clearance","inner diameter; split gap; label face; text depth; length","45","24","18","TPU 95A","None","Easy","Both after validation","4-8","10-22","3","Identification only; not strain relief or insulation; jacket marking and small-part risks.","94","Wave 1","S31; S09; S11; S19; S28; S32","P0 research backlog","Run diameter sweep; pull-off and 1000 flex cycles on sacrificial cables.","High bundle potential with cable clips and docking bars.","30","25","25","13","93","Primary-source strength 30/30 (S31; S09); signal magnitude 25/30; metriMade strategy fit 25/25; nonduplicate portfolio whitespace 13/15. Directional planning judgment; no German product-level demand proof.","DIRECTIONAL PLANNING SCORE — NOT VALIDATED DEMAND","2026-09-01","1.0"
"SKU-136","Low-voltage cable slack spool module","Cable-management systems","New","Contain a chosen length of excess low-voltage cable in a removable under-desk or drawer module.","Home-office; audio and maker desks","Printable cable organizers show strong ecosystem activity; IKEA 2026 documents cable clutter.","Core adjacent — exact-fit passive cable management","Spool diameter; cable bend radius and mount-free placement can be tailored.","Cable diameter; minimum bend radius; slack length; available envelope","core radius; flange; capture slot; module join; label","160","120","45","PETG","None","Moderate","Digital first; printed later","7-13","20-42","3","Low-voltage flexible cables only; no mains cable; heat or strain-relief claim.","88","Wave 2","S31; S09; S11; S19; S32","P0 research backlog","Test cable temperature; bend memory and accidental pull for allowed cable classes.","Explicitly exclude power-extension and high-current cable use.","30","25","22","12","89","Primary-source strength 30/30 (S31; S09); signal magnitude 25/30; metriMade strategy fit 22/25; nonduplicate portfolio whitespace 12/15. Directional planning judgment; no German product-level demand proof.","DIRECTIONAL PLANNING SCORE — NOT VALIDATED DEMAND","2026-09-01","1.0"
"SKU-137","Interchangeable cable-head reducer insert set","Cable-management systems","Improvement of SKU-004","Let one docking bar securely park thin; thick and unusually shaped cable heads using replaceable soft inserts.","Existing cable-dock customers with mixed devices","IKEA 2026 charger-search pain directly supports improved cable docking.","Core — reusable interface improvement","A shared hard bar plus generated TPU inserts increases coverage without full reprints.","Dock interface; cable diameter; connector head width; insertion force target","insert OD; slit; cable bore; flex ribs; ID mark","55","30","25","TPU 95A","None","Moderate","Digital first; printed later","5-10","12-26","3","Low-voltage cable parking only; fatigue and jacket abrasion tests.","95","Wave 1","S31; S09; S11; S19; S28; S32","P0 research backlog","Define one stable insert interface and run a full diameter/force sweep.","Direct platform upgrade with low print cost and repeat sales.","30","25","25","7","87","Primary-source strength 30/30 (S31; S09); signal magnitude 25/30; metriMade strategy fit 25/25; nonduplicate portfolio whitespace 7/15. Directional planning judgment; no German product-level demand proof.","DIRECTIONAL PLANNING SCORE — NOT VALIDATED DEMAND","2026-09-01","1.0"
"SKU-138","Vertical laptop slot with thickness gauge","Passive device stands","New","Store one or two closed laptops vertically with clearance for cases and soft contact pads.","Remote workers and small desks","Home-office organization remains aligned with IKEA 2026 storage pressure.","Core adjacent — exact-fit passive device storage","Case thickness; device count and center-of-gravity constraints make measured variants useful.","Closed-device thickness; width; count; pad thickness; base limit","slot width; base depth; divider height; pad pockets; cable notch","180","160","120","PETG with TPU pads","None","Moderate","Digital first; printed later","10-18","30-60","3","Closed cool devices only; tip; scratch and ventilation clearance tests.","87","Wave 2","S31; S11; S19; S32","P0 research backlog","Prototype two-device stand; run bump; tip and pad-abrasion tests.","No brand styling; factual device fit only after validation.","26","20","22","12","80","Primary-source strength 26/30 (S31); signal magnitude 20/30; metriMade strategy fit 22/25; nonduplicate portfolio whitespace 12/15. Directional planning judgment; no German product-level demand proof.","DIRECTIONAL PLANNING SCORE — NOT VALIDATED DEMAND","2026-09-01","1.0"
"SKU-139","Keyboard tilt wedge pair with wrist-clearance","Passive device stands","New","Raise a keyboard to a chosen mild angle while preserving cable and wrist-rest clearance.","Adult typists; home-office and gaming users","Home-office setup personalization and desk organization remain recurring demand signals.","Core adjacent — measured passive accessory","Keyboard footprint; existing feet and desired angle create a simple exact-fit pair.","Keyboard depth; rear profile; desired angle; cable exits","angle; cradle width; stop height; pad pocket; left/right mark","120","80","45","PETG with TPU pads","None","Easy","Digital first; printed later","6-12","18-36","3","Comfort preference only; no ergonomic or medical claim; slip and tip testing required.","84","Wave 2","S31; S11; S19; S32","P0 research backlog","Test angles 2–8 degrees; slip and keying stability with generic keyboards.","Market as setup customization; not injury prevention.","30","24","22","12","88","Primary-source strength 30/30 (S31); signal magnitude 24/30; metriMade strategy fit 22/25; nonduplicate portfolio whitespace 12/15. Directional planning judgment; no German product-level demand proof.","DIRECTIONAL PLANNING SCORE — NOT VALIDATED DEMAND","2026-09-01","1.0"
"SKU-140","Monitor-base fitted accessory collar","Desk organization","New","Wrap unused perimeter space around a monitor base with removable trays sized to that base.","Small-desk office and gaming users","IKEA 2026 highlights limited space and clutter while home-office accessories remain relevant.","Core — exact-fit desk organization","Base outline capture converts otherwise unusable space into a model-specific organizer.","Base outline; keep-outs; desired tray zones; maximum height","outline points; clearance; tray depth; module split; labels","220","220","45","PLA","None","Moderate","Digital first; printed later","10-18","30-58","3","Freestanding around base only; must not restrict controls; ventilation or stand movement.","91","Wave 1","S31; S11; S19; S32","P0 research backlog","Create photo-plus-ruler outline method; test interference and clean removal.","Aesthetic platform opportunity distinct from an under-monitor drawer.","30","24","25","13","92","Primary-source strength 30/30 (S31); signal magnitude 24/30; metriMade strategy fit 25/25; nonduplicate portfolio whitespace 13/15. Directional planning judgment; no German product-level demand proof.","DIRECTIONAL PLANNING SCORE — NOT VALIDATED DEMAND","2026-09-01","1.0"
"SKU-141","Monitor-arm pole lightweight accessory cup","Desk organization","New","Hold pens or a remote on an existing vertical pole without altering the desk surface.","Monitor-arm users and compact desks","Small-space organization supports vertical use; maker ecosystems show interest in desk accessories.","Adjacent — measured third-party interface","Pole diameter and cup orientation can be tailored with a split clamp and coupon.","Pole diameter; allowed cup mass; orientation; clearance","clamp bore; flex gap; cup size; rotation stop; pad","120","100","120","PETG with TPU pad","None","Moderate","Digital first; printed later","8-15","24-48","4","Very light contents only; clamp and device-drop risk; factual compatibility after tests.","77","Wave 3","S31; S11; S19; S32","P0 research backlog","Run pole coupon; 500 rotation cycles and conservative bump/drop program.","Keep outside active 70% until clamp evidence exists.","30","24","15","13","82","Primary-source strength 30/30 (S31); signal magnitude 24/30; metriMade strategy fit 15/25; nonduplicate portfolio whitespace 13/15. Directional planning judgment; no German product-level demand proof.","DIRECTIONAL PLANNING SCORE — NOT VALIDATED DEMAND","2026-09-01","1.0"
"SKU-142","Clip-on webcam privacy shutter","Passive device micro-accessories","New","Cover a camera lens with a thin reversible shutter that does not obstruct indicators or sensors.","Remote workers; students and privacy-conscious adults","Remote-work accessory demand persists; exact device geometry favors small-run manufacturing.","Core adjacent — exact-fit passive accessory","Bezel thickness; lens position and sensor keep-outs differ across models.","Bezel thickness; lens and indicator positions; lid travel","clip gap; window; slider travel; stop; thickness","60","25","10","PETG","None","Moderate","Digital first; printed later","4-8","10-22","4","Privacy aid only; device damage; sensor obstruction and tiny-part risks.","79","Wave 3","S31; S11; S19; S32","P0 research backlog","Validate no indicator obstruction; scratch; heat or lid interference on one device family.","No cybersecurity claim; exact compatibility must be tested.","26","20","22","14","82","Primary-source strength 26/30 (S31); signal magnitude 20/30; metriMade strategy fit 22/25; nonduplicate portfolio whitespace 14/15. Directional planning judgment; no German product-level demand proof.","DIRECTIONAL PLANNING SCORE — NOT VALIDATED DEMAND","2026-09-01","1.0"
"SKU-143","Page-turn remote tabletop dock","Reading accessories","New","Keep a small e-reader page-turn remote upright; visible and easy to retrieve.","Adult e-reader users and accessibility-minded readers","Etsy 2026 reports analog/reading rituals and meaningful small gifts.","Core adjacent — defined-object organization","Remote envelope; charging-port side and preferred angle create exact-fit variants.","Remote dimensions; button keep-outs; connector side; viewing preference","pocket size; angle; port notch; finger relief; label","90","75","75","PLA","None","Easy","Both after validation","5-10","14-28","2","Storage only; no accessibility or device-performance claim.","85","Wave 2","S01; S31; S11; S19; S32","P0 research backlog","Test retrieval; accidental button press and five remote-size coupons.","Small giftable companion to reading docks.","27","21","22","14","84","Primary-source strength 27/30 (S01; S31); signal magnitude 21/30; metriMade strategy fit 22/25; nonduplicate portfolio whitespace 14/15. Directional planning judgment; no German product-level demand proof.","DIRECTIONAL PLANNING SCORE — NOT VALIDATED DEMAND","2026-09-01","1.0"
"SKU-144","Reusable desk cable identification flag set","Cable labeling systems","New","Mark both ends and midpoints of frequently moved cables with matched colors; numbers or text.","Studios; shared offices; maker benches and households","IKEA 2026 reports cable clutter and charger-search friction.","Core — personalized micro-organization","Batch text generation and cable-diameter presets produce useful low-cost bundles.","Cable diameters; label pairs; text/icon list; color plan","clip bore; flag size; text; pair code; flex gap","55","30","18","TPU 95A","None","Easy","Both after validation","4-8","12-26","3","Identification only; small parts; jacket marking and snag tests.","92","Wave 1","S31; S09; S11; S19; S28; S32","P0 research backlog","Test 12 cable jackets; pull-off force and 1000 attach cycles.","CSV label import could become a reusable personalization service.","30","25","25","13","93","Primary-source strength 30/30 (S31; S09); signal magnitude 25/30; metriMade strategy fit 25/25; nonduplicate portfolio whitespace 13/15. Directional planning judgment; no German product-level demand proof.","DIRECTIONAL PLANNING SCORE — NOT VALIDATED DEMAND","2026-09-01","1.0"
"SKU-145","Fold-flat phone stand with document rest","Passive device stands","Improvement of SKU-017","Support a phone and one sheet or recipe card in a flat-pack stand for calls; study or travel.","Students; mobile workers and adult hobbyists","Etsy 2026 supports useful travel gifts; home-office and analog activity signals reinforce hybrid use.","Core adjacent — multi-job passive stand","Angle; case thickness and paper stop can be varied while retaining a common joint.","Phone/case thickness; desired angles; paper size; folded limit","slot width; angle set; hinge clearance; paper lip; footprint","180","120","120","PETG","None","Moderate","Digital first; printed later","8-15","22-46","3","Passive use only; stability and joint-cycle tests; no kitchen food-contact claim.","88","Wave 2","S01; S33; S31; S11; S19; S32","P0 research backlog","Compare captive flexure and pin joint; run 1000 fold cycles and tip tests.","Materially different customer job from a phone-only travel stand.","28","30","22","7","87","Primary-source strength 28/30 (S01; S33; S31); signal magnitude 30/30; metriMade strategy fit 22/25; nonduplicate portfolio whitespace 7/15. Directional planning judgment; no German product-level demand proof.","DIRECTIONAL PLANNING SCORE — NOT VALIDATED DEMAND","2026-09-01","1.0"
"SKU-146","Washi-tape tiered dispenser","Paper-craft organization","New","Store and dispense a chosen set of tape rolls with visible colors in a compact footprint.","Journalers; scrapbookers and craft sellers","Michaels 2026 reports analog-hobby searches up 136%; Etsy reports strong journal-accessory growth.","Core — defined-set craft organization","Roll widths; diameters and count create collection-specific tiers and replaceable axles.","Roll widths; max diameter; count; cut-edge preference","axle diameter; tier pitch; lane width; base; optional safe tear bar","220","140","180","PLA","None","Moderate","Both after validation","8-15","24-48","2","Adult craft use; omit sharp metal cutter in MVP; tape-feed testing.","94","Wave 1","S33; S01; S11; S19; S32","P0 research backlog","Prototype captive printed axle and smooth-edge dispensing for varied tapes.","A no-blade version keeps the initial safety burden low.","27","30","25","13","95","Primary-source strength 27/30 (S33; S01); signal magnitude 30/30; metriMade strategy fit 25/25; nonduplicate portfolio whitespace 13/15. Directional planning judgment; no German product-level demand proof.","DIRECTIONAL PLANNING SCORE — NOT VALIDATED DEMAND","2026-09-01","1.0"
"SKU-147","Paired thread-and-bobbin rack","Sewing and needlecraft organization","New","Keep each thread spool paired with its matching loaded bobbin in one visible rack.","Sewers; quilters and repair hobbyists","Michaels 2026 reports yarn-accessory sales up 40% and sewing-pattern searches up 152%.","Core — defined-set craft organization","Spool and bobbin dimensions vary; paired modules offer a clear functional improvement.","Spool diameter/height; bobbin standard; pair count; shelf space","spindle; bobbin peg; pitch; row count; label","220","160","180","PLA","None","Easy","Both after validation","8-15","24-50","2","Adult craft storage; smooth surfaces required to avoid thread snag.","95","Wave 1","S33; S11; S19; S32","P0 research backlog","Test common spool and bobbin standards; inspect every thread-contact edge.","Strong analog-hobby signal with low regulatory burden.","25","30","25","11","91","Primary-source strength 25/30 (S33); signal magnitude 30/30; metriMade strategy fit 25/25; nonduplicate portfolio whitespace 11/15. Directional planning judgment; no German product-level demand proof.","DIRECTIONAL PLANNING SCORE — NOT VALIDATED DEMAND","2026-09-01","1.0"
"SKU-148","Embroidery-floss project palette dock","Sewing and needlecraft organization","New","Park labeled floss cards for one active project in sequence without tangling.","Embroidery; cross-stitch and needlepoint hobbyists","Michaels 2026 reports needlepoint searches up 251% and broad analog-hobby growth.","Core — workflow-specific craft organization","Project color count; card thickness and working order are simple high-value parameters.","Card thickness; color count; label scheme; desktop footprint","slot pitch; angle; count; label rail; base modules","220","110","90","PLA","None","Easy","Both after validation","6-12","18-38","1","Adult craft organization; no needle storage in initial variant.","94","Wave 1","S33; S01; S11; S19; S32","P0 research backlog","Pilot with three card standards and 30-color project workflow.","Portable version can follow after desktop retrieval is validated.","27","30","25","11","93","Primary-source strength 27/30 (S33; S01); signal magnitude 30/30; metriMade strategy fit 25/25; nonduplicate portfolio whitespace 11/15. Directional planning judgment; no German product-level demand proof.","DIRECTIONAL PLANNING SCORE — NOT VALIDATED DEMAND","2026-09-01","1.0"
"SKU-149","Needlepoint thread parking comb","Sewing and needlecraft organization","New","Temporarily separate active thread colors at a canvas edge or tabletop without knots.","Adult needlepoint and embroidery users","Michaels 2026 reports needlepoint search growth of 251% year over year.","Core adjacent — craft workflow tool","Comb pitch; thread count and mount-free base adapt to project size with minimal material.","Thread count; strand thickness; preferred base; label codes","slot width; pitch; comb length; base weight pocket; labels","180","80","40","PLA with TPU insert option","None","Moderate","Both after validation","5-10","14-30","2","Thread parking only; exclude needle retention; verify no fiber cutting.","91","Wave 1","S33; S11; S19; S28; S32","P0 research backlog","Run snag and fiber-damage tests with common floss types.","Avoid a canvas clip in MVP to reduce fabric-damage risk.","25","30","22","11","88","Primary-source strength 25/30 (S33); signal magnitude 30/30; metriMade strategy fit 22/25; nonduplicate portfolio whitespace 11/15. Directional planning judgment; no German product-level demand proof.","DIRECTIONAL PLANNING SCORE — NOT VALIDATED DEMAND","2026-09-01","1.0"
"SKU-150","Crochet-hook diameter rack","Sewing and needlecraft organization","New","Arrange hooks by actual shaft and handle diameter with readable size labels.","Crocheters; craft teachers and gift buyers","Michaels 2026 reports strong analog-hobby search growth and yarn-accessory sales.","Core — defined-set craft organization","Mixed ergonomic handle shapes are poorly served by uniform holes; measured slots add value.","Hook lengths; handle diameters; count; label sizes","slot widths; depth; angle; label text; module count","220","120","120","PLA","None","Easy","Both after validation","7-13","20-42","1","Adult craft storage; no tool-performance claim.","93","Wave 1","S33; S11; S19; S32","P0 research backlog","Create handle-profile measurement card and validate removal across 15 hooks.","Giftable rack with optional name plate and no copied brand marks.","25","30","25","11","91","Primary-source strength 25/30 (S33); signal magnitude 30/30; metriMade strategy fit 25/25; nonduplicate portfolio whitespace 11/15. Directional planning judgment; no German product-level demand proof.","DIRECTIONAL PLANNING SCORE — NOT VALIDATED DEMAND","2026-09-01","1.0"
"SKU-151","Portable yarn-project caddy lid","Sewing and needlecraft organization","New","Turn a measured customer-owned box into a removable lid that parks hook; markers; scissors and active yarn.","Crocheters and knitters who take projects outside the home","Michaels 2026 identifies portable analog hobbies and yarn-accessory growth.","Core — exact-fit craft organization","Box rim and tool collection define a small custom interface without printing the container.","Box opening/rim; tools; yarn opening; preferred carry orientation","rim fit; tool slots; yarn eyelet; handle; ventilation","220","220","45","PETG","None","Moderate","Digital first; printed later","9-17","28-54","3","Organizer lid only; not a load-rated carry handle; scissors must be removed before transport.","89","Wave 2","S33; S11; S19; S32","P0 research backlog","Develop rim coupon method; test retention and yarn abrasion with three box types.","Fit a customer-owned container to reduce print time and shipping volume.","25","30","25","11","91","Primary-source strength 25/30 (S33); signal magnitude 30/30; metriMade strategy fit 25/25; nonduplicate portfolio whitespace 11/15. Directional planning judgment; no German product-level demand proof.","DIRECTIONAL PLANNING SCORE — NOT VALIDATED DEMAND","2026-09-01","1.0"
"SKU-152","Spool-cone adapter and tail keeper","Sewing and needlecraft organization","New","Stabilize a thread cone on a storage peg and capture the loose thread tail between uses.","Sewers; embroidery users and small studios","Michaels 2026 reports sewing and needlecraft skill growth.","Core adjacent — measured craft accessory","Cone bores and spool tails vary; a generated adapter avoids stocking many molded sizes.","Cone inner diameters; peg diameter; tail thickness; desired height","taper; bore; flange; tail slot; ID mark","90","90","100","PLA or PETG","None","Easy","Digital first; printed later","4-8","10-24","2","Storage only; not for use on a powered sewing machine.","88","Wave 2","S33; S11; S19; S32","P0 research backlog","Test fit and thread snag on ten cool stationary spools.","Prominent off-machine-use boundary keeps scope low risk.","25","30","22","11","88","Primary-source strength 25/30 (S33); signal magnitude 30/30; metriMade strategy fit 22/25; nonduplicate portfolio whitespace 11/15. Directional planning judgment; no German product-level demand proof.","DIRECTIONAL PLANNING SCORE — NOT VALIDATED DEMAND","2026-09-01","1.0"
"SKU-153","Paint-bottle stepped rack","Painting and model-making organization","New","Display mixed paint bottles in diameter-matched rows so labels stay visible.","Adult painters; miniature hobbyists and craft studios","Michaels 2026 reports analog painting growth and strong guided-craft participation.","Core — defined-set craft organization","Diameter; height and collection count create a compact exact-fit layout.","Bottle diameters/heights; count; label direction; shelf envelope","hole diameters; row rise; pitch; module joint; labels","220","180","180","PLA","None","Easy","Both after validation","9-16","28-58","3","Closed cool bottles only; no spill containment; chemical compatibility must be reviewed.","91","Wave 1","S33; S11; S19; S32","P0 research backlog","Test stability and staining with water-filled sample bottles; review common paint SDS boundaries.","No brand-specific bottle shapes unless measured and factually described.","25","30","25","13","93","Primary-source strength 25/30 (S33); signal magnitude 30/30; metriMade strategy fit 25/25; nonduplicate portfolio whitespace 13/15. Directional planning judgment; no German product-level demand proof.","DIRECTIONAL PLANNING SCORE — NOT VALIDATED DEMAND","2026-09-01","1.0"
"SKU-154","Paintbrush drying bridge with removable drip tray","Painting and model-making organization","New","Dry cleaned brushes horizontally with bristles unsupported and collect residual water below.","Adult painters; art students and miniature hobbyists","Michaels 2026 reports increased analog painting and hands-on creative activity.","Core adjacent — workflow-specific craft organization","Brush count; handle diameters and tray width can fit a specific sink-side or desk envelope.","Brush handle diameters; count; available width; tray depth","comb slots; bridge height; tray size; feet; drainage lip","220","140","80","PETG","None","Easy","Both after validation","8-15","24-48","3","Water-based residue only; no solvent resistance or sanitation claim.","88","Wave 2","S33; S11; S19; S32","P0 research backlog","Test tip clearance; cleaning and staining with water-based paints only.","Keep solvent paints outside initial intended use.","25","30","22","13","90","Primary-source strength 25/30 (S33); signal magnitude 30/30; metriMade strategy fit 22/25; nonduplicate portfolio whitespace 13/15. Directional planning judgment; no German product-level demand proof.","DIRECTIONAL PLANNING SCORE — NOT VALIDATED DEMAND","2026-09-01","1.0"
"SKU-155","Marker swatch-cap display rail","Drawing and journaling organization","New","Keep swatch samples aligned above matching markers without altering the markers.","Illustrators; journalers and design students","Michaels 2026 lists markers; journaling and analog art among active interests.","Core — personalized craft organization","Marker diameter; swatch-card size and color order form a collection-specific rail.","Marker diameters; count; swatch format; color order","clip bore; pitch; card slot; module joint; labels","220","90","80","PLA or TPU clips","None","Moderate","Both after validation","7-13","20-44","2","Storage/display only; cap seal must not be disturbed; ink-stain tests.","89","Wave 2","S33; S01; S11; S19; S28; S32","P0 research backlog","Prototype non-cap-contact rail and run retrieval tests with generic markers.","Avoid copying proprietary cap geometry; measure simple envelopes.","27","30","25","14","96","Primary-source strength 27/30 (S33; S01); signal magnitude 30/30; metriMade strategy fit 25/25; nonduplicate portfolio whitespace 14/15. Directional planning judgment; no German product-level demand proof.","DIRECTIONAL PLANNING SCORE — NOT VALIDATED DEMAND","2026-09-01","1.0"
"SKU-156","Diamond-painting tray staging rack","Bead and mosaic craft organization","New","Park multiple active sorting trays in order while preserving their labels and pour spouts.","Adult diamond-art and mosaic hobbyists","Michaels 2026 reports diamond-art sales up 28% and mosaic-kit searches up 248%.","Core — workflow-specific craft organization","Tray width; count and working angle vary by kit; modular staging adds clear value.","Tray dimensions; tray count; label side; desk footprint","lane width; pitch; angle; stop; module connector","220","160","140","PLA","None","Easy","Both after validation","7-13","20-42","2","Adult craft use; small loose pieces; no child-use positioning.","93","Wave 1","S33; S11; S19; S32","P0 research backlog","Test spill resistance and one-handed tray removal with generic empty trays.","Strong current category signal with a low-complexity print.","25","30","25","14","94","Primary-source strength 25/30 (S33); signal magnitude 30/30; metriMade strategy fit 25/25; nonduplicate portfolio whitespace 14/15. Directional planning judgment; no German product-level demand proof.","DIRECTIONAL PLANNING SCORE — NOT VALIDATED DEMAND","2026-09-01","1.0"
"SKU-157","Bead-vial scoop-well tray","Bead and jewelry-craft organization","New","Organize small bead vials and pour contents into rounded scoop wells for easier return.","Adult bead; charm and jewelry makers","Michaels 2026 reports charm and hands-on craft growth; Etsy 2026 emphasizes playful personalization.","Core — defined-set craft organization","Vial diameters; well count and labels support exact collection layouts.","Vial dimensions; count; bead size range; label list","vial holes; well radius; pour corner; labels; lid option","220","160","45","PLA","None","Easy","Both after validation","8-15","24-48","3","Adult use; choking-size parts; no child or food use.","90","Wave 2","S33; S01; S11; S19; S32","P0 research backlog","Test bead recovery and static behavior across three common bead sizes.","Make adult-use and small-part boundary explicit.","27","30","25","14","96","Primary-source strength 27/30 (S33; S01); signal magnitude 30/30; metriMade strategy fit 25/25; nonduplicate portfolio whitespace 14/15. Directional planning judgment; no German product-level demand proof.","DIRECTIONAL PLANNING SCORE — NOT VALIDATED DEMAND","2026-09-01","1.0"
"SKU-158","Craft stamp and die index rack","Paper-craft organization","New","Store thin stamps; dies or template envelopes vertically with searchable labels.","Adult paper crafters; teachers and small studios","Michaels 2026 reports paper-craft; journaling and skill-building growth.","Core — defined-set craft organization","Envelope width; thickness and taxonomy can be generated to match the collection.","Envelope dimensions; count; category list; shelf space","lane width; divider pitch; tab size; labels; base depth","220","180","200","PLA","None","Easy","Both after validation","9-16","28-56","2","Dry storage only; no blade or loose sharp-die handling features.","91","Wave 1","S33; S01; S11; S19; S32","P0 research backlog","Test retrieval and tipping with filled paper envelopes rather than loose dies.","Safer and more generic than holders for exposed cutting tools.","26","30","25","13","94","Primary-source strength 26/30 (S33; S01); signal magnitude 30/30; metriMade strategy fit 25/25; nonduplicate portfolio whitespace 13/15. Directional planning judgment; no German product-level demand proof.","DIRECTIONAL PLANNING SCORE — NOT VALIDATED DEMAND","2026-09-01","1.0"
"SKU-159","Vinyl-weeding tool and scrap-catcher station","Cutting-craft organization","New","Park cool hand tools and capture adhesive vinyl scraps in a removable cup.","Adult vinyl; paper and sign crafters","Michaels 2026 supports hands-on personalization and DIY gifting growth.","Core adjacent — workflow-specific craft organization","Tool diameters; hand preference and scrap-cup volume create useful personalized layouts.","Tool diameters; count; dominant hand; cup capacity","tool holes; angle; cup size; removable fit; label","180","140","120","PETG","None","Moderate","Both after validation","8-15","24-50","3","Adult craft use; pointed tools must be parked tip-down and kept away from children.","87","Wave 2","S33; S01; S11; S19; S32","P0 research backlog","Run tool-retention; tip-shield and scrap-removal tests.","No powered-cutter attachments in the initial product.","26","30","22","14","92","Primary-source strength 26/30 (S33; S01); signal magnitude 30/30; metriMade strategy fit 22/25; nonduplicate portfolio whitespace 14/15. Directional planning judgment; no German product-level demand proof.","DIRECTIONAL PLANNING SCORE — NOT VALIDATED DEMAND","2026-09-01","1.0"
"SKU-160","Craft-night modular personal supply caddy","Group craft organization","New","Give each adult participant a small labeled caddy that docks into a shared center layout.","Craft-night hosts; adult workshops and studios","Michaels 2026 reports craft-night searches up 103% and guided-kit sales up 86%.","Core — modular personalized organization","Participant names; tool mix and table shape create repeatable modules and event bundles.","Participant count; table envelope; tool set; names","caddy size; dock interface; name text; cup/divider map","180","140","120","PLA","None","Easy","Both after validation","10-18","28-58","2","Adult craft supplies only; no hot tools; solvents or food-contact use.","94","Wave 1","S33; S01; S11; S19; S32","P0 research backlog","Prototype four-caddy center; test table stability and name-batch workflow.","Bundle and repeat-order potential align with the platform strategy.","27","30","25","14","96","Primary-source strength 27/30 (S33; S01); signal magnitude 30/30; metriMade strategy fit 25/25; nonduplicate portfolio whitespace 14/15. Directional planning judgment; no German product-level demand proof.","DIRECTIONAL PLANNING SCORE — NOT VALIDATED DEMAND","2026-09-01","1.0"
"SKU-161","Graded-card slab drawer/display cradle","Collectible display and storage","New","Store graded collectible slabs in a drawer while lifting one selected slab into a display angle.","Adult trading-card and memorabilia collectors","eBay 2025 reports passion as a major seller motive in trading cards and collectibles.","Core adjacent — collection-specific organization","Slab envelope; quantity and selected-display position vary across collections.","Slab dimensions; count; drawer size; display angle","slot width; divider; lift cradle; label; finger relief","220","180","70","PLA with TPU pads","None","Moderate","Both after validation","10-18","30-60","3","No conservation; authentication; impact or theft-protection claim.","91","Wave 2","S34; S01; S11; S19; S32","P0 research backlog","Test scratch and retrieval with inert acrylic blanks matching common slab envelopes.","Generic geometry only; no card art; names or grading-company marks.","28","29","22","12","91","Primary-source strength 28/30 (S34; S01); signal magnitude 29/30; metriMade strategy fit 22/25; nonduplicate portfolio whitespace 12/15. Directional planning judgment; no German product-level demand proof.","DIRECTIONAL PLANNING SCORE — NOT VALIDATED DEMAND","2026-09-01","1.0"
"SKU-162","Coin-capsule display tile","Collectible display and storage","Variation of SKU-109","Arrange a themed set of coin capsules and small paper labels in a freestanding modular display.","Adult coin and souvenir collectors","eBay 2025 shows passion-led collecting and recommerce participation.","Core adjacent — modular collector display","Capsule diameters; counts and tile arrangement generate many low-risk variants.","Capsule diameters; count; label size; display footprint","cell sizes; tile grid; connector; angle; label pockets","180","180","35","PLA","None","Easy","Both after validation","8-15","24-52","2","Display only; no archival; anti-theft or authenticity claim.","88","Wave 2","S34; S31; S11; S19; S32","P0 research backlog","Test capsule retention; removal force and tile joints using acrylic blanks.","Display variant is a different job from protected drawer archiving.","30","25","22","6","83","Primary-source strength 30/30 (S34; S31); signal magnitude 25/30; metriMade strategy fit 22/25; nonduplicate portfolio whitespace 6/15. Directional planning judgment; no German product-level demand proof.","DIRECTIONAL PLANNING SCORE — NOT VALIDATED DEMAND","2026-09-01","1.0"
"SKU-163","Mineral and specimen riser-label set","Collectible display and storage","New","Present small specimens at varied heights with consistent removable labels.","Adult mineral; fossil and nature collectors","eBay 2025 reports strong passion in collectible and antique categories; Etsy favors everyday exhibits.","Core adjacent — modular collector display","Footprint; height and label format can be generated for irregular objects without copying them.","Object footprints; desired heights; label size; shelf envelope","riser width; height; top texture; label angle; module grid","140","120","120","PLA with TPU dots","None","Easy","Both after validation","7-14","22-48","2","Stable dry display only; no precious-specimen protection or provenance claim.","89","Wave 2","S34; S01; S31; S11; S19; S32","P0 research backlog","Run tip; surface-transfer and label-readability tests with inert stone samples.","Fits the everyday-exhibit trend without relying on protected imagery.","30","26","22","12","90","Primary-source strength 30/30 (S34; S01; S31); signal magnitude 26/30; metriMade strategy fit 22/25; nonduplicate portfolio whitespace 12/15. Directional planning judgment; no German product-level demand proof.","DIRECTIONAL PLANNING SCORE — NOT VALIDATED DEMAND","2026-09-01","1.0"
"SKU-164","Pin and badge display tile","Collectible display and storage","New","Arrange pin-backed badges on reusable tiles that can stand on a shelf or fit a frame.","Adult pin collectors; event and travel keepsake buyers","Etsy 2026 emphasizes personal galleries; keepsakes and expressive collections.","Core adjacent — personalized collector display","Tile size; pin spacing and labels support modular growth and gift variants.","Pin count; pin spacing; tile size; label text; display mode","hole grid; back clearance; stand angle; connector; labels","180","180","25","PLA","None","Easy","Both after validation","7-14","22-46","3","Sharp pins remain customer items; adult display only; no wall-mount claim in MVP.","90","Wave 2","S01; S34; S11; S19; S32","P0 research backlog","Test back clearance; stand stability and safe handling with blunt dummy pins.","Freestanding or framed insert only; frame hardware is separate.","28","29","22","12","91","Primary-source strength 28/30 (S01; S34); signal magnitude 29/30; metriMade strategy fit 22/25; nonduplicate portfolio whitespace 12/15. Directional planning judgment; no German product-level demand proof.","DIRECTIONAL PLANNING SCORE — NOT VALIDATED DEMAND","2026-09-01","1.0"
"SKU-165","Miniature-figure tiered cabinet riser","Collectible display and storage","New","Use vertical cabinet space to display generic small figures in staggered rows.","Adult miniature and model collectors","Etsy 2026 reports everyday exhibits; eBay 2025 shows passion-led collectibles.","Core adjacent — exact-fit collector display","Cabinet width; figure footprints and row heights create a fitted modular riser.","Cabinet envelope; figure footprints; row count; desired height","step depth; rise; module split; lip; anti-slip pockets","220","200","160","PLA","None","Moderate","Both after validation","10-18","32-68","3","Adult display only; no named-character use; tip and load limits.","88","Wave 2","S01; S34; S31; S11; S19; S32","P0 research backlog","Test loaded tip and 30-day creep with generic weighted cylinders.","Do not use third-party characters in media or fit presets.","30","26","22","12","90","Primary-source strength 30/30 (S01; S34; S31); signal magnitude 26/30; metriMade strategy fit 22/25; nonduplicate portfolio whitespace 12/15. Directional planning judgment; no German product-level demand proof.","DIRECTIONAL PLANNING SCORE — NOT VALIDATED DEMAND","2026-09-01","1.0"
"SKU-166","Fountain-pen presentation rest set","Writing-tool display","Variation of SKU-110","Display one to six pens horizontally with soft contact and personalized labels.","Adult pen collectors; journalers and gifts","Etsy and Michaels 2026 both support analog writing rituals and personalized keepsakes.","Core — personalized functional display","Pen diameter; count; label and base style create giftable low-volume variants.","Pen diameters; count; display angle; text; pad thickness","cradle radius; pitch; angle; base style; text; pad pockets","180","120","80","PLA with TPU pads","None","Easy","Both after validation","8-15","24-50","2","Display only; no scratch-prevention guarantee until tested.","90","Wave 1","S01; S33; S11; S19; S32","P0 research backlog","Test pad transfer and abrasion with low-value lacquered pen samples.","Pairs with the drawer cassette but serves visible gifting/display.","27","29","25","8","89","Primary-source strength 27/30 (S01; S33); signal magnitude 29/30; metriMade strategy fit 25/25; nonduplicate portfolio whitespace 8/15. Directional planning judgment; no German product-level demand proof.","DIRECTIONAL PLANNING SCORE — NOT VALIDATED DEMAND","2026-09-01","1.0"
"SKU-167","Cassette-tape shelf divider and display","Physical-media organization","New","Index cassette tapes on a shelf and present one selected case face-out.","Adult music collectors and nostalgia gift buyers","Physical-media and intentional-nostalgia trends support accessories for retained collections.","Core adjacent — defined-set media organization","Shelf depth; case thickness and label taxonomy are easy to parameterize.","Shelf envelope; case dimensions; categories; display angle","divider thickness; tab; index text; display cradle; module count","180","120","120","PLA","None","Easy","Both after validation","7-14","22-46","2","Display/storage only; no archival or media-preservation claim.","85","Wave 2","S01; S34; S35; S11; S19; S32","P0 research backlog","Test case scuffing; label readability and shelf stability.","Extends the analog-media family beyond vinyl without copying cover art.","29","21","22","12","84","Primary-source strength 29/30 (S01; S34; S35); signal magnitude 21/30; metriMade strategy fit 22/25; nonduplicate portfolio whitespace 12/15. Directional planning judgment; no German product-level demand proof.","DIRECTIONAL PLANNING SCORE — NOT VALIDATED DEMAND","2026-09-01","1.0"
"SKU-168","CD jewel-case now-playing stand","Physical-media display","Variation of SKU-030","Display a CD jewel case or booklet at a compact angle with a small disc-safe accessory bay.","Adult music collectors and desk listeners","Physical media remains commercially active; Etsy signals intentional nostalgia.","Core adjacent — compact media display","Case thickness; booklet mode and footprint vary; small print is giftable.","Case thickness; booklet option; angle; desk footprint","slot width; angle; back stop; accessory bay; label","150","110","120","PLA","None","Easy","Both after validation","6-12","18-38","2","Display only; do not place bare discs on printed surfaces.","84","Wave 2","S35; S01; S11; S19; S32","P0 research backlog","Test stability with standard and slim empty jewel cases.","A distinct smaller-format media job from the existing vinyl stand.","25","20","22","8","75","Primary-source strength 25/30 (S35; S01); signal magnitude 20/30; metriMade strategy fit 22/25; nonduplicate portfolio whitespace 8/15. Directional planning judgment; no German product-level demand proof.","DIRECTIONAL PLANNING SCORE — NOT VALIDATED DEMAND","2026-09-01","1.0"
"SKU-169","Vinyl-cleaning accessory dock","Physical-media organization","New","Store a record brush; stylus brush and cleaning bottle upright beside a turntable.","Adult vinyl collectors","RIAA reports 19 consecutive years of vinyl growth and 9.3% revenue growth in 2025.","Core adjacent — defined-set media organization","Accessory envelopes and turntable-side footprint vary by collection.","Brush and bottle dimensions; count; available footprint; labels","pockets; drip cup; spacing; labels; removable insert","180","120","140","PETG","None","Moderate","Both after validation","8-15","26-52","3","Closed cleaning products only; no fluid compatibility or stylus-protection claim.","87","Wave 2","S35; S34; S11; S19; S32","P0 research backlog","Test tip stability and staining with water-filled bottles and inert tools.","Avoid direct contact with records and live stylus assemblies.","28","25","22","12","87","Primary-source strength 28/30 (S35; S34); signal magnitude 25/30; metriMade strategy fit 22/25; nonduplicate portfolio whitespace 12/15. Directional planning judgment; no German product-level demand proof.","DIRECTIONAL PLANNING SCORE — NOT VALIDATED DEMAND","2026-09-01","1.0"
"SKU-170","Record-shelf anti-lean spacer and index tabs","Physical-media organization","Improvement of SKU-024","Keep a partly filled record shelf upright while indexing sections with adjustable tabs.","Adult vinyl collectors and record shops","RIAA 2025 reports continued vinyl growth; collector communities reward organized collections.","Core — exact-fit media organization","Free gap; shelf depth and taxonomy generate a matched spacer plus labels.","Shelf depth; free gap; record height; category list","spacer width; compression range; tab position; labels; pads","220","120","220","PLA with TPU feet","None","Moderate","Both after validation","8-15","24-52","3","Positioning aid only; no record-warp or preservation guarantee; avoid excess pressure.","89","Wave 2","S35; S34; S11; S19; S32","P0 research backlog","Measure side pressure and scuffing with sacrificial sleeves; define safe gap range.","Adds a functional anti-lean job beyond divider labels alone.","28","20","25","7","80","Primary-source strength 28/30 (S35; S34); signal magnitude 20/30; metriMade strategy fit 25/25; nonduplicate portfolio whitespace 7/15. Directional planning judgment; no German product-level demand proof.","DIRECTIONAL PLANNING SCORE — NOT VALIDATED DEMAND","2026-09-01","1.0"
"SKU-171","Personalized freestanding valet tray with named pods","Personalized functional organization","New","Give each household member a defined place for keys; wallet and daily pocket items.","Couples; families; housewarming and coworker gifts","Etsy 2026 emphasizes personalization and small meaningful gifts; IKEA 2026 reports clutter ownership tension.","Core — personalized functional decor","Names; item mix and available console width create meaningful custom layouts.","Names; item types; available footprint; style and colors","pod count; pocket sizes; text; icon; connector; edge profile","220","180","45","PLA","None","Easy","Both after validation","10-18","30-62","2","Freestanding adult organizer; no wall mounting or secure-key-storage claim.","95","Wave 1","S01; S31; S11; S19; S32","P0 research backlog","Pilot two- and four-person layouts; test text proofs and edge comfort.","Strong metriMade fit after printed fulfillment is qualified.","30","29","25","13","97","Primary-source strength 30/30 (S01; S31); signal magnitude 29/30; metriMade strategy fit 25/25; nonduplicate portfolio whitespace 13/15. Directional planning judgment; no German product-level demand proof.","DIRECTIONAL PLANNING SCORE — NOT VALIDATED DEMAND","2026-09-01","1.0"
"SKU-172","Guest key and parking-pass turnover tray","Hospitality and entryway organization","New","Separate incoming and outgoing guest keys; parking passes and instructions at a reception counter.","Small hotels; holiday rentals and offices","IKEA 2026 shows clutter causes conflict; Etsy supports personalized hospitality signage and gifts.","Core adjacent — B2B defined-set organization","Room count; pass format and labels support batch-generated operational trays.","Key count; pass sizes; labels; counter footprint","pockets; slots; label text; numbering; module count","220","180","60","PLA","None","Easy","Both after validation","10-18","30-60","3","Operational organizer only; no access-control; key-security or fire-evacuation claim.","86","Wave 2","S31; S01; S11; S19; S32","P0 research backlog","Interview three operators; test one-handed handoff and label readability.","B2B repeat orders possible; security claims are explicitly excluded.","30","25","22","14","91","Primary-source strength 30/30 (S31; S01); signal magnitude 25/30; metriMade strategy fit 22/25; nonduplicate portfolio whitespace 14/15. Directional planning judgment; no German product-level demand proof.","DIRECTIONAL PLANNING SCORE — NOT VALIDATED DEMAND","2026-09-01","1.0"
"SKU-173","Modular pocket-emptying tray with coin slope","Personalized functional organization","New","Let users sweep coins and small items out of rounded pockets while rearranging modules by habit.","Adults; desk users and gift buyers","Etsy 2026 supports useful small gifts; IKEA 2026 documents catch-all clutter.","Core — modular functional decor","Module mix; initials and footprint provide an approachable configuration path.","Footprint; item list; module count; text/style","module sizes; scoop radius; connector; text; colors","180","160","45","PLA","None","Easy","Both after validation","8-15","24-50","1","Adult dry storage; not for food or child use.","93","Wave 1","S01; S31; S11; S19; S32","P0 research backlog","Test scoop usability; connector tolerance and three visual styles.","An intentional premium catch-all rather than a generic rectangular tray.","30","29","25","13","97","Primary-source strength 30/30 (S01; S31); signal magnitude 29/30; metriMade strategy fit 25/25; nonduplicate portfolio whitespace 13/15. Directional planning judgment; no German product-level demand proof.","DIRECTIONAL PLANNING SCORE — NOT VALIDATED DEMAND","2026-09-01","1.0"
"SKU-174","Fold-flat hotel nightstand organizer","Travel organization","New","Create temporary zones for glasses; room key; phone and cables that pack flat when leaving.","Business travelers and mobile workers","Etsy 2026 lists travel and useful gifting occasions; IKEA 2026 reports charger-search pain.","Core adjacent — portable passive organization","Item mix; phone case and folded-size target create meaningful variants.","Phone/case; glasses envelope; cable count; packed limit","fold joint; pockets; cable slots; label; footprint","200","150","90","PETG","None","Moderate","Digital first; printed later","8-15","24-48","3","Adult dry use; joint fatigue and small loose connector risks.","86","Wave 2","S01; S31; S09; S11; S19; S32","P0 research backlog","Select captive joint; run 1000 fold cycles and travel-bag compression test.","No hotel-brand or outlet-interaction features.","30","29","22","13","94","Primary-source strength 30/30 (S01; S31; S09); signal magnitude 29/30; metriMade strategy fit 22/25; nonduplicate portfolio whitespace 13/15. Directional planning judgment; no German product-level demand proof.","DIRECTIONAL PLANNING SCORE — NOT VALIDATED DEMAND","2026-09-01","1.0"
"SKU-175","Travel jewelry cassette with captured dividers","Travel organization","New","Carry a selected jewelry set in individual bays with a secure lid and optional soft inserts.","Adult travelers and personalized-gift buyers","Etsy 2026 favors personalized keepsakes and travel occasions.","Core adjacent — defined-set travel organization","Item count; chain length and label personalization support collection-specific layouts.","Item types/counts; chain lengths; packed envelope; initials","bay map; chain channels; lid clearance; latch; TPU pads; text","160","120","40","PETG with TPU liners","None","Moderate","Both after validation","9-17","28-58","3","No security; waterproof or precious-item protection claim; latch and abrasion tests.","87","Wave 2","S01; S31; S11; S19; S28; S32","P0 research backlog","Test chain tangling; latch cycles and surface transfer with costume jewelry.","Use low-value test items; premium claims require evidence.","30","28","22","13","93","Primary-source strength 30/30 (S01; S31); signal magnitude 28/30; metriMade strategy fit 22/25; nonduplicate portfolio whitespace 13/15. Directional planning judgment; no German product-level demand proof.","DIRECTIONAL PLANNING SCORE — NOT VALIDATED DEMAND","2026-09-01","1.0"
"SKU-176","Packing-cube content tag set","Travel labeling systems","New","Identify packing-cube contents and owner with reusable tactile and visual tags.","Families; frequent travelers and group-trip organizers","Etsy 2026 supports travel; personalization and practical gifting.","Core — personalized micro-organization","Names; icons; languages and attachment thickness are efficient batch parameters.","Attachment loop/zipper size; label list; names; colors","loop bore; tag size; text/icon; pair code; flexure","70","45","12","TPU 95A or PETG","None","Easy","Both after validation","4-8","12-26","3","Small detachable tag; adult travel use; snag and pull-off testing.","89","Wave 2","S01; S11; S19; S28; S32","P0 research backlog","Test pull-off; abrasion and 500 attach cycles on generic zipper pulls.","Low-cost personalized bundle with multilingual potential.","26","27","25","13","91","Primary-source strength 26/30 (S01); signal magnitude 27/30; metriMade strategy fit 25/25; nonduplicate portfolio whitespace 13/15. Directional planning judgment; no German product-level demand proof.","DIRECTIONAL PLANNING SCORE — NOT VALIDATED DEMAND","2026-09-01","1.0"
"SKU-177","Luggage-handle owner ID frame","Travel labeling systems","New","Hold a replaceable paper contact card on a measured luggage handle without permanent adhesive.","Adult travelers and family groups","Etsy 2026 identifies travel and personalized gifting occasions.","Core adjacent — exact-interface personalization","Handle width; thickness and card format vary; a frame protects privacy by facing inward.","Handle section; card size; viewing direction; text option","clip gap; frame size; cover; hinge/latch; orientation","100","70","25","PETG","None","Moderate","Digital first; printed later","5-10","14-30","3","Identification only; no tracking; loss-prevention or structural handle claim.","83","Wave 3","S01; S11; S19; S32","P0 research backlog","Run snag; impact and 1000 handle-cycle tests with an inert luggage handle jig.","Card should be customer-replaceable so personal data is not embedded in the file.","26","28","22","13","89","Primary-source strength 26/30 (S01); signal magnitude 28/30; metriMade strategy fit 22/25; nonduplicate portfolio whitespace 13/15. Directional planning judgment; no German product-level demand proof.","DIRECTIONAL PLANNING SCORE — NOT VALIDATED DEMAND","2026-09-01","1.0"
"SKU-178","Keepsake-box fitted insert for tickets and photos","Memory-keeping organization","New","Turn a customer-owned box into organized compartments for tickets; photos; notes and small mementos.","Families; couples; travelers and memorial-gift buyers","Etsy 2026 reports memory-journal growth; IKEA 2026 says 82% keep sentimental objects.","Core — exact-fit personalized organization","Box interior; media formats and category labels create high emotional value without printing the box.","Box interior; keepsake sizes; category list; names/dates","compartment map; divider height; tabs; text; lift ribbon slot","220","180","70","PLA","None","Easy","Both after validation","10-18","30-60","2","Dry storage only; no archival; moisture; fire or privacy protection claim.","94","Wave 1","S01; S31; S33; S11; S19; S32","P0 research backlog","Test paper snagging and a customer proof process using dummy content.","The customer retains source photos; they are not copied into geometry.","30","30","25","13","98","Primary-source strength 30/30 (S01; S31; S33); signal magnitude 30/30; metriMade strategy fit 25/25; nonduplicate portfolio whitespace 13/15. Directional planning judgment; no German product-level demand proof.","DIRECTIONAL PLANNING SCORE — NOT VALIDATED DEMAND","2026-09-01","1.0"
"SKU-179","Memory-object display plinth with date label","Personalized functional decor","New","Present one small sentimental object on a fitted plinth with a restrained name or date label.","Adult gift; memorial and travel-keepsake buyers","Etsy 2026 highlights personal keepsakes and everyday exhibits; IKEA 2026 shows strong sentimental retention.","Core adjacent — personalized display","Object footprint; label and viewing angle support one-off variants with little material.","Object footprint/weight; desired angle; text; shelf limit","top recess; base; angle; label; optional TPU dots","140","120","100","PLA with TPU dots","None","Moderate","Both after validation","8-16","26-54","3","Stable dry display only; no conservation; load; authenticity or memorial-service claim.","88","Wave 2","S01; S31; S11; S19; S32","P0 research backlog","Test tip and contact marks using inert objects across the allowed mass range.","Customer content and sensitive memorial copy need an approval policy.","30","29","22","13","94","Primary-source strength 30/30 (S01; S31); signal magnitude 29/30; metriMade strategy fit 22/25; nonduplicate portfolio whitespace 13/15. Directional planning judgment; no German product-level demand proof.","DIRECTIONAL PLANNING SCORE — NOT VALIDATED DEMAND","2026-09-01","1.0"
"SKU-180","Milestone photo-and-card desk display block","Personalized functional decor","New","Display one photo card and interchangeable milestone card in a compact personalized block.","Graduation; retirement; anniversary and coworker gift buyers","Etsy 2026 highlights milestones; personalization and accessible small gifts.","Core — personalized functional decor","Card thickness; orientation; name/date and icon form guided low-risk choices.","Card dimensions; orientation; text; icon; footprint","slots; angle; text depth; base width; color layers","160","90","80","PLA","None","Easy","Both after validation","7-14","22-46","1","Adult desk display; no child-photo data should be retained in product files.","91","Wave 1","S01; S11; S19; S24; S32","P0 research backlog","Validate card grip and proof workflow; create privacy-minimizing order fields.","Ships without copyrighted cards or customer photos unless separately cleared.","26","28","25","13","92","Primary-source strength 26/30 (S01); signal magnitude 28/30; metriMade strategy fit 25/25; nonduplicate portfolio whitespace 13/15. Directional planning judgment; no German product-level demand proof.","DIRECTIONAL PLANNING SCORE — NOT VALIDATED DEMAND","2026-09-01","1.0"
"SKU-181","Build-plate vertical rack","3D-printer workshop organization","New","Store multiple cool removable printer build plates vertically without damaging working surfaces.","Home 3D-printer owners and print farms","Maker ecosystems show persistent demand for specialized printer organization.","Adjacent — maker exact-fit organization","Plate dimensions; count and handle keep-outs vary by printer family.","Plate envelope; count; tab positions; shelf space","slot pitch; edge support; divider height; base depth; labels","220","200","220","PETG with TPU pads","None","Moderate","Digital first; printed later","8-15","26-54","3","Cool removed plates only; no heat; flatness-preservation or machine-safety claim.","87","Wave 2","S09; S11; S19; S32","P0 research backlog","Test edge contact; tip and loaded base stability with inert sheet-metal blanks.","Use generic plate dimensions; factual printer fit only after measurement.","18","17","15","11","61","Primary-source strength 18/30 (S09); signal magnitude 17/30; metriMade strategy fit 15/25; nonduplicate portfolio whitespace 11/15. Directional planning judgment; no German product-level demand proof.","DIRECTIONAL PLANNING SCORE — NOT VALIDATED DEMAND","2026-09-01","1.0"
"SKU-182","Filament-swatch library drawer","3D-printer workshop organization","New","Index printed material/color swatches with replaceable parameter cards in a compact drawer.","Makers; print farms and design studios","Maker ecosystems and expanding material choices create a recurring sample-management job.","Adjacent — reusable maker information system","Swatch standard; card data and collection size support a proprietary library interface.","Swatch dimensions; count; data fields; drawer envelope","slot pitch; card pocket; index tabs; drawer modules; labels","220","180","80","PLA","None","Easy","Digital first; printed later","7-14","22-46","1","Information organizer only; swatches do not certify material properties.","91","Wave 2","S19; S22; S23; S30; S32","P0 research backlog","Define an original swatch/card interface and test CSV label generation.","Could become an internal evidence tool and a sellable maker system.","12","10","15","11","48","Primary-source strength 12/30 (no direct market source); signal magnitude 10/30; metriMade strategy fit 15/25; nonduplicate portfolio whitespace 11/15. Directional planning judgment; no German product-level demand proof.","DIRECTIONAL PLANNING SCORE — NOT VALIDATED DEMAND","2026-09-01","1.0"
"SKU-183","Filament-spool clip and label-ring kit","3D-printer workshop organization","New","Secure loose filament ends and identify material; color and open date on stored spools.","Home printers; schools and print farms","Material variety and maker organization support repeatable low-cost accessories.","Adjacent — personalized maker organization","Spool rim; filament diameter and label data are efficient parameter sets.","Spool rim section; filament diameter; label fields; color plan","clip gap; filament hole; label ring; text; batch code","80","45","20","PETG","None","Moderate","Digital first; printed later","5-10","14-30","3","Storage only; clip must not kink filament or become a printer feed component.","89","Wave 2","S19; S22; S23; S30; S11; S32","P0 research backlog","Run rim coupon sweep; 1000 cycles and filament kink inspection.","No claim of compatibility with every spool; provide measured presets.","12","10","15","11","48","Primary-source strength 12/30 (no direct market source); signal magnitude 10/30; metriMade strategy fit 15/25; nonduplicate portfolio whitespace 11/15. Directional planning judgment; no German product-level demand proof.","DIRECTIONAL PLANNING SCORE — NOT VALIDATED DEMAND","2026-09-01","1.0"
"SKU-184","Printer-maintenance parts tray","3D-printer workshop organization","Variation of SKU-007","Lay out cool screws; clips; spare tubes and maintenance tools for one defined service task.","Home printer owners and service benches","Maker specialization rewards task-specific trays; organization reduces lost small parts.","Adjacent — workflow-specific maker organization","Printer-independent task modules can be arranged from the exact maintenance checklist.","Task parts list; tool list; bench footprint; labels","pocket map; fastener wells; tool slots; sequence labels; lid","220","180","35","PLA","None","Easy","Digital first; printed later","8-15","24-48","3","Cool powered-off maintenance only; no electrical procedure or parts-authenticity claim.","86","Wave 2","S09; S11; S19; S32","P0 research backlog","Pilot one generic nozzle-change workflow using inert parts; review instructions separately.","Different from a nozzle storage case: active task sequencing is the customer job.","18","17","15","5","55","Primary-source strength 18/30 (S09); signal magnitude 17/30; metriMade strategy fit 15/25; nonduplicate portfolio whitespace 5/15. Directional planning judgment; no German product-level demand proof.","DIRECTIONAL PLANNING SCORE — NOT VALIDATED DEMAND","2026-09-01","1.0"
"SKU-185","Scraper-pliers-caliper freestanding dock","3D-printer workshop organization","New","Park common cool hand tools at a printer without mounting anything to the machine.","Home printer owners and maker benches","Maker ecosystems show ongoing demand for functional printer-side organization.","Adjacent — defined-set maker organization","Tool outlines and available footprint create exact layouts while staying brand-neutral.","Tool envelopes; count; preferred order; bench limit","slots; angles; base; labels; removable debris cup","220","160","180","PLA","None","Easy","Digital first; printed later","9-16","28-56","3","Freestanding cool-tool storage; sharp scrapers must be guarded; adult use.","87","Wave 2","S09; S11; S19; S32","P0 research backlog","Test tip shielding; retrieval and loaded tip stability.","No attachment to moving or heated printer parts.","18","17","15","11","61","Primary-source strength 18/30 (S09); signal magnitude 17/30; metriMade strategy fit 15/25; nonduplicate portfolio whitespace 11/15. Directional planning judgment; no German product-level demand proof.","DIRECTIONAL PLANNING SCORE — NOT VALIDATED DEMAND","2026-09-01","1.0"
"SKU-186","Print-quality coupon archive case","3D-printer workshop organization","New","Store calibration and material coupons with dated process cards for later comparison.","Makers; print farms; schools and QA-minded designers","Versioned testing and traceability are central to the metriCreate value proposition.","Adjacent — evidence-system product","Coupon standard; card fields and capacity can become a proprietary validation interface.","Coupon dimensions; card fields; count; archive size","slots; dividers; card pockets; index tabs; lid; release ID","220","160","90","PLA","None","Easy","Digital first; printed later","7-14","22-46","1","Organizer only; retained coupons do not by themselves prove product qualification.","92","Wave 2","S11; S19; S22; S23; S30; S32","P0 research backlog","Define one coupon/card schema and use it on three internal products.","High internal leverage; commercial demand should be tested with makers.","12","10","15","11","48","Primary-source strength 12/30 (no direct market source); signal magnitude 10/30; metriMade strategy fit 15/25; nonduplicate portfolio whitespace 11/15. Directional planning judgment; no German product-level demand proof.","DIRECTIONAL PLANNING SCORE — NOT VALIDATED DEMAND","2026-09-01","1.0"
"SKU-187","Multimeter-lead and probe drawer insert","Electronics-bench organization","New","Store disconnected test leads; probes and adapters in labeled drawer channels without tight bends.","Adult electronics hobbyists and repair benches","EU repair policy and hands-on skill trends support better bench organization.","Adjacent — exact-fit technical organization","Lead length; probe geometry and drawer envelope are variable and measurable.","Disconnected lead lengths; probe envelopes; bend radius; drawer size","channels; spool radius; probe pockets; labels; dividers","220","180","55","PETG","None","Moderate","Digital first; printed later","9-17","28-56","4","Storage only while disconnected; no electrical insulation; CAT rating or protection claim.","78","Wave 3","S10; S29; S33; S11; S15; S19; S32","P0 research backlog","Use inert dummy probes; verify bend radius and prominent disconnected-only instructions.","Keep this outside the low-risk core until electrical boundary review.","23","25","15","14","77","Primary-source strength 23/30 (S10; S29; S33); signal magnitude 25/30; metriMade strategy fit 15/25; nonduplicate portfolio whitespace 14/15. Directional planning judgment; no German product-level demand proof.","DIRECTIONAL PLANNING SCORE — NOT VALIDATED DEMAND","2026-09-01","1.0"
"SKU-188","Driver-bit inventory tray","Workshop tool organization","New","Arrange mixed driver bits by measured shank and readable size labels with empty-slot visibility.","Adult makers; repair cafes and workshops","EU repair policy and maker skill growth support organized small-tool inventories.","Adjacent — defined-set workshop organization","Bit count; shank standard and label taxonomy are ideal parametric inputs.","Shank diameter; bit lengths; count; label list; drawer/bench mode","hole size; depth; pitch; labels; angle; base","220","140","55","PLA","None","Easy","Digital first; printed later","7-14","22-46","3","Storage only; tool use and torque performance are outside scope; adult use.","86","Wave 2","S10; S29; S33; S11; S19; S32","P0 research backlog","Test retention; label readability and removal with worn generic bits.","Could share CSV label import with cable and drawer systems.","23","25","15","12","75","Primary-source strength 23/30 (S10; S29; S33); signal magnitude 25/30; metriMade strategy fit 15/25; nonduplicate portfolio whitespace 12/15. Directional planning judgment; no German product-level demand proof.","DIRECTIONAL PLANNING SCORE — NOT VALIDATED DEMAND","2026-09-01","1.0"
"SKU-189","Hex-key grip sleeves and bench stand","Workshop tool organization","New","Make small hex keys easier to identify and store using size-coded removable sleeves plus a matched stand.","Adult makers; cyclists and repair hobbyists","Repair and hands-on skill trends support useful tool organization.","Adjacent — personalized tool organization","Key section; size label and grip length vary; paired stand locks the family together.","Key cross-section; length; size labels; count","sleeve bore; grip shape; text; stand slots; color code","180","100","80","TPU 95A with PLA stand","None","Moderate","Digital first; printed later","8-15","24-48","4","Comfort and identification only; no torque; electrical or safety-tool claim; slip testing required.","77","Wave 3","S10; S29; S33; S11; S19; S28; S32","P0 research backlog","Run torque-slip and removal tests; set a low permitted-use boundary or drop sleeves.","Stand may remain viable even if grip sleeves fail testing.","23","25","15","12","75","Primary-source strength 23/30 (S10; S29; S33); signal magnitude 25/30; metriMade strategy fit 15/25; nonduplicate portfolio whitespace 12/15. Directional planning judgment; no German product-level demand proof.","DIRECTIONAL PLANNING SCORE — NOT VALIDATED DEMAND","2026-09-01","1.0"
"SKU-190","Caliper and depth-gauge protective bench rest","Workshop tool organization","New","Park measuring tools so jaws and depth rods do not contact the bench or get buried.","Makers; machinists and print farms","Hands-on skill growth and maker workflows create demand for careful tool storage.","Adjacent — defined-object workshop organization","Tool envelope and hand orientation can be fitted without copying proprietary styling.","Tool envelope; jaw position; dominant hand; bench footprint","cradle points; angle; pad pockets; stop; labels","180","120","90","PLA with TPU pads","None","Moderate","Digital first; printed later","8-15","24-50","3","Storage only; no calibration; impact-protection or metrology claim.","85","Wave 2","S33; S11; S19; S28; S32","P0 research backlog","Test contact points with an inexpensive caliper and gauge blocks for repeatable placement.","A precision-looking product needs especially careful claim language.","21","23","15","12","71","Primary-source strength 21/30 (S33); signal magnitude 23/30; metriMade strategy fit 15/25; nonduplicate portfolio whitespace 12/15. Directional planning judgment; no German product-level demand proof.","DIRECTIONAL PLANNING SCORE — NOT VALIDATED DEMAND","2026-09-01","1.0"
"SKU-191","Furniture screw-hole cover and trim-plug generator","Noncritical repair and finish parts","New","Replace missing decorative hole covers using measured bore; flange and surface color.","Furniture owners; landlords and repair cafes","EU right-to-repair rules apply from 31 July 2026 and support longer product lifetimes.","Adjacent — measured noncritical replacement","Bore diameter; depth and flange are ideal low-volume parameters unavailable in long-tail retail.","Bore diameter/depth; flange diameter; surface clearance; color","stem; barb; flange; relief; texture; removal slot","45","45","30","PETG","None","Moderate","Digital first; printed later","4-9","10-24","3","Decorative non-structural holes only; exclude fastener retention and safety assemblies.","86","Wave 2","S10; S29; S16; S11; S19; S32","P0 research backlog","Create go/no-go fit gauge; pull-out test and red-line exclusion checklist.","No brand geometry; customer confirms the hole is decorative.","23","16","15","12","66","Primary-source strength 23/30 (S10; S29); signal magnitude 16/30; metriMade strategy fit 15/25; nonduplicate portfolio whitespace 12/15. Directional planning judgment; no German product-level demand proof.","DIRECTIONAL PLANNING SCORE — NOT VALIDATED DEMAND","2026-09-01","1.0"
"SKU-192","Shelf-pin hole liner and plug kit","Noncritical repair and finish parts","New","Restore a worn decorative shelf-pin hole edge or cover unused holes with measured inserts.","Furniture owners; repair cafes and landlords","EU repair policy supports repair demand; small exact-fit parts suit distributed manufacturing.","Adjacent — measured repair part","Hole diameter; panel thickness and cosmetic flange vary across furniture.","Hole diameter/depth; panel material; intended plug or liner use","bore; wall; flange; split; removal slot; color","35","35","35","PETG","None","Moderate","Digital first; printed later","4-9","10-24","4","Plug is cosmetic only; liner use must not carry a shelf until separately load-qualified.","76","Wave 3","S10; S29; S16; S11; S19; S32","P0 research backlog","Separate cosmetic-plug and load-liner programs; launch only plug if load evidence is absent.","Fail closed on any structural shelf-support use.","23","16","15","12","66","Primary-source strength 23/30 (S10; S29); signal magnitude 16/30; metriMade strategy fit 15/25; nonduplicate portfolio whitespace 12/15. Directional planning judgment; no German product-level demand proof.","DIRECTIONAL PLANNING SCORE — NOT VALIDATED DEMAND","2026-09-01","1.0"
"SKU-193","Curtain-track glider fit-gauge and replacement set","Noncritical repair and finish parts","Variation of SKU-039","Measure an existing track profile with a gauge before generating a light curtain glider or spacer.","Renters; households and repair cafes","EU repair rules and long-tail spare-part demand favor measured replacements.","Adjacent — repair workflow with measurement moat","Profile gauge reduces misfit before a tiny model-specific part is made.","Track opening/height; existing glider; curtain mass; count","gauge steps; neck width; wheel/slider profile; hook interface","60","35","35","PETG","None","Moderate","Digital first; printed later","5-10","12-28","4","Light indoor curtains only; exclude blinds; child cords; ceiling hazards and heavy drapes.","74","Wave 3","S10; S29; S16; S11; S19; S32","P0 research backlog","Start with gauge only; define destructive load and 1000-cycle test before replacement sale.","Compatibility and design-right review are mandatory.","23","16","15","6","60","Primary-source strength 23/30 (S10; S29); signal magnitude 16/30; metriMade strategy fit 15/25; nonduplicate portfolio whitespace 6/15. Directional planning judgment; no German product-level demand proof.","DIRECTIONAL PLANNING SCORE — NOT VALIDATED DEMAND","2026-09-01","1.0"
"SKU-194","Vacuum-attachment parking clip","Noncritical repair and finish parts","New","Park a cool detached vacuum accessory on a storage rail; shelf edge or appliance tube.","Households; workshops and repair users","EU repair and recommerce trends support extending and organizing owned appliances.","Adjacent — measured storage accessory","Tube/rail diameter and attachment neck vary; a coupon-led clip avoids a full appliance mount.","Storage tube/rail; accessory envelope; allowed orientation; mass","clip bore; flex gap; cradle; stop; pad; label","120","90","80","PETG","None","Moderate","Digital first; printed later","6-12","18-38","4","Storage only while appliance is off; no hose adapter; airflow or running-machine use.","77","Wave 3","S10; S29; S34; S11; S19; S32","P0 research backlog","Print clip sweep; run 1000 cycles and bump/drop test with inert masses.","Distinct from a functional hose adapter and lower risk if kept off-machine.","25","21","15","12","73","Primary-source strength 25/30 (S10; S29; S34); signal magnitude 21/30; metriMade strategy fit 15/25; nonduplicate portfolio whitespace 12/15. Directional planning judgment; no German product-level demand proof.","DIRECTIONAL PLANNING SCORE — NOT VALIDATED DEMAND","2026-09-01","1.0"
"SKU-195","Appliance button-cap and legend overlay","Noncritical repair and accessibility parts","New","Restore a missing cosmetic button cap or readable legend where failure cannot create a hazardous state.","Repair cafes; appliance owners and landlords","EU repair rules increase attention to keeping household goods usable.","Adjacent specialist — measured repair part","Stem; travel; panel keep-outs and legend can be matched for discontinued noncritical controls.","Exact interface; travel; surrounding keep-outs; function and hazard classification","stem; cap; travel clearance; legend; tactile mark","55","55","30","PETG","None","Hard","Digital first; printed later","6-12","18-40","5","BLOCK unless documented noncritical function; exclude heat; gas; safety interlocks and hazardous states.","65","Specialist / Hold","S10; S29; S16; S11; S15; S19; S32","P0 research backlog","Create a red-line intake form and specialist review before any geometry work.","Research option only; right-to-repair does not remove safety or IP duties.","23","16","10","14","63","Primary-source strength 23/30 (S10; S29); signal magnitude 16/30; metriMade strategy fit 10/25; nonduplicate portfolio whitespace 14/15. Directional planning judgment; no German product-level demand proof.","DIRECTIONAL PLANNING SCORE — NOT VALIDATED DEMAND","2026-09-01","1.0"
"SKU-196","Stationery-refill inventory tray","Desk and stationery organization","New","Make spare erasers; leads; clips and cartridges visible so supplies are replenished intentionally.","Students; teachers and home-office users","IKEA 2026 shows catch-all drawer prevalence; Etsy and Michaels support analog stationery rituals.","Core — defined-set desk organization","Refill packet sizes; counts and labels form compact exact-fit layouts.","Drawer/desk envelope; refill types; package sizes; labels","pocket map; packet lanes; scoop wells; labels; module grid","180","140","45","PLA","None","Easy","Both after validation","7-13","20-42","1","Adult stationery storage; no child-use or choking-safety claim.","90","Wave 1","S31; S01; S33; S11; S19; S32","P0 research backlog","Pilot with mechanical-pencil; eraser and clip refills; verify package retrieval.","Simple cross-sell for pen caddies and drawer systems.","30","26","25","14","95","Primary-source strength 30/30 (S31; S01; S33); signal magnitude 26/30; metriMade strategy fit 25/25; nonduplicate portfolio whitespace 14/15. Directional planning judgment; no German product-level demand proof.","DIRECTIONAL PLANNING SCORE — NOT VALIDATED DEMAND","2026-09-01","1.0"
"SKU-197","Label-printer tape-cartridge rack","Office and small-business organization","New","Store mixed label-tape cartridges vertically with visible width; color and status labels.","Home offices; small businesses; teachers and makers","IKEA 2026 supports desk organization; personalization businesses manage many label consumables.","Core — defined-set desk organization","Cartridge envelopes vary by family; measured slots and inventory labels create exact value.","Cartridge dimensions; count; label fields; shelf/drawer mode","slot size; pitch; angle; labels; module joint","220","140","120","PLA","None","Easy","Digital first; printed later","7-13","22-44","2","Storage only; no printer mechanism or compatibility claim until physically tested.","89","Wave 2","S31; S01; S11; S19; S32","P0 research backlog","Build unbranded envelope presets and test retrieval with empty cartridges.","Use descriptive dimensions instead of trademarks in the core product name.","30","25","25","14","94","Primary-source strength 30/30 (S31; S01); signal magnitude 25/30; metriMade strategy fit 25/25; nonduplicate portfolio whitespace 14/15. Directional planning judgment; no German product-level demand proof.","DIRECTIONAL PLANNING SCORE — NOT VALIDATED DEMAND","2026-09-01","1.0"
"SKU-198","Memory-card safe archive drawer","Photo and data-media organization","New","Store memory cards and adapters in individual labeled slots with a separate full/empty orientation.","Photographers; musicians; makers and small offices","IKEA 2026 reports small-electronics clutter; creator workflows need visible inventory.","Core adjacent — defined-set micro-organization","Card formats; count and status orientation produce compact high-fit cassettes.","Card formats; count; labels; drawer/case envelope","slot dimensions; status flip; finger relief; label; lid option","160","100","35","PETG","None","Moderate","Digital first; printed later","7-14","22-46","3","Physical storage only; no data protection; waterproofing; ESD or impact claim.","86","Wave 2","S31; S11; S15; S19; S32","P0 research backlog","Use blank plastic dummies; test removal and avoid contact pressure on card pads.","Distinct from a broad camera-battery cassette through status-led media archiving.","30","24","22","14","90","Primary-source strength 30/30 (S31); signal magnitude 24/30; metriMade strategy fit 22/25; nonduplicate portfolio whitespace 14/15. Directional planning judgment; no German product-level demand proof.","DIRECTIONAL PLANNING SCORE — NOT VALIDATED DEMAND","2026-09-01","1.0"
"SKU-199","Eyeglass-case shelf corral with dividers","Personal-item organization","New","Keep bulky eyeglass cases upright and visible on a wardrobe or entry shelf.","Adults with several prescription; sun or reading-glass cases","IKEA 2026 emphasizes organized access to meaningful personal possessions.","Core — defined-set shelf organization","Case widths; count and shelf depth create a simple fitted lane system.","Shelf envelope; case dimensions; count; label preferences","lane widths; divider height; base depth; front stop; labels","220","160","140","PLA","None","Easy","Both after validation","7-13","22-44","1","Dry indoor storage; no optical protection claim.","88","Wave 2","S31; S11; S19; S32","P0 research backlog","Test tip and retrieval across hard and soft case shapes.","Complements drawer inserts and under-shelf racks without duplicating their interfaces.","30","24","25","12","91","Primary-source strength 30/30 (S31); signal magnitude 24/30; metriMade strategy fit 25/25; nonduplicate portfolio whitespace 12/15. Directional planning judgment; no German product-level demand proof.","DIRECTIONAL PLANNING SCORE — NOT VALIDATED DEMAND","2026-09-01","1.0"
"SKU-200","Personalized leaving-home checklist token station","Entryway routine organization","New","Move physical tokens from to-do to ready columns for keys; wallet; passes and daily items.","Adults; shared households and routine-oriented users","IKEA 2026 documents misplaced-item time and clutter conflict; Etsy favors personalized useful gifts.","Core — personalized routine aid","Checklist; names; token count and freestanding footprint are batch-generated while remaining tactile.","Checklist labels; names; token count; available footprint; language","column count; token geometry; text/icons; base; token capture","180","140","120","PLA","None","Moderate","Both after validation","9-17","28-56","3","Reminder aid only; no medical; cognitive; child-safety or guaranteed-loss-prevention claim.","90","Wave 2","S31; S01; S11; S19; S24; S32","P0 research backlog","Test one-handed token movement; visibility and customer-proof workflow with adult users.","Freestanding version avoids wall-mount risk; customer labels require content review.","30","29","25","14","98","Primary-source strength 30/30 (S31; S01); signal magnitude 29/30; metriMade strategy fit 25/25; nonduplicate portfolio whitespace 14/15. Directional planning judgment; no German product-level demand proof.","DIRECTIONAL PLANNING SCORE — NOT VALIDATED DEMAND","2026-09-01","1.0"
