SKU_ID,Preflight_Short,Complexity_Band,Readiness_Band,Criticality_Band,Current_Lane,Target_Lane_After_Evidence,Confidence,Design_Release,Estimate_Status,Creation_Effort_1_5,Validation_Effort_1_5,Research_Risk_1_5,Basis,Source_Or_Linked_Preflight,Assessed_On,Estimate_Version
SKU-001,C3 · R2 · K1 · Lane E · LOW_UNKNOWN,C3,R2,K1,E,C,LOW_UNKNOWN,HOLD,LINKED CURRENT PRODUCT PREFLIGHT — NOT RELEASE APPROVAL,2,3,1,Mapped to MM-ORG-001; exact current scorecard from the linked product preflight.,products/organization-storage/mm-org-001-drawerfit-modular/preflight/preflight-result.json,2026-09-04,1.3
SKU-002,C2 · R2 · K1 · Lane E · LOW_UNKNOWN,C2,R2,K1,E,B,LOW_UNKNOWN,HOLD,LINKED CURRENT PRODUCT PREFLIGHT — NOT RELEASE APPROVAL,1,1,1,Mapped to MM-ORG-004; exact current scorecard from the linked product preflight.,products/organization-storage/mm-org-004-modular-desktop-tray-system/preflight/preflight-result.json,2026-09-04,1.3
SKU-003,C2 · R2 · K1 · Lane E · LOW_UNKNOWN,C2,R2,K1,E,B,LOW_UNKNOWN,HOLD,LINKED CURRENT PRODUCT PREFLIGHT — NOT RELEASE APPROVAL,1,1,1,Mapped to MM-ORG-005; exact current scorecard from the linked product preflight.,products/organization-storage/mm-org-005-desk-edge-cable-clip-kit/preflight/preflight-result.json,2026-09-04,1.3
SKU-004,C3 · R2 · K1 · Lane E · LOW_UNKNOWN,C3,R2,K1,E,C,LOW_UNKNOWN,HOLD,LINKED CURRENT PRODUCT PREFLIGHT — NOT RELEASE APPROVAL,2,2,1,Mapped to MM-ORG-006; exact current scorecard from the linked product preflight.,products/organization-storage/mm-org-006-charging-cable-docking-bar/preflight/preflight-result.json,2026-09-04,1.3
SKU-005,C3 · R2 · K1 · Lane E · LOW_UNKNOWN,C3,R2,K1,E,C,LOW_UNKNOWN,HOLD,LINKED CURRENT PRODUCT PREFLIGHT — NOT RELEASE APPROVAL,2,2,1,Mapped to MM-ORG-007; exact current scorecard from the linked product preflight.,products/organization-storage/mm-org-007-adjustable-passive-phone-stand/preflight/preflight-result.json,2026-09-04,1.3
SKU-006,C2 · R2 · K1 · Lane E · LOW_UNKNOWN,C2,R2,K1,E,B,LOW_UNKNOWN,HOLD,LINKED CURRENT PRODUCT PREFLIGHT — NOT RELEASE APPROVAL,1,1,1,Mapped to MM-ORG-008; exact current scorecard from the linked product preflight.,products/organization-storage/mm-org-008-custom-lipstick-tube-grid/preflight/preflight-result.json,2026-09-04,1.3
SKU-007,C3 · R2 · K1 · Lane E · LOW_UNKNOWN,C3,R2,K1,E,C,LOW_UNKNOWN,HOLD,LINKED CURRENT PRODUCT PREFLIGHT — NOT RELEASE APPROVAL,1,1,1,Mapped to MM-ORG-025; exact current scorecard from the linked product preflight.,products/organization-storage/mm-org-025-adjustable-vertical-makeup-palette-organizer/preflight/preflight-result.json,2026-09-04,1.3
SKU-008,C2 · R0–R1 · K1 · Lane E · LOW_UNKNOWN,C2,R0–R1,K1,E,B,LOW_UNKNOWN,CONCEPT_ONLY,PRELIMINARY IDEA ESTIMATE — NOT RELEASE APPROVAL,2,2,1,"C band from creation/validation planning effort (2/2); K band from the research-risk proxy (1/5); R0–R1 and Lane E until critical interfaces, the manufacturing profile, acceptance criteria, and verification evidence exist.",business/02-portfolio/research-idea-priority.csv,2026-09-04,1.3
SKU-009,C2 · R0–R1 · K1 · Lane E · LOW_UNKNOWN,C2,R0–R1,K1,E,B,LOW_UNKNOWN,CONCEPT_ONLY,PRELIMINARY IDEA ESTIMATE — NOT RELEASE APPROVAL,2,2,1,"C band from creation/validation planning effort (2/2); K band from the research-risk proxy (1/5); R0–R1 and Lane E until critical interfaces, the manufacturing profile, acceptance criteria, and verification evidence exist.",business/02-portfolio/research-idea-priority.csv,2026-09-04,1.3
SKU-010,C2–C3 · R0–R1 · K1 · Lane E · LOW_UNKNOWN,C2–C3,R0–R1,K1,E,C,LOW_UNKNOWN,CONCEPT_ONLY,PRELIMINARY IDEA ESTIMATE — NOT RELEASE APPROVAL,2,3,1,"C band from creation/validation planning effort (2/3); K band from the research-risk proxy (1/5); R0–R1 and Lane E until critical interfaces, the manufacturing profile, acceptance criteria, and verification evidence exist.",business/02-portfolio/research-idea-priority.csv,2026-09-04,1.3
SKU-011,C2 · R0–R1 · K1 · Lane E · LOW_UNKNOWN,C2,R0–R1,K1,E,B,LOW_UNKNOWN,CONCEPT_ONLY,PRELIMINARY IDEA ESTIMATE — NOT RELEASE APPROVAL,2,2,1,"C band from creation/validation planning effort (2/2); K band from the research-risk proxy (1/5); R0–R1 and Lane E until critical interfaces, the manufacturing profile, acceptance criteria, and verification evidence exist.",business/02-portfolio/research-idea-priority.csv,2026-09-04,1.3
SKU-012,C2 · R0–R1 · K1 · Lane E · LOW_UNKNOWN,C2,R0–R1,K1,E,B,LOW_UNKNOWN,CONCEPT_ONLY,PRELIMINARY IDEA ESTIMATE — NOT RELEASE APPROVAL,2,2,1,"C band from creation/validation planning effort (2/2); K band from the research-risk proxy (1/5); R0–R1 and Lane E until critical interfaces, the manufacturing profile, acceptance criteria, and verification evidence exist.",business/02-portfolio/research-idea-priority.csv,2026-09-04,1.3
SKU-013,C2 · R0–R1 · K1 · Lane E · LOW_UNKNOWN,C2,R0–R1,K1,E,B,LOW_UNKNOWN,CONCEPT_ONLY,PRELIMINARY IDEA ESTIMATE — NOT RELEASE APPROVAL,2,2,1,"C band from creation/validation planning effort (2/2); K band from the research-risk proxy (1/5); R0–R1 and Lane E until critical interfaces, the manufacturing profile, acceptance criteria, and verification evidence exist.",business/02-portfolio/research-idea-priority.csv,2026-09-04,1.3
SKU-014,C3 · R2 · K1 · Lane E · LOW_UNKNOWN,C3,R2,K1,E,C,LOW_UNKNOWN,HOLD,LINKED CURRENT PRODUCT PREFLIGHT — NOT RELEASE APPROVAL,1,1,1,Mapped to MM-ORG-026; exact current scorecard from the linked product preflight.,products/organization-storage/mm-org-026-personalized-desk-nameplate/preflight/preflight-result.json,2026-09-04,1.3
SKU-015,C1 · R0–R1 · K1 · Lane E · LOW_UNKNOWN,C1,R0–R1,K1,E,B,LOW_UNKNOWN,CONCEPT_ONLY,PRELIMINARY IDEA ESTIMATE — NOT RELEASE APPROVAL,1,1,1,"C band from creation/validation planning effort (1/1); K band from the research-risk proxy (1/5); R0–R1 and Lane E until critical interfaces, the manufacturing profile, acceptance criteria, and verification evidence exist.",business/02-portfolio/research-idea-priority.csv,2026-09-04,1.3
SKU-016,C2 · R0–R1 · K1–K2 · Lane E · LOW_UNKNOWN,C2,R0–R1,K1–K2,E,C,LOW_UNKNOWN,CONCEPT_ONLY,PRELIMINARY IDEA ESTIMATE — NOT RELEASE APPROVAL,2,2,2,"C band from creation/validation planning effort (2/2); K band from the research-risk proxy (2/5); R0–R1 and Lane E until critical interfaces, the manufacturing profile, acceptance criteria, and verification evidence exist.",business/02-portfolio/research-idea-priority.csv,2026-09-04,1.3
SKU-017,C1–C2 · R0–R1 · K1 · Lane E · LOW_UNKNOWN,C1–C2,R0–R1,K1,E,B,LOW_UNKNOWN,CONCEPT_ONLY,PRELIMINARY IDEA ESTIMATE — NOT RELEASE APPROVAL,1,2,1,"C band from creation/validation planning effort (1/2); K band from the research-risk proxy (1/5); R0–R1 and Lane E until critical interfaces, the manufacturing profile, acceptance criteria, and verification evidence exist.",business/02-portfolio/research-idea-priority.csv,2026-09-04,1.3
SKU-018,C2 · R2 · K1 · Lane E · LOW_UNKNOWN,C2,R2,K1,E,B,LOW_UNKNOWN,HOLD,LINKED CURRENT PRODUCT PREFLIGHT — NOT RELEASE APPROVAL,1,1,1,Mapped to MM-ORG-010; exact current scorecard from the linked product preflight.,products/organization-storage/mm-org-010-personalized-pen-stationery-caddy/preflight/preflight-result.json,2026-09-04,1.3
SKU-019,C2–C3 · R0–R1 · K1 · Lane E · LOW_UNKNOWN,C2–C3,R0–R1,K1,E,C,LOW_UNKNOWN,CONCEPT_ONLY,PRELIMINARY IDEA ESTIMATE — NOT RELEASE APPROVAL,2,3,1,"C band from creation/validation planning effort (2/3); K band from the research-risk proxy (1/5); R0–R1 and Lane E until critical interfaces, the manufacturing profile, acceptance criteria, and verification evidence exist.",business/02-portfolio/research-idea-priority.csv,2026-09-04,1.3
SKU-020,C2 · R0–R1 · K1 · Lane E · LOW_UNKNOWN,C2,R0–R1,K1,E,B,LOW_UNKNOWN,CONCEPT_ONLY,PRELIMINARY IDEA ESTIMATE — NOT RELEASE APPROVAL,2,2,1,"C band from creation/validation planning effort (2/2); K band from the research-risk proxy (1/5); R0–R1 and Lane E until critical interfaces, the manufacturing profile, acceptance criteria, and verification evidence exist.",business/02-portfolio/research-idea-priority.csv,2026-09-04,1.3
SKU-021,C2 · R0–R1 · K1 · Lane E · LOW_UNKNOWN,C2,R0–R1,K1,E,B,LOW_UNKNOWN,CONCEPT_ONLY,PRELIMINARY IDEA ESTIMATE — NOT RELEASE APPROVAL,2,2,1,"C band from creation/validation planning effort (2/2); K band from the research-risk proxy (1/5); R0–R1 and Lane E until critical interfaces, the manufacturing profile, acceptance criteria, and verification evidence exist.",business/02-portfolio/research-idea-priority.csv,2026-09-04,1.3
SKU-022,C2 · R0–R1 · K1–K2 · Lane E · LOW_UNKNOWN,C2,R0–R1,K1–K2,E,C,LOW_UNKNOWN,CONCEPT_ONLY,PRELIMINARY IDEA ESTIMATE — NOT RELEASE APPROVAL,2,2,2,"C band from creation/validation planning effort (2/2); K band from the research-risk proxy (2/5); R0–R1 and Lane E until critical interfaces, the manufacturing profile, acceptance criteria, and verification evidence exist.",business/02-portfolio/research-idea-priority.csv,2026-09-04,1.3
SKU-023,C2 · R1 · K1 · Lane E · LOW_UNKNOWN,C2,R1,K1,E,B,LOW_UNKNOWN,HOLD,LINKED CURRENT PRODUCT PREFLIGHT — NOT RELEASE APPROVAL,2,2,2,Mapped to MM-ORG-022; exact current scorecard from the linked product preflight.,products/organization-storage/mm-org-022-labelable-small-parts-bin-set/preflight/preflight-result.json,2026-09-04,1.3
SKU-024,C2 · R2 · K1 · Lane E · LOW_UNKNOWN,C2,R2,K1,E,B,LOW_UNKNOWN,HOLD,LINKED CURRENT PRODUCT PREFLIGHT — NOT RELEASE APPROVAL,1,1,1,Mapped to MM-ORG-027; exact current scorecard from the linked product preflight.,products/organization-storage/mm-org-027-vinyl-record-divider-label-set/preflight/preflight-result.json,2026-09-04,1.3
SKU-025,C3 · R2 · K1 · Lane E · LOW_UNKNOWN,C3,R2,K1,E,C,LOW_UNKNOWN,HOLD,LINKED CURRENT PRODUCT PREFLIGHT — NOT RELEASE APPROVAL,2,3,1,Mapped to MM-ORG-034; exact current scorecard from the linked product preflight.,products/organization-storage/mm-org-034-snap-on-journal-pen-loop/preflight/preflight-result.json,2026-09-04,1.3
SKU-026,C2 · R2 · K1 · Lane C · LOW_UNKNOWN,C2,R2,K1,C,B,LOW_UNKNOWN,GO_WITH_CONTROLS,LINKED CURRENT PRODUCT PREFLIGHT — NOT RELEASE APPROVAL,1,2,1,Mapped to MM-ORG-016; exact current scorecard from the linked product preflight.,products/organization-storage/mm-org-016-stencil-ruler-bookmark-set/preflight/preflight-result.json,2026-09-04,1.3
SKU-027,C1–C2 · R0–R1 · K1–K2 · Lane E · LOW_UNKNOWN,C1–C2,R0–R1,K1–K2,E,C,LOW_UNKNOWN,CONCEPT_ONLY,PRELIMINARY IDEA ESTIMATE — NOT RELEASE APPROVAL,1,2,2,"C band from creation/validation planning effort (1/2); K band from the research-risk proxy (2/5); R0–R1 and Lane E until critical interfaces, the manufacturing profile, acceptance criteria, and verification evidence exist.",business/02-portfolio/research-idea-priority.csv,2026-09-04,1.3
SKU-028,C1 · R0–R1 · K1 · Lane E · LOW_UNKNOWN,C1,R0–R1,K1,E,B,LOW_UNKNOWN,CONCEPT_ONLY,PRELIMINARY IDEA ESTIMATE — NOT RELEASE APPROVAL,1,1,1,"C band from creation/validation planning effort (1/1); K band from the research-risk proxy (1/5); R0–R1 and Lane E until critical interfaces, the manufacturing profile, acceptance criteria, and verification evidence exist.",business/02-portfolio/research-idea-priority.csv,2026-09-04,1.3
SKU-029,C2–C3 · R0–R1 · K1–K2 · Lane E · LOW_UNKNOWN,C2–C3,R0–R1,K1–K2,E,C,LOW_UNKNOWN,CONCEPT_ONLY,PRELIMINARY IDEA ESTIMATE — NOT RELEASE APPROVAL,2,3,2,"C band from creation/validation planning effort (2/3); K band from the research-risk proxy (2/5); R0–R1 and Lane E until critical interfaces, the manufacturing profile, acceptance criteria, and verification evidence exist.",business/02-portfolio/research-idea-priority.csv,2026-09-04,1.3
SKU-030,C2 · R0–R1 · K1 · Lane E · LOW_UNKNOWN,C2,R0–R1,K1,E,B,LOW_UNKNOWN,CONCEPT_ONLY,PRELIMINARY IDEA ESTIMATE — NOT RELEASE APPROVAL,2,2,1,"C band from creation/validation planning effort (2/2); K band from the research-risk proxy (1/5); R0–R1 and Lane E until critical interfaces, the manufacturing profile, acceptance criteria, and verification evidence exist.",business/02-portfolio/research-idea-priority.csv,2026-09-04,1.3
SKU-031,C2 · R0–R1 · K1–K2 · Lane E · LOW_UNKNOWN,C2,R0–R1,K1–K2,E,C,LOW_UNKNOWN,CONCEPT_ONLY,PRELIMINARY IDEA ESTIMATE — NOT RELEASE APPROVAL,2,2,2,"C band from creation/validation planning effort (2/2); K band from the research-risk proxy (2/5); R0–R1 and Lane E until critical interfaces, the manufacturing profile, acceptance criteria, and verification evidence exist.",business/02-portfolio/research-idea-priority.csv,2026-09-04,1.3
SKU-032,C2 · R0–R1 · K1–K2 · Lane E · LOW_UNKNOWN,C2,R0–R1,K1–K2,E,C,LOW_UNKNOWN,CONCEPT_ONLY,PRELIMINARY IDEA ESTIMATE — NOT RELEASE APPROVAL,2,2,2,"C band from creation/validation planning effort (2/2); K band from the research-risk proxy (2/5); R0–R1 and Lane E until critical interfaces, the manufacturing profile, acceptance criteria, and verification evidence exist.",business/02-portfolio/research-idea-priority.csv,2026-09-04,1.3
SKU-033,C2 · R0–R1 · K1–K2 · Lane E · LOW_UNKNOWN,C2,R0–R1,K1–K2,E,C,LOW_UNKNOWN,CONCEPT_ONLY,PRELIMINARY IDEA ESTIMATE — NOT RELEASE APPROVAL,2,2,2,"C band from creation/validation planning effort (2/2); K band from the research-risk proxy (2/5); R0–R1 and Lane E until critical interfaces, the manufacturing profile, acceptance criteria, and verification evidence exist.",business/02-portfolio/research-idea-priority.csv,2026-09-04,1.3
SKU-034,C2 · R0–R1 · K1–K2 · Lane E · LOW_UNKNOWN,C2,R0–R1,K1–K2,E,C,LOW_UNKNOWN,CONCEPT_ONLY,PRELIMINARY IDEA ESTIMATE — NOT RELEASE APPROVAL,2,2,2,"C band from creation/validation planning effort (2/2); K band from the research-risk proxy (2/5); R0–R1 and Lane E until critical interfaces, the manufacturing profile, acceptance criteria, and verification evidence exist.",business/02-portfolio/research-idea-priority.csv,2026-09-04,1.3
SKU-035,C3 · R0–R1 · K1–K2 · Lane E · LOW_UNKNOWN,C3,R0–R1,K1–K2,E,C,LOW_UNKNOWN,CONCEPT_ONLY,PRELIMINARY IDEA ESTIMATE — NOT RELEASE APPROVAL,3,3,2,"C band from creation/validation planning effort (3/3); K band from the research-risk proxy (2/5); R0–R1 and Lane E until critical interfaces, the manufacturing profile, acceptance criteria, and verification evidence exist.",business/02-portfolio/research-idea-priority.csv,2026-09-04,1.3
SKU-036,C2 · R0–R1 · K1–K2 · Lane E · LOW_UNKNOWN,C2,R0–R1,K1–K2,E,C,LOW_UNKNOWN,CONCEPT_ONLY,PRELIMINARY IDEA ESTIMATE — NOT RELEASE APPROVAL,2,2,2,"C band from creation/validation planning effort (2/2); K band from the research-risk proxy (2/5); R0–R1 and Lane E until critical interfaces, the manufacturing profile, acceptance criteria, and verification evidence exist.",business/02-portfolio/research-idea-priority.csv,2026-09-04,1.3
SKU-037,C1–C2 · R0–R1 · K1 · Lane E · LOW_UNKNOWN,C1–C2,R0–R1,K1,E,B,LOW_UNKNOWN,CONCEPT_ONLY,PRELIMINARY IDEA ESTIMATE — NOT RELEASE APPROVAL,1,2,1,"C band from creation/validation planning effort (1/2); K band from the research-risk proxy (1/5); R0–R1 and Lane E until critical interfaces, the manufacturing profile, acceptance criteria, and verification evidence exist.",business/02-portfolio/research-idea-priority.csv,2026-09-04,1.3
SKU-038,C1–C2 · R0–R1 · K1–K2 · Lane E · LOW_UNKNOWN,C1–C2,R0–R1,K1–K2,E,C,LOW_UNKNOWN,CONCEPT_ONLY,PRELIMINARY IDEA ESTIMATE — NOT RELEASE APPROVAL,1,2,2,"C band from creation/validation planning effort (1/2); K band from the research-risk proxy (2/5); R0–R1 and Lane E until critical interfaces, the manufacturing profile, acceptance criteria, and verification evidence exist.",business/02-portfolio/research-idea-priority.csv,2026-09-04,1.3
SKU-039,C2–C3 · R0–R1 · K1–K2 · Lane E · LOW_UNKNOWN,C2–C3,R0–R1,K1–K2,E,C,LOW_UNKNOWN,CONCEPT_ONLY,PRELIMINARY IDEA ESTIMATE — NOT RELEASE APPROVAL,2,3,2,"C band from creation/validation planning effort (2/3); K band from the research-risk proxy (2/5); R0–R1 and Lane E until critical interfaces, the manufacturing profile, acceptance criteria, and verification evidence exist.",business/02-portfolio/research-idea-priority.csv,2026-09-04,1.3
SKU-040,C2 · R0–R1 · K1–K2 · Lane E · LOW_UNKNOWN,C2,R0–R1,K1–K2,E,C,LOW_UNKNOWN,CONCEPT_ONLY,PRELIMINARY IDEA ESTIMATE — NOT RELEASE APPROVAL,2,2,2,"C band from creation/validation planning effort (2/2); K band from the research-risk proxy (2/5); R0–R1 and Lane E until critical interfaces, the manufacturing profile, acceptance criteria, and verification evidence exist.",business/02-portfolio/research-idea-priority.csv,2026-09-04,1.3
SKU-041,C3–C4 · R0–R1 · K1–K2 · Lane E · LOW_UNKNOWN,C3–C4,R0–R1,K1–K2,E,D,LOW_UNKNOWN,CONCEPT_ONLY,PRELIMINARY IDEA ESTIMATE — NOT RELEASE APPROVAL,2,4,2,"C band from creation/validation planning effort (2/4); K band from the research-risk proxy (2/5); R0–R1 and Lane E until critical interfaces, the manufacturing profile, acceptance criteria, and verification evidence exist.",business/02-portfolio/research-idea-priority.csv,2026-09-04,1.3
SKU-042,C2 · R0–R1 · K1–K2 · Lane E · LOW_UNKNOWN,C2,R0–R1,K1–K2,E,C,LOW_UNKNOWN,CONCEPT_ONLY,PRELIMINARY IDEA ESTIMATE — NOT RELEASE APPROVAL,2,2,2,"C band from creation/validation planning effort (2/2); K band from the research-risk proxy (2/5); R0–R1 and Lane E until critical interfaces, the manufacturing profile, acceptance criteria, and verification evidence exist.",business/02-portfolio/research-idea-priority.csv,2026-09-04,1.3
SKU-043,C2–C3 · R0–R1 · K2 · Lane E · LOW_UNKNOWN,C2–C3,R0–R1,K2,E,C,LOW_UNKNOWN,CONCEPT_ONLY,PRELIMINARY IDEA ESTIMATE — NOT RELEASE APPROVAL,2,3,3,"C band from creation/validation planning effort (2/3); K band from the research-risk proxy (3/5); R0–R1 and Lane E until critical interfaces, the manufacturing profile, acceptance criteria, and verification evidence exist.",business/02-portfolio/research-idea-priority.csv,2026-09-04,1.3
SKU-044,C2–C3 · R0–R1 · K1–K2 · Lane E · LOW_UNKNOWN,C2–C3,R0–R1,K1–K2,E,C,LOW_UNKNOWN,CONCEPT_ONLY,PRELIMINARY IDEA ESTIMATE — NOT RELEASE APPROVAL,2,3,2,"C band from creation/validation planning effort (2/3); K band from the research-risk proxy (2/5); R0–R1 and Lane E until critical interfaces, the manufacturing profile, acceptance criteria, and verification evidence exist.",business/02-portfolio/research-idea-priority.csv,2026-09-04,1.3
SKU-045,C2 · R0–R1 · K1–K2 · Lane E · LOW_UNKNOWN,C2,R0–R1,K1–K2,E,C,LOW_UNKNOWN,CONCEPT_ONLY,PRELIMINARY IDEA ESTIMATE — NOT RELEASE APPROVAL,2,2,2,"C band from creation/validation planning effort (2/2); K band from the research-risk proxy (2/5); R0–R1 and Lane E until critical interfaces, the manufacturing profile, acceptance criteria, and verification evidence exist.",business/02-portfolio/research-idea-priority.csv,2026-09-04,1.3
SKU-046,C2 · R0–R1 · K1–K2 · Lane E · LOW_UNKNOWN,C2,R0–R1,K1–K2,E,C,LOW_UNKNOWN,CONCEPT_ONLY,PRELIMINARY IDEA ESTIMATE — NOT RELEASE APPROVAL,2,2,2,"C band from creation/validation planning effort (2/2); K band from the research-risk proxy (2/5); R0–R1 and Lane E until critical interfaces, the manufacturing profile, acceptance criteria, and verification evidence exist.",business/02-portfolio/research-idea-priority.csv,2026-09-04,1.3
SKU-047,C2 · R2 · K1 · Lane E · LOW_UNKNOWN,C2,R2,K1,E,B,LOW_UNKNOWN,HOLD,LINKED CURRENT PRODUCT PREFLIGHT — NOT RELEASE APPROVAL,2,2,2,Mapped to MM-ORG-035; exact current scorecard from the linked product preflight.,products/organization-storage/mm-org-035-stamp-and-ink-pad-desk-organizer/preflight/preflight-result.json,2026-09-04,1.3
SKU-048,C3–C4 · R0–R1 · K1–K2 · Lane E · LOW_UNKNOWN,C3–C4,R0–R1,K1–K2,E,D,LOW_UNKNOWN,CONCEPT_ONLY,PRELIMINARY IDEA ESTIMATE — NOT RELEASE APPROVAL,3,4,2,"C band from creation/validation planning effort (3/4); K band from the research-risk proxy (2/5); R0–R1 and Lane E until critical interfaces, the manufacturing profile, acceptance criteria, and verification evidence exist.",business/02-portfolio/research-idea-priority.csv,2026-09-04,1.3
SKU-049,C3 · R0–R1 · K2 · Lane E · LOW_UNKNOWN,C3,R0–R1,K2,E,C,LOW_UNKNOWN,CONCEPT_ONLY,PRELIMINARY IDEA ESTIMATE — NOT RELEASE APPROVAL,3,3,3,"C band from creation/validation planning effort (3/3); K band from the research-risk proxy (3/5); R0–R1 and Lane E until critical interfaces, the manufacturing profile, acceptance criteria, and verification evidence exist.",business/02-portfolio/research-idea-priority.csv,2026-09-04,1.3
SKU-050,C2 · R0–R1 · K1–K2 · Lane E · LOW_UNKNOWN,C2,R0–R1,K1–K2,E,C,LOW_UNKNOWN,CONCEPT_ONLY,PRELIMINARY IDEA ESTIMATE — NOT RELEASE APPROVAL,2,2,2,"C band from creation/validation planning effort (2/2); K band from the research-risk proxy (2/5); R0–R1 and Lane E until critical interfaces, the manufacturing profile, acceptance criteria, and verification evidence exist.",business/02-portfolio/research-idea-priority.csv,2026-09-04,1.3
SKU-051,C2–C3 · R0–R1 · K2 · Lane E · LOW_UNKNOWN,C2–C3,R0–R1,K2,E,C,LOW_UNKNOWN,CONCEPT_ONLY,PRELIMINARY IDEA ESTIMATE — NOT RELEASE APPROVAL,2,3,3,"C band from creation/validation planning effort (2/3); K band from the research-risk proxy (3/5); R0–R1 and Lane E until critical interfaces, the manufacturing profile, acceptance criteria, and verification evidence exist.",business/02-portfolio/research-idea-priority.csv,2026-09-04,1.3
SKU-052,C2 · R0–R1 · K1–K2 · Lane E · LOW_UNKNOWN,C2,R0–R1,K1–K2,E,C,LOW_UNKNOWN,CONCEPT_ONLY,PRELIMINARY IDEA ESTIMATE — NOT RELEASE APPROVAL,2,2,2,"C band from creation/validation planning effort (2/2); K band from the research-risk proxy (2/5); R0–R1 and Lane E until critical interfaces, the manufacturing profile, acceptance criteria, and verification evidence exist.",business/02-portfolio/research-idea-priority.csv,2026-09-04,1.3
SKU-053,C3 · R2 · K1 · Lane E · LOW_UNKNOWN,C3,R2,K1,E,C,LOW_UNKNOWN,HOLD,LINKED CURRENT PRODUCT PREFLIGHT — NOT RELEASE APPROVAL,1,2,2,Mapped to MM-ORG-023; exact current scorecard from the linked product preflight.,products/organization-storage/mm-org-023-page-holder-thumb-tool/preflight/preflight-result.json,2026-09-04,1.3
SKU-054,C3 · R0–R1 · K2 · Lane E · LOW_UNKNOWN,C3,R0–R1,K2,E,C,LOW_UNKNOWN,CONCEPT_ONLY,PRELIMINARY IDEA ESTIMATE — NOT RELEASE APPROVAL,3,3,3,"C band from creation/validation planning effort (3/3); K band from the research-risk proxy (3/5); R0–R1 and Lane E until critical interfaces, the manufacturing profile, acceptance criteria, and verification evidence exist.",business/02-portfolio/research-idea-priority.csv,2026-09-04,1.3
SKU-055,C3–C4 · R0–R1 · K2 · Lane E · LOW_UNKNOWN,C3–C4,R0–R1,K2,E,D,LOW_UNKNOWN,CONCEPT_ONLY,PRELIMINARY IDEA ESTIMATE — NOT RELEASE APPROVAL,3,5,3,"C band from creation/validation planning effort (3/5); K band from the research-risk proxy (3/5); R0–R1 and Lane E until critical interfaces, the manufacturing profile, acceptance criteria, and verification evidence exist.",business/02-portfolio/research-idea-priority.csv,2026-09-04,1.3
SKU-056,C2–C3 · R0–R1 · K1–K2 · Lane E · LOW_UNKNOWN,C2–C3,R0–R1,K1–K2,E,C,LOW_UNKNOWN,CONCEPT_ONLY,PRELIMINARY IDEA ESTIMATE — NOT RELEASE APPROVAL,2,3,2,"C band from creation/validation planning effort (2/3); K band from the research-risk proxy (2/5); R0–R1 and Lane E until critical interfaces, the manufacturing profile, acceptance criteria, and verification evidence exist.",business/02-portfolio/research-idea-priority.csv,2026-09-04,1.3
SKU-057,C2–C3 · R0–R1 · K2 · Lane E · LOW_UNKNOWN,C2–C3,R0–R1,K2,E,C,LOW_UNKNOWN,CONCEPT_ONLY,PRELIMINARY IDEA ESTIMATE — NOT RELEASE APPROVAL,2,3,3,"C band from creation/validation planning effort (2/3); K band from the research-risk proxy (3/5); R0–R1 and Lane E until critical interfaces, the manufacturing profile, acceptance criteria, and verification evidence exist.",business/02-portfolio/research-idea-priority.csv,2026-09-04,1.3
SKU-058,C3–C4 · R0–R1 · K1–K2 · Lane E · LOW_UNKNOWN,C3–C4,R0–R1,K1–K2,E,D,LOW_UNKNOWN,CONCEPT_ONLY,PRELIMINARY IDEA ESTIMATE — NOT RELEASE APPROVAL,3,4,2,"C band from creation/validation planning effort (3/4); K band from the research-risk proxy (2/5); R0–R1 and Lane E until critical interfaces, the manufacturing profile, acceptance criteria, and verification evidence exist.",business/02-portfolio/research-idea-priority.csv,2026-09-04,1.3
SKU-059,C3–C4 · R0–R1 · K1–K2 · Lane E · LOW_UNKNOWN,C3–C4,R0–R1,K1–K2,E,D,LOW_UNKNOWN,CONCEPT_ONLY,PRELIMINARY IDEA ESTIMATE — NOT RELEASE APPROVAL,3,4,2,"C band from creation/validation planning effort (3/4); K band from the research-risk proxy (2/5); R0–R1 and Lane E until critical interfaces, the manufacturing profile, acceptance criteria, and verification evidence exist.",business/02-portfolio/research-idea-priority.csv,2026-09-04,1.3
SKU-060,C3–C4 · R0–R1 · K1–K2 · Lane E · LOW_UNKNOWN,C3–C4,R0–R1,K1–K2,E,D,LOW_UNKNOWN,CONCEPT_ONLY,PRELIMINARY IDEA ESTIMATE — NOT RELEASE APPROVAL,4,4,2,"C band from creation/validation planning effort (4/4); K band from the research-risk proxy (2/5); R0–R1 and Lane E until critical interfaces, the manufacturing profile, acceptance criteria, and verification evidence exist.",business/02-portfolio/research-idea-priority.csv,2026-09-04,1.3
SKU-061,C3 · R0–R1 · K1–K2 · Lane E · LOW_UNKNOWN,C3,R0–R1,K1–K2,E,C,LOW_UNKNOWN,CONCEPT_ONLY,PRELIMINARY IDEA ESTIMATE — NOT RELEASE APPROVAL,3,3,2,"C band from creation/validation planning effort (3/3); K band from the research-risk proxy (2/5); R0–R1 and Lane E until critical interfaces, the manufacturing profile, acceptance criteria, and verification evidence exist.",business/02-portfolio/research-idea-priority.csv,2026-09-04,1.3
SKU-062,C3 · R0–R1 · K1–K2 · Lane E · LOW_UNKNOWN,C3,R0–R1,K1–K2,E,C,LOW_UNKNOWN,CONCEPT_ONLY,PRELIMINARY IDEA ESTIMATE — NOT RELEASE APPROVAL,3,3,2,"C band from creation/validation planning effort (3/3); K band from the research-risk proxy (2/5); R0–R1 and Lane E until critical interfaces, the manufacturing profile, acceptance criteria, and verification evidence exist.",business/02-portfolio/research-idea-priority.csv,2026-09-04,1.3
SKU-063,C3 · R0–R1 · K2 · Lane E · LOW_UNKNOWN,C3,R0–R1,K2,E,C,LOW_UNKNOWN,CONCEPT_ONLY,PRELIMINARY IDEA ESTIMATE — NOT RELEASE APPROVAL,3,3,3,"C band from creation/validation planning effort (3/3); K band from the research-risk proxy (3/5); R0–R1 and Lane E until critical interfaces, the manufacturing profile, acceptance criteria, and verification evidence exist.",business/02-portfolio/research-idea-priority.csv,2026-09-04,1.3
SKU-064,C3 · R0–R1 · K2 · Lane E · LOW_UNKNOWN,C3,R0–R1,K2,E,C,LOW_UNKNOWN,CONCEPT_ONLY,PRELIMINARY IDEA ESTIMATE — NOT RELEASE APPROVAL,3,3,3,"C band from creation/validation planning effort (3/3); K band from the research-risk proxy (3/5); R0–R1 and Lane E until critical interfaces, the manufacturing profile, acceptance criteria, and verification evidence exist.",business/02-portfolio/research-idea-priority.csv,2026-09-04,1.3
SKU-065,C3–C4 · R0–R1 · K2 · Lane E · LOW_UNKNOWN,C3–C4,R0–R1,K2,E,D,LOW_UNKNOWN,CONCEPT_ONLY,PRELIMINARY IDEA ESTIMATE — NOT RELEASE APPROVAL,3,4,3,"C band from creation/validation planning effort (3/4); K band from the research-risk proxy (3/5); R0–R1 and Lane E until critical interfaces, the manufacturing profile, acceptance criteria, and verification evidence exist.",business/02-portfolio/research-idea-priority.csv,2026-09-04,1.3
SKU-066,C2–C3 · R0–R1 · K2 · Lane E · LOW_UNKNOWN,C2–C3,R0–R1,K2,E,C,LOW_UNKNOWN,CONCEPT_ONLY,PRELIMINARY IDEA ESTIMATE — NOT RELEASE APPROVAL,2,3,3,"C band from creation/validation planning effort (2/3); K band from the research-risk proxy (3/5); R0–R1 and Lane E until critical interfaces, the manufacturing profile, acceptance criteria, and verification evidence exist.",business/02-portfolio/research-idea-priority.csv,2026-09-04,1.3
SKU-067,C2–C3 · R0–R1 · K2 · Lane E · LOW_UNKNOWN,C2–C3,R0–R1,K2,E,C,LOW_UNKNOWN,CONCEPT_ONLY,PRELIMINARY IDEA ESTIMATE — NOT RELEASE APPROVAL,2,3,3,"C band from creation/validation planning effort (2/3); K band from the research-risk proxy (3/5); R0–R1 and Lane E until critical interfaces, the manufacturing profile, acceptance criteria, and verification evidence exist.",business/02-portfolio/research-idea-priority.csv,2026-09-04,1.3
SKU-068,C2–C3 · R0–R1 · K2 · Lane E · LOW_UNKNOWN,C2–C3,R0–R1,K2,E,C,LOW_UNKNOWN,CONCEPT_ONLY,PRELIMINARY IDEA ESTIMATE — NOT RELEASE APPROVAL,2,3,3,"C band from creation/validation planning effort (2/3); K band from the research-risk proxy (3/5); R0–R1 and Lane E until critical interfaces, the manufacturing profile, acceptance criteria, and verification evidence exist.",business/02-portfolio/research-idea-priority.csv,2026-09-04,1.3
SKU-069,C3 · R0–R1 · K2 · Lane E · LOW_UNKNOWN,C3,R0–R1,K2,E,C,LOW_UNKNOWN,CONCEPT_ONLY,PRELIMINARY IDEA ESTIMATE — NOT RELEASE APPROVAL,3,3,3,"C band from creation/validation planning effort (3/3); K band from the research-risk proxy (3/5); R0–R1 and Lane E until critical interfaces, the manufacturing profile, acceptance criteria, and verification evidence exist.",business/02-portfolio/research-idea-priority.csv,2026-09-04,1.3
SKU-070,C3 · R0–R1 · K2 · Lane E · LOW_UNKNOWN,C3,R0–R1,K2,E,C,LOW_UNKNOWN,CONCEPT_ONLY,PRELIMINARY IDEA ESTIMATE — NOT RELEASE APPROVAL,3,3,3,"C band from creation/validation planning effort (3/3); K band from the research-risk proxy (3/5); R0–R1 and Lane E until critical interfaces, the manufacturing profile, acceptance criteria, and verification evidence exist.",business/02-portfolio/research-idea-priority.csv,2026-09-04,1.3
SKU-071,C3–C4 · R0–R1 · K2 · Lane E · LOW_UNKNOWN,C3–C4,R0–R1,K2,E,D,LOW_UNKNOWN,CONCEPT_ONLY,PRELIMINARY IDEA ESTIMATE — NOT RELEASE APPROVAL,3,4,3,"C band from creation/validation planning effort (3/4); K band from the research-risk proxy (3/5); R0–R1 and Lane E until critical interfaces, the manufacturing profile, acceptance criteria, and verification evidence exist.",business/02-portfolio/research-idea-priority.csv,2026-09-04,1.3
SKU-072,C3 · R0–R1 · K2 · Lane E · LOW_UNKNOWN,C3,R0–R1,K2,E,C,LOW_UNKNOWN,CONCEPT_ONLY,PRELIMINARY IDEA ESTIMATE — NOT RELEASE APPROVAL,3,3,3,"C band from creation/validation planning effort (3/3); K band from the research-risk proxy (3/5); R0–R1 and Lane E until critical interfaces, the manufacturing profile, acceptance criteria, and verification evidence exist.",business/02-portfolio/research-idea-priority.csv,2026-09-04,1.3
SKU-073,C3–C4 · R0–R1 · K2 · Lane E · LOW_UNKNOWN,C3–C4,R0–R1,K2,E,D,LOW_UNKNOWN,CONCEPT_ONLY,PRELIMINARY IDEA ESTIMATE — NOT RELEASE APPROVAL,3,4,3,"C band from creation/validation planning effort (3/4); K band from the research-risk proxy (3/5); R0–R1 and Lane E until critical interfaces, the manufacturing profile, acceptance criteria, and verification evidence exist.",business/02-portfolio/research-idea-priority.csv,2026-09-04,1.3
SKU-074,C3–C4 · R0–R1 · K2 · Lane E · LOW_UNKNOWN,C3–C4,R0–R1,K2,E,D,LOW_UNKNOWN,CONCEPT_ONLY,PRELIMINARY IDEA ESTIMATE — NOT RELEASE APPROVAL,3,5,3,"C band from creation/validation planning effort (3/5); K band from the research-risk proxy (3/5); R0–R1 and Lane E until critical interfaces, the manufacturing profile, acceptance criteria, and verification evidence exist.",business/02-portfolio/research-idea-priority.csv,2026-09-04,1.3
SKU-075,C3 · R0–R1 · K2 · Lane E · LOW_UNKNOWN,C3,R0–R1,K2,E,C,LOW_UNKNOWN,CONCEPT_ONLY,PRELIMINARY IDEA ESTIMATE — NOT RELEASE APPROVAL,3,3,3,"C band from creation/validation planning effort (3/3); K band from the research-risk proxy (3/5); R0–R1 and Lane E until critical interfaces, the manufacturing profile, acceptance criteria, and verification evidence exist.",business/02-portfolio/research-idea-priority.csv,2026-09-04,1.3
SKU-076,C3 · R0–R1 · K2 · Lane E · LOW_UNKNOWN,C3,R0–R1,K2,E,C,LOW_UNKNOWN,CONCEPT_ONLY,PRELIMINARY IDEA ESTIMATE — NOT RELEASE APPROVAL,3,3,3,"C band from creation/validation planning effort (3/3); K band from the research-risk proxy (3/5); R0–R1 and Lane E until critical interfaces, the manufacturing profile, acceptance criteria, and verification evidence exist.",business/02-portfolio/research-idea-priority.csv,2026-09-04,1.3
SKU-077,C3–C4 · R0–R1 · K2 · Lane E · LOW_UNKNOWN,C3–C4,R0–R1,K2,E,D,LOW_UNKNOWN,CONCEPT_ONLY,PRELIMINARY IDEA ESTIMATE — NOT RELEASE APPROVAL,3,4,3,"C band from creation/validation planning effort (3/4); K band from the research-risk proxy (3/5); R0–R1 and Lane E until critical interfaces, the manufacturing profile, acceptance criteria, and verification evidence exist.",business/02-portfolio/research-idea-priority.csv,2026-09-04,1.3
SKU-078,C3–C4 · R0–R1 · K2 · Lane E · LOW_UNKNOWN,C3–C4,R0–R1,K2,E,D,LOW_UNKNOWN,CONCEPT_ONLY,PRELIMINARY IDEA ESTIMATE — NOT RELEASE APPROVAL,3,5,3,"C band from creation/validation planning effort (3/5); K band from the research-risk proxy (3/5); R0–R1 and Lane E until critical interfaces, the manufacturing profile, acceptance criteria, and verification evidence exist.",business/02-portfolio/research-idea-priority.csv,2026-09-04,1.3
SKU-079,C3–C4 · R0–R1 · K2 · Lane E · LOW_UNKNOWN,C3–C4,R0–R1,K2,E,D,LOW_UNKNOWN,CONCEPT_ONLY,PRELIMINARY IDEA ESTIMATE — NOT RELEASE APPROVAL,3,4,3,"C band from creation/validation planning effort (3/4); K band from the research-risk proxy (3/5); R0–R1 and Lane E until critical interfaces, the manufacturing profile, acceptance criteria, and verification evidence exist.",business/02-portfolio/research-idea-priority.csv,2026-09-04,1.3
SKU-080,C3–C4 · R0–R1 · K2–K3 · Lane E · LOW_UNKNOWN,C3–C4,R0–R1,K2–K3,E,D,LOW_UNKNOWN,CONCEPT_ONLY,PRELIMINARY IDEA ESTIMATE — NOT RELEASE APPROVAL,3,4,4,"C band from creation/validation planning effort (3/4); K band from the research-risk proxy (4/5); R0–R1 and Lane E until critical interfaces, the manufacturing profile, acceptance criteria, and verification evidence exist.",business/02-portfolio/research-idea-priority.csv,2026-09-04,1.3
SKU-081,C3–C4 · R0–R1 · K2–K3 · Lane E · LOW_UNKNOWN,C3–C4,R0–R1,K2–K3,E,D,LOW_UNKNOWN,CONCEPT_ONLY,PRELIMINARY IDEA ESTIMATE — NOT RELEASE APPROVAL,3,4,4,"C band from creation/validation planning effort (3/4); K band from the research-risk proxy (4/5); R0–R1 and Lane E until critical interfaces, the manufacturing profile, acceptance criteria, and verification evidence exist.",business/02-portfolio/research-idea-priority.csv,2026-09-04,1.3
SKU-082,C3–C4 · R0–R1 · K2–K3 · Lane E · LOW_UNKNOWN,C3–C4,R0–R1,K2–K3,E,D,LOW_UNKNOWN,CONCEPT_ONLY,PRELIMINARY IDEA ESTIMATE — NOT RELEASE APPROVAL,3,5,4,"C band from creation/validation planning effort (3/5); K band from the research-risk proxy (4/5); R0–R1 and Lane E until critical interfaces, the manufacturing profile, acceptance criteria, and verification evidence exist.",business/02-portfolio/research-idea-priority.csv,2026-09-04,1.3
SKU-083,C3–C4 · R0–R1 · K2–K3 · Lane E · LOW_UNKNOWN,C3–C4,R0–R1,K2–K3,E,D,LOW_UNKNOWN,CONCEPT_ONLY,PRELIMINARY IDEA ESTIMATE — NOT RELEASE APPROVAL,3,4,4,"C band from creation/validation planning effort (3/4); K band from the research-risk proxy (4/5); R0–R1 and Lane E until critical interfaces, the manufacturing profile, acceptance criteria, and verification evidence exist.",business/02-portfolio/research-idea-priority.csv,2026-09-04,1.3
SKU-084,C4–C5 · R0–R1 · K2 · Lane E · LOW_UNKNOWN,C4–C5,R0–R1,K2,E,D,LOW_UNKNOWN,CONCEPT_ONLY,PRELIMINARY IDEA ESTIMATE — NOT RELEASE APPROVAL,4,5,3,"C band from creation/validation planning effort (4/5); K band from the research-risk proxy (3/5); R0–R1 and Lane E until critical interfaces, the manufacturing profile, acceptance criteria, and verification evidence exist.",business/02-portfolio/research-idea-priority.csv,2026-09-04,1.3
SKU-085,C3–C4 · R0–R1 · K2 · Lane E · LOW_UNKNOWN,C3–C4,R0–R1,K2,E,D,LOW_UNKNOWN,CONCEPT_ONLY,PRELIMINARY IDEA ESTIMATE — NOT RELEASE APPROVAL,4,4,3,"C band from creation/validation planning effort (4/4); K band from the research-risk proxy (3/5); R0–R1 and Lane E until critical interfaces, the manufacturing profile, acceptance criteria, and verification evidence exist.",business/02-portfolio/research-idea-priority.csv,2026-09-04,1.3
SKU-086,C3–C4 · R0–R1 · K2–K3 · Lane E · LOW_UNKNOWN,C3–C4,R0–R1,K2–K3,E,D,LOW_UNKNOWN,CONCEPT_ONLY,PRELIMINARY IDEA ESTIMATE — NOT RELEASE APPROVAL,3,5,4,"C band from creation/validation planning effort (3/5); K band from the research-risk proxy (4/5); R0–R1 and Lane E until critical interfaces, the manufacturing profile, acceptance criteria, and verification evidence exist.",business/02-portfolio/research-idea-priority.csv,2026-09-04,1.3
SKU-087,C4–C5 · R0–R1 · K2 · Lane E · LOW_UNKNOWN,C4–C5,R0–R1,K2,E,D,LOW_UNKNOWN,CONCEPT_ONLY,PRELIMINARY IDEA ESTIMATE — NOT RELEASE APPROVAL,4,5,3,"C band from creation/validation planning effort (4/5); K band from the research-risk proxy (3/5); R0–R1 and Lane E until critical interfaces, the manufacturing profile, acceptance criteria, and verification evidence exist.",business/02-portfolio/research-idea-priority.csv,2026-09-04,1.3
SKU-088,C3–C4 · R0–R1 · K2–K3 · Lane E · LOW_UNKNOWN,C3–C4,R0–R1,K2–K3,E,D,LOW_UNKNOWN,CONCEPT_ONLY,PRELIMINARY IDEA ESTIMATE — NOT RELEASE APPROVAL,3,5,4,"C band from creation/validation planning effort (3/5); K band from the research-risk proxy (4/5); R0–R1 and Lane E until critical interfaces, the manufacturing profile, acceptance criteria, and verification evidence exist.",business/02-portfolio/research-idea-priority.csv,2026-09-04,1.3
SKU-089,C3–C4 · R0–R1 · K2–K3 · Lane E · LOW_UNKNOWN,C3–C4,R0–R1,K2–K3,E,D,LOW_UNKNOWN,CONCEPT_ONLY,PRELIMINARY IDEA ESTIMATE — NOT RELEASE APPROVAL,3,5,4,"C band from creation/validation planning effort (3/5); K band from the research-risk proxy (4/5); R0–R1 and Lane E until critical interfaces, the manufacturing profile, acceptance criteria, and verification evidence exist.",business/02-portfolio/research-idea-priority.csv,2026-09-04,1.3
SKU-090,C3–C4 · R0–R1 · K2–K3 · Lane E · LOW_UNKNOWN,C3–C4,R0–R1,K2–K3,E,D,LOW_UNKNOWN,CONCEPT_ONLY,PRELIMINARY IDEA ESTIMATE — NOT RELEASE APPROVAL,3,4,4,"C band from creation/validation planning effort (3/4); K band from the research-risk proxy (4/5); R0–R1 and Lane E until critical interfaces, the manufacturing profile, acceptance criteria, and verification evidence exist.",business/02-portfolio/research-idea-priority.csv,2026-09-04,1.3
SKU-091,C4–C5 · R0–R1 · K2 · Lane E · LOW_UNKNOWN,C4–C5,R0–R1,K2,E,D,LOW_UNKNOWN,CONCEPT_ONLY,PRELIMINARY IDEA ESTIMATE — NOT RELEASE APPROVAL,4,5,3,"C band from creation/validation planning effort (4/5); K band from the research-risk proxy (3/5); R0–R1 and Lane E until critical interfaces, the manufacturing profile, acceptance criteria, and verification evidence exist.",business/02-portfolio/research-idea-priority.csv,2026-09-04,1.3
SKU-092,C3–C4 · R0–R1 · K2–K3 · Lane E · LOW_UNKNOWN,C3–C4,R0–R1,K2–K3,E,D,LOW_UNKNOWN,CONCEPT_ONLY,PRELIMINARY IDEA ESTIMATE — NOT RELEASE APPROVAL,3,4,4,"C band from creation/validation planning effort (3/4); K band from the research-risk proxy (4/5); R0–R1 and Lane E until critical interfaces, the manufacturing profile, acceptance criteria, and verification evidence exist.",business/02-portfolio/research-idea-priority.csv,2026-09-04,1.3
SKU-093,C3–C4 · R0–R1 · K2–K3 · Lane E · LOW_UNKNOWN,C3–C4,R0–R1,K2–K3,E,D,LOW_UNKNOWN,CONCEPT_ONLY,PRELIMINARY IDEA ESTIMATE — NOT RELEASE APPROVAL,3,4,4,"C band from creation/validation planning effort (3/4); K band from the research-risk proxy (4/5); R0–R1 and Lane E until critical interfaces, the manufacturing profile, acceptance criteria, and verification evidence exist.",business/02-portfolio/research-idea-priority.csv,2026-09-04,1.3
SKU-094,C4–C5 · R0–R1 · K2–K3 · Lane E · LOW_UNKNOWN,C4–C5,R0–R1,K2–K3,E,D,LOW_UNKNOWN,CONCEPT_ONLY,PRELIMINARY IDEA ESTIMATE — NOT RELEASE APPROVAL,4,5,4,"C band from creation/validation planning effort (4/5); K band from the research-risk proxy (4/5); R0–R1 and Lane E until critical interfaces, the manufacturing profile, acceptance criteria, and verification evidence exist.",business/02-portfolio/research-idea-priority.csv,2026-09-04,1.3
SKU-095,C4–C5 · R0–R1 · K2–K3 · Lane E · LOW_UNKNOWN,C4–C5,R0–R1,K2–K3,E,D,LOW_UNKNOWN,CONCEPT_ONLY,PRELIMINARY IDEA ESTIMATE — NOT RELEASE APPROVAL,4,5,4,"C band from creation/validation planning effort (4/5); K band from the research-risk proxy (4/5); R0–R1 and Lane E until critical interfaces, the manufacturing profile, acceptance criteria, and verification evidence exist.",business/02-portfolio/research-idea-priority.csv,2026-09-04,1.3
SKU-096,C4–C5 · R0–R1 · K3 · Lane E · NOT_AUTONOMOUSLY_RELEASABLE,C4–C5,R0–R1,K3,E,D,NOT_AUTONOMOUSLY_RELEASABLE,CONCEPT_ONLY,PRELIMINARY IDEA ESTIMATE — NOT RELEASE APPROVAL,4,5,5,"C band from creation/validation planning effort (4/5); K band from the research-risk proxy (5/5); R0–R1 and Lane E until critical interfaces, the manufacturing profile, acceptance criteria, and verification evidence exist.",business/02-portfolio/research-idea-priority.csv,2026-09-04,1.3
SKU-097,C4–C5 · R0–R1 · K3 · Lane E · NOT_AUTONOMOUSLY_RELEASABLE,C4–C5,R0–R1,K3,E,D,NOT_AUTONOMOUSLY_RELEASABLE,CONCEPT_ONLY,PRELIMINARY IDEA ESTIMATE — NOT RELEASE APPROVAL,4,5,5,"C band from creation/validation planning effort (4/5); K band from the research-risk proxy (5/5); R0–R1 and Lane E until critical interfaces, the manufacturing profile, acceptance criteria, and verification evidence exist.",business/02-portfolio/research-idea-priority.csv,2026-09-04,1.3
SKU-098,C4–C5 · R0–R1 · K2–K3 · Lane E · LOW_UNKNOWN,C4–C5,R0–R1,K2–K3,E,D,LOW_UNKNOWN,CONCEPT_ONLY,PRELIMINARY IDEA ESTIMATE — NOT RELEASE APPROVAL,4,5,4,"C band from creation/validation planning effort (4/5); K band from the research-risk proxy (4/5); R0–R1 and Lane E until critical interfaces, the manufacturing profile, acceptance criteria, and verification evidence exist.",business/02-portfolio/research-idea-priority.csv,2026-09-04,1.3
SKU-099,C4–C5 · R0–R1 · K3 · Lane E · NOT_AUTONOMOUSLY_RELEASABLE,C4–C5,R0–R1,K3,E,D,NOT_AUTONOMOUSLY_RELEASABLE,CONCEPT_ONLY,PRELIMINARY IDEA ESTIMATE — NOT RELEASE APPROVAL,4,5,5,"C band from creation/validation planning effort (4/5); K band from the research-risk proxy (5/5); R0–R1 and Lane E until critical interfaces, the manufacturing profile, acceptance criteria, and verification evidence exist.",business/02-portfolio/research-idea-priority.csv,2026-09-04,1.3
SKU-100,C5 · R0–R1 · K3 · Lane E · NOT_AUTONOMOUSLY_RELEASABLE,C5,R0–R1,K3,E,D,NOT_AUTONOMOUSLY_RELEASABLE,CONCEPT_ONLY,PRELIMINARY IDEA ESTIMATE — NOT RELEASE APPROVAL,5,5,5,"C band from creation/validation planning effort (5/5); K band from the research-risk proxy (5/5); R0–R1 and Lane E until critical interfaces, the manufacturing profile, acceptance criteria, and verification evidence exist.",business/02-portfolio/research-idea-priority.csv,2026-09-04,1.3
SKU-101,C2 · R2 · K1 · Lane E · LOW_UNKNOWN,C2,R2,K1,E,B,LOW_UNKNOWN,HOLD,LINKED CURRENT PRODUCT PREFLIGHT — NOT RELEASE APPROVAL,2,3,2,Mapped to MM-ORG-030; exact current scorecard from the linked product preflight.,products/organization-storage/mm-org-030-irregular-corner-drawer-organizer-infill/preflight/preflight-result.json,2026-09-04,1.3
SKU-102,C2 · R2 · K2 · Lane E · LOW_UNKNOWN,C2,R2,K2,E,C,LOW_UNKNOWN,HOLD,LINKED CURRENT PRODUCT PREFLIGHT — NOT RELEASE APPROVAL,1,2,1,Mapped to MM-ORG-009; exact current scorecard from the linked product preflight.,products/organization-storage/mm-org-009-tapered-drawer-perimeter-filler-rail-set/preflight/preflight-result.json,2026-09-04,1.3
SKU-103,C3–C4 · R0–R1 · K2 · Lane E · LOW_UNKNOWN,C3–C4,R0–R1,K2,E,D,LOW_UNKNOWN,CONCEPT_ONLY,PRELIMINARY IDEA ESTIMATE — NOT RELEASE APPROVAL,2,4,3,"C band from creation/validation planning effort (2/4); K band from the research-risk proxy (3/5); R0–R1 and Lane E until critical interfaces, the manufacturing profile, acceptance criteria, and verification evidence exist.",business/02-portfolio/research-idea-priority.csv,2026-09-04,1.3
SKU-104,C2 · R2 · K2 · Lane E · LOW_UNKNOWN,C2,R2,K2,E,C,LOW_UNKNOWN,HOLD,LINKED CURRENT PRODUCT PREFLIGHT — NOT RELEASE APPROVAL,1,3,2,Mapped to MM-ORG-036; exact current scorecard from the linked product preflight.,products/organization-storage/mm-org-036-deep-drawer-height-riser-platform/preflight/preflight-result.json,2026-09-04,1.3
SKU-105,C2 · R2 · K1 · Lane E · LOW_UNKNOWN,C2,R2,K1,E,B,LOW_UNKNOWN,HOLD,LINKED CURRENT PRODUCT PREFLIGHT — NOT RELEASE APPROVAL,1,2,2,Mapped to MM-ORG-015; exact current scorecard from the linked product preflight.,products/organization-storage/mm-org-015-adapter-dongle-drawer-cassette/preflight/preflight-result.json,2026-09-04,1.3
SKU-106,C2–C3 · R0–R1 · K1–K2 · Lane E · LOW_UNKNOWN,C2–C3,R0–R1,K1–K2,E,C,LOW_UNKNOWN,CONCEPT_ONLY,PRELIMINARY IDEA ESTIMATE — NOT RELEASE APPROVAL,1,3,2,"C band from creation/validation planning effort (1/3); K band from the research-risk proxy (2/5); R0–R1 and Lane E until critical interfaces, the manufacturing profile, acceptance criteria, and verification evidence exist.",business/02-portfolio/research-idea-priority.csv,2026-09-04,1.3
SKU-107,C3 · R1 · K1 · Lane E · LOW_UNKNOWN,C3,R1,K1,E,C,LOW_UNKNOWN,HOLD,LINKED CURRENT PRODUCT PREFLIGHT — NOT RELEASE APPROVAL,1,3,2,Mapped to MM-ORG-037; exact current scorecard from the linked product preflight.,products/organization-storage/mm-org-037-sewing-bobbin-presser-foot-drawer-cassette/preflight/preflight-result.json,2026-09-04,1.3
SKU-108,C3–C4 · R0–R1 · K2 · Lane E · LOW_UNKNOWN,C3–C4,R0–R1,K2,E,D,LOW_UNKNOWN,CONCEPT_ONLY,PRELIMINARY IDEA ESTIMATE — NOT RELEASE APPROVAL,2,5,3,"C band from creation/validation planning effort (2/5); K band from the research-risk proxy (3/5); R0–R1 and Lane E until critical interfaces, the manufacturing profile, acceptance criteria, and verification evidence exist.",business/02-portfolio/research-idea-priority.csv,2026-09-04,1.3
SKU-109,C2 · R1 · K1 · Lane E · LOW_UNKNOWN,C2,R1,K1,E,B,LOW_UNKNOWN,HOLD,LINKED CURRENT PRODUCT PREFLIGHT — NOT RELEASE APPROVAL,1,2,2,Mapped to MM-ORG-039; exact current scorecard from the linked product preflight.,products/organization-storage/mm-org-039-coin-capsule-medal-drawer-cassette/preflight/preflight-result.json,2026-09-04,1.3
SKU-110,C3–C4 · R0–R1 · K2 · Lane E · LOW_UNKNOWN,C3–C4,R0–R1,K2,E,D,LOW_UNKNOWN,CONCEPT_ONLY,PRELIMINARY IDEA ESTIMATE — NOT RELEASE APPROVAL,1,4,3,"C band from creation/validation planning effort (1/4); K band from the research-risk proxy (3/5); R0–R1 and Lane E until critical interfaces, the manufacturing profile, acceptance criteria, and verification evidence exist.",business/02-portfolio/research-idea-priority.csv,2026-09-04,1.3
SKU-111,C2–C3 · R0–R1 · K1–K2 · Lane E · LOW_UNKNOWN,C2–C3,R0–R1,K1–K2,E,C,LOW_UNKNOWN,CONCEPT_ONLY,PRELIMINARY IDEA ESTIMATE — NOT RELEASE APPROVAL,1,3,2,"C band from creation/validation planning effort (1/3); K band from the research-risk proxy (2/5); R0–R1 and Lane E until critical interfaces, the manufacturing profile, acceptance criteria, and verification evidence exist.",business/02-portfolio/research-idea-priority.csv,2026-09-04,1.3
SKU-112,C2 · R2 · K1 · Lane E · LOW_UNKNOWN,C2,R2,K1,E,B,LOW_UNKNOWN,HOLD,LINKED CURRENT PRODUCT PREFLIGHT — NOT RELEASE APPROVAL,1,1,1,Mapped to MM-ORG-013; exact current scorecard from the linked product preflight.,products/organization-storage/mm-org-013-photo-postcard-archive-drawer-divider/preflight/preflight-result.json,2026-09-04,1.3
SKU-113,C3–C4 · R0–R1 · K2 · Lane E · LOW_UNKNOWN,C3–C4,R0–R1,K2,E,D,LOW_UNKNOWN,CONCEPT_ONLY,PRELIMINARY IDEA ESTIMATE — NOT RELEASE APPROVAL,2,4,3,"C band from creation/validation planning effort (2/4); K band from the research-risk proxy (3/5); R0–R1 and Lane E until critical interfaces, the manufacturing profile, acceptance criteria, and verification evidence exist.",business/02-portfolio/research-idea-priority.csv,2026-09-04,1.3
SKU-114,C2–C3 · R0–R1 · K1–K2 · Lane E · LOW_UNKNOWN,C2–C3,R0–R1,K1–K2,E,C,LOW_UNKNOWN,CONCEPT_ONLY,PRELIMINARY IDEA ESTIMATE — NOT RELEASE APPROVAL,1,3,2,"C band from creation/validation planning effort (1/3); K band from the research-risk proxy (2/5); R0–R1 and Lane E until critical interfaces, the manufacturing profile, acceptance criteria, and verification evidence exist.",business/02-portfolio/research-idea-priority.csv,2026-09-04,1.3
SKU-115,C2 · R2 · K1 · Lane E · LOW_UNKNOWN,C2,R2,K1,E,B,LOW_UNKNOWN,HOLD,LINKED CURRENT PRODUCT PREFLIGHT — NOT RELEASE APPROVAL,1,2,1,Mapped to MM-ORG-018; exact current scorecard from the linked product preflight.,products/organization-storage/mm-org-018-drawer-measurement-gauge-kit/preflight/preflight-result.json,2026-09-04,1.3
SKU-116,C2–C3 · R0–R1 · K1–K2 · Lane E · LOW_UNKNOWN,C2–C3,R0–R1,K1–K2,E,C,LOW_UNKNOWN,CONCEPT_ONLY,PRELIMINARY IDEA ESTIMATE — NOT RELEASE APPROVAL,1,3,2,"C band from creation/validation planning effort (1/3); K band from the research-risk proxy (2/5); R0–R1 and Lane E until critical interfaces, the manufacturing profile, acceptance criteria, and verification evidence exist.",business/02-portfolio/research-idea-priority.csv,2026-09-04,1.3
SKU-117,C2–C3 · R0–R1 · K1–K2 · Lane E · LOW_UNKNOWN,C2–C3,R0–R1,K1–K2,E,C,LOW_UNKNOWN,CONCEPT_ONLY,PRELIMINARY IDEA ESTIMATE — NOT RELEASE APPROVAL,1,3,2,"C band from creation/validation planning effort (1/3); K band from the research-risk proxy (2/5); R0–R1 and Lane E until critical interfaces, the manufacturing profile, acceptance criteria, and verification evidence exist.",business/02-portfolio/research-idea-priority.csv,2026-09-04,1.3
SKU-118,C2 · R2 · K2 · Lane E · LOW_UNKNOWN,C2,R2,K2,E,C,LOW_UNKNOWN,HOLD,LINKED CURRENT PRODUCT PREFLIGHT — NOT RELEASE APPROVAL,1,3,2,Mapped to MM-ORG-024; exact current scorecard from the linked product preflight.,products/organization-storage/mm-org-024-deep-shelf-pull-tab-bin-front/preflight/preflight-result.json,2026-09-04,1.3
SKU-119,C2–C3 · R0–R1 · K1–K2 · Lane E · LOW_UNKNOWN,C2–C3,R0–R1,K1–K2,E,C,LOW_UNKNOWN,CONCEPT_ONLY,PRELIMINARY IDEA ESTIMATE — NOT RELEASE APPROVAL,2,3,2,"C band from creation/validation planning effort (2/3); K band from the research-risk proxy (2/5); R0–R1 and Lane E until critical interfaces, the manufacturing profile, acceptance criteria, and verification evidence exist.",business/02-portfolio/research-idea-priority.csv,2026-09-04,1.3
SKU-120,C3–C4 · R0–R1 · K2 · Lane E · LOW_UNKNOWN,C3–C4,R0–R1,K2,E,D,LOW_UNKNOWN,CONCEPT_ONLY,PRELIMINARY IDEA ESTIMATE — NOT RELEASE APPROVAL,2,4,3,"C band from creation/validation planning effort (2/4); K band from the research-risk proxy (3/5); R0–R1 and Lane E until critical interfaces, the manufacturing profile, acceptance criteria, and verification evidence exist.",business/02-portfolio/research-idea-priority.csv,2026-09-04,1.3
SKU-121,C2–C3 · R0–R1 · K2 · Lane E · LOW_UNKNOWN,C2–C3,R0–R1,K2,E,C,LOW_UNKNOWN,CONCEPT_ONLY,PRELIMINARY IDEA ESTIMATE — NOT RELEASE APPROVAL,2,3,3,"C band from creation/validation planning effort (2/3); K band from the research-risk proxy (3/5); R0–R1 and Lane E until critical interfaces, the manufacturing profile, acceptance criteria, and verification evidence exist.",business/02-portfolio/research-idea-priority.csv,2026-09-04,1.3
SKU-122,C3–C4 · R0–R1 · K2 · Lane E · LOW_UNKNOWN,C3–C4,R0–R1,K2,E,D,LOW_UNKNOWN,CONCEPT_ONLY,PRELIMINARY IDEA ESTIMATE — NOT RELEASE APPROVAL,2,4,3,"C band from creation/validation planning effort (2/4); K band from the research-risk proxy (3/5); R0–R1 and Lane E until critical interfaces, the manufacturing profile, acceptance criteria, and verification evidence exist.",business/02-portfolio/research-idea-priority.csv,2026-09-04,1.3
SKU-123,C2 · R2 · K2 · Lane E · LOW_UNKNOWN,C2,R2,K2,E,C,LOW_UNKNOWN,HOLD,LINKED CURRENT PRODUCT PREFLIGHT — NOT RELEASE APPROVAL,1,2,2,Mapped to MM-ORG-031; exact current scorecard from the linked product preflight.,products/organization-storage/mm-org-031-pageharbor-shelf-side-ereader-book-dock/preflight/preflight-result.json,2026-09-04,1.3
SKU-124,C2–C3 · R0–R1 · K1–K2 · Lane E · LOW_UNKNOWN,C2–C3,R0–R1,K1–K2,E,C,LOW_UNKNOWN,CONCEPT_ONLY,PRELIMINARY IDEA ESTIMATE — NOT RELEASE APPROVAL,1,3,2,"C band from creation/validation planning effort (1/3); K band from the research-risk proxy (2/5); R0–R1 and Lane E until critical interfaces, the manufacturing profile, acceptance criteria, and verification evidence exist.",business/02-portfolio/research-idea-priority.csv,2026-09-04,1.3
SKU-125,C2 · R2 · K2 · Lane E · LOW_UNKNOWN,C2,R2,K2,E,C,LOW_UNKNOWN,HOLD,LINKED CURRENT PRODUCT PREFLIGHT — NOT RELEASE APPROVAL,1,1,1,Mapped to MM-ORG-020; exact current scorecard from the linked product preflight.,products/organization-storage/mm-org-020-belt-scarf-shelf-comb/preflight/preflight-result.json,2026-09-04,1.3
SKU-126,C1–C2 · R0–R1 · K1–K2 · Lane E · LOW_UNKNOWN,C1–C2,R0–R1,K1–K2,E,C,LOW_UNKNOWN,CONCEPT_ONLY,PRELIMINARY IDEA ESTIMATE — NOT RELEASE APPROVAL,1,2,2,"C band from creation/validation planning effort (1/2); K band from the research-risk proxy (2/5); R0–R1 and Lane E until critical interfaces, the manufacturing profile, acceptance criteria, and verification evidence exist.",business/02-portfolio/research-idea-priority.csv,2026-09-04,1.3
SKU-127,C2–C3 · R0–R1 · K1–K2 · Lane E · LOW_UNKNOWN,C2–C3,R0–R1,K1–K2,E,C,LOW_UNKNOWN,CONCEPT_ONLY,PRELIMINARY IDEA ESTIMATE — NOT RELEASE APPROVAL,1,3,2,"C band from creation/validation planning effort (1/3); K band from the research-risk proxy (2/5); R0–R1 and Lane E until critical interfaces, the manufacturing profile, acceptance criteria, and verification evidence exist.",business/02-portfolio/research-idea-priority.csv,2026-09-04,1.3
SKU-128,C2–C3 · R0–R1 · K1–K2 · Lane E · LOW_UNKNOWN,C2–C3,R0–R1,K1–K2,E,C,LOW_UNKNOWN,CONCEPT_ONLY,PRELIMINARY IDEA ESTIMATE — NOT RELEASE APPROVAL,2,3,2,"C band from creation/validation planning effort (2/3); K band from the research-risk proxy (2/5); R0–R1 and Lane E until critical interfaces, the manufacturing profile, acceptance criteria, and verification evidence exist.",business/02-portfolio/research-idea-priority.csv,2026-09-04,1.3
SKU-129,C2–C3 · R0–R1 · K1–K2 · Lane E · LOW_UNKNOWN,C2–C3,R0–R1,K1–K2,E,C,LOW_UNKNOWN,CONCEPT_ONLY,PRELIMINARY IDEA ESTIMATE — NOT RELEASE APPROVAL,1,3,2,"C band from creation/validation planning effort (1/3); K band from the research-risk proxy (2/5); R0–R1 and Lane E until critical interfaces, the manufacturing profile, acceptance criteria, and verification evidence exist.",business/02-portfolio/research-idea-priority.csv,2026-09-04,1.3
SKU-130,C2–C3 · R0–R1 · K1–K2 · Lane E · LOW_UNKNOWN,C2–C3,R0–R1,K1–K2,E,C,LOW_UNKNOWN,CONCEPT_ONLY,PRELIMINARY IDEA ESTIMATE — NOT RELEASE APPROVAL,1,3,2,"C band from creation/validation planning effort (1/3); K band from the research-risk proxy (2/5); R0–R1 and Lane E until critical interfaces, the manufacturing profile, acceptance criteria, and verification evidence exist.",business/02-portfolio/research-idea-priority.csv,2026-09-04,1.3
SKU-131,C3–C4 · R0–R1 · K2 · Lane E · LOW_UNKNOWN,C3–C4,R0–R1,K2,E,D,LOW_UNKNOWN,CONCEPT_ONLY,PRELIMINARY IDEA ESTIMATE — NOT RELEASE APPROVAL,2,4,3,"C band from creation/validation planning effort (2/4); K band from the research-risk proxy (3/5); R0–R1 and Lane E until critical interfaces, the manufacturing profile, acceptance criteria, and verification evidence exist.",business/02-portfolio/research-idea-priority.csv,2026-09-04,1.3
SKU-132,C2–C3 · R0–R1 · K2 · Lane E · LOW_UNKNOWN,C2–C3,R0–R1,K2,E,C,LOW_UNKNOWN,CONCEPT_ONLY,PRELIMINARY IDEA ESTIMATE — NOT RELEASE APPROVAL,1,3,3,"C band from creation/validation planning effort (1/3); K band from the research-risk proxy (3/5); R0–R1 and Lane E until critical interfaces, the manufacturing profile, acceptance criteria, and verification evidence exist.",business/02-portfolio/research-idea-priority.csv,2026-09-04,1.3
SKU-133,C2–C3 · R0–R1 · K2 · Lane E · LOW_UNKNOWN,C2–C3,R0–R1,K2,E,C,LOW_UNKNOWN,CONCEPT_ONLY,PRELIMINARY IDEA ESTIMATE — NOT RELEASE APPROVAL,2,3,3,"C band from creation/validation planning effort (2/3); K band from the research-risk proxy (3/5); R0–R1 and Lane E until critical interfaces, the manufacturing profile, acceptance criteria, and verification evidence exist.",business/02-portfolio/research-idea-priority.csv,2026-09-04,1.3
SKU-134,C3–C4 · R0–R1 · K2–K3 · Lane E · LOW_UNKNOWN,C3–C4,R0–R1,K2–K3,E,D,LOW_UNKNOWN,CONCEPT_ONLY,PRELIMINARY IDEA ESTIMATE — NOT RELEASE APPROVAL,2,5,4,"C band from creation/validation planning effort (2/5); K band from the research-risk proxy (4/5); R0–R1 and Lane E until critical interfaces, the manufacturing profile, acceptance criteria, and verification evidence exist.",business/02-portfolio/research-idea-priority.csv,2026-09-04,1.3
SKU-135,C3–C4 · R0–R1 · K2 · Lane E · LOW_UNKNOWN,C3–C4,R0–R1,K2,E,D,LOW_UNKNOWN,CONCEPT_ONLY,PRELIMINARY IDEA ESTIMATE — NOT RELEASE APPROVAL,1,4,3,"C band from creation/validation planning effort (1/4); K band from the research-risk proxy (3/5); R0–R1 and Lane E until critical interfaces, the manufacturing profile, acceptance criteria, and verification evidence exist.",business/02-portfolio/research-idea-priority.csv,2026-09-04,1.3
SKU-136,C3–C4 · R0–R1 · K2 · Lane E · LOW_UNKNOWN,C3–C4,R0–R1,K2,E,D,LOW_UNKNOWN,CONCEPT_ONLY,PRELIMINARY IDEA ESTIMATE — NOT RELEASE APPROVAL,2,4,3,"C band from creation/validation planning effort (2/4); K band from the research-risk proxy (3/5); R0–R1 and Lane E until critical interfaces, the manufacturing profile, acceptance criteria, and verification evidence exist.",business/02-portfolio/research-idea-priority.csv,2026-09-04,1.3
SKU-137,C3–C4 · R0–R1 · K2 · Lane E · LOW_UNKNOWN,C3–C4,R0–R1,K2,E,D,LOW_UNKNOWN,CONCEPT_ONLY,PRELIMINARY IDEA ESTIMATE — NOT RELEASE APPROVAL,2,4,3,"C band from creation/validation planning effort (2/4); K band from the research-risk proxy (3/5); R0–R1 and Lane E until critical interfaces, the manufacturing profile, acceptance criteria, and verification evidence exist.",business/02-portfolio/research-idea-priority.csv,2026-09-04,1.3
SKU-138,C3–C4 · R0–R1 · K2 · Lane E · LOW_UNKNOWN,C3–C4,R0–R1,K2,E,D,LOW_UNKNOWN,CONCEPT_ONLY,PRELIMINARY IDEA ESTIMATE — NOT RELEASE APPROVAL,2,4,3,"C band from creation/validation planning effort (2/4); K band from the research-risk proxy (3/5); R0–R1 and Lane E until critical interfaces, the manufacturing profile, acceptance criteria, and verification evidence exist.",business/02-portfolio/research-idea-priority.csv,2026-09-04,1.3
SKU-139,C3–C4 · R0–R1 · K2 · Lane E · LOW_UNKNOWN,C3–C4,R0–R1,K2,E,D,LOW_UNKNOWN,CONCEPT_ONLY,PRELIMINARY IDEA ESTIMATE — NOT RELEASE APPROVAL,1,4,3,"C band from creation/validation planning effort (1/4); K band from the research-risk proxy (3/5); R0–R1 and Lane E until critical interfaces, the manufacturing profile, acceptance criteria, and verification evidence exist.",business/02-portfolio/research-idea-priority.csv,2026-09-04,1.3
SKU-140,C3–C4 · R0–R1 · K2 · Lane E · LOW_UNKNOWN,C3–C4,R0–R1,K2,E,D,LOW_UNKNOWN,CONCEPT_ONLY,PRELIMINARY IDEA ESTIMATE — NOT RELEASE APPROVAL,2,4,3,"C band from creation/validation planning effort (2/4); K band from the research-risk proxy (3/5); R0–R1 and Lane E until critical interfaces, the manufacturing profile, acceptance criteria, and verification evidence exist.",business/02-portfolio/research-idea-priority.csv,2026-09-04,1.3
SKU-141,C3–C4 · R0–R1 · K2–K3 · Lane E · LOW_UNKNOWN,C3–C4,R0–R1,K2–K3,E,D,LOW_UNKNOWN,CONCEPT_ONLY,PRELIMINARY IDEA ESTIMATE — NOT RELEASE APPROVAL,2,5,4,"C band from creation/validation planning effort (2/5); K band from the research-risk proxy (4/5); R0–R1 and Lane E until critical interfaces, the manufacturing profile, acceptance criteria, and verification evidence exist.",business/02-portfolio/research-idea-priority.csv,2026-09-04,1.3
SKU-142,C3–C4 · R0–R1 · K2–K3 · Lane E · LOW_UNKNOWN,C3–C4,R0–R1,K2–K3,E,D,LOW_UNKNOWN,CONCEPT_ONLY,PRELIMINARY IDEA ESTIMATE — NOT RELEASE APPROVAL,2,5,4,"C band from creation/validation planning effort (2/5); K band from the research-risk proxy (4/5); R0–R1 and Lane E until critical interfaces, the manufacturing profile, acceptance criteria, and verification evidence exist.",business/02-portfolio/research-idea-priority.csv,2026-09-04,1.3
SKU-143,C1–C2 · R0–R1 · K1–K2 · Lane E · LOW_UNKNOWN,C1–C2,R0–R1,K1–K2,E,C,LOW_UNKNOWN,CONCEPT_ONLY,PRELIMINARY IDEA ESTIMATE — NOT RELEASE APPROVAL,1,2,2,"C band from creation/validation planning effort (1/2); K band from the research-risk proxy (2/5); R0–R1 and Lane E until critical interfaces, the manufacturing profile, acceptance criteria, and verification evidence exist.",business/02-portfolio/research-idea-priority.csv,2026-09-04,1.3
SKU-144,C3–C4 · R0–R1 · K2 · Lane E · LOW_UNKNOWN,C3–C4,R0–R1,K2,E,D,LOW_UNKNOWN,CONCEPT_ONLY,PRELIMINARY IDEA ESTIMATE — NOT RELEASE APPROVAL,1,4,3,"C band from creation/validation planning effort (1/4); K band from the research-risk proxy (3/5); R0–R1 and Lane E until critical interfaces, the manufacturing profile, acceptance criteria, and verification evidence exist.",business/02-portfolio/research-idea-priority.csv,2026-09-04,1.3
SKU-145,C3–C4 · R0–R1 · K2 · Lane E · LOW_UNKNOWN,C3–C4,R0–R1,K2,E,D,LOW_UNKNOWN,CONCEPT_ONLY,PRELIMINARY IDEA ESTIMATE — NOT RELEASE APPROVAL,2,4,3,"C band from creation/validation planning effort (2/4); K band from the research-risk proxy (3/5); R0–R1 and Lane E until critical interfaces, the manufacturing profile, acceptance criteria, and verification evidence exist.",business/02-portfolio/research-idea-priority.csv,2026-09-04,1.3
SKU-146,C2 · R0–R1 · K1–K2 · Lane E · LOW_UNKNOWN,C2,R0–R1,K1–K2,E,C,LOW_UNKNOWN,CONCEPT_ONLY,PRELIMINARY IDEA ESTIMATE — NOT RELEASE APPROVAL,2,2,2,"C band from creation/validation planning effort (2/2); K band from the research-risk proxy (2/5); R0–R1 and Lane E until critical interfaces, the manufacturing profile, acceptance criteria, and verification evidence exist.",business/02-portfolio/research-idea-priority.csv,2026-09-04,1.3
SKU-147,C2 · R2 · K1 · Lane E · LOW_UNKNOWN,C2,R2,K1,E,B,LOW_UNKNOWN,HOLD,LINKED CURRENT PRODUCT PREFLIGHT — NOT RELEASE APPROVAL,1,2,2,Mapped to MM-ORG-032; exact current scorecard from the linked product preflight.,products/organization-storage/mm-org-032-pairpin-thread-bobbin-rack/preflight/preflight-result.json,2026-09-04,1.3
SKU-148,C2 · R2 · K1 · Lane E · LOW_UNKNOWN,C2,R2,K1,E,B,LOW_UNKNOWN,HOLD,LINKED CURRENT PRODUCT PREFLIGHT — NOT RELEASE APPROVAL,1,1,1,Mapped to MM-ORG-014; exact current scorecard from the linked product preflight.,products/organization-storage/mm-org-014-embroidery-floss-project-palette-dock/preflight/preflight-result.json,2026-09-04,1.3
SKU-149,C2–C3 · R0–R1 · K1–K2 · Lane E · LOW_UNKNOWN,C2–C3,R0–R1,K1–K2,E,C,LOW_UNKNOWN,CONCEPT_ONLY,PRELIMINARY IDEA ESTIMATE — NOT RELEASE APPROVAL,2,3,2,"C band from creation/validation planning effort (2/3); K band from the research-risk proxy (2/5); R0–R1 and Lane E until critical interfaces, the manufacturing profile, acceptance criteria, and verification evidence exist.",business/02-portfolio/research-idea-priority.csv,2026-09-04,1.3
SKU-150,C2 · R2 · K1 · Lane C · LOW_UNKNOWN,C2,R2,K1,C,B,LOW_UNKNOWN,GO_WITH_CONTROLS,LINKED CURRENT PRODUCT PREFLIGHT — NOT RELEASE APPROVAL,1,1,1,Mapped to MM-ORG-011; exact current scorecard from the linked product preflight.,products/organization-storage/mm-org-011-crochet-hook-diameter-rack/preflight/preflight-result.json,2026-09-04,1.3
SKU-151,C3–C4 · R0–R1 · K2 · Lane E · LOW_UNKNOWN,C3–C4,R0–R1,K2,E,D,LOW_UNKNOWN,CONCEPT_ONLY,PRELIMINARY IDEA ESTIMATE — NOT RELEASE APPROVAL,2,4,3,"C band from creation/validation planning effort (2/4); K band from the research-risk proxy (3/5); R0–R1 and Lane E until critical interfaces, the manufacturing profile, acceptance criteria, and verification evidence exist.",business/02-portfolio/research-idea-priority.csv,2026-09-04,1.3
SKU-152,C2–C3 · R0–R1 · K1–K2 · Lane E · LOW_UNKNOWN,C2–C3,R0–R1,K1–K2,E,C,LOW_UNKNOWN,CONCEPT_ONLY,PRELIMINARY IDEA ESTIMATE — NOT RELEASE APPROVAL,1,3,2,"C band from creation/validation planning effort (1/3); K band from the research-risk proxy (2/5); R0–R1 and Lane E until critical interfaces, the manufacturing profile, acceptance criteria, and verification evidence exist.",business/02-portfolio/research-idea-priority.csv,2026-09-04,1.3
SKU-153,C2–C3 · R0–R1 · K2 · Lane E · LOW_UNKNOWN,C2–C3,R0–R1,K2,E,C,LOW_UNKNOWN,CONCEPT_ONLY,PRELIMINARY IDEA ESTIMATE — NOT RELEASE APPROVAL,1,3,3,"C band from creation/validation planning effort (1/3); K band from the research-risk proxy (3/5); R0–R1 and Lane E until critical interfaces, the manufacturing profile, acceptance criteria, and verification evidence exist.",business/02-portfolio/research-idea-priority.csv,2026-09-04,1.3
SKU-154,C3–C4 · R0–R1 · K2 · Lane E · LOW_UNKNOWN,C3–C4,R0–R1,K2,E,D,LOW_UNKNOWN,CONCEPT_ONLY,PRELIMINARY IDEA ESTIMATE — NOT RELEASE APPROVAL,1,4,3,"C band from creation/validation planning effort (1/4); K band from the research-risk proxy (3/5); R0–R1 and Lane E until critical interfaces, the manufacturing profile, acceptance criteria, and verification evidence exist.",business/02-portfolio/research-idea-priority.csv,2026-09-04,1.3
SKU-155,C2–C3 · R0–R1 · K1–K2 · Lane E · LOW_UNKNOWN,C2–C3,R0–R1,K1–K2,E,C,LOW_UNKNOWN,CONCEPT_ONLY,PRELIMINARY IDEA ESTIMATE — NOT RELEASE APPROVAL,2,3,2,"C band from creation/validation planning effort (2/3); K band from the research-risk proxy (2/5); R0–R1 and Lane E until critical interfaces, the manufacturing profile, acceptance criteria, and verification evidence exist.",business/02-portfolio/research-idea-priority.csv,2026-09-04,1.3
SKU-156,C2 · R2 · K1 · Lane E · LOW_UNKNOWN,C2,R2,K1,E,B,LOW_UNKNOWN,HOLD,LINKED CURRENT PRODUCT PREFLIGHT — NOT RELEASE APPROVAL,1,2,2,Mapped to MM-ORG-033; exact current scorecard from the linked product preflight.,products/organization-storage/mm-org-033-diamond-painting-tray-staging-rack/preflight/preflight-result.json,2026-09-04,1.3
SKU-157,C2–C3 · R0–R1 · K2 · Lane E · LOW_UNKNOWN,C2–C3,R0–R1,K2,E,C,LOW_UNKNOWN,CONCEPT_ONLY,PRELIMINARY IDEA ESTIMATE — NOT RELEASE APPROVAL,1,3,3,"C band from creation/validation planning effort (1/3); K band from the research-risk proxy (3/5); R0–R1 and Lane E until critical interfaces, the manufacturing profile, acceptance criteria, and verification evidence exist.",business/02-portfolio/research-idea-priority.csv,2026-09-04,1.3
SKU-158,C2 · R2 · K1 · Lane E · LOW_UNKNOWN,C2,R2,K1,E,B,LOW_UNKNOWN,HOLD,LINKED CURRENT PRODUCT PREFLIGHT — NOT RELEASE APPROVAL,1,2,2,Mapped to MM-ORG-028; exact current scorecard from the linked product preflight.,products/organization-storage/mm-org-028-craft-stamp-die-index-rack/preflight/preflight-result.json,2026-09-04,1.3
SKU-159,C2–C3 · R0–R1 · K2 · Lane E · LOW_UNKNOWN,C2–C3,R0–R1,K2,E,C,LOW_UNKNOWN,CONCEPT_ONLY,PRELIMINARY IDEA ESTIMATE — NOT RELEASE APPROVAL,2,3,3,"C band from creation/validation planning effort (2/3); K band from the research-risk proxy (3/5); R0–R1 and Lane E until critical interfaces, the manufacturing profile, acceptance criteria, and verification evidence exist.",business/02-portfolio/research-idea-priority.csv,2026-09-04,1.3
SKU-160,C2 · R2 · K1 · Lane E · LOW_UNKNOWN,C2,R2,K1,E,B,LOW_UNKNOWN,HOLD,LINKED CURRENT PRODUCT PREFLIGHT — NOT RELEASE APPROVAL,1,2,2,Mapped to MM-ORG-029; exact current scorecard from the linked product preflight.,products/organization-storage/mm-org-029-craft-night-modular-personal-supply-caddy/preflight/preflight-result.json,2026-09-04,1.3
SKU-161,C3–C4 · R0–R1 · K2 · Lane E · LOW_UNKNOWN,C3–C4,R0–R1,K2,E,D,LOW_UNKNOWN,CONCEPT_ONLY,PRELIMINARY IDEA ESTIMATE — NOT RELEASE APPROVAL,2,4,3,"C band from creation/validation planning effort (2/4); K band from the research-risk proxy (3/5); R0–R1 and Lane E until critical interfaces, the manufacturing profile, acceptance criteria, and verification evidence exist.",business/02-portfolio/research-idea-priority.csv,2026-09-04,1.3
SKU-162,C1–C2 · R0–R1 · K1–K2 · Lane E · LOW_UNKNOWN,C1–C2,R0–R1,K1–K2,E,C,LOW_UNKNOWN,CONCEPT_ONLY,PRELIMINARY IDEA ESTIMATE — NOT RELEASE APPROVAL,1,2,2,"C band from creation/validation planning effort (1/2); K band from the research-risk proxy (2/5); R0–R1 and Lane E until critical interfaces, the manufacturing profile, acceptance criteria, and verification evidence exist.",business/02-portfolio/research-idea-priority.csv,2026-09-04,1.3
SKU-163,C2–C3 · R0–R1 · K1–K2 · Lane E · LOW_UNKNOWN,C2–C3,R0–R1,K1–K2,E,C,LOW_UNKNOWN,CONCEPT_ONLY,PRELIMINARY IDEA ESTIMATE — NOT RELEASE APPROVAL,1,3,2,"C band from creation/validation planning effort (1/3); K band from the research-risk proxy (2/5); R0–R1 and Lane E until critical interfaces, the manufacturing profile, acceptance criteria, and verification evidence exist.",business/02-portfolio/research-idea-priority.csv,2026-09-04,1.3
SKU-164,C2–C3 · R0–R1 · K2 · Lane E · LOW_UNKNOWN,C2–C3,R0–R1,K2,E,C,LOW_UNKNOWN,CONCEPT_ONLY,PRELIMINARY IDEA ESTIMATE — NOT RELEASE APPROVAL,1,3,3,"C band from creation/validation planning effort (1/3); K band from the research-risk proxy (3/5); R0–R1 and Lane E until critical interfaces, the manufacturing profile, acceptance criteria, and verification evidence exist.",business/02-portfolio/research-idea-priority.csv,2026-09-04,1.3
SKU-165,C3–C4 · R0–R1 · K2 · Lane E · LOW_UNKNOWN,C3–C4,R0–R1,K2,E,D,LOW_UNKNOWN,CONCEPT_ONLY,PRELIMINARY IDEA ESTIMATE — NOT RELEASE APPROVAL,2,4,3,"C band from creation/validation planning effort (2/4); K band from the research-risk proxy (3/5); R0–R1 and Lane E until critical interfaces, the manufacturing profile, acceptance criteria, and verification evidence exist.",business/02-portfolio/research-idea-priority.csv,2026-09-04,1.3
SKU-166,C2–C3 · R0–R1 · K1–K2 · Lane E · LOW_UNKNOWN,C2–C3,R0–R1,K1–K2,E,C,LOW_UNKNOWN,CONCEPT_ONLY,PRELIMINARY IDEA ESTIMATE — NOT RELEASE APPROVAL,1,3,2,"C band from creation/validation planning effort (1/3); K band from the research-risk proxy (2/5); R0–R1 and Lane E until critical interfaces, the manufacturing profile, acceptance criteria, and verification evidence exist.",business/02-portfolio/research-idea-priority.csv,2026-09-04,1.3
SKU-167,C1–C2 · R0–R1 · K1–K2 · Lane E · LOW_UNKNOWN,C1–C2,R0–R1,K1–K2,E,C,LOW_UNKNOWN,CONCEPT_ONLY,PRELIMINARY IDEA ESTIMATE — NOT RELEASE APPROVAL,1,2,2,"C band from creation/validation planning effort (1/2); K band from the research-risk proxy (2/5); R0–R1 and Lane E until critical interfaces, the manufacturing profile, acceptance criteria, and verification evidence exist.",business/02-portfolio/research-idea-priority.csv,2026-09-04,1.3
SKU-168,C1–C2 · R0–R1 · K1–K2 · Lane E · LOW_UNKNOWN,C1–C2,R0–R1,K1–K2,E,C,LOW_UNKNOWN,CONCEPT_ONLY,PRELIMINARY IDEA ESTIMATE — NOT RELEASE APPROVAL,1,2,2,"C band from creation/validation planning effort (1/2); K band from the research-risk proxy (2/5); R0–R1 and Lane E until critical interfaces, the manufacturing profile, acceptance criteria, and verification evidence exist.",business/02-portfolio/research-idea-priority.csv,2026-09-04,1.3
SKU-169,C2–C3 · R0–R1 · K2 · Lane E · LOW_UNKNOWN,C2–C3,R0–R1,K2,E,C,LOW_UNKNOWN,CONCEPT_ONLY,PRELIMINARY IDEA ESTIMATE — NOT RELEASE APPROVAL,2,3,3,"C band from creation/validation planning effort (2/3); K band from the research-risk proxy (3/5); R0–R1 and Lane E until critical interfaces, the manufacturing profile, acceptance criteria, and verification evidence exist.",business/02-portfolio/research-idea-priority.csv,2026-09-04,1.3
SKU-170,C3–C4 · R0–R1 · K2 · Lane E · LOW_UNKNOWN,C3–C4,R0–R1,K2,E,D,LOW_UNKNOWN,CONCEPT_ONLY,PRELIMINARY IDEA ESTIMATE — NOT RELEASE APPROVAL,2,4,3,"C band from creation/validation planning effort (2/4); K band from the research-risk proxy (3/5); R0–R1 and Lane E until critical interfaces, the manufacturing profile, acceptance criteria, and verification evidence exist.",business/02-portfolio/research-idea-priority.csv,2026-09-04,1.3
SKU-171,C1–C2 · R0–R1 · K1–K2 · Lane E · LOW_UNKNOWN,C1–C2,R0–R1,K1–K2,E,C,LOW_UNKNOWN,CONCEPT_ONLY,PRELIMINARY IDEA ESTIMATE — NOT RELEASE APPROVAL,1,2,2,"C band from creation/validation planning effort (1/2); K band from the research-risk proxy (2/5); R0–R1 and Lane E until critical interfaces, the manufacturing profile, acceptance criteria, and verification evidence exist.",business/02-portfolio/research-idea-priority.csv,2026-09-04,1.3
SKU-172,C2–C3 · R0–R1 · K2 · Lane E · LOW_UNKNOWN,C2–C3,R0–R1,K2,E,C,LOW_UNKNOWN,CONCEPT_ONLY,PRELIMINARY IDEA ESTIMATE — NOT RELEASE APPROVAL,1,3,3,"C band from creation/validation planning effort (1/3); K band from the research-risk proxy (3/5); R0–R1 and Lane E until critical interfaces, the manufacturing profile, acceptance criteria, and verification evidence exist.",business/02-portfolio/research-idea-priority.csv,2026-09-04,1.3
SKU-173,C2 · R2 · K1 · Lane E · LOW_UNKNOWN,C2,R2,K1,E,B,LOW_UNKNOWN,HOLD,LINKED CURRENT PRODUCT PREFLIGHT — NOT RELEASE APPROVAL,1,1,1,Mapped to MM-ORG-017; exact current scorecard from the linked product preflight.,products/organization-storage/mm-org-017-modular-pocket-emptying-tray/preflight/preflight-result.json,2026-09-04,1.3
SKU-174,C3–C4 · R0–R1 · K2 · Lane E · LOW_UNKNOWN,C3–C4,R0–R1,K2,E,D,LOW_UNKNOWN,CONCEPT_ONLY,PRELIMINARY IDEA ESTIMATE — NOT RELEASE APPROVAL,2,4,3,"C band from creation/validation planning effort (2/4); K band from the research-risk proxy (3/5); R0–R1 and Lane E until critical interfaces, the manufacturing profile, acceptance criteria, and verification evidence exist.",business/02-portfolio/research-idea-priority.csv,2026-09-04,1.3
SKU-175,C3–C4 · R0–R1 · K2 · Lane E · LOW_UNKNOWN,C3–C4,R0–R1,K2,E,D,LOW_UNKNOWN,CONCEPT_ONLY,PRELIMINARY IDEA ESTIMATE — NOT RELEASE APPROVAL,2,4,3,"C band from creation/validation planning effort (2/4); K band from the research-risk proxy (3/5); R0–R1 and Lane E until critical interfaces, the manufacturing profile, acceptance criteria, and verification evidence exist.",business/02-portfolio/research-idea-priority.csv,2026-09-04,1.3
SKU-176,C3–C4 · R0–R1 · K2 · Lane E · LOW_UNKNOWN,C3–C4,R0–R1,K2,E,D,LOW_UNKNOWN,CONCEPT_ONLY,PRELIMINARY IDEA ESTIMATE — NOT RELEASE APPROVAL,1,4,3,"C band from creation/validation planning effort (1/4); K band from the research-risk proxy (3/5); R0–R1 and Lane E until critical interfaces, the manufacturing profile, acceptance criteria, and verification evidence exist.",business/02-portfolio/research-idea-priority.csv,2026-09-04,1.3
SKU-177,C3–C4 · R0–R1 · K2 · Lane E · LOW_UNKNOWN,C3–C4,R0–R1,K2,E,D,LOW_UNKNOWN,CONCEPT_ONLY,PRELIMINARY IDEA ESTIMATE — NOT RELEASE APPROVAL,2,4,3,"C band from creation/validation planning effort (2/4); K band from the research-risk proxy (3/5); R0–R1 and Lane E until critical interfaces, the manufacturing profile, acceptance criteria, and verification evidence exist.",business/02-portfolio/research-idea-priority.csv,2026-09-04,1.3
SKU-178,C2–C3 · R0–R1 · K1–K2 · Lane E · LOW_UNKNOWN,C2–C3,R0–R1,K1–K2,E,C,LOW_UNKNOWN,CONCEPT_ONLY,PRELIMINARY IDEA ESTIMATE — NOT RELEASE APPROVAL,1,3,2,"C band from creation/validation planning effort (1/3); K band from the research-risk proxy (2/5); R0–R1 and Lane E until critical interfaces, the manufacturing profile, acceptance criteria, and verification evidence exist.",business/02-portfolio/research-idea-priority.csv,2026-09-04,1.3
SKU-179,C3–C4 · R0–R1 · K2 · Lane E · LOW_UNKNOWN,C3–C4,R0–R1,K2,E,D,LOW_UNKNOWN,CONCEPT_ONLY,PRELIMINARY IDEA ESTIMATE — NOT RELEASE APPROVAL,2,4,3,"C band from creation/validation planning effort (2/4); K band from the research-risk proxy (3/5); R0–R1 and Lane E until critical interfaces, the manufacturing profile, acceptance criteria, and verification evidence exist.",business/02-portfolio/research-idea-priority.csv,2026-09-04,1.3
SKU-180,C2 · R1 · K1 · Lane E · LOW_UNKNOWN,C2,R1,K1,E,B,LOW_UNKNOWN,HOLD,LINKED CURRENT PRODUCT PREFLIGHT — NOT RELEASE APPROVAL,1,1,1,Mapped to MM-ORG-038; exact current scorecard from the linked product preflight.,products/organization-storage/mm-org-038-milestone-photo-card-desk-display-block/preflight/preflight-result.json,2026-09-04,1.3
SKU-181,C3–C4 · R0–R1 · K2 · Lane E · LOW_UNKNOWN,C3–C4,R0–R1,K2,E,D,LOW_UNKNOWN,CONCEPT_ONLY,PRELIMINARY IDEA ESTIMATE — NOT RELEASE APPROVAL,2,4,3,"C band from creation/validation planning effort (2/4); K band from the research-risk proxy (3/5); R0–R1 and Lane E until critical interfaces, the manufacturing profile, acceptance criteria, and verification evidence exist.",business/02-portfolio/research-idea-priority.csv,2026-09-04,1.3
SKU-182,C1 · R0–R1 · K1 · Lane E · LOW_UNKNOWN,C1,R0–R1,K1,E,B,LOW_UNKNOWN,CONCEPT_ONLY,PRELIMINARY IDEA ESTIMATE — NOT RELEASE APPROVAL,1,1,1,"C band from creation/validation planning effort (1/1); K band from the research-risk proxy (1/5); R0–R1 and Lane E until critical interfaces, the manufacturing profile, acceptance criteria, and verification evidence exist.",business/02-portfolio/research-idea-priority.csv,2026-09-04,1.3
SKU-183,C2–C3 · R0–R1 · K2 · Lane E · LOW_UNKNOWN,C2–C3,R0–R1,K2,E,C,LOW_UNKNOWN,CONCEPT_ONLY,PRELIMINARY IDEA ESTIMATE — NOT RELEASE APPROVAL,2,3,3,"C band from creation/validation planning effort (2/3); K band from the research-risk proxy (3/5); R0–R1 and Lane E until critical interfaces, the manufacturing profile, acceptance criteria, and verification evidence exist.",business/02-portfolio/research-idea-priority.csv,2026-09-04,1.3
SKU-184,C2–C3 · R0–R1 · K2 · Lane E · LOW_UNKNOWN,C2–C3,R0–R1,K2,E,C,LOW_UNKNOWN,CONCEPT_ONLY,PRELIMINARY IDEA ESTIMATE — NOT RELEASE APPROVAL,1,3,3,"C band from creation/validation planning effort (1/3); K band from the research-risk proxy (3/5); R0–R1 and Lane E until critical interfaces, the manufacturing profile, acceptance criteria, and verification evidence exist.",business/02-portfolio/research-idea-priority.csv,2026-09-04,1.3
SKU-185,C2–C3 · R0–R1 · K2 · Lane E · LOW_UNKNOWN,C2–C3,R0–R1,K2,E,C,LOW_UNKNOWN,CONCEPT_ONLY,PRELIMINARY IDEA ESTIMATE — NOT RELEASE APPROVAL,1,3,3,"C band from creation/validation planning effort (1/3); K band from the research-risk proxy (3/5); R0–R1 and Lane E until critical interfaces, the manufacturing profile, acceptance criteria, and verification evidence exist.",business/02-portfolio/research-idea-priority.csv,2026-09-04,1.3
SKU-186,C1 · R0–R1 · K1 · Lane E · LOW_UNKNOWN,C1,R0–R1,K1,E,B,LOW_UNKNOWN,CONCEPT_ONLY,PRELIMINARY IDEA ESTIMATE — NOT RELEASE APPROVAL,1,1,1,"C band from creation/validation planning effort (1/1); K band from the research-risk proxy (1/5); R0–R1 and Lane E until critical interfaces, the manufacturing profile, acceptance criteria, and verification evidence exist.",business/02-portfolio/research-idea-priority.csv,2026-09-04,1.3
SKU-187,C3–C4 · R0–R1 · K2–K3 · Lane E · LOW_UNKNOWN,C3–C4,R0–R1,K2–K3,E,D,LOW_UNKNOWN,CONCEPT_ONLY,PRELIMINARY IDEA ESTIMATE — NOT RELEASE APPROVAL,2,5,4,"C band from creation/validation planning effort (2/5); K band from the research-risk proxy (4/5); R0–R1 and Lane E until critical interfaces, the manufacturing profile, acceptance criteria, and verification evidence exist.",business/02-portfolio/research-idea-priority.csv,2026-09-04,1.3
SKU-188,C3–C4 · R0–R1 · K2 · Lane E · LOW_UNKNOWN,C3–C4,R0–R1,K2,E,D,LOW_UNKNOWN,CONCEPT_ONLY,PRELIMINARY IDEA ESTIMATE — NOT RELEASE APPROVAL,1,4,3,"C band from creation/validation planning effort (1/4); K band from the research-risk proxy (3/5); R0–R1 and Lane E until critical interfaces, the manufacturing profile, acceptance criteria, and verification evidence exist.",business/02-portfolio/research-idea-priority.csv,2026-09-04,1.3
SKU-189,C3–C4 · R0–R1 · K2–K3 · Lane E · LOW_UNKNOWN,C3–C4,R0–R1,K2–K3,E,D,LOW_UNKNOWN,CONCEPT_ONLY,PRELIMINARY IDEA ESTIMATE — NOT RELEASE APPROVAL,2,5,4,"C band from creation/validation planning effort (2/5); K band from the research-risk proxy (4/5); R0–R1 and Lane E until critical interfaces, the manufacturing profile, acceptance criteria, and verification evidence exist.",business/02-portfolio/research-idea-priority.csv,2026-09-04,1.3
SKU-190,C3–C4 · R0–R1 · K2 · Lane E · LOW_UNKNOWN,C3–C4,R0–R1,K2,E,D,LOW_UNKNOWN,CONCEPT_ONLY,PRELIMINARY IDEA ESTIMATE — NOT RELEASE APPROVAL,2,4,3,"C band from creation/validation planning effort (2/4); K band from the research-risk proxy (3/5); R0–R1 and Lane E until critical interfaces, the manufacturing profile, acceptance criteria, and verification evidence exist.",business/02-portfolio/research-idea-priority.csv,2026-09-04,1.3
SKU-191,C3–C4 · R0–R1 · K2 · Lane E · LOW_UNKNOWN,C3–C4,R0–R1,K2,E,D,LOW_UNKNOWN,CONCEPT_ONLY,PRELIMINARY IDEA ESTIMATE — NOT RELEASE APPROVAL,2,5,3,"C band from creation/validation planning effort (2/5); K band from the research-risk proxy (3/5); R0–R1 and Lane E until critical interfaces, the manufacturing profile, acceptance criteria, and verification evidence exist.",business/02-portfolio/research-idea-priority.csv,2026-09-04,1.3
SKU-192,C3–C4 · R0–R1 · K2–K3 · Lane E · LOW_UNKNOWN,C3–C4,R0–R1,K2–K3,E,D,LOW_UNKNOWN,CONCEPT_ONLY,PRELIMINARY IDEA ESTIMATE — NOT RELEASE APPROVAL,2,5,4,"C band from creation/validation planning effort (2/5); K band from the research-risk proxy (4/5); R0–R1 and Lane E until critical interfaces, the manufacturing profile, acceptance criteria, and verification evidence exist.",business/02-portfolio/research-idea-priority.csv,2026-09-04,1.3
SKU-193,C3–C4 · R0–R1 · K2–K3 · Lane E · LOW_UNKNOWN,C3–C4,R0–R1,K2–K3,E,D,LOW_UNKNOWN,CONCEPT_ONLY,PRELIMINARY IDEA ESTIMATE — NOT RELEASE APPROVAL,2,5,4,"C band from creation/validation planning effort (2/5); K band from the research-risk proxy (4/5); R0–R1 and Lane E until critical interfaces, the manufacturing profile, acceptance criteria, and verification evidence exist.",business/02-portfolio/research-idea-priority.csv,2026-09-04,1.3
SKU-194,C3–C4 · R0–R1 · K2–K3 · Lane E · LOW_UNKNOWN,C3–C4,R0–R1,K2–K3,E,D,LOW_UNKNOWN,CONCEPT_ONLY,PRELIMINARY IDEA ESTIMATE — NOT RELEASE APPROVAL,2,5,4,"C band from creation/validation planning effort (2/5); K band from the research-risk proxy (4/5); R0–R1 and Lane E until critical interfaces, the manufacturing profile, acceptance criteria, and verification evidence exist.",business/02-portfolio/research-idea-priority.csv,2026-09-04,1.3
SKU-195,C4–C5 · R0–R1 · K3 · Lane E · NOT_AUTONOMOUSLY_RELEASABLE,C4–C5,R0–R1,K3,E,D,NOT_AUTONOMOUSLY_RELEASABLE,CONCEPT_ONLY,PRELIMINARY IDEA ESTIMATE — NOT RELEASE APPROVAL,4,5,5,"C band from creation/validation planning effort (4/5); K band from the research-risk proxy (5/5); R0–R1 and Lane E until critical interfaces, the manufacturing profile, acceptance criteria, and verification evidence exist.",business/02-portfolio/research-idea-priority.csv,2026-09-04,1.3
SKU-196,C2 · R2 · K1 · Lane E · LOW_UNKNOWN,C2,R2,K1,E,B,LOW_UNKNOWN,HOLD,LINKED CURRENT PRODUCT PREFLIGHT — NOT RELEASE APPROVAL,1,1,1,Mapped to MM-ORG-012; exact current scorecard from the linked product preflight.,products/organization-storage/mm-org-012-stationery-refill-inventory-tray/preflight/preflight-result.json,2026-09-04,1.3
SKU-197,C2 · R2 · K1 · Lane E · LOW_UNKNOWN,C2,R2,K1,E,B,LOW_UNKNOWN,HOLD,LINKED CURRENT PRODUCT PREFLIGHT — NOT RELEASE APPROVAL,1,2,2,Mapped to MM-ORG-019; exact current scorecard from the linked product preflight.,products/organization-storage/mm-org-019-label-tape-cartridge-rack/preflight/preflight-result.json,2026-09-04,1.3
SKU-198,C2–C3 · R0–R1 · K2 · Lane E · LOW_UNKNOWN,C2–C3,R0–R1,K2,E,C,LOW_UNKNOWN,CONCEPT_ONLY,PRELIMINARY IDEA ESTIMATE — NOT RELEASE APPROVAL,2,3,3,"C band from creation/validation planning effort (2/3); K band from the research-risk proxy (3/5); R0–R1 and Lane E until critical interfaces, the manufacturing profile, acceptance criteria, and verification evidence exist.",business/02-portfolio/research-idea-priority.csv,2026-09-04,1.3
SKU-199,C2 · R1 · K2 · Lane E · LOW_UNKNOWN,C2,R1,K2,E,C,LOW_UNKNOWN,HOLD,LINKED CURRENT PRODUCT PREFLIGHT — NOT RELEASE APPROVAL,1,1,1,Mapped to MM-ORG-021; exact current scorecard from the linked product preflight.,products/organization-storage/mm-org-021-eyeglass-case-shelf-corral/preflight/preflight-result.json,2026-09-04,1.3
SKU-200,C2–C3 · R0–R1 · K2 · Lane E · LOW_UNKNOWN,C2–C3,R0–R1,K2,E,C,LOW_UNKNOWN,CONCEPT_ONLY,PRELIMINARY IDEA ESTIMATE — NOT RELEASE APPROVAL,2,3,3,"C band from creation/validation planning effort (2/3); K band from the research-risk proxy (3/5); R0–R1 and Lane E until critical interfaces, the manufacturing profile, acceptance criteria, and verification evidence exist.",business/02-portfolio/research-idea-priority.csv,2026-09-04,1.3
SKU-201,C2 · R2 · K1 · Lane E · LOW_UNKNOWN,C2,R2,K1,E,B,LOW_UNKNOWN,CONCEPT_ONLY,STRUCTURED RESEARCH PREFLIGHT R2 — NOT PRODUCT RELEASE APPROVAL,2,3,1,"Explicit concept preflight PC=30.5/100. Purpose, exclusions, envelope, measurable inputs, critical-interface route, candidate process envelope and test method are specified; exact customer variant and complete process evidence remain open. Hard gates: G0 PASS; G1 PASS; G2 WARN; G3 FAIL; G4 PASS; G5 PASS; G6 PASS",business/02-portfolio/research-ideas-additions-2.csv,2026-09-04,1.3
SKU-202,C2 · R2 · K1 · Lane E · LOW_UNKNOWN,C2,R2,K1,E,B,LOW_UNKNOWN,CONCEPT_ONLY,STRUCTURED RESEARCH PREFLIGHT R2 — NOT PRODUCT RELEASE APPROVAL,2,3,1,"Explicit concept preflight PC=30.5/100. Purpose, exclusions, envelope, measurable inputs, critical-interface route, candidate process envelope and test method are specified; exact customer variant and complete process evidence remain open. Hard gates: G0 PASS; G1 PASS; G2 WARN; G3 FAIL; G4 PASS; G5 PASS; G6 PASS",business/02-portfolio/research-ideas-additions-2.csv,2026-09-04,1.3
SKU-203,C2 · R2 · K1 · Lane E · LOW_UNKNOWN,C2,R2,K1,E,B,LOW_UNKNOWN,CONCEPT_ONLY,STRUCTURED RESEARCH PREFLIGHT R2 — NOT PRODUCT RELEASE APPROVAL,2,3,1,"Explicit concept preflight PC=30.5/100. Purpose, exclusions, envelope, measurable inputs, critical-interface route, candidate process envelope and test method are specified; exact customer variant and complete process evidence remain open. Hard gates: G0 PASS; G1 PASS; G2 WARN; G3 FAIL; G4 PASS; G5 PASS; G6 PASS",business/02-portfolio/research-ideas-additions-2.csv,2026-09-04,1.3
SKU-204,C2 · R2 · K1 · Lane E · LOW_UNKNOWN,C2,R2,K1,E,B,LOW_UNKNOWN,CONCEPT_ONLY,STRUCTURED RESEARCH PREFLIGHT R2 — NOT PRODUCT RELEASE APPROVAL,2,3,1,"Explicit concept preflight PC=34.25/100. Purpose, exclusions, envelope, measurable inputs, critical-interface route, candidate process envelope and test method are specified; exact customer variant and complete process evidence remain open. Hard gates: G0 PASS; G1 PASS; G2 WARN; G3 FAIL; G4 PASS; G5 PASS; G6 PASS",business/02-portfolio/research-ideas-additions-2.csv,2026-09-04,1.3
SKU-205,C2 · R2 · K1 · Lane E · LOW_UNKNOWN,C2,R2,K1,E,B,LOW_UNKNOWN,CONCEPT_ONLY,STRUCTURED RESEARCH PREFLIGHT R2 — NOT PRODUCT RELEASE APPROVAL,2,3,1,"Explicit concept preflight PC=30.5/100. Purpose, exclusions, envelope, measurable inputs, critical-interface route, candidate process envelope and test method are specified; exact customer variant and complete process evidence remain open. Hard gates: G0 PASS; G1 PASS; G2 WARN; G3 FAIL; G4 PASS; G5 PASS; G6 PASS",business/02-portfolio/research-ideas-additions-2.csv,2026-09-04,1.3
SKU-206,C2 · R2 · K1 · Lane E · LOW_UNKNOWN,C2,R2,K1,E,B,LOW_UNKNOWN,CONCEPT_ONLY,STRUCTURED RESEARCH PREFLIGHT R2 — NOT PRODUCT RELEASE APPROVAL,2,3,1,"Explicit concept preflight PC=30.5/100. Purpose, exclusions, envelope, measurable inputs, critical-interface route, candidate process envelope and test method are specified; exact customer variant and complete process evidence remain open. Hard gates: G0 PASS; G1 PASS; G2 WARN; G3 FAIL; G4 PASS; G5 PASS; G6 PASS",business/02-portfolio/research-ideas-additions-2.csv,2026-09-04,1.3
SKU-207,C2 · R2 · K1 · Lane E · LOW_UNKNOWN,C2,R2,K1,E,B,LOW_UNKNOWN,CONCEPT_ONLY,STRUCTURED RESEARCH PREFLIGHT R2 — NOT PRODUCT RELEASE APPROVAL,2,3,1,"Explicit concept preflight PC=34.25/100. Purpose, exclusions, envelope, measurable inputs, critical-interface route, candidate process envelope and test method are specified; exact customer variant and complete process evidence remain open. Hard gates: G0 PASS; G1 PASS; G2 WARN; G3 FAIL; G4 PASS; G5 PASS; G6 PASS",business/02-portfolio/research-ideas-additions-2.csv,2026-09-04,1.3
SKU-208,C2 · R2 · K1 · Lane E · LOW_UNKNOWN,C2,R2,K1,E,B,LOW_UNKNOWN,CONCEPT_ONLY,STRUCTURED RESEARCH PREFLIGHT R2 — NOT PRODUCT RELEASE APPROVAL,2,3,1,"Explicit concept preflight PC=30.5/100. Purpose, exclusions, envelope, measurable inputs, critical-interface route, candidate process envelope and test method are specified; exact customer variant and complete process evidence remain open. Hard gates: G0 PASS; G1 PASS; G2 WARN; G3 FAIL; G4 PASS; G5 PASS; G6 PASS",business/02-portfolio/research-ideas-additions-2.csv,2026-09-04,1.3
SKU-209,C1 · R2 · K1 · Lane E · LOW_UNKNOWN,C1,R2,K1,E,B,LOW_UNKNOWN,CONCEPT_ONLY,STRUCTURED RESEARCH PREFLIGHT R2 — NOT PRODUCT RELEASE APPROVAL,1,2,1,"Explicit concept preflight PC=15.75/100. Purpose, exclusions, envelope, measurable inputs, critical-interface route, candidate process envelope and test method are specified; exact customer variant and complete process evidence remain open. Hard gates: G0 PASS; G1 PASS; G2 WARN; G3 FAIL; G4 PASS; G5 PASS; G6 PASS",business/02-portfolio/research-ideas-additions-2.csv,2026-09-04,1.3
SKU-210,C2 · R2 · K1 · Lane E · LOW_UNKNOWN,C2,R2,K1,E,B,LOW_UNKNOWN,CONCEPT_ONLY,STRUCTURED RESEARCH PREFLIGHT R2 — NOT PRODUCT RELEASE APPROVAL,2,3,1,"Explicit concept preflight PC=30.5/100. Purpose, exclusions, envelope, measurable inputs, critical-interface route, candidate process envelope and test method are specified; exact customer variant and complete process evidence remain open. Hard gates: G0 PASS; G1 PASS; G2 WARN; G3 FAIL; G4 PASS; G5 PASS; G6 PASS",business/02-portfolio/research-ideas-additions-2.csv,2026-09-04,1.3
SKU-211,C1 · R2 · K1 · Lane E · LOW_UNKNOWN,C1,R2,K1,E,B,LOW_UNKNOWN,CONCEPT_ONLY,STRUCTURED RESEARCH PREFLIGHT R2 — NOT PRODUCT RELEASE APPROVAL,1,2,1,"Explicit concept preflight PC=15.75/100. Purpose, exclusions, envelope, measurable inputs, critical-interface route, candidate process envelope and test method are specified; exact customer variant and complete process evidence remain open. Hard gates: G0 PASS; G1 PASS; G2 WARN; G3 FAIL; G4 PASS; G5 PASS; G6 PASS",business/02-portfolio/research-ideas-additions-2.csv,2026-09-04,1.3
SKU-212,C2 · R2 · K1 · Lane E · LOW_UNKNOWN,C2,R2,K1,E,B,LOW_UNKNOWN,CONCEPT_ONLY,STRUCTURED RESEARCH PREFLIGHT R2 — NOT PRODUCT RELEASE APPROVAL,2,3,1,"Explicit concept preflight PC=30.5/100. Purpose, exclusions, envelope, measurable inputs, critical-interface route, candidate process envelope and test method are specified; exact customer variant and complete process evidence remain open. Hard gates: G0 PASS; G1 PASS; G2 WARN; G3 FAIL; G4 PASS; G5 PASS; G6 PASS",business/02-portfolio/research-ideas-additions-2.csv,2026-09-04,1.3
SKU-213,C2 · R2 · K1 · Lane E · LOW_UNKNOWN,C2,R2,K1,E,B,LOW_UNKNOWN,CONCEPT_ONLY,STRUCTURED RESEARCH PREFLIGHT R2 — NOT PRODUCT RELEASE APPROVAL,2,4,1,"Explicit concept preflight PC=34.25/100. Purpose, exclusions, envelope, measurable inputs, critical-interface route, candidate process envelope and test method are specified; exact customer variant and complete process evidence remain open. Hard gates: G0 PASS; G1 PASS; G2 WARN; G3 FAIL; G4 PASS; G5 PASS; G6 PASS",business/02-portfolio/research-ideas-additions-2.csv,2026-09-04,1.3
SKU-214,C1 · R2 · K1 · Lane E · LOW_UNKNOWN,C1,R2,K1,E,B,LOW_UNKNOWN,CONCEPT_ONLY,STRUCTURED RESEARCH PREFLIGHT R2 — NOT PRODUCT RELEASE APPROVAL,1,2,1,"Explicit concept preflight PC=15.75/100. Purpose, exclusions, envelope, measurable inputs, critical-interface route, candidate process envelope and test method are specified; exact customer variant and complete process evidence remain open. Hard gates: G0 PASS; G1 PASS; G2 WARN; G3 FAIL; G4 PASS; G5 PASS; G6 PASS",business/02-portfolio/research-ideas-additions-2.csv,2026-09-04,1.3
SKU-215,C2 · R2 · K1 · Lane E · LOW_UNKNOWN,C2,R2,K1,E,B,LOW_UNKNOWN,CONCEPT_ONLY,STRUCTURED RESEARCH PREFLIGHT R2 — NOT PRODUCT RELEASE APPROVAL,2,3,1,"Explicit concept preflight PC=34.25/100. Purpose, exclusions, envelope, measurable inputs, critical-interface route, candidate process envelope and test method are specified; exact customer variant and complete process evidence remain open. Hard gates: G0 PASS; G1 PASS; G2 WARN; G3 FAIL; G4 PASS; G5 PASS; G6 PASS",business/02-portfolio/research-ideas-additions-2.csv,2026-09-04,1.3
SKU-216,C1 · R2 · K1 · Lane E · LOW_UNKNOWN,C1,R2,K1,E,B,LOW_UNKNOWN,CONCEPT_ONLY,STRUCTURED RESEARCH PREFLIGHT R2 — NOT PRODUCT RELEASE APPROVAL,1,2,1,"Explicit concept preflight PC=15.75/100. Purpose, exclusions, envelope, measurable inputs, critical-interface route, candidate process envelope and test method are specified; exact customer variant and complete process evidence remain open. Hard gates: G0 PASS; G1 PASS; G2 WARN; G3 FAIL; G4 PASS; G5 PASS; G6 PASS",business/02-portfolio/research-ideas-additions-2.csv,2026-09-04,1.3
SKU-217,C2 · R2 · K1 · Lane E · LOW_UNKNOWN,C2,R2,K1,E,B,LOW_UNKNOWN,CONCEPT_ONLY,STRUCTURED RESEARCH PREFLIGHT R2 — NOT PRODUCT RELEASE APPROVAL,2,3,1,"Explicit concept preflight PC=34.25/100. Purpose, exclusions, envelope, measurable inputs, critical-interface route, candidate process envelope and test method are specified; exact customer variant and complete process evidence remain open. Hard gates: G0 PASS; G1 PASS; G2 WARN; G3 FAIL; G4 PASS; G5 PASS; G6 PASS",business/02-portfolio/research-ideas-additions-2.csv,2026-09-04,1.3
SKU-218,C2 · R2 · K1 · Lane E · LOW_UNKNOWN,C2,R2,K1,E,B,LOW_UNKNOWN,CONCEPT_ONLY,STRUCTURED RESEARCH PREFLIGHT R2 — NOT PRODUCT RELEASE APPROVAL,2,3,1,"Explicit concept preflight PC=34.25/100. Purpose, exclusions, envelope, measurable inputs, critical-interface route, candidate process envelope and test method are specified; exact customer variant and complete process evidence remain open. Hard gates: G0 PASS; G1 PASS; G2 WARN; G3 FAIL; G4 PASS; G5 PASS; G6 PASS",business/02-portfolio/research-ideas-additions-2.csv,2026-09-04,1.3
SKU-219,C2 · R2 · K1 · Lane E · LOW_UNKNOWN,C2,R2,K1,E,B,LOW_UNKNOWN,CONCEPT_ONLY,STRUCTURED RESEARCH PREFLIGHT R2 — NOT PRODUCT RELEASE APPROVAL,2,3,1,"Explicit concept preflight PC=30.5/100. Purpose, exclusions, envelope, measurable inputs, critical-interface route, candidate process envelope and test method are specified; exact customer variant and complete process evidence remain open. Hard gates: G0 PASS; G1 PASS; G2 WARN; G3 FAIL; G4 PASS; G5 PASS; G6 PASS",business/02-portfolio/research-ideas-additions-2.csv,2026-09-04,1.3
SKU-220,C2 · R2 · K1 · Lane E · LOW_UNKNOWN,C2,R2,K1,E,B,LOW_UNKNOWN,CONCEPT_ONLY,STRUCTURED RESEARCH PREFLIGHT R2 — NOT PRODUCT RELEASE APPROVAL,2,3,1,"Explicit concept preflight PC=34.25/100. Purpose, exclusions, envelope, measurable inputs, critical-interface route, candidate process envelope and test method are specified; exact customer variant and complete process evidence remain open. Hard gates: G0 PASS; G1 PASS; G2 WARN; G3 FAIL; G4 PASS; G5 PASS; G6 PASS",business/02-portfolio/research-ideas-additions-2.csv,2026-09-04,1.3
SKU-221,C2 · R2 · K1 · Lane E · LOW_UNKNOWN,C2,R2,K1,E,B,LOW_UNKNOWN,CONCEPT_ONLY,STRUCTURED RESEARCH PREFLIGHT R2 — NOT PRODUCT RELEASE APPROVAL,2,2,1,"Explicit concept preflight PC=34.25/100. Purpose, exclusions, envelope, measurable inputs, critical-interface route, candidate process envelope and test method are specified; exact customer variant and complete process evidence remain open. Hard gates: G0 PASS; G1 PASS; G2 WARN; G3 FAIL; G4 PASS; G5 PASS; G6 PASS",business/02-portfolio/research-ideas-additions-2.csv,2026-09-04,1.3
SKU-222,C2 · R2 · K1 · Lane E · LOW_UNKNOWN,C2,R2,K1,E,B,LOW_UNKNOWN,CONCEPT_ONLY,STRUCTURED RESEARCH PREFLIGHT R2 — NOT PRODUCT RELEASE APPROVAL,2,2,1,"Explicit concept preflight PC=34.25/100. Purpose, exclusions, envelope, measurable inputs, critical-interface route, candidate process envelope and test method are specified; exact customer variant and complete process evidence remain open. Hard gates: G0 PASS; G1 PASS; G2 WARN; G3 FAIL; G4 PASS; G5 PASS; G6 PASS",business/02-portfolio/research-ideas-additions-2.csv,2026-09-04,1.3
SKU-223,C2 · R2 · K1 · Lane E · LOW_UNKNOWN,C2,R2,K1,E,B,LOW_UNKNOWN,CONCEPT_ONLY,STRUCTURED RESEARCH PREFLIGHT R2 — NOT PRODUCT RELEASE APPROVAL,2,2,1,"Explicit concept preflight PC=30.5/100. Purpose, exclusions, envelope, measurable inputs, critical-interface route, candidate process envelope and test method are specified; exact customer variant and complete process evidence remain open. Hard gates: G0 PASS; G1 PASS; G2 WARN; G3 FAIL; G4 PASS; G5 PASS; G6 PASS",business/02-portfolio/research-ideas-additions-2.csv,2026-09-04,1.3
SKU-224,C2 · R2 · K1 · Lane E · LOW_UNKNOWN,C2,R2,K1,E,B,LOW_UNKNOWN,CONCEPT_ONLY,STRUCTURED RESEARCH PREFLIGHT R2 — NOT PRODUCT RELEASE APPROVAL,2,3,1,"Explicit concept preflight PC=30.5/100. Purpose, exclusions, envelope, measurable inputs, critical-interface route, candidate process envelope and test method are specified; exact customer variant and complete process evidence remain open. Hard gates: G0 PASS; G1 PASS; G2 WARN; G3 FAIL; G4 PASS; G5 PASS; G6 PASS",business/02-portfolio/research-ideas-additions-2.csv,2026-09-04,1.3
SKU-225,C2 · R2 · K1 · Lane E · LOW_UNKNOWN,C2,R2,K1,E,B,LOW_UNKNOWN,CONCEPT_ONLY,STRUCTURED RESEARCH PREFLIGHT R2 — NOT PRODUCT RELEASE APPROVAL,2,2,1,"Explicit concept preflight PC=34.25/100. Purpose, exclusions, envelope, measurable inputs, critical-interface route, candidate process envelope and test method are specified; exact customer variant and complete process evidence remain open. Hard gates: G0 PASS; G1 PASS; G2 WARN; G3 FAIL; G4 PASS; G5 PASS; G6 PASS",business/02-portfolio/research-ideas-additions-2.csv,2026-09-04,1.3
SKU-226,C2 · R2 · K1 · Lane E · LOW_UNKNOWN,C2,R2,K1,E,B,LOW_UNKNOWN,CONCEPT_ONLY,STRUCTURED RESEARCH PREFLIGHT R2 — NOT PRODUCT RELEASE APPROVAL,2,2,1,"Explicit concept preflight PC=34.25/100. Purpose, exclusions, envelope, measurable inputs, critical-interface route, candidate process envelope and test method are specified; exact customer variant and complete process evidence remain open. Hard gates: G0 PASS; G1 PASS; G2 WARN; G3 FAIL; G4 PASS; G5 PASS; G6 PASS",business/02-portfolio/research-ideas-additions-2.csv,2026-09-04,1.3
SKU-227,C2 · R2 · K1 · Lane E · LOW_UNKNOWN,C2,R2,K1,E,B,LOW_UNKNOWN,CONCEPT_ONLY,STRUCTURED RESEARCH PREFLIGHT R2 — NOT PRODUCT RELEASE APPROVAL,2,2,1,"Explicit concept preflight PC=30.5/100. Purpose, exclusions, envelope, measurable inputs, critical-interface route, candidate process envelope and test method are specified; exact customer variant and complete process evidence remain open. Hard gates: G0 PASS; G1 PASS; G2 WARN; G3 FAIL; G4 PASS; G5 PASS; G6 PASS",business/02-portfolio/research-ideas-additions-2.csv,2026-09-04,1.3
SKU-228,C2 · R2 · K1 · Lane E · LOW_UNKNOWN,C2,R2,K1,E,B,LOW_UNKNOWN,CONCEPT_ONLY,STRUCTURED RESEARCH PREFLIGHT R2 — NOT PRODUCT RELEASE APPROVAL,2,2,1,"Explicit concept preflight PC=34.25/100. Purpose, exclusions, envelope, measurable inputs, critical-interface route, candidate process envelope and test method are specified; exact customer variant and complete process evidence remain open. Hard gates: G0 PASS; G1 PASS; G2 WARN; G3 FAIL; G4 PASS; G5 PASS; G6 PASS",business/02-portfolio/research-ideas-additions-2.csv,2026-09-04,1.3
SKU-229,C2 · R2 · K1 · Lane E · LOW_UNKNOWN,C2,R2,K1,E,B,LOW_UNKNOWN,CONCEPT_ONLY,STRUCTURED RESEARCH PREFLIGHT R2 — NOT PRODUCT RELEASE APPROVAL,1,1,1,"Explicit concept preflight PC=27.25/100. Purpose, exclusions, envelope, measurable inputs, critical-interface route, candidate process envelope and test method are specified; exact customer variant and complete process evidence remain open. Hard gates: G0 PASS; G1 PASS; G2 WARN; G3 FAIL; G4 PASS; G5 PASS; G6 PASS",business/02-portfolio/research-ideas-additions-2.csv,2026-09-04,1.3
SKU-230,C2 · R2 · K1 · Lane E · LOW_UNKNOWN,C2,R2,K1,E,B,LOW_UNKNOWN,CONCEPT_ONLY,STRUCTURED RESEARCH PREFLIGHT R2 — NOT PRODUCT RELEASE APPROVAL,2,2,1,"Explicit concept preflight PC=34.25/100. Purpose, exclusions, envelope, measurable inputs, critical-interface route, candidate process envelope and test method are specified; exact customer variant and complete process evidence remain open. Hard gates: G0 PASS; G1 PASS; G2 WARN; G3 FAIL; G4 PASS; G5 PASS; G6 PASS",business/02-portfolio/research-ideas-additions-2.csv,2026-09-04,1.3
SKU-231,C2 · R2 · K1 · Lane E · LOW_UNKNOWN,C2,R2,K1,E,B,LOW_UNKNOWN,CONCEPT_ONLY,STRUCTURED RESEARCH PREFLIGHT R2 — NOT PRODUCT RELEASE APPROVAL,1,1,1,"Explicit concept preflight PC=27.25/100. Purpose, exclusions, envelope, measurable inputs, critical-interface route, candidate process envelope and test method are specified; exact customer variant and complete process evidence remain open. Hard gates: G0 PASS; G1 PASS; G2 WARN; G3 FAIL; G4 PASS; G5 PASS; G6 PASS",business/02-portfolio/research-ideas-additions-2.csv,2026-09-04,1.3
SKU-232,C2 · R2 · K1 · Lane E · LOW_UNKNOWN,C2,R2,K1,E,B,LOW_UNKNOWN,CONCEPT_ONLY,STRUCTURED RESEARCH PREFLIGHT R2 — NOT PRODUCT RELEASE APPROVAL,2,2,1,"Explicit concept preflight PC=34.25/100. Purpose, exclusions, envelope, measurable inputs, critical-interface route, candidate process envelope and test method are specified; exact customer variant and complete process evidence remain open. Hard gates: G0 PASS; G1 PASS; G2 WARN; G3 FAIL; G4 PASS; G5 PASS; G6 PASS",business/02-portfolio/research-ideas-additions-2.csv,2026-09-04,1.3
SKU-233,C2 · R2 · K1 · Lane E · LOW_UNKNOWN,C2,R2,K1,E,B,LOW_UNKNOWN,CONCEPT_ONLY,STRUCTURED RESEARCH PREFLIGHT R2 — NOT PRODUCT RELEASE APPROVAL,2,2,1,"Explicit concept preflight PC=34.25/100. Purpose, exclusions, envelope, measurable inputs, critical-interface route, candidate process envelope and test method are specified; exact customer variant and complete process evidence remain open. Hard gates: G0 PASS; G1 PASS; G2 WARN; G3 FAIL; G4 PASS; G5 PASS; G6 PASS",business/02-portfolio/research-ideas-additions-2.csv,2026-09-04,1.3
SKU-234,C2 · R2 · K1 · Lane E · LOW_UNKNOWN,C2,R2,K1,E,B,LOW_UNKNOWN,CONCEPT_ONLY,STRUCTURED RESEARCH PREFLIGHT R2 — NOT PRODUCT RELEASE APPROVAL,1,1,1,"Explicit concept preflight PC=27.25/100. Purpose, exclusions, envelope, measurable inputs, critical-interface route, candidate process envelope and test method are specified; exact customer variant and complete process evidence remain open. Hard gates: G0 PASS; G1 PASS; G2 WARN; G3 FAIL; G4 PASS; G5 PASS; G6 PASS",business/02-portfolio/research-ideas-additions-2.csv,2026-09-04,1.3
SKU-235,C2 · R2 · K1 · Lane E · LOW_UNKNOWN,C2,R2,K1,E,B,LOW_UNKNOWN,CONCEPT_ONLY,STRUCTURED RESEARCH PREFLIGHT R2 — NOT PRODUCT RELEASE APPROVAL,2,2,1,"Explicit concept preflight PC=30.5/100. Purpose, exclusions, envelope, measurable inputs, critical-interface route, candidate process envelope and test method are specified; exact customer variant and complete process evidence remain open. Hard gates: G0 PASS; G1 PASS; G2 WARN; G3 FAIL; G4 PASS; G5 PASS; G6 PASS",business/02-portfolio/research-ideas-additions-2.csv,2026-09-04,1.3
SKU-236,C2 · R2 · K1 · Lane E · LOW_UNKNOWN,C2,R2,K1,E,B,LOW_UNKNOWN,CONCEPT_ONLY,STRUCTURED RESEARCH PREFLIGHT R2 — NOT PRODUCT RELEASE APPROVAL,2,2,1,"Explicit concept preflight PC=30.5/100. Purpose, exclusions, envelope, measurable inputs, critical-interface route, candidate process envelope and test method are specified; exact customer variant and complete process evidence remain open. Hard gates: G0 PASS; G1 PASS; G2 WARN; G3 FAIL; G4 PASS; G5 PASS; G6 PASS",business/02-portfolio/research-ideas-additions-2.csv,2026-09-04,1.3
SKU-237,C2 · R2 · K1 · Lane E · LOW_UNKNOWN,C2,R2,K1,E,B,LOW_UNKNOWN,CONCEPT_ONLY,STRUCTURED RESEARCH PREFLIGHT R2 — NOT PRODUCT RELEASE APPROVAL,2,2,1,"Explicit concept preflight PC=34.25/100. Purpose, exclusions, envelope, measurable inputs, critical-interface route, candidate process envelope and test method are specified; exact customer variant and complete process evidence remain open. Hard gates: G0 PASS; G1 PASS; G2 WARN; G3 FAIL; G4 PASS; G5 PASS; G6 PASS",business/02-portfolio/research-ideas-additions-2.csv,2026-09-04,1.3
SKU-238,C2 · R2 · K1 · Lane E · LOW_UNKNOWN,C2,R2,K1,E,B,LOW_UNKNOWN,CONCEPT_ONLY,STRUCTURED RESEARCH PREFLIGHT R2 — NOT PRODUCT RELEASE APPROVAL,2,2,1,"Explicit concept preflight PC=34.25/100. Purpose, exclusions, envelope, measurable inputs, critical-interface route, candidate process envelope and test method are specified; exact customer variant and complete process evidence remain open. Hard gates: G0 PASS; G1 PASS; G2 WARN; G3 FAIL; G4 PASS; G5 PASS; G6 PASS",business/02-portfolio/research-ideas-additions-2.csv,2026-09-04,1.3
SKU-239,C2 · R2 · K1 · Lane E · LOW_UNKNOWN,C2,R2,K1,E,B,LOW_UNKNOWN,CONCEPT_ONLY,STRUCTURED RESEARCH PREFLIGHT R2 — NOT PRODUCT RELEASE APPROVAL,1,1,1,"Explicit concept preflight PC=27.25/100. Purpose, exclusions, envelope, measurable inputs, critical-interface route, candidate process envelope and test method are specified; exact customer variant and complete process evidence remain open. Hard gates: G0 PASS; G1 PASS; G2 WARN; G3 FAIL; G4 PASS; G5 PASS; G6 PASS",business/02-portfolio/research-ideas-additions-2.csv,2026-09-04,1.3
SKU-240,C2 · R2 · K1 · Lane E · LOW_UNKNOWN,C2,R2,K1,E,B,LOW_UNKNOWN,CONCEPT_ONLY,STRUCTURED RESEARCH PREFLIGHT R2 — NOT PRODUCT RELEASE APPROVAL,2,2,1,"Explicit concept preflight PC=34.25/100. Purpose, exclusions, envelope, measurable inputs, critical-interface route, candidate process envelope and test method are specified; exact customer variant and complete process evidence remain open. Hard gates: G0 PASS; G1 PASS; G2 WARN; G3 FAIL; G4 PASS; G5 PASS; G6 PASS",business/02-portfolio/research-ideas-additions-2.csv,2026-09-04,1.3
SKU-241,C2 · R2 · K1 · Lane E · LOW_UNKNOWN,C2,R2,K1,E,B,LOW_UNKNOWN,CONCEPT_ONLY,STRUCTURED RESEARCH PREFLIGHT R2 — NOT PRODUCT RELEASE APPROVAL,2,2,1,"Explicit concept preflight PC=34.25/100. Purpose, exclusions, envelope, measurable inputs, critical-interface route, candidate process envelope and test method are specified; exact customer variant and complete process evidence remain open. Hard gates: G0 PASS; G1 PASS; G2 WARN; G3 FAIL; G4 PASS; G5 PASS; G6 PASS",business/02-portfolio/research-ideas-additions-2.csv,2026-09-04,1.3
SKU-242,C2 · R2 · K1 · Lane E · LOW_UNKNOWN,C2,R2,K1,E,B,LOW_UNKNOWN,CONCEPT_ONLY,STRUCTURED RESEARCH PREFLIGHT R2 — NOT PRODUCT RELEASE APPROVAL,2,2,1,"Explicit concept preflight PC=34.25/100. Purpose, exclusions, envelope, measurable inputs, critical-interface route, candidate process envelope and test method are specified; exact customer variant and complete process evidence remain open. Hard gates: G0 PASS; G1 PASS; G2 WARN; G3 FAIL; G4 PASS; G5 PASS; G6 PASS",business/02-portfolio/research-ideas-additions-2.csv,2026-09-04,1.3
SKU-243,C2 · R2 · K1 · Lane E · LOW_UNKNOWN,C2,R2,K1,E,B,LOW_UNKNOWN,CONCEPT_ONLY,STRUCTURED RESEARCH PREFLIGHT R2 — NOT PRODUCT RELEASE APPROVAL,2,3,1,"Explicit concept preflight PC=34.25/100. Purpose, exclusions, envelope, measurable inputs, critical-interface route, candidate process envelope and test method are specified; exact customer variant and complete process evidence remain open. Hard gates: G0 PASS; G1 PASS; G2 WARN; G3 FAIL; G4 PASS; G5 PASS; G6 PASS",business/02-portfolio/research-ideas-additions-2.csv,2026-09-04,1.3
SKU-244,C2 · R2 · K1 · Lane E · LOW_UNKNOWN,C2,R2,K1,E,B,LOW_UNKNOWN,CONCEPT_ONLY,STRUCTURED RESEARCH PREFLIGHT R2 — NOT PRODUCT RELEASE APPROVAL,2,2,1,"Explicit concept preflight PC=30.5/100. Purpose, exclusions, envelope, measurable inputs, critical-interface route, candidate process envelope and test method are specified; exact customer variant and complete process evidence remain open. Hard gates: G0 PASS; G1 PASS; G2 WARN; G3 FAIL; G4 PASS; G5 PASS; G6 PASS",business/02-portfolio/research-ideas-additions-2.csv,2026-09-04,1.3
SKU-245,C2 · R2 · K1 · Lane E · LOW_UNKNOWN,C2,R2,K1,E,B,LOW_UNKNOWN,CONCEPT_ONLY,STRUCTURED RESEARCH PREFLIGHT R2 — NOT PRODUCT RELEASE APPROVAL,2,3,1,"Explicit concept preflight PC=30.5/100. Purpose, exclusions, envelope, measurable inputs, critical-interface route, candidate process envelope and test method are specified; exact customer variant and complete process evidence remain open. Hard gates: G0 PASS; G1 PASS; G2 WARN; G3 FAIL; G4 PASS; G5 PASS; G6 PASS",business/02-portfolio/research-ideas-additions-2.csv,2026-09-04,1.3
SKU-246,C2 · R2 · K1 · Lane E · LOW_UNKNOWN,C2,R2,K1,E,B,LOW_UNKNOWN,CONCEPT_ONLY,STRUCTURED RESEARCH PREFLIGHT R2 — NOT PRODUCT RELEASE APPROVAL,2,2,1,"Explicit concept preflight PC=34.25/100. Purpose, exclusions, envelope, measurable inputs, critical-interface route, candidate process envelope and test method are specified; exact customer variant and complete process evidence remain open. Hard gates: G0 PASS; G1 PASS; G2 WARN; G3 FAIL; G4 PASS; G5 PASS; G6 PASS",business/02-portfolio/research-ideas-additions-2.csv,2026-09-04,1.3
SKU-247,C2 · R2 · K1 · Lane E · LOW_UNKNOWN,C2,R2,K1,E,B,LOW_UNKNOWN,CONCEPT_ONLY,STRUCTURED RESEARCH PREFLIGHT R2 — NOT PRODUCT RELEASE APPROVAL,2,3,1,"Explicit concept preflight PC=30.5/100. Purpose, exclusions, envelope, measurable inputs, critical-interface route, candidate process envelope and test method are specified; exact customer variant and complete process evidence remain open. Hard gates: G0 PASS; G1 PASS; G2 WARN; G3 FAIL; G4 PASS; G5 PASS; G6 PASS",business/02-portfolio/research-ideas-additions-2.csv,2026-09-04,1.3
SKU-248,C2 · R2 · K1 · Lane E · LOW_UNKNOWN,C2,R2,K1,E,B,LOW_UNKNOWN,CONCEPT_ONLY,STRUCTURED RESEARCH PREFLIGHT R2 — NOT PRODUCT RELEASE APPROVAL,2,2,1,"Explicit concept preflight PC=30.5/100. Purpose, exclusions, envelope, measurable inputs, critical-interface route, candidate process envelope and test method are specified; exact customer variant and complete process evidence remain open. Hard gates: G0 PASS; G1 PASS; G2 WARN; G3 FAIL; G4 PASS; G5 PASS; G6 PASS",business/02-portfolio/research-ideas-additions-2.csv,2026-09-04,1.3
SKU-249,C2 · R2 · K1 · Lane E · LOW_UNKNOWN,C2,R2,K1,E,B,LOW_UNKNOWN,CONCEPT_ONLY,STRUCTURED RESEARCH PREFLIGHT R2 — NOT PRODUCT RELEASE APPROVAL,2,2,1,"Explicit concept preflight PC=34.25/100. Purpose, exclusions, envelope, measurable inputs, critical-interface route, candidate process envelope and test method are specified; exact customer variant and complete process evidence remain open. Hard gates: G0 PASS; G1 PASS; G2 WARN; G3 FAIL; G4 PASS; G5 PASS; G6 PASS",business/02-portfolio/research-ideas-additions-2.csv,2026-09-04,1.3
SKU-250,C2 · R2 · K1 · Lane E · LOW_UNKNOWN,C2,R2,K1,E,B,LOW_UNKNOWN,CONCEPT_ONLY,STRUCTURED RESEARCH PREFLIGHT R2 — NOT PRODUCT RELEASE APPROVAL,2,3,1,"Explicit concept preflight PC=30.5/100. Purpose, exclusions, envelope, measurable inputs, critical-interface route, candidate process envelope and test method are specified; exact customer variant and complete process evidence remain open. Hard gates: G0 PASS; G1 PASS; G2 WARN; G3 FAIL; G4 PASS; G5 PASS; G6 PASS",business/02-portfolio/research-ideas-additions-2.csv,2026-09-04,1.3
SKU-251,C2 · R2 · K1 · Lane E · LOW_UNKNOWN,C2,R2,K1,E,B,LOW_UNKNOWN,CONCEPT_ONLY,STRUCTURED RESEARCH PREFLIGHT R2 — NOT PRODUCT RELEASE APPROVAL,2,2,1,"Explicit concept preflight PC=34.25/100. Purpose, exclusions, envelope, measurable inputs, critical-interface route, candidate process envelope and test method are specified; exact customer variant and complete process evidence remain open. Hard gates: G0 PASS; G1 PASS; G2 WARN; G3 FAIL; G4 PASS; G5 PASS; G6 PASS",business/02-portfolio/research-ideas-additions-2.csv,2026-09-04,1.3
SKU-252,C2 · R2 · K1 · Lane E · LOW_UNKNOWN,C2,R2,K1,E,B,LOW_UNKNOWN,CONCEPT_ONLY,STRUCTURED RESEARCH PREFLIGHT R2 — NOT PRODUCT RELEASE APPROVAL,2,2,1,"Explicit concept preflight PC=34.25/100. Purpose, exclusions, envelope, measurable inputs, critical-interface route, candidate process envelope and test method are specified; exact customer variant and complete process evidence remain open. Hard gates: G0 PASS; G1 PASS; G2 WARN; G3 FAIL; G4 PASS; G5 PASS; G6 PASS",business/02-portfolio/research-ideas-additions-2.csv,2026-09-04,1.3
SKU-253,C2 · R2 · K1 · Lane E · LOW_UNKNOWN,C2,R2,K1,E,B,LOW_UNKNOWN,CONCEPT_ONLY,STRUCTURED RESEARCH PREFLIGHT R2 — NOT PRODUCT RELEASE APPROVAL,2,2,1,"Explicit concept preflight PC=34.25/100. Purpose, exclusions, envelope, measurable inputs, critical-interface route, candidate process envelope and test method are specified; exact customer variant and complete process evidence remain open. Hard gates: G0 PASS; G1 PASS; G2 WARN; G3 FAIL; G4 PASS; G5 PASS; G6 PASS",business/02-portfolio/research-ideas-additions-2.csv,2026-09-04,1.3
SKU-254,C2 · R2 · K1 · Lane E · LOW_UNKNOWN,C2,R2,K1,E,B,LOW_UNKNOWN,CONCEPT_ONLY,STRUCTURED RESEARCH PREFLIGHT R2 — NOT PRODUCT RELEASE APPROVAL,2,2,1,"Explicit concept preflight PC=34.25/100. Purpose, exclusions, envelope, measurable inputs, critical-interface route, candidate process envelope and test method are specified; exact customer variant and complete process evidence remain open. Hard gates: G0 PASS; G1 PASS; G2 WARN; G3 FAIL; G4 PASS; G5 PASS; G6 PASS",business/02-portfolio/research-ideas-additions-2.csv,2026-09-04,1.3
SKU-255,C2 · R2 · K1 · Lane E · LOW_UNKNOWN,C2,R2,K1,E,B,LOW_UNKNOWN,CONCEPT_ONLY,STRUCTURED RESEARCH PREFLIGHT R2 — NOT PRODUCT RELEASE APPROVAL,2,2,1,"Explicit concept preflight PC=30.5/100. Purpose, exclusions, envelope, measurable inputs, critical-interface route, candidate process envelope and test method are specified; exact customer variant and complete process evidence remain open. Hard gates: G0 PASS; G1 PASS; G2 WARN; G3 FAIL; G4 PASS; G5 PASS; G6 PASS",business/02-portfolio/research-ideas-additions-2.csv,2026-09-04,1.3
SKU-256,C2 · R2 · K1 · Lane E · LOW_UNKNOWN,C2,R2,K1,E,B,LOW_UNKNOWN,CONCEPT_ONLY,STRUCTURED RESEARCH PREFLIGHT R2 — NOT PRODUCT RELEASE APPROVAL,2,3,1,"Explicit concept preflight PC=30.5/100. Purpose, exclusions, envelope, measurable inputs, critical-interface route, candidate process envelope and test method are specified; exact customer variant and complete process evidence remain open. Hard gates: G0 PASS; G1 PASS; G2 WARN; G3 FAIL; G4 PASS; G5 PASS; G6 PASS",business/02-portfolio/research-ideas-additions-2.csv,2026-09-04,1.3
SKU-257,C2 · R2 · K1 · Lane E · LOW_UNKNOWN,C2,R2,K1,E,B,LOW_UNKNOWN,CONCEPT_ONLY,STRUCTURED RESEARCH PREFLIGHT R2 — NOT PRODUCT RELEASE APPROVAL,2,2,1,"Explicit concept preflight PC=34.25/100. Purpose, exclusions, envelope, measurable inputs, critical-interface route, candidate process envelope and test method are specified; exact customer variant and complete process evidence remain open. Hard gates: G0 PASS; G1 PASS; G2 WARN; G3 FAIL; G4 PASS; G5 PASS; G6 PASS",business/02-portfolio/research-ideas-additions-2.csv,2026-09-04,1.3
SKU-258,C2 · R2 · K1 · Lane E · LOW_UNKNOWN,C2,R2,K1,E,B,LOW_UNKNOWN,CONCEPT_ONLY,STRUCTURED RESEARCH PREFLIGHT R2 — NOT PRODUCT RELEASE APPROVAL,2,2,1,"Explicit concept preflight PC=30.5/100. Purpose, exclusions, envelope, measurable inputs, critical-interface route, candidate process envelope and test method are specified; exact customer variant and complete process evidence remain open. Hard gates: G0 PASS; G1 PASS; G2 WARN; G3 FAIL; G4 PASS; G5 PASS; G6 PASS",business/02-portfolio/research-ideas-additions-2.csv,2026-09-04,1.3
SKU-259,C2 · R2 · K1 · Lane E · LOW_UNKNOWN,C2,R2,K1,E,B,LOW_UNKNOWN,CONCEPT_ONLY,STRUCTURED RESEARCH PREFLIGHT R2 — NOT PRODUCT RELEASE APPROVAL,2,2,1,"Explicit concept preflight PC=30.5/100. Purpose, exclusions, envelope, measurable inputs, critical-interface route, candidate process envelope and test method are specified; exact customer variant and complete process evidence remain open. Hard gates: G0 PASS; G1 PASS; G2 WARN; G3 FAIL; G4 PASS; G5 PASS; G6 PASS",business/02-portfolio/research-ideas-additions-2.csv,2026-09-04,1.3
SKU-260,C2 · R2 · K1 · Lane E · LOW_UNKNOWN,C2,R2,K1,E,B,LOW_UNKNOWN,CONCEPT_ONLY,STRUCTURED RESEARCH PREFLIGHT R2 — NOT PRODUCT RELEASE APPROVAL,2,2,1,"Explicit concept preflight PC=34.25/100. Purpose, exclusions, envelope, measurable inputs, critical-interface route, candidate process envelope and test method are specified; exact customer variant and complete process evidence remain open. Hard gates: G0 PASS; G1 PASS; G2 WARN; G3 FAIL; G4 PASS; G5 PASS; G6 PASS",business/02-portfolio/research-ideas-additions-2.csv,2026-09-04,1.3
SKU-261,C2 · R2 · K1 · Lane E · LOW_UNKNOWN,C2,R2,K1,E,B,LOW_UNKNOWN,CONCEPT_ONLY,STRUCTURED RESEARCH PREFLIGHT R2 — NOT PRODUCT RELEASE APPROVAL,2,2,1,"Explicit concept preflight PC=34.25/100. Purpose, exclusions, envelope, measurable inputs, critical-interface route, candidate process envelope and test method are specified; exact customer variant and complete process evidence remain open. Hard gates: G0 PASS; G1 PASS; G2 WARN; G3 FAIL; G4 PASS; G5 PASS; G6 PASS",business/02-portfolio/research-ideas-additions-2.csv,2026-09-04,1.3
SKU-262,C2 · R2 · K1 · Lane E · LOW_UNKNOWN,C2,R2,K1,E,B,LOW_UNKNOWN,CONCEPT_ONLY,STRUCTURED RESEARCH PREFLIGHT R2 — NOT PRODUCT RELEASE APPROVAL,2,2,1,"Explicit concept preflight PC=34.25/100. Purpose, exclusions, envelope, measurable inputs, critical-interface route, candidate process envelope and test method are specified; exact customer variant and complete process evidence remain open. Hard gates: G0 PASS; G1 PASS; G2 WARN; G3 FAIL; G4 PASS; G5 PASS; G6 PASS",business/02-portfolio/research-ideas-additions-2.csv,2026-09-04,1.3
SKU-263,C2 · R2 · K1 · Lane E · LOW_UNKNOWN,C2,R2,K1,E,B,LOW_UNKNOWN,CONCEPT_ONLY,STRUCTURED RESEARCH PREFLIGHT R2 — NOT PRODUCT RELEASE APPROVAL,1,1,1,"Explicit concept preflight PC=27.25/100. Purpose, exclusions, envelope, measurable inputs, critical-interface route, candidate process envelope and test method are specified; exact customer variant and complete process evidence remain open. Hard gates: G0 PASS; G1 PASS; G2 WARN; G3 FAIL; G4 PASS; G5 PASS; G6 PASS",business/02-portfolio/research-ideas-additions-2.csv,2026-09-04,1.3
SKU-264,C2 · R2 · K1 · Lane E · LOW_UNKNOWN,C2,R2,K1,E,B,LOW_UNKNOWN,CONCEPT_ONLY,STRUCTURED RESEARCH PREFLIGHT R2 — NOT PRODUCT RELEASE APPROVAL,2,2,1,"Explicit concept preflight PC=34.25/100. Purpose, exclusions, envelope, measurable inputs, critical-interface route, candidate process envelope and test method are specified; exact customer variant and complete process evidence remain open. Hard gates: G0 PASS; G1 PASS; G2 WARN; G3 FAIL; G4 PASS; G5 PASS; G6 PASS",business/02-portfolio/research-ideas-additions-2.csv,2026-09-04,1.3
SKU-265,C2 · R2 · K1 · Lane E · LOW_UNKNOWN,C2,R2,K1,E,B,LOW_UNKNOWN,CONCEPT_ONLY,STRUCTURED RESEARCH PREFLIGHT R2 — NOT PRODUCT RELEASE APPROVAL,2,2,1,"Explicit concept preflight PC=34.25/100. Purpose, exclusions, envelope, measurable inputs, critical-interface route, candidate process envelope and test method are specified; exact customer variant and complete process evidence remain open. Hard gates: G0 PASS; G1 PASS; G2 WARN; G3 FAIL; G4 PASS; G5 PASS; G6 PASS",business/02-portfolio/research-ideas-additions-2.csv,2026-09-04,1.3
SKU-266,C1 · R2 · K1 · Lane E · LOW_UNKNOWN,C1,R2,K1,E,B,LOW_UNKNOWN,CONCEPT_ONLY,STRUCTURED RESEARCH PREFLIGHT R2 — NOT PRODUCT RELEASE APPROVAL,1,1,1,"Explicit concept preflight PC=15.75/100. Purpose, exclusions, envelope, measurable inputs, critical-interface route, candidate process envelope and test method are specified; exact customer variant and complete process evidence remain open. Hard gates: G0 PASS; G1 PASS; G2 WARN; G3 FAIL; G4 PASS; G5 PASS; G6 PASS",business/02-portfolio/research-ideas-additions-2.csv,2026-09-04,1.3
SKU-267,C2 · R2 · K1 · Lane E · LOW_UNKNOWN,C2,R2,K1,E,B,LOW_UNKNOWN,CONCEPT_ONLY,STRUCTURED RESEARCH PREFLIGHT R2 — NOT PRODUCT RELEASE APPROVAL,2,2,1,"Explicit concept preflight PC=34.25/100. Purpose, exclusions, envelope, measurable inputs, critical-interface route, candidate process envelope and test method are specified; exact customer variant and complete process evidence remain open. Hard gates: G0 PASS; G1 PASS; G2 WARN; G3 FAIL; G4 PASS; G5 PASS; G6 PASS",business/02-portfolio/research-ideas-additions-2.csv,2026-09-04,1.3
SKU-268,C2 · R2 · K1 · Lane E · LOW_UNKNOWN,C2,R2,K1,E,B,LOW_UNKNOWN,CONCEPT_ONLY,STRUCTURED RESEARCH PREFLIGHT R2 — NOT PRODUCT RELEASE APPROVAL,2,2,1,"Explicit concept preflight PC=34.25/100. Purpose, exclusions, envelope, measurable inputs, critical-interface route, candidate process envelope and test method are specified; exact customer variant and complete process evidence remain open. Hard gates: G0 PASS; G1 PASS; G2 WARN; G3 FAIL; G4 PASS; G5 PASS; G6 PASS",business/02-portfolio/research-ideas-additions-2.csv,2026-09-04,1.3
SKU-269,C2 · R2 · K1 · Lane E · LOW_UNKNOWN,C2,R2,K1,E,B,LOW_UNKNOWN,CONCEPT_ONLY,STRUCTURED RESEARCH PREFLIGHT R2 — NOT PRODUCT RELEASE APPROVAL,2,2,1,"Explicit concept preflight PC=30.5/100. Purpose, exclusions, envelope, measurable inputs, critical-interface route, candidate process envelope and test method are specified; exact customer variant and complete process evidence remain open. Hard gates: G0 PASS; G1 PASS; G2 WARN; G3 FAIL; G4 PASS; G5 PASS; G6 PASS",business/02-portfolio/research-ideas-additions-2.csv,2026-09-04,1.3
SKU-270,C2 · R2 · K1 · Lane E · LOW_UNKNOWN,C2,R2,K1,E,B,LOW_UNKNOWN,CONCEPT_ONLY,STRUCTURED RESEARCH PREFLIGHT R2 — NOT PRODUCT RELEASE APPROVAL,2,2,1,"Explicit concept preflight PC=30.5/100. Purpose, exclusions, envelope, measurable inputs, critical-interface route, candidate process envelope and test method are specified; exact customer variant and complete process evidence remain open. Hard gates: G0 PASS; G1 PASS; G2 WARN; G3 FAIL; G4 PASS; G5 PASS; G6 PASS",business/02-portfolio/research-ideas-additions-2.csv,2026-09-04,1.3
SKU-271,C2 · R2 · K1 · Lane E · LOW_UNKNOWN,C2,R2,K1,E,B,LOW_UNKNOWN,CONCEPT_ONLY,STRUCTURED RESEARCH PREFLIGHT R2 — NOT PRODUCT RELEASE APPROVAL,2,2,1,"Explicit concept preflight PC=34.25/100. Purpose, exclusions, envelope, measurable inputs, critical-interface route, candidate process envelope and test method are specified; exact customer variant and complete process evidence remain open. Hard gates: G0 PASS; G1 PASS; G2 WARN; G3 FAIL; G4 PASS; G5 PASS; G6 PASS",business/02-portfolio/research-ideas-additions-2.csv,2026-09-04,1.3
SKU-272,C2 · R2 · K1 · Lane E · LOW_UNKNOWN,C2,R2,K1,E,B,LOW_UNKNOWN,CONCEPT_ONLY,STRUCTURED RESEARCH PREFLIGHT R2 — NOT PRODUCT RELEASE APPROVAL,1,1,1,"Explicit concept preflight PC=27.25/100. Purpose, exclusions, envelope, measurable inputs, critical-interface route, candidate process envelope and test method are specified; exact customer variant and complete process evidence remain open. Hard gates: G0 PASS; G1 PASS; G2 WARN; G3 FAIL; G4 PASS; G5 PASS; G6 PASS",business/02-portfolio/research-ideas-additions-2.csv,2026-09-04,1.3
SKU-273,C2 · R2 · K1 · Lane E · LOW_UNKNOWN,C2,R2,K1,E,B,LOW_UNKNOWN,CONCEPT_ONLY,STRUCTURED RESEARCH PREFLIGHT R2 — NOT PRODUCT RELEASE APPROVAL,1,2,1,"Explicit concept preflight PC=27.25/100. Purpose, exclusions, envelope, measurable inputs, critical-interface route, candidate process envelope and test method are specified; exact customer variant and complete process evidence remain open. Hard gates: G0 PASS; G1 PASS; G2 WARN; G3 FAIL; G4 PASS; G5 PASS; G6 PASS",business/02-portfolio/research-ideas-additions-2.csv,2026-09-04,1.3
SKU-274,C2 · R2 · K1 · Lane E · LOW_UNKNOWN,C2,R2,K1,E,B,LOW_UNKNOWN,CONCEPT_ONLY,STRUCTURED RESEARCH PREFLIGHT R2 — NOT PRODUCT RELEASE APPROVAL,2,2,1,"Explicit concept preflight PC=34.25/100. Purpose, exclusions, envelope, measurable inputs, critical-interface route, candidate process envelope and test method are specified; exact customer variant and complete process evidence remain open. Hard gates: G0 PASS; G1 PASS; G2 WARN; G3 FAIL; G4 PASS; G5 PASS; G6 PASS",business/02-portfolio/research-ideas-additions-2.csv,2026-09-04,1.3
SKU-275,C2 · R2 · K1 · Lane E · LOW_UNKNOWN,C2,R2,K1,E,B,LOW_UNKNOWN,CONCEPT_ONLY,STRUCTURED RESEARCH PREFLIGHT R2 — NOT PRODUCT RELEASE APPROVAL,1,2,1,"Explicit concept preflight PC=27.25/100. Purpose, exclusions, envelope, measurable inputs, critical-interface route, candidate process envelope and test method are specified; exact customer variant and complete process evidence remain open. Hard gates: G0 PASS; G1 PASS; G2 WARN; G3 FAIL; G4 PASS; G5 PASS; G6 PASS",business/02-portfolio/research-ideas-additions-2.csv,2026-09-04,1.3
SKU-276,C2 · R2 · K1 · Lane E · LOW_UNKNOWN,C2,R2,K1,E,B,LOW_UNKNOWN,CONCEPT_ONLY,STRUCTURED RESEARCH PREFLIGHT R2 — NOT PRODUCT RELEASE APPROVAL,2,2,1,"Explicit concept preflight PC=34.25/100. Purpose, exclusions, envelope, measurable inputs, critical-interface route, candidate process envelope and test method are specified; exact customer variant and complete process evidence remain open. Hard gates: G0 PASS; G1 PASS; G2 WARN; G3 FAIL; G4 PASS; G5 PASS; G6 PASS",business/02-portfolio/research-ideas-additions-2.csv,2026-09-04,1.3
SKU-277,C2 · R2 · K1 · Lane E · LOW_UNKNOWN,C2,R2,K1,E,B,LOW_UNKNOWN,CONCEPT_ONLY,STRUCTURED RESEARCH PREFLIGHT R2 — NOT PRODUCT RELEASE APPROVAL,2,3,1,"Explicit concept preflight PC=34.25/100. Purpose, exclusions, envelope, measurable inputs, critical-interface route, candidate process envelope and test method are specified; exact customer variant and complete process evidence remain open. Hard gates: G0 PASS; G1 PASS; G2 WARN; G3 FAIL; G4 PASS; G5 PASS; G6 PASS",business/02-portfolio/research-ideas-additions-2.csv,2026-09-04,1.3
SKU-278,C2 · R2 · K1 · Lane E · LOW_UNKNOWN,C2,R2,K1,E,B,LOW_UNKNOWN,CONCEPT_ONLY,STRUCTURED RESEARCH PREFLIGHT R2 — NOT PRODUCT RELEASE APPROVAL,2,2,1,"Explicit concept preflight PC=34.25/100. Purpose, exclusions, envelope, measurable inputs, critical-interface route, candidate process envelope and test method are specified; exact customer variant and complete process evidence remain open. Hard gates: G0 PASS; G1 PASS; G2 WARN; G3 FAIL; G4 PASS; G5 PASS; G6 PASS",business/02-portfolio/research-ideas-additions-2.csv,2026-09-04,1.3
SKU-279,C2 · R2 · K1 · Lane E · LOW_UNKNOWN,C2,R2,K1,E,B,LOW_UNKNOWN,CONCEPT_ONLY,STRUCTURED RESEARCH PREFLIGHT R2 — NOT PRODUCT RELEASE APPROVAL,1,1,1,"Explicit concept preflight PC=27.25/100. Purpose, exclusions, envelope, measurable inputs, critical-interface route, candidate process envelope and test method are specified; exact customer variant and complete process evidence remain open. Hard gates: G0 PASS; G1 PASS; G2 WARN; G3 FAIL; G4 PASS; G5 PASS; G6 PASS",business/02-portfolio/research-ideas-additions-2.csv,2026-09-04,1.3
SKU-280,C2 · R2 · K1 · Lane E · LOW_UNKNOWN,C2,R2,K1,E,B,LOW_UNKNOWN,CONCEPT_ONLY,STRUCTURED RESEARCH PREFLIGHT R2 — NOT PRODUCT RELEASE APPROVAL,2,3,1,"Explicit concept preflight PC=30.5/100. Purpose, exclusions, envelope, measurable inputs, critical-interface route, candidate process envelope and test method are specified; exact customer variant and complete process evidence remain open. Hard gates: G0 PASS; G1 PASS; G2 WARN; G3 FAIL; G4 PASS; G5 PASS; G6 PASS",business/02-portfolio/research-ideas-additions-2.csv,2026-09-04,1.3
SKU-281,C2 · R2 · K1 · Lane E · LOW_UNKNOWN,C2,R2,K1,E,B,LOW_UNKNOWN,CONCEPT_ONLY,STRUCTURED RESEARCH PREFLIGHT R2 — NOT PRODUCT RELEASE APPROVAL,1,1,1,"Explicit concept preflight PC=27.25/100. Purpose, exclusions, envelope, measurable inputs, critical-interface route, candidate process envelope and test method are specified; exact customer variant and complete process evidence remain open. Hard gates: G0 PASS; G1 PASS; G2 WARN; G3 FAIL; G4 PASS; G5 PASS; G6 PASS",business/02-portfolio/research-ideas-additions-2.csv,2026-09-04,1.3
SKU-282,C2 · R2 · K1 · Lane E · LOW_UNKNOWN,C2,R2,K1,E,B,LOW_UNKNOWN,CONCEPT_ONLY,STRUCTURED RESEARCH PREFLIGHT R2 — NOT PRODUCT RELEASE APPROVAL,1,1,1,"Explicit concept preflight PC=27.25/100. Purpose, exclusions, envelope, measurable inputs, critical-interface route, candidate process envelope and test method are specified; exact customer variant and complete process evidence remain open. Hard gates: G0 PASS; G1 PASS; G2 WARN; G3 FAIL; G4 PASS; G5 PASS; G6 PASS",business/02-portfolio/research-ideas-additions-2.csv,2026-09-04,1.3
SKU-283,C2 · R2 · K1 · Lane E · LOW_UNKNOWN,C2,R2,K1,E,B,LOW_UNKNOWN,CONCEPT_ONLY,STRUCTURED RESEARCH PREFLIGHT R2 — NOT PRODUCT RELEASE APPROVAL,1,1,1,"Explicit concept preflight PC=27.25/100. Purpose, exclusions, envelope, measurable inputs, critical-interface route, candidate process envelope and test method are specified; exact customer variant and complete process evidence remain open. Hard gates: G0 PASS; G1 PASS; G2 WARN; G3 FAIL; G4 PASS; G5 PASS; G6 PASS",business/02-portfolio/research-ideas-additions-2.csv,2026-09-04,1.3
SKU-284,C2 · R2 · K1 · Lane E · LOW_UNKNOWN,C2,R2,K1,E,B,LOW_UNKNOWN,CONCEPT_ONLY,STRUCTURED RESEARCH PREFLIGHT R2 — NOT PRODUCT RELEASE APPROVAL,1,1,1,"Explicit concept preflight PC=27.25/100. Purpose, exclusions, envelope, measurable inputs, critical-interface route, candidate process envelope and test method are specified; exact customer variant and complete process evidence remain open. Hard gates: G0 PASS; G1 PASS; G2 WARN; G3 FAIL; G4 PASS; G5 PASS; G6 PASS",business/02-portfolio/research-ideas-additions-2.csv,2026-09-04,1.3
SKU-285,C2 · R2 · K1 · Lane E · LOW_UNKNOWN,C2,R2,K1,E,B,LOW_UNKNOWN,CONCEPT_ONLY,STRUCTURED RESEARCH PREFLIGHT R2 — NOT PRODUCT RELEASE APPROVAL,1,1,1,"Explicit concept preflight PC=27.25/100. Purpose, exclusions, envelope, measurable inputs, critical-interface route, candidate process envelope and test method are specified; exact customer variant and complete process evidence remain open. Hard gates: G0 PASS; G1 PASS; G2 WARN; G3 FAIL; G4 PASS; G5 PASS; G6 PASS",business/02-portfolio/research-ideas-additions-2.csv,2026-09-04,1.3
SKU-286,C2 · R2 · K1 · Lane E · LOW_UNKNOWN,C2,R2,K1,E,B,LOW_UNKNOWN,CONCEPT_ONLY,STRUCTURED RESEARCH PREFLIGHT R2 — NOT PRODUCT RELEASE APPROVAL,1,1,1,"Explicit concept preflight PC=27.25/100. Purpose, exclusions, envelope, measurable inputs, critical-interface route, candidate process envelope and test method are specified; exact customer variant and complete process evidence remain open. Hard gates: G0 PASS; G1 PASS; G2 WARN; G3 FAIL; G4 PASS; G5 PASS; G6 PASS",business/02-portfolio/research-ideas-additions-2.csv,2026-09-04,1.3
SKU-287,C2 · R2 · K1 · Lane E · LOW_UNKNOWN,C2,R2,K1,E,B,LOW_UNKNOWN,CONCEPT_ONLY,STRUCTURED RESEARCH PREFLIGHT R2 — NOT PRODUCT RELEASE APPROVAL,1,1,1,"Explicit concept preflight PC=27.25/100. Purpose, exclusions, envelope, measurable inputs, critical-interface route, candidate process envelope and test method are specified; exact customer variant and complete process evidence remain open. Hard gates: G0 PASS; G1 PASS; G2 WARN; G3 FAIL; G4 PASS; G5 PASS; G6 PASS",business/02-portfolio/research-ideas-additions-2.csv,2026-09-04,1.3
SKU-288,C2 · R2 · K1 · Lane E · LOW_UNKNOWN,C2,R2,K1,E,B,LOW_UNKNOWN,CONCEPT_ONLY,STRUCTURED RESEARCH PREFLIGHT R2 — NOT PRODUCT RELEASE APPROVAL,1,1,1,"Explicit concept preflight PC=27.25/100. Purpose, exclusions, envelope, measurable inputs, critical-interface route, candidate process envelope and test method are specified; exact customer variant and complete process evidence remain open. Hard gates: G0 PASS; G1 PASS; G2 WARN; G3 FAIL; G4 PASS; G5 PASS; G6 PASS",business/02-portfolio/research-ideas-additions-2.csv,2026-09-04,1.3
SKU-289,C2 · R2 · K1 · Lane E · LOW_UNKNOWN,C2,R2,K1,E,B,LOW_UNKNOWN,CONCEPT_ONLY,STRUCTURED RESEARCH PREFLIGHT R2 — NOT PRODUCT RELEASE APPROVAL,1,1,1,"Explicit concept preflight PC=27.25/100. Purpose, exclusions, envelope, measurable inputs, critical-interface route, candidate process envelope and test method are specified; exact customer variant and complete process evidence remain open. Hard gates: G0 PASS; G1 PASS; G2 WARN; G3 FAIL; G4 PASS; G5 PASS; G6 PASS",business/02-portfolio/research-ideas-additions-2.csv,2026-09-04,1.3
SKU-290,C2 · R2 · K1 · Lane E · LOW_UNKNOWN,C2,R2,K1,E,B,LOW_UNKNOWN,CONCEPT_ONLY,STRUCTURED RESEARCH PREFLIGHT R2 — NOT PRODUCT RELEASE APPROVAL,2,3,1,"Explicit concept preflight PC=34.25/100. Purpose, exclusions, envelope, measurable inputs, critical-interface route, candidate process envelope and test method are specified; exact customer variant and complete process evidence remain open. Hard gates: G0 PASS; G1 PASS; G2 WARN; G3 FAIL; G4 PASS; G5 PASS; G6 PASS",business/02-portfolio/research-ideas-additions-2.csv,2026-09-04,1.3
SKU-291,C2 · R2 · K1 · Lane E · LOW_UNKNOWN,C2,R2,K1,E,B,LOW_UNKNOWN,CONCEPT_ONLY,STRUCTURED RESEARCH PREFLIGHT R2 — NOT PRODUCT RELEASE APPROVAL,1,1,1,"Explicit concept preflight PC=27.25/100. Purpose, exclusions, envelope, measurable inputs, critical-interface route, candidate process envelope and test method are specified; exact customer variant and complete process evidence remain open. Hard gates: G0 PASS; G1 PASS; G2 WARN; G3 FAIL; G4 PASS; G5 PASS; G6 PASS",business/02-portfolio/research-ideas-additions-2.csv,2026-09-04,1.3
SKU-292,C2 · R2 · K1 · Lane E · LOW_UNKNOWN,C2,R2,K1,E,B,LOW_UNKNOWN,CONCEPT_ONLY,STRUCTURED RESEARCH PREFLIGHT R2 — NOT PRODUCT RELEASE APPROVAL,2,2,1,"Explicit concept preflight PC=34.25/100. Purpose, exclusions, envelope, measurable inputs, critical-interface route, candidate process envelope and test method are specified; exact customer variant and complete process evidence remain open. Hard gates: G0 PASS; G1 PASS; G2 WARN; G3 FAIL; G4 PASS; G5 PASS; G6 PASS",business/02-portfolio/research-ideas-additions-2.csv,2026-09-04,1.3
SKU-293,C2 · R2 · K1 · Lane E · LOW_UNKNOWN,C2,R2,K1,E,B,LOW_UNKNOWN,CONCEPT_ONLY,STRUCTURED RESEARCH PREFLIGHT R2 — NOT PRODUCT RELEASE APPROVAL,2,2,1,"Explicit concept preflight PC=34.25/100. Purpose, exclusions, envelope, measurable inputs, critical-interface route, candidate process envelope and test method are specified; exact customer variant and complete process evidence remain open. Hard gates: G0 PASS; G1 PASS; G2 WARN; G3 FAIL; G4 PASS; G5 PASS; G6 PASS",business/02-portfolio/research-ideas-additions-2.csv,2026-09-04,1.3
SKU-294,C2 · R2 · K1 · Lane E · LOW_UNKNOWN,C2,R2,K1,E,B,LOW_UNKNOWN,CONCEPT_ONLY,STRUCTURED RESEARCH PREFLIGHT R2 — NOT PRODUCT RELEASE APPROVAL,1,1,1,"Explicit concept preflight PC=27.25/100. Purpose, exclusions, envelope, measurable inputs, critical-interface route, candidate process envelope and test method are specified; exact customer variant and complete process evidence remain open. Hard gates: G0 PASS; G1 PASS; G2 WARN; G3 FAIL; G4 PASS; G5 PASS; G6 PASS",business/02-portfolio/research-ideas-additions-2.csv,2026-09-04,1.3
SKU-295,C2 · R2 · K1 · Lane E · LOW_UNKNOWN,C2,R2,K1,E,B,LOW_UNKNOWN,CONCEPT_ONLY,STRUCTURED RESEARCH PREFLIGHT R2 — NOT PRODUCT RELEASE APPROVAL,1,1,1,"Explicit concept preflight PC=27.25/100. Purpose, exclusions, envelope, measurable inputs, critical-interface route, candidate process envelope and test method are specified; exact customer variant and complete process evidence remain open. Hard gates: G0 PASS; G1 PASS; G2 WARN; G3 FAIL; G4 PASS; G5 PASS; G6 PASS",business/02-portfolio/research-ideas-additions-2.csv,2026-09-04,1.3
SKU-296,C2 · R2 · K1 · Lane E · LOW_UNKNOWN,C2,R2,K1,E,B,LOW_UNKNOWN,CONCEPT_ONLY,STRUCTURED RESEARCH PREFLIGHT R2 — NOT PRODUCT RELEASE APPROVAL,2,2,1,"Explicit concept preflight PC=34.25/100. Purpose, exclusions, envelope, measurable inputs, critical-interface route, candidate process envelope and test method are specified; exact customer variant and complete process evidence remain open. Hard gates: G0 PASS; G1 PASS; G2 WARN; G3 FAIL; G4 PASS; G5 PASS; G6 PASS",business/02-portfolio/research-ideas-additions-2.csv,2026-09-04,1.3
SKU-297,C2 · R2 · K1 · Lane E · LOW_UNKNOWN,C2,R2,K1,E,B,LOW_UNKNOWN,CONCEPT_ONLY,STRUCTURED RESEARCH PREFLIGHT R2 — NOT PRODUCT RELEASE APPROVAL,2,2,1,"Explicit concept preflight PC=34.25/100. Purpose, exclusions, envelope, measurable inputs, critical-interface route, candidate process envelope and test method are specified; exact customer variant and complete process evidence remain open. Hard gates: G0 PASS; G1 PASS; G2 WARN; G3 FAIL; G4 PASS; G5 PASS; G6 PASS",business/02-portfolio/research-ideas-additions-2.csv,2026-09-04,1.3
SKU-298,C2 · R2 · K1 · Lane E · LOW_UNKNOWN,C2,R2,K1,E,B,LOW_UNKNOWN,CONCEPT_ONLY,STRUCTURED RESEARCH PREFLIGHT R2 — NOT PRODUCT RELEASE APPROVAL,2,3,1,"Explicit concept preflight PC=30.5/100. Purpose, exclusions, envelope, measurable inputs, critical-interface route, candidate process envelope and test method are specified; exact customer variant and complete process evidence remain open. Hard gates: G0 PASS; G1 PASS; G2 WARN; G3 FAIL; G4 PASS; G5 PASS; G6 PASS",business/02-portfolio/research-ideas-additions-2.csv,2026-09-04,1.3
SKU-299,C2 · R2 · K1 · Lane E · LOW_UNKNOWN,C2,R2,K1,E,B,LOW_UNKNOWN,CONCEPT_ONLY,STRUCTURED RESEARCH PREFLIGHT R2 — NOT PRODUCT RELEASE APPROVAL,2,2,1,"Explicit concept preflight PC=30.5/100. Purpose, exclusions, envelope, measurable inputs, critical-interface route, candidate process envelope and test method are specified; exact customer variant and complete process evidence remain open. Hard gates: G0 PASS; G1 PASS; G2 WARN; G3 FAIL; G4 PASS; G5 PASS; G6 PASS",business/02-portfolio/research-ideas-additions-2.csv,2026-09-04,1.3
SKU-300,C2 · R2 · K1 · Lane E · LOW_UNKNOWN,C2,R2,K1,E,B,LOW_UNKNOWN,CONCEPT_ONLY,STRUCTURED RESEARCH PREFLIGHT R2 — NOT PRODUCT RELEASE APPROVAL,1,1,1,"Explicit concept preflight PC=27.25/100. Purpose, exclusions, envelope, measurable inputs, critical-interface route, candidate process envelope and test method are specified; exact customer variant and complete process evidence remain open. Hard gates: G0 PASS; G1 PASS; G2 WARN; G3 FAIL; G4 PASS; G5 PASS; G6 PASS",business/02-portfolio/research-ideas-additions-2.csv,2026-09-04,1.3
SKU-301,C2 · R3 · K1 · Lane B · CONDITIONAL,C2,R3,K1,B,B,CONDITIONAL,GO_WITH_CONTROLS,STRUCTURED SPECIFIC-VARIANT PREFLIGHT R3 — NOT PRODUCT RELEASE APPROVAL,2,2,2,"Evidence-backed named-interface variant PC=34.0/100. The exact variant, intended use and exclusions are fixed; critical interface nominals come from a cited primary source; one exact hashed printer/material/nozzle/orientation/process baseline is pinned; acceptance criteria and a coupon/prototype method are defined. Independent dimensional and physical validation is still missing, so readiness stops at R3. Hard gates: G0 PASS; G1 PASS; G2 PASS; G3 PASS; G4 PASS; G5 PASS; G6 PASS",business/02-portfolio/research-ideas-r3-variants.csv,2026-09-04,1.3
SKU-302,C2 · R3 · K1 · Lane B · CONDITIONAL,C2,R3,K1,B,B,CONDITIONAL,GO_WITH_CONTROLS,STRUCTURED SPECIFIC-VARIANT PREFLIGHT R3 — NOT PRODUCT RELEASE APPROVAL,2,2,1,"Evidence-backed named-interface variant PC=34.0/100. The exact variant, intended use and exclusions are fixed; critical interface nominals come from a cited primary source; one exact hashed printer/material/nozzle/orientation/process baseline is pinned; acceptance criteria and a coupon/prototype method are defined. Independent dimensional and physical validation is still missing, so readiness stops at R3. Hard gates: G0 PASS; G1 PASS; G2 PASS; G3 PASS; G4 PASS; G5 PASS; G6 PASS",business/02-portfolio/research-ideas-r3-variants.csv,2026-09-04,1.3
SKU-303,C1 · R3 · K1 · Lane B · CONDITIONAL,C1,R3,K1,B,B,CONDITIONAL,GO_WITH_CONTROLS,STRUCTURED SPECIFIC-VARIANT PREFLIGHT R3 — NOT PRODUCT RELEASE APPROVAL,1,2,1,"Evidence-backed named-interface variant PC=17.5/100. The exact variant, intended use and exclusions are fixed; critical interface nominals come from a cited primary source; one exact hashed printer/material/nozzle/orientation/process baseline is pinned; acceptance criteria and a coupon/prototype method are defined. Independent dimensional and physical validation is still missing, so readiness stops at R3. Hard gates: G0 PASS; G1 PASS; G2 PASS; G3 PASS; G4 PASS; G5 PASS; G6 PASS",business/02-portfolio/research-ideas-r3-variants.csv,2026-09-04,1.3
SKU-304,C1 · R3 · K1 · Lane B · CONDITIONAL,C1,R3,K1,B,B,CONDITIONAL,GO_WITH_CONTROLS,STRUCTURED SPECIFIC-VARIANT PREFLIGHT R3 — NOT PRODUCT RELEASE APPROVAL,1,1,1,"Evidence-backed named-interface variant PC=17.5/100. The exact variant, intended use and exclusions are fixed; critical interface nominals come from a cited primary source; one exact hashed printer/material/nozzle/orientation/process baseline is pinned; acceptance criteria and a coupon/prototype method are defined. Independent dimensional and physical validation is still missing, so readiness stops at R3. Hard gates: G0 PASS; G1 PASS; G2 PASS; G3 PASS; G4 PASS; G5 PASS; G6 PASS",business/02-portfolio/research-ideas-r3-variants.csv,2026-09-04,1.3
SKU-305,C1 · R3 · K1 · Lane B · CONDITIONAL,C1,R3,K1,B,B,CONDITIONAL,GO_WITH_CONTROLS,STRUCTURED SPECIFIC-VARIANT PREFLIGHT R3 — NOT PRODUCT RELEASE APPROVAL,1,1,1,"Evidence-backed named-interface variant PC=17.5/100. The exact variant, intended use and exclusions are fixed; critical interface nominals come from a cited primary source; one exact hashed printer/material/nozzle/orientation/process baseline is pinned; acceptance criteria and a coupon/prototype method are defined. Independent dimensional and physical validation is still missing, so readiness stops at R3. Hard gates: G0 PASS; G1 PASS; G2 PASS; G3 PASS; G4 PASS; G5 PASS; G6 PASS",business/02-portfolio/research-ideas-r3-variants.csv,2026-09-04,1.3
SKU-306,C1 · R3 · K1 · Lane B · CONDITIONAL,C1,R3,K1,B,B,CONDITIONAL,GO_WITH_CONTROLS,STRUCTURED SPECIFIC-VARIANT PREFLIGHT R3 — NOT PRODUCT RELEASE APPROVAL,1,1,1,"Evidence-backed named-interface variant PC=17.5/100. The exact variant, intended use and exclusions are fixed; critical interface nominals come from a cited primary source; one exact hashed printer/material/nozzle/orientation/process baseline is pinned; acceptance criteria and a coupon/prototype method are defined. Independent dimensional and physical validation is still missing, so readiness stops at R3. Hard gates: G0 PASS; G1 PASS; G2 PASS; G3 PASS; G4 PASS; G5 PASS; G6 PASS",business/02-portfolio/research-ideas-r3-variants.csv,2026-09-04,1.3
SKU-307,C1 · R3 · K1 · Lane B · CONDITIONAL,C1,R3,K1,B,B,CONDITIONAL,GO_WITH_CONTROLS,STRUCTURED SPECIFIC-VARIANT PREFLIGHT R3 — NOT PRODUCT RELEASE APPROVAL,1,1,1,"Evidence-backed named-interface variant PC=17.5/100. The exact variant, intended use and exclusions are fixed; critical interface nominals come from a cited primary source; one exact hashed printer/material/nozzle/orientation/process baseline is pinned; acceptance criteria and a coupon/prototype method are defined. Independent dimensional and physical validation is still missing, so readiness stops at R3. Hard gates: G0 PASS; G1 PASS; G2 PASS; G3 PASS; G4 PASS; G5 PASS; G6 PASS",business/02-portfolio/research-ideas-r3-variants.csv,2026-09-04,1.3
SKU-308,C1 · R3 · K1 · Lane B · CONDITIONAL,C1,R3,K1,B,B,CONDITIONAL,GO_WITH_CONTROLS,STRUCTURED SPECIFIC-VARIANT PREFLIGHT R3 — NOT PRODUCT RELEASE APPROVAL,1,1,1,"Evidence-backed named-interface variant PC=17.5/100. The exact variant, intended use and exclusions are fixed; critical interface nominals come from a cited primary source; one exact hashed printer/material/nozzle/orientation/process baseline is pinned; acceptance criteria and a coupon/prototype method are defined. Independent dimensional and physical validation is still missing, so readiness stops at R3. Hard gates: G0 PASS; G1 PASS; G2 PASS; G3 PASS; G4 PASS; G5 PASS; G6 PASS",business/02-portfolio/research-ideas-r3-variants.csv,2026-09-04,1.3
SKU-309,C1 · R3 · K1 · Lane B · CONDITIONAL,C1,R3,K1,B,B,CONDITIONAL,GO_WITH_CONTROLS,STRUCTURED SPECIFIC-VARIANT PREFLIGHT R3 — NOT PRODUCT RELEASE APPROVAL,1,1,1,"Evidence-backed named-interface variant PC=17.5/100. The exact variant, intended use and exclusions are fixed; critical interface nominals come from a cited primary source; one exact hashed printer/material/nozzle/orientation/process baseline is pinned; acceptance criteria and a coupon/prototype method are defined. Independent dimensional and physical validation is still missing, so readiness stops at R3. Hard gates: G0 PASS; G1 PASS; G2 PASS; G3 PASS; G4 PASS; G5 PASS; G6 PASS",business/02-portfolio/research-ideas-r3-variants.csv,2026-09-04,1.3
SKU-310,C2 · R3 · K1 · Lane B · CONDITIONAL,C2,R3,K1,B,B,CONDITIONAL,GO_WITH_CONTROLS,STRUCTURED SPECIFIC-VARIANT PREFLIGHT R3 — NOT PRODUCT RELEASE APPROVAL,2,2,1,"Evidence-backed named-interface variant PC=32.75/100. The exact variant, intended use and exclusions are fixed; critical interface nominals come from a cited primary source; one exact hashed printer/material/nozzle/orientation/process baseline is pinned; acceptance criteria and a coupon/prototype method are defined. Independent dimensional and physical validation is still missing, so readiness stops at R3. Hard gates: G0 PASS; G1 PASS; G2 PASS; G3 PASS; G4 PASS; G5 PASS; G6 PASS",business/02-portfolio/research-ideas-r3-variants.csv,2026-09-04,1.3
SKU-311,C1 · R3 · K1 · Lane B · CONDITIONAL,C1,R3,K1,B,B,CONDITIONAL,GO_WITH_CONTROLS,STRUCTURED SPECIFIC-VARIANT PREFLIGHT R3 — NOT PRODUCT RELEASE APPROVAL,1,1,1,"Evidence-backed named-interface variant PC=17.5/100. The exact variant, intended use and exclusions are fixed; critical interface nominals come from a cited primary source; one exact hashed printer/material/nozzle/orientation/process baseline is pinned; acceptance criteria and a coupon/prototype method are defined. Independent dimensional and physical validation is still missing, so readiness stops at R3. Hard gates: G0 PASS; G1 PASS; G2 PASS; G3 PASS; G4 PASS; G5 PASS; G6 PASS",business/02-portfolio/research-ideas-r3-variants.csv,2026-09-04,1.3
SKU-312,C2 · R3 · K1 · Lane B · CONDITIONAL,C2,R3,K1,B,B,CONDITIONAL,GO_WITH_CONTROLS,STRUCTURED SPECIFIC-VARIANT PREFLIGHT R3 — NOT PRODUCT RELEASE APPROVAL,2,3,1,"Evidence-backed named-interface variant PC=34.0/100. The exact variant, intended use and exclusions are fixed; critical interface nominals come from a cited primary source; one exact hashed printer/material/nozzle/orientation/process baseline is pinned; acceptance criteria and a coupon/prototype method are defined. Independent dimensional and physical validation is still missing, so readiness stops at R3. Hard gates: G0 PASS; G1 PASS; G2 PASS; G3 PASS; G4 PASS; G5 PASS; G6 PASS",business/02-portfolio/research-ideas-r3-variants.csv,2026-09-04,1.3
SKU-313,C3 · R3 · K1 · Lane C · CONDITIONAL,C3,R3,K1,C,C,CONDITIONAL,GO_WITH_CONTROLS,STRUCTURED SPECIFIC-VARIANT PREFLIGHT R3 — NOT PRODUCT RELEASE APPROVAL,2,2,2,"Evidence-backed named-interface variant PC=56.0/100. The exact variant, intended use and exclusions are fixed; critical interface nominals come from a cited primary source; one exact hashed printer/material/nozzle/orientation/process baseline is pinned; acceptance criteria and a coupon/prototype method are defined. Independent dimensional and physical validation is still missing, so readiness stops at R3. Hard gates: G0 PASS; G1 PASS; G2 PASS; G3 PASS; G4 PASS; G5 PASS; G6 PASS",business/02-portfolio/research-ideas-r3-variants.csv,2026-09-04,1.3
SKU-314,C3 · R3 · K1 · Lane C · CONDITIONAL,C3,R3,K1,C,C,CONDITIONAL,GO_WITH_CONTROLS,STRUCTURED SPECIFIC-VARIANT PREFLIGHT R3 — NOT PRODUCT RELEASE APPROVAL,2,2,2,"Evidence-backed named-interface variant PC=56.0/100. The exact variant, intended use and exclusions are fixed; critical interface nominals come from a cited primary source; one exact hashed printer/material/nozzle/orientation/process baseline is pinned; acceptance criteria and a coupon/prototype method are defined. Independent dimensional and physical validation is still missing, so readiness stops at R3. Hard gates: G0 PASS; G1 PASS; G2 PASS; G3 PASS; G4 PASS; G5 PASS; G6 PASS",business/02-portfolio/research-ideas-r3-variants.csv,2026-09-04,1.3
SKU-315,C2 · R2 · K1 · Lane E · LOW_UNKNOWN,C2,R2,K1,E,B,LOW_UNKNOWN,CONCEPT_ONLY,GENERATIVE STEP1X RESEARCH PREFLIGHT R2 — NOT PRODUCT RELEASE APPROVAL,2,2,1,"Explicit generative concept preflight PC=36.0/100. Purpose, exclusions, envelope, generative route, mesh-quality gate, critical interface, candidate process envelope and test method are specified; the exact generated mesh, the exact process profile and every rights, safety and demand check remain open. Hard gates: G0 PASS; G1 PASS; G2 WARN; G3 FAIL; G4 PASS; G5 PASS; G6 PASS; TOOL-LICENCE WARN (owned fork; weight-licence and disclosure items open). Generative tooling licence: Generative tooling runs from the owned geometry-only fork github.com/stefanjunk/Step1X-3D [S131]. The Tencent Hunyuan-derived code that blocked EU commercial use is gone: the volume decoder every geometry run executes was replaced by an independent implementation in commit f00dd46, and the other eleven headed files left with the texture stage deleted in commit 2433849 [S125][S126]. The Stable Diffusion XL CreativeML Open RAIL++-M flow-down duty left with that same stage [S127], and pymeshlab (GPL-3.0), plyfile, easydict, pytorch3d, kaolin and nvdiffrast are out of the inference path. CUTOFF: this position covers only runs whose recorded source commit is at or after f00dd46; any artifact generated before it, and any textured artifact whatever its commit, was produced by the Hunyuan-derived code and keeps the pre-fork status until it is regenerated [S131]. Residual items, none of them blocking the tooling itself: the served visual encoder instantiates its CLIP and DINOv2 classes from the configuration files of openai/clip-vit-large-patch14, which declares no licence, and facebook/dinov2-with-registers-large (Apache-2.0), while the trained weights come from the Apache-2.0 Step1X-3D checkpoint, so no OpenAI or Meta weight file is downloaded or redistributed [S131]; the published Step1X-3D weights derive from Objaverse and Objaverse-XL with heterogeneous per-asset licences that upstream never resolved [S123]; and the licence of the image generator used for step one is fixed per SKU, not here.",business/02-portfolio/research-ideas-additions-3.csv,2026-09-04,1.3
SKU-316,C2 · R2 · K1 · Lane E · LOW_UNKNOWN,C2,R2,K1,E,B,LOW_UNKNOWN,CONCEPT_ONLY,GENERATIVE STEP1X RESEARCH PREFLIGHT R2 — NOT PRODUCT RELEASE APPROVAL,2,2,1,"Explicit generative concept preflight PC=36.0/100. Purpose, exclusions, envelope, generative route, mesh-quality gate, critical interface, candidate process envelope and test method are specified; the exact generated mesh, the exact process profile and every rights, safety and demand check remain open. Hard gates: G0 PASS; G1 PASS; G2 WARN; G3 FAIL; G4 PASS; G5 PASS; G6 PASS; TOOL-LICENCE WARN (owned fork; weight-licence and disclosure items open). Generative tooling licence: Generative tooling runs from the owned geometry-only fork github.com/stefanjunk/Step1X-3D [S131]. The Tencent Hunyuan-derived code that blocked EU commercial use is gone: the volume decoder every geometry run executes was replaced by an independent implementation in commit f00dd46, and the other eleven headed files left with the texture stage deleted in commit 2433849 [S125][S126]. The Stable Diffusion XL CreativeML Open RAIL++-M flow-down duty left with that same stage [S127], and pymeshlab (GPL-3.0), plyfile, easydict, pytorch3d, kaolin and nvdiffrast are out of the inference path. CUTOFF: this position covers only runs whose recorded source commit is at or after f00dd46; any artifact generated before it, and any textured artifact whatever its commit, was produced by the Hunyuan-derived code and keeps the pre-fork status until it is regenerated [S131]. Residual items, none of them blocking the tooling itself: the served visual encoder instantiates its CLIP and DINOv2 classes from the configuration files of openai/clip-vit-large-patch14, which declares no licence, and facebook/dinov2-with-registers-large (Apache-2.0), while the trained weights come from the Apache-2.0 Step1X-3D checkpoint, so no OpenAI or Meta weight file is downloaded or redistributed [S131]; the published Step1X-3D weights derive from Objaverse and Objaverse-XL with heterogeneous per-asset licences that upstream never resolved [S123]; and the licence of the image generator used for step one is fixed per SKU, not here.",business/02-portfolio/research-ideas-additions-3.csv,2026-09-04,1.3
SKU-317,C2 · R2 · K1 · Lane E · LOW_UNKNOWN,C2,R2,K1,E,B,LOW_UNKNOWN,CONCEPT_ONLY,GENERATIVE STEP1X RESEARCH PREFLIGHT R2 — NOT PRODUCT RELEASE APPROVAL,2,2,1,"Explicit generative concept preflight PC=36.0/100. Purpose, exclusions, envelope, generative route, mesh-quality gate, critical interface, candidate process envelope and test method are specified; the exact generated mesh, the exact process profile and every rights, safety and demand check remain open. Hard gates: G0 PASS; G1 PASS; G2 WARN; G3 FAIL; G4 PASS; G5 PASS; G6 PASS; TOOL-LICENCE WARN (owned fork; weight-licence and disclosure items open). Generative tooling licence: Generative tooling runs from the owned geometry-only fork github.com/stefanjunk/Step1X-3D [S131]. The Tencent Hunyuan-derived code that blocked EU commercial use is gone: the volume decoder every geometry run executes was replaced by an independent implementation in commit f00dd46, and the other eleven headed files left with the texture stage deleted in commit 2433849 [S125][S126]. The Stable Diffusion XL CreativeML Open RAIL++-M flow-down duty left with that same stage [S127], and pymeshlab (GPL-3.0), plyfile, easydict, pytorch3d, kaolin and nvdiffrast are out of the inference path. CUTOFF: this position covers only runs whose recorded source commit is at or after f00dd46; any artifact generated before it, and any textured artifact whatever its commit, was produced by the Hunyuan-derived code and keeps the pre-fork status until it is regenerated [S131]. Residual items, none of them blocking the tooling itself: the served visual encoder instantiates its CLIP and DINOv2 classes from the configuration files of openai/clip-vit-large-patch14, which declares no licence, and facebook/dinov2-with-registers-large (Apache-2.0), while the trained weights come from the Apache-2.0 Step1X-3D checkpoint, so no OpenAI or Meta weight file is downloaded or redistributed [S131]; the published Step1X-3D weights derive from Objaverse and Objaverse-XL with heterogeneous per-asset licences that upstream never resolved [S123]; and the licence of the image generator used for step one is fixed per SKU, not here.",business/02-portfolio/research-ideas-additions-3.csv,2026-09-04,1.3
SKU-318,C2 · R2 · K1 · Lane E · LOW_UNKNOWN,C2,R2,K1,E,B,LOW_UNKNOWN,CONCEPT_ONLY,GENERATIVE STEP1X RESEARCH PREFLIGHT R2 — NOT PRODUCT RELEASE APPROVAL,2,2,1,"Explicit generative concept preflight PC=36.0/100. Purpose, exclusions, envelope, generative route, mesh-quality gate, critical interface, candidate process envelope and test method are specified; the exact generated mesh, the exact process profile and every rights, safety and demand check remain open. Hard gates: G0 PASS; G1 PASS; G2 WARN; G3 FAIL; G4 PASS; G5 PASS; G6 PASS; TOOL-LICENCE WARN (owned fork; weight-licence and disclosure items open). Generative tooling licence: Generative tooling runs from the owned geometry-only fork github.com/stefanjunk/Step1X-3D [S131]. The Tencent Hunyuan-derived code that blocked EU commercial use is gone: the volume decoder every geometry run executes was replaced by an independent implementation in commit f00dd46, and the other eleven headed files left with the texture stage deleted in commit 2433849 [S125][S126]. The Stable Diffusion XL CreativeML Open RAIL++-M flow-down duty left with that same stage [S127], and pymeshlab (GPL-3.0), plyfile, easydict, pytorch3d, kaolin and nvdiffrast are out of the inference path. CUTOFF: this position covers only runs whose recorded source commit is at or after f00dd46; any artifact generated before it, and any textured artifact whatever its commit, was produced by the Hunyuan-derived code and keeps the pre-fork status until it is regenerated [S131]. Residual items, none of them blocking the tooling itself: the served visual encoder instantiates its CLIP and DINOv2 classes from the configuration files of openai/clip-vit-large-patch14, which declares no licence, and facebook/dinov2-with-registers-large (Apache-2.0), while the trained weights come from the Apache-2.0 Step1X-3D checkpoint, so no OpenAI or Meta weight file is downloaded or redistributed [S131]; the published Step1X-3D weights derive from Objaverse and Objaverse-XL with heterogeneous per-asset licences that upstream never resolved [S123]; and the licence of the image generator used for step one is fixed per SKU, not here.",business/02-portfolio/research-ideas-additions-3.csv,2026-09-04,1.3
SKU-319,C2 · R2 · K1 · Lane E · LOW_UNKNOWN,C2,R2,K1,E,B,LOW_UNKNOWN,CONCEPT_ONLY,GENERATIVE STEP1X RESEARCH PREFLIGHT R2 — NOT PRODUCT RELEASE APPROVAL,2,3,1,"Explicit generative concept preflight PC=36.0/100. Purpose, exclusions, envelope, generative route, mesh-quality gate, critical interface, candidate process envelope and test method are specified; the exact generated mesh, the exact process profile and every rights, safety and demand check remain open. Hard gates: G0 PASS; G1 PASS; G2 WARN; G3 FAIL; G4 PASS; G5 PASS; G6 PASS; TOOL-LICENCE WARN (owned fork; weight-licence and disclosure items open). Generative tooling licence: Generative tooling runs from the owned geometry-only fork github.com/stefanjunk/Step1X-3D [S131]. The Tencent Hunyuan-derived code that blocked EU commercial use is gone: the volume decoder every geometry run executes was replaced by an independent implementation in commit f00dd46, and the other eleven headed files left with the texture stage deleted in commit 2433849 [S125][S126]. The Stable Diffusion XL CreativeML Open RAIL++-M flow-down duty left with that same stage [S127], and pymeshlab (GPL-3.0), plyfile, easydict, pytorch3d, kaolin and nvdiffrast are out of the inference path. CUTOFF: this position covers only runs whose recorded source commit is at or after f00dd46; any artifact generated before it, and any textured artifact whatever its commit, was produced by the Hunyuan-derived code and keeps the pre-fork status until it is regenerated [S131]. Residual items, none of them blocking the tooling itself: the served visual encoder instantiates its CLIP and DINOv2 classes from the configuration files of openai/clip-vit-large-patch14, which declares no licence, and facebook/dinov2-with-registers-large (Apache-2.0), while the trained weights come from the Apache-2.0 Step1X-3D checkpoint, so no OpenAI or Meta weight file is downloaded or redistributed [S131]; the published Step1X-3D weights derive from Objaverse and Objaverse-XL with heterogeneous per-asset licences that upstream never resolved [S123]; and the licence of the image generator used for step one is fixed per SKU, not here.",business/02-portfolio/research-ideas-additions-3.csv,2026-09-04,1.3
SKU-320,C2 · R2 · K1 · Lane E · LOW_UNKNOWN,C2,R2,K1,E,B,LOW_UNKNOWN,CONCEPT_ONLY,GENERATIVE STEP1X RESEARCH PREFLIGHT R2 — NOT PRODUCT RELEASE APPROVAL,2,2,1,"Explicit generative concept preflight PC=36.0/100. Purpose, exclusions, envelope, generative route, mesh-quality gate, critical interface, candidate process envelope and test method are specified; the exact generated mesh, the exact process profile and every rights, safety and demand check remain open. Hard gates: G0 PASS; G1 PASS; G2 WARN; G3 FAIL; G4 PASS; G5 PASS; G6 PASS; TOOL-LICENCE WARN (owned fork; weight-licence and disclosure items open). Generative tooling licence: Generative tooling runs from the owned geometry-only fork github.com/stefanjunk/Step1X-3D [S131]. The Tencent Hunyuan-derived code that blocked EU commercial use is gone: the volume decoder every geometry run executes was replaced by an independent implementation in commit f00dd46, and the other eleven headed files left with the texture stage deleted in commit 2433849 [S125][S126]. The Stable Diffusion XL CreativeML Open RAIL++-M flow-down duty left with that same stage [S127], and pymeshlab (GPL-3.0), plyfile, easydict, pytorch3d, kaolin and nvdiffrast are out of the inference path. CUTOFF: this position covers only runs whose recorded source commit is at or after f00dd46; any artifact generated before it, and any textured artifact whatever its commit, was produced by the Hunyuan-derived code and keeps the pre-fork status until it is regenerated [S131]. Residual items, none of them blocking the tooling itself: the served visual encoder instantiates its CLIP and DINOv2 classes from the configuration files of openai/clip-vit-large-patch14, which declares no licence, and facebook/dinov2-with-registers-large (Apache-2.0), while the trained weights come from the Apache-2.0 Step1X-3D checkpoint, so no OpenAI or Meta weight file is downloaded or redistributed [S131]; the published Step1X-3D weights derive from Objaverse and Objaverse-XL with heterogeneous per-asset licences that upstream never resolved [S123]; and the licence of the image generator used for step one is fixed per SKU, not here.",business/02-portfolio/research-ideas-additions-3.csv,2026-09-04,1.3
SKU-321,C2 · R2 · K1 · Lane E · LOW_UNKNOWN,C2,R2,K1,E,B,LOW_UNKNOWN,CONCEPT_ONLY,GENERATIVE STEP1X RESEARCH PREFLIGHT R2 — NOT PRODUCT RELEASE APPROVAL,2,2,1,"Explicit generative concept preflight PC=36.0/100. Purpose, exclusions, envelope, generative route, mesh-quality gate, critical interface, candidate process envelope and test method are specified; the exact generated mesh, the exact process profile and every rights, safety and demand check remain open. Hard gates: G0 PASS; G1 PASS; G2 WARN; G3 FAIL; G4 PASS; G5 PASS; G6 PASS; TOOL-LICENCE WARN (owned fork; weight-licence and disclosure items open). Generative tooling licence: Generative tooling runs from the owned geometry-only fork github.com/stefanjunk/Step1X-3D [S131]. The Tencent Hunyuan-derived code that blocked EU commercial use is gone: the volume decoder every geometry run executes was replaced by an independent implementation in commit f00dd46, and the other eleven headed files left with the texture stage deleted in commit 2433849 [S125][S126]. The Stable Diffusion XL CreativeML Open RAIL++-M flow-down duty left with that same stage [S127], and pymeshlab (GPL-3.0), plyfile, easydict, pytorch3d, kaolin and nvdiffrast are out of the inference path. CUTOFF: this position covers only runs whose recorded source commit is at or after f00dd46; any artifact generated before it, and any textured artifact whatever its commit, was produced by the Hunyuan-derived code and keeps the pre-fork status until it is regenerated [S131]. Residual items, none of them blocking the tooling itself: the served visual encoder instantiates its CLIP and DINOv2 classes from the configuration files of openai/clip-vit-large-patch14, which declares no licence, and facebook/dinov2-with-registers-large (Apache-2.0), while the trained weights come from the Apache-2.0 Step1X-3D checkpoint, so no OpenAI or Meta weight file is downloaded or redistributed [S131]; the published Step1X-3D weights derive from Objaverse and Objaverse-XL with heterogeneous per-asset licences that upstream never resolved [S123]; and the licence of the image generator used for step one is fixed per SKU, not here.",business/02-portfolio/research-ideas-additions-3.csv,2026-09-04,1.3
SKU-322,C2 · R2 · K1 · Lane E · LOW_UNKNOWN,C2,R2,K1,E,B,LOW_UNKNOWN,CONCEPT_ONLY,GENERATIVE STEP1X RESEARCH PREFLIGHT R2 — NOT PRODUCT RELEASE APPROVAL,2,2,1,"Explicit generative concept preflight PC=36.0/100. Purpose, exclusions, envelope, generative route, mesh-quality gate, critical interface, candidate process envelope and test method are specified; the exact generated mesh, the exact process profile and every rights, safety and demand check remain open. Hard gates: G0 PASS; G1 PASS; G2 WARN; G3 FAIL; G4 PASS; G5 PASS; G6 PASS; TOOL-LICENCE WARN (owned fork; weight-licence and disclosure items open). Generative tooling licence: Generative tooling runs from the owned geometry-only fork github.com/stefanjunk/Step1X-3D [S131]. The Tencent Hunyuan-derived code that blocked EU commercial use is gone: the volume decoder every geometry run executes was replaced by an independent implementation in commit f00dd46, and the other eleven headed files left with the texture stage deleted in commit 2433849 [S125][S126]. The Stable Diffusion XL CreativeML Open RAIL++-M flow-down duty left with that same stage [S127], and pymeshlab (GPL-3.0), plyfile, easydict, pytorch3d, kaolin and nvdiffrast are out of the inference path. CUTOFF: this position covers only runs whose recorded source commit is at or after f00dd46; any artifact generated before it, and any textured artifact whatever its commit, was produced by the Hunyuan-derived code and keeps the pre-fork status until it is regenerated [S131]. Residual items, none of them blocking the tooling itself: the served visual encoder instantiates its CLIP and DINOv2 classes from the configuration files of openai/clip-vit-large-patch14, which declares no licence, and facebook/dinov2-with-registers-large (Apache-2.0), while the trained weights come from the Apache-2.0 Step1X-3D checkpoint, so no OpenAI or Meta weight file is downloaded or redistributed [S131]; the published Step1X-3D weights derive from Objaverse and Objaverse-XL with heterogeneous per-asset licences that upstream never resolved [S123]; and the licence of the image generator used for step one is fixed per SKU, not here.",business/02-portfolio/research-ideas-additions-3.csv,2026-09-04,1.3
SKU-323,C1 · R2 · K1 · Lane E · LOW_UNKNOWN,C1,R2,K1,E,B,LOW_UNKNOWN,CONCEPT_ONLY,GENERATIVE STEP1X RESEARCH PREFLIGHT R2 — NOT PRODUCT RELEASE APPROVAL,1,1,1,"Explicit generative concept preflight PC=19.25/100. Purpose, exclusions, envelope, generative route, mesh-quality gate, critical interface, candidate process envelope and test method are specified; the exact generated mesh, the exact process profile and every rights, safety and demand check remain open. Hard gates: G0 PASS; G1 PASS; G2 WARN; G3 FAIL; G4 PASS; G5 PASS; G6 PASS; TOOL-LICENCE WARN (owned fork; weight-licence and disclosure items open). Generative tooling licence: Generative tooling runs from the owned geometry-only fork github.com/stefanjunk/Step1X-3D [S131]. The Tencent Hunyuan-derived code that blocked EU commercial use is gone: the volume decoder every geometry run executes was replaced by an independent implementation in commit f00dd46, and the other eleven headed files left with the texture stage deleted in commit 2433849 [S125][S126]. The Stable Diffusion XL CreativeML Open RAIL++-M flow-down duty left with that same stage [S127], and pymeshlab (GPL-3.0), plyfile, easydict, pytorch3d, kaolin and nvdiffrast are out of the inference path. CUTOFF: this position covers only runs whose recorded source commit is at or after f00dd46; any artifact generated before it, and any textured artifact whatever its commit, was produced by the Hunyuan-derived code and keeps the pre-fork status until it is regenerated [S131]. Residual items, none of them blocking the tooling itself: the served visual encoder instantiates its CLIP and DINOv2 classes from the configuration files of openai/clip-vit-large-patch14, which declares no licence, and facebook/dinov2-with-registers-large (Apache-2.0), while the trained weights come from the Apache-2.0 Step1X-3D checkpoint, so no OpenAI or Meta weight file is downloaded or redistributed [S131]; the published Step1X-3D weights derive from Objaverse and Objaverse-XL with heterogeneous per-asset licences that upstream never resolved [S123]; and the licence of the image generator used for step one is fixed per SKU, not here.",business/02-portfolio/research-ideas-additions-3.csv,2026-09-04,1.3
SKU-324,C1 · R2 · K1 · Lane E · LOW_UNKNOWN,C1,R2,K1,E,B,LOW_UNKNOWN,CONCEPT_ONLY,GENERATIVE STEP1X RESEARCH PREFLIGHT R2 — NOT PRODUCT RELEASE APPROVAL,1,1,1,"Explicit generative concept preflight PC=19.25/100. Purpose, exclusions, envelope, generative route, mesh-quality gate, critical interface, candidate process envelope and test method are specified; the exact generated mesh, the exact process profile and every rights, safety and demand check remain open. Hard gates: G0 PASS; G1 PASS; G2 WARN; G3 FAIL; G4 PASS; G5 PASS; G6 PASS; TOOL-LICENCE WARN (owned fork; weight-licence and disclosure items open). Generative tooling licence: Generative tooling runs from the owned geometry-only fork github.com/stefanjunk/Step1X-3D [S131]. The Tencent Hunyuan-derived code that blocked EU commercial use is gone: the volume decoder every geometry run executes was replaced by an independent implementation in commit f00dd46, and the other eleven headed files left with the texture stage deleted in commit 2433849 [S125][S126]. The Stable Diffusion XL CreativeML Open RAIL++-M flow-down duty left with that same stage [S127], and pymeshlab (GPL-3.0), plyfile, easydict, pytorch3d, kaolin and nvdiffrast are out of the inference path. CUTOFF: this position covers only runs whose recorded source commit is at or after f00dd46; any artifact generated before it, and any textured artifact whatever its commit, was produced by the Hunyuan-derived code and keeps the pre-fork status until it is regenerated [S131]. Residual items, none of them blocking the tooling itself: the served visual encoder instantiates its CLIP and DINOv2 classes from the configuration files of openai/clip-vit-large-patch14, which declares no licence, and facebook/dinov2-with-registers-large (Apache-2.0), while the trained weights come from the Apache-2.0 Step1X-3D checkpoint, so no OpenAI or Meta weight file is downloaded or redistributed [S131]; the published Step1X-3D weights derive from Objaverse and Objaverse-XL with heterogeneous per-asset licences that upstream never resolved [S123]; and the licence of the image generator used for step one is fixed per SKU, not here.",business/02-portfolio/research-ideas-additions-3.csv,2026-09-04,1.3
SKU-325,C2 · R2 · K1 · Lane E · LOW_UNKNOWN,C2,R2,K1,E,B,LOW_UNKNOWN,CONCEPT_ONLY,GENERATIVE STEP1X RESEARCH PREFLIGHT R2 — NOT PRODUCT RELEASE APPROVAL,2,2,1,"Explicit generative concept preflight PC=34.75/100. Purpose, exclusions, envelope, generative route, mesh-quality gate, critical interface, candidate process envelope and test method are specified; the exact generated mesh, the exact process profile and every rights, safety and demand check remain open. Hard gates: G0 PASS; G1 PASS; G2 WARN; G3 FAIL; G4 PASS; G5 PASS; G6 PASS; TOOL-LICENCE WARN (owned fork; weight-licence and disclosure items open). Generative tooling licence: Generative tooling runs from the owned geometry-only fork github.com/stefanjunk/Step1X-3D [S131]. The Tencent Hunyuan-derived code that blocked EU commercial use is gone: the volume decoder every geometry run executes was replaced by an independent implementation in commit f00dd46, and the other eleven headed files left with the texture stage deleted in commit 2433849 [S125][S126]. The Stable Diffusion XL CreativeML Open RAIL++-M flow-down duty left with that same stage [S127], and pymeshlab (GPL-3.0), plyfile, easydict, pytorch3d, kaolin and nvdiffrast are out of the inference path. CUTOFF: this position covers only runs whose recorded source commit is at or after f00dd46; any artifact generated before it, and any textured artifact whatever its commit, was produced by the Hunyuan-derived code and keeps the pre-fork status until it is regenerated [S131]. Residual items, none of them blocking the tooling itself: the served visual encoder instantiates its CLIP and DINOv2 classes from the configuration files of openai/clip-vit-large-patch14, which declares no licence, and facebook/dinov2-with-registers-large (Apache-2.0), while the trained weights come from the Apache-2.0 Step1X-3D checkpoint, so no OpenAI or Meta weight file is downloaded or redistributed [S131]; the published Step1X-3D weights derive from Objaverse and Objaverse-XL with heterogeneous per-asset licences that upstream never resolved [S123]; and the licence of the image generator used for step one is fixed per SKU, not here.",business/02-portfolio/research-ideas-additions-3.csv,2026-09-04,1.3
SKU-326,C1 · R2 · K1 · Lane E · LOW_UNKNOWN,C1,R2,K1,E,B,LOW_UNKNOWN,CONCEPT_ONLY,GENERATIVE STEP1X RESEARCH PREFLIGHT R2 — NOT PRODUCT RELEASE APPROVAL,1,1,1,"Explicit generative concept preflight PC=19.25/100. Purpose, exclusions, envelope, generative route, mesh-quality gate, critical interface, candidate process envelope and test method are specified; the exact generated mesh, the exact process profile and every rights, safety and demand check remain open. Hard gates: G0 PASS; G1 PASS; G2 WARN; G3 FAIL; G4 PASS; G5 PASS; G6 PASS; TOOL-LICENCE WARN (owned fork; weight-licence and disclosure items open). Generative tooling licence: Generative tooling runs from the owned geometry-only fork github.com/stefanjunk/Step1X-3D [S131]. The Tencent Hunyuan-derived code that blocked EU commercial use is gone: the volume decoder every geometry run executes was replaced by an independent implementation in commit f00dd46, and the other eleven headed files left with the texture stage deleted in commit 2433849 [S125][S126]. The Stable Diffusion XL CreativeML Open RAIL++-M flow-down duty left with that same stage [S127], and pymeshlab (GPL-3.0), plyfile, easydict, pytorch3d, kaolin and nvdiffrast are out of the inference path. CUTOFF: this position covers only runs whose recorded source commit is at or after f00dd46; any artifact generated before it, and any textured artifact whatever its commit, was produced by the Hunyuan-derived code and keeps the pre-fork status until it is regenerated [S131]. Residual items, none of them blocking the tooling itself: the served visual encoder instantiates its CLIP and DINOv2 classes from the configuration files of openai/clip-vit-large-patch14, which declares no licence, and facebook/dinov2-with-registers-large (Apache-2.0), while the trained weights come from the Apache-2.0 Step1X-3D checkpoint, so no OpenAI or Meta weight file is downloaded or redistributed [S131]; the published Step1X-3D weights derive from Objaverse and Objaverse-XL with heterogeneous per-asset licences that upstream never resolved [S123]; and the licence of the image generator used for step one is fixed per SKU, not here.",business/02-portfolio/research-ideas-additions-3.csv,2026-09-04,1.3
SKU-327,C2 · R2 · K1 · Lane E · LOW_UNKNOWN,C2,R2,K1,E,B,LOW_UNKNOWN,CONCEPT_ONLY,GENERATIVE STEP1X RESEARCH PREFLIGHT R2 — NOT PRODUCT RELEASE APPROVAL,2,3,1,"Explicit generative concept preflight PC=30.25/100. Purpose, exclusions, envelope, generative route, mesh-quality gate, critical interface, candidate process envelope and test method are specified; the exact generated mesh, the exact process profile and every rights, safety and demand check remain open. Hard gates: G0 PASS; G1 PASS; G2 WARN; G3 FAIL; G4 PASS; G5 PASS; G6 PASS; TOOL-LICENCE WARN (owned fork; weight-licence and disclosure items open). Generative tooling licence: Generative tooling runs from the owned geometry-only fork github.com/stefanjunk/Step1X-3D [S131]. The Tencent Hunyuan-derived code that blocked EU commercial use is gone: the volume decoder every geometry run executes was replaced by an independent implementation in commit f00dd46, and the other eleven headed files left with the texture stage deleted in commit 2433849 [S125][S126]. The Stable Diffusion XL CreativeML Open RAIL++-M flow-down duty left with that same stage [S127], and pymeshlab (GPL-3.0), plyfile, easydict, pytorch3d, kaolin and nvdiffrast are out of the inference path. CUTOFF: this position covers only runs whose recorded source commit is at or after f00dd46; any artifact generated before it, and any textured artifact whatever its commit, was produced by the Hunyuan-derived code and keeps the pre-fork status until it is regenerated [S131]. Residual items, none of them blocking the tooling itself: the served visual encoder instantiates its CLIP and DINOv2 classes from the configuration files of openai/clip-vit-large-patch14, which declares no licence, and facebook/dinov2-with-registers-large (Apache-2.0), while the trained weights come from the Apache-2.0 Step1X-3D checkpoint, so no OpenAI or Meta weight file is downloaded or redistributed [S131]; the published Step1X-3D weights derive from Objaverse and Objaverse-XL with heterogeneous per-asset licences that upstream never resolved [S123]; and the licence of the image generator used for step one is fixed per SKU, not here.",business/02-portfolio/research-ideas-additions-3.csv,2026-09-04,1.3
SKU-328,C2 · R2 · K1 · Lane E · LOW_UNKNOWN,C2,R2,K1,E,B,LOW_UNKNOWN,CONCEPT_ONLY,GENERATIVE STEP1X RESEARCH PREFLIGHT R2 — NOT PRODUCT RELEASE APPROVAL,2,2,1,"Explicit generative concept preflight PC=34.75/100. Purpose, exclusions, envelope, generative route, mesh-quality gate, critical interface, candidate process envelope and test method are specified; the exact generated mesh, the exact process profile and every rights, safety and demand check remain open. Hard gates: G0 PASS; G1 PASS; G2 WARN; G3 FAIL; G4 PASS; G5 PASS; G6 PASS; TOOL-LICENCE WARN (owned fork; weight-licence and disclosure items open). Generative tooling licence: Generative tooling runs from the owned geometry-only fork github.com/stefanjunk/Step1X-3D [S131]. The Tencent Hunyuan-derived code that blocked EU commercial use is gone: the volume decoder every geometry run executes was replaced by an independent implementation in commit f00dd46, and the other eleven headed files left with the texture stage deleted in commit 2433849 [S125][S126]. The Stable Diffusion XL CreativeML Open RAIL++-M flow-down duty left with that same stage [S127], and pymeshlab (GPL-3.0), plyfile, easydict, pytorch3d, kaolin and nvdiffrast are out of the inference path. CUTOFF: this position covers only runs whose recorded source commit is at or after f00dd46; any artifact generated before it, and any textured artifact whatever its commit, was produced by the Hunyuan-derived code and keeps the pre-fork status until it is regenerated [S131]. Residual items, none of them blocking the tooling itself: the served visual encoder instantiates its CLIP and DINOv2 classes from the configuration files of openai/clip-vit-large-patch14, which declares no licence, and facebook/dinov2-with-registers-large (Apache-2.0), while the trained weights come from the Apache-2.0 Step1X-3D checkpoint, so no OpenAI or Meta weight file is downloaded or redistributed [S131]; the published Step1X-3D weights derive from Objaverse and Objaverse-XL with heterogeneous per-asset licences that upstream never resolved [S123]; and the licence of the image generator used for step one is fixed per SKU, not here.",business/02-portfolio/research-ideas-additions-3.csv,2026-09-04,1.3
SKU-329,C2 · R2 · K1 · Lane E · LOW_UNKNOWN,C2,R2,K1,E,B,LOW_UNKNOWN,CONCEPT_ONLY,GENERATIVE STEP1X RESEARCH PREFLIGHT R2 — NOT PRODUCT RELEASE APPROVAL,2,2,1,"Explicit generative concept preflight PC=34.75/100. Purpose, exclusions, envelope, generative route, mesh-quality gate, critical interface, candidate process envelope and test method are specified; the exact generated mesh, the exact process profile and every rights, safety and demand check remain open. Hard gates: G0 PASS; G1 PASS; G2 WARN; G3 FAIL; G4 PASS; G5 PASS; G6 PASS; TOOL-LICENCE WARN (owned fork; weight-licence and disclosure items open). Generative tooling licence: Generative tooling runs from the owned geometry-only fork github.com/stefanjunk/Step1X-3D [S131]. The Tencent Hunyuan-derived code that blocked EU commercial use is gone: the volume decoder every geometry run executes was replaced by an independent implementation in commit f00dd46, and the other eleven headed files left with the texture stage deleted in commit 2433849 [S125][S126]. The Stable Diffusion XL CreativeML Open RAIL++-M flow-down duty left with that same stage [S127], and pymeshlab (GPL-3.0), plyfile, easydict, pytorch3d, kaolin and nvdiffrast are out of the inference path. CUTOFF: this position covers only runs whose recorded source commit is at or after f00dd46; any artifact generated before it, and any textured artifact whatever its commit, was produced by the Hunyuan-derived code and keeps the pre-fork status until it is regenerated [S131]. Residual items, none of them blocking the tooling itself: the served visual encoder instantiates its CLIP and DINOv2 classes from the configuration files of openai/clip-vit-large-patch14, which declares no licence, and facebook/dinov2-with-registers-large (Apache-2.0), while the trained weights come from the Apache-2.0 Step1X-3D checkpoint, so no OpenAI or Meta weight file is downloaded or redistributed [S131]; the published Step1X-3D weights derive from Objaverse and Objaverse-XL with heterogeneous per-asset licences that upstream never resolved [S123]; and the licence of the image generator used for step one is fixed per SKU, not here.",business/02-portfolio/research-ideas-additions-3.csv,2026-09-04,1.3
SKU-330,C2 · R2 · K1 · Lane E · LOW_UNKNOWN,C2,R2,K1,E,B,LOW_UNKNOWN,CONCEPT_ONLY,GENERATIVE STEP1X RESEARCH PREFLIGHT R2 — NOT PRODUCT RELEASE APPROVAL,2,2,1,"Explicit generative concept preflight PC=34.75/100. Purpose, exclusions, envelope, generative route, mesh-quality gate, critical interface, candidate process envelope and test method are specified; the exact generated mesh, the exact process profile and every rights, safety and demand check remain open. Hard gates: G0 PASS; G1 PASS; G2 WARN; G3 FAIL; G4 PASS; G5 PASS; G6 PASS; TOOL-LICENCE WARN (owned fork; weight-licence and disclosure items open). Generative tooling licence: Generative tooling runs from the owned geometry-only fork github.com/stefanjunk/Step1X-3D [S131]. The Tencent Hunyuan-derived code that blocked EU commercial use is gone: the volume decoder every geometry run executes was replaced by an independent implementation in commit f00dd46, and the other eleven headed files left with the texture stage deleted in commit 2433849 [S125][S126]. The Stable Diffusion XL CreativeML Open RAIL++-M flow-down duty left with that same stage [S127], and pymeshlab (GPL-3.0), plyfile, easydict, pytorch3d, kaolin and nvdiffrast are out of the inference path. CUTOFF: this position covers only runs whose recorded source commit is at or after f00dd46; any artifact generated before it, and any textured artifact whatever its commit, was produced by the Hunyuan-derived code and keeps the pre-fork status until it is regenerated [S131]. Residual items, none of them blocking the tooling itself: the served visual encoder instantiates its CLIP and DINOv2 classes from the configuration files of openai/clip-vit-large-patch14, which declares no licence, and facebook/dinov2-with-registers-large (Apache-2.0), while the trained weights come from the Apache-2.0 Step1X-3D checkpoint, so no OpenAI or Meta weight file is downloaded or redistributed [S131]; the published Step1X-3D weights derive from Objaverse and Objaverse-XL with heterogeneous per-asset licences that upstream never resolved [S123]; and the licence of the image generator used for step one is fixed per SKU, not here.",business/02-portfolio/research-ideas-additions-3.csv,2026-09-04,1.3
SKU-331,C2 · R2 · K1 · Lane E · LOW_UNKNOWN,C2,R2,K1,E,B,LOW_UNKNOWN,CONCEPT_ONLY,GENERATIVE STEP1X RESEARCH PREFLIGHT R2 — NOT PRODUCT RELEASE APPROVAL,2,2,1,"Explicit generative concept preflight PC=34.75/100. Purpose, exclusions, envelope, generative route, mesh-quality gate, critical interface, candidate process envelope and test method are specified; the exact generated mesh, the exact process profile and every rights, safety and demand check remain open. Hard gates: G0 PASS; G1 PASS; G2 WARN; G3 FAIL; G4 PASS; G5 PASS; G6 PASS; TOOL-LICENCE WARN (owned fork; weight-licence and disclosure items open). Generative tooling licence: Generative tooling runs from the owned geometry-only fork github.com/stefanjunk/Step1X-3D [S131]. The Tencent Hunyuan-derived code that blocked EU commercial use is gone: the volume decoder every geometry run executes was replaced by an independent implementation in commit f00dd46, and the other eleven headed files left with the texture stage deleted in commit 2433849 [S125][S126]. The Stable Diffusion XL CreativeML Open RAIL++-M flow-down duty left with that same stage [S127], and pymeshlab (GPL-3.0), plyfile, easydict, pytorch3d, kaolin and nvdiffrast are out of the inference path. CUTOFF: this position covers only runs whose recorded source commit is at or after f00dd46; any artifact generated before it, and any textured artifact whatever its commit, was produced by the Hunyuan-derived code and keeps the pre-fork status until it is regenerated [S131]. Residual items, none of them blocking the tooling itself: the served visual encoder instantiates its CLIP and DINOv2 classes from the configuration files of openai/clip-vit-large-patch14, which declares no licence, and facebook/dinov2-with-registers-large (Apache-2.0), while the trained weights come from the Apache-2.0 Step1X-3D checkpoint, so no OpenAI or Meta weight file is downloaded or redistributed [S131]; the published Step1X-3D weights derive from Objaverse and Objaverse-XL with heterogeneous per-asset licences that upstream never resolved [S123]; and the licence of the image generator used for step one is fixed per SKU, not here.",business/02-portfolio/research-ideas-additions-3.csv,2026-09-04,1.3
SKU-332,C2 · R2 · K1 · Lane E · LOW_UNKNOWN,C2,R2,K1,E,B,LOW_UNKNOWN,CONCEPT_ONLY,GENERATIVE STEP1X RESEARCH PREFLIGHT R2 — NOT PRODUCT RELEASE APPROVAL,2,2,1,"Explicit generative concept preflight PC=34.75/100. Purpose, exclusions, envelope, generative route, mesh-quality gate, critical interface, candidate process envelope and test method are specified; the exact generated mesh, the exact process profile and every rights, safety and demand check remain open. Hard gates: G0 PASS; G1 PASS; G2 WARN; G3 FAIL; G4 PASS; G5 PASS; G6 PASS; TOOL-LICENCE WARN (owned fork; weight-licence and disclosure items open). Generative tooling licence: Generative tooling runs from the owned geometry-only fork github.com/stefanjunk/Step1X-3D [S131]. The Tencent Hunyuan-derived code that blocked EU commercial use is gone: the volume decoder every geometry run executes was replaced by an independent implementation in commit f00dd46, and the other eleven headed files left with the texture stage deleted in commit 2433849 [S125][S126]. The Stable Diffusion XL CreativeML Open RAIL++-M flow-down duty left with that same stage [S127], and pymeshlab (GPL-3.0), plyfile, easydict, pytorch3d, kaolin and nvdiffrast are out of the inference path. CUTOFF: this position covers only runs whose recorded source commit is at or after f00dd46; any artifact generated before it, and any textured artifact whatever its commit, was produced by the Hunyuan-derived code and keeps the pre-fork status until it is regenerated [S131]. Residual items, none of them blocking the tooling itself: the served visual encoder instantiates its CLIP and DINOv2 classes from the configuration files of openai/clip-vit-large-patch14, which declares no licence, and facebook/dinov2-with-registers-large (Apache-2.0), while the trained weights come from the Apache-2.0 Step1X-3D checkpoint, so no OpenAI or Meta weight file is downloaded or redistributed [S131]; the published Step1X-3D weights derive from Objaverse and Objaverse-XL with heterogeneous per-asset licences that upstream never resolved [S123]; and the licence of the image generator used for step one is fixed per SKU, not here.",business/02-portfolio/research-ideas-additions-3.csv,2026-09-04,1.3
SKU-333,C2 · R2 · K1 · Lane E · LOW_UNKNOWN,C2,R2,K1,E,B,LOW_UNKNOWN,CONCEPT_ONLY,GENERATIVE STEP1X RESEARCH PREFLIGHT R2 — NOT PRODUCT RELEASE APPROVAL,2,2,1,"Explicit generative concept preflight PC=34.75/100. Purpose, exclusions, envelope, generative route, mesh-quality gate, critical interface, candidate process envelope and test method are specified; the exact generated mesh, the exact process profile and every rights, safety and demand check remain open. Hard gates: G0 PASS; G1 PASS; G2 WARN; G3 FAIL; G4 PASS; G5 PASS; G6 PASS; TOOL-LICENCE WARN (owned fork; weight-licence and disclosure items open). Generative tooling licence: Generative tooling runs from the owned geometry-only fork github.com/stefanjunk/Step1X-3D [S131]. The Tencent Hunyuan-derived code that blocked EU commercial use is gone: the volume decoder every geometry run executes was replaced by an independent implementation in commit f00dd46, and the other eleven headed files left with the texture stage deleted in commit 2433849 [S125][S126]. The Stable Diffusion XL CreativeML Open RAIL++-M flow-down duty left with that same stage [S127], and pymeshlab (GPL-3.0), plyfile, easydict, pytorch3d, kaolin and nvdiffrast are out of the inference path. CUTOFF: this position covers only runs whose recorded source commit is at or after f00dd46; any artifact generated before it, and any textured artifact whatever its commit, was produced by the Hunyuan-derived code and keeps the pre-fork status until it is regenerated [S131]. Residual items, none of them blocking the tooling itself: the served visual encoder instantiates its CLIP and DINOv2 classes from the configuration files of openai/clip-vit-large-patch14, which declares no licence, and facebook/dinov2-with-registers-large (Apache-2.0), while the trained weights come from the Apache-2.0 Step1X-3D checkpoint, so no OpenAI or Meta weight file is downloaded or redistributed [S131]; the published Step1X-3D weights derive from Objaverse and Objaverse-XL with heterogeneous per-asset licences that upstream never resolved [S123]; and the licence of the image generator used for step one is fixed per SKU, not here.",business/02-portfolio/research-ideas-additions-3.csv,2026-09-04,1.3
SKU-334,C2 · R2 · K1 · Lane E · LOW_UNKNOWN,C2,R2,K1,E,B,LOW_UNKNOWN,CONCEPT_ONLY,GENERATIVE STEP1X RESEARCH PREFLIGHT R2 — NOT PRODUCT RELEASE APPROVAL,2,2,1,"Explicit generative concept preflight PC=34.75/100. Purpose, exclusions, envelope, generative route, mesh-quality gate, critical interface, candidate process envelope and test method are specified; the exact generated mesh, the exact process profile and every rights, safety and demand check remain open. Hard gates: G0 PASS; G1 PASS; G2 WARN; G3 FAIL; G4 PASS; G5 PASS; G6 PASS; TOOL-LICENCE WARN (owned fork; weight-licence and disclosure items open). Generative tooling licence: Generative tooling runs from the owned geometry-only fork github.com/stefanjunk/Step1X-3D [S131]. The Tencent Hunyuan-derived code that blocked EU commercial use is gone: the volume decoder every geometry run executes was replaced by an independent implementation in commit f00dd46, and the other eleven headed files left with the texture stage deleted in commit 2433849 [S125][S126]. The Stable Diffusion XL CreativeML Open RAIL++-M flow-down duty left with that same stage [S127], and pymeshlab (GPL-3.0), plyfile, easydict, pytorch3d, kaolin and nvdiffrast are out of the inference path. CUTOFF: this position covers only runs whose recorded source commit is at or after f00dd46; any artifact generated before it, and any textured artifact whatever its commit, was produced by the Hunyuan-derived code and keeps the pre-fork status until it is regenerated [S131]. Residual items, none of them blocking the tooling itself: the served visual encoder instantiates its CLIP and DINOv2 classes from the configuration files of openai/clip-vit-large-patch14, which declares no licence, and facebook/dinov2-with-registers-large (Apache-2.0), while the trained weights come from the Apache-2.0 Step1X-3D checkpoint, so no OpenAI or Meta weight file is downloaded or redistributed [S131]; the published Step1X-3D weights derive from Objaverse and Objaverse-XL with heterogeneous per-asset licences that upstream never resolved [S123]; and the licence of the image generator used for step one is fixed per SKU, not here.",business/02-portfolio/research-ideas-additions-3.csv,2026-09-04,1.3
SKU-335,C1 · R2 · K1 · Lane E · LOW_UNKNOWN,C1,R2,K1,E,B,LOW_UNKNOWN,CONCEPT_ONLY,GENERATIVE STEP1X RESEARCH PREFLIGHT R2 — NOT PRODUCT RELEASE APPROVAL,1,1,1,"Explicit generative concept preflight PC=19.25/100. Purpose, exclusions, envelope, generative route, mesh-quality gate, critical interface, candidate process envelope and test method are specified; the exact generated mesh, the exact process profile and every rights, safety and demand check remain open. Hard gates: G0 PASS; G1 PASS; G2 WARN; G3 FAIL; G4 PASS; G5 PASS; G6 PASS; TOOL-LICENCE WARN (owned fork; weight-licence and disclosure items open). Generative tooling licence: Generative tooling runs from the owned geometry-only fork github.com/stefanjunk/Step1X-3D [S131]. The Tencent Hunyuan-derived code that blocked EU commercial use is gone: the volume decoder every geometry run executes was replaced by an independent implementation in commit f00dd46, and the other eleven headed files left with the texture stage deleted in commit 2433849 [S125][S126]. The Stable Diffusion XL CreativeML Open RAIL++-M flow-down duty left with that same stage [S127], and pymeshlab (GPL-3.0), plyfile, easydict, pytorch3d, kaolin and nvdiffrast are out of the inference path. CUTOFF: this position covers only runs whose recorded source commit is at or after f00dd46; any artifact generated before it, and any textured artifact whatever its commit, was produced by the Hunyuan-derived code and keeps the pre-fork status until it is regenerated [S131]. Residual items, none of them blocking the tooling itself: the served visual encoder instantiates its CLIP and DINOv2 classes from the configuration files of openai/clip-vit-large-patch14, which declares no licence, and facebook/dinov2-with-registers-large (Apache-2.0), while the trained weights come from the Apache-2.0 Step1X-3D checkpoint, so no OpenAI or Meta weight file is downloaded or redistributed [S131]; the published Step1X-3D weights derive from Objaverse and Objaverse-XL with heterogeneous per-asset licences that upstream never resolved [S123]; and the licence of the image generator used for step one is fixed per SKU, not here.",business/02-portfolio/research-ideas-additions-3.csv,2026-09-04,1.3
SKU-336,C1 · R2 · K1 · Lane E · LOW_UNKNOWN,C1,R2,K1,E,B,LOW_UNKNOWN,CONCEPT_ONLY,GENERATIVE STEP1X RESEARCH PREFLIGHT R2 — NOT PRODUCT RELEASE APPROVAL,1,1,1,"Explicit generative concept preflight PC=19.25/100. Purpose, exclusions, envelope, generative route, mesh-quality gate, critical interface, candidate process envelope and test method are specified; the exact generated mesh, the exact process profile and every rights, safety and demand check remain open. Hard gates: G0 PASS; G1 PASS; G2 WARN; G3 FAIL; G4 PASS; G5 PASS; G6 PASS; TOOL-LICENCE WARN (owned fork; weight-licence and disclosure items open). Generative tooling licence: Generative tooling runs from the owned geometry-only fork github.com/stefanjunk/Step1X-3D [S131]. The Tencent Hunyuan-derived code that blocked EU commercial use is gone: the volume decoder every geometry run executes was replaced by an independent implementation in commit f00dd46, and the other eleven headed files left with the texture stage deleted in commit 2433849 [S125][S126]. The Stable Diffusion XL CreativeML Open RAIL++-M flow-down duty left with that same stage [S127], and pymeshlab (GPL-3.0), plyfile, easydict, pytorch3d, kaolin and nvdiffrast are out of the inference path. CUTOFF: this position covers only runs whose recorded source commit is at or after f00dd46; any artifact generated before it, and any textured artifact whatever its commit, was produced by the Hunyuan-derived code and keeps the pre-fork status until it is regenerated [S131]. Residual items, none of them blocking the tooling itself: the served visual encoder instantiates its CLIP and DINOv2 classes from the configuration files of openai/clip-vit-large-patch14, which declares no licence, and facebook/dinov2-with-registers-large (Apache-2.0), while the trained weights come from the Apache-2.0 Step1X-3D checkpoint, so no OpenAI or Meta weight file is downloaded or redistributed [S131]; the published Step1X-3D weights derive from Objaverse and Objaverse-XL with heterogeneous per-asset licences that upstream never resolved [S123]; and the licence of the image generator used for step one is fixed per SKU, not here.",business/02-portfolio/research-ideas-additions-3.csv,2026-09-04,1.3
SKU-337,C2 · R2 · K1 · Lane E · LOW_UNKNOWN,C2,R2,K1,E,B,LOW_UNKNOWN,CONCEPT_ONLY,GENERATIVE STEP1X RESEARCH PREFLIGHT R2 — NOT PRODUCT RELEASE APPROVAL,2,2,1,"Explicit generative concept preflight PC=34.75/100. Purpose, exclusions, envelope, generative route, mesh-quality gate, critical interface, candidate process envelope and test method are specified; the exact generated mesh, the exact process profile and every rights, safety and demand check remain open. Hard gates: G0 PASS; G1 PASS; G2 WARN; G3 FAIL; G4 PASS; G5 PASS; G6 PASS; TOOL-LICENCE WARN (owned fork; weight-licence and disclosure items open). Generative tooling licence: Generative tooling runs from the owned geometry-only fork github.com/stefanjunk/Step1X-3D [S131]. The Tencent Hunyuan-derived code that blocked EU commercial use is gone: the volume decoder every geometry run executes was replaced by an independent implementation in commit f00dd46, and the other eleven headed files left with the texture stage deleted in commit 2433849 [S125][S126]. The Stable Diffusion XL CreativeML Open RAIL++-M flow-down duty left with that same stage [S127], and pymeshlab (GPL-3.0), plyfile, easydict, pytorch3d, kaolin and nvdiffrast are out of the inference path. CUTOFF: this position covers only runs whose recorded source commit is at or after f00dd46; any artifact generated before it, and any textured artifact whatever its commit, was produced by the Hunyuan-derived code and keeps the pre-fork status until it is regenerated [S131]. Residual items, none of them blocking the tooling itself: the served visual encoder instantiates its CLIP and DINOv2 classes from the configuration files of openai/clip-vit-large-patch14, which declares no licence, and facebook/dinov2-with-registers-large (Apache-2.0), while the trained weights come from the Apache-2.0 Step1X-3D checkpoint, so no OpenAI or Meta weight file is downloaded or redistributed [S131]; the published Step1X-3D weights derive from Objaverse and Objaverse-XL with heterogeneous per-asset licences that upstream never resolved [S123]; and the licence of the image generator used for step one is fixed per SKU, not here.",business/02-portfolio/research-ideas-additions-3.csv,2026-09-04,1.3
SKU-338,C1 · R2 · K1 · Lane E · LOW_UNKNOWN,C1,R2,K1,E,B,LOW_UNKNOWN,CONCEPT_ONLY,GENERATIVE STEP1X RESEARCH PREFLIGHT R2 — NOT PRODUCT RELEASE APPROVAL,1,1,1,"Explicit generative concept preflight PC=19.25/100. Purpose, exclusions, envelope, generative route, mesh-quality gate, critical interface, candidate process envelope and test method are specified; the exact generated mesh, the exact process profile and every rights, safety and demand check remain open. Hard gates: G0 PASS; G1 PASS; G2 WARN; G3 FAIL; G4 PASS; G5 PASS; G6 PASS; TOOL-LICENCE WARN (owned fork; weight-licence and disclosure items open). Generative tooling licence: Generative tooling runs from the owned geometry-only fork github.com/stefanjunk/Step1X-3D [S131]. The Tencent Hunyuan-derived code that blocked EU commercial use is gone: the volume decoder every geometry run executes was replaced by an independent implementation in commit f00dd46, and the other eleven headed files left with the texture stage deleted in commit 2433849 [S125][S126]. The Stable Diffusion XL CreativeML Open RAIL++-M flow-down duty left with that same stage [S127], and pymeshlab (GPL-3.0), plyfile, easydict, pytorch3d, kaolin and nvdiffrast are out of the inference path. CUTOFF: this position covers only runs whose recorded source commit is at or after f00dd46; any artifact generated before it, and any textured artifact whatever its commit, was produced by the Hunyuan-derived code and keeps the pre-fork status until it is regenerated [S131]. Residual items, none of them blocking the tooling itself: the served visual encoder instantiates its CLIP and DINOv2 classes from the configuration files of openai/clip-vit-large-patch14, which declares no licence, and facebook/dinov2-with-registers-large (Apache-2.0), while the trained weights come from the Apache-2.0 Step1X-3D checkpoint, so no OpenAI or Meta weight file is downloaded or redistributed [S131]; the published Step1X-3D weights derive from Objaverse and Objaverse-XL with heterogeneous per-asset licences that upstream never resolved [S123]; and the licence of the image generator used for step one is fixed per SKU, not here.",business/02-portfolio/research-ideas-additions-3.csv,2026-09-04,1.3
SKU-339,C2 · R2 · K1 · Lane E · LOW_UNKNOWN,C2,R2,K1,E,B,LOW_UNKNOWN,CONCEPT_ONLY,GENERATIVE STEP1X RESEARCH PREFLIGHT R2 — NOT PRODUCT RELEASE APPROVAL,2,2,1,"Explicit generative concept preflight PC=34.75/100. Purpose, exclusions, envelope, generative route, mesh-quality gate, critical interface, candidate process envelope and test method are specified; the exact generated mesh, the exact process profile and every rights, safety and demand check remain open. Hard gates: G0 PASS; G1 PASS; G2 WARN; G3 FAIL; G4 PASS; G5 PASS; G6 PASS; TOOL-LICENCE WARN (owned fork; weight-licence and disclosure items open). Generative tooling licence: Generative tooling runs from the owned geometry-only fork github.com/stefanjunk/Step1X-3D [S131]. The Tencent Hunyuan-derived code that blocked EU commercial use is gone: the volume decoder every geometry run executes was replaced by an independent implementation in commit f00dd46, and the other eleven headed files left with the texture stage deleted in commit 2433849 [S125][S126]. The Stable Diffusion XL CreativeML Open RAIL++-M flow-down duty left with that same stage [S127], and pymeshlab (GPL-3.0), plyfile, easydict, pytorch3d, kaolin and nvdiffrast are out of the inference path. CUTOFF: this position covers only runs whose recorded source commit is at or after f00dd46; any artifact generated before it, and any textured artifact whatever its commit, was produced by the Hunyuan-derived code and keeps the pre-fork status until it is regenerated [S131]. Residual items, none of them blocking the tooling itself: the served visual encoder instantiates its CLIP and DINOv2 classes from the configuration files of openai/clip-vit-large-patch14, which declares no licence, and facebook/dinov2-with-registers-large (Apache-2.0), while the trained weights come from the Apache-2.0 Step1X-3D checkpoint, so no OpenAI or Meta weight file is downloaded or redistributed [S131]; the published Step1X-3D weights derive from Objaverse and Objaverse-XL with heterogeneous per-asset licences that upstream never resolved [S123]; and the licence of the image generator used for step one is fixed per SKU, not here.",business/02-portfolio/research-ideas-additions-3.csv,2026-09-04,1.3
SKU-340,C2 · R2 · K1 · Lane E · LOW_UNKNOWN,C2,R2,K1,E,B,LOW_UNKNOWN,CONCEPT_ONLY,GENERATIVE STEP1X RESEARCH PREFLIGHT R2 — NOT PRODUCT RELEASE APPROVAL,2,2,1,"Explicit generative concept preflight PC=34.75/100. Purpose, exclusions, envelope, generative route, mesh-quality gate, critical interface, candidate process envelope and test method are specified; the exact generated mesh, the exact process profile and every rights, safety and demand check remain open. Hard gates: G0 PASS; G1 PASS; G2 WARN; G3 FAIL; G4 PASS; G5 PASS; G6 PASS; TOOL-LICENCE WARN (owned fork; weight-licence and disclosure items open). Generative tooling licence: Generative tooling runs from the owned geometry-only fork github.com/stefanjunk/Step1X-3D [S131]. The Tencent Hunyuan-derived code that blocked EU commercial use is gone: the volume decoder every geometry run executes was replaced by an independent implementation in commit f00dd46, and the other eleven headed files left with the texture stage deleted in commit 2433849 [S125][S126]. The Stable Diffusion XL CreativeML Open RAIL++-M flow-down duty left with that same stage [S127], and pymeshlab (GPL-3.0), plyfile, easydict, pytorch3d, kaolin and nvdiffrast are out of the inference path. CUTOFF: this position covers only runs whose recorded source commit is at or after f00dd46; any artifact generated before it, and any textured artifact whatever its commit, was produced by the Hunyuan-derived code and keeps the pre-fork status until it is regenerated [S131]. Residual items, none of them blocking the tooling itself: the served visual encoder instantiates its CLIP and DINOv2 classes from the configuration files of openai/clip-vit-large-patch14, which declares no licence, and facebook/dinov2-with-registers-large (Apache-2.0), while the trained weights come from the Apache-2.0 Step1X-3D checkpoint, so no OpenAI or Meta weight file is downloaded or redistributed [S131]; the published Step1X-3D weights derive from Objaverse and Objaverse-XL with heterogeneous per-asset licences that upstream never resolved [S123]; and the licence of the image generator used for step one is fixed per SKU, not here.",business/02-portfolio/research-ideas-additions-3.csv,2026-09-04,1.3
SKU-341,C1 · R2 · K1 · Lane E · LOW_UNKNOWN,C1,R2,K1,E,B,LOW_UNKNOWN,CONCEPT_ONLY,GENERATIVE STEP1X RESEARCH PREFLIGHT R2 — NOT PRODUCT RELEASE APPROVAL,1,1,1,"Explicit generative concept preflight PC=19.25/100. Purpose, exclusions, envelope, generative route, mesh-quality gate, critical interface, candidate process envelope and test method are specified; the exact generated mesh, the exact process profile and every rights, safety and demand check remain open. Hard gates: G0 PASS; G1 PASS; G2 WARN; G3 FAIL; G4 PASS; G5 PASS; G6 PASS; TOOL-LICENCE WARN (owned fork; weight-licence and disclosure items open). Generative tooling licence: Generative tooling runs from the owned geometry-only fork github.com/stefanjunk/Step1X-3D [S131]. The Tencent Hunyuan-derived code that blocked EU commercial use is gone: the volume decoder every geometry run executes was replaced by an independent implementation in commit f00dd46, and the other eleven headed files left with the texture stage deleted in commit 2433849 [S125][S126]. The Stable Diffusion XL CreativeML Open RAIL++-M flow-down duty left with that same stage [S127], and pymeshlab (GPL-3.0), plyfile, easydict, pytorch3d, kaolin and nvdiffrast are out of the inference path. CUTOFF: this position covers only runs whose recorded source commit is at or after f00dd46; any artifact generated before it, and any textured artifact whatever its commit, was produced by the Hunyuan-derived code and keeps the pre-fork status until it is regenerated [S131]. Residual items, none of them blocking the tooling itself: the served visual encoder instantiates its CLIP and DINOv2 classes from the configuration files of openai/clip-vit-large-patch14, which declares no licence, and facebook/dinov2-with-registers-large (Apache-2.0), while the trained weights come from the Apache-2.0 Step1X-3D checkpoint, so no OpenAI or Meta weight file is downloaded or redistributed [S131]; the published Step1X-3D weights derive from Objaverse and Objaverse-XL with heterogeneous per-asset licences that upstream never resolved [S123]; and the licence of the image generator used for step one is fixed per SKU, not here.",business/02-portfolio/research-ideas-additions-3.csv,2026-09-04,1.3
SKU-342,C2 · R2 · K1 · Lane E · LOW_UNKNOWN,C2,R2,K1,E,B,LOW_UNKNOWN,CONCEPT_ONLY,GENERATIVE STEP1X RESEARCH PREFLIGHT R2 — NOT PRODUCT RELEASE APPROVAL,2,3,1,"Explicit generative concept preflight PC=30.25/100. Purpose, exclusions, envelope, generative route, mesh-quality gate, critical interface, candidate process envelope and test method are specified; the exact generated mesh, the exact process profile and every rights, safety and demand check remain open. Hard gates: G0 PASS; G1 PASS; G2 WARN; G3 FAIL; G4 PASS; G5 PASS; G6 PASS; TOOL-LICENCE WARN (owned fork; weight-licence and disclosure items open). Generative tooling licence: Generative tooling runs from the owned geometry-only fork github.com/stefanjunk/Step1X-3D [S131]. The Tencent Hunyuan-derived code that blocked EU commercial use is gone: the volume decoder every geometry run executes was replaced by an independent implementation in commit f00dd46, and the other eleven headed files left with the texture stage deleted in commit 2433849 [S125][S126]. The Stable Diffusion XL CreativeML Open RAIL++-M flow-down duty left with that same stage [S127], and pymeshlab (GPL-3.0), plyfile, easydict, pytorch3d, kaolin and nvdiffrast are out of the inference path. CUTOFF: this position covers only runs whose recorded source commit is at or after f00dd46; any artifact generated before it, and any textured artifact whatever its commit, was produced by the Hunyuan-derived code and keeps the pre-fork status until it is regenerated [S131]. Residual items, none of them blocking the tooling itself: the served visual encoder instantiates its CLIP and DINOv2 classes from the configuration files of openai/clip-vit-large-patch14, which declares no licence, and facebook/dinov2-with-registers-large (Apache-2.0), while the trained weights come from the Apache-2.0 Step1X-3D checkpoint, so no OpenAI or Meta weight file is downloaded or redistributed [S131]; the published Step1X-3D weights derive from Objaverse and Objaverse-XL with heterogeneous per-asset licences that upstream never resolved [S123]; and the licence of the image generator used for step one is fixed per SKU, not here.",business/02-portfolio/research-ideas-additions-3.csv,2026-09-04,1.3
SKU-343,C2 · R2 · K1 · Lane E · LOW_UNKNOWN,C2,R2,K1,E,B,LOW_UNKNOWN,CONCEPT_ONLY,GENERATIVE STEP1X RESEARCH PREFLIGHT R2 — NOT PRODUCT RELEASE APPROVAL,2,2,1,"Explicit generative concept preflight PC=34.75/100. Purpose, exclusions, envelope, generative route, mesh-quality gate, critical interface, candidate process envelope and test method are specified; the exact generated mesh, the exact process profile and every rights, safety and demand check remain open. Hard gates: G0 PASS; G1 PASS; G2 WARN; G3 FAIL; G4 PASS; G5 PASS; G6 PASS; TOOL-LICENCE WARN (owned fork; weight-licence and disclosure items open). Generative tooling licence: Generative tooling runs from the owned geometry-only fork github.com/stefanjunk/Step1X-3D [S131]. The Tencent Hunyuan-derived code that blocked EU commercial use is gone: the volume decoder every geometry run executes was replaced by an independent implementation in commit f00dd46, and the other eleven headed files left with the texture stage deleted in commit 2433849 [S125][S126]. The Stable Diffusion XL CreativeML Open RAIL++-M flow-down duty left with that same stage [S127], and pymeshlab (GPL-3.0), plyfile, easydict, pytorch3d, kaolin and nvdiffrast are out of the inference path. CUTOFF: this position covers only runs whose recorded source commit is at or after f00dd46; any artifact generated before it, and any textured artifact whatever its commit, was produced by the Hunyuan-derived code and keeps the pre-fork status until it is regenerated [S131]. Residual items, none of them blocking the tooling itself: the served visual encoder instantiates its CLIP and DINOv2 classes from the configuration files of openai/clip-vit-large-patch14, which declares no licence, and facebook/dinov2-with-registers-large (Apache-2.0), while the trained weights come from the Apache-2.0 Step1X-3D checkpoint, so no OpenAI or Meta weight file is downloaded or redistributed [S131]; the published Step1X-3D weights derive from Objaverse and Objaverse-XL with heterogeneous per-asset licences that upstream never resolved [S123]; and the licence of the image generator used for step one is fixed per SKU, not here.",business/02-portfolio/research-ideas-additions-3.csv,2026-09-04,1.3
SKU-344,C1 · R2 · K1 · Lane E · LOW_UNKNOWN,C1,R2,K1,E,B,LOW_UNKNOWN,CONCEPT_ONLY,GENERATIVE STEP1X RESEARCH PREFLIGHT R2 — NOT PRODUCT RELEASE APPROVAL,1,1,1,"Explicit generative concept preflight PC=19.25/100. Purpose, exclusions, envelope, generative route, mesh-quality gate, critical interface, candidate process envelope and test method are specified; the exact generated mesh, the exact process profile and every rights, safety and demand check remain open. Hard gates: G0 PASS; G1 PASS; G2 WARN; G3 FAIL; G4 PASS; G5 PASS; G6 PASS; TOOL-LICENCE WARN (owned fork; weight-licence and disclosure items open). Generative tooling licence: Generative tooling runs from the owned geometry-only fork github.com/stefanjunk/Step1X-3D [S131]. The Tencent Hunyuan-derived code that blocked EU commercial use is gone: the volume decoder every geometry run executes was replaced by an independent implementation in commit f00dd46, and the other eleven headed files left with the texture stage deleted in commit 2433849 [S125][S126]. The Stable Diffusion XL CreativeML Open RAIL++-M flow-down duty left with that same stage [S127], and pymeshlab (GPL-3.0), plyfile, easydict, pytorch3d, kaolin and nvdiffrast are out of the inference path. CUTOFF: this position covers only runs whose recorded source commit is at or after f00dd46; any artifact generated before it, and any textured artifact whatever its commit, was produced by the Hunyuan-derived code and keeps the pre-fork status until it is regenerated [S131]. Residual items, none of them blocking the tooling itself: the served visual encoder instantiates its CLIP and DINOv2 classes from the configuration files of openai/clip-vit-large-patch14, which declares no licence, and facebook/dinov2-with-registers-large (Apache-2.0), while the trained weights come from the Apache-2.0 Step1X-3D checkpoint, so no OpenAI or Meta weight file is downloaded or redistributed [S131]; the published Step1X-3D weights derive from Objaverse and Objaverse-XL with heterogeneous per-asset licences that upstream never resolved [S123]; and the licence of the image generator used for step one is fixed per SKU, not here.",business/02-portfolio/research-ideas-additions-3.csv,2026-09-04,1.3
SKU-345,C2 · R2 · K1 · Lane E · LOW_UNKNOWN,C2,R2,K1,E,B,LOW_UNKNOWN,CONCEPT_ONLY,GENERATIVE STEP1X RESEARCH PREFLIGHT R2 — NOT PRODUCT RELEASE APPROVAL,2,2,1,"Explicit generative concept preflight PC=34.75/100. Purpose, exclusions, envelope, generative route, mesh-quality gate, critical interface, candidate process envelope and test method are specified; the exact generated mesh, the exact process profile and every rights, safety and demand check remain open. Hard gates: G0 PASS; G1 PASS; G2 WARN; G3 FAIL; G4 PASS; G5 PASS; G6 PASS; TOOL-LICENCE WARN (owned fork; weight-licence and disclosure items open). Generative tooling licence: Generative tooling runs from the owned geometry-only fork github.com/stefanjunk/Step1X-3D [S131]. The Tencent Hunyuan-derived code that blocked EU commercial use is gone: the volume decoder every geometry run executes was replaced by an independent implementation in commit f00dd46, and the other eleven headed files left with the texture stage deleted in commit 2433849 [S125][S126]. The Stable Diffusion XL CreativeML Open RAIL++-M flow-down duty left with that same stage [S127], and pymeshlab (GPL-3.0), plyfile, easydict, pytorch3d, kaolin and nvdiffrast are out of the inference path. CUTOFF: this position covers only runs whose recorded source commit is at or after f00dd46; any artifact generated before it, and any textured artifact whatever its commit, was produced by the Hunyuan-derived code and keeps the pre-fork status until it is regenerated [S131]. Residual items, none of them blocking the tooling itself: the served visual encoder instantiates its CLIP and DINOv2 classes from the configuration files of openai/clip-vit-large-patch14, which declares no licence, and facebook/dinov2-with-registers-large (Apache-2.0), while the trained weights come from the Apache-2.0 Step1X-3D checkpoint, so no OpenAI or Meta weight file is downloaded or redistributed [S131]; the published Step1X-3D weights derive from Objaverse and Objaverse-XL with heterogeneous per-asset licences that upstream never resolved [S123]; and the licence of the image generator used for step one is fixed per SKU, not here.",business/02-portfolio/research-ideas-additions-3.csv,2026-09-04,1.3
SKU-346,C1 · R2 · K1 · Lane E · LOW_UNKNOWN,C1,R2,K1,E,B,LOW_UNKNOWN,CONCEPT_ONLY,GENERATIVE STEP1X RESEARCH PREFLIGHT R2 — NOT PRODUCT RELEASE APPROVAL,1,1,1,"Explicit generative concept preflight PC=19.25/100. Purpose, exclusions, envelope, generative route, mesh-quality gate, critical interface, candidate process envelope and test method are specified; the exact generated mesh, the exact process profile and every rights, safety and demand check remain open. Hard gates: G0 PASS; G1 PASS; G2 WARN; G3 FAIL; G4 PASS; G5 PASS; G6 PASS; TOOL-LICENCE WARN (owned fork; weight-licence and disclosure items open). Generative tooling licence: Generative tooling runs from the owned geometry-only fork github.com/stefanjunk/Step1X-3D [S131]. The Tencent Hunyuan-derived code that blocked EU commercial use is gone: the volume decoder every geometry run executes was replaced by an independent implementation in commit f00dd46, and the other eleven headed files left with the texture stage deleted in commit 2433849 [S125][S126]. The Stable Diffusion XL CreativeML Open RAIL++-M flow-down duty left with that same stage [S127], and pymeshlab (GPL-3.0), plyfile, easydict, pytorch3d, kaolin and nvdiffrast are out of the inference path. CUTOFF: this position covers only runs whose recorded source commit is at or after f00dd46; any artifact generated before it, and any textured artifact whatever its commit, was produced by the Hunyuan-derived code and keeps the pre-fork status until it is regenerated [S131]. Residual items, none of them blocking the tooling itself: the served visual encoder instantiates its CLIP and DINOv2 classes from the configuration files of openai/clip-vit-large-patch14, which declares no licence, and facebook/dinov2-with-registers-large (Apache-2.0), while the trained weights come from the Apache-2.0 Step1X-3D checkpoint, so no OpenAI or Meta weight file is downloaded or redistributed [S131]; the published Step1X-3D weights derive from Objaverse and Objaverse-XL with heterogeneous per-asset licences that upstream never resolved [S123]; and the licence of the image generator used for step one is fixed per SKU, not here.",business/02-portfolio/research-ideas-additions-3.csv,2026-09-04,1.3
SKU-347,C1 · R2 · K1 · Lane E · LOW_UNKNOWN,C1,R2,K1,E,B,LOW_UNKNOWN,CONCEPT_ONLY,GENERATIVE STEP1X RESEARCH PREFLIGHT R2 — NOT PRODUCT RELEASE APPROVAL,1,1,1,"Explicit generative concept preflight PC=19.25/100. Purpose, exclusions, envelope, generative route, mesh-quality gate, critical interface, candidate process envelope and test method are specified; the exact generated mesh, the exact process profile and every rights, safety and demand check remain open. Hard gates: G0 PASS; G1 PASS; G2 WARN; G3 FAIL; G4 PASS; G5 PASS; G6 PASS; TOOL-LICENCE WARN (owned fork; weight-licence and disclosure items open). Generative tooling licence: Generative tooling runs from the owned geometry-only fork github.com/stefanjunk/Step1X-3D [S131]. The Tencent Hunyuan-derived code that blocked EU commercial use is gone: the volume decoder every geometry run executes was replaced by an independent implementation in commit f00dd46, and the other eleven headed files left with the texture stage deleted in commit 2433849 [S125][S126]. The Stable Diffusion XL CreativeML Open RAIL++-M flow-down duty left with that same stage [S127], and pymeshlab (GPL-3.0), plyfile, easydict, pytorch3d, kaolin and nvdiffrast are out of the inference path. CUTOFF: this position covers only runs whose recorded source commit is at or after f00dd46; any artifact generated before it, and any textured artifact whatever its commit, was produced by the Hunyuan-derived code and keeps the pre-fork status until it is regenerated [S131]. Residual items, none of them blocking the tooling itself: the served visual encoder instantiates its CLIP and DINOv2 classes from the configuration files of openai/clip-vit-large-patch14, which declares no licence, and facebook/dinov2-with-registers-large (Apache-2.0), while the trained weights come from the Apache-2.0 Step1X-3D checkpoint, so no OpenAI or Meta weight file is downloaded or redistributed [S131]; the published Step1X-3D weights derive from Objaverse and Objaverse-XL with heterogeneous per-asset licences that upstream never resolved [S123]; and the licence of the image generator used for step one is fixed per SKU, not here.",business/02-portfolio/research-ideas-additions-3.csv,2026-09-04,1.3
SKU-348,C2 · R2 · K1 · Lane E · LOW_UNKNOWN,C2,R2,K1,E,B,LOW_UNKNOWN,CONCEPT_ONLY,GENERATIVE STEP1X RESEARCH PREFLIGHT R2 — NOT PRODUCT RELEASE APPROVAL,2,2,1,"Explicit generative concept preflight PC=34.75/100. Purpose, exclusions, envelope, generative route, mesh-quality gate, critical interface, candidate process envelope and test method are specified; the exact generated mesh, the exact process profile and every rights, safety and demand check remain open. Hard gates: G0 PASS; G1 PASS; G2 WARN; G3 FAIL; G4 PASS; G5 PASS; G6 PASS; TOOL-LICENCE WARN (owned fork; weight-licence and disclosure items open). Generative tooling licence: Generative tooling runs from the owned geometry-only fork github.com/stefanjunk/Step1X-3D [S131]. The Tencent Hunyuan-derived code that blocked EU commercial use is gone: the volume decoder every geometry run executes was replaced by an independent implementation in commit f00dd46, and the other eleven headed files left with the texture stage deleted in commit 2433849 [S125][S126]. The Stable Diffusion XL CreativeML Open RAIL++-M flow-down duty left with that same stage [S127], and pymeshlab (GPL-3.0), plyfile, easydict, pytorch3d, kaolin and nvdiffrast are out of the inference path. CUTOFF: this position covers only runs whose recorded source commit is at or after f00dd46; any artifact generated before it, and any textured artifact whatever its commit, was produced by the Hunyuan-derived code and keeps the pre-fork status until it is regenerated [S131]. Residual items, none of them blocking the tooling itself: the served visual encoder instantiates its CLIP and DINOv2 classes from the configuration files of openai/clip-vit-large-patch14, which declares no licence, and facebook/dinov2-with-registers-large (Apache-2.0), while the trained weights come from the Apache-2.0 Step1X-3D checkpoint, so no OpenAI or Meta weight file is downloaded or redistributed [S131]; the published Step1X-3D weights derive from Objaverse and Objaverse-XL with heterogeneous per-asset licences that upstream never resolved [S123]; and the licence of the image generator used for step one is fixed per SKU, not here.",business/02-portfolio/research-ideas-additions-3.csv,2026-09-04,1.3
SKU-349,C2 · R2 · K1 · Lane E · LOW_UNKNOWN,C2,R2,K1,E,B,LOW_UNKNOWN,CONCEPT_ONLY,GENERATIVE STEP1X RESEARCH PREFLIGHT R2 — NOT PRODUCT RELEASE APPROVAL,2,2,1,"Explicit generative concept preflight PC=34.75/100. Purpose, exclusions, envelope, generative route, mesh-quality gate, critical interface, candidate process envelope and test method are specified; the exact generated mesh, the exact process profile and every rights, safety and demand check remain open. Hard gates: G0 PASS; G1 PASS; G2 WARN; G3 FAIL; G4 PASS; G5 PASS; G6 PASS; TOOL-LICENCE WARN (owned fork; weight-licence and disclosure items open). Generative tooling licence: Generative tooling runs from the owned geometry-only fork github.com/stefanjunk/Step1X-3D [S131]. The Tencent Hunyuan-derived code that blocked EU commercial use is gone: the volume decoder every geometry run executes was replaced by an independent implementation in commit f00dd46, and the other eleven headed files left with the texture stage deleted in commit 2433849 [S125][S126]. The Stable Diffusion XL CreativeML Open RAIL++-M flow-down duty left with that same stage [S127], and pymeshlab (GPL-3.0), plyfile, easydict, pytorch3d, kaolin and nvdiffrast are out of the inference path. CUTOFF: this position covers only runs whose recorded source commit is at or after f00dd46; any artifact generated before it, and any textured artifact whatever its commit, was produced by the Hunyuan-derived code and keeps the pre-fork status until it is regenerated [S131]. Residual items, none of them blocking the tooling itself: the served visual encoder instantiates its CLIP and DINOv2 classes from the configuration files of openai/clip-vit-large-patch14, which declares no licence, and facebook/dinov2-with-registers-large (Apache-2.0), while the trained weights come from the Apache-2.0 Step1X-3D checkpoint, so no OpenAI or Meta weight file is downloaded or redistributed [S131]; the published Step1X-3D weights derive from Objaverse and Objaverse-XL with heterogeneous per-asset licences that upstream never resolved [S123]; and the licence of the image generator used for step one is fixed per SKU, not here.",business/02-portfolio/research-ideas-additions-3.csv,2026-09-04,1.3
SKU-350,C1 · R2 · K1 · Lane E · LOW_UNKNOWN,C1,R2,K1,E,B,LOW_UNKNOWN,CONCEPT_ONLY,GENERATIVE STEP1X RESEARCH PREFLIGHT R2 — NOT PRODUCT RELEASE APPROVAL,1,1,1,"Explicit generative concept preflight PC=19.25/100. Purpose, exclusions, envelope, generative route, mesh-quality gate, critical interface, candidate process envelope and test method are specified; the exact generated mesh, the exact process profile and every rights, safety and demand check remain open. Hard gates: G0 PASS; G1 PASS; G2 WARN; G3 FAIL; G4 PASS; G5 PASS; G6 PASS; TOOL-LICENCE WARN (owned fork; weight-licence and disclosure items open). Generative tooling licence: Generative tooling runs from the owned geometry-only fork github.com/stefanjunk/Step1X-3D [S131]. The Tencent Hunyuan-derived code that blocked EU commercial use is gone: the volume decoder every geometry run executes was replaced by an independent implementation in commit f00dd46, and the other eleven headed files left with the texture stage deleted in commit 2433849 [S125][S126]. The Stable Diffusion XL CreativeML Open RAIL++-M flow-down duty left with that same stage [S127], and pymeshlab (GPL-3.0), plyfile, easydict, pytorch3d, kaolin and nvdiffrast are out of the inference path. CUTOFF: this position covers only runs whose recorded source commit is at or after f00dd46; any artifact generated before it, and any textured artifact whatever its commit, was produced by the Hunyuan-derived code and keeps the pre-fork status until it is regenerated [S131]. Residual items, none of them blocking the tooling itself: the served visual encoder instantiates its CLIP and DINOv2 classes from the configuration files of openai/clip-vit-large-patch14, which declares no licence, and facebook/dinov2-with-registers-large (Apache-2.0), while the trained weights come from the Apache-2.0 Step1X-3D checkpoint, so no OpenAI or Meta weight file is downloaded or redistributed [S131]; the published Step1X-3D weights derive from Objaverse and Objaverse-XL with heterogeneous per-asset licences that upstream never resolved [S123]; and the licence of the image generator used for step one is fixed per SKU, not here.",business/02-portfolio/research-ideas-additions-3.csv,2026-09-04,1.3
SKU-351,C1 · R2 · K1 · Lane E · LOW_UNKNOWN,C1,R2,K1,E,B,LOW_UNKNOWN,CONCEPT_ONLY,GENERATIVE STEP1X RESEARCH PREFLIGHT R2 — NOT PRODUCT RELEASE APPROVAL,1,2,1,"Explicit generative concept preflight PC=19.25/100. Purpose, exclusions, envelope, generative route, mesh-quality gate, critical interface, candidate process envelope and test method are specified; the exact generated mesh, the exact process profile and every rights, safety and demand check remain open. Hard gates: G0 PASS; G1 PASS; G2 WARN; G3 FAIL; G4 PASS; G5 PASS; G6 PASS; TOOL-LICENCE WARN (owned fork; weight-licence and disclosure items open). Generative tooling licence: Generative tooling runs from the owned geometry-only fork github.com/stefanjunk/Step1X-3D [S131]. The Tencent Hunyuan-derived code that blocked EU commercial use is gone: the volume decoder every geometry run executes was replaced by an independent implementation in commit f00dd46, and the other eleven headed files left with the texture stage deleted in commit 2433849 [S125][S126]. The Stable Diffusion XL CreativeML Open RAIL++-M flow-down duty left with that same stage [S127], and pymeshlab (GPL-3.0), plyfile, easydict, pytorch3d, kaolin and nvdiffrast are out of the inference path. CUTOFF: this position covers only runs whose recorded source commit is at or after f00dd46; any artifact generated before it, and any textured artifact whatever its commit, was produced by the Hunyuan-derived code and keeps the pre-fork status until it is regenerated [S131]. Residual items, none of them blocking the tooling itself: the served visual encoder instantiates its CLIP and DINOv2 classes from the configuration files of openai/clip-vit-large-patch14, which declares no licence, and facebook/dinov2-with-registers-large (Apache-2.0), while the trained weights come from the Apache-2.0 Step1X-3D checkpoint, so no OpenAI or Meta weight file is downloaded or redistributed [S131]; the published Step1X-3D weights derive from Objaverse and Objaverse-XL with heterogeneous per-asset licences that upstream never resolved [S123]; and the licence of the image generator used for step one is fixed per SKU, not here.",business/02-portfolio/research-ideas-additions-3.csv,2026-09-04,1.3
SKU-352,C1 · R2 · K1 · Lane E · LOW_UNKNOWN,C1,R2,K1,E,B,LOW_UNKNOWN,CONCEPT_ONLY,GENERATIVE STEP1X RESEARCH PREFLIGHT R2 — NOT PRODUCT RELEASE APPROVAL,1,1,1,"Explicit generative concept preflight PC=19.25/100. Purpose, exclusions, envelope, generative route, mesh-quality gate, critical interface, candidate process envelope and test method are specified; the exact generated mesh, the exact process profile and every rights, safety and demand check remain open. Hard gates: G0 PASS; G1 PASS; G2 WARN; G3 FAIL; G4 PASS; G5 PASS; G6 PASS; TOOL-LICENCE WARN (owned fork; weight-licence and disclosure items open). Generative tooling licence: Generative tooling runs from the owned geometry-only fork github.com/stefanjunk/Step1X-3D [S131]. The Tencent Hunyuan-derived code that blocked EU commercial use is gone: the volume decoder every geometry run executes was replaced by an independent implementation in commit f00dd46, and the other eleven headed files left with the texture stage deleted in commit 2433849 [S125][S126]. The Stable Diffusion XL CreativeML Open RAIL++-M flow-down duty left with that same stage [S127], and pymeshlab (GPL-3.0), plyfile, easydict, pytorch3d, kaolin and nvdiffrast are out of the inference path. CUTOFF: this position covers only runs whose recorded source commit is at or after f00dd46; any artifact generated before it, and any textured artifact whatever its commit, was produced by the Hunyuan-derived code and keeps the pre-fork status until it is regenerated [S131]. Residual items, none of them blocking the tooling itself: the served visual encoder instantiates its CLIP and DINOv2 classes from the configuration files of openai/clip-vit-large-patch14, which declares no licence, and facebook/dinov2-with-registers-large (Apache-2.0), while the trained weights come from the Apache-2.0 Step1X-3D checkpoint, so no OpenAI or Meta weight file is downloaded or redistributed [S131]; the published Step1X-3D weights derive from Objaverse and Objaverse-XL with heterogeneous per-asset licences that upstream never resolved [S123]; and the licence of the image generator used for step one is fixed per SKU, not here.",business/02-portfolio/research-ideas-additions-3.csv,2026-09-04,1.3
SKU-353,C2 · R2 · K2 · Lane E · LOW_UNKNOWN,C2,R2,K2,E,C,LOW_UNKNOWN,CONCEPT_ONLY,GENERATIVE STEP1X RESEARCH PREFLIGHT R2 — NOT PRODUCT RELEASE APPROVAL,2,3,2,"Explicit generative concept preflight PC=36.0/100. Purpose, exclusions, envelope, generative route, mesh-quality gate, critical interface, candidate process envelope and test method are specified; the exact generated mesh, the exact process profile and every rights, safety and demand check remain open. Hard gates: G0 PASS; G1 PASS; G2 WARN; G3 FAIL; G4 PASS; G5 PASS; G6 PASS; TOOL-LICENCE WARN (owned fork; weight-licence and disclosure items open). Generative tooling licence: Generative tooling runs from the owned geometry-only fork github.com/stefanjunk/Step1X-3D [S131]. The Tencent Hunyuan-derived code that blocked EU commercial use is gone: the volume decoder every geometry run executes was replaced by an independent implementation in commit f00dd46, and the other eleven headed files left with the texture stage deleted in commit 2433849 [S125][S126]. The Stable Diffusion XL CreativeML Open RAIL++-M flow-down duty left with that same stage [S127], and pymeshlab (GPL-3.0), plyfile, easydict, pytorch3d, kaolin and nvdiffrast are out of the inference path. CUTOFF: this position covers only runs whose recorded source commit is at or after f00dd46; any artifact generated before it, and any textured artifact whatever its commit, was produced by the Hunyuan-derived code and keeps the pre-fork status until it is regenerated [S131]. Residual items, none of them blocking the tooling itself: the served visual encoder instantiates its CLIP and DINOv2 classes from the configuration files of openai/clip-vit-large-patch14, which declares no licence, and facebook/dinov2-with-registers-large (Apache-2.0), while the trained weights come from the Apache-2.0 Step1X-3D checkpoint, so no OpenAI or Meta weight file is downloaded or redistributed [S131]; the published Step1X-3D weights derive from Objaverse and Objaverse-XL with heterogeneous per-asset licences that upstream never resolved [S123]; and the licence of the image generator used for step one is fixed per SKU, not here.",business/02-portfolio/research-ideas-additions-3.csv,2026-09-04,1.3
SKU-354,C2 · R2 · K2 · Lane E · LOW_UNKNOWN,C2,R2,K2,E,C,LOW_UNKNOWN,CONCEPT_ONLY,GENERATIVE STEP1X RESEARCH PREFLIGHT R2 — NOT PRODUCT RELEASE APPROVAL,2,3,2,"Explicit generative concept preflight PC=36.0/100. Purpose, exclusions, envelope, generative route, mesh-quality gate, critical interface, candidate process envelope and test method are specified; the exact generated mesh, the exact process profile and every rights, safety and demand check remain open. Hard gates: G0 PASS; G1 PASS; G2 WARN; G3 FAIL; G4 PASS; G5 PASS; G6 PASS; TOOL-LICENCE WARN (owned fork; weight-licence and disclosure items open). Generative tooling licence: Generative tooling runs from the owned geometry-only fork github.com/stefanjunk/Step1X-3D [S131]. The Tencent Hunyuan-derived code that blocked EU commercial use is gone: the volume decoder every geometry run executes was replaced by an independent implementation in commit f00dd46, and the other eleven headed files left with the texture stage deleted in commit 2433849 [S125][S126]. The Stable Diffusion XL CreativeML Open RAIL++-M flow-down duty left with that same stage [S127], and pymeshlab (GPL-3.0), plyfile, easydict, pytorch3d, kaolin and nvdiffrast are out of the inference path. CUTOFF: this position covers only runs whose recorded source commit is at or after f00dd46; any artifact generated before it, and any textured artifact whatever its commit, was produced by the Hunyuan-derived code and keeps the pre-fork status until it is regenerated [S131]. Residual items, none of them blocking the tooling itself: the served visual encoder instantiates its CLIP and DINOv2 classes from the configuration files of openai/clip-vit-large-patch14, which declares no licence, and facebook/dinov2-with-registers-large (Apache-2.0), while the trained weights come from the Apache-2.0 Step1X-3D checkpoint, so no OpenAI or Meta weight file is downloaded or redistributed [S131]; the published Step1X-3D weights derive from Objaverse and Objaverse-XL with heterogeneous per-asset licences that upstream never resolved [S123]; and the licence of the image generator used for step one is fixed per SKU, not here.",business/02-portfolio/research-ideas-additions-3.csv,2026-09-04,1.3
SKU-355,C2 · R2 · K2 · Lane E · LOW_UNKNOWN,C2,R2,K2,E,C,LOW_UNKNOWN,CONCEPT_ONLY,GENERATIVE STEP1X RESEARCH PREFLIGHT R2 — NOT PRODUCT RELEASE APPROVAL,2,3,2,"Explicit generative concept preflight PC=36.0/100. Purpose, exclusions, envelope, generative route, mesh-quality gate, critical interface, candidate process envelope and test method are specified; the exact generated mesh, the exact process profile and every rights, safety and demand check remain open. Hard gates: G0 PASS; G1 PASS; G2 WARN; G3 FAIL; G4 PASS; G5 PASS; G6 PASS; TOOL-LICENCE WARN (owned fork; weight-licence and disclosure items open). Generative tooling licence: Generative tooling runs from the owned geometry-only fork github.com/stefanjunk/Step1X-3D [S131]. The Tencent Hunyuan-derived code that blocked EU commercial use is gone: the volume decoder every geometry run executes was replaced by an independent implementation in commit f00dd46, and the other eleven headed files left with the texture stage deleted in commit 2433849 [S125][S126]. The Stable Diffusion XL CreativeML Open RAIL++-M flow-down duty left with that same stage [S127], and pymeshlab (GPL-3.0), plyfile, easydict, pytorch3d, kaolin and nvdiffrast are out of the inference path. CUTOFF: this position covers only runs whose recorded source commit is at or after f00dd46; any artifact generated before it, and any textured artifact whatever its commit, was produced by the Hunyuan-derived code and keeps the pre-fork status until it is regenerated [S131]. Residual items, none of them blocking the tooling itself: the served visual encoder instantiates its CLIP and DINOv2 classes from the configuration files of openai/clip-vit-large-patch14, which declares no licence, and facebook/dinov2-with-registers-large (Apache-2.0), while the trained weights come from the Apache-2.0 Step1X-3D checkpoint, so no OpenAI or Meta weight file is downloaded or redistributed [S131]; the published Step1X-3D weights derive from Objaverse and Objaverse-XL with heterogeneous per-asset licences that upstream never resolved [S123]; and the licence of the image generator used for step one is fixed per SKU, not here.",business/02-portfolio/research-ideas-additions-3.csv,2026-09-04,1.3
SKU-356,C2 · R2 · K2 · Lane E · LOW_UNKNOWN,C2,R2,K2,E,C,LOW_UNKNOWN,CONCEPT_ONLY,GENERATIVE STEP1X RESEARCH PREFLIGHT R2 — NOT PRODUCT RELEASE APPROVAL,2,3,2,"Explicit generative concept preflight PC=36.0/100. Purpose, exclusions, envelope, generative route, mesh-quality gate, critical interface, candidate process envelope and test method are specified; the exact generated mesh, the exact process profile and every rights, safety and demand check remain open. Hard gates: G0 PASS; G1 PASS; G2 WARN; G3 FAIL; G4 PASS; G5 PASS; G6 PASS; TOOL-LICENCE WARN (owned fork; weight-licence and disclosure items open). Generative tooling licence: Generative tooling runs from the owned geometry-only fork github.com/stefanjunk/Step1X-3D [S131]. The Tencent Hunyuan-derived code that blocked EU commercial use is gone: the volume decoder every geometry run executes was replaced by an independent implementation in commit f00dd46, and the other eleven headed files left with the texture stage deleted in commit 2433849 [S125][S126]. The Stable Diffusion XL CreativeML Open RAIL++-M flow-down duty left with that same stage [S127], and pymeshlab (GPL-3.0), plyfile, easydict, pytorch3d, kaolin and nvdiffrast are out of the inference path. CUTOFF: this position covers only runs whose recorded source commit is at or after f00dd46; any artifact generated before it, and any textured artifact whatever its commit, was produced by the Hunyuan-derived code and keeps the pre-fork status until it is regenerated [S131]. Residual items, none of them blocking the tooling itself: the served visual encoder instantiates its CLIP and DINOv2 classes from the configuration files of openai/clip-vit-large-patch14, which declares no licence, and facebook/dinov2-with-registers-large (Apache-2.0), while the trained weights come from the Apache-2.0 Step1X-3D checkpoint, so no OpenAI or Meta weight file is downloaded or redistributed [S131]; the published Step1X-3D weights derive from Objaverse and Objaverse-XL with heterogeneous per-asset licences that upstream never resolved [S123]; and the licence of the image generator used for step one is fixed per SKU, not here.",business/02-portfolio/research-ideas-additions-3.csv,2026-09-04,1.3
SKU-357,C2 · R2 · K2 · Lane E · LOW_UNKNOWN,C2,R2,K2,E,C,LOW_UNKNOWN,CONCEPT_ONLY,GENERATIVE STEP1X RESEARCH PREFLIGHT R2 — NOT PRODUCT RELEASE APPROVAL,2,3,2,"Explicit generative concept preflight PC=36.0/100. Purpose, exclusions, envelope, generative route, mesh-quality gate, critical interface, candidate process envelope and test method are specified; the exact generated mesh, the exact process profile and every rights, safety and demand check remain open. Hard gates: G0 PASS; G1 PASS; G2 WARN; G3 FAIL; G4 PASS; G5 PASS; G6 PASS; TOOL-LICENCE WARN (owned fork; weight-licence and disclosure items open). Generative tooling licence: Generative tooling runs from the owned geometry-only fork github.com/stefanjunk/Step1X-3D [S131]. The Tencent Hunyuan-derived code that blocked EU commercial use is gone: the volume decoder every geometry run executes was replaced by an independent implementation in commit f00dd46, and the other eleven headed files left with the texture stage deleted in commit 2433849 [S125][S126]. The Stable Diffusion XL CreativeML Open RAIL++-M flow-down duty left with that same stage [S127], and pymeshlab (GPL-3.0), plyfile, easydict, pytorch3d, kaolin and nvdiffrast are out of the inference path. CUTOFF: this position covers only runs whose recorded source commit is at or after f00dd46; any artifact generated before it, and any textured artifact whatever its commit, was produced by the Hunyuan-derived code and keeps the pre-fork status until it is regenerated [S131]. Residual items, none of them blocking the tooling itself: the served visual encoder instantiates its CLIP and DINOv2 classes from the configuration files of openai/clip-vit-large-patch14, which declares no licence, and facebook/dinov2-with-registers-large (Apache-2.0), while the trained weights come from the Apache-2.0 Step1X-3D checkpoint, so no OpenAI or Meta weight file is downloaded or redistributed [S131]; the published Step1X-3D weights derive from Objaverse and Objaverse-XL with heterogeneous per-asset licences that upstream never resolved [S123]; and the licence of the image generator used for step one is fixed per SKU, not here.",business/02-portfolio/research-ideas-additions-3.csv,2026-09-04,1.3
SKU-358,C3 · R2 · K2 · Lane E · LOW_UNKNOWN,C3,R2,K2,E,C,LOW_UNKNOWN,CONCEPT_ONLY,GENERATIVE STEP1X RESEARCH PREFLIGHT R2 — NOT PRODUCT RELEASE APPROVAL,4,4,2,"Explicit generative concept preflight PC=43.5/100. Purpose, exclusions, envelope, generative route, mesh-quality gate, critical interface, candidate process envelope and test method are specified; the exact generated mesh, the exact process profile and every rights, safety and demand check remain open. Hard gates: G0 PASS; G1 PASS; G2 WARN; G3 FAIL; G4 PASS; G5 PASS; G6 PASS; TOOL-LICENCE WARN (owned fork; weight-licence and disclosure items open). Generative tooling licence: Generative tooling runs from the owned geometry-only fork github.com/stefanjunk/Step1X-3D [S131]. The Tencent Hunyuan-derived code that blocked EU commercial use is gone: the volume decoder every geometry run executes was replaced by an independent implementation in commit f00dd46, and the other eleven headed files left with the texture stage deleted in commit 2433849 [S125][S126]. The Stable Diffusion XL CreativeML Open RAIL++-M flow-down duty left with that same stage [S127], and pymeshlab (GPL-3.0), plyfile, easydict, pytorch3d, kaolin and nvdiffrast are out of the inference path. CUTOFF: this position covers only runs whose recorded source commit is at or after f00dd46; any artifact generated before it, and any textured artifact whatever its commit, was produced by the Hunyuan-derived code and keeps the pre-fork status until it is regenerated [S131]. Residual items, none of them blocking the tooling itself: the served visual encoder instantiates its CLIP and DINOv2 classes from the configuration files of openai/clip-vit-large-patch14, which declares no licence, and facebook/dinov2-with-registers-large (Apache-2.0), while the trained weights come from the Apache-2.0 Step1X-3D checkpoint, so no OpenAI or Meta weight file is downloaded or redistributed [S131]; the published Step1X-3D weights derive from Objaverse and Objaverse-XL with heterogeneous per-asset licences that upstream never resolved [S123]; and the licence of the image generator used for step one is fixed per SKU, not here.",business/02-portfolio/research-ideas-additions-3.csv,2026-09-04,1.3
SKU-359,C3 · R2 · K2 · Lane E · LOW_UNKNOWN,C3,R2,K2,E,C,LOW_UNKNOWN,CONCEPT_ONLY,GENERATIVE STEP1X RESEARCH PREFLIGHT R2 — NOT PRODUCT RELEASE APPROVAL,4,4,2,"Explicit generative concept preflight PC=43.5/100. Purpose, exclusions, envelope, generative route, mesh-quality gate, critical interface, candidate process envelope and test method are specified; the exact generated mesh, the exact process profile and every rights, safety and demand check remain open. Hard gates: G0 PASS; G1 PASS; G2 WARN; G3 FAIL; G4 PASS; G5 PASS; G6 PASS; TOOL-LICENCE WARN (owned fork; weight-licence and disclosure items open). Generative tooling licence: Generative tooling runs from the owned geometry-only fork github.com/stefanjunk/Step1X-3D [S131]. The Tencent Hunyuan-derived code that blocked EU commercial use is gone: the volume decoder every geometry run executes was replaced by an independent implementation in commit f00dd46, and the other eleven headed files left with the texture stage deleted in commit 2433849 [S125][S126]. The Stable Diffusion XL CreativeML Open RAIL++-M flow-down duty left with that same stage [S127], and pymeshlab (GPL-3.0), plyfile, easydict, pytorch3d, kaolin and nvdiffrast are out of the inference path. CUTOFF: this position covers only runs whose recorded source commit is at or after f00dd46; any artifact generated before it, and any textured artifact whatever its commit, was produced by the Hunyuan-derived code and keeps the pre-fork status until it is regenerated [S131]. Residual items, none of them blocking the tooling itself: the served visual encoder instantiates its CLIP and DINOv2 classes from the configuration files of openai/clip-vit-large-patch14, which declares no licence, and facebook/dinov2-with-registers-large (Apache-2.0), while the trained weights come from the Apache-2.0 Step1X-3D checkpoint, so no OpenAI or Meta weight file is downloaded or redistributed [S131]; the published Step1X-3D weights derive from Objaverse and Objaverse-XL with heterogeneous per-asset licences that upstream never resolved [S123]; and the licence of the image generator used for step one is fixed per SKU, not here.",business/02-portfolio/research-ideas-additions-3.csv,2026-09-04,1.3
SKU-360,C3 · R2 · K2 · Lane E · LOW_UNKNOWN,C3,R2,K2,E,C,LOW_UNKNOWN,CONCEPT_ONLY,GENERATIVE STEP1X RESEARCH PREFLIGHT R2 — NOT PRODUCT RELEASE APPROVAL,4,4,2,"Explicit generative concept preflight PC=43.5/100. Purpose, exclusions, envelope, generative route, mesh-quality gate, critical interface, candidate process envelope and test method are specified; the exact generated mesh, the exact process profile and every rights, safety and demand check remain open. Hard gates: G0 PASS; G1 PASS; G2 WARN; G3 FAIL; G4 PASS; G5 PASS; G6 PASS; TOOL-LICENCE WARN (owned fork; weight-licence and disclosure items open). Generative tooling licence: Generative tooling runs from the owned geometry-only fork github.com/stefanjunk/Step1X-3D [S131]. The Tencent Hunyuan-derived code that blocked EU commercial use is gone: the volume decoder every geometry run executes was replaced by an independent implementation in commit f00dd46, and the other eleven headed files left with the texture stage deleted in commit 2433849 [S125][S126]. The Stable Diffusion XL CreativeML Open RAIL++-M flow-down duty left with that same stage [S127], and pymeshlab (GPL-3.0), plyfile, easydict, pytorch3d, kaolin and nvdiffrast are out of the inference path. CUTOFF: this position covers only runs whose recorded source commit is at or after f00dd46; any artifact generated before it, and any textured artifact whatever its commit, was produced by the Hunyuan-derived code and keeps the pre-fork status until it is regenerated [S131]. Residual items, none of them blocking the tooling itself: the served visual encoder instantiates its CLIP and DINOv2 classes from the configuration files of openai/clip-vit-large-patch14, which declares no licence, and facebook/dinov2-with-registers-large (Apache-2.0), while the trained weights come from the Apache-2.0 Step1X-3D checkpoint, so no OpenAI or Meta weight file is downloaded or redistributed [S131]; the published Step1X-3D weights derive from Objaverse and Objaverse-XL with heterogeneous per-asset licences that upstream never resolved [S123]; and the licence of the image generator used for step one is fixed per SKU, not here.",business/02-portfolio/research-ideas-additions-3.csv,2026-09-04,1.3
SKU-361,C3 · R2 · K2 · Lane E · LOW_UNKNOWN,C3,R2,K2,E,C,LOW_UNKNOWN,CONCEPT_ONLY,GENERATIVE STEP1X RESEARCH PREFLIGHT R2 — NOT PRODUCT RELEASE APPROVAL,4,4,2,"Explicit generative concept preflight PC=43.5/100. Purpose, exclusions, envelope, generative route, mesh-quality gate, critical interface, candidate process envelope and test method are specified; the exact generated mesh, the exact process profile and every rights, safety and demand check remain open. Hard gates: G0 PASS; G1 PASS; G2 WARN; G3 FAIL; G4 PASS; G5 PASS; G6 PASS; TOOL-LICENCE WARN (owned fork; weight-licence and disclosure items open). Generative tooling licence: Generative tooling runs from the owned geometry-only fork github.com/stefanjunk/Step1X-3D [S131]. The Tencent Hunyuan-derived code that blocked EU commercial use is gone: the volume decoder every geometry run executes was replaced by an independent implementation in commit f00dd46, and the other eleven headed files left with the texture stage deleted in commit 2433849 [S125][S126]. The Stable Diffusion XL CreativeML Open RAIL++-M flow-down duty left with that same stage [S127], and pymeshlab (GPL-3.0), plyfile, easydict, pytorch3d, kaolin and nvdiffrast are out of the inference path. CUTOFF: this position covers only runs whose recorded source commit is at or after f00dd46; any artifact generated before it, and any textured artifact whatever its commit, was produced by the Hunyuan-derived code and keeps the pre-fork status until it is regenerated [S131]. Residual items, none of them blocking the tooling itself: the served visual encoder instantiates its CLIP and DINOv2 classes from the configuration files of openai/clip-vit-large-patch14, which declares no licence, and facebook/dinov2-with-registers-large (Apache-2.0), while the trained weights come from the Apache-2.0 Step1X-3D checkpoint, so no OpenAI or Meta weight file is downloaded or redistributed [S131]; the published Step1X-3D weights derive from Objaverse and Objaverse-XL with heterogeneous per-asset licences that upstream never resolved [S123]; and the licence of the image generator used for step one is fixed per SKU, not here.",business/02-portfolio/research-ideas-additions-3.csv,2026-09-04,1.3
SKU-362,C3 · R2 · K2 · Lane E · LOW_UNKNOWN,C3,R2,K2,E,C,LOW_UNKNOWN,CONCEPT_ONLY,GENERATIVE STEP1X RESEARCH PREFLIGHT R2 — NOT PRODUCT RELEASE APPROVAL,2,3,2,"Explicit generative concept preflight PC=40.25/100. Purpose, exclusions, envelope, generative route, mesh-quality gate, critical interface, candidate process envelope and test method are specified; the exact generated mesh, the exact process profile and every rights, safety and demand check remain open. Hard gates: G0 PASS; G1 PASS; G2 WARN; G3 FAIL; G4 PASS; G5 PASS; G6 PASS; TOOL-LICENCE WARN (owned fork; weight-licence and disclosure items open). Generative tooling licence: Generative tooling runs from the owned geometry-only fork github.com/stefanjunk/Step1X-3D [S131]. The Tencent Hunyuan-derived code that blocked EU commercial use is gone: the volume decoder every geometry run executes was replaced by an independent implementation in commit f00dd46, and the other eleven headed files left with the texture stage deleted in commit 2433849 [S125][S126]. The Stable Diffusion XL CreativeML Open RAIL++-M flow-down duty left with that same stage [S127], and pymeshlab (GPL-3.0), plyfile, easydict, pytorch3d, kaolin and nvdiffrast are out of the inference path. CUTOFF: this position covers only runs whose recorded source commit is at or after f00dd46; any artifact generated before it, and any textured artifact whatever its commit, was produced by the Hunyuan-derived code and keeps the pre-fork status until it is regenerated [S131]. Residual items, none of them blocking the tooling itself: the served visual encoder instantiates its CLIP and DINOv2 classes from the configuration files of openai/clip-vit-large-patch14, which declares no licence, and facebook/dinov2-with-registers-large (Apache-2.0), while the trained weights come from the Apache-2.0 Step1X-3D checkpoint, so no OpenAI or Meta weight file is downloaded or redistributed [S131]; the published Step1X-3D weights derive from Objaverse and Objaverse-XL with heterogeneous per-asset licences that upstream never resolved [S123]; and the licence of the image generator used for step one is fixed per SKU, not here.",business/02-portfolio/research-ideas-additions-3.csv,2026-09-04,1.3
SKU-363,C3 · R2 · K2 · Lane E · LOW_UNKNOWN,C3,R2,K2,E,C,LOW_UNKNOWN,CONCEPT_ONLY,GENERATIVE STEP1X RESEARCH PREFLIGHT R2 — NOT PRODUCT RELEASE APPROVAL,2,3,2,"Explicit generative concept preflight PC=40.25/100. Purpose, exclusions, envelope, generative route, mesh-quality gate, critical interface, candidate process envelope and test method are specified; the exact generated mesh, the exact process profile and every rights, safety and demand check remain open. Hard gates: G0 PASS; G1 PASS; G2 WARN; G3 FAIL; G4 PASS; G5 PASS; G6 PASS; TOOL-LICENCE WARN (owned fork; weight-licence and disclosure items open). Generative tooling licence: Generative tooling runs from the owned geometry-only fork github.com/stefanjunk/Step1X-3D [S131]. The Tencent Hunyuan-derived code that blocked EU commercial use is gone: the volume decoder every geometry run executes was replaced by an independent implementation in commit f00dd46, and the other eleven headed files left with the texture stage deleted in commit 2433849 [S125][S126]. The Stable Diffusion XL CreativeML Open RAIL++-M flow-down duty left with that same stage [S127], and pymeshlab (GPL-3.0), plyfile, easydict, pytorch3d, kaolin and nvdiffrast are out of the inference path. CUTOFF: this position covers only runs whose recorded source commit is at or after f00dd46; any artifact generated before it, and any textured artifact whatever its commit, was produced by the Hunyuan-derived code and keeps the pre-fork status until it is regenerated [S131]. Residual items, none of them blocking the tooling itself: the served visual encoder instantiates its CLIP and DINOv2 classes from the configuration files of openai/clip-vit-large-patch14, which declares no licence, and facebook/dinov2-with-registers-large (Apache-2.0), while the trained weights come from the Apache-2.0 Step1X-3D checkpoint, so no OpenAI or Meta weight file is downloaded or redistributed [S131]; the published Step1X-3D weights derive from Objaverse and Objaverse-XL with heterogeneous per-asset licences that upstream never resolved [S123]; and the licence of the image generator used for step one is fixed per SKU, not here.",business/02-portfolio/research-ideas-additions-3.csv,2026-09-04,1.3
SKU-364,C3 · R2 · K2 · Lane E · LOW_UNKNOWN,C3,R2,K2,E,C,LOW_UNKNOWN,CONCEPT_ONLY,GENERATIVE STEP1X RESEARCH PREFLIGHT R2 — NOT PRODUCT RELEASE APPROVAL,2,4,2,"Explicit generative concept preflight PC=40.25/100. Purpose, exclusions, envelope, generative route, mesh-quality gate, critical interface, candidate process envelope and test method are specified; the exact generated mesh, the exact process profile and every rights, safety and demand check remain open. Hard gates: G0 PASS; G1 PASS; G2 WARN; G3 FAIL; G4 PASS; G5 PASS; G6 PASS; TOOL-LICENCE WARN (owned fork; weight-licence and disclosure items open). Generative tooling licence: Generative tooling runs from the owned geometry-only fork github.com/stefanjunk/Step1X-3D [S131]. The Tencent Hunyuan-derived code that blocked EU commercial use is gone: the volume decoder every geometry run executes was replaced by an independent implementation in commit f00dd46, and the other eleven headed files left with the texture stage deleted in commit 2433849 [S125][S126]. The Stable Diffusion XL CreativeML Open RAIL++-M flow-down duty left with that same stage [S127], and pymeshlab (GPL-3.0), plyfile, easydict, pytorch3d, kaolin and nvdiffrast are out of the inference path. CUTOFF: this position covers only runs whose recorded source commit is at or after f00dd46; any artifact generated before it, and any textured artifact whatever its commit, was produced by the Hunyuan-derived code and keeps the pre-fork status until it is regenerated [S131]. Residual items, none of them blocking the tooling itself: the served visual encoder instantiates its CLIP and DINOv2 classes from the configuration files of openai/clip-vit-large-patch14, which declares no licence, and facebook/dinov2-with-registers-large (Apache-2.0), while the trained weights come from the Apache-2.0 Step1X-3D checkpoint, so no OpenAI or Meta weight file is downloaded or redistributed [S131]; the published Step1X-3D weights derive from Objaverse and Objaverse-XL with heterogeneous per-asset licences that upstream never resolved [S123]; and the licence of the image generator used for step one is fixed per SKU, not here.",business/02-portfolio/research-ideas-additions-3.csv,2026-09-04,1.3
SKU-365,C3 · R2 · K2 · Lane E · LOW_UNKNOWN,C3,R2,K2,E,C,LOW_UNKNOWN,CONCEPT_ONLY,GENERATIVE STEP1X RESEARCH PREFLIGHT R2 — NOT PRODUCT RELEASE APPROVAL,2,3,2,"Explicit generative concept preflight PC=40.25/100. Purpose, exclusions, envelope, generative route, mesh-quality gate, critical interface, candidate process envelope and test method are specified; the exact generated mesh, the exact process profile and every rights, safety and demand check remain open. Hard gates: G0 PASS; G1 PASS; G2 WARN; G3 FAIL; G4 PASS; G5 PASS; G6 PASS; TOOL-LICENCE WARN (owned fork; weight-licence and disclosure items open). Generative tooling licence: Generative tooling runs from the owned geometry-only fork github.com/stefanjunk/Step1X-3D [S131]. The Tencent Hunyuan-derived code that blocked EU commercial use is gone: the volume decoder every geometry run executes was replaced by an independent implementation in commit f00dd46, and the other eleven headed files left with the texture stage deleted in commit 2433849 [S125][S126]. The Stable Diffusion XL CreativeML Open RAIL++-M flow-down duty left with that same stage [S127], and pymeshlab (GPL-3.0), plyfile, easydict, pytorch3d, kaolin and nvdiffrast are out of the inference path. CUTOFF: this position covers only runs whose recorded source commit is at or after f00dd46; any artifact generated before it, and any textured artifact whatever its commit, was produced by the Hunyuan-derived code and keeps the pre-fork status until it is regenerated [S131]. Residual items, none of them blocking the tooling itself: the served visual encoder instantiates its CLIP and DINOv2 classes from the configuration files of openai/clip-vit-large-patch14, which declares no licence, and facebook/dinov2-with-registers-large (Apache-2.0), while the trained weights come from the Apache-2.0 Step1X-3D checkpoint, so no OpenAI or Meta weight file is downloaded or redistributed [S131]; the published Step1X-3D weights derive from Objaverse and Objaverse-XL with heterogeneous per-asset licences that upstream never resolved [S123]; and the licence of the image generator used for step one is fixed per SKU, not here.",business/02-portfolio/research-ideas-additions-3.csv,2026-09-04,1.3
SKU-366,C2 · R2 · K2 · Lane E · LOW_UNKNOWN,C2,R2,K2,E,C,LOW_UNKNOWN,CONCEPT_ONLY,GENERATIVE STEP1X RESEARCH PREFLIGHT R2 — NOT PRODUCT RELEASE APPROVAL,2,3,2,"Explicit generative concept preflight PC=38.5/100. Purpose, exclusions, envelope, generative route, mesh-quality gate, critical interface, candidate process envelope and test method are specified; the exact generated mesh, the exact process profile and every rights, safety and demand check remain open. Hard gates: G0 PASS; G1 PASS; G2 WARN; G3 FAIL; G4 PASS; G5 PASS; G6 PASS; TOOL-LICENCE WARN (owned fork; weight-licence and disclosure items open). Generative tooling licence: Generative tooling runs from the owned geometry-only fork github.com/stefanjunk/Step1X-3D [S131]. The Tencent Hunyuan-derived code that blocked EU commercial use is gone: the volume decoder every geometry run executes was replaced by an independent implementation in commit f00dd46, and the other eleven headed files left with the texture stage deleted in commit 2433849 [S125][S126]. The Stable Diffusion XL CreativeML Open RAIL++-M flow-down duty left with that same stage [S127], and pymeshlab (GPL-3.0), plyfile, easydict, pytorch3d, kaolin and nvdiffrast are out of the inference path. CUTOFF: this position covers only runs whose recorded source commit is at or after f00dd46; any artifact generated before it, and any textured artifact whatever its commit, was produced by the Hunyuan-derived code and keeps the pre-fork status until it is regenerated [S131]. Residual items, none of them blocking the tooling itself: the served visual encoder instantiates its CLIP and DINOv2 classes from the configuration files of openai/clip-vit-large-patch14, which declares no licence, and facebook/dinov2-with-registers-large (Apache-2.0), while the trained weights come from the Apache-2.0 Step1X-3D checkpoint, so no OpenAI or Meta weight file is downloaded or redistributed [S131]; the published Step1X-3D weights derive from Objaverse and Objaverse-XL with heterogeneous per-asset licences that upstream never resolved [S123]; and the licence of the image generator used for step one is fixed per SKU, not here.",business/02-portfolio/research-ideas-additions-3.csv,2026-09-04,1.3
SKU-367,C2 · R2 · K2 · Lane E · LOW_UNKNOWN,C2,R2,K2,E,C,LOW_UNKNOWN,CONCEPT_ONLY,GENERATIVE STEP1X RESEARCH PREFLIGHT R2 — NOT PRODUCT RELEASE APPROVAL,2,3,2,"Explicit generative concept preflight PC=38.5/100. Purpose, exclusions, envelope, generative route, mesh-quality gate, critical interface, candidate process envelope and test method are specified; the exact generated mesh, the exact process profile and every rights, safety and demand check remain open. Hard gates: G0 PASS; G1 PASS; G2 WARN; G3 FAIL; G4 PASS; G5 PASS; G6 PASS; TOOL-LICENCE WARN (owned fork; weight-licence and disclosure items open). Generative tooling licence: Generative tooling runs from the owned geometry-only fork github.com/stefanjunk/Step1X-3D [S131]. The Tencent Hunyuan-derived code that blocked EU commercial use is gone: the volume decoder every geometry run executes was replaced by an independent implementation in commit f00dd46, and the other eleven headed files left with the texture stage deleted in commit 2433849 [S125][S126]. The Stable Diffusion XL CreativeML Open RAIL++-M flow-down duty left with that same stage [S127], and pymeshlab (GPL-3.0), plyfile, easydict, pytorch3d, kaolin and nvdiffrast are out of the inference path. CUTOFF: this position covers only runs whose recorded source commit is at or after f00dd46; any artifact generated before it, and any textured artifact whatever its commit, was produced by the Hunyuan-derived code and keeps the pre-fork status until it is regenerated [S131]. Residual items, none of them blocking the tooling itself: the served visual encoder instantiates its CLIP and DINOv2 classes from the configuration files of openai/clip-vit-large-patch14, which declares no licence, and facebook/dinov2-with-registers-large (Apache-2.0), while the trained weights come from the Apache-2.0 Step1X-3D checkpoint, so no OpenAI or Meta weight file is downloaded or redistributed [S131]; the published Step1X-3D weights derive from Objaverse and Objaverse-XL with heterogeneous per-asset licences that upstream never resolved [S123]; and the licence of the image generator used for step one is fixed per SKU, not here.",business/02-portfolio/research-ideas-additions-3.csv,2026-09-04,1.3
SKU-368,C2 · R2 · K2 · Lane E · LOW_UNKNOWN,C2,R2,K2,E,C,LOW_UNKNOWN,CONCEPT_ONLY,GENERATIVE STEP1X RESEARCH PREFLIGHT R2 — NOT PRODUCT RELEASE APPROVAL,2,3,2,"Explicit generative concept preflight PC=38.5/100. Purpose, exclusions, envelope, generative route, mesh-quality gate, critical interface, candidate process envelope and test method are specified; the exact generated mesh, the exact process profile and every rights, safety and demand check remain open. Hard gates: G0 PASS; G1 PASS; G2 WARN; G3 FAIL; G4 PASS; G5 PASS; G6 PASS; TOOL-LICENCE WARN (owned fork; weight-licence and disclosure items open). Generative tooling licence: Generative tooling runs from the owned geometry-only fork github.com/stefanjunk/Step1X-3D [S131]. The Tencent Hunyuan-derived code that blocked EU commercial use is gone: the volume decoder every geometry run executes was replaced by an independent implementation in commit f00dd46, and the other eleven headed files left with the texture stage deleted in commit 2433849 [S125][S126]. The Stable Diffusion XL CreativeML Open RAIL++-M flow-down duty left with that same stage [S127], and pymeshlab (GPL-3.0), plyfile, easydict, pytorch3d, kaolin and nvdiffrast are out of the inference path. CUTOFF: this position covers only runs whose recorded source commit is at or after f00dd46; any artifact generated before it, and any textured artifact whatever its commit, was produced by the Hunyuan-derived code and keeps the pre-fork status until it is regenerated [S131]. Residual items, none of them blocking the tooling itself: the served visual encoder instantiates its CLIP and DINOv2 classes from the configuration files of openai/clip-vit-large-patch14, which declares no licence, and facebook/dinov2-with-registers-large (Apache-2.0), while the trained weights come from the Apache-2.0 Step1X-3D checkpoint, so no OpenAI or Meta weight file is downloaded or redistributed [S131]; the published Step1X-3D weights derive from Objaverse and Objaverse-XL with heterogeneous per-asset licences that upstream never resolved [S123]; and the licence of the image generator used for step one is fixed per SKU, not here.",business/02-portfolio/research-ideas-additions-3.csv,2026-09-04,1.3
SKU-369,C1 · R2 · K2 · Lane E · LOW_UNKNOWN,C1,R2,K2,E,C,LOW_UNKNOWN,CONCEPT_ONLY,GENERATIVE STEP1X RESEARCH PREFLIGHT R2 — NOT PRODUCT RELEASE APPROVAL,1,3,2,"Explicit generative concept preflight PC=19.25/100. Purpose, exclusions, envelope, generative route, mesh-quality gate, critical interface, candidate process envelope and test method are specified; the exact generated mesh, the exact process profile and every rights, safety and demand check remain open. Hard gates: G0 PASS; G1 PASS; G2 WARN; G3 FAIL; G4 PASS; G5 PASS; G6 PASS; TOOL-LICENCE WARN (owned fork; weight-licence and disclosure items open). Generative tooling licence: Generative tooling runs from the owned geometry-only fork github.com/stefanjunk/Step1X-3D [S131]. The Tencent Hunyuan-derived code that blocked EU commercial use is gone: the volume decoder every geometry run executes was replaced by an independent implementation in commit f00dd46, and the other eleven headed files left with the texture stage deleted in commit 2433849 [S125][S126]. The Stable Diffusion XL CreativeML Open RAIL++-M flow-down duty left with that same stage [S127], and pymeshlab (GPL-3.0), plyfile, easydict, pytorch3d, kaolin and nvdiffrast are out of the inference path. CUTOFF: this position covers only runs whose recorded source commit is at or after f00dd46; any artifact generated before it, and any textured artifact whatever its commit, was produced by the Hunyuan-derived code and keeps the pre-fork status until it is regenerated [S131]. Residual items, none of them blocking the tooling itself: the served visual encoder instantiates its CLIP and DINOv2 classes from the configuration files of openai/clip-vit-large-patch14, which declares no licence, and facebook/dinov2-with-registers-large (Apache-2.0), while the trained weights come from the Apache-2.0 Step1X-3D checkpoint, so no OpenAI or Meta weight file is downloaded or redistributed [S131]; the published Step1X-3D weights derive from Objaverse and Objaverse-XL with heterogeneous per-asset licences that upstream never resolved [S123]; and the licence of the image generator used for step one is fixed per SKU, not here.",business/02-portfolio/research-ideas-additions-3.csv,2026-09-04,1.3
SKU-370,C1 · R2 · K2 · Lane E · LOW_UNKNOWN,C1,R2,K2,E,C,LOW_UNKNOWN,CONCEPT_ONLY,GENERATIVE STEP1X RESEARCH PREFLIGHT R2 — NOT PRODUCT RELEASE APPROVAL,1,3,2,"Explicit generative concept preflight PC=19.25/100. Purpose, exclusions, envelope, generative route, mesh-quality gate, critical interface, candidate process envelope and test method are specified; the exact generated mesh, the exact process profile and every rights, safety and demand check remain open. Hard gates: G0 PASS; G1 PASS; G2 WARN; G3 FAIL; G4 PASS; G5 PASS; G6 PASS; TOOL-LICENCE WARN (owned fork; weight-licence and disclosure items open). Generative tooling licence: Generative tooling runs from the owned geometry-only fork github.com/stefanjunk/Step1X-3D [S131]. The Tencent Hunyuan-derived code that blocked EU commercial use is gone: the volume decoder every geometry run executes was replaced by an independent implementation in commit f00dd46, and the other eleven headed files left with the texture stage deleted in commit 2433849 [S125][S126]. The Stable Diffusion XL CreativeML Open RAIL++-M flow-down duty left with that same stage [S127], and pymeshlab (GPL-3.0), plyfile, easydict, pytorch3d, kaolin and nvdiffrast are out of the inference path. CUTOFF: this position covers only runs whose recorded source commit is at or after f00dd46; any artifact generated before it, and any textured artifact whatever its commit, was produced by the Hunyuan-derived code and keeps the pre-fork status until it is regenerated [S131]. Residual items, none of them blocking the tooling itself: the served visual encoder instantiates its CLIP and DINOv2 classes from the configuration files of openai/clip-vit-large-patch14, which declares no licence, and facebook/dinov2-with-registers-large (Apache-2.0), while the trained weights come from the Apache-2.0 Step1X-3D checkpoint, so no OpenAI or Meta weight file is downloaded or redistributed [S131]; the published Step1X-3D weights derive from Objaverse and Objaverse-XL with heterogeneous per-asset licences that upstream never resolved [S123]; and the licence of the image generator used for step one is fixed per SKU, not here.",business/02-portfolio/research-ideas-additions-3.csv,2026-09-04,1.3
SKU-371,C3 · R2 · K2 · Lane E · LOW_UNKNOWN,C3,R2,K2,E,C,LOW_UNKNOWN,CONCEPT_ONLY,GENERATIVE STEP1X RESEARCH PREFLIGHT R2 — NOT PRODUCT RELEASE APPROVAL,2,3,2,"Explicit generative concept preflight PC=43.5/100. Purpose, exclusions, envelope, generative route, mesh-quality gate, critical interface, candidate process envelope and test method are specified; the exact generated mesh, the exact process profile and every rights, safety and demand check remain open. Hard gates: G0 PASS; G1 PASS; G2 FAIL; G3 FAIL; G4 PASS; G5 PASS; G6 PASS; TOOL-LICENCE WARN (owned fork; weight-licence and disclosure items open). Generative tooling licence: Generative tooling runs from the owned geometry-only fork github.com/stefanjunk/Step1X-3D [S131]. The Tencent Hunyuan-derived code that blocked EU commercial use is gone: the volume decoder every geometry run executes was replaced by an independent implementation in commit f00dd46, and the other eleven headed files left with the texture stage deleted in commit 2433849 [S125][S126]. The Stable Diffusion XL CreativeML Open RAIL++-M flow-down duty left with that same stage [S127], and pymeshlab (GPL-3.0), plyfile, easydict, pytorch3d, kaolin and nvdiffrast are out of the inference path. CUTOFF: this position covers only runs whose recorded source commit is at or after f00dd46; any artifact generated before it, and any textured artifact whatever its commit, was produced by the Hunyuan-derived code and keeps the pre-fork status until it is regenerated [S131]. Residual items, none of them blocking the tooling itself: the served visual encoder instantiates its CLIP and DINOv2 classes from the configuration files of openai/clip-vit-large-patch14, which declares no licence, and facebook/dinov2-with-registers-large (Apache-2.0), while the trained weights come from the Apache-2.0 Step1X-3D checkpoint, so no OpenAI or Meta weight file is downloaded or redistributed [S131]; the published Step1X-3D weights derive from Objaverse and Objaverse-XL with heterogeneous per-asset licences that upstream never resolved [S123]; and the licence of the image generator used for step one is fixed per SKU, not here.",business/02-portfolio/research-ideas-additions-3.csv,2026-09-04,1.3
SKU-372,C3 · R2 · K2 · Lane E · LOW_UNKNOWN,C3,R2,K2,E,C,LOW_UNKNOWN,CONCEPT_ONLY,GENERATIVE STEP1X RESEARCH PREFLIGHT R2 — NOT PRODUCT RELEASE APPROVAL,2,3,2,"Explicit generative concept preflight PC=39.75/100. Purpose, exclusions, envelope, generative route, mesh-quality gate, critical interface, candidate process envelope and test method are specified; the exact generated mesh, the exact process profile and every rights, safety and demand check remain open. Hard gates: G0 PASS; G1 PASS; G2 FAIL; G3 FAIL; G4 PASS; G5 PASS; G6 PASS; TOOL-LICENCE WARN (owned fork; weight-licence and disclosure items open). Generative tooling licence: Generative tooling runs from the owned geometry-only fork github.com/stefanjunk/Step1X-3D [S131]. The Tencent Hunyuan-derived code that blocked EU commercial use is gone: the volume decoder every geometry run executes was replaced by an independent implementation in commit f00dd46, and the other eleven headed files left with the texture stage deleted in commit 2433849 [S125][S126]. The Stable Diffusion XL CreativeML Open RAIL++-M flow-down duty left with that same stage [S127], and pymeshlab (GPL-3.0), plyfile, easydict, pytorch3d, kaolin and nvdiffrast are out of the inference path. CUTOFF: this position covers only runs whose recorded source commit is at or after f00dd46; any artifact generated before it, and any textured artifact whatever its commit, was produced by the Hunyuan-derived code and keeps the pre-fork status until it is regenerated [S131]. Residual items, none of them blocking the tooling itself: the served visual encoder instantiates its CLIP and DINOv2 classes from the configuration files of openai/clip-vit-large-patch14, which declares no licence, and facebook/dinov2-with-registers-large (Apache-2.0), while the trained weights come from the Apache-2.0 Step1X-3D checkpoint, so no OpenAI or Meta weight file is downloaded or redistributed [S131]; the published Step1X-3D weights derive from Objaverse and Objaverse-XL with heterogeneous per-asset licences that upstream never resolved [S123]; and the licence of the image generator used for step one is fixed per SKU, not here.",business/02-portfolio/research-ideas-additions-3.csv,2026-09-04,1.3
SKU-373,C3 · R2 · K2 · Lane E · LOW_UNKNOWN,C3,R2,K2,E,C,LOW_UNKNOWN,CONCEPT_ONLY,GENERATIVE STEP1X RESEARCH PREFLIGHT R2 — NOT PRODUCT RELEASE APPROVAL,2,4,2,"Explicit generative concept preflight PC=43.5/100. Purpose, exclusions, envelope, generative route, mesh-quality gate, critical interface, candidate process envelope and test method are specified; the exact generated mesh, the exact process profile and every rights, safety and demand check remain open. Hard gates: G0 PASS; G1 PASS; G2 FAIL; G3 FAIL; G4 PASS; G5 PASS; G6 PASS; TOOL-LICENCE WARN (owned fork; weight-licence and disclosure items open). Generative tooling licence: Generative tooling runs from the owned geometry-only fork github.com/stefanjunk/Step1X-3D [S131]. The Tencent Hunyuan-derived code that blocked EU commercial use is gone: the volume decoder every geometry run executes was replaced by an independent implementation in commit f00dd46, and the other eleven headed files left with the texture stage deleted in commit 2433849 [S125][S126]. The Stable Diffusion XL CreativeML Open RAIL++-M flow-down duty left with that same stage [S127], and pymeshlab (GPL-3.0), plyfile, easydict, pytorch3d, kaolin and nvdiffrast are out of the inference path. CUTOFF: this position covers only runs whose recorded source commit is at or after f00dd46; any artifact generated before it, and any textured artifact whatever its commit, was produced by the Hunyuan-derived code and keeps the pre-fork status until it is regenerated [S131]. Residual items, none of them blocking the tooling itself: the served visual encoder instantiates its CLIP and DINOv2 classes from the configuration files of openai/clip-vit-large-patch14, which declares no licence, and facebook/dinov2-with-registers-large (Apache-2.0), while the trained weights come from the Apache-2.0 Step1X-3D checkpoint, so no OpenAI or Meta weight file is downloaded or redistributed [S131]; the published Step1X-3D weights derive from Objaverse and Objaverse-XL with heterogeneous per-asset licences that upstream never resolved [S123]; and the licence of the image generator used for step one is fixed per SKU, not here.",business/02-portfolio/research-ideas-additions-3.csv,2026-09-04,1.3
SKU-374,C3 · R2 · K2 · Lane E · LOW_UNKNOWN,C3,R2,K2,E,C,LOW_UNKNOWN,CONCEPT_ONLY,GENERATIVE STEP1X RESEARCH PREFLIGHT R2 — NOT PRODUCT RELEASE APPROVAL,2,3,2,"Explicit generative concept preflight PC=43.5/100. Purpose, exclusions, envelope, generative route, mesh-quality gate, critical interface, candidate process envelope and test method are specified; the exact generated mesh, the exact process profile and every rights, safety and demand check remain open. Hard gates: G0 PASS; G1 PASS; G2 FAIL; G3 FAIL; G4 PASS; G5 PASS; G6 PASS; TOOL-LICENCE WARN (owned fork; weight-licence and disclosure items open). Generative tooling licence: Generative tooling runs from the owned geometry-only fork github.com/stefanjunk/Step1X-3D [S131]. The Tencent Hunyuan-derived code that blocked EU commercial use is gone: the volume decoder every geometry run executes was replaced by an independent implementation in commit f00dd46, and the other eleven headed files left with the texture stage deleted in commit 2433849 [S125][S126]. The Stable Diffusion XL CreativeML Open RAIL++-M flow-down duty left with that same stage [S127], and pymeshlab (GPL-3.0), plyfile, easydict, pytorch3d, kaolin and nvdiffrast are out of the inference path. CUTOFF: this position covers only runs whose recorded source commit is at or after f00dd46; any artifact generated before it, and any textured artifact whatever its commit, was produced by the Hunyuan-derived code and keeps the pre-fork status until it is regenerated [S131]. Residual items, none of them blocking the tooling itself: the served visual encoder instantiates its CLIP and DINOv2 classes from the configuration files of openai/clip-vit-large-patch14, which declares no licence, and facebook/dinov2-with-registers-large (Apache-2.0), while the trained weights come from the Apache-2.0 Step1X-3D checkpoint, so no OpenAI or Meta weight file is downloaded or redistributed [S131]; the published Step1X-3D weights derive from Objaverse and Objaverse-XL with heterogeneous per-asset licences that upstream never resolved [S123]; and the licence of the image generator used for step one is fixed per SKU, not here.",business/02-portfolio/research-ideas-additions-3.csv,2026-09-04,1.3
SKU-375,C3 · R2 · K2 · Lane E · LOW_UNKNOWN,C3,R2,K2,E,C,LOW_UNKNOWN,CONCEPT_ONLY,GENERATIVE STEP1X RESEARCH PREFLIGHT R2 — NOT PRODUCT RELEASE APPROVAL,2,3,2,"Explicit generative concept preflight PC=43.5/100. Purpose, exclusions, envelope, generative route, mesh-quality gate, critical interface, candidate process envelope and test method are specified; the exact generated mesh, the exact process profile and every rights, safety and demand check remain open. Hard gates: G0 PASS; G1 PASS; G2 FAIL; G3 FAIL; G4 PASS; G5 PASS; G6 PASS; TOOL-LICENCE WARN (owned fork; weight-licence and disclosure items open). Generative tooling licence: Generative tooling runs from the owned geometry-only fork github.com/stefanjunk/Step1X-3D [S131]. The Tencent Hunyuan-derived code that blocked EU commercial use is gone: the volume decoder every geometry run executes was replaced by an independent implementation in commit f00dd46, and the other eleven headed files left with the texture stage deleted in commit 2433849 [S125][S126]. The Stable Diffusion XL CreativeML Open RAIL++-M flow-down duty left with that same stage [S127], and pymeshlab (GPL-3.0), plyfile, easydict, pytorch3d, kaolin and nvdiffrast are out of the inference path. CUTOFF: this position covers only runs whose recorded source commit is at or after f00dd46; any artifact generated before it, and any textured artifact whatever its commit, was produced by the Hunyuan-derived code and keeps the pre-fork status until it is regenerated [S131]. Residual items, none of them blocking the tooling itself: the served visual encoder instantiates its CLIP and DINOv2 classes from the configuration files of openai/clip-vit-large-patch14, which declares no licence, and facebook/dinov2-with-registers-large (Apache-2.0), while the trained weights come from the Apache-2.0 Step1X-3D checkpoint, so no OpenAI or Meta weight file is downloaded or redistributed [S131]; the published Step1X-3D weights derive from Objaverse and Objaverse-XL with heterogeneous per-asset licences that upstream never resolved [S123]; and the licence of the image generator used for step one is fixed per SKU, not here.",business/02-portfolio/research-ideas-additions-3.csv,2026-09-04,1.3
SKU-376,C3 · R2 · K2 · Lane E · LOW_UNKNOWN,C3,R2,K2,E,C,LOW_UNKNOWN,CONCEPT_ONLY,GENERATIVE STEP1X RESEARCH PREFLIGHT R2 — NOT PRODUCT RELEASE APPROVAL,2,3,2,"Explicit generative concept preflight PC=43.5/100. Purpose, exclusions, envelope, generative route, mesh-quality gate, critical interface, candidate process envelope and test method are specified; the exact generated mesh, the exact process profile and every rights, safety and demand check remain open. Hard gates: G0 PASS; G1 PASS; G2 FAIL; G3 FAIL; G4 PASS; G5 PASS; G6 PASS; TOOL-LICENCE WARN (owned fork; weight-licence and disclosure items open). Generative tooling licence: Generative tooling runs from the owned geometry-only fork github.com/stefanjunk/Step1X-3D [S131]. The Tencent Hunyuan-derived code that blocked EU commercial use is gone: the volume decoder every geometry run executes was replaced by an independent implementation in commit f00dd46, and the other eleven headed files left with the texture stage deleted in commit 2433849 [S125][S126]. The Stable Diffusion XL CreativeML Open RAIL++-M flow-down duty left with that same stage [S127], and pymeshlab (GPL-3.0), plyfile, easydict, pytorch3d, kaolin and nvdiffrast are out of the inference path. CUTOFF: this position covers only runs whose recorded source commit is at or after f00dd46; any artifact generated before it, and any textured artifact whatever its commit, was produced by the Hunyuan-derived code and keeps the pre-fork status until it is regenerated [S131]. Residual items, none of them blocking the tooling itself: the served visual encoder instantiates its CLIP and DINOv2 classes from the configuration files of openai/clip-vit-large-patch14, which declares no licence, and facebook/dinov2-with-registers-large (Apache-2.0), while the trained weights come from the Apache-2.0 Step1X-3D checkpoint, so no OpenAI or Meta weight file is downloaded or redistributed [S131]; the published Step1X-3D weights derive from Objaverse and Objaverse-XL with heterogeneous per-asset licences that upstream never resolved [S123]; and the licence of the image generator used for step one is fixed per SKU, not here.",business/02-portfolio/research-ideas-additions-3.csv,2026-09-04,1.3
SKU-377,C3 · R2 · K1 · Lane E · LOW_UNKNOWN,C3,R2,K1,E,C,LOW_UNKNOWN,CONCEPT_ONLY,GENERATIVE STEP1X RESEARCH PREFLIGHT R2 — NOT PRODUCT RELEASE APPROVAL,2,3,1,"Explicit generative concept preflight PC=39.75/100. Purpose, exclusions, envelope, generative route, mesh-quality gate, critical interface, candidate process envelope and test method are specified; the exact generated mesh, the exact process profile and every rights, safety and demand check remain open. Hard gates: G0 PASS; G1 PASS; G2 FAIL; G3 FAIL; G4 PASS; G5 PASS; G6 PASS; TOOL-LICENCE WARN (owned fork; weight-licence and disclosure items open). Generative tooling licence: Generative tooling runs from the owned geometry-only fork github.com/stefanjunk/Step1X-3D [S131]. The Tencent Hunyuan-derived code that blocked EU commercial use is gone: the volume decoder every geometry run executes was replaced by an independent implementation in commit f00dd46, and the other eleven headed files left with the texture stage deleted in commit 2433849 [S125][S126]. The Stable Diffusion XL CreativeML Open RAIL++-M flow-down duty left with that same stage [S127], and pymeshlab (GPL-3.0), plyfile, easydict, pytorch3d, kaolin and nvdiffrast are out of the inference path. CUTOFF: this position covers only runs whose recorded source commit is at or after f00dd46; any artifact generated before it, and any textured artifact whatever its commit, was produced by the Hunyuan-derived code and keeps the pre-fork status until it is regenerated [S131]. Residual items, none of them blocking the tooling itself: the served visual encoder instantiates its CLIP and DINOv2 classes from the configuration files of openai/clip-vit-large-patch14, which declares no licence, and facebook/dinov2-with-registers-large (Apache-2.0), while the trained weights come from the Apache-2.0 Step1X-3D checkpoint, so no OpenAI or Meta weight file is downloaded or redistributed [S131]; the published Step1X-3D weights derive from Objaverse and Objaverse-XL with heterogeneous per-asset licences that upstream never resolved [S123]; and the licence of the image generator used for step one is fixed per SKU, not here.",business/02-portfolio/research-ideas-additions-3.csv,2026-09-04,1.3
SKU-378,C3 · R2 · K2 · Lane E · LOW_UNKNOWN,C3,R2,K2,E,C,LOW_UNKNOWN,CONCEPT_ONLY,GENERATIVE STEP1X RESEARCH PREFLIGHT R2 — NOT PRODUCT RELEASE APPROVAL,2,3,2,"Explicit generative concept preflight PC=39.75/100. Purpose, exclusions, envelope, generative route, mesh-quality gate, critical interface, candidate process envelope and test method are specified; the exact generated mesh, the exact process profile and every rights, safety and demand check remain open. Hard gates: G0 PASS; G1 PASS; G2 WARN; G3 FAIL; G4 PASS; G5 PASS; G6 PASS; TOOL-LICENCE WARN (owned fork; weight-licence and disclosure items open). Generative tooling licence: Generative tooling runs from the owned geometry-only fork github.com/stefanjunk/Step1X-3D [S131]. The Tencent Hunyuan-derived code that blocked EU commercial use is gone: the volume decoder every geometry run executes was replaced by an independent implementation in commit f00dd46, and the other eleven headed files left with the texture stage deleted in commit 2433849 [S125][S126]. The Stable Diffusion XL CreativeML Open RAIL++-M flow-down duty left with that same stage [S127], and pymeshlab (GPL-3.0), plyfile, easydict, pytorch3d, kaolin and nvdiffrast are out of the inference path. CUTOFF: this position covers only runs whose recorded source commit is at or after f00dd46; any artifact generated before it, and any textured artifact whatever its commit, was produced by the Hunyuan-derived code and keeps the pre-fork status until it is regenerated [S131]. Residual items, none of them blocking the tooling itself: the served visual encoder instantiates its CLIP and DINOv2 classes from the configuration files of openai/clip-vit-large-patch14, which declares no licence, and facebook/dinov2-with-registers-large (Apache-2.0), while the trained weights come from the Apache-2.0 Step1X-3D checkpoint, so no OpenAI or Meta weight file is downloaded or redistributed [S131]; the published Step1X-3D weights derive from Objaverse and Objaverse-XL with heterogeneous per-asset licences that upstream never resolved [S123]; and the licence of the image generator used for step one is fixed per SKU, not here.",business/02-portfolio/research-ideas-additions-3.csv,2026-09-04,1.3
SKU-379,C3 · R2 · K1 · Lane E · LOW_UNKNOWN,C3,R2,K1,E,C,LOW_UNKNOWN,CONCEPT_ONLY,GENERATIVE STEP1X RESEARCH PREFLIGHT R2 — NOT PRODUCT RELEASE APPROVAL,2,3,1,"Explicit generative concept preflight PC=39.75/100. Purpose, exclusions, envelope, generative route, mesh-quality gate, critical interface, candidate process envelope and test method are specified; the exact generated mesh, the exact process profile and every rights, safety and demand check remain open. Hard gates: G0 PASS; G1 PASS; G2 FAIL; G3 FAIL; G4 PASS; G5 PASS; G6 PASS; TOOL-LICENCE WARN (owned fork; weight-licence and disclosure items open). Generative tooling licence: Generative tooling runs from the owned geometry-only fork github.com/stefanjunk/Step1X-3D [S131]. The Tencent Hunyuan-derived code that blocked EU commercial use is gone: the volume decoder every geometry run executes was replaced by an independent implementation in commit f00dd46, and the other eleven headed files left with the texture stage deleted in commit 2433849 [S125][S126]. The Stable Diffusion XL CreativeML Open RAIL++-M flow-down duty left with that same stage [S127], and pymeshlab (GPL-3.0), plyfile, easydict, pytorch3d, kaolin and nvdiffrast are out of the inference path. CUTOFF: this position covers only runs whose recorded source commit is at or after f00dd46; any artifact generated before it, and any textured artifact whatever its commit, was produced by the Hunyuan-derived code and keeps the pre-fork status until it is regenerated [S131]. Residual items, none of them blocking the tooling itself: the served visual encoder instantiates its CLIP and DINOv2 classes from the configuration files of openai/clip-vit-large-patch14, which declares no licence, and facebook/dinov2-with-registers-large (Apache-2.0), while the trained weights come from the Apache-2.0 Step1X-3D checkpoint, so no OpenAI or Meta weight file is downloaded or redistributed [S131]; the published Step1X-3D weights derive from Objaverse and Objaverse-XL with heterogeneous per-asset licences that upstream never resolved [S123]; and the licence of the image generator used for step one is fixed per SKU, not here.",business/02-portfolio/research-ideas-additions-3.csv,2026-09-04,1.3
SKU-380,C3 · R2 · K2 · Lane E · LOW_UNKNOWN,C3,R2,K2,E,C,LOW_UNKNOWN,CONCEPT_ONLY,GENERATIVE STEP1X RESEARCH PREFLIGHT R2 — NOT PRODUCT RELEASE APPROVAL,2,3,2,"Explicit generative concept preflight PC=39.75/100. Purpose, exclusions, envelope, generative route, mesh-quality gate, critical interface, candidate process envelope and test method are specified; the exact generated mesh, the exact process profile and every rights, safety and demand check remain open. Hard gates: G0 PASS; G1 PASS; G2 FAIL; G3 FAIL; G4 PASS; G5 PASS; G6 PASS; TOOL-LICENCE WARN (owned fork; weight-licence and disclosure items open). Generative tooling licence: Generative tooling runs from the owned geometry-only fork github.com/stefanjunk/Step1X-3D [S131]. The Tencent Hunyuan-derived code that blocked EU commercial use is gone: the volume decoder every geometry run executes was replaced by an independent implementation in commit f00dd46, and the other eleven headed files left with the texture stage deleted in commit 2433849 [S125][S126]. The Stable Diffusion XL CreativeML Open RAIL++-M flow-down duty left with that same stage [S127], and pymeshlab (GPL-3.0), plyfile, easydict, pytorch3d, kaolin and nvdiffrast are out of the inference path. CUTOFF: this position covers only runs whose recorded source commit is at or after f00dd46; any artifact generated before it, and any textured artifact whatever its commit, was produced by the Hunyuan-derived code and keeps the pre-fork status until it is regenerated [S131]. Residual items, none of them blocking the tooling itself: the served visual encoder instantiates its CLIP and DINOv2 classes from the configuration files of openai/clip-vit-large-patch14, which declares no licence, and facebook/dinov2-with-registers-large (Apache-2.0), while the trained weights come from the Apache-2.0 Step1X-3D checkpoint, so no OpenAI or Meta weight file is downloaded or redistributed [S131]; the published Step1X-3D weights derive from Objaverse and Objaverse-XL with heterogeneous per-asset licences that upstream never resolved [S123]; and the licence of the image generator used for step one is fixed per SKU, not here.",business/02-portfolio/research-ideas-additions-3.csv,2026-09-04,1.3
SKU-381,C3 · R2 · K2 · Lane E · LOW_UNKNOWN,C3,R2,K2,E,C,LOW_UNKNOWN,CONCEPT_ONLY,GENERATIVE STEP1X RESEARCH PREFLIGHT R2 — NOT PRODUCT RELEASE APPROVAL,2,4,3,"Explicit generative concept preflight PC=43.5/100. Purpose, exclusions, envelope, generative route, mesh-quality gate, critical interface, candidate process envelope and test method are specified; the exact generated mesh, the exact process profile and every rights, safety and demand check remain open. Hard gates: G0 PASS; G1 PASS; G2 FAIL; G3 FAIL; G4 PASS; G5 PASS; G6 PASS; TOOL-LICENCE WARN (owned fork; weight-licence and disclosure items open). Generative tooling licence: Generative tooling runs from the owned geometry-only fork github.com/stefanjunk/Step1X-3D [S131]. The Tencent Hunyuan-derived code that blocked EU commercial use is gone: the volume decoder every geometry run executes was replaced by an independent implementation in commit f00dd46, and the other eleven headed files left with the texture stage deleted in commit 2433849 [S125][S126]. The Stable Diffusion XL CreativeML Open RAIL++-M flow-down duty left with that same stage [S127], and pymeshlab (GPL-3.0), plyfile, easydict, pytorch3d, kaolin and nvdiffrast are out of the inference path. CUTOFF: this position covers only runs whose recorded source commit is at or after f00dd46; any artifact generated before it, and any textured artifact whatever its commit, was produced by the Hunyuan-derived code and keeps the pre-fork status until it is regenerated [S131]. Residual items, none of them blocking the tooling itself: the served visual encoder instantiates its CLIP and DINOv2 classes from the configuration files of openai/clip-vit-large-patch14, which declares no licence, and facebook/dinov2-with-registers-large (Apache-2.0), while the trained weights come from the Apache-2.0 Step1X-3D checkpoint, so no OpenAI or Meta weight file is downloaded or redistributed [S131]; the published Step1X-3D weights derive from Objaverse and Objaverse-XL with heterogeneous per-asset licences that upstream never resolved [S123]; and the licence of the image generator used for step one is fixed per SKU, not here.",business/02-portfolio/research-ideas-additions-3.csv,2026-09-04,1.3
SKU-382,C3 · R2 · K1 · Lane E · LOW_UNKNOWN,C3,R2,K1,E,C,LOW_UNKNOWN,CONCEPT_ONLY,GENERATIVE STEP1X RESEARCH PREFLIGHT R2 — NOT PRODUCT RELEASE APPROVAL,2,3,1,"Explicit generative concept preflight PC=39.75/100. Purpose, exclusions, envelope, generative route, mesh-quality gate, critical interface, candidate process envelope and test method are specified; the exact generated mesh, the exact process profile and every rights, safety and demand check remain open. Hard gates: G0 PASS; G1 PASS; G2 FAIL; G3 FAIL; G4 PASS; G5 PASS; G6 PASS; TOOL-LICENCE WARN (owned fork; weight-licence and disclosure items open). Generative tooling licence: Generative tooling runs from the owned geometry-only fork github.com/stefanjunk/Step1X-3D [S131]. The Tencent Hunyuan-derived code that blocked EU commercial use is gone: the volume decoder every geometry run executes was replaced by an independent implementation in commit f00dd46, and the other eleven headed files left with the texture stage deleted in commit 2433849 [S125][S126]. The Stable Diffusion XL CreativeML Open RAIL++-M flow-down duty left with that same stage [S127], and pymeshlab (GPL-3.0), plyfile, easydict, pytorch3d, kaolin and nvdiffrast are out of the inference path. CUTOFF: this position covers only runs whose recorded source commit is at or after f00dd46; any artifact generated before it, and any textured artifact whatever its commit, was produced by the Hunyuan-derived code and keeps the pre-fork status until it is regenerated [S131]. Residual items, none of them blocking the tooling itself: the served visual encoder instantiates its CLIP and DINOv2 classes from the configuration files of openai/clip-vit-large-patch14, which declares no licence, and facebook/dinov2-with-registers-large (Apache-2.0), while the trained weights come from the Apache-2.0 Step1X-3D checkpoint, so no OpenAI or Meta weight file is downloaded or redistributed [S131]; the published Step1X-3D weights derive from Objaverse and Objaverse-XL with heterogeneous per-asset licences that upstream never resolved [S123]; and the licence of the image generator used for step one is fixed per SKU, not here.",business/02-portfolio/research-ideas-additions-3.csv,2026-09-04,1.3
SKU-383,C3 · R2 · K2 · Lane E · LOW_UNKNOWN,C3,R2,K2,E,C,LOW_UNKNOWN,CONCEPT_ONLY,GENERATIVE STEP1X RESEARCH PREFLIGHT R2 — NOT PRODUCT RELEASE APPROVAL,2,3,2,"Explicit generative concept preflight PC=43.5/100. Purpose, exclusions, envelope, generative route, mesh-quality gate, critical interface, candidate process envelope and test method are specified; the exact generated mesh, the exact process profile and every rights, safety and demand check remain open. Hard gates: G0 PASS; G1 PASS; G2 FAIL; G3 FAIL; G4 PASS; G5 PASS; G6 PASS; TOOL-LICENCE WARN (owned fork; weight-licence and disclosure items open). Generative tooling licence: Generative tooling runs from the owned geometry-only fork github.com/stefanjunk/Step1X-3D [S131]. The Tencent Hunyuan-derived code that blocked EU commercial use is gone: the volume decoder every geometry run executes was replaced by an independent implementation in commit f00dd46, and the other eleven headed files left with the texture stage deleted in commit 2433849 [S125][S126]. The Stable Diffusion XL CreativeML Open RAIL++-M flow-down duty left with that same stage [S127], and pymeshlab (GPL-3.0), plyfile, easydict, pytorch3d, kaolin and nvdiffrast are out of the inference path. CUTOFF: this position covers only runs whose recorded source commit is at or after f00dd46; any artifact generated before it, and any textured artifact whatever its commit, was produced by the Hunyuan-derived code and keeps the pre-fork status until it is regenerated [S131]. Residual items, none of them blocking the tooling itself: the served visual encoder instantiates its CLIP and DINOv2 classes from the configuration files of openai/clip-vit-large-patch14, which declares no licence, and facebook/dinov2-with-registers-large (Apache-2.0), while the trained weights come from the Apache-2.0 Step1X-3D checkpoint, so no OpenAI or Meta weight file is downloaded or redistributed [S131]; the published Step1X-3D weights derive from Objaverse and Objaverse-XL with heterogeneous per-asset licences that upstream never resolved [S123]; and the licence of the image generator used for step one is fixed per SKU, not here.",business/02-portfolio/research-ideas-additions-3.csv,2026-09-04,1.3
SKU-384,C3 · R2 · K2 · Lane E · LOW_UNKNOWN,C3,R2,K2,E,C,LOW_UNKNOWN,CONCEPT_ONLY,GENERATIVE STEP1X RESEARCH PREFLIGHT R2 — NOT PRODUCT RELEASE APPROVAL,2,3,2,"Explicit generative concept preflight PC=39.75/100. Purpose, exclusions, envelope, generative route, mesh-quality gate, critical interface, candidate process envelope and test method are specified; the exact generated mesh, the exact process profile and every rights, safety and demand check remain open. Hard gates: G0 PASS; G1 PASS; G2 FAIL; G3 FAIL; G4 PASS; G5 PASS; G6 PASS; TOOL-LICENCE WARN (owned fork; weight-licence and disclosure items open). Generative tooling licence: Generative tooling runs from the owned geometry-only fork github.com/stefanjunk/Step1X-3D [S131]. The Tencent Hunyuan-derived code that blocked EU commercial use is gone: the volume decoder every geometry run executes was replaced by an independent implementation in commit f00dd46, and the other eleven headed files left with the texture stage deleted in commit 2433849 [S125][S126]. The Stable Diffusion XL CreativeML Open RAIL++-M flow-down duty left with that same stage [S127], and pymeshlab (GPL-3.0), plyfile, easydict, pytorch3d, kaolin and nvdiffrast are out of the inference path. CUTOFF: this position covers only runs whose recorded source commit is at or after f00dd46; any artifact generated before it, and any textured artifact whatever its commit, was produced by the Hunyuan-derived code and keeps the pre-fork status until it is regenerated [S131]. Residual items, none of them blocking the tooling itself: the served visual encoder instantiates its CLIP and DINOv2 classes from the configuration files of openai/clip-vit-large-patch14, which declares no licence, and facebook/dinov2-with-registers-large (Apache-2.0), while the trained weights come from the Apache-2.0 Step1X-3D checkpoint, so no OpenAI or Meta weight file is downloaded or redistributed [S131]; the published Step1X-3D weights derive from Objaverse and Objaverse-XL with heterogeneous per-asset licences that upstream never resolved [S123]; and the licence of the image generator used for step one is fixed per SKU, not here.",business/02-portfolio/research-ideas-additions-3.csv,2026-09-04,1.3
SKU-385,C3 · R2 · K2 · Lane E · LOW_UNKNOWN,C3,R2,K2,E,C,LOW_UNKNOWN,CONCEPT_ONLY,GENERATIVE STEP1X RESEARCH PREFLIGHT R2 — NOT PRODUCT RELEASE APPROVAL,2,4,3,"Explicit generative concept preflight PC=43.5/100. Purpose, exclusions, envelope, generative route, mesh-quality gate, critical interface, candidate process envelope and test method are specified; the exact generated mesh, the exact process profile and every rights, safety and demand check remain open. Hard gates: G0 PASS; G1 PASS; G2 FAIL; G3 FAIL; G4 PASS; G5 PASS; G6 PASS; TOOL-LICENCE WARN (owned fork; weight-licence and disclosure items open). Generative tooling licence: Generative tooling runs from the owned geometry-only fork github.com/stefanjunk/Step1X-3D [S131]. The Tencent Hunyuan-derived code that blocked EU commercial use is gone: the volume decoder every geometry run executes was replaced by an independent implementation in commit f00dd46, and the other eleven headed files left with the texture stage deleted in commit 2433849 [S125][S126]. The Stable Diffusion XL CreativeML Open RAIL++-M flow-down duty left with that same stage [S127], and pymeshlab (GPL-3.0), plyfile, easydict, pytorch3d, kaolin and nvdiffrast are out of the inference path. CUTOFF: this position covers only runs whose recorded source commit is at or after f00dd46; any artifact generated before it, and any textured artifact whatever its commit, was produced by the Hunyuan-derived code and keeps the pre-fork status until it is regenerated [S131]. Residual items, none of them blocking the tooling itself: the served visual encoder instantiates its CLIP and DINOv2 classes from the configuration files of openai/clip-vit-large-patch14, which declares no licence, and facebook/dinov2-with-registers-large (Apache-2.0), while the trained weights come from the Apache-2.0 Step1X-3D checkpoint, so no OpenAI or Meta weight file is downloaded or redistributed [S131]; the published Step1X-3D weights derive from Objaverse and Objaverse-XL with heterogeneous per-asset licences that upstream never resolved [S123]; and the licence of the image generator used for step one is fixed per SKU, not here.",business/02-portfolio/research-ideas-additions-3.csv,2026-09-04,1.3
SKU-386,C3 · R2 · K2 · Lane E · LOW_UNKNOWN,C3,R2,K2,E,C,LOW_UNKNOWN,CONCEPT_ONLY,GENERATIVE STEP1X RESEARCH PREFLIGHT R2 — NOT PRODUCT RELEASE APPROVAL,2,3,2,"Explicit generative concept preflight PC=39.75/100. Purpose, exclusions, envelope, generative route, mesh-quality gate, critical interface, candidate process envelope and test method are specified; the exact generated mesh, the exact process profile and every rights, safety and demand check remain open. Hard gates: G0 PASS; G1 PASS; G2 WARN; G3 FAIL; G4 PASS; G5 PASS; G6 PASS; TOOL-LICENCE WARN (owned fork; weight-licence and disclosure items open). Generative tooling licence: Generative tooling runs from the owned geometry-only fork github.com/stefanjunk/Step1X-3D [S131]. The Tencent Hunyuan-derived code that blocked EU commercial use is gone: the volume decoder every geometry run executes was replaced by an independent implementation in commit f00dd46, and the other eleven headed files left with the texture stage deleted in commit 2433849 [S125][S126]. The Stable Diffusion XL CreativeML Open RAIL++-M flow-down duty left with that same stage [S127], and pymeshlab (GPL-3.0), plyfile, easydict, pytorch3d, kaolin and nvdiffrast are out of the inference path. CUTOFF: this position covers only runs whose recorded source commit is at or after f00dd46; any artifact generated before it, and any textured artifact whatever its commit, was produced by the Hunyuan-derived code and keeps the pre-fork status until it is regenerated [S131]. Residual items, none of them blocking the tooling itself: the served visual encoder instantiates its CLIP and DINOv2 classes from the configuration files of openai/clip-vit-large-patch14, which declares no licence, and facebook/dinov2-with-registers-large (Apache-2.0), while the trained weights come from the Apache-2.0 Step1X-3D checkpoint, so no OpenAI or Meta weight file is downloaded or redistributed [S131]; the published Step1X-3D weights derive from Objaverse and Objaverse-XL with heterogeneous per-asset licences that upstream never resolved [S123]; and the licence of the image generator used for step one is fixed per SKU, not here.",business/02-portfolio/research-ideas-additions-3.csv,2026-09-04,1.3
SKU-387,C2 · R2 · K1 · Lane E · LOW_UNKNOWN,C2,R2,K1,E,B,LOW_UNKNOWN,CONCEPT_ONLY,GENERATIVE STEP1X RESEARCH PREFLIGHT R2 — NOT PRODUCT RELEASE APPROVAL,2,2,1,"Explicit generative concept preflight PC=34.75/100. Purpose, exclusions, envelope, generative route, mesh-quality gate, critical interface, candidate process envelope and test method are specified; the exact generated mesh, the exact process profile and every rights, safety and demand check remain open. Hard gates: G0 PASS; G1 PASS; G2 WARN; G3 FAIL; G4 PASS; G5 PASS; G6 PASS; TOOL-LICENCE WARN (owned fork; weight-licence and disclosure items open). Generative tooling licence: Generative tooling runs from the owned geometry-only fork github.com/stefanjunk/Step1X-3D [S131]. The Tencent Hunyuan-derived code that blocked EU commercial use is gone: the volume decoder every geometry run executes was replaced by an independent implementation in commit f00dd46, and the other eleven headed files left with the texture stage deleted in commit 2433849 [S125][S126]. The Stable Diffusion XL CreativeML Open RAIL++-M flow-down duty left with that same stage [S127], and pymeshlab (GPL-3.0), plyfile, easydict, pytorch3d, kaolin and nvdiffrast are out of the inference path. CUTOFF: this position covers only runs whose recorded source commit is at or after f00dd46; any artifact generated before it, and any textured artifact whatever its commit, was produced by the Hunyuan-derived code and keeps the pre-fork status until it is regenerated [S131]. Residual items, none of them blocking the tooling itself: the served visual encoder instantiates its CLIP and DINOv2 classes from the configuration files of openai/clip-vit-large-patch14, which declares no licence, and facebook/dinov2-with-registers-large (Apache-2.0), while the trained weights come from the Apache-2.0 Step1X-3D checkpoint, so no OpenAI or Meta weight file is downloaded or redistributed [S131]; the published Step1X-3D weights derive from Objaverse and Objaverse-XL with heterogeneous per-asset licences that upstream never resolved [S123]; and the licence of the image generator used for step one is fixed per SKU, not here.",business/02-portfolio/research-ideas-additions-3.csv,2026-09-04,1.3
SKU-388,C2 · R2 · K2 · Lane E · LOW_UNKNOWN,C2,R2,K2,E,C,LOW_UNKNOWN,CONCEPT_ONLY,GENERATIVE STEP1X RESEARCH PREFLIGHT R2 — NOT PRODUCT RELEASE APPROVAL,2,2,2,"Explicit generative concept preflight PC=34.75/100. Purpose, exclusions, envelope, generative route, mesh-quality gate, critical interface, candidate process envelope and test method are specified; the exact generated mesh, the exact process profile and every rights, safety and demand check remain open. Hard gates: G0 PASS; G1 PASS; G2 WARN; G3 FAIL; G4 PASS; G5 PASS; G6 PASS; TOOL-LICENCE WARN (owned fork; weight-licence and disclosure items open). Generative tooling licence: Generative tooling runs from the owned geometry-only fork github.com/stefanjunk/Step1X-3D [S131]. The Tencent Hunyuan-derived code that blocked EU commercial use is gone: the volume decoder every geometry run executes was replaced by an independent implementation in commit f00dd46, and the other eleven headed files left with the texture stage deleted in commit 2433849 [S125][S126]. The Stable Diffusion XL CreativeML Open RAIL++-M flow-down duty left with that same stage [S127], and pymeshlab (GPL-3.0), plyfile, easydict, pytorch3d, kaolin and nvdiffrast are out of the inference path. CUTOFF: this position covers only runs whose recorded source commit is at or after f00dd46; any artifact generated before it, and any textured artifact whatever its commit, was produced by the Hunyuan-derived code and keeps the pre-fork status until it is regenerated [S131]. Residual items, none of them blocking the tooling itself: the served visual encoder instantiates its CLIP and DINOv2 classes from the configuration files of openai/clip-vit-large-patch14, which declares no licence, and facebook/dinov2-with-registers-large (Apache-2.0), while the trained weights come from the Apache-2.0 Step1X-3D checkpoint, so no OpenAI or Meta weight file is downloaded or redistributed [S131]; the published Step1X-3D weights derive from Objaverse and Objaverse-XL with heterogeneous per-asset licences that upstream never resolved [S123]; and the licence of the image generator used for step one is fixed per SKU, not here.",business/02-portfolio/research-ideas-additions-3.csv,2026-09-04,1.3
SKU-389,C1 · R2 · K1 · Lane E · LOW_UNKNOWN,C1,R2,K1,E,B,LOW_UNKNOWN,CONCEPT_ONLY,GENERATIVE STEP1X RESEARCH PREFLIGHT R2 — NOT PRODUCT RELEASE APPROVAL,1,1,1,"Explicit generative concept preflight PC=19.25/100. Purpose, exclusions, envelope, generative route, mesh-quality gate, critical interface, candidate process envelope and test method are specified; the exact generated mesh, the exact process profile and every rights, safety and demand check remain open. Hard gates: G0 PASS; G1 PASS; G2 WARN; G3 FAIL; G4 PASS; G5 PASS; G6 PASS; TOOL-LICENCE WARN (owned fork; weight-licence and disclosure items open). Generative tooling licence: Generative tooling runs from the owned geometry-only fork github.com/stefanjunk/Step1X-3D [S131]. The Tencent Hunyuan-derived code that blocked EU commercial use is gone: the volume decoder every geometry run executes was replaced by an independent implementation in commit f00dd46, and the other eleven headed files left with the texture stage deleted in commit 2433849 [S125][S126]. The Stable Diffusion XL CreativeML Open RAIL++-M flow-down duty left with that same stage [S127], and pymeshlab (GPL-3.0), plyfile, easydict, pytorch3d, kaolin and nvdiffrast are out of the inference path. CUTOFF: this position covers only runs whose recorded source commit is at or after f00dd46; any artifact generated before it, and any textured artifact whatever its commit, was produced by the Hunyuan-derived code and keeps the pre-fork status until it is regenerated [S131]. Residual items, none of them blocking the tooling itself: the served visual encoder instantiates its CLIP and DINOv2 classes from the configuration files of openai/clip-vit-large-patch14, which declares no licence, and facebook/dinov2-with-registers-large (Apache-2.0), while the trained weights come from the Apache-2.0 Step1X-3D checkpoint, so no OpenAI or Meta weight file is downloaded or redistributed [S131]; the published Step1X-3D weights derive from Objaverse and Objaverse-XL with heterogeneous per-asset licences that upstream never resolved [S123]; and the licence of the image generator used for step one is fixed per SKU, not here.",business/02-portfolio/research-ideas-additions-3.csv,2026-09-04,1.3
SKU-390,C2 · R2 · K1 · Lane E · LOW_UNKNOWN,C2,R2,K1,E,B,LOW_UNKNOWN,CONCEPT_ONLY,GENERATIVE STEP1X RESEARCH PREFLIGHT R2 — NOT PRODUCT RELEASE APPROVAL,2,2,1,"Explicit generative concept preflight PC=34.75/100. Purpose, exclusions, envelope, generative route, mesh-quality gate, critical interface, candidate process envelope and test method are specified; the exact generated mesh, the exact process profile and every rights, safety and demand check remain open. Hard gates: G0 PASS; G1 PASS; G2 WARN; G3 FAIL; G4 PASS; G5 PASS; G6 PASS; TOOL-LICENCE WARN (owned fork; weight-licence and disclosure items open). Generative tooling licence: Generative tooling runs from the owned geometry-only fork github.com/stefanjunk/Step1X-3D [S131]. The Tencent Hunyuan-derived code that blocked EU commercial use is gone: the volume decoder every geometry run executes was replaced by an independent implementation in commit f00dd46, and the other eleven headed files left with the texture stage deleted in commit 2433849 [S125][S126]. The Stable Diffusion XL CreativeML Open RAIL++-M flow-down duty left with that same stage [S127], and pymeshlab (GPL-3.0), plyfile, easydict, pytorch3d, kaolin and nvdiffrast are out of the inference path. CUTOFF: this position covers only runs whose recorded source commit is at or after f00dd46; any artifact generated before it, and any textured artifact whatever its commit, was produced by the Hunyuan-derived code and keeps the pre-fork status until it is regenerated [S131]. Residual items, none of them blocking the tooling itself: the served visual encoder instantiates its CLIP and DINOv2 classes from the configuration files of openai/clip-vit-large-patch14, which declares no licence, and facebook/dinov2-with-registers-large (Apache-2.0), while the trained weights come from the Apache-2.0 Step1X-3D checkpoint, so no OpenAI or Meta weight file is downloaded or redistributed [S131]; the published Step1X-3D weights derive from Objaverse and Objaverse-XL with heterogeneous per-asset licences that upstream never resolved [S123]; and the licence of the image generator used for step one is fixed per SKU, not here.",business/02-portfolio/research-ideas-additions-3.csv,2026-09-04,1.3
SKU-391,C2 · R2 · K2 · Lane E · LOW_UNKNOWN,C2,R2,K2,E,C,LOW_UNKNOWN,CONCEPT_ONLY,GENERATIVE STEP1X RESEARCH PREFLIGHT R2 — NOT PRODUCT RELEASE APPROVAL,2,2,2,"Explicit generative concept preflight PC=34.75/100. Purpose, exclusions, envelope, generative route, mesh-quality gate, critical interface, candidate process envelope and test method are specified; the exact generated mesh, the exact process profile and every rights, safety and demand check remain open. Hard gates: G0 PASS; G1 PASS; G2 WARN; G3 FAIL; G4 PASS; G5 PASS; G6 PASS; TOOL-LICENCE WARN (owned fork; weight-licence and disclosure items open). Generative tooling licence: Generative tooling runs from the owned geometry-only fork github.com/stefanjunk/Step1X-3D [S131]. The Tencent Hunyuan-derived code that blocked EU commercial use is gone: the volume decoder every geometry run executes was replaced by an independent implementation in commit f00dd46, and the other eleven headed files left with the texture stage deleted in commit 2433849 [S125][S126]. The Stable Diffusion XL CreativeML Open RAIL++-M flow-down duty left with that same stage [S127], and pymeshlab (GPL-3.0), plyfile, easydict, pytorch3d, kaolin and nvdiffrast are out of the inference path. CUTOFF: this position covers only runs whose recorded source commit is at or after f00dd46; any artifact generated before it, and any textured artifact whatever its commit, was produced by the Hunyuan-derived code and keeps the pre-fork status until it is regenerated [S131]. Residual items, none of them blocking the tooling itself: the served visual encoder instantiates its CLIP and DINOv2 classes from the configuration files of openai/clip-vit-large-patch14, which declares no licence, and facebook/dinov2-with-registers-large (Apache-2.0), while the trained weights come from the Apache-2.0 Step1X-3D checkpoint, so no OpenAI or Meta weight file is downloaded or redistributed [S131]; the published Step1X-3D weights derive from Objaverse and Objaverse-XL with heterogeneous per-asset licences that upstream never resolved [S123]; and the licence of the image generator used for step one is fixed per SKU, not here.",business/02-portfolio/research-ideas-additions-3.csv,2026-09-04,1.3
SKU-392,C2 · R2 · K1 · Lane E · LOW_UNKNOWN,C2,R2,K1,E,B,LOW_UNKNOWN,CONCEPT_ONLY,GENERATIVE STEP1X RESEARCH PREFLIGHT R2 — NOT PRODUCT RELEASE APPROVAL,2,2,1,"Explicit generative concept preflight PC=34.75/100. Purpose, exclusions, envelope, generative route, mesh-quality gate, critical interface, candidate process envelope and test method are specified; the exact generated mesh, the exact process profile and every rights, safety and demand check remain open. Hard gates: G0 PASS; G1 PASS; G2 WARN; G3 FAIL; G4 PASS; G5 PASS; G6 PASS; TOOL-LICENCE WARN (owned fork; weight-licence and disclosure items open). Generative tooling licence: Generative tooling runs from the owned geometry-only fork github.com/stefanjunk/Step1X-3D [S131]. The Tencent Hunyuan-derived code that blocked EU commercial use is gone: the volume decoder every geometry run executes was replaced by an independent implementation in commit f00dd46, and the other eleven headed files left with the texture stage deleted in commit 2433849 [S125][S126]. The Stable Diffusion XL CreativeML Open RAIL++-M flow-down duty left with that same stage [S127], and pymeshlab (GPL-3.0), plyfile, easydict, pytorch3d, kaolin and nvdiffrast are out of the inference path. CUTOFF: this position covers only runs whose recorded source commit is at or after f00dd46; any artifact generated before it, and any textured artifact whatever its commit, was produced by the Hunyuan-derived code and keeps the pre-fork status until it is regenerated [S131]. Residual items, none of them blocking the tooling itself: the served visual encoder instantiates its CLIP and DINOv2 classes from the configuration files of openai/clip-vit-large-patch14, which declares no licence, and facebook/dinov2-with-registers-large (Apache-2.0), while the trained weights come from the Apache-2.0 Step1X-3D checkpoint, so no OpenAI or Meta weight file is downloaded or redistributed [S131]; the published Step1X-3D weights derive from Objaverse and Objaverse-XL with heterogeneous per-asset licences that upstream never resolved [S123]; and the licence of the image generator used for step one is fixed per SKU, not here.",business/02-portfolio/research-ideas-additions-3.csv,2026-09-04,1.3
SKU-393,C2 · R2 · K1 · Lane E · LOW_UNKNOWN,C2,R2,K1,E,B,LOW_UNKNOWN,CONCEPT_ONLY,GENERATIVE STEP1X RESEARCH PREFLIGHT R2 — NOT PRODUCT RELEASE APPROVAL,2,2,1,"Explicit generative concept preflight PC=34.75/100. Purpose, exclusions, envelope, generative route, mesh-quality gate, critical interface, candidate process envelope and test method are specified; the exact generated mesh, the exact process profile and every rights, safety and demand check remain open. Hard gates: G0 PASS; G1 PASS; G2 WARN; G3 FAIL; G4 PASS; G5 PASS; G6 PASS; TOOL-LICENCE WARN (owned fork; weight-licence and disclosure items open). Generative tooling licence: Generative tooling runs from the owned geometry-only fork github.com/stefanjunk/Step1X-3D [S131]. The Tencent Hunyuan-derived code that blocked EU commercial use is gone: the volume decoder every geometry run executes was replaced by an independent implementation in commit f00dd46, and the other eleven headed files left with the texture stage deleted in commit 2433849 [S125][S126]. The Stable Diffusion XL CreativeML Open RAIL++-M flow-down duty left with that same stage [S127], and pymeshlab (GPL-3.0), plyfile, easydict, pytorch3d, kaolin and nvdiffrast are out of the inference path. CUTOFF: this position covers only runs whose recorded source commit is at or after f00dd46; any artifact generated before it, and any textured artifact whatever its commit, was produced by the Hunyuan-derived code and keeps the pre-fork status until it is regenerated [S131]. Residual items, none of them blocking the tooling itself: the served visual encoder instantiates its CLIP and DINOv2 classes from the configuration files of openai/clip-vit-large-patch14, which declares no licence, and facebook/dinov2-with-registers-large (Apache-2.0), while the trained weights come from the Apache-2.0 Step1X-3D checkpoint, so no OpenAI or Meta weight file is downloaded or redistributed [S131]; the published Step1X-3D weights derive from Objaverse and Objaverse-XL with heterogeneous per-asset licences that upstream never resolved [S123]; and the licence of the image generator used for step one is fixed per SKU, not here.",business/02-portfolio/research-ideas-additions-3.csv,2026-09-04,1.3
SKU-394,C2 · R2 · K2 · Lane E · LOW_UNKNOWN,C2,R2,K2,E,C,LOW_UNKNOWN,CONCEPT_ONLY,GENERATIVE STEP1X RESEARCH PREFLIGHT R2 — NOT PRODUCT RELEASE APPROVAL,2,2,2,"Explicit generative concept preflight PC=34.75/100. Purpose, exclusions, envelope, generative route, mesh-quality gate, critical interface, candidate process envelope and test method are specified; the exact generated mesh, the exact process profile and every rights, safety and demand check remain open. Hard gates: G0 PASS; G1 PASS; G2 WARN; G3 FAIL; G4 PASS; G5 PASS; G6 PASS; TOOL-LICENCE WARN (owned fork; weight-licence and disclosure items open). Generative tooling licence: Generative tooling runs from the owned geometry-only fork github.com/stefanjunk/Step1X-3D [S131]. The Tencent Hunyuan-derived code that blocked EU commercial use is gone: the volume decoder every geometry run executes was replaced by an independent implementation in commit f00dd46, and the other eleven headed files left with the texture stage deleted in commit 2433849 [S125][S126]. The Stable Diffusion XL CreativeML Open RAIL++-M flow-down duty left with that same stage [S127], and pymeshlab (GPL-3.0), plyfile, easydict, pytorch3d, kaolin and nvdiffrast are out of the inference path. CUTOFF: this position covers only runs whose recorded source commit is at or after f00dd46; any artifact generated before it, and any textured artifact whatever its commit, was produced by the Hunyuan-derived code and keeps the pre-fork status until it is regenerated [S131]. Residual items, none of them blocking the tooling itself: the served visual encoder instantiates its CLIP and DINOv2 classes from the configuration files of openai/clip-vit-large-patch14, which declares no licence, and facebook/dinov2-with-registers-large (Apache-2.0), while the trained weights come from the Apache-2.0 Step1X-3D checkpoint, so no OpenAI or Meta weight file is downloaded or redistributed [S131]; the published Step1X-3D weights derive from Objaverse and Objaverse-XL with heterogeneous per-asset licences that upstream never resolved [S123]; and the licence of the image generator used for step one is fixed per SKU, not here.",business/02-portfolio/research-ideas-additions-3.csv,2026-09-04,1.3
SKU-395,C1 · R2 · K1 · Lane E · LOW_UNKNOWN,C1,R2,K1,E,B,LOW_UNKNOWN,CONCEPT_ONLY,GENERATIVE STEP1X RESEARCH PREFLIGHT R2 — NOT PRODUCT RELEASE APPROVAL,1,1,1,"Explicit generative concept preflight PC=19.25/100. Purpose, exclusions, envelope, generative route, mesh-quality gate, critical interface, candidate process envelope and test method are specified; the exact generated mesh, the exact process profile and every rights, safety and demand check remain open. Hard gates: G0 PASS; G1 PASS; G2 WARN; G3 FAIL; G4 PASS; G5 PASS; G6 PASS; TOOL-LICENCE WARN (owned fork; weight-licence and disclosure items open). Generative tooling licence: Generative tooling runs from the owned geometry-only fork github.com/stefanjunk/Step1X-3D [S131]. The Tencent Hunyuan-derived code that blocked EU commercial use is gone: the volume decoder every geometry run executes was replaced by an independent implementation in commit f00dd46, and the other eleven headed files left with the texture stage deleted in commit 2433849 [S125][S126]. The Stable Diffusion XL CreativeML Open RAIL++-M flow-down duty left with that same stage [S127], and pymeshlab (GPL-3.0), plyfile, easydict, pytorch3d, kaolin and nvdiffrast are out of the inference path. CUTOFF: this position covers only runs whose recorded source commit is at or after f00dd46; any artifact generated before it, and any textured artifact whatever its commit, was produced by the Hunyuan-derived code and keeps the pre-fork status until it is regenerated [S131]. Residual items, none of them blocking the tooling itself: the served visual encoder instantiates its CLIP and DINOv2 classes from the configuration files of openai/clip-vit-large-patch14, which declares no licence, and facebook/dinov2-with-registers-large (Apache-2.0), while the trained weights come from the Apache-2.0 Step1X-3D checkpoint, so no OpenAI or Meta weight file is downloaded or redistributed [S131]; the published Step1X-3D weights derive from Objaverse and Objaverse-XL with heterogeneous per-asset licences that upstream never resolved [S123]; and the licence of the image generator used for step one is fixed per SKU, not here.",business/02-portfolio/research-ideas-additions-3.csv,2026-09-04,1.3
SKU-396,C1 · R2 · K1 · Lane E · LOW_UNKNOWN,C1,R2,K1,E,B,LOW_UNKNOWN,CONCEPT_ONLY,GENERATIVE STEP1X RESEARCH PREFLIGHT R2 — NOT PRODUCT RELEASE APPROVAL,1,1,1,"Explicit generative concept preflight PC=19.25/100. Purpose, exclusions, envelope, generative route, mesh-quality gate, critical interface, candidate process envelope and test method are specified; the exact generated mesh, the exact process profile and every rights, safety and demand check remain open. Hard gates: G0 PASS; G1 PASS; G2 WARN; G3 FAIL; G4 PASS; G5 PASS; G6 PASS; TOOL-LICENCE WARN (owned fork; weight-licence and disclosure items open). Generative tooling licence: Generative tooling runs from the owned geometry-only fork github.com/stefanjunk/Step1X-3D [S131]. The Tencent Hunyuan-derived code that blocked EU commercial use is gone: the volume decoder every geometry run executes was replaced by an independent implementation in commit f00dd46, and the other eleven headed files left with the texture stage deleted in commit 2433849 [S125][S126]. The Stable Diffusion XL CreativeML Open RAIL++-M flow-down duty left with that same stage [S127], and pymeshlab (GPL-3.0), plyfile, easydict, pytorch3d, kaolin and nvdiffrast are out of the inference path. CUTOFF: this position covers only runs whose recorded source commit is at or after f00dd46; any artifact generated before it, and any textured artifact whatever its commit, was produced by the Hunyuan-derived code and keeps the pre-fork status until it is regenerated [S131]. Residual items, none of them blocking the tooling itself: the served visual encoder instantiates its CLIP and DINOv2 classes from the configuration files of openai/clip-vit-large-patch14, which declares no licence, and facebook/dinov2-with-registers-large (Apache-2.0), while the trained weights come from the Apache-2.0 Step1X-3D checkpoint, so no OpenAI or Meta weight file is downloaded or redistributed [S131]; the published Step1X-3D weights derive from Objaverse and Objaverse-XL with heterogeneous per-asset licences that upstream never resolved [S123]; and the licence of the image generator used for step one is fixed per SKU, not here.",business/02-portfolio/research-ideas-additions-3.csv,2026-09-04,1.3
SKU-397,C1 · R2 · K1 · Lane E · LOW_UNKNOWN,C1,R2,K1,E,B,LOW_UNKNOWN,CONCEPT_ONLY,GENERATIVE STEP1X RESEARCH PREFLIGHT R2 — NOT PRODUCT RELEASE APPROVAL,1,1,1,"Explicit generative concept preflight PC=19.25/100. Purpose, exclusions, envelope, generative route, mesh-quality gate, critical interface, candidate process envelope and test method are specified; the exact generated mesh, the exact process profile and every rights, safety and demand check remain open. Hard gates: G0 PASS; G1 PASS; G2 WARN; G3 FAIL; G4 PASS; G5 PASS; G6 PASS; TOOL-LICENCE WARN (owned fork; weight-licence and disclosure items open). Generative tooling licence: Generative tooling runs from the owned geometry-only fork github.com/stefanjunk/Step1X-3D [S131]. The Tencent Hunyuan-derived code that blocked EU commercial use is gone: the volume decoder every geometry run executes was replaced by an independent implementation in commit f00dd46, and the other eleven headed files left with the texture stage deleted in commit 2433849 [S125][S126]. The Stable Diffusion XL CreativeML Open RAIL++-M flow-down duty left with that same stage [S127], and pymeshlab (GPL-3.0), plyfile, easydict, pytorch3d, kaolin and nvdiffrast are out of the inference path. CUTOFF: this position covers only runs whose recorded source commit is at or after f00dd46; any artifact generated before it, and any textured artifact whatever its commit, was produced by the Hunyuan-derived code and keeps the pre-fork status until it is regenerated [S131]. Residual items, none of them blocking the tooling itself: the served visual encoder instantiates its CLIP and DINOv2 classes from the configuration files of openai/clip-vit-large-patch14, which declares no licence, and facebook/dinov2-with-registers-large (Apache-2.0), while the trained weights come from the Apache-2.0 Step1X-3D checkpoint, so no OpenAI or Meta weight file is downloaded or redistributed [S131]; the published Step1X-3D weights derive from Objaverse and Objaverse-XL with heterogeneous per-asset licences that upstream never resolved [S123]; and the licence of the image generator used for step one is fixed per SKU, not here.",business/02-portfolio/research-ideas-additions-3.csv,2026-09-04,1.3
SKU-398,C2 · R2 · K2 · Lane E · LOW_UNKNOWN,C2,R2,K2,E,C,LOW_UNKNOWN,CONCEPT_ONLY,GENERATIVE STEP1X RESEARCH PREFLIGHT R2 — NOT PRODUCT RELEASE APPROVAL,2,2,2,"Explicit generative concept preflight PC=34.75/100. Purpose, exclusions, envelope, generative route, mesh-quality gate, critical interface, candidate process envelope and test method are specified; the exact generated mesh, the exact process profile and every rights, safety and demand check remain open. Hard gates: G0 PASS; G1 PASS; G2 WARN; G3 FAIL; G4 PASS; G5 PASS; G6 PASS; TOOL-LICENCE WARN (owned fork; weight-licence and disclosure items open). Generative tooling licence: Generative tooling runs from the owned geometry-only fork github.com/stefanjunk/Step1X-3D [S131]. The Tencent Hunyuan-derived code that blocked EU commercial use is gone: the volume decoder every geometry run executes was replaced by an independent implementation in commit f00dd46, and the other eleven headed files left with the texture stage deleted in commit 2433849 [S125][S126]. The Stable Diffusion XL CreativeML Open RAIL++-M flow-down duty left with that same stage [S127], and pymeshlab (GPL-3.0), plyfile, easydict, pytorch3d, kaolin and nvdiffrast are out of the inference path. CUTOFF: this position covers only runs whose recorded source commit is at or after f00dd46; any artifact generated before it, and any textured artifact whatever its commit, was produced by the Hunyuan-derived code and keeps the pre-fork status until it is regenerated [S131]. Residual items, none of them blocking the tooling itself: the served visual encoder instantiates its CLIP and DINOv2 classes from the configuration files of openai/clip-vit-large-patch14, which declares no licence, and facebook/dinov2-with-registers-large (Apache-2.0), while the trained weights come from the Apache-2.0 Step1X-3D checkpoint, so no OpenAI or Meta weight file is downloaded or redistributed [S131]; the published Step1X-3D weights derive from Objaverse and Objaverse-XL with heterogeneous per-asset licences that upstream never resolved [S123]; and the licence of the image generator used for step one is fixed per SKU, not here.",business/02-portfolio/research-ideas-additions-3.csv,2026-09-04,1.3
SKU-399,C2 · R2 · K1 · Lane E · LOW_UNKNOWN,C2,R2,K1,E,B,LOW_UNKNOWN,CONCEPT_ONLY,GENERATIVE STEP1X RESEARCH PREFLIGHT R2 — NOT PRODUCT RELEASE APPROVAL,2,2,1,"Explicit generative concept preflight PC=34.75/100. Purpose, exclusions, envelope, generative route, mesh-quality gate, critical interface, candidate process envelope and test method are specified; the exact generated mesh, the exact process profile and every rights, safety and demand check remain open. Hard gates: G0 PASS; G1 PASS; G2 WARN; G3 FAIL; G4 PASS; G5 PASS; G6 PASS; TOOL-LICENCE WARN (owned fork; weight-licence and disclosure items open). Generative tooling licence: Generative tooling runs from the owned geometry-only fork github.com/stefanjunk/Step1X-3D [S131]. The Tencent Hunyuan-derived code that blocked EU commercial use is gone: the volume decoder every geometry run executes was replaced by an independent implementation in commit f00dd46, and the other eleven headed files left with the texture stage deleted in commit 2433849 [S125][S126]. The Stable Diffusion XL CreativeML Open RAIL++-M flow-down duty left with that same stage [S127], and pymeshlab (GPL-3.0), plyfile, easydict, pytorch3d, kaolin and nvdiffrast are out of the inference path. CUTOFF: this position covers only runs whose recorded source commit is at or after f00dd46; any artifact generated before it, and any textured artifact whatever its commit, was produced by the Hunyuan-derived code and keeps the pre-fork status until it is regenerated [S131]. Residual items, none of them blocking the tooling itself: the served visual encoder instantiates its CLIP and DINOv2 classes from the configuration files of openai/clip-vit-large-patch14, which declares no licence, and facebook/dinov2-with-registers-large (Apache-2.0), while the trained weights come from the Apache-2.0 Step1X-3D checkpoint, so no OpenAI or Meta weight file is downloaded or redistributed [S131]; the published Step1X-3D weights derive from Objaverse and Objaverse-XL with heterogeneous per-asset licences that upstream never resolved [S123]; and the licence of the image generator used for step one is fixed per SKU, not here.",business/02-portfolio/research-ideas-additions-3.csv,2026-09-04,1.3
SKU-400,C2 · R2 · K1 · Lane E · LOW_UNKNOWN,C2,R2,K1,E,B,LOW_UNKNOWN,CONCEPT_ONLY,GENERATIVE STEP1X RESEARCH PREFLIGHT R2 — NOT PRODUCT RELEASE APPROVAL,2,2,1,"Explicit generative concept preflight PC=34.75/100. Purpose, exclusions, envelope, generative route, mesh-quality gate, critical interface, candidate process envelope and test method are specified; the exact generated mesh, the exact process profile and every rights, safety and demand check remain open. Hard gates: G0 PASS; G1 PASS; G2 WARN; G3 FAIL; G4 PASS; G5 PASS; G6 PASS; TOOL-LICENCE WARN (owned fork; weight-licence and disclosure items open). Generative tooling licence: Generative tooling runs from the owned geometry-only fork github.com/stefanjunk/Step1X-3D [S131]. The Tencent Hunyuan-derived code that blocked EU commercial use is gone: the volume decoder every geometry run executes was replaced by an independent implementation in commit f00dd46, and the other eleven headed files left with the texture stage deleted in commit 2433849 [S125][S126]. The Stable Diffusion XL CreativeML Open RAIL++-M flow-down duty left with that same stage [S127], and pymeshlab (GPL-3.0), plyfile, easydict, pytorch3d, kaolin and nvdiffrast are out of the inference path. CUTOFF: this position covers only runs whose recorded source commit is at or after f00dd46; any artifact generated before it, and any textured artifact whatever its commit, was produced by the Hunyuan-derived code and keeps the pre-fork status until it is regenerated [S131]. Residual items, none of them blocking the tooling itself: the served visual encoder instantiates its CLIP and DINOv2 classes from the configuration files of openai/clip-vit-large-patch14, which declares no licence, and facebook/dinov2-with-registers-large (Apache-2.0), while the trained weights come from the Apache-2.0 Step1X-3D checkpoint, so no OpenAI or Meta weight file is downloaded or redistributed [S131]; the published Step1X-3D weights derive from Objaverse and Objaverse-XL with heterogeneous per-asset licences that upstream never resolved [S123]; and the licence of the image generator used for step one is fixed per SKU, not here.",business/02-portfolio/research-ideas-additions-3.csv,2026-09-04,1.3
SKU-401,C2 · R2 · K2 · Lane E · LOW_UNKNOWN,C2,R2,K2,E,C,LOW_UNKNOWN,CONCEPT_ONLY,GENERATIVE STEP1X RESEARCH PREFLIGHT R2 — NOT PRODUCT RELEASE APPROVAL,2,3,2,"Explicit generative concept preflight PC=36.5/100. Purpose, exclusions, envelope, generative route, mesh-quality gate, critical interface, candidate process envelope and test method are specified; the exact generated mesh, the exact process profile and every rights, safety and demand check remain open. Hard gates: G0 PASS; G1 PASS; G2 WARN; G3 FAIL; G4 PASS; G5 PASS; G6 PASS; TOOL-LICENCE WARN (owned fork; weight-licence and disclosure items open). Generative tooling licence: Generative tooling runs from the owned geometry-only fork github.com/stefanjunk/Step1X-3D [S131]. The Tencent Hunyuan-derived code that blocked EU commercial use is gone: the volume decoder every geometry run executes was replaced by an independent implementation in commit f00dd46, and the other eleven headed files left with the texture stage deleted in commit 2433849 [S125][S126]. The Stable Diffusion XL CreativeML Open RAIL++-M flow-down duty left with that same stage [S127], and pymeshlab (GPL-3.0), plyfile, easydict, pytorch3d, kaolin and nvdiffrast are out of the inference path. CUTOFF: this position covers only runs whose recorded source commit is at or after f00dd46; any artifact generated before it, and any textured artifact whatever its commit, was produced by the Hunyuan-derived code and keeps the pre-fork status until it is regenerated [S131]. Residual items, none of them blocking the tooling itself: the served visual encoder instantiates its CLIP and DINOv2 classes from the configuration files of openai/clip-vit-large-patch14, which declares no licence, and facebook/dinov2-with-registers-large (Apache-2.0), while the trained weights come from the Apache-2.0 Step1X-3D checkpoint, so no OpenAI or Meta weight file is downloaded or redistributed [S131]; the published Step1X-3D weights derive from Objaverse and Objaverse-XL with heterogeneous per-asset licences that upstream never resolved [S123]; and the licence of the image generator used for step one is fixed per SKU, not here.",business/02-portfolio/research-ideas-additions-3.csv,2026-09-04,1.3
SKU-402,C2 · R2 · K1 · Lane E · LOW_UNKNOWN,C2,R2,K1,E,B,LOW_UNKNOWN,CONCEPT_ONLY,GENERATIVE STEP1X RESEARCH PREFLIGHT R2 — NOT PRODUCT RELEASE APPROVAL,1,1,1,"Explicit generative concept preflight PC=26.75/100. Purpose, exclusions, envelope, generative route, mesh-quality gate, critical interface, candidate process envelope and test method are specified; the exact generated mesh, the exact process profile and every rights, safety and demand check remain open. Hard gates: G0 PASS; G1 PASS; G2 WARN; G3 FAIL; G4 PASS; G5 PASS; G6 PASS; TOOL-LICENCE WARN (owned fork; weight-licence and disclosure items open). Generative tooling licence: Generative tooling runs from the owned geometry-only fork github.com/stefanjunk/Step1X-3D [S131]. The Tencent Hunyuan-derived code that blocked EU commercial use is gone: the volume decoder every geometry run executes was replaced by an independent implementation in commit f00dd46, and the other eleven headed files left with the texture stage deleted in commit 2433849 [S125][S126]. The Stable Diffusion XL CreativeML Open RAIL++-M flow-down duty left with that same stage [S127], and pymeshlab (GPL-3.0), plyfile, easydict, pytorch3d, kaolin and nvdiffrast are out of the inference path. CUTOFF: this position covers only runs whose recorded source commit is at or after f00dd46; any artifact generated before it, and any textured artifact whatever its commit, was produced by the Hunyuan-derived code and keeps the pre-fork status until it is regenerated [S131]. Residual items, none of them blocking the tooling itself: the served visual encoder instantiates its CLIP and DINOv2 classes from the configuration files of openai/clip-vit-large-patch14, which declares no licence, and facebook/dinov2-with-registers-large (Apache-2.0), while the trained weights come from the Apache-2.0 Step1X-3D checkpoint, so no OpenAI or Meta weight file is downloaded or redistributed [S131]; the published Step1X-3D weights derive from Objaverse and Objaverse-XL with heterogeneous per-asset licences that upstream never resolved [S123]; and the licence of the image generator used for step one is fixed per SKU, not here.",business/02-portfolio/research-ideas-additions-3.csv,2026-09-04,1.3
SKU-403,C2 · R2 · K1 · Lane E · LOW_UNKNOWN,C2,R2,K1,E,B,LOW_UNKNOWN,CONCEPT_ONLY,GENERATIVE STEP1X RESEARCH PREFLIGHT R2 — NOT PRODUCT RELEASE APPROVAL,2,3,1,"Explicit generative concept preflight PC=30.25/100. Purpose, exclusions, envelope, generative route, mesh-quality gate, critical interface, candidate process envelope and test method are specified; the exact generated mesh, the exact process profile and every rights, safety and demand check remain open. Hard gates: G0 PASS; G1 PASS; G2 WARN; G3 FAIL; G4 PASS; G5 PASS; G6 PASS; TOOL-LICENCE WARN (owned fork; weight-licence and disclosure items open). Generative tooling licence: Generative tooling runs from the owned geometry-only fork github.com/stefanjunk/Step1X-3D [S131]. The Tencent Hunyuan-derived code that blocked EU commercial use is gone: the volume decoder every geometry run executes was replaced by an independent implementation in commit f00dd46, and the other eleven headed files left with the texture stage deleted in commit 2433849 [S125][S126]. The Stable Diffusion XL CreativeML Open RAIL++-M flow-down duty left with that same stage [S127], and pymeshlab (GPL-3.0), plyfile, easydict, pytorch3d, kaolin and nvdiffrast are out of the inference path. CUTOFF: this position covers only runs whose recorded source commit is at or after f00dd46; any artifact generated before it, and any textured artifact whatever its commit, was produced by the Hunyuan-derived code and keeps the pre-fork status until it is regenerated [S131]. Residual items, none of them blocking the tooling itself: the served visual encoder instantiates its CLIP and DINOv2 classes from the configuration files of openai/clip-vit-large-patch14, which declares no licence, and facebook/dinov2-with-registers-large (Apache-2.0), while the trained weights come from the Apache-2.0 Step1X-3D checkpoint, so no OpenAI or Meta weight file is downloaded or redistributed [S131]; the published Step1X-3D weights derive from Objaverse and Objaverse-XL with heterogeneous per-asset licences that upstream never resolved [S123]; and the licence of the image generator used for step one is fixed per SKU, not here.",business/02-portfolio/research-ideas-additions-3.csv,2026-09-04,1.3
SKU-404,C2 · R2 · K1 · Lane E · LOW_UNKNOWN,C2,R2,K1,E,B,LOW_UNKNOWN,CONCEPT_ONLY,GENERATIVE STEP1X RESEARCH PREFLIGHT R2 — NOT PRODUCT RELEASE APPROVAL,2,3,1,"Explicit generative concept preflight PC=30.25/100. Purpose, exclusions, envelope, generative route, mesh-quality gate, critical interface, candidate process envelope and test method are specified; the exact generated mesh, the exact process profile and every rights, safety and demand check remain open. Hard gates: G0 PASS; G1 PASS; G2 WARN; G3 FAIL; G4 PASS; G5 PASS; G6 PASS; TOOL-LICENCE WARN (owned fork; weight-licence and disclosure items open). Generative tooling licence: Generative tooling runs from the owned geometry-only fork github.com/stefanjunk/Step1X-3D [S131]. The Tencent Hunyuan-derived code that blocked EU commercial use is gone: the volume decoder every geometry run executes was replaced by an independent implementation in commit f00dd46, and the other eleven headed files left with the texture stage deleted in commit 2433849 [S125][S126]. The Stable Diffusion XL CreativeML Open RAIL++-M flow-down duty left with that same stage [S127], and pymeshlab (GPL-3.0), plyfile, easydict, pytorch3d, kaolin and nvdiffrast are out of the inference path. CUTOFF: this position covers only runs whose recorded source commit is at or after f00dd46; any artifact generated before it, and any textured artifact whatever its commit, was produced by the Hunyuan-derived code and keeps the pre-fork status until it is regenerated [S131]. Residual items, none of them blocking the tooling itself: the served visual encoder instantiates its CLIP and DINOv2 classes from the configuration files of openai/clip-vit-large-patch14, which declares no licence, and facebook/dinov2-with-registers-large (Apache-2.0), while the trained weights come from the Apache-2.0 Step1X-3D checkpoint, so no OpenAI or Meta weight file is downloaded or redistributed [S131]; the published Step1X-3D weights derive from Objaverse and Objaverse-XL with heterogeneous per-asset licences that upstream never resolved [S123]; and the licence of the image generator used for step one is fixed per SKU, not here.",business/02-portfolio/research-ideas-additions-3.csv,2026-09-04,1.3
SKU-405,C2 · R2 · K1 · Lane E · LOW_UNKNOWN,C2,R2,K1,E,B,LOW_UNKNOWN,CONCEPT_ONLY,GENERATIVE STEP1X RESEARCH PREFLIGHT R2 — NOT PRODUCT RELEASE APPROVAL,2,3,1,"Explicit generative concept preflight PC=30.25/100. Purpose, exclusions, envelope, generative route, mesh-quality gate, critical interface, candidate process envelope and test method are specified; the exact generated mesh, the exact process profile and every rights, safety and demand check remain open. Hard gates: G0 PASS; G1 PASS; G2 WARN; G3 FAIL; G4 PASS; G5 PASS; G6 PASS; TOOL-LICENCE WARN (owned fork; weight-licence and disclosure items open). Generative tooling licence: Generative tooling runs from the owned geometry-only fork github.com/stefanjunk/Step1X-3D [S131]. The Tencent Hunyuan-derived code that blocked EU commercial use is gone: the volume decoder every geometry run executes was replaced by an independent implementation in commit f00dd46, and the other eleven headed files left with the texture stage deleted in commit 2433849 [S125][S126]. The Stable Diffusion XL CreativeML Open RAIL++-M flow-down duty left with that same stage [S127], and pymeshlab (GPL-3.0), plyfile, easydict, pytorch3d, kaolin and nvdiffrast are out of the inference path. CUTOFF: this position covers only runs whose recorded source commit is at or after f00dd46; any artifact generated before it, and any textured artifact whatever its commit, was produced by the Hunyuan-derived code and keeps the pre-fork status until it is regenerated [S131]. Residual items, none of them blocking the tooling itself: the served visual encoder instantiates its CLIP and DINOv2 classes from the configuration files of openai/clip-vit-large-patch14, which declares no licence, and facebook/dinov2-with-registers-large (Apache-2.0), while the trained weights come from the Apache-2.0 Step1X-3D checkpoint, so no OpenAI or Meta weight file is downloaded or redistributed [S131]; the published Step1X-3D weights derive from Objaverse and Objaverse-XL with heterogeneous per-asset licences that upstream never resolved [S123]; and the licence of the image generator used for step one is fixed per SKU, not here.",business/02-portfolio/research-ideas-additions-3.csv,2026-09-04,1.3
SKU-406,C2 · R2 · K2 · Lane E · LOW_UNKNOWN,C2,R2,K2,E,C,LOW_UNKNOWN,CONCEPT_ONLY,GENERATIVE STEP1X RESEARCH PREFLIGHT R2 — NOT PRODUCT RELEASE APPROVAL,2,3,2,"Explicit generative concept preflight PC=36.5/100. Purpose, exclusions, envelope, generative route, mesh-quality gate, critical interface, candidate process envelope and test method are specified; the exact generated mesh, the exact process profile and every rights, safety and demand check remain open. Hard gates: G0 PASS; G1 PASS; G2 WARN; G3 FAIL; G4 PASS; G5 PASS; G6 PASS; TOOL-LICENCE WARN (owned fork; weight-licence and disclosure items open). Generative tooling licence: Generative tooling runs from the owned geometry-only fork github.com/stefanjunk/Step1X-3D [S131]. The Tencent Hunyuan-derived code that blocked EU commercial use is gone: the volume decoder every geometry run executes was replaced by an independent implementation in commit f00dd46, and the other eleven headed files left with the texture stage deleted in commit 2433849 [S125][S126]. The Stable Diffusion XL CreativeML Open RAIL++-M flow-down duty left with that same stage [S127], and pymeshlab (GPL-3.0), plyfile, easydict, pytorch3d, kaolin and nvdiffrast are out of the inference path. CUTOFF: this position covers only runs whose recorded source commit is at or after f00dd46; any artifact generated before it, and any textured artifact whatever its commit, was produced by the Hunyuan-derived code and keeps the pre-fork status until it is regenerated [S131]. Residual items, none of them blocking the tooling itself: the served visual encoder instantiates its CLIP and DINOv2 classes from the configuration files of openai/clip-vit-large-patch14, which declares no licence, and facebook/dinov2-with-registers-large (Apache-2.0), while the trained weights come from the Apache-2.0 Step1X-3D checkpoint, so no OpenAI or Meta weight file is downloaded or redistributed [S131]; the published Step1X-3D weights derive from Objaverse and Objaverse-XL with heterogeneous per-asset licences that upstream never resolved [S123]; and the licence of the image generator used for step one is fixed per SKU, not here.",business/02-portfolio/research-ideas-additions-3.csv,2026-09-04,1.3
SKU-407,C2 · R2 · K1 · Lane E · LOW_UNKNOWN,C2,R2,K1,E,B,LOW_UNKNOWN,CONCEPT_ONLY,GENERATIVE STEP1X RESEARCH PREFLIGHT R2 — NOT PRODUCT RELEASE APPROVAL,1,1,1,"Explicit generative concept preflight PC=26.75/100. Purpose, exclusions, envelope, generative route, mesh-quality gate, critical interface, candidate process envelope and test method are specified; the exact generated mesh, the exact process profile and every rights, safety and demand check remain open. Hard gates: G0 PASS; G1 PASS; G2 WARN; G3 FAIL; G4 PASS; G5 PASS; G6 PASS; TOOL-LICENCE WARN (owned fork; weight-licence and disclosure items open). Generative tooling licence: Generative tooling runs from the owned geometry-only fork github.com/stefanjunk/Step1X-3D [S131]. The Tencent Hunyuan-derived code that blocked EU commercial use is gone: the volume decoder every geometry run executes was replaced by an independent implementation in commit f00dd46, and the other eleven headed files left with the texture stage deleted in commit 2433849 [S125][S126]. The Stable Diffusion XL CreativeML Open RAIL++-M flow-down duty left with that same stage [S127], and pymeshlab (GPL-3.0), plyfile, easydict, pytorch3d, kaolin and nvdiffrast are out of the inference path. CUTOFF: this position covers only runs whose recorded source commit is at or after f00dd46; any artifact generated before it, and any textured artifact whatever its commit, was produced by the Hunyuan-derived code and keeps the pre-fork status until it is regenerated [S131]. Residual items, none of them blocking the tooling itself: the served visual encoder instantiates its CLIP and DINOv2 classes from the configuration files of openai/clip-vit-large-patch14, which declares no licence, and facebook/dinov2-with-registers-large (Apache-2.0), while the trained weights come from the Apache-2.0 Step1X-3D checkpoint, so no OpenAI or Meta weight file is downloaded or redistributed [S131]; the published Step1X-3D weights derive from Objaverse and Objaverse-XL with heterogeneous per-asset licences that upstream never resolved [S123]; and the licence of the image generator used for step one is fixed per SKU, not here.",business/02-portfolio/research-ideas-additions-3.csv,2026-09-04,1.3
SKU-408,C2 · R2 · K1 · Lane E · LOW_UNKNOWN,C2,R2,K1,E,B,LOW_UNKNOWN,CONCEPT_ONLY,GENERATIVE STEP1X RESEARCH PREFLIGHT R2 — NOT PRODUCT RELEASE APPROVAL,2,2,1,"Explicit generative concept preflight PC=34.75/100. Purpose, exclusions, envelope, generative route, mesh-quality gate, critical interface, candidate process envelope and test method are specified; the exact generated mesh, the exact process profile and every rights, safety and demand check remain open. Hard gates: G0 PASS; G1 PASS; G2 WARN; G3 FAIL; G4 PASS; G5 PASS; G6 PASS; TOOL-LICENCE WARN (owned fork; weight-licence and disclosure items open). Generative tooling licence: Generative tooling runs from the owned geometry-only fork github.com/stefanjunk/Step1X-3D [S131]. The Tencent Hunyuan-derived code that blocked EU commercial use is gone: the volume decoder every geometry run executes was replaced by an independent implementation in commit f00dd46, and the other eleven headed files left with the texture stage deleted in commit 2433849 [S125][S126]. The Stable Diffusion XL CreativeML Open RAIL++-M flow-down duty left with that same stage [S127], and pymeshlab (GPL-3.0), plyfile, easydict, pytorch3d, kaolin and nvdiffrast are out of the inference path. CUTOFF: this position covers only runs whose recorded source commit is at or after f00dd46; any artifact generated before it, and any textured artifact whatever its commit, was produced by the Hunyuan-derived code and keeps the pre-fork status until it is regenerated [S131]. Residual items, none of them blocking the tooling itself: the served visual encoder instantiates its CLIP and DINOv2 classes from the configuration files of openai/clip-vit-large-patch14, which declares no licence, and facebook/dinov2-with-registers-large (Apache-2.0), while the trained weights come from the Apache-2.0 Step1X-3D checkpoint, so no OpenAI or Meta weight file is downloaded or redistributed [S131]; the published Step1X-3D weights derive from Objaverse and Objaverse-XL with heterogeneous per-asset licences that upstream never resolved [S123]; and the licence of the image generator used for step one is fixed per SKU, not here.",business/02-portfolio/research-ideas-additions-3.csv,2026-09-04,1.3
SKU-409,C1 · R2 · K1 · Lane E · LOW_UNKNOWN,C1,R2,K1,E,B,LOW_UNKNOWN,CONCEPT_ONLY,GENERATIVE STEP1X RESEARCH PREFLIGHT R2 — NOT PRODUCT RELEASE APPROVAL,1,2,1,"Explicit generative concept preflight PC=19.25/100. Purpose, exclusions, envelope, generative route, mesh-quality gate, critical interface, candidate process envelope and test method are specified; the exact generated mesh, the exact process profile and every rights, safety and demand check remain open. Hard gates: G0 PASS; G1 PASS; G2 WARN; G3 FAIL; G4 PASS; G5 PASS; G6 PASS; TOOL-LICENCE WARN (owned fork; weight-licence and disclosure items open). Generative tooling licence: Generative tooling runs from the owned geometry-only fork github.com/stefanjunk/Step1X-3D [S131]. The Tencent Hunyuan-derived code that blocked EU commercial use is gone: the volume decoder every geometry run executes was replaced by an independent implementation in commit f00dd46, and the other eleven headed files left with the texture stage deleted in commit 2433849 [S125][S126]. The Stable Diffusion XL CreativeML Open RAIL++-M flow-down duty left with that same stage [S127], and pymeshlab (GPL-3.0), plyfile, easydict, pytorch3d, kaolin and nvdiffrast are out of the inference path. CUTOFF: this position covers only runs whose recorded source commit is at or after f00dd46; any artifact generated before it, and any textured artifact whatever its commit, was produced by the Hunyuan-derived code and keeps the pre-fork status until it is regenerated [S131]. Residual items, none of them blocking the tooling itself: the served visual encoder instantiates its CLIP and DINOv2 classes from the configuration files of openai/clip-vit-large-patch14, which declares no licence, and facebook/dinov2-with-registers-large (Apache-2.0), while the trained weights come from the Apache-2.0 Step1X-3D checkpoint, so no OpenAI or Meta weight file is downloaded or redistributed [S131]; the published Step1X-3D weights derive from Objaverse and Objaverse-XL with heterogeneous per-asset licences that upstream never resolved [S123]; and the licence of the image generator used for step one is fixed per SKU, not here.",business/02-portfolio/research-ideas-additions-3.csv,2026-09-04,1.3
SKU-410,C2 · R2 · K2 · Lane E · LOW_UNKNOWN,C2,R2,K2,E,C,LOW_UNKNOWN,CONCEPT_ONLY,GENERATIVE STEP1X RESEARCH PREFLIGHT R2 — NOT PRODUCT RELEASE APPROVAL,2,2,2,"Explicit generative concept preflight PC=34.75/100. Purpose, exclusions, envelope, generative route, mesh-quality gate, critical interface, candidate process envelope and test method are specified; the exact generated mesh, the exact process profile and every rights, safety and demand check remain open. Hard gates: G0 PASS; G1 PASS; G2 WARN; G3 FAIL; G4 PASS; G5 PASS; G6 PASS; TOOL-LICENCE WARN (owned fork; weight-licence and disclosure items open). Generative tooling licence: Generative tooling runs from the owned geometry-only fork github.com/stefanjunk/Step1X-3D [S131]. The Tencent Hunyuan-derived code that blocked EU commercial use is gone: the volume decoder every geometry run executes was replaced by an independent implementation in commit f00dd46, and the other eleven headed files left with the texture stage deleted in commit 2433849 [S125][S126]. The Stable Diffusion XL CreativeML Open RAIL++-M flow-down duty left with that same stage [S127], and pymeshlab (GPL-3.0), plyfile, easydict, pytorch3d, kaolin and nvdiffrast are out of the inference path. CUTOFF: this position covers only runs whose recorded source commit is at or after f00dd46; any artifact generated before it, and any textured artifact whatever its commit, was produced by the Hunyuan-derived code and keeps the pre-fork status until it is regenerated [S131]. Residual items, none of them blocking the tooling itself: the served visual encoder instantiates its CLIP and DINOv2 classes from the configuration files of openai/clip-vit-large-patch14, which declares no licence, and facebook/dinov2-with-registers-large (Apache-2.0), while the trained weights come from the Apache-2.0 Step1X-3D checkpoint, so no OpenAI or Meta weight file is downloaded or redistributed [S131]; the published Step1X-3D weights derive from Objaverse and Objaverse-XL with heterogeneous per-asset licences that upstream never resolved [S123]; and the licence of the image generator used for step one is fixed per SKU, not here.",business/02-portfolio/research-ideas-additions-3.csv,2026-09-04,1.3
SKU-411,C2 · R2 · K1 · Lane E · LOW_UNKNOWN,C2,R2,K1,E,B,LOW_UNKNOWN,CONCEPT_ONLY,GENERATIVE STEP1X RESEARCH PREFLIGHT R2 — NOT PRODUCT RELEASE APPROVAL,2,2,1,"Explicit generative concept preflight PC=34.75/100. Purpose, exclusions, envelope, generative route, mesh-quality gate, critical interface, candidate process envelope and test method are specified; the exact generated mesh, the exact process profile and every rights, safety and demand check remain open. Hard gates: G0 PASS; G1 PASS; G2 WARN; G3 FAIL; G4 PASS; G5 PASS; G6 PASS; TOOL-LICENCE WARN (owned fork; weight-licence and disclosure items open). Generative tooling licence: Generative tooling runs from the owned geometry-only fork github.com/stefanjunk/Step1X-3D [S131]. The Tencent Hunyuan-derived code that blocked EU commercial use is gone: the volume decoder every geometry run executes was replaced by an independent implementation in commit f00dd46, and the other eleven headed files left with the texture stage deleted in commit 2433849 [S125][S126]. The Stable Diffusion XL CreativeML Open RAIL++-M flow-down duty left with that same stage [S127], and pymeshlab (GPL-3.0), plyfile, easydict, pytorch3d, kaolin and nvdiffrast are out of the inference path. CUTOFF: this position covers only runs whose recorded source commit is at or after f00dd46; any artifact generated before it, and any textured artifact whatever its commit, was produced by the Hunyuan-derived code and keeps the pre-fork status until it is regenerated [S131]. Residual items, none of them blocking the tooling itself: the served visual encoder instantiates its CLIP and DINOv2 classes from the configuration files of openai/clip-vit-large-patch14, which declares no licence, and facebook/dinov2-with-registers-large (Apache-2.0), while the trained weights come from the Apache-2.0 Step1X-3D checkpoint, so no OpenAI or Meta weight file is downloaded or redistributed [S131]; the published Step1X-3D weights derive from Objaverse and Objaverse-XL with heterogeneous per-asset licences that upstream never resolved [S123]; and the licence of the image generator used for step one is fixed per SKU, not here.",business/02-portfolio/research-ideas-additions-3.csv,2026-09-04,1.3
SKU-412,C2 · R2 · K2 · Lane E · LOW_UNKNOWN,C2,R2,K2,E,C,LOW_UNKNOWN,CONCEPT_ONLY,GENERATIVE STEP1X RESEARCH PREFLIGHT R2 — NOT PRODUCT RELEASE APPROVAL,2,3,2,"Explicit generative concept preflight PC=36.5/100. Purpose, exclusions, envelope, generative route, mesh-quality gate, critical interface, candidate process envelope and test method are specified; the exact generated mesh, the exact process profile and every rights, safety and demand check remain open. Hard gates: G0 PASS; G1 PASS; G2 WARN; G3 FAIL; G4 PASS; G5 PASS; G6 PASS; TOOL-LICENCE WARN (owned fork; weight-licence and disclosure items open). Generative tooling licence: Generative tooling runs from the owned geometry-only fork github.com/stefanjunk/Step1X-3D [S131]. The Tencent Hunyuan-derived code that blocked EU commercial use is gone: the volume decoder every geometry run executes was replaced by an independent implementation in commit f00dd46, and the other eleven headed files left with the texture stage deleted in commit 2433849 [S125][S126]. The Stable Diffusion XL CreativeML Open RAIL++-M flow-down duty left with that same stage [S127], and pymeshlab (GPL-3.0), plyfile, easydict, pytorch3d, kaolin and nvdiffrast are out of the inference path. CUTOFF: this position covers only runs whose recorded source commit is at or after f00dd46; any artifact generated before it, and any textured artifact whatever its commit, was produced by the Hunyuan-derived code and keeps the pre-fork status until it is regenerated [S131]. Residual items, none of them blocking the tooling itself: the served visual encoder instantiates its CLIP and DINOv2 classes from the configuration files of openai/clip-vit-large-patch14, which declares no licence, and facebook/dinov2-with-registers-large (Apache-2.0), while the trained weights come from the Apache-2.0 Step1X-3D checkpoint, so no OpenAI or Meta weight file is downloaded or redistributed [S131]; the published Step1X-3D weights derive from Objaverse and Objaverse-XL with heterogeneous per-asset licences that upstream never resolved [S123]; and the licence of the image generator used for step one is fixed per SKU, not here.",business/02-portfolio/research-ideas-additions-3.csv,2026-09-04,1.3
SKU-413,C2 · R2 · K1 · Lane E · LOW_UNKNOWN,C2,R2,K1,E,B,LOW_UNKNOWN,CONCEPT_ONLY,GENERATIVE STEP1X RESEARCH PREFLIGHT R2 — NOT PRODUCT RELEASE APPROVAL,1,1,1,"Explicit generative concept preflight PC=26.75/100. Purpose, exclusions, envelope, generative route, mesh-quality gate, critical interface, candidate process envelope and test method are specified; the exact generated mesh, the exact process profile and every rights, safety and demand check remain open. Hard gates: G0 PASS; G1 PASS; G2 WARN; G3 FAIL; G4 PASS; G5 PASS; G6 PASS; TOOL-LICENCE WARN (owned fork; weight-licence and disclosure items open). Generative tooling licence: Generative tooling runs from the owned geometry-only fork github.com/stefanjunk/Step1X-3D [S131]. The Tencent Hunyuan-derived code that blocked EU commercial use is gone: the volume decoder every geometry run executes was replaced by an independent implementation in commit f00dd46, and the other eleven headed files left with the texture stage deleted in commit 2433849 [S125][S126]. The Stable Diffusion XL CreativeML Open RAIL++-M flow-down duty left with that same stage [S127], and pymeshlab (GPL-3.0), plyfile, easydict, pytorch3d, kaolin and nvdiffrast are out of the inference path. CUTOFF: this position covers only runs whose recorded source commit is at or after f00dd46; any artifact generated before it, and any textured artifact whatever its commit, was produced by the Hunyuan-derived code and keeps the pre-fork status until it is regenerated [S131]. Residual items, none of them blocking the tooling itself: the served visual encoder instantiates its CLIP and DINOv2 classes from the configuration files of openai/clip-vit-large-patch14, which declares no licence, and facebook/dinov2-with-registers-large (Apache-2.0), while the trained weights come from the Apache-2.0 Step1X-3D checkpoint, so no OpenAI or Meta weight file is downloaded or redistributed [S131]; the published Step1X-3D weights derive from Objaverse and Objaverse-XL with heterogeneous per-asset licences that upstream never resolved [S123]; and the licence of the image generator used for step one is fixed per SKU, not here.",business/02-portfolio/research-ideas-additions-3.csv,2026-09-04,1.3
SKU-414,C2 · R2 · K1 · Lane E · LOW_UNKNOWN,C2,R2,K1,E,B,LOW_UNKNOWN,CONCEPT_ONLY,GENERATIVE STEP1X RESEARCH PREFLIGHT R2 — NOT PRODUCT RELEASE APPROVAL,1,1,1,"Explicit generative concept preflight PC=26.75/100. Purpose, exclusions, envelope, generative route, mesh-quality gate, critical interface, candidate process envelope and test method are specified; the exact generated mesh, the exact process profile and every rights, safety and demand check remain open. Hard gates: G0 PASS; G1 PASS; G2 WARN; G3 FAIL; G4 PASS; G5 PASS; G6 PASS; TOOL-LICENCE WARN (owned fork; weight-licence and disclosure items open). Generative tooling licence: Generative tooling runs from the owned geometry-only fork github.com/stefanjunk/Step1X-3D [S131]. The Tencent Hunyuan-derived code that blocked EU commercial use is gone: the volume decoder every geometry run executes was replaced by an independent implementation in commit f00dd46, and the other eleven headed files left with the texture stage deleted in commit 2433849 [S125][S126]. The Stable Diffusion XL CreativeML Open RAIL++-M flow-down duty left with that same stage [S127], and pymeshlab (GPL-3.0), plyfile, easydict, pytorch3d, kaolin and nvdiffrast are out of the inference path. CUTOFF: this position covers only runs whose recorded source commit is at or after f00dd46; any artifact generated before it, and any textured artifact whatever its commit, was produced by the Hunyuan-derived code and keeps the pre-fork status until it is regenerated [S131]. Residual items, none of them blocking the tooling itself: the served visual encoder instantiates its CLIP and DINOv2 classes from the configuration files of openai/clip-vit-large-patch14, which declares no licence, and facebook/dinov2-with-registers-large (Apache-2.0), while the trained weights come from the Apache-2.0 Step1X-3D checkpoint, so no OpenAI or Meta weight file is downloaded or redistributed [S131]; the published Step1X-3D weights derive from Objaverse and Objaverse-XL with heterogeneous per-asset licences that upstream never resolved [S123]; and the licence of the image generator used for step one is fixed per SKU, not here.",business/02-portfolio/research-ideas-additions-3.csv,2026-09-04,1.3
SKU-501,C2 · R3 · K1 · Lane B · CONDITIONAL,C2,R3,K1,B,B,CONDITIONAL,GO_WITH_CONTROLS,STRUCTURED SPECIFIC-VARIANT PREFLIGHT R3 — NOT PRODUCT RELEASE APPROVAL,2,2,1,"Evidence-backed named-interface variant PC=34.75/100. The exact variant, intended use and exclusions are fixed; critical interface nominals come from a cited primary source; one exact hashed printer/material/nozzle/orientation/process baseline is pinned; acceptance criteria and a coupon/prototype method are defined. Independent dimensional and physical validation is still missing, so readiness stops at R3. Hard gates: G0 PASS; G1 PASS; G2 PASS; G3 PASS; G4 PASS; G5 PASS; G6 PASS",business/02-portfolio/research-ideas-r3-variants.csv,2026-09-04,1.3
SKU-502,C2 · R3 · K1 · Lane B · CONDITIONAL,C2,R3,K1,B,B,CONDITIONAL,GO_WITH_CONTROLS,STRUCTURED SPECIFIC-VARIANT PREFLIGHT R3 — NOT PRODUCT RELEASE APPROVAL,2,2,1,"Evidence-backed named-interface variant PC=34.75/100. The exact variant, intended use and exclusions are fixed; critical interface nominals come from a cited primary source; one exact hashed printer/material/nozzle/orientation/process baseline is pinned; acceptance criteria and a coupon/prototype method are defined. Independent dimensional and physical validation is still missing, so readiness stops at R3. Hard gates: G0 PASS; G1 PASS; G2 PASS; G3 PASS; G4 PASS; G5 PASS; G6 PASS",business/02-portfolio/research-ideas-r3-variants.csv,2026-09-04,1.3
SKU-503,C2 · R3 · K1 · Lane B · CONDITIONAL,C2,R3,K1,B,B,CONDITIONAL,GO_WITH_CONTROLS,STRUCTURED SPECIFIC-VARIANT PREFLIGHT R3 — NOT PRODUCT RELEASE APPROVAL,2,2,1,"Evidence-backed named-interface variant PC=34.75/100. The exact variant, intended use and exclusions are fixed; critical interface nominals come from a cited primary source; one exact hashed printer/material/nozzle/orientation/process baseline is pinned; acceptance criteria and a coupon/prototype method are defined. Independent dimensional and physical validation is still missing, so readiness stops at R3. Hard gates: G0 PASS; G1 PASS; G2 PASS; G3 PASS; G4 PASS; G5 PASS; G6 PASS",business/02-portfolio/research-ideas-r3-variants.csv,2026-09-04,1.3
SKU-504,C2 · R3 · K1 · Lane B · CONDITIONAL,C2,R3,K1,B,B,CONDITIONAL,GO_WITH_CONTROLS,STRUCTURED SPECIFIC-VARIANT PREFLIGHT R3 — NOT PRODUCT RELEASE APPROVAL,2,2,1,"Evidence-backed named-interface variant PC=34.75/100. The exact variant, intended use and exclusions are fixed; critical interface nominals come from a cited primary source; one exact hashed printer/material/nozzle/orientation/process baseline is pinned; acceptance criteria and a coupon/prototype method are defined. Independent dimensional and physical validation is still missing, so readiness stops at R3. Hard gates: G0 PASS; G1 PASS; G2 PASS; G3 PASS; G4 PASS; G5 PASS; G6 PASS",business/02-portfolio/research-ideas-r3-variants.csv,2026-09-04,1.3
SKU-505,C2 · R3 · K1 · Lane B · CONDITIONAL,C2,R3,K1,B,B,CONDITIONAL,GO_WITH_CONTROLS,STRUCTURED SPECIFIC-VARIANT PREFLIGHT R3 — NOT PRODUCT RELEASE APPROVAL,2,2,1,"Evidence-backed named-interface variant PC=34.75/100. The exact variant, intended use and exclusions are fixed; critical interface nominals come from a cited primary source; one exact hashed printer/material/nozzle/orientation/process baseline is pinned; acceptance criteria and a coupon/prototype method are defined. Independent dimensional and physical validation is still missing, so readiness stops at R3. Hard gates: G0 PASS; G1 PASS; G2 PASS; G3 PASS; G4 PASS; G5 PASS; G6 PASS",business/02-portfolio/research-ideas-r3-variants.csv,2026-09-04,1.3
SKU-506,C2 · R3 · K1 · Lane B · CONDITIONAL,C2,R3,K1,B,B,CONDITIONAL,GO_WITH_CONTROLS,STRUCTURED SPECIFIC-VARIANT PREFLIGHT R3 — NOT PRODUCT RELEASE APPROVAL,2,2,1,"Evidence-backed named-interface variant PC=34.75/100. The exact variant, intended use and exclusions are fixed; critical interface nominals come from a cited primary source; one exact hashed printer/material/nozzle/orientation/process baseline is pinned; acceptance criteria and a coupon/prototype method are defined. Independent dimensional and physical validation is still missing, so readiness stops at R3. Hard gates: G0 PASS; G1 PASS; G2 PASS; G3 PASS; G4 PASS; G5 PASS; G6 PASS",business/02-portfolio/research-ideas-r3-variants.csv,2026-09-04,1.3
SKU-507,C2 · R3 · K1 · Lane B · CONDITIONAL,C2,R3,K1,B,B,CONDITIONAL,GO_WITH_CONTROLS,STRUCTURED SPECIFIC-VARIANT PREFLIGHT R3 — NOT PRODUCT RELEASE APPROVAL,2,2,1,"Evidence-backed named-interface variant PC=34.75/100. The exact variant, intended use and exclusions are fixed; critical interface nominals come from a cited primary source; one exact hashed printer/material/nozzle/orientation/process baseline is pinned; acceptance criteria and a coupon/prototype method are defined. Independent dimensional and physical validation is still missing, so readiness stops at R3. Hard gates: G0 PASS; G1 PASS; G2 PASS; G3 PASS; G4 PASS; G5 PASS; G6 PASS",business/02-portfolio/research-ideas-r3-variants.csv,2026-09-04,1.3
SKU-508,C2 · R3 · K1 · Lane B · CONDITIONAL,C2,R3,K1,B,B,CONDITIONAL,GO_WITH_CONTROLS,STRUCTURED SPECIFIC-VARIANT PREFLIGHT R3 — NOT PRODUCT RELEASE APPROVAL,2,2,1,"Evidence-backed named-interface variant PC=34.75/100. The exact variant, intended use and exclusions are fixed; critical interface nominals come from a cited primary source; one exact hashed printer/material/nozzle/orientation/process baseline is pinned; acceptance criteria and a coupon/prototype method are defined. Independent dimensional and physical validation is still missing, so readiness stops at R3. Hard gates: G0 PASS; G1 PASS; G2 PASS; G3 PASS; G4 PASS; G5 PASS; G6 PASS",business/02-portfolio/research-ideas-r3-variants.csv,2026-09-04,1.3
SKU-509,C2 · R3 · K1 · Lane B · CONDITIONAL,C2,R3,K1,B,B,CONDITIONAL,GO_WITH_CONTROLS,STRUCTURED SPECIFIC-VARIANT PREFLIGHT R3 — NOT PRODUCT RELEASE APPROVAL,2,2,1,"Evidence-backed named-interface variant PC=34.75/100. The exact variant, intended use and exclusions are fixed; critical interface nominals come from a cited primary source; one exact hashed printer/material/nozzle/orientation/process baseline is pinned; acceptance criteria and a coupon/prototype method are defined. Independent dimensional and physical validation is still missing, so readiness stops at R3. Hard gates: G0 PASS; G1 PASS; G2 PASS; G3 PASS; G4 PASS; G5 PASS; G6 PASS",business/02-portfolio/research-ideas-r3-variants.csv,2026-09-04,1.3
SKU-510,C2 · R3 · K1 · Lane B · CONDITIONAL,C2,R3,K1,B,B,CONDITIONAL,GO_WITH_CONTROLS,STRUCTURED SPECIFIC-VARIANT PREFLIGHT R3 — NOT PRODUCT RELEASE APPROVAL,2,2,1,"Evidence-backed named-interface variant PC=34.75/100. The exact variant, intended use and exclusions are fixed; critical interface nominals come from a cited primary source; one exact hashed printer/material/nozzle/orientation/process baseline is pinned; acceptance criteria and a coupon/prototype method are defined. Independent dimensional and physical validation is still missing, so readiness stops at R3. Hard gates: G0 PASS; G1 PASS; G2 PASS; G3 PASS; G4 PASS; G5 PASS; G6 PASS",business/02-portfolio/research-ideas-r3-variants.csv,2026-09-04,1.3
SKU-511,C2 · R3 · K1 · Lane B · CONDITIONAL,C2,R3,K1,B,B,CONDITIONAL,GO_WITH_CONTROLS,STRUCTURED SPECIFIC-VARIANT PREFLIGHT R3 — NOT PRODUCT RELEASE APPROVAL,2,2,1,"Evidence-backed named-interface variant PC=34.75/100. The exact variant, intended use and exclusions are fixed; critical interface nominals come from a cited primary source; one exact hashed printer/material/nozzle/orientation/process baseline is pinned; acceptance criteria and a coupon/prototype method are defined. Independent dimensional and physical validation is still missing, so readiness stops at R3. Hard gates: G0 PASS; G1 PASS; G2 PASS; G3 PASS; G4 PASS; G5 PASS; G6 PASS",business/02-portfolio/research-ideas-r3-variants.csv,2026-09-04,1.3
SKU-512,C2 · R3 · K1 · Lane B · CONDITIONAL,C2,R3,K1,B,B,CONDITIONAL,GO_WITH_CONTROLS,STRUCTURED SPECIFIC-VARIANT PREFLIGHT R3 — NOT PRODUCT RELEASE APPROVAL,2,2,1,"Evidence-backed named-interface variant PC=34.75/100. The exact variant, intended use and exclusions are fixed; critical interface nominals come from a cited primary source; one exact hashed printer/material/nozzle/orientation/process baseline is pinned; acceptance criteria and a coupon/prototype method are defined. Independent dimensional and physical validation is still missing, so readiness stops at R3. Hard gates: G0 PASS; G1 PASS; G2 PASS; G3 PASS; G4 PASS; G5 PASS; G6 PASS",business/02-portfolio/research-ideas-r3-variants.csv,2026-09-04,1.3
SKU-513,C2 · R3 · K1 · Lane B · CONDITIONAL,C2,R3,K1,B,B,CONDITIONAL,GO_WITH_CONTROLS,STRUCTURED SPECIFIC-VARIANT PREFLIGHT R3 — NOT PRODUCT RELEASE APPROVAL,2,2,1,"Evidence-backed named-interface variant PC=34.75/100. The exact variant, intended use and exclusions are fixed; critical interface nominals come from a cited primary source; one exact hashed printer/material/nozzle/orientation/process baseline is pinned; acceptance criteria and a coupon/prototype method are defined. Independent dimensional and physical validation is still missing, so readiness stops at R3. Hard gates: G0 PASS; G1 PASS; G2 PASS; G3 PASS; G4 PASS; G5 PASS; G6 PASS",business/02-portfolio/research-ideas-r3-variants.csv,2026-09-04,1.3
SKU-514,C2 · R3 · K1 · Lane B · CONDITIONAL,C2,R3,K1,B,B,CONDITIONAL,GO_WITH_CONTROLS,STRUCTURED SPECIFIC-VARIANT PREFLIGHT R3 — NOT PRODUCT RELEASE APPROVAL,2,2,1,"Evidence-backed named-interface variant PC=34.75/100. The exact variant, intended use and exclusions are fixed; critical interface nominals come from a cited primary source; one exact hashed printer/material/nozzle/orientation/process baseline is pinned; acceptance criteria and a coupon/prototype method are defined. Independent dimensional and physical validation is still missing, so readiness stops at R3. Hard gates: G0 PASS; G1 PASS; G2 PASS; G3 PASS; G4 PASS; G5 PASS; G6 PASS",business/02-portfolio/research-ideas-r3-variants.csv,2026-09-04,1.3
SKU-515,C2 · R3 · K1 · Lane B · CONDITIONAL,C2,R3,K1,B,B,CONDITIONAL,GO_WITH_CONTROLS,STRUCTURED SPECIFIC-VARIANT PREFLIGHT R3 — NOT PRODUCT RELEASE APPROVAL,2,2,1,"Evidence-backed named-interface variant PC=34.75/100. The exact variant, intended use and exclusions are fixed; critical interface nominals come from a cited primary source; one exact hashed printer/material/nozzle/orientation/process baseline is pinned; acceptance criteria and a coupon/prototype method are defined. Independent dimensional and physical validation is still missing, so readiness stops at R3. Hard gates: G0 PASS; G1 PASS; G2 PASS; G3 PASS; G4 PASS; G5 PASS; G6 PASS",business/02-portfolio/research-ideas-r3-variants.csv,2026-09-04,1.3
SKU-516,C2 · R3 · K1 · Lane B · CONDITIONAL,C2,R3,K1,B,B,CONDITIONAL,GO_WITH_CONTROLS,STRUCTURED SPECIFIC-VARIANT PREFLIGHT R3 — NOT PRODUCT RELEASE APPROVAL,2,2,1,"Evidence-backed named-interface variant PC=34.75/100. The exact variant, intended use and exclusions are fixed; critical interface nominals come from a cited primary source; one exact hashed printer/material/nozzle/orientation/process baseline is pinned; acceptance criteria and a coupon/prototype method are defined. Independent dimensional and physical validation is still missing, so readiness stops at R3. Hard gates: G0 PASS; G1 PASS; G2 PASS; G3 PASS; G4 PASS; G5 PASS; G6 PASS",business/02-portfolio/research-ideas-r3-variants.csv,2026-09-04,1.3
SKU-517,C3 · R3 · K1 · Lane C · CONDITIONAL,C3,R3,K1,C,C,CONDITIONAL,GO_WITH_CONTROLS,STRUCTURED SPECIFIC-VARIANT PREFLIGHT R3 — NOT PRODUCT RELEASE APPROVAL,2,2,2,"Evidence-backed named-interface variant PC=56.0/100. The exact variant, intended use and exclusions are fixed; critical interface nominals come from a cited primary source; one exact hashed printer/material/nozzle/orientation/process baseline is pinned; acceptance criteria and a coupon/prototype method are defined. Independent dimensional and physical validation is still missing, so readiness stops at R3. Hard gates: G0 PASS; G1 PASS; G2 PASS; G3 PASS; G4 PASS; G5 PASS; G6 PASS",business/02-portfolio/research-ideas-r3-variants.csv,2026-09-04,1.3
SKU-518,C3 · R3 · K1 · Lane C · CONDITIONAL,C3,R3,K1,C,C,CONDITIONAL,GO_WITH_CONTROLS,STRUCTURED SPECIFIC-VARIANT PREFLIGHT R3 — NOT PRODUCT RELEASE APPROVAL,2,2,2,"Evidence-backed named-interface variant PC=56.0/100. The exact variant, intended use and exclusions are fixed; critical interface nominals come from a cited primary source; one exact hashed printer/material/nozzle/orientation/process baseline is pinned; acceptance criteria and a coupon/prototype method are defined. Independent dimensional and physical validation is still missing, so readiness stops at R3. Hard gates: G0 PASS; G1 PASS; G2 PASS; G3 PASS; G4 PASS; G5 PASS; G6 PASS",business/02-portfolio/research-ideas-r3-variants.csv,2026-09-04,1.3
SKU-519,C3 · R3 · K1 · Lane C · CONDITIONAL,C3,R3,K1,C,C,CONDITIONAL,GO_WITH_CONTROLS,STRUCTURED SPECIFIC-VARIANT PREFLIGHT R3 — NOT PRODUCT RELEASE APPROVAL,2,2,2,"Evidence-backed named-interface variant PC=56.0/100. The exact variant, intended use and exclusions are fixed; critical interface nominals come from a cited primary source; one exact hashed printer/material/nozzle/orientation/process baseline is pinned; acceptance criteria and a coupon/prototype method are defined. Independent dimensional and physical validation is still missing, so readiness stops at R3. Hard gates: G0 PASS; G1 PASS; G2 PASS; G3 PASS; G4 PASS; G5 PASS; G6 PASS",business/02-portfolio/research-ideas-r3-variants.csv,2026-09-04,1.3
SKU-520,C3 · R3 · K1 · Lane C · CONDITIONAL,C3,R3,K1,C,C,CONDITIONAL,GO_WITH_CONTROLS,STRUCTURED SPECIFIC-VARIANT PREFLIGHT R3 — NOT PRODUCT RELEASE APPROVAL,2,2,2,"Evidence-backed named-interface variant PC=56.0/100. The exact variant, intended use and exclusions are fixed; critical interface nominals come from a cited primary source; one exact hashed printer/material/nozzle/orientation/process baseline is pinned; acceptance criteria and a coupon/prototype method are defined. Independent dimensional and physical validation is still missing, so readiness stops at R3. Hard gates: G0 PASS; G1 PASS; G2 PASS; G3 PASS; G4 PASS; G5 PASS; G6 PASS",business/02-portfolio/research-ideas-r3-variants.csv,2026-09-04,1.3
SKU-521,C3 · R3 · K1 · Lane C · CONDITIONAL,C3,R3,K1,C,C,CONDITIONAL,GO_WITH_CONTROLS,STRUCTURED SPECIFIC-VARIANT PREFLIGHT R3 — NOT PRODUCT RELEASE APPROVAL,2,2,2,"Evidence-backed named-interface variant PC=56.0/100. The exact variant, intended use and exclusions are fixed; critical interface nominals come from a cited primary source; one exact hashed printer/material/nozzle/orientation/process baseline is pinned; acceptance criteria and a coupon/prototype method are defined. Independent dimensional and physical validation is still missing, so readiness stops at R3. Hard gates: G0 PASS; G1 PASS; G2 PASS; G3 PASS; G4 PASS; G5 PASS; G6 PASS",business/02-portfolio/research-ideas-r3-variants.csv,2026-09-04,1.3
SKU-522,C3 · R3 · K1 · Lane C · CONDITIONAL,C3,R3,K1,C,C,CONDITIONAL,GO_WITH_CONTROLS,STRUCTURED SPECIFIC-VARIANT PREFLIGHT R3 — NOT PRODUCT RELEASE APPROVAL,2,2,2,"Evidence-backed named-interface variant PC=56.0/100. The exact variant, intended use and exclusions are fixed; critical interface nominals come from a cited primary source; one exact hashed printer/material/nozzle/orientation/process baseline is pinned; acceptance criteria and a coupon/prototype method are defined. Independent dimensional and physical validation is still missing, so readiness stops at R3. Hard gates: G0 PASS; G1 PASS; G2 PASS; G3 PASS; G4 PASS; G5 PASS; G6 PASS",business/02-portfolio/research-ideas-r3-variants.csv,2026-09-04,1.3
SKU-523,C3 · R3 · K1 · Lane C · CONDITIONAL,C3,R3,K1,C,C,CONDITIONAL,GO_WITH_CONTROLS,STRUCTURED SPECIFIC-VARIANT PREFLIGHT R3 — NOT PRODUCT RELEASE APPROVAL,2,2,2,"Evidence-backed named-interface variant PC=41.5/100. The exact variant, intended use and exclusions are fixed; critical interface nominals come from a cited primary source; one exact hashed printer/material/nozzle/orientation/process baseline is pinned; acceptance criteria and a coupon/prototype method are defined. Independent dimensional and physical validation is still missing, so readiness stops at R3. Hard gates: G0 PASS; G1 PASS; G2 PASS; G3 PASS; G4 PASS; G5 PASS; G6 PASS",business/02-portfolio/research-ideas-r3-variants.csv,2026-09-04,1.3
SKU-524,C3 · R3 · K1 · Lane C · CONDITIONAL,C3,R3,K1,C,C,CONDITIONAL,GO_WITH_CONTROLS,STRUCTURED SPECIFIC-VARIANT PREFLIGHT R3 — NOT PRODUCT RELEASE APPROVAL,2,2,2,"Evidence-backed named-interface variant PC=41.5/100. The exact variant, intended use and exclusions are fixed; critical interface nominals come from a cited primary source; one exact hashed printer/material/nozzle/orientation/process baseline is pinned; acceptance criteria and a coupon/prototype method are defined. Independent dimensional and physical validation is still missing, so readiness stops at R3. Hard gates: G0 PASS; G1 PASS; G2 PASS; G3 PASS; G4 PASS; G5 PASS; G6 PASS",business/02-portfolio/research-ideas-r3-variants.csv,2026-09-04,1.3
SKU-525,C3 · R3 · K1 · Lane C · CONDITIONAL,C3,R3,K1,C,C,CONDITIONAL,GO_WITH_CONTROLS,STRUCTURED SPECIFIC-VARIANT PREFLIGHT R3 — NOT PRODUCT RELEASE APPROVAL,2,2,2,"Evidence-backed named-interface variant PC=41.5/100. The exact variant, intended use and exclusions are fixed; critical interface nominals come from a cited primary source; one exact hashed printer/material/nozzle/orientation/process baseline is pinned; acceptance criteria and a coupon/prototype method are defined. Independent dimensional and physical validation is still missing, so readiness stops at R3. Hard gates: G0 PASS; G1 PASS; G2 PASS; G3 PASS; G4 PASS; G5 PASS; G6 PASS",business/02-portfolio/research-ideas-r3-variants.csv,2026-09-04,1.3
SKU-526,C3 · R3 · K1 · Lane C · CONDITIONAL,C3,R3,K1,C,C,CONDITIONAL,GO_WITH_CONTROLS,STRUCTURED SPECIFIC-VARIANT PREFLIGHT R3 — NOT PRODUCT RELEASE APPROVAL,2,2,2,"Evidence-backed named-interface variant PC=41.5/100. The exact variant, intended use and exclusions are fixed; critical interface nominals come from a cited primary source; one exact hashed printer/material/nozzle/orientation/process baseline is pinned; acceptance criteria and a coupon/prototype method are defined. Independent dimensional and physical validation is still missing, so readiness stops at R3. Hard gates: G0 PASS; G1 PASS; G2 PASS; G3 PASS; G4 PASS; G5 PASS; G6 PASS",business/02-portfolio/research-ideas-r3-variants.csv,2026-09-04,1.3
SKU-527,C3 · R3 · K1 · Lane C · CONDITIONAL,C3,R3,K1,C,C,CONDITIONAL,GO_WITH_CONTROLS,STRUCTURED SPECIFIC-VARIANT PREFLIGHT R3 — NOT PRODUCT RELEASE APPROVAL,2,2,2,"Evidence-backed named-interface variant PC=41.5/100. The exact variant, intended use and exclusions are fixed; critical interface nominals come from a cited primary source; one exact hashed printer/material/nozzle/orientation/process baseline is pinned; acceptance criteria and a coupon/prototype method are defined. Independent dimensional and physical validation is still missing, so readiness stops at R3. Hard gates: G0 PASS; G1 PASS; G2 PASS; G3 PASS; G4 PASS; G5 PASS; G6 PASS",business/02-portfolio/research-ideas-r3-variants.csv,2026-09-04,1.3
SKU-528,C3 · R3 · K1 · Lane C · CONDITIONAL,C3,R3,K1,C,C,CONDITIONAL,GO_WITH_CONTROLS,STRUCTURED SPECIFIC-VARIANT PREFLIGHT R3 — NOT PRODUCT RELEASE APPROVAL,2,2,2,"Evidence-backed named-interface variant PC=41.5/100. The exact variant, intended use and exclusions are fixed; critical interface nominals come from a cited primary source; one exact hashed printer/material/nozzle/orientation/process baseline is pinned; acceptance criteria and a coupon/prototype method are defined. Independent dimensional and physical validation is still missing, so readiness stops at R3. Hard gates: G0 PASS; G1 PASS; G2 PASS; G3 PASS; G4 PASS; G5 PASS; G6 PASS",business/02-portfolio/research-ideas-r3-variants.csv,2026-09-04,1.3
SKU-529,C3 · R3 · K1 · Lane C · CONDITIONAL,C3,R3,K1,C,C,CONDITIONAL,GO_WITH_CONTROLS,STRUCTURED SPECIFIC-VARIANT PREFLIGHT R3 — NOT PRODUCT RELEASE APPROVAL,2,2,2,"Evidence-backed named-interface variant PC=43.25/100. The exact variant, intended use and exclusions are fixed; critical interface nominals come from a cited primary source; one exact hashed printer/material/nozzle/orientation/process baseline is pinned; acceptance criteria and a coupon/prototype method are defined. Independent dimensional and physical validation is still missing, so readiness stops at R3. Hard gates: G0 PASS; G1 PASS; G2 PASS; G3 PASS; G4 PASS; G5 PASS; G6 PASS",business/02-portfolio/research-ideas-r3-variants.csv,2026-09-04,1.3
SKU-530,C3 · R3 · K1 · Lane C · CONDITIONAL,C3,R3,K1,C,C,CONDITIONAL,GO_WITH_CONTROLS,STRUCTURED SPECIFIC-VARIANT PREFLIGHT R3 — NOT PRODUCT RELEASE APPROVAL,2,2,2,"Evidence-backed named-interface variant PC=43.25/100. The exact variant, intended use and exclusions are fixed; critical interface nominals come from a cited primary source; one exact hashed printer/material/nozzle/orientation/process baseline is pinned; acceptance criteria and a coupon/prototype method are defined. Independent dimensional and physical validation is still missing, so readiness stops at R3. Hard gates: G0 PASS; G1 PASS; G2 PASS; G3 PASS; G4 PASS; G5 PASS; G6 PASS",business/02-portfolio/research-ideas-r3-variants.csv,2026-09-04,1.3
SKU-531,C3 · R3 · K1 · Lane C · CONDITIONAL,C3,R3,K1,C,C,CONDITIONAL,GO_WITH_CONTROLS,STRUCTURED SPECIFIC-VARIANT PREFLIGHT R3 — NOT PRODUCT RELEASE APPROVAL,2,2,2,"Evidence-backed named-interface variant PC=43.25/100. The exact variant, intended use and exclusions are fixed; critical interface nominals come from a cited primary source; one exact hashed printer/material/nozzle/orientation/process baseline is pinned; acceptance criteria and a coupon/prototype method are defined. Independent dimensional and physical validation is still missing, so readiness stops at R3. Hard gates: G0 PASS; G1 PASS; G2 PASS; G3 PASS; G4 PASS; G5 PASS; G6 PASS",business/02-portfolio/research-ideas-r3-variants.csv,2026-09-04,1.3
SKU-532,C3 · R3 · K1 · Lane C · CONDITIONAL,C3,R3,K1,C,C,CONDITIONAL,GO_WITH_CONTROLS,STRUCTURED SPECIFIC-VARIANT PREFLIGHT R3 — NOT PRODUCT RELEASE APPROVAL,2,2,2,"Evidence-backed named-interface variant PC=43.25/100. The exact variant, intended use and exclusions are fixed; critical interface nominals come from a cited primary source; one exact hashed printer/material/nozzle/orientation/process baseline is pinned; acceptance criteria and a coupon/prototype method are defined. Independent dimensional and physical validation is still missing, so readiness stops at R3. Hard gates: G0 PASS; G1 PASS; G2 PASS; G3 PASS; G4 PASS; G5 PASS; G6 PASS",business/02-portfolio/research-ideas-r3-variants.csv,2026-09-04,1.3
SKU-533,C3 · R3 · K1 · Lane C · CONDITIONAL,C3,R3,K1,C,C,CONDITIONAL,GO_WITH_CONTROLS,STRUCTURED SPECIFIC-VARIANT PREFLIGHT R3 — NOT PRODUCT RELEASE APPROVAL,2,2,2,"Evidence-backed named-interface variant PC=43.25/100. The exact variant, intended use and exclusions are fixed; critical interface nominals come from a cited primary source; one exact hashed printer/material/nozzle/orientation/process baseline is pinned; acceptance criteria and a coupon/prototype method are defined. Independent dimensional and physical validation is still missing, so readiness stops at R3. Hard gates: G0 PASS; G1 PASS; G2 PASS; G3 PASS; G4 PASS; G5 PASS; G6 PASS",business/02-portfolio/research-ideas-r3-variants.csv,2026-09-04,1.3
SKU-534,C2 · R3 · K1 · Lane B · CONDITIONAL,C2,R3,K1,B,B,CONDITIONAL,GO_WITH_CONTROLS,STRUCTURED SPECIFIC-VARIANT PREFLIGHT R3 — NOT PRODUCT RELEASE APPROVAL,2,2,1,"Evidence-backed named-interface variant PC=37.75/100. The exact variant, intended use and exclusions are fixed; critical interface nominals come from a cited primary source; one exact hashed printer/material/nozzle/orientation/process baseline is pinned; acceptance criteria and a coupon/prototype method are defined. Independent dimensional and physical validation is still missing, so readiness stops at R3. Hard gates: G0 PASS; G1 PASS; G2 PASS; G3 PASS; G4 PASS; G5 PASS; G6 PASS",business/02-portfolio/research-ideas-r3-variants.csv,2026-09-04,1.3
SKU-535,C2 · R3 · K1 · Lane B · CONDITIONAL,C2,R3,K1,B,B,CONDITIONAL,GO_WITH_CONTROLS,STRUCTURED SPECIFIC-VARIANT PREFLIGHT R3 — NOT PRODUCT RELEASE APPROVAL,2,2,1,"Evidence-backed named-interface variant PC=37.75/100. The exact variant, intended use and exclusions are fixed; critical interface nominals come from a cited primary source; one exact hashed printer/material/nozzle/orientation/process baseline is pinned; acceptance criteria and a coupon/prototype method are defined. Independent dimensional and physical validation is still missing, so readiness stops at R3. Hard gates: G0 PASS; G1 PASS; G2 PASS; G3 PASS; G4 PASS; G5 PASS; G6 PASS",business/02-portfolio/research-ideas-r3-variants.csv,2026-09-04,1.3
SKU-536,C2 · R3 · K1 · Lane B · CONDITIONAL,C2,R3,K1,B,B,CONDITIONAL,GO_WITH_CONTROLS,STRUCTURED SPECIFIC-VARIANT PREFLIGHT R3 — NOT PRODUCT RELEASE APPROVAL,2,2,1,"Evidence-backed named-interface variant PC=37.75/100. The exact variant, intended use and exclusions are fixed; critical interface nominals come from a cited primary source; one exact hashed printer/material/nozzle/orientation/process baseline is pinned; acceptance criteria and a coupon/prototype method are defined. Independent dimensional and physical validation is still missing, so readiness stops at R3. Hard gates: G0 PASS; G1 PASS; G2 PASS; G3 PASS; G4 PASS; G5 PASS; G6 PASS",business/02-portfolio/research-ideas-r3-variants.csv,2026-09-04,1.3
SKU-537,C2 · R3 · K1 · Lane B · CONDITIONAL,C2,R3,K1,B,B,CONDITIONAL,GO_WITH_CONTROLS,STRUCTURED SPECIFIC-VARIANT PREFLIGHT R3 — NOT PRODUCT RELEASE APPROVAL,2,2,1,"Evidence-backed named-interface variant PC=37.75/100. The exact variant, intended use and exclusions are fixed; critical interface nominals come from a cited primary source; one exact hashed printer/material/nozzle/orientation/process baseline is pinned; acceptance criteria and a coupon/prototype method are defined. Independent dimensional and physical validation is still missing, so readiness stops at R3. Hard gates: G0 PASS; G1 PASS; G2 PASS; G3 PASS; G4 PASS; G5 PASS; G6 PASS",business/02-portfolio/research-ideas-r3-variants.csv,2026-09-04,1.3
SKU-538,C2 · R3 · K1 · Lane B · CONDITIONAL,C2,R3,K1,B,B,CONDITIONAL,GO_WITH_CONTROLS,STRUCTURED SPECIFIC-VARIANT PREFLIGHT R3 — NOT PRODUCT RELEASE APPROVAL,2,2,1,"Evidence-backed named-interface variant PC=37.75/100. The exact variant, intended use and exclusions are fixed; critical interface nominals come from a cited primary source; one exact hashed printer/material/nozzle/orientation/process baseline is pinned; acceptance criteria and a coupon/prototype method are defined. Independent dimensional and physical validation is still missing, so readiness stops at R3. Hard gates: G0 PASS; G1 PASS; G2 PASS; G3 PASS; G4 PASS; G5 PASS; G6 PASS",business/02-portfolio/research-ideas-r3-variants.csv,2026-09-04,1.3
SKU-539,C2 · R3 · K1 · Lane B · CONDITIONAL,C2,R3,K1,B,B,CONDITIONAL,GO_WITH_CONTROLS,STRUCTURED SPECIFIC-VARIANT PREFLIGHT R3 — NOT PRODUCT RELEASE APPROVAL,2,2,1,"Evidence-backed named-interface variant PC=37.75/100. The exact variant, intended use and exclusions are fixed; critical interface nominals come from a cited primary source; one exact hashed printer/material/nozzle/orientation/process baseline is pinned; acceptance criteria and a coupon/prototype method are defined. Independent dimensional and physical validation is still missing, so readiness stops at R3. Hard gates: G0 PASS; G1 PASS; G2 PASS; G3 PASS; G4 PASS; G5 PASS; G6 PASS",business/02-portfolio/research-ideas-r3-variants.csv,2026-09-04,1.3
SKU-540,C2 · R3 · K1 · Lane B · CONDITIONAL,C2,R3,K1,B,B,CONDITIONAL,GO_WITH_CONTROLS,STRUCTURED SPECIFIC-VARIANT PREFLIGHT R3 — NOT PRODUCT RELEASE APPROVAL,2,2,1,"Evidence-backed named-interface variant PC=32.75/100. The exact variant, intended use and exclusions are fixed; critical interface nominals come from a cited primary source; one exact hashed printer/material/nozzle/orientation/process baseline is pinned; acceptance criteria and a coupon/prototype method are defined. Independent dimensional and physical validation is still missing, so readiness stops at R3. Hard gates: G0 PASS; G1 PASS; G2 PASS; G3 PASS; G4 PASS; G5 PASS; G6 PASS",business/02-portfolio/research-ideas-r3-variants.csv,2026-09-04,1.3
SKU-541,C2 · R3 · K1 · Lane B · CONDITIONAL,C2,R3,K1,B,B,CONDITIONAL,GO_WITH_CONTROLS,STRUCTURED SPECIFIC-VARIANT PREFLIGHT R3 — NOT PRODUCT RELEASE APPROVAL,2,2,1,"Evidence-backed named-interface variant PC=32.75/100. The exact variant, intended use and exclusions are fixed; critical interface nominals come from a cited primary source; one exact hashed printer/material/nozzle/orientation/process baseline is pinned; acceptance criteria and a coupon/prototype method are defined. Independent dimensional and physical validation is still missing, so readiness stops at R3. Hard gates: G0 PASS; G1 PASS; G2 PASS; G3 PASS; G4 PASS; G5 PASS; G6 PASS",business/02-portfolio/research-ideas-r3-variants.csv,2026-09-04,1.3
SKU-542,C2 · R3 · K1 · Lane B · CONDITIONAL,C2,R3,K1,B,B,CONDITIONAL,GO_WITH_CONTROLS,STRUCTURED SPECIFIC-VARIANT PREFLIGHT R3 — NOT PRODUCT RELEASE APPROVAL,2,2,1,"Evidence-backed named-interface variant PC=32.75/100. The exact variant, intended use and exclusions are fixed; critical interface nominals come from a cited primary source; one exact hashed printer/material/nozzle/orientation/process baseline is pinned; acceptance criteria and a coupon/prototype method are defined. Independent dimensional and physical validation is still missing, so readiness stops at R3. Hard gates: G0 PASS; G1 PASS; G2 PASS; G3 PASS; G4 PASS; G5 PASS; G6 PASS",business/02-portfolio/research-ideas-r3-variants.csv,2026-09-04,1.3
SKU-543,C2 · R3 · K1 · Lane B · CONDITIONAL,C2,R3,K1,B,B,CONDITIONAL,GO_WITH_CONTROLS,STRUCTURED SPECIFIC-VARIANT PREFLIGHT R3 — NOT PRODUCT RELEASE APPROVAL,2,2,1,"Evidence-backed named-interface variant PC=32.75/100. The exact variant, intended use and exclusions are fixed; critical interface nominals come from a cited primary source; one exact hashed printer/material/nozzle/orientation/process baseline is pinned; acceptance criteria and a coupon/prototype method are defined. Independent dimensional and physical validation is still missing, so readiness stops at R3. Hard gates: G0 PASS; G1 PASS; G2 PASS; G3 PASS; G4 PASS; G5 PASS; G6 PASS",business/02-portfolio/research-ideas-r3-variants.csv,2026-09-04,1.3
SKU-544,C2 · R3 · K1 · Lane B · CONDITIONAL,C2,R3,K1,B,B,CONDITIONAL,GO_WITH_CONTROLS,STRUCTURED SPECIFIC-VARIANT PREFLIGHT R3 — NOT PRODUCT RELEASE APPROVAL,2,2,1,"Evidence-backed named-interface variant PC=32.75/100. The exact variant, intended use and exclusions are fixed; critical interface nominals come from a cited primary source; one exact hashed printer/material/nozzle/orientation/process baseline is pinned; acceptance criteria and a coupon/prototype method are defined. Independent dimensional and physical validation is still missing, so readiness stops at R3. Hard gates: G0 PASS; G1 PASS; G2 PASS; G3 PASS; G4 PASS; G5 PASS; G6 PASS",business/02-portfolio/research-ideas-r3-variants.csv,2026-09-04,1.3
SKU-545,C3 · R3 · K1 · Lane C · CONDITIONAL,C3,R3,K1,C,C,CONDITIONAL,GO_WITH_CONTROLS,STRUCTURED SPECIFIC-VARIANT PREFLIGHT R3 — NOT PRODUCT RELEASE APPROVAL,2,3,2,"Evidence-backed named-interface variant PC=56.0/100. The exact variant, intended use and exclusions are fixed; critical interface nominals come from a cited primary source; one exact hashed printer/material/nozzle/orientation/process baseline is pinned; acceptance criteria and a coupon/prototype method are defined. Independent dimensional and physical validation is still missing, so readiness stops at R3. Hard gates: G0 PASS; G1 PASS; G2 PASS; G3 PASS; G4 PASS; G5 PASS; G6 PASS",business/02-portfolio/research-ideas-r3-variants.csv,2026-09-04,1.3
SKU-546,C3 · R3 · K1 · Lane C · CONDITIONAL,C3,R3,K1,C,C,CONDITIONAL,GO_WITH_CONTROLS,STRUCTURED SPECIFIC-VARIANT PREFLIGHT R3 — NOT PRODUCT RELEASE APPROVAL,2,3,2,"Evidence-backed named-interface variant PC=56.0/100. The exact variant, intended use and exclusions are fixed; critical interface nominals come from a cited primary source; one exact hashed printer/material/nozzle/orientation/process baseline is pinned; acceptance criteria and a coupon/prototype method are defined. Independent dimensional and physical validation is still missing, so readiness stops at R3. Hard gates: G0 PASS; G1 PASS; G2 PASS; G3 PASS; G4 PASS; G5 PASS; G6 PASS",business/02-portfolio/research-ideas-r3-variants.csv,2026-09-04,1.3
SKU-547,C3 · R3 · K1 · Lane C · CONDITIONAL,C3,R3,K1,C,C,CONDITIONAL,GO_WITH_CONTROLS,STRUCTURED SPECIFIC-VARIANT PREFLIGHT R3 — NOT PRODUCT RELEASE APPROVAL,2,3,2,"Evidence-backed named-interface variant PC=56.0/100. The exact variant, intended use and exclusions are fixed; critical interface nominals come from a cited primary source; one exact hashed printer/material/nozzle/orientation/process baseline is pinned; acceptance criteria and a coupon/prototype method are defined. Independent dimensional and physical validation is still missing, so readiness stops at R3. Hard gates: G0 PASS; G1 PASS; G2 PASS; G3 PASS; G4 PASS; G5 PASS; G6 PASS",business/02-portfolio/research-ideas-r3-variants.csv,2026-09-04,1.3
SKU-548,C3 · R3 · K1 · Lane C · CONDITIONAL,C3,R3,K1,C,C,CONDITIONAL,GO_WITH_CONTROLS,STRUCTURED SPECIFIC-VARIANT PREFLIGHT R3 — NOT PRODUCT RELEASE APPROVAL,2,3,2,"Evidence-backed named-interface variant PC=56.0/100. The exact variant, intended use and exclusions are fixed; critical interface nominals come from a cited primary source; one exact hashed printer/material/nozzle/orientation/process baseline is pinned; acceptance criteria and a coupon/prototype method are defined. Independent dimensional and physical validation is still missing, so readiness stops at R3. Hard gates: G0 PASS; G1 PASS; G2 PASS; G3 PASS; G4 PASS; G5 PASS; G6 PASS",business/02-portfolio/research-ideas-r3-variants.csv,2026-09-04,1.3
SKU-549,C3 · R3 · K1 · Lane C · CONDITIONAL,C3,R3,K1,C,C,CONDITIONAL,GO_WITH_CONTROLS,STRUCTURED SPECIFIC-VARIANT PREFLIGHT R3 — NOT PRODUCT RELEASE APPROVAL,2,3,2,"Evidence-backed named-interface variant PC=56.0/100. The exact variant, intended use and exclusions are fixed; critical interface nominals come from a cited primary source; one exact hashed printer/material/nozzle/orientation/process baseline is pinned; acceptance criteria and a coupon/prototype method are defined. Independent dimensional and physical validation is still missing, so readiness stops at R3. Hard gates: G0 PASS; G1 PASS; G2 PASS; G3 PASS; G4 PASS; G5 PASS; G6 PASS",business/02-portfolio/research-ideas-r3-variants.csv,2026-09-04,1.3
SKU-550,C3 · R3 · K1 · Lane C · CONDITIONAL,C3,R3,K1,C,C,CONDITIONAL,GO_WITH_CONTROLS,STRUCTURED SPECIFIC-VARIANT PREFLIGHT R3 — NOT PRODUCT RELEASE APPROVAL,2,3,2,"Evidence-backed named-interface variant PC=56.0/100. The exact variant, intended use and exclusions are fixed; critical interface nominals come from a cited primary source; one exact hashed printer/material/nozzle/orientation/process baseline is pinned; acceptance criteria and a coupon/prototype method are defined. Independent dimensional and physical validation is still missing, so readiness stops at R3. Hard gates: G0 PASS; G1 PASS; G2 PASS; G3 PASS; G4 PASS; G5 PASS; G6 PASS",business/02-portfolio/research-ideas-r3-variants.csv,2026-09-04,1.3
SKU-551,C2 · R3 · K1 · Lane B · CONDITIONAL,C2,R3,K1,B,B,CONDITIONAL,GO_WITH_CONTROLS,STRUCTURED SPECIFIC-VARIANT PREFLIGHT R3 — NOT PRODUCT RELEASE APPROVAL,2,2,1,"Evidence-backed named-interface variant PC=39.0/100. The exact variant, intended use and exclusions are fixed; critical interface nominals come from a cited primary source; one exact hashed printer/material/nozzle/orientation/process baseline is pinned; acceptance criteria and a coupon/prototype method are defined. Independent dimensional and physical validation is still missing, so readiness stops at R3. Hard gates: G0 PASS; G1 PASS; G2 PASS; G3 PASS; G4 PASS; G5 PASS; G6 PASS",business/02-portfolio/research-ideas-r3-variants.csv,2026-09-04,1.3
SKU-552,C2 · R3 · K1 · Lane B · CONDITIONAL,C2,R3,K1,B,B,CONDITIONAL,GO_WITH_CONTROLS,STRUCTURED SPECIFIC-VARIANT PREFLIGHT R3 — NOT PRODUCT RELEASE APPROVAL,2,2,1,"Evidence-backed named-interface variant PC=39.0/100. The exact variant, intended use and exclusions are fixed; critical interface nominals come from a cited primary source; one exact hashed printer/material/nozzle/orientation/process baseline is pinned; acceptance criteria and a coupon/prototype method are defined. Independent dimensional and physical validation is still missing, so readiness stops at R3. Hard gates: G0 PASS; G1 PASS; G2 PASS; G3 PASS; G4 PASS; G5 PASS; G6 PASS",business/02-portfolio/research-ideas-r3-variants.csv,2026-09-04,1.3
SKU-553,C2 · R3 · K1 · Lane B · CONDITIONAL,C2,R3,K1,B,B,CONDITIONAL,GO_WITH_CONTROLS,STRUCTURED SPECIFIC-VARIANT PREFLIGHT R3 — NOT PRODUCT RELEASE APPROVAL,2,2,1,"Evidence-backed named-interface variant PC=39.0/100. The exact variant, intended use and exclusions are fixed; critical interface nominals come from a cited primary source; one exact hashed printer/material/nozzle/orientation/process baseline is pinned; acceptance criteria and a coupon/prototype method are defined. Independent dimensional and physical validation is still missing, so readiness stops at R3. Hard gates: G0 PASS; G1 PASS; G2 PASS; G3 PASS; G4 PASS; G5 PASS; G6 PASS",business/02-portfolio/research-ideas-r3-variants.csv,2026-09-04,1.3
SKU-554,C2 · R3 · K1 · Lane B · CONDITIONAL,C2,R3,K1,B,B,CONDITIONAL,GO_WITH_CONTROLS,STRUCTURED SPECIFIC-VARIANT PREFLIGHT R3 — NOT PRODUCT RELEASE APPROVAL,2,2,1,"Evidence-backed named-interface variant PC=39.0/100. The exact variant, intended use and exclusions are fixed; critical interface nominals come from a cited primary source; one exact hashed printer/material/nozzle/orientation/process baseline is pinned; acceptance criteria and a coupon/prototype method are defined. Independent dimensional and physical validation is still missing, so readiness stops at R3. Hard gates: G0 PASS; G1 PASS; G2 PASS; G3 PASS; G4 PASS; G5 PASS; G6 PASS",business/02-portfolio/research-ideas-r3-variants.csv,2026-09-04,1.3
SKU-555,C2 · R3 · K1 · Lane B · CONDITIONAL,C2,R3,K1,B,B,CONDITIONAL,GO_WITH_CONTROLS,STRUCTURED SPECIFIC-VARIANT PREFLIGHT R3 — NOT PRODUCT RELEASE APPROVAL,2,2,1,"Evidence-backed named-interface variant PC=39.0/100. The exact variant, intended use and exclusions are fixed; critical interface nominals come from a cited primary source; one exact hashed printer/material/nozzle/orientation/process baseline is pinned; acceptance criteria and a coupon/prototype method are defined. Independent dimensional and physical validation is still missing, so readiness stops at R3. Hard gates: G0 PASS; G1 PASS; G2 PASS; G3 PASS; G4 PASS; G5 PASS; G6 PASS",business/02-portfolio/research-ideas-r3-variants.csv,2026-09-04,1.3
SKU-556,C2 · R3 · K1 · Lane B · CONDITIONAL,C2,R3,K1,B,B,CONDITIONAL,GO_WITH_CONTROLS,STRUCTURED SPECIFIC-VARIANT PREFLIGHT R3 — NOT PRODUCT RELEASE APPROVAL,2,2,1,"Evidence-backed named-interface variant PC=39.0/100. The exact variant, intended use and exclusions are fixed; critical interface nominals come from a cited primary source; one exact hashed printer/material/nozzle/orientation/process baseline is pinned; acceptance criteria and a coupon/prototype method are defined. Independent dimensional and physical validation is still missing, so readiness stops at R3. Hard gates: G0 PASS; G1 PASS; G2 PASS; G3 PASS; G4 PASS; G5 PASS; G6 PASS",business/02-portfolio/research-ideas-r3-variants.csv,2026-09-04,1.3
SKU-557,C2 · R3 · K1 · Lane B · CONDITIONAL,C2,R3,K1,B,B,CONDITIONAL,GO_WITH_CONTROLS,STRUCTURED SPECIFIC-VARIANT PREFLIGHT R3 — NOT PRODUCT RELEASE APPROVAL,2,2,1,"Evidence-backed named-interface variant PC=39.0/100. The exact variant, intended use and exclusions are fixed; critical interface nominals come from a cited primary source; one exact hashed printer/material/nozzle/orientation/process baseline is pinned; acceptance criteria and a coupon/prototype method are defined. Independent dimensional and physical validation is still missing, so readiness stops at R3. Hard gates: G0 PASS; G1 PASS; G2 PASS; G3 PASS; G4 PASS; G5 PASS; G6 PASS",business/02-portfolio/research-ideas-r3-variants.csv,2026-09-04,1.3
