Implementation_Order,New_Build_Rank,Next_Candidate_Rank,SKU_ID,Product,Product_Family,Implementation_Status,Mapped_Working_SKU,Decision_Tier,Priority_Score_0_100,Creation_Effort_1_5,Validation_Effort_1_5,Commercial_Risk_1_5,Trend_Score_0_100,Estimated_Market_Fit_1_5,Market_Evidence_Confidence_1_5,Strategy_Fit_1_5,AM_Differentiation_1_5,Portfolio_Leverage_1_5,Digital_First_Fit_1_5,Economics_1_5,Source_IDs,Scoring_Rationale,Next_Action,Scored_On,Scoring_Version,Score_Status
1,,,SKU-001,Exact-fit drawer grid organizer,Custom desk & drawer organizers,MODEL_EXISTS,MM-ORG-001,0 FINISH CURRENT VALIDATION,91.0,2,3,1,96.0,5,3,5,5,5,4,5,S05; S06; S11; S19,"Estimated market fit 5/5 with evidence confidence 3/5; strategy fit 5/5; additive differentiation 5/5; portfolio leverage 5/5; creation effort 2/5, validation effort 3/5 and commercial risk 1/5.","Do not start another model first; close slicer, physical, rights and commercial evidence. Existing next gate: Build parametric layout generator and 3 drawer pilot set",2026-09-04,1.3,PLANNING ESTIMATE — NOT RELEASE APPROVAL
2,,,SKU-002,Modular desktop tray system,Custom desk & drawer organizers,MODEL_EXISTS,MM-ORG-004,0 FINISH CURRENT VALIDATION,97.0,1,1,1,95.0,5,3,5,5,5,4,5,S05; S06; S11; S19,"Estimated market fit 5/5 with evidence confidence 3/5; strategy fit 5/5; additive differentiation 5/5; portfolio leverage 5/5; creation effort 1/5, validation effort 1/5 and commercial risk 1/5.","Do not start another model first; close slicer, physical, rights and commercial evidence. Existing next gate: Prototype three visual styles and module interface",2026-09-04,1.3,PLANNING ESTIMATE — NOT RELEASE APPROVAL
3,,,SKU-003,Desk-edge cable clip kit,Cable-management systems,MODEL_EXISTS,MM-ORG-005,0 FINISH CURRENT VALIDATION,97.0,1,1,1,95.0,5,2,5,5,5,5,5,S05; S09; S11; S19,"Estimated market fit 5/5 with evidence confidence 2/5; strategy fit 5/5; additive differentiation 5/5; portfolio leverage 5/5; creation effort 1/5, validation effort 1/5 and commercial risk 1/5.","Do not start another model first; close slicer, physical, rights and commercial evidence. Existing next gate: Create diameter/thickness wizard and test matrix",2026-09-04,1.3,PLANNING ESTIMATE — NOT RELEASE APPROVAL
4,,,SKU-005,Adjustable passive phone stand,Phone/tablet stands & passive docks,MODEL_EXISTS,MM-ORG-007,0 FINISH CURRENT VALIDATION,90.0,2,2,1,93.0,5,2,4,5,5,5,5,S03; S05; S09; S11; S19,"Estimated market fit 5/5 with evidence confidence 2/5; strategy fit 4/5; additive differentiation 5/5; portfolio leverage 5/5; creation effort 2/5, validation effort 2/5 and commercial risk 1/5.","Do not start another model first; close slicer, physical, rights and commercial evidence. Existing next gate: Prototype three hinge detent profiles",2026-09-04,1.3,PLANNING ESTIMATE — NOT RELEASE APPROVAL
5,,,SKU-004,Charging-cable docking bar,Cable-management systems,MODEL_EXISTS,MM-ORG-006,0 FINISH CURRENT VALIDATION,92.0,2,2,1,94.0,5,2,5,5,5,4,5,S05; S09; S11; S19,"Estimated market fit 5/5 with evidence confidence 2/5; strategy fit 5/5; additive differentiation 5/5; portfolio leverage 5/5; creation effort 2/5, validation effort 2/5 and commercial risk 1/5.","Do not start another model first; close slicer, physical, rights and commercial evidence. Existing next gate: Develop interchangeable TPU insert family",2026-09-04,1.3,PLANNING ESTIMATE — NOT RELEASE APPROVAL
6,,,SKU-006,Custom lipstick and tube grid,Makeup & vanity organizers,MODEL_EXISTS,MM-ORG-008,0 FINISH CURRENT VALIDATION,95.0,1,1,1,92.0,5,3,4,5,5,5,5,S07; S11; S19,"Estimated market fit 5/5 with evidence confidence 3/5; strategy fit 4/5; additive differentiation 5/5; portfolio leverage 5/5; creation effort 1/5, validation effort 1/5 and commercial risk 1/5.","Do not start another model first; close slicer, physical, rights and commercial evidence. Existing next gate: Create diameter capture guide and sample fit ring",2026-09-04,1.3,PLANNING ESTIMATE — NOT RELEASE APPROVAL
7,,,SKU-007,Vertical makeup-palette organizer,Makeup & vanity organizers,MODEL_EXISTS,MM-ORG-025,0 FINISH CURRENT VALIDATION,91.0,1,1,1,91.0,4,3,4,5,5,5,5,S07; S11; S19,"Estimated market fit 4/5 with evidence confidence 3/5; strategy fit 4/5; additive differentiation 5/5; portfolio leverage 5/5; creation effort 1/5, validation effort 1/5 and commercial risk 1/5.","Print the declared first-fit coupon or gauge, then the unchanged candidate; record physical fit, use, cycle, safety, rights and commercial-release evidence.",2026-09-04,1.3,PLANNING ESTIMATE — NOT RELEASE APPROVAL
8,,,SKU-014,Personalized desk nameplate,"Personalized signs, house numbers & event decor",MODEL_EXISTS,MM-ORG-026,0 FINISH CURRENT VALIDATION,91.0,1,1,1,84.0,4,3,4,5,5,5,5,S01; S04; S11; S16; S24,"Estimated market fit 4/5 with evidence confidence 3/5; strategy fit 4/5; additive differentiation 5/5; portfolio leverage 5/5; creation effort 1/5, validation effort 1/5 and commercial risk 1/5.","Print the declared first-fit coupon or gauge, then the unchanged candidate; record physical fit, use, cycle, safety, rights and commercial-release evidence.",2026-09-04,1.3,PLANNING ESTIMATE — NOT RELEASE APPROVAL
9,,,SKU-018,Personalized pen and stationery caddy,Custom desk & drawer organizers,MODEL_EXISTS,MM-ORG-010,0 FINISH CURRENT VALIDATION,96.0,1,1,1,94.0,5,3,5,4,5,5,5,S05; S06; S11; S19,"Estimated market fit 5/5 with evidence confidence 3/5; strategy fit 5/5; additive differentiation 4/5; portfolio leverage 5/5; creation effort 1/5, validation effort 1/5 and commercial risk 1/5.","Print the declared first-fit coupon or gauge, then the unchanged candidate; record physical fit, use, cycle, safety, rights and commercial-release evidence.",2026-09-04,1.3,PLANNING ESTIMATE — NOT RELEASE APPROVAL
10,,,SKU-023,Labelable small-parts bin set,Custom desk & drawer organizers,MODEL_EXISTS,MM-ORG-022,0 FINISH CURRENT VALIDATION,91.8,2,2,2,95.0,5,3,5,5,5,5,5,S05; S06; S11; S19,"Estimated market fit 5/5 with evidence confidence 3/5; strategy fit 5/5; additive differentiation 5/5; portfolio leverage 5/5; creation effort 2/5, validation effort 2/5 and commercial risk 2/5.","Print the declared first-fit coupon or gauge, then the unchanged candidate; record physical fit, use, cycle, safety, rights and commercial-release evidence.",2026-09-04,1.3,PLANNING ESTIMATE — NOT RELEASE APPROVAL
11,,,SKU-024,Vinyl record-divider label set,"Bookends, vinyl & display stands",MODEL_EXISTS,MM-ORG-027,0 FINISH CURRENT VALIDATION,91.0,1,1,1,78.0,4,3,4,5,5,5,5,S01; S04; S11; S19,"Estimated market fit 4/5 with evidence confidence 3/5; strategy fit 4/5; additive differentiation 5/5; portfolio leverage 5/5; creation effort 1/5, validation effort 1/5 and commercial risk 1/5.","Print the declared first-fit coupon or gauge, then the unchanged candidate; record physical fit, use, cycle, safety, rights and commercial-release evidence.",2026-09-04,1.3,PLANNING ESTIMATE — NOT RELEASE APPROVAL
12,,,SKU-025,Snap-on journal pen loop,Journaling & stationery accessories,MODEL_EXISTS,MM-ORG-034,0 FINISH CURRENT VALIDATION,89.0,2,3,1,78.0,5,4,4,5,5,4,5,S01; S04; S11; S16,"Estimated market fit 5/5 with evidence confidence 4/5; strategy fit 4/5; additive differentiation 5/5; portfolio leverage 5/5; creation effort 2/5, validation effort 3/5 and commercial risk 1/5.","Print the declared first-fit coupon or gauge, then the unchanged candidate; record physical fit, use, cycle, safety, rights and commercial-release evidence.",2026-09-04,1.3,PLANNING ESTIMATE — NOT RELEASE APPROVAL
13,,,SKU-026,Stencil-ruler bookmark set,Journaling & stationery accessories,MODEL_EXISTS,MM-ORG-016,0 FINISH CURRENT VALIDATION,94.0,1,2,1,78.0,5,4,4,5,5,5,5,S01; S04; S11; S16,"Estimated market fit 5/5 with evidence confidence 4/5; strategy fit 4/5; additive differentiation 5/5; portfolio leverage 5/5; creation effort 1/5, validation effort 2/5 and commercial risk 1/5.","Print the declared first-fit coupon or gauge, then the unchanged candidate; record physical fit, use, cycle, safety, rights and commercial-release evidence.",2026-09-04,1.3,PLANNING ESTIMATE — NOT RELEASE APPROVAL
14,,,SKU-047,Stamp and ink-pad desk organizer,Journaling & stationery accessories,MODEL_EXISTS,MM-ORG-035,0 FINISH CURRENT VALIDATION,88.8,2,2,2,77.0,5,4,4,5,5,5,4,S01; S04; S11; S16,"Estimated market fit 5/5 with evidence confidence 4/5; strategy fit 4/5; additive differentiation 5/5; portfolio leverage 5/5; creation effort 2/5, validation effort 2/5 and commercial risk 2/5.","Print the declared first-fit coupon or gauge, then the unchanged candidate; record physical fit, use, cycle, safety, rights and commercial-release evidence.",2026-09-04,1.3,PLANNING ESTIMATE — NOT RELEASE APPROVAL
15,,,SKU-053,Page-holder thumb tool,Journaling & stationery accessories,MODEL_EXISTS,MM-ORG-023,0 FINISH CURRENT VALIDATION,91.8,1,2,2,78.0,5,4,4,5,5,5,5,S01; S04; S11; S16,"Estimated market fit 5/5 with evidence confidence 4/5; strategy fit 4/5; additive differentiation 5/5; portfolio leverage 5/5; creation effort 1/5, validation effort 2/5 and commercial risk 2/5.","Print the declared first-fit coupon or gauge, then the unchanged candidate; record physical fit, use, cycle, safety, rights and commercial-release evidence.",2026-09-04,1.3,PLANNING ESTIMATE — NOT RELEASE APPROVAL
16,,,SKU-101,Irregular-corner drawer organizer infill,Exact-fit drawer extensions,MODEL_EXISTS,MM-ORG-030,0 FINISH CURRENT VALIDATION,86.8,2,3,2,86.0,5,3,5,5,5,4,3,S31; S11; S19; S32,"Estimated market fit 5/5 with evidence confidence 3/5; strategy fit 5/5; additive differentiation 5/5; portfolio leverage 5/5; creation effort 2/5, validation effort 3/5 and commercial risk 2/5.","Print the declared first-fit coupon or gauge, then the unchanged candidate; record physical fit, use, cycle, safety, rights and commercial-release evidence.",2026-09-04,1.3,PLANNING ESTIMATE — NOT RELEASE APPROVAL
17,,,SKU-102,Tapered drawer perimeter filler rail set,Exact-fit drawer extensions,MODEL_EXISTS,MM-ORG-009,0 FINISH CURRENT VALIDATION,94.0,1,2,1,86.0,5,3,5,5,5,5,3,S31; S11; S19; S32,"Estimated market fit 5/5 with evidence confidence 3/5; strategy fit 5/5; additive differentiation 5/5; portfolio leverage 5/5; creation effort 1/5, validation effort 2/5 and commercial risk 1/5.","Do not start another model first; close slicer, physical, rights and commercial evidence. Existing next gate: Print a taper gauge; verify removal grip and three drawer finishes.",2026-09-04,1.3,PLANNING ESTIMATE — NOT RELEASE APPROVAL
18,,,SKU-104,Deep-drawer height riser platform,Exact-fit drawer extensions,MODEL_EXISTS,MM-ORG-036,0 FINISH CURRENT VALIDATION,88.8,1,3,2,88.0,5,3,5,5,5,4,3,S31; S11; S19; S32,"Estimated market fit 5/5 with evidence confidence 3/5; strategy fit 5/5; additive differentiation 5/5; portfolio leverage 5/5; creation effort 1/5, validation effort 3/5 and commercial risk 2/5.","Print the declared first-fit coupon or gauge, then the unchanged candidate; record physical fit, use, cycle, safety, rights and commercial-release evidence.",2026-09-04,1.3,PLANNING ESTIMATE — NOT RELEASE APPROVAL
19,,,SKU-105,Adapter-and-dongle drawer cassette,Electronics-accessory organization,MODEL_EXISTS,MM-ORG-015,0 FINISH CURRENT VALIDATION,91.8,1,2,2,88.0,5,3,5,5,5,4,4,S31; S09; S11; S19; S32,"Estimated market fit 5/5 with evidence confidence 3/5; strategy fit 5/5; additive differentiation 5/5; portfolio leverage 5/5; creation effort 1/5, validation effort 2/5 and commercial risk 2/5.","Print the declared first-fit coupon or gauge, then the unchanged candidate; record physical fit, use, cycle, safety, rights and commercial-release evidence.",2026-09-04,1.3,PLANNING ESTIMATE — NOT RELEASE APPROVAL
20,,,SKU-107,Sewing bobbin and presser-foot drawer cassette,Sewing and needlecraft organization,MODEL_EXISTS,MM-ORG-037,0 FINISH CURRENT VALIDATION,88.8,1,3,2,96.0,5,3,5,5,5,4,3,S33; S31; S11; S19; S32,"Estimated market fit 5/5 with evidence confidence 3/5; strategy fit 5/5; additive differentiation 5/5; portfolio leverage 5/5; creation effort 1/5, validation effort 3/5 and commercial risk 2/5.","Print the declared first-fit coupon or gauge, then the unchanged candidate; record physical fit, use, cycle, safety, rights and commercial-release evidence.",2026-09-04,1.3,PLANNING ESTIMATE — NOT RELEASE APPROVAL
21,,,SKU-109,Coin-capsule and medal drawer cassette,Collector drawer organization,MODEL_EXISTS,MM-ORG-039,0 FINISH CURRENT VALIDATION,87.8,1,2,2,91.0,5,3,4,5,5,3,4,S34; S31; S11; S19; S32,"Estimated market fit 5/5 with evidence confidence 3/5; strategy fit 4/5; additive differentiation 5/5; portfolio leverage 5/5; creation effort 1/5, validation effort 2/5 and commercial risk 2/5.","Print the declared first-fit coupon or gauge, then the unchanged candidate; record physical fit, use, cycle, safety, rights and commercial-release evidence.",2026-09-04,1.3,PLANNING ESTIMATE — NOT RELEASE APPROVAL
22,,,SKU-112,Photo and postcard archive drawer divider,Memory-keeping organization,MODEL_EXISTS,MM-ORG-013,0 FINISH CURRENT VALIDATION,95.0,1,1,1,98.0,5,4,5,5,5,3,3,S01; S31; S33; S11; S19; S32,"Estimated market fit 5/5 with evidence confidence 4/5; strategy fit 5/5; additive differentiation 5/5; portfolio leverage 5/5; creation effort 1/5, validation effort 1/5 and commercial risk 1/5.","Print the declared first-fit coupon or gauge, then the unchanged candidate; record physical fit, use, cycle, safety, rights and commercial-release evidence.",2026-09-04,1.3,PLANNING ESTIMATE — NOT RELEASE APPROVAL
23,,,SKU-115,Drawer measurement gauge and clearance coupon kit,Measurement and fit tools,MODEL_EXISTS,MM-ORG-018,0 FINISH CURRENT VALIDATION,90.0,1,2,1,88.0,5,3,5,3,5,5,3,S31; S11; S19; S32,"Estimated market fit 5/5 with evidence confidence 3/5; strategy fit 5/5; additive differentiation 3/5; portfolio leverage 5/5; creation effort 1/5, validation effort 2/5 and commercial risk 1/5.","Print the declared first-fit coupon or gauge, then the unchanged candidate; record physical fit, use, cycle, safety, rights and commercial-release evidence.",2026-09-04,1.3,PLANNING ESTIMATE — NOT RELEASE APPROVAL
24,,,SKU-118,Deep-shelf pull-tab bin front,ShelfFit accessories,MODEL_EXISTS,MM-ORG-024,0 FINISH CURRENT VALIDATION,88.8,1,3,2,88.0,5,3,5,5,5,4,3,S31; S11; S19; S32,"Estimated market fit 5/5 with evidence confidence 3/5; strategy fit 5/5; additive differentiation 5/5; portfolio leverage 5/5; creation effort 1/5, validation effort 3/5 and commercial risk 2/5.","Print the declared first-fit coupon or gauge, then the unchanged candidate; record physical fit, use, cycle, safety, rights and commercial-release evidence.",2026-09-04,1.3,PLANNING ESTIMATE — NOT RELEASE APPROVAL
25,,,SKU-123,Shelf-side e-reader and book dock,Reading and shelf organization,MODEL_EXISTS,MM-ORG-031,0 FINISH CURRENT VALIDATION,89.8,1,2,2,94.0,5,3,5,5,5,3,3,S01; S31; S11; S19; S32,"Estimated market fit 5/5 with evidence confidence 3/5; strategy fit 5/5; additive differentiation 5/5; portfolio leverage 5/5; creation effort 1/5, validation effort 2/5 and commercial risk 2/5.","Print the declared first-fit coupon or gauge, then the unchanged candidate; record physical fit, use, cycle, safety, rights and commercial-release evidence.",2026-09-04,1.3,PLANNING ESTIMATE — NOT RELEASE APPROVAL
26,,,SKU-125,Wardrobe belt and scarf shelf comb,Wardrobe and shelf organization,MODEL_EXISTS,MM-ORG-020,0 FINISH CURRENT VALIDATION,92.0,1,1,1,91.0,5,3,5,3,5,4,4,S31; S11; S19; S32,"Estimated market fit 5/5 with evidence confidence 3/5; strategy fit 5/5; additive differentiation 3/5; portfolio leverage 5/5; creation effort 1/5, validation effort 1/5 and commercial risk 1/5.","Print the declared first-fit coupon or gauge, then the unchanged candidate; record physical fit, use, cycle, safety, rights and commercial-release evidence.",2026-09-04,1.3,PLANNING ESTIMATE — NOT RELEASE APPROVAL
27,,,SKU-147,Paired thread-and-bobbin rack,Sewing and needlecraft organization,MODEL_EXISTS,MM-ORG-032,0 FINISH CURRENT VALIDATION,89.8,1,2,2,91.0,5,3,5,5,5,3,3,S33; S11; S19; S32,"Estimated market fit 5/5 with evidence confidence 3/5; strategy fit 5/5; additive differentiation 5/5; portfolio leverage 5/5; creation effort 1/5, validation effort 2/5 and commercial risk 2/5.","Print the declared first-fit coupon or gauge, then the unchanged candidate; record physical fit, use, cycle, safety, rights and commercial-release evidence.",2026-09-04,1.3,PLANNING ESTIMATE — NOT RELEASE APPROVAL
28,,,SKU-148,Embroidery-floss project palette dock,Sewing and needlecraft organization,MODEL_EXISTS,MM-ORG-014,0 FINISH CURRENT VALIDATION,95.0,1,1,1,93.0,5,3,5,5,5,4,3,S33; S01; S11; S19; S32,"Estimated market fit 5/5 with evidence confidence 3/5; strategy fit 5/5; additive differentiation 5/5; portfolio leverage 5/5; creation effort 1/5, validation effort 1/5 and commercial risk 1/5.","Print the declared first-fit coupon or gauge, then the unchanged candidate; record physical fit, use, cycle, safety, rights and commercial-release evidence.",2026-09-04,1.3,PLANNING ESTIMATE — NOT RELEASE APPROVAL
29,,,SKU-150,Crochet-hook diameter rack,Sewing and needlecraft organization,MODEL_EXISTS,MM-ORG-011,0 FINISH CURRENT VALIDATION,96.0,1,1,1,91.0,5,3,5,5,5,4,4,S33; S11; S19; S32,"Estimated market fit 5/5 with evidence confidence 3/5; strategy fit 5/5; additive differentiation 5/5; portfolio leverage 5/5; creation effort 1/5, validation effort 1/5 and commercial risk 1/5.","Print the declared first-fit coupon or gauge, then the unchanged candidate; record physical fit, use, cycle, safety, rights and commercial-release evidence.",2026-09-04,1.3,PLANNING ESTIMATE — NOT RELEASE APPROVAL
30,,,SKU-156,Diamond-painting tray staging rack,Bead and mosaic craft organization,MODEL_EXISTS,MM-ORG-033,0 FINISH CURRENT VALIDATION,89.8,1,2,2,94.0,5,3,5,4,5,4,4,S33; S11; S19; S32,"Estimated market fit 5/5 with evidence confidence 3/5; strategy fit 5/5; additive differentiation 4/5; portfolio leverage 5/5; creation effort 1/5, validation effort 2/5 and commercial risk 2/5.","Print the declared first-fit coupon or gauge, then the unchanged candidate; record physical fit, use, cycle, safety, rights and commercial-release evidence.",2026-09-04,1.3,PLANNING ESTIMATE — NOT RELEASE APPROVAL
31,,,SKU-158,Craft stamp and die index rack,Paper-craft organization,MODEL_EXISTS,MM-ORG-028,0 FINISH CURRENT VALIDATION,90.8,1,2,2,94.0,5,4,5,5,5,3,3,S33; S01; S11; S19; S32,"Estimated market fit 5/5 with evidence confidence 4/5; strategy fit 5/5; additive differentiation 5/5; portfolio leverage 5/5; creation effort 1/5, validation effort 2/5 and commercial risk 2/5.","Print the declared first-fit coupon or gauge, then the unchanged candidate; record physical fit, use, cycle, safety, rights and commercial-release evidence.",2026-09-04,1.3,PLANNING ESTIMATE — NOT RELEASE APPROVAL
32,,,SKU-160,Craft-night modular personal supply caddy,Group craft organization,MODEL_EXISTS,MM-ORG-029,0 FINISH CURRENT VALIDATION,90.8,1,2,2,96.0,5,3,5,4,5,4,5,S33; S01; S11; S19; S32,"Estimated market fit 5/5 with evidence confidence 3/5; strategy fit 5/5; additive differentiation 4/5; portfolio leverage 5/5; creation effort 1/5, validation effort 2/5 and commercial risk 2/5.","Print the declared first-fit coupon or gauge, then the unchanged candidate; record physical fit, use, cycle, safety, rights and commercial-release evidence.",2026-09-04,1.3,PLANNING ESTIMATE — NOT RELEASE APPROVAL
33,,,SKU-173,Modular pocket-emptying tray with coin slope,Personalized functional organization,MODEL_EXISTS,MM-ORG-017,0 FINISH CURRENT VALIDATION,94.0,1,1,1,97.0,5,3,5,4,5,4,4,S01; S31; S11; S19; S32,"Estimated market fit 5/5 with evidence confidence 3/5; strategy fit 5/5; additive differentiation 4/5; portfolio leverage 5/5; creation effort 1/5, validation effort 1/5 and commercial risk 1/5.","Print the declared first-fit coupon or gauge, then the unchanged candidate; record physical fit, use, cycle, safety, rights and commercial-release evidence.",2026-09-04,1.3,PLANNING ESTIMATE — NOT RELEASE APPROVAL
34,,,SKU-180,Milestone photo-and-card desk display block,Personalized functional decor,MODEL_EXISTS,MM-ORG-038,0 FINISH CURRENT VALIDATION,92.0,1,1,1,92.0,5,3,5,3,5,4,4,S01; S11; S19; S24; S32,"Estimated market fit 5/5 with evidence confidence 3/5; strategy fit 5/5; additive differentiation 3/5; portfolio leverage 5/5; creation effort 1/5, validation effort 1/5 and commercial risk 1/5.","Print the declared first-fit coupon or gauge, then the unchanged candidate; record physical fit, use, cycle, safety, rights and commercial-release evidence.",2026-09-04,1.3,PLANNING ESTIMATE — NOT RELEASE APPROVAL
35,,,SKU-196,Stationery-refill inventory tray,Desk and stationery organization,MODEL_EXISTS,MM-ORG-012,0 FINISH CURRENT VALIDATION,96.0,1,1,1,95.0,5,3,5,5,5,4,4,S31; S01; S33; S11; S19; S32,"Estimated market fit 5/5 with evidence confidence 3/5; strategy fit 5/5; additive differentiation 5/5; portfolio leverage 5/5; creation effort 1/5, validation effort 1/5 and commercial risk 1/5.","Print the declared first-fit coupon or gauge, then the unchanged candidate; record physical fit, use, cycle, safety, rights and commercial-release evidence.",2026-09-04,1.3,PLANNING ESTIMATE — NOT RELEASE APPROVAL
36,,,SKU-197,Label-printer tape-cartridge rack,Office and small-business organization,MODEL_EXISTS,MM-ORG-019,0 FINISH CURRENT VALIDATION,92.8,1,2,2,94.0,5,3,5,5,5,5,4,S31; S01; S11; S19; S32,"Estimated market fit 5/5 with evidence confidence 3/5; strategy fit 5/5; additive differentiation 5/5; portfolio leverage 5/5; creation effort 1/5, validation effort 2/5 and commercial risk 2/5.","Print the declared first-fit coupon or gauge, then the unchanged candidate; record physical fit, use, cycle, safety, rights and commercial-release evidence.",2026-09-04,1.3,PLANNING ESTIMATE — NOT RELEASE APPROVAL
37,,,SKU-199,Eyeglass-case shelf corral with dividers,Personal-item organization,MODEL_EXISTS,MM-ORG-021,0 FINISH CURRENT VALIDATION,92.0,1,1,1,91.0,5,3,5,3,5,4,4,S31; S11; S19; S32,"Estimated market fit 5/5 with evidence confidence 3/5; strategy fit 5/5; additive differentiation 3/5; portfolio leverage 5/5; creation effort 1/5, validation effort 1/5 and commercial risk 1/5.","Print the declared first-fit coupon or gauge, then the unchanged candidate; record physical fit, use, cycle, safety, rights and commercial-release evidence.",2026-09-04,1.3,PLANNING ESTIMATE — NOT RELEASE APPROVAL
38,1,1,SKU-266,Craft-night personal boundary tray,Social and paper-craft organization,NOT_STARTED,,1 NEXT — DEMAND TEST THEN CAD,96.0,1,1,1,91.0,5,3,5,5,5,5,3,S33; S01; S32,"Estimated market fit 5/5 with evidence confidence 3/5; strategy fit 5/5; additive differentiation 5/5; portfolio leverage 5/5; creation effort 1/5, validation effort 1/5 and commercial risk 1/5.","Check German search/competition and collect at least five qualified problem signals; if positive, implement the smallest coupon or prototype. Design gate: Confirm the smallest and largest real formats, then print the densest compartment coupon before a full set.",2026-09-04,1.3,PLANNING ESTIMATE — NOT RELEASE APPROVAL
39,2,2,SKU-263,Washi sample-card index base,Social and paper-craft organization,NOT_STARTED,,1 NEXT — DEMAND TEST THEN CAD,95.0,1,1,1,90.0,5,3,5,4,5,5,4,S33; S01; S32,"Estimated market fit 5/5 with evidence confidence 3/5; strategy fit 5/5; additive differentiation 4/5; portfolio leverage 5/5; creation effort 1/5, validation effort 1/5 and commercial risk 1/5.","Check German search/competition and collect at least five qualified problem signals; if positive, implement the smallest coupon or prototype. Design gate: Confirm the smallest and largest real formats, then print the densest compartment coupon before a full set.",2026-09-04,1.3,PLANNING ESTIMATE — NOT RELEASE APPROVAL
40,3,3,SKU-236,Traveler-notebook template station,Journaling and writing rituals,NOT_STARTED,,1 NEXT — DEMAND TEST THEN CAD,94.0,2,2,1,94.0,5,4,5,5,5,5,4,S36; S01; S32,"Estimated market fit 5/5 with evidence confidence 4/5; strategy fit 5/5; additive differentiation 5/5; portfolio leverage 5/5; creation effort 2/5, validation effort 2/5 and commercial risk 1/5.","Check German search/competition and collect at least five qualified problem signals; if positive, implement the smallest coupon or prototype. Design gate: Confirm one real item set and print a representative slot/edge coupon before the complete desk object.",2026-09-04,1.3,PLANNING ESTIMATE — NOT RELEASE APPROVAL
41,4,4,SKU-229,Postcard-writing angle stand,Pen-pal and correspondence organization,NOT_STARTED,,1 NEXT — DEMAND TEST THEN CAD,93.0,1,1,1,89.0,5,4,5,4,4,5,4,S36; S01; S32,"Estimated market fit 5/5 with evidence confidence 4/5; strategy fit 5/5; additive differentiation 4/5; portfolio leverage 4/5; creation effort 1/5, validation effort 1/5 and commercial risk 1/5.","Check German search/competition and collect at least five qualified problem signals; if positive, implement the smallest coupon or prototype. Design gate: Verify the declared stationery formats with blank samples and print one slot/label coupon before the complete organizer.",2026-09-04,1.3,PLANNING ESTIMATE — NOT RELEASE APPROVAL
42,5,5,SKU-231,Fountain-pen and notebook desk bridge,Journaling and writing rituals,NOT_STARTED,,1 NEXT — DEMAND TEST THEN CAD,93.0,1,1,1,94.0,5,4,5,4,4,5,4,S36; S01; S32,"Estimated market fit 5/5 with evidence confidence 4/5; strategy fit 5/5; additive differentiation 4/5; portfolio leverage 4/5; creation effort 1/5, validation effort 1/5 and commercial risk 1/5.","Check German search/competition and collect at least five qualified problem signals; if positive, implement the smallest coupon or prototype. Design gate: Confirm one real item set and print a representative slot/edge coupon before the complete desk object.",2026-09-04,1.3,PLANNING ESTIMATE — NOT RELEASE APPROVAL
43,6,6,SKU-234,Bookmark rotation stand,Journaling and writing rituals,NOT_STARTED,,1 NEXT — DEMAND TEST THEN CAD,93.0,1,1,1,92.0,5,4,5,4,4,5,4,S36; S01; S32,"Estimated market fit 5/5 with evidence confidence 4/5; strategy fit 5/5; additive differentiation 4/5; portfolio leverage 4/5; creation effort 1/5, validation effort 1/5 and commercial risk 1/5.","Check German search/competition and collect at least five qualified problem signals; if positive, implement the smallest coupon or prototype. Design gate: Confirm one real item set and print a representative slot/edge coupon before the complete desk object.",2026-09-04,1.3,PLANNING ESTIMATE — NOT RELEASE APPROVAL
44,7,7,SKU-239,Ink-swatch card stepped rail,Journaling and writing rituals,NOT_STARTED,,1 NEXT — DEMAND TEST THEN CAD,93.0,1,1,1,93.0,5,4,5,4,4,5,4,S36; S01; S32,"Estimated market fit 5/5 with evidence confidence 4/5; strategy fit 5/5; additive differentiation 4/5; portfolio leverage 4/5; creation effort 1/5, validation effort 1/5 and commercial risk 1/5.","Check German search/competition and collect at least five qualified problem signals; if positive, implement the smallest coupon or prototype. Design gate: Confirm one real item set and print a representative slot/edge coupon before the complete desk object.",2026-09-04,1.3,PLANNING ESTIMATE — NOT RELEASE APPROVAL
45,8,8,SKU-240,Notebook-band and charm staging tray,Journaling and writing rituals,NOT_STARTED,,1 NEXT — DEMAND TEST THEN CAD,92.0,2,2,1,93.0,5,4,5,4,5,5,4,S36; S01; S32,"Estimated market fit 5/5 with evidence confidence 4/5; strategy fit 5/5; additive differentiation 4/5; portfolio leverage 5/5; creation effort 2/5, validation effort 2/5 and commercial risk 1/5.","Check German search/competition and collect at least five qualified problem signals; if positive, implement the smallest coupon or prototype. Design gate: Confirm one real item set and print a representative slot/edge coupon before the complete desk object.",2026-09-04,1.3,PLANNING ESTIMATE — NOT RELEASE APPROVAL
46,9,9,SKU-286,Little-wins token staircase,Personalized celebration displays,NOT_STARTED,,1 NEXT — DEMAND TEST THEN CAD,92.0,1,1,1,93.0,5,3,5,4,4,5,4,S33; S01; S32,"Estimated market fit 5/5 with evidence confidence 3/5; strategy fit 5/5; additive differentiation 4/5; portfolio leverage 4/5; creation effort 1/5, validation effort 1/5 and commercial risk 1/5.","Check German search/competition and collect at least five qualified problem signals; if positive, implement the smallest coupon or prototype. Design gate: Approve one personalization proof and print a representative slot/text coupon before the complete display.",2026-09-04,1.3,PLANNING ESTIMATE — NOT RELEASE APPROVAL
47,10,10,SKU-287,Congratulations card-and-photo dock,Personalized celebration displays,NOT_STARTED,,1 NEXT — DEMAND TEST THEN CAD,92.0,1,1,1,92.0,5,3,5,4,4,5,4,S33; S01; S32,"Estimated market fit 5/5 with evidence confidence 3/5; strategy fit 5/5; additive differentiation 4/5; portfolio leverage 4/5; creation effort 1/5, validation effort 1/5 and commercial risk 1/5.","Check German search/competition and collect at least five qualified problem signals; if positive, implement the smallest coupon or prototype. Design gate: Approve one personalization proof and print a representative slot/text coupon before the complete display.",2026-09-04,1.3,PLANNING ESTIMATE — NOT RELEASE APPROVAL
48,11,,SKU-288,Anniversary year-ring keepsake stand,Personalized celebration displays,NOT_STARTED,,2 VALIDATE NEXT,92.0,1,1,1,93.0,5,3,5,4,4,5,4,S33; S01; S32,"Estimated market fit 5/5 with evidence confidence 3/5; strategy fit 5/5; additive differentiation 4/5; portfolio leverage 4/5; creation effort 1/5, validation effort 1/5 and commercial risk 1/5.",Run demand and workflow validation before CAD capacity is assigned. Proposed gate: Approve one personalization proof and print a representative slot/text coupon before the complete display.,2026-09-04,1.3,PLANNING ESTIMATE — NOT RELEASE APPROVAL
49,12,,SKU-289,New-home paint-chip and key memory plinth,Personalized celebration displays,NOT_STARTED,,2 VALIDATE NEXT,92.0,1,1,1,92.0,5,3,5,4,4,5,4,S33; S01; S32,"Estimated market fit 5/5 with evidence confidence 3/5; strategy fit 5/5; additive differentiation 4/5; portfolio leverage 4/5; creation effort 1/5, validation effort 1/5 and commercial risk 1/5.",Run demand and workflow validation before CAD capacity is assigned. Proposed gate: Approve one personalization proof and print a representative slot/text coupon before the complete display.,2026-09-04,1.3,PLANNING ESTIMATE — NOT RELEASE APPROVAL
50,13,,SKU-291,Graduation tassel-and-card plinth,Personalized celebration displays,NOT_STARTED,,2 VALIDATE NEXT,92.0,1,1,1,92.0,5,3,5,4,4,5,4,S33; S01; S32,"Estimated market fit 5/5 with evidence confidence 3/5; strategy fit 5/5; additive differentiation 4/5; portfolio leverage 4/5; creation effort 1/5, validation effort 1/5 and commercial risk 1/5.",Run demand and workflow validation before CAD capacity is assigned. Proposed gate: Approve one personalization proof and print a representative slot/text coupon before the complete display.,2026-09-04,1.3,PLANNING ESTIMATE — NOT RELEASE APPROVAL
51,14,,SKU-295,Hobby-milestone badge display,Personalized celebration displays,NOT_STARTED,,2 VALIDATE NEXT,92.0,1,1,1,93.0,5,3,5,4,4,5,4,S33; S01; S32,"Estimated market fit 5/5 with evidence confidence 3/5; strategy fit 5/5; additive differentiation 4/5; portfolio leverage 4/5; creation effort 1/5, validation effort 1/5 and commercial risk 1/5.",Run demand and workflow validation before CAD capacity is assigned. Proposed gate: Approve one personalization proof and print a representative slot/text coupon before the complete display.,2026-09-04,1.3,PLANNING ESTIMATE — NOT RELEASE APPROVAL
52,15,,SKU-214,Laundry pocket-find sorting tray,Small-space dry organization,NOT_STARTED,,2 VALIDATE NEXT,91.0,1,2,1,89.0,5,3,5,5,4,5,3,S31; S32,"Estimated market fit 5/5 with evidence confidence 3/5; strategy fit 5/5; additive differentiation 5/5; portfolio leverage 4/5; creation effort 1/5, validation effort 2/5 and commercial risk 1/5.","Run demand and workflow validation before CAD capacity is assigned. Proposed gate: Run the measurement workflow on one real envelope, then print the smallest fit corner or divider coupon before a full prototype.",2026-09-04,1.3,PLANNING ESTIMATE — NOT RELEASE APPROVAL
53,16,,SKU-223,Postage-stamp sheet flat tray,Pen-pal and correspondence organization,NOT_STARTED,,2 VALIDATE NEXT,91.0,2,2,1,90.0,5,4,5,5,4,5,4,S36; S01; S32,"Estimated market fit 5/5 with evidence confidence 4/5; strategy fit 5/5; additive differentiation 5/5; portfolio leverage 4/5; creation effort 2/5, validation effort 2/5 and commercial risk 1/5.",Run demand and workflow validation before CAD capacity is assigned. Proposed gate: Verify the declared stationery formats with blank samples and print one slot/label coupon before the complete organizer.,2026-09-04,1.3,PLANNING ESTIMATE — NOT RELEASE APPROVAL
54,17,,SKU-227,Wax-seal stamp cool-storage stand,Pen-pal and correspondence organization,NOT_STARTED,,2 VALIDATE NEXT,91.0,2,2,1,89.0,5,4,5,5,4,5,4,S36; S01; S32,"Estimated market fit 5/5 with evidence confidence 4/5; strategy fit 5/5; additive differentiation 5/5; portfolio leverage 4/5; creation effort 2/5, validation effort 2/5 and commercial risk 1/5.",Run demand and workflow validation before CAD capacity is assigned. Proposed gate: Verify the declared stationery formats with blank samples and print one slot/label coupon before the complete organizer.,2026-09-04,1.3,PLANNING ESTIMATE — NOT RELEASE APPROVAL
55,18,,SKU-235,Journal-sticker sheet vertical file,Journaling and writing rituals,NOT_STARTED,,2 VALIDATE NEXT,91.0,2,2,1,94.0,5,4,5,5,4,5,4,S36; S01; S32,"Estimated market fit 5/5 with evidence confidence 4/5; strategy fit 5/5; additive differentiation 5/5; portfolio leverage 4/5; creation effort 2/5, validation effort 2/5 and commercial risk 1/5.",Run demand and workflow validation before CAD capacity is assigned. Proposed gate: Confirm one real item set and print a representative slot/edge coupon before the complete desk object.,2026-09-04,1.3,PLANNING ESTIMATE — NOT RELEASE APPROVAL
56,19,,SKU-255,Portable craft-project container insert,Needlecraft and sewing organization,NOT_STARTED,,2 VALIDATE NEXT,91.0,2,2,1,93.0,5,3,5,5,5,4,3,S33; S01; S32,"Estimated market fit 5/5 with evidence confidence 3/5; strategy fit 5/5; additive differentiation 5/5; portfolio leverage 5/5; creation effort 2/5, validation effort 2/5 and commercial risk 1/5.",Run demand and workflow validation before CAD capacity is assigned. Proposed gate: Measure one representative set and print the tightest slot or channel coupon before the full organizer.,2026-09-04,1.3,PLANNING ESTIMATE — NOT RELEASE APPROVAL
57,20,,SKU-264,Rubber-stamp impression card file,Social and paper-craft organization,NOT_STARTED,,2 VALIDATE NEXT,91.0,2,2,1,90.0,5,3,5,4,5,5,4,S33; S01; S32,"Estimated market fit 5/5 with evidence confidence 3/5; strategy fit 5/5; additive differentiation 4/5; portfolio leverage 5/5; creation effort 2/5, validation effort 2/5 and commercial risk 1/5.","Run demand and workflow validation before CAD capacity is assigned. Proposed gate: Confirm the smallest and largest real formats, then print the densest compartment coupon before a full set.",2026-09-04,1.3,PLANNING ESTIMATE — NOT RELEASE APPROVAL
58,21,,SKU-292,Craft-night name-and-tool pod,Personalized celebration displays,NOT_STARTED,,2 VALIDATE NEXT,91.0,2,2,1,93.0,5,3,5,4,5,5,4,S33; S01; S32,"Estimated market fit 5/5 with evidence confidence 3/5; strategy fit 5/5; additive differentiation 4/5; portfolio leverage 5/5; creation effort 2/5, validation effort 2/5 and commercial risk 1/5.",Run demand and workflow validation before CAD capacity is assigned. Proposed gate: Approve one personalization proof and print a representative slot/text coupon before the complete display.,2026-09-04,1.3,PLANNING ESTIMATE — NOT RELEASE APPROVAL
59,22,,SKU-302,TRAVELER'S notebook Regular Black starter-kit desk bridge,Named-notebook desk organization,NOT_STARTED,,2 VALIDATE NEXT,91.0,2,2,1,94.0,5,4,5,5,4,5,4,S36; S01; S32; S39; S53,"Estimated market fit 5/5 with evidence confidence 4/5; strategy fit 5/5; additive differentiation 5/5; portfolio leverage 4/5; creation effort 2/5, validation effort 2/5 and commercial risk 1/5.","Run demand and workflow validation before CAD capacity is assigned. Proposed gate: Print a 120 x 10 mm contact coupon and test the exact starter kit for free placement, elastic clearance and leather marking.",2026-09-04,1.3,PLANNING ESTIMATE — NOT RELEASE APPROVAL
60,23,,SKU-303,Field Notes Original Kraft 89 x 140 memo-book station,Named-notebook desk organization,NOT_STARTED,,2 VALIDATE NEXT,91.0,1,2,1,94.0,5,3,5,5,4,5,3,S36; S01; S32; S40; S53,"Estimated market fit 5/5 with evidence confidence 3/5; strategy fit 5/5; additive differentiation 5/5; portfolio leverage 4/5; creation effort 1/5, validation effort 2/5 and commercial risk 1/5.",Run demand and workflow validation before CAD capacity is assigned. Proposed gate: Print the two-datum corner coupon and verify one current Original Kraft book without clamping or cover marking.,2026-09-04,1.3,PLANNING ESTIMATE — NOT RELEASE APPROVAL
61,24,,SKU-551,Copic Sketch 11 x 16 x 150 craft-night personal caddy,Named-supply craft caddies,NOT_STARTED,,2 VALIDATE NEXT,91.0,2,2,1,96.0,5,3,5,5,4,5,5,S33; S01; S11; S19; S32; S78; S53,"Estimated market fit 5/5 with evidence confidence 3/5; strategy fit 5/5; additive differentiation 5/5; portfolio leverage 4/5; creation effort 2/5, validation effort 2/5 and commercial risk 1/5.",Run demand and workflow validation before CAD capacity is assigned. Proposed gate: Print one bay row and dock seam and test real markers for single-handed withdrawal and barrel scuffing.,2026-09-04,1.3,PLANNING ESTIMATE — NOT RELEASE APPROVAL
62,25,,SKU-552,POSCA PC-5M 18 x 142 craft-night personal caddy,Named-supply craft caddies,NOT_STARTED,,2 VALIDATE NEXT,91.0,2,2,1,96.0,5,3,5,5,4,5,5,S33; S01; S11; S19; S32; S79; S53,"Estimated market fit 5/5 with evidence confidence 3/5; strategy fit 5/5; additive differentiation 5/5; portfolio leverage 4/5; creation effort 2/5, validation effort 2/5 and commercial risk 1/5.",Run demand and workflow validation before CAD capacity is assigned. Proposed gate: Print one bay row and dock seam and test real PC-5M markers for single-handed withdrawal and shake clearance.,2026-09-04,1.3,PLANNING ESTIMATE — NOT RELEASE APPROVAL
63,26,,SKU-553,Tombow Dual Brush ABT 12 x 190 craft-night personal caddy,Named-supply craft caddies,NOT_STARTED,,2 VALIDATE NEXT,91.0,2,2,1,96.0,5,3,5,5,4,5,5,S33; S01; S11; S19; S32; S80; S53,"Estimated market fit 5/5 with evidence confidence 3/5; strategy fit 5/5; additive differentiation 5/5; portfolio leverage 4/5; creation effort 2/5, validation effort 2/5 and commercial risk 1/5.",Run demand and workflow validation before CAD capacity is assigned. Proposed gate: Print one bay row with nib relief and confirm that neither nib touches the bay floor on a real pen.,2026-09-04,1.3,PLANNING ESTIMATE — NOT RELEASE APPROVAL
64,27,,SKU-554,DMC six-strand floss skein craft-night personal caddy,Named-supply craft caddies,NOT_STARTED,,2 VALIDATE NEXT,91.0,2,2,1,96.0,5,3,5,5,4,5,5,S33; S01; S11; S19; S32; S81; S53,"Estimated market fit 5/5 with evidence confidence 3/5; strategy fit 5/5; additive differentiation 5/5; portfolio leverage 4/5; creation effort 2/5, validation effort 2/5 and commercial risk 1/5.","Run demand and workflow validation before CAD capacity is assigned. Proposed gate: Measure full and half-used skeins, then print one bay row and test pull-tail access and tangle behaviour.",2026-09-04,1.3,PLANNING ESTIMATE — NOT RELEASE APPROVAL
65,28,,SKU-211,Weekly coin-and-receipt purge tray,Small-space dry organization,NOT_STARTED,,2 VALIDATE NEXT,90.0,1,2,1,90.0,4,3,5,5,5,5,3,S31; S32,"Estimated market fit 4/5 with evidence confidence 3/5; strategy fit 5/5; additive differentiation 5/5; portfolio leverage 5/5; creation effort 1/5, validation effort 2/5 and commercial risk 1/5.","Run demand and workflow validation before CAD capacity is assigned. Proposed gate: Run the measurement workflow on one real envelope, then print the smallest fit corner or divider coupon before a full prototype.",2026-09-04,1.3,PLANNING ESTIMATE — NOT RELEASE APPROVAL
66,29,,SKU-244,Darning-mushroom and thread stand,Needlecraft and sewing organization,NOT_STARTED,,2 VALIDATE NEXT,90.0,2,2,1,91.0,5,3,5,5,4,5,4,S33; S01; S32,"Estimated market fit 5/5 with evidence confidence 3/5; strategy fit 5/5; additive differentiation 5/5; portfolio leverage 4/5; creation effort 2/5, validation effort 2/5 and commercial risk 1/5.",Run demand and workflow validation before CAD capacity is assigned. Proposed gate: Measure one representative set and print the tightest slot or channel coupon before the full organizer.,2026-09-04,1.3,PLANNING ESTIMATE — NOT RELEASE APPROVAL
67,30,,SKU-248,Punch-needle tool rest,Needlecraft and sewing organization,NOT_STARTED,,2 VALIDATE NEXT,90.0,2,2,1,90.0,5,3,5,5,4,5,4,S33; S01; S32,"Estimated market fit 5/5 with evidence confidence 3/5; strategy fit 5/5; additive differentiation 5/5; portfolio leverage 4/5; creation effort 2/5, validation effort 2/5 and commercial risk 1/5.",Run demand and workflow validation before CAD capacity is assigned. Proposed gate: Measure one representative set and print the tightest slot or channel coupon before the full organizer.,2026-09-04,1.3,PLANNING ESTIMATE — NOT RELEASE APPROVAL
68,31,,SKU-259,Jewelry-wire spool label comb,Social and paper-craft organization,NOT_STARTED,,2 VALIDATE NEXT,90.0,2,2,1,90.0,5,3,5,5,4,5,4,S33; S01; S32,"Estimated market fit 5/5 with evidence confidence 3/5; strategy fit 5/5; additive differentiation 5/5; portfolio leverage 4/5; creation effort 2/5, validation effort 2/5 and commercial risk 1/5.","Run demand and workflow validation before CAD capacity is assigned. Proposed gate: Confirm the smallest and largest real formats, then print the densest compartment coupon before a full set.",2026-09-04,1.3,PLANNING ESTIMATE — NOT RELEASE APPROVAL
69,32,,SKU-269,Model-decal sheet flat file,Social and paper-craft organization,NOT_STARTED,,2 VALIDATE NEXT,90.0,2,2,1,90.0,5,3,5,5,4,5,4,S33; S01; S32,"Estimated market fit 5/5 with evidence confidence 3/5; strategy fit 5/5; additive differentiation 5/5; portfolio leverage 4/5; creation effort 2/5, validation effort 2/5 and commercial risk 1/5.","Run demand and workflow validation before CAD capacity is assigned. Proposed gate: Confirm the smallest and largest real formats, then print the densest compartment coupon before a full set.",2026-09-04,1.3,PLANNING ESTIMATE — NOT RELEASE APPROVAL
70,33,,SKU-313,IKEA ALEX 004.735.46 upper-drawer modular inlay set,Named-system furniture organization,NOT_STARTED,,2 VALIDATE NEXT,89.8,2,2,2,96.0,5,3,5,5,5,4,4,S05; S06; S11; S19; S31; S32; S50; S51; S53,"Estimated market fit 5/5 with evidence confidence 3/5; strategy fit 5/5; additive differentiation 5/5; portfolio leverage 5/5; creation effort 2/5, validation effort 2/5 and commercial risk 2/5.","Run demand and workflow validation before CAD capacity is assigned. Proposed gate: Print 296.3/297.0/297.7 mm width gauges and a 210 mm seam coupon, then measure one exact ALEX 004.735.46 unit before any compatibility wording.",2026-09-04,1.3,PLANNING ESTIMATE — NOT RELEASE APPROVAL
71,34,,SKU-205,Sock-pair drawer lane insert,Small-space dry organization,NOT_STARTED,,2 VALIDATE NEXT,89.0,2,3,1,91.0,5,3,5,5,5,4,3,S31; S32,"Estimated market fit 5/5 with evidence confidence 3/5; strategy fit 5/5; additive differentiation 5/5; portfolio leverage 5/5; creation effort 2/5, validation effort 3/5 and commercial risk 1/5.","Run demand and workflow validation before CAD capacity is assigned. Proposed gate: Run the measurement workflow on one real envelope, then print the smallest fit corner or divider coupon before a full prototype.",2026-09-04,1.3,PLANNING ESTIMATE — NOT RELEASE APPROVAL
72,35,,SKU-220,Sentimental-object rotation tray,Small-space dry organization,NOT_STARTED,,2 VALIDATE NEXT,89.0,2,3,1,92.0,5,3,5,4,5,5,4,S31; S32,"Estimated market fit 5/5 with evidence confidence 3/5; strategy fit 5/5; additive differentiation 4/5; portfolio leverage 5/5; creation effort 2/5, validation effort 3/5 and commercial risk 1/5.","Run demand and workflow validation before CAD capacity is assigned. Proposed gate: Run the measurement workflow on one real envelope, then print the smallest fit corner or divider coupon before a full prototype.",2026-09-04,1.3,PLANNING ESTIMATE — NOT RELEASE APPROVAL
73,36,,SKU-221,Correspondence desk station,Pen-pal and correspondence organization,NOT_STARTED,,2 VALIDATE NEXT,89.0,2,2,1,92.0,5,4,5,4,4,5,4,S36; S01; S32,"Estimated market fit 5/5 with evidence confidence 4/5; strategy fit 5/5; additive differentiation 4/5; portfolio leverage 4/5; creation effort 2/5, validation effort 2/5 and commercial risk 1/5.",Run demand and workflow validation before CAD capacity is assigned. Proposed gate: Verify the declared stationery formats with blank samples and print one slot/label coupon before the complete organizer.,2026-09-04,1.3,PLANNING ESTIMATE — NOT RELEASE APPROVAL
74,37,,SKU-222,Incoming-reply-archive letter sorter,Pen-pal and correspondence organization,NOT_STARTED,,2 VALIDATE NEXT,89.0,2,2,1,91.0,5,4,5,4,4,5,4,S36; S01; S32,"Estimated market fit 5/5 with evidence confidence 4/5; strategy fit 5/5; additive differentiation 4/5; portfolio leverage 4/5; creation effort 2/5, validation effort 2/5 and commercial risk 1/5.",Run demand and workflow validation before CAD capacity is assigned. Proposed gate: Verify the declared stationery formats with blank samples and print one slot/label coupon before the complete organizer.,2026-09-04,1.3,PLANNING ESTIMATE — NOT RELEASE APPROVAL
75,38,,SKU-224,Stamp-booklet pocket dispenser,Pen-pal and correspondence organization,NOT_STARTED,,2 VALIDATE NEXT,89.0,2,3,1,91.0,5,4,5,5,4,5,4,S36; S01; S32,"Estimated market fit 5/5 with evidence confidence 4/5; strategy fit 5/5; additive differentiation 5/5; portfolio leverage 4/5; creation effort 2/5, validation effort 3/5 and commercial risk 1/5.",Run demand and workflow validation before CAD capacity is assigned. Proposed gate: Verify the declared stationery formats with blank samples and print one slot/label coupon before the complete organizer.,2026-09-04,1.3,PLANNING ESTIMATE — NOT RELEASE APPROVAL
76,39,,SKU-225,Envelope-size vertical file,Pen-pal and correspondence organization,NOT_STARTED,,2 VALIDATE NEXT,89.0,2,2,1,91.0,5,4,5,4,4,5,4,S36; S01; S32,"Estimated market fit 5/5 with evidence confidence 4/5; strategy fit 5/5; additive differentiation 4/5; portfolio leverage 4/5; creation effort 2/5, validation effort 2/5 and commercial risk 1/5.",Run demand and workflow validation before CAD capacity is assigned. Proposed gate: Verify the declared stationery formats with blank samples and print one slot/label coupon before the complete organizer.,2026-09-04,1.3,PLANNING ESTIMATE — NOT RELEASE APPROVAL
77,40,,SKU-226,Address-label and sticker-roll dock,Pen-pal and correspondence organization,NOT_STARTED,,2 VALIDATE NEXT,89.0,2,2,1,90.0,5,4,5,4,4,5,4,S36; S01; S32,"Estimated market fit 5/5 with evidence confidence 4/5; strategy fit 5/5; additive differentiation 4/5; portfolio leverage 4/5; creation effort 2/5, validation effort 2/5 and commercial risk 1/5.",Run demand and workflow validation before CAD capacity is assigned. Proposed gate: Verify the declared stationery formats with blank samples and print one slot/label coupon before the complete organizer.,2026-09-04,1.3,PLANNING ESTIMATE — NOT RELEASE APPROVAL
78,41,,SKU-228,Pen-pal gift-enclosure sorting tray,Pen-pal and correspondence organization,NOT_STARTED,,2 VALIDATE NEXT,89.0,2,2,1,91.0,5,4,5,4,4,5,4,S36; S01; S32,"Estimated market fit 5/5 with evidence confidence 4/5; strategy fit 5/5; additive differentiation 4/5; portfolio leverage 4/5; creation effort 2/5, validation effort 2/5 and commercial risk 1/5.",Run demand and workflow validation before CAD capacity is assigned. Proposed gate: Verify the declared stationery formats with blank samples and print one slot/label coupon before the complete organizer.,2026-09-04,1.3,PLANNING ESTIMATE — NOT RELEASE APPROVAL
79,42,,SKU-230,Snail-mail outgoing date queue,Pen-pal and correspondence organization,NOT_STARTED,,2 VALIDATE NEXT,89.0,2,2,1,92.0,5,4,5,4,4,5,4,S36; S01; S32,"Estimated market fit 5/5 with evidence confidence 4/5; strategy fit 5/5; additive differentiation 4/5; portfolio leverage 4/5; creation effort 2/5, validation effort 2/5 and commercial risk 1/5.",Run demand and workflow validation before CAD capacity is assigned. Proposed gate: Verify the declared stationery formats with blank samples and print one slot/label coupon before the complete organizer.,2026-09-04,1.3,PLANNING ESTIMATE — NOT RELEASE APPROVAL
80,43,,SKU-232,Reading-log card catalog file,Journaling and writing rituals,NOT_STARTED,,2 VALIDATE NEXT,89.0,2,2,1,93.0,5,4,5,4,4,5,4,S36; S01; S32,"Estimated market fit 5/5 with evidence confidence 4/5; strategy fit 5/5; additive differentiation 4/5; portfolio leverage 4/5; creation effort 2/5, validation effort 2/5 and commercial risk 1/5.",Run demand and workflow validation before CAD capacity is assigned. Proposed gate: Confirm one real item set and print a representative slot/edge coupon before the complete desk object.,2026-09-04,1.3,PLANNING ESTIMATE — NOT RELEASE APPROVAL
81,44,,SKU-233,Quote-card archive stand,Journaling and writing rituals,NOT_STARTED,,2 VALIDATE NEXT,89.0,2,2,1,93.0,5,4,5,4,4,5,4,S36; S01; S32,"Estimated market fit 5/5 with evidence confidence 4/5; strategy fit 5/5; additive differentiation 4/5; portfolio leverage 4/5; creation effort 2/5, validation effort 2/5 and commercial risk 1/5.",Run demand and workflow validation before CAD capacity is assigned. Proposed gate: Confirm one real item set and print a representative slot/edge coupon before the complete desk object.,2026-09-04,1.3,PLANNING ESTIMATE — NOT RELEASE APPROVAL
82,45,,SKU-237,Paper-ephemera sorting fan,Journaling and writing rituals,NOT_STARTED,,2 VALIDATE NEXT,89.0,2,2,1,93.0,5,4,5,4,4,5,4,S36; S01; S32,"Estimated market fit 5/5 with evidence confidence 4/5; strategy fit 5/5; additive differentiation 4/5; portfolio leverage 4/5; creation effort 2/5, validation effort 2/5 and commercial risk 1/5.",Run demand and workflow validation before CAD capacity is assigned. Proposed gate: Confirm one real item set and print a representative slot/edge coupon before the complete desk object.,2026-09-04,1.3,PLANNING ESTIMATE — NOT RELEASE APPROVAL
83,46,,SKU-238,Daily-writing prompt token tray,Journaling and writing rituals,NOT_STARTED,,2 VALIDATE NEXT,89.0,2,2,1,94.0,5,4,5,4,4,5,4,S36; S01; S32,"Estimated market fit 5/5 with evidence confidence 4/5; strategy fit 5/5; additive differentiation 4/5; portfolio leverage 4/5; creation effort 2/5, validation effort 2/5 and commercial risk 1/5.",Run demand and workflow validation before CAD capacity is assigned. Proposed gate: Confirm one real item set and print a representative slot/edge coupon before the complete desk object.,2026-09-04,1.3,PLANNING ESTIMATE — NOT RELEASE APPROVAL
84,47,,SKU-285,Collectible certificate-and-object plinth,Sentimental display and archive,NOT_STARTED,,2 VALIDATE NEXT,89.0,1,1,1,89.0,5,3,4,4,4,5,4,S01; S31; S34; S32,"Estimated market fit 5/5 with evidence confidence 3/5; strategy fit 4/5; additive differentiation 4/5; portfolio leverage 4/5; creation effort 1/5, validation effort 1/5 and commercial risk 1/5.",Run demand and workflow validation before CAD capacity is assigned. Proposed gate: Validate one inert object or card set and print a contact/recess coupon before the complete display.,2026-09-04,1.3,PLANNING ESTIMATE — NOT RELEASE APPROVAL
85,48,,SKU-300,Daily scent-selection token rail,Fragrance ritual organization,NOT_STARTED,,2 VALIDATE NEXT,89.0,1,1,1,94.0,5,3,4,4,4,5,4,S36; S31; S32,"Estimated market fit 5/5 with evidence confidence 3/5; strategy fit 4/5; additive differentiation 4/5; portfolio leverage 4/5; creation effort 1/5, validation effort 1/5 and commercial risk 1/5.",Run demand and workflow validation before CAD capacity is assigned. Proposed gate: Confirm one clean dry sample set and print the smallest slot/label coupon before the full organizer.,2026-09-04,1.3,PLANNING ESTIMATE — NOT RELEASE APPROVAL
86,49,,SKU-304,instax mini 86 x 54 two-datum photo dock,Named instant-photo display,NOT_STARTED,,2 VALIDATE NEXT,89.0,1,1,1,92.0,4,3,5,5,4,5,3,S33; S01; S32; S41; S53,"Estimated market fit 4/5 with evidence confidence 3/5; strategy fit 5/5; additive differentiation 5/5; portfolio leverage 4/5; creation effort 1/5, validation effort 1/5 and commercial risk 1/5.","Run demand and workflow validation before CAD capacity is assigned. Proposed gate: Print one 86 x 54 mm contact coupon and test a fully developed dry print for free removal, stability and marking.",2026-09-04,1.3,PLANNING ESTIMATE — NOT RELEASE APPROVAL
87,50,,SKU-305,instax SQUARE 86 x 72 two-datum photo dock,Named instant-photo display,NOT_STARTED,,2 VALIDATE NEXT,89.0,1,1,1,92.0,4,3,5,5,4,5,3,S33; S01; S32; S42; S53,"Estimated market fit 4/5 with evidence confidence 3/5; strategy fit 5/5; additive differentiation 5/5; portfolio leverage 4/5; creation effort 1/5, validation effort 1/5 and commercial risk 1/5.","Run demand and workflow validation before CAD capacity is assigned. Proposed gate: Print one 86 x 72 mm contact coupon and test a fully developed dry print for free removal, stability and marking.",2026-09-04,1.3,PLANNING ESTIMATE — NOT RELEASE APPROVAL
88,51,,SKU-306,instax WIDE 108 x 86 two-datum photo dock,Named instant-photo display,NOT_STARTED,,2 VALIDATE NEXT,89.0,1,1,1,92.0,4,3,5,5,4,5,3,S33; S01; S32; S43; S53,"Estimated market fit 4/5 with evidence confidence 3/5; strategy fit 5/5; additive differentiation 5/5; portfolio leverage 4/5; creation effort 1/5, validation effort 1/5 and commercial risk 1/5.","Run demand and workflow validation before CAD capacity is assigned. Proposed gate: Print one 108 x 86 mm contact coupon and test a fully developed dry print for free removal, stability and marking.",2026-09-04,1.3,PLANNING ESTIMATE — NOT RELEASE APPROVAL
89,52,,SKU-307,Polaroid i-Type 107 x 88 two-datum photo dock,Named instant-photo display,NOT_STARTED,,2 VALIDATE NEXT,89.0,1,1,1,92.0,4,3,5,5,4,5,3,S33; S01; S32; S44; S53,"Estimated market fit 4/5 with evidence confidence 3/5; strategy fit 5/5; additive differentiation 5/5; portfolio leverage 4/5; creation effort 1/5, validation effort 1/5 and commercial risk 1/5.","Run demand and workflow validation before CAD capacity is assigned. Proposed gate: Print one 107 x 88 mm contact coupon and test a fully developed current i-Type print for free removal, stability and marking.",2026-09-04,1.3,PLANNING ESTIMATE — NOT RELEASE APPROVAL
90,53,,SKU-308,Polaroid Go 66.6 x 53.9 two-datum photo dock,Named instant-photo display,NOT_STARTED,,2 VALIDATE NEXT,89.0,1,1,1,92.0,4,3,5,5,4,5,3,S33; S01; S32; S45; S53,"Estimated market fit 4/5 with evidence confidence 3/5; strategy fit 5/5; additive differentiation 5/5; portfolio leverage 4/5; creation effort 1/5, validation effort 1/5 and commercial risk 1/5.","Run demand and workflow validation before CAD capacity is assigned. Proposed gate: Print one 66.6 x 53.9 mm contact coupon and test a fully developed Go print for free removal, stability and marking.",2026-09-04,1.3,PLANNING ESTIMATE — NOT RELEASE APPROVAL
91,54,,SKU-309,DIN C6 114 x 162 empty-envelope vertical file,Standard-format correspondence organization,NOT_STARTED,,2 VALIDATE NEXT,89.0,1,1,1,91.0,4,3,5,5,4,5,3,S36; S01; S32; S46; S53,"Estimated market fit 4/5 with evidence confidence 3/5; strategy fit 5/5; additive differentiation 5/5; portfolio leverage 4/5; creation effort 1/5, validation effort 1/5 and commercial risk 1/5.","Run demand and workflow validation before CAD capacity is assigned. Proposed gate: Print one C6 bay coupon and test at least three empty-envelope brands for free insertion, snagging and tip stability.",2026-09-04,1.3,PLANNING ESTIMATE — NOT RELEASE APPROVAL
92,55,,SKU-517,IKEA TJENA 603.954.85 18 x 25 x 15 keepsake-box fitted insert,Named-box keepsake inserts,NOT_STARTED,,2 VALIDATE NEXT,88.8,2,2,2,98.0,5,3,5,5,4,5,5,S01; S31; S33; S11; S19; S32; S73; S53,"Estimated market fit 5/5 with evidence confidence 3/5; strategy fit 5/5; additive differentiation 5/5; portfolio leverage 4/5; creation effort 2/5, validation effort 2/5 and commercial risk 2/5.","Run demand and workflow validation before CAD capacity is assigned. Proposed gate: Build a minus/nominal/plus footprint gauge, then confirm the real folded interior of one TJENA box before any compatibility wording.",2026-09-04,1.3,PLANNING ESTIMATE — NOT RELEASE APPROVAL
93,56,,SKU-521,IKEA MOPPE 402.163.57 keepsake drawer insert set,Named-box keepsake inserts,NOT_STARTED,,2 VALIDATE NEXT,88.8,2,2,2,98.0,5,3,5,5,4,5,5,S01; S31; S33; S11; S19; S32; S72; S53,"Estimated market fit 5/5 with evidence confidence 3/5; strategy fit 5/5; additive differentiation 5/5; portfolio leverage 4/5; creation effort 2/5, validation effort 2/5 and commercial risk 2/5.","Run demand and workflow validation before CAD capacity is assigned. Proposed gate: Gauge one real MOPPE drawer interior in three axes, then print a minus/nominal/plus insert before any compatibility wording.",2026-09-04,1.3,PLANNING ESTIMATE — NOT RELEASE APPROVAL
94,57,,SKU-524,ICAO 9303 TD3 passport leaving-home token station,Named-token routine stations,NOT_STARTED,,2 VALIDATE NEXT,88.8,2,2,2,98.0,5,3,5,5,4,5,5,S31; S01; S11; S19; S24; S32; S61; S53,"Estimated market fit 5/5 with evidence confidence 3/5; strategy fit 5/5; additive differentiation 5/5; portfolio leverage 4/5; creation effort 2/5, validation effort 2/5 and commercial risk 2/5.",Run demand and workflow validation before CAD capacity is assigned. Proposed gate: Print one to-do/ready bay pair and measure closed spine thickness on three real booklets before setting the bay depth.,2026-09-04,1.3,PLANNING ESTIMATE — NOT RELEASE APPROVAL
95,58,,SKU-529,USB Type-C plug labeled cable-winder cassette,Named-connector cable cassettes,NOT_STARTED,,2 VALIDATE NEXT,88.8,2,2,2,97.0,5,3,5,5,4,5,5,S31; S01; S09; S11; S19; S32; S58; S53,"Estimated market fit 5/5 with evidence confidence 3/5; strategy fit 5/5; additive differentiation 5/5; portfolio leverage 4/5; creation effort 2/5, validation effort 2/5 and commercial risk 2/5.","Run demand and workflow validation before CAD capacity is assigned. Proposed gate: Print one Type-C bay and spool segment and test three real cables for bend radius, retention and lid clearance.",2026-09-04,1.3,PLANNING ESTIMATE — NOT RELEASE APPROVAL
96,59,,SKU-530,USB Standard-A plug labeled cable-winder cassette,Named-connector cable cassettes,NOT_STARTED,,2 VALIDATE NEXT,88.8,2,2,2,97.0,5,3,5,5,4,5,5,S31; S01; S09; S11; S19; S32; S58; S53,"Estimated market fit 5/5 with evidence confidence 3/5; strategy fit 5/5; additive differentiation 5/5; portfolio leverage 4/5; creation effort 2/5, validation effort 2/5 and commercial risk 2/5.","Run demand and workflow validation before CAD capacity is assigned. Proposed gate: Print one Standard-A bay and spool segment and test three real cables for bend radius, retention and lid clearance.",2026-09-04,1.3,PLANNING ESTIMATE — NOT RELEASE APPROVAL
97,60,,SKU-531,USB Standard-B plug labeled cable-winder cassette,Named-connector cable cassettes,NOT_STARTED,,2 VALIDATE NEXT,88.8,2,2,2,97.0,5,3,5,5,4,5,5,S31; S01; S09; S11; S19; S32; S58; S53,"Estimated market fit 5/5 with evidence confidence 3/5; strategy fit 5/5; additive differentiation 5/5; portfolio leverage 4/5; creation effort 2/5, validation effort 2/5 and commercial risk 2/5.",Run demand and workflow validation before CAD capacity is assigned. Proposed gate: Print one Standard-B bay and measure three real plug shells before fixing the bay depth.,2026-09-04,1.3,PLANNING ESTIMATE — NOT RELEASE APPROVAL
98,61,,SKU-532,USB Mini-B plug labeled cable-winder cassette,Named-connector cable cassettes,NOT_STARTED,,2 VALIDATE NEXT,88.8,2,2,2,97.0,5,3,5,5,4,5,5,S31; S01; S09; S11; S19; S32; S58; S53,"Estimated market fit 5/5 with evidence confidence 3/5; strategy fit 5/5; additive differentiation 5/5; portfolio leverage 4/5; creation effort 2/5, validation effort 2/5 and commercial risk 2/5.",Run demand and workflow validation before CAD capacity is assigned. Proposed gate: Print one Mini-B bay and confirm the nominal against one named current cable product before any compatibility wording.,2026-09-04,1.3,PLANNING ESTIMATE — NOT RELEASE APPROVAL
99,62,,SKU-533,USB Micro-B plug labeled cable-winder cassette,Named-connector cable cassettes,NOT_STARTED,,2 VALIDATE NEXT,88.8,2,2,2,97.0,5,3,5,5,4,5,5,S31; S01; S09; S11; S19; S32; S58; S53,"Estimated market fit 5/5 with evidence confidence 3/5; strategy fit 5/5; additive differentiation 5/5; portfolio leverage 4/5; creation effort 2/5, validation effort 2/5 and commercial risk 2/5.","Run demand and workflow validation before CAD capacity is assigned. Proposed gate: Print one Micro-B bay and spool segment and test three real cables for bend radius, retention and lid clearance.",2026-09-04,1.3,PLANNING ESTIMATE — NOT RELEASE APPROVAL
100,63,,SKU-208,Handbag dust-bag shelf label corral,Small-space dry organization,NOT_STARTED,,2 VALIDATE NEXT,88.0,2,3,1,91.0,5,3,5,5,4,5,4,S31; S32,"Estimated market fit 5/5 with evidence confidence 3/5; strategy fit 5/5; additive differentiation 5/5; portfolio leverage 4/5; creation effort 2/5, validation effort 3/5 and commercial risk 1/5.","Run demand and workflow validation before CAD capacity is assigned. Proposed gate: Run the measurement workflow on one real envelope, then print the smallest fit corner or divider coupon before a full prototype.",2026-09-04,1.3,PLANNING ESTIMATE — NOT RELEASE APPROVAL
101,64,,SKU-219,Ribbon-offcut and gift-tag drawer file,Small-space dry organization,NOT_STARTED,,2 VALIDATE NEXT,88.0,2,3,1,90.0,5,3,5,5,4,5,4,S31; S32,"Estimated market fit 5/5 with evidence confidence 3/5; strategy fit 5/5; additive differentiation 5/5; portfolio leverage 4/5; creation effort 2/5, validation effort 3/5 and commercial risk 1/5.","Run demand and workflow validation before CAD capacity is assigned. Proposed gate: Run the measurement workflow on one real envelope, then print the smallest fit corner or divider coupon before a full prototype.",2026-09-04,1.3,PLANNING ESTIMATE — NOT RELEASE APPROVAL
102,65,,SKU-242,Fabric-swatch card index,Needlecraft and sewing organization,NOT_STARTED,,2 VALIDATE NEXT,88.0,2,2,1,93.0,5,3,5,4,4,5,4,S33; S01; S32,"Estimated market fit 5/5 with evidence confidence 3/5; strategy fit 5/5; additive differentiation 4/5; portfolio leverage 4/5; creation effort 2/5, validation effort 2/5 and commercial risk 1/5.",Run demand and workflow validation before CAD capacity is assigned. Proposed gate: Measure one representative set and print the tightest slot or channel coupon before the full organizer.,2026-09-04,1.3,PLANNING ESTIMATE — NOT RELEASE APPROVAL
103,66,,SKU-245,Thimble-and-notions drawer micro-grid,Needlecraft and sewing organization,NOT_STARTED,,2 VALIDATE NEXT,88.0,2,3,1,92.0,5,3,5,5,4,5,4,S33; S01; S32,"Estimated market fit 5/5 with evidence confidence 3/5; strategy fit 5/5; additive differentiation 5/5; portfolio leverage 4/5; creation effort 2/5, validation effort 3/5 and commercial risk 1/5.",Run demand and workflow validation before CAD capacity is assigned. Proposed gate: Measure one representative set and print the tightest slot or channel coupon before the full organizer.,2026-09-04,1.3,PLANNING ESTIMATE — NOT RELEASE APPROVAL
104,67,,SKU-246,Needlepoint-canvas roll end cradles,Needlecraft and sewing organization,NOT_STARTED,,2 VALIDATE NEXT,88.0,2,2,1,90.0,5,3,5,4,4,5,4,S33; S01; S32,"Estimated market fit 5/5 with evidence confidence 3/5; strategy fit 5/5; additive differentiation 4/5; portfolio leverage 4/5; creation effort 2/5, validation effort 2/5 and commercial risk 1/5.",Run demand and workflow validation before CAD capacity is assigned. Proposed gate: Measure one representative set and print the tightest slot or channel coupon before the full organizer.,2026-09-04,1.3,PLANNING ESTIMATE — NOT RELEASE APPROVAL
105,68,,SKU-249,Quilt-block layout label token tray,Needlecraft and sewing organization,NOT_STARTED,,2 VALIDATE NEXT,88.0,2,2,1,91.0,5,3,5,4,4,5,4,S33; S01; S32,"Estimated market fit 5/5 with evidence confidence 3/5; strategy fit 5/5; additive differentiation 4/5; portfolio leverage 4/5; creation effort 2/5, validation effort 2/5 and commercial risk 1/5.",Run demand and workflow validation before CAD capacity is assigned. Proposed gate: Measure one representative set and print the tightest slot or channel coupon before the full organizer.,2026-09-04,1.3,PLANNING ESTIMATE — NOT RELEASE APPROVAL
106,69,,SKU-251,Circular-knitting cable size cassette,Needlecraft and sewing organization,NOT_STARTED,,2 VALIDATE NEXT,88.0,2,2,1,92.0,5,3,5,4,4,5,4,S33; S01; S32,"Estimated market fit 5/5 with evidence confidence 3/5; strategy fit 5/5; additive differentiation 4/5; portfolio leverage 4/5; creation effort 2/5, validation effort 2/5 and commercial risk 1/5.",Run demand and workflow validation before CAD capacity is assigned. Proposed gate: Measure one representative set and print the tightest slot or channel coupon before the full organizer.,2026-09-04,1.3,PLANNING ESTIMATE — NOT RELEASE APPROVAL
107,70,,SKU-252,Knitting-needle pair divider modules,Needlecraft and sewing organization,NOT_STARTED,,2 VALIDATE NEXT,88.0,2,2,1,92.0,5,3,5,4,4,5,4,S33; S01; S32,"Estimated market fit 5/5 with evidence confidence 3/5; strategy fit 5/5; additive differentiation 4/5; portfolio leverage 4/5; creation effort 2/5, validation effort 2/5 and commercial risk 1/5.",Run demand and workflow validation before CAD capacity is assigned. Proposed gate: Measure one representative set and print the tightest slot or channel coupon before the full organizer.,2026-09-04,1.3,PLANNING ESTIMATE — NOT RELEASE APPROVAL
108,71,,SKU-253,Crochet-gauge swatch archive rack,Needlecraft and sewing organization,NOT_STARTED,,2 VALIDATE NEXT,88.0,2,2,1,92.0,5,3,5,4,4,5,4,S33; S01; S32,"Estimated market fit 5/5 with evidence confidence 3/5; strategy fit 5/5; additive differentiation 4/5; portfolio leverage 4/5; creation effort 2/5, validation effort 2/5 and commercial risk 1/5.",Run demand and workflow validation before CAD capacity is assigned. Proposed gate: Measure one representative set and print the tightest slot or channel coupon before the full organizer.,2026-09-04,1.3,PLANNING ESTIMATE — NOT RELEASE APPROVAL
109,72,,SKU-254,Yarn-label archive card file,Needlecraft and sewing organization,NOT_STARTED,,2 VALIDATE NEXT,88.0,2,2,1,92.0,5,3,5,4,4,5,4,S33; S01; S32,"Estimated market fit 5/5 with evidence confidence 3/5; strategy fit 5/5; additive differentiation 4/5; portfolio leverage 4/5; creation effort 2/5, validation effort 2/5 and commercial risk 1/5.",Run demand and workflow validation before CAD capacity is assigned. Proposed gate: Measure one representative set and print the tightest slot or channel coupon before the full organizer.,2026-09-04,1.3,PLANNING ESTIMATE — NOT RELEASE APPROVAL
110,73,,SKU-256,Paper-quilling strip color divider,Social and paper-craft organization,NOT_STARTED,,2 VALIDATE NEXT,88.0,2,3,1,91.0,5,3,5,5,4,5,4,S33; S01; S32,"Estimated market fit 5/5 with evidence confidence 3/5; strategy fit 5/5; additive differentiation 5/5; portfolio leverage 4/5; creation effort 2/5, validation effort 3/5 and commercial risk 1/5.","Run demand and workflow validation before CAD capacity is assigned. Proposed gate: Confirm the smallest and largest real formats, then print the densest compartment coupon before a full set.",2026-09-04,1.3,PLANNING ESTIMATE — NOT RELEASE APPROVAL
111,74,,SKU-258,Polymer-clay cutter silhouette index tray,Social and paper-craft organization,NOT_STARTED,,2 VALIDATE NEXT,88.0,2,2,1,92.0,5,3,5,5,4,4,3,S33; S01; S32,"Estimated market fit 5/5 with evidence confidence 3/5; strategy fit 5/5; additive differentiation 5/5; portfolio leverage 4/5; creation effort 2/5, validation effort 2/5 and commercial risk 1/5.","Run demand and workflow validation before CAD capacity is assigned. Proposed gate: Confirm the smallest and largest real formats, then print the densest compartment coupon before a full set.",2026-09-04,1.3,PLANNING ESTIMATE — NOT RELEASE APPROVAL
112,75,,SKU-260,Charm-bar component sorting palette,Social and paper-craft organization,NOT_STARTED,,2 VALIDATE NEXT,88.0,2,2,1,92.0,5,3,5,4,4,5,4,S33; S01; S32,"Estimated market fit 5/5 with evidence confidence 3/5; strategy fit 5/5; additive differentiation 4/5; portfolio leverage 4/5; creation effort 2/5, validation effort 2/5 and commercial risk 1/5.","Run demand and workflow validation before CAD capacity is assigned. Proposed gate: Confirm the smallest and largest real formats, then print the densest compartment coupon before a full set.",2026-09-04,1.3,PLANNING ESTIMATE — NOT RELEASE APPROVAL
113,76,,SKU-261,Friendship-bracelet thread project tray,Social and paper-craft organization,NOT_STARTED,,2 VALIDATE NEXT,88.0,2,2,1,91.0,5,3,5,4,4,5,4,S33; S01; S32,"Estimated market fit 5/5 with evidence confidence 3/5; strategy fit 5/5; additive differentiation 4/5; portfolio leverage 4/5; creation effort 2/5, validation effort 2/5 and commercial risk 1/5.","Run demand and workflow validation before CAD capacity is assigned. Proposed gate: Confirm the smallest and largest real formats, then print the densest compartment coupon before a full set.",2026-09-04,1.3,PLANNING ESTIMATE — NOT RELEASE APPROVAL
114,77,,SKU-262,Scrapbook die-cut sorting fan,Social and paper-craft organization,NOT_STARTED,,2 VALIDATE NEXT,88.0,2,2,1,91.0,5,3,5,4,4,5,4,S33; S01; S32,"Estimated market fit 5/5 with evidence confidence 3/5; strategy fit 5/5; additive differentiation 4/5; portfolio leverage 4/5; creation effort 2/5, validation effort 2/5 and commercial risk 1/5.","Run demand and workflow validation before CAD capacity is assigned. Proposed gate: Confirm the smallest and largest real formats, then print the densest compartment coupon before a full set.",2026-09-04,1.3,PLANNING ESTIMATE — NOT RELEASE APPROVAL
115,78,,SKU-265,Paint-party brush-and-name station,Social and paper-craft organization,NOT_STARTED,,2 VALIDATE NEXT,88.0,2,2,1,92.0,5,3,5,4,4,5,4,S33; S01; S32,"Estimated market fit 5/5 with evidence confidence 3/5; strategy fit 5/5; additive differentiation 4/5; portfolio leverage 4/5; creation effort 2/5, validation effort 2/5 and commercial risk 1/5.","Run demand and workflow validation before CAD capacity is assigned. Proposed gate: Confirm the smallest and largest real formats, then print the densest compartment coupon before a full set.",2026-09-04,1.3,PLANNING ESTIMATE — NOT RELEASE APPROVAL
116,79,,SKU-267,Mosaic-tessera color staging grid,Social and paper-craft organization,NOT_STARTED,,2 VALIDATE NEXT,88.0,2,2,1,91.0,5,3,5,4,4,5,4,S33; S01; S32,"Estimated market fit 5/5 with evidence confidence 3/5; strategy fit 5/5; additive differentiation 4/5; portfolio leverage 4/5; creation effort 2/5, validation effort 2/5 and commercial risk 1/5.","Run demand and workflow validation before CAD capacity is assigned. Proposed gate: Confirm the smallest and largest real formats, then print the densest compartment coupon before a full set.",2026-09-04,1.3,PLANNING ESTIMATE — NOT RELEASE APPROVAL
117,80,,SKU-268,Miniature-basing sample archive,Social and paper-craft organization,NOT_STARTED,,2 VALIDATE NEXT,88.0,2,2,1,89.0,5,3,5,4,4,5,4,S33; S01; S32,"Estimated market fit 5/5 with evidence confidence 3/5; strategy fit 5/5; additive differentiation 4/5; portfolio leverage 4/5; creation effort 2/5, validation effort 2/5 and commercial risk 1/5.","Run demand and workflow validation before CAD capacity is assigned. Proposed gate: Confirm the smallest and largest real formats, then print the densest compartment coupon before a full set.",2026-09-04,1.3,PLANNING ESTIMATE — NOT RELEASE APPROVAL
118,81,,SKU-270,Pressed-flower dry sorting frame insert,Social and paper-craft organization,NOT_STARTED,,2 VALIDATE NEXT,88.0,2,2,1,91.0,5,3,5,5,4,4,3,S33; S01; S32,"Estimated market fit 5/5 with evidence confidence 3/5; strategy fit 5/5; additive differentiation 5/5; portfolio leverage 4/5; creation effort 2/5, validation effort 2/5 and commercial risk 1/5.","Run demand and workflow validation before CAD capacity is assigned. Proposed gate: Confirm the smallest and largest real formats, then print the densest compartment coupon before a full set.",2026-09-04,1.3,PLANNING ESTIMATE — NOT RELEASE APPROVAL
119,82,,SKU-284,Today's-memory postcard stand,Sentimental display and archive,NOT_STARTED,,2 VALIDATE NEXT,88.0,1,1,1,88.0,4,3,4,4,5,5,4,S01; S31; S34; S32,"Estimated market fit 4/5 with evidence confidence 3/5; strategy fit 4/5; additive differentiation 4/5; portfolio leverage 5/5; creation effort 1/5, validation effort 1/5 and commercial risk 1/5.",Run demand and workflow validation before CAD capacity is assigned. Proposed gate: Validate one inert object or card set and print a contact/recess coupon before the complete display.,2026-09-04,1.3,PLANNING ESTIMATE — NOT RELEASE APPROVAL
120,83,,SKU-293,Birthday-month token row,Personalized celebration displays,NOT_STARTED,,2 VALIDATE NEXT,88.0,2,2,1,92.0,5,3,5,4,4,5,4,S33; S01; S32,"Estimated market fit 5/5 with evidence confidence 3/5; strategy fit 5/5; additive differentiation 4/5; portfolio leverage 4/5; creation effort 2/5, validation effort 2/5 and commercial risk 1/5.",Run demand and workflow validation before CAD capacity is assigned. Proposed gate: Approve one personalization proof and print a representative slot/text coupon before the complete display.,2026-09-04,1.3,PLANNING ESTIMATE — NOT RELEASE APPROVAL
121,84,,SKU-294,Friendship-memory note capsule stand,Personalized celebration displays,NOT_STARTED,,2 VALIDATE NEXT,88.0,1,1,1,91.0,4,3,5,4,4,5,4,S33; S01; S32,"Estimated market fit 4/5 with evidence confidence 3/5; strategy fit 5/5; additive differentiation 4/5; portfolio leverage 4/5; creation effort 1/5, validation effort 1/5 and commercial risk 1/5.",Run demand and workflow validation before CAD capacity is assigned. Proposed gate: Approve one personalization proof and print a representative slot/text coupon before the complete display.,2026-09-04,1.3,PLANNING ESTIMATE — NOT RELEASE APPROVAL
122,85,,SKU-312,AirTag 2nd-generation open-top desk display tile,Named keepsake and tracker display,NOT_STARTED,,2 VALIDATE NEXT,88.0,2,3,1,92.0,5,3,5,5,4,5,4,S31; S32; S49; S53,"Estimated market fit 5/5 with evidence confidence 3/5; strategy fit 5/5; additive differentiation 5/5; portfolio leverage 4/5; creation effort 2/5, validation effort 3/5 and commercial risk 1/5.","Run demand and workflow validation before CAD capacity is assigned. Proposed gate: Print the 32.5 mm open recess coupon and test one exact second-generation AirTag for free removal, sound opening and surface marking.",2026-09-04,1.3,PLANNING ESTIMATE — NOT RELEASE APPROVAL
123,86,,SKU-501,IKEA BILLY 002.638.50 80 cm shelf gift-wrap roll end-support pair,Named-shelf roll retention,NOT_STARTED,,2 VALIDATE NEXT,88.0,2,2,1,99.0,5,3,5,5,4,4,3,S33; S31; S11; S19; S32; S62; S53,"Estimated market fit 5/5 with evidence confidence 3/5; strategy fit 5/5; additive differentiation 5/5; portfolio leverage 4/5; creation effort 2/5, validation effort 2/5 and commercial risk 1/5.","Run demand and workflow validation before CAD capacity is assigned. Proposed gate: Print a 280 mm depth gauge and one end support, then measure the real inner shelf span of one assembled unit before any BILLY compatibility wording.",2026-09-04,1.3,PLANNING ESTIMATE — NOT RELEASE APPROVAL
124,87,,SKU-502,IKEA BILLY 502.638.38 40 cm shelf gift-wrap roll end-support pair,Named-shelf roll retention,NOT_STARTED,,2 VALIDATE NEXT,88.0,2,2,1,99.0,5,3,5,5,4,4,3,S33; S31; S11; S19; S32; S63; S53,"Estimated market fit 5/5 with evidence confidence 3/5; strategy fit 5/5; additive differentiation 5/5; portfolio leverage 4/5; creation effort 2/5, validation effort 2/5 and commercial risk 1/5.","Run demand and workflow validation before CAD capacity is assigned. Proposed gate: Print a 280 mm depth gauge and one end support, then measure the real inner shelf span of one assembled unit before any BILLY compatibility wording.",2026-09-04,1.3,PLANNING ESTIMATE — NOT RELEASE APPROVAL
125,88,,SKU-503,IKEA IVAR 303.181.63 83 x 30 cm shelf gift-wrap roll end-support pair,Named-shelf roll retention,NOT_STARTED,,2 VALIDATE NEXT,88.0,2,2,1,99.0,5,3,5,5,4,4,3,S33; S31; S11; S19; S32; S64; S53,"Estimated market fit 5/5 with evidence confidence 3/5; strategy fit 5/5; additive differentiation 5/5; portfolio leverage 4/5; creation effort 2/5, validation effort 2/5 and commercial risk 1/5.","Run demand and workflow validation before CAD capacity is assigned. Proposed gate: Print an 18 mm board-thickness gauge and one end support, then test grip and roll retention on one real IVAR board before any compatibility wording.",2026-09-04,1.3,PLANNING ESTIMATE — NOT RELEASE APPROVAL
126,89,,SKU-504,IKEA IVAR 803.181.65 83 x 50 cm shelf gift-wrap roll end-support pair,Named-shelf roll retention,NOT_STARTED,,2 VALIDATE NEXT,88.0,2,2,1,99.0,5,3,5,5,4,4,3,S33; S31; S11; S19; S32; S65; S53,"Estimated market fit 5/5 with evidence confidence 3/5; strategy fit 5/5; additive differentiation 5/5; portfolio leverage 4/5; creation effort 2/5, validation effort 2/5 and commercial risk 1/5.","Run demand and workflow validation before CAD capacity is assigned. Proposed gate: Print an 18 mm board-thickness gauge and one two-row support, then test rear-row access on one real IVAR board before any compatibility wording.",2026-09-04,1.3,PLANNING ESTIMATE — NOT RELEASE APPROVAL
127,90,,SKU-505,IKEA IVAR 103.181.59 42 x 30 cm shelf gift-wrap roll end-support pair,Named-shelf roll retention,NOT_STARTED,,2 VALIDATE NEXT,88.0,2,2,1,99.0,5,3,5,5,4,4,3,S33; S31; S11; S19; S32; S66; S53,"Estimated market fit 5/5 with evidence confidence 3/5; strategy fit 5/5; additive differentiation 5/5; portfolio leverage 4/5; creation effort 2/5, validation effort 2/5 and commercial risk 1/5.","Run demand and workflow validation before CAD capacity is assigned. Proposed gate: Print an 18 mm board-thickness gauge and one end support, then confirm that a single 700 mm roll overhangs safely on one real IVAR board.",2026-09-04,1.3,PLANNING ESTIMATE — NOT RELEASE APPROVAL
128,91,,SKU-506,IKEA KALLAX 802.758.87 compartment gift-wrap roll cradle,Named-shelf roll retention,NOT_STARTED,,2 VALIDATE NEXT,88.0,2,2,1,99.0,5,3,5,5,4,4,3,S33; S31; S11; S19; S32; S67; S52; S53,"Estimated market fit 5/5 with evidence confidence 3/5; strategy fit 5/5; additive differentiation 5/5; portfolio leverage 4/5; creation effort 2/5, validation effort 2/5 and commercial risk 1/5.","Run demand and workflow validation before CAD capacity is assigned. Proposed gate: Print 326.3/327.0/327.7 mm span gauges and one cradle, then verify free removal from one exact KALLAX unit before any compatibility wording.",2026-09-04,1.3,PLANNING ESTIMATE — NOT RELEASE APPROVAL
129,92,,SKU-507,DIN A6 105 x 148 postcard archive divider set,Named-format archive dividers,NOT_STARTED,,2 VALIDATE NEXT,88.0,2,2,1,98.0,5,3,5,5,4,4,3,S01; S31; S33; S11; S19; S32; S59; S53,"Estimated market fit 5/5 with evidence confidence 3/5; strategy fit 5/5; additive differentiation 5/5; portfolio leverage 4/5; creation effort 2/5, validation effort 2/5 and commercial risk 1/5.","Run demand and workflow validation before CAD capacity is assigned. Proposed gate: Print one A6 lane coupon and test snagging, tab legibility and single-handed retrieval with real postcards before any format wording.",2026-09-04,1.3,PLANNING ESTIMATE — NOT RELEASE APPROVAL
130,93,,SKU-508,DIN A5 148 x 210 archive divider set,Named-format archive dividers,NOT_STARTED,,2 VALIDATE NEXT,88.0,2,2,1,98.0,5,3,5,5,4,4,3,S01; S31; S33; S11; S19; S32; S59; S53,"Estimated market fit 5/5 with evidence confidence 3/5; strategy fit 5/5; additive differentiation 5/5; portfolio leverage 4/5; creation effort 2/5, validation effort 2/5 and commercial risk 1/5.","Run demand and workflow validation before CAD capacity is assigned. Proposed gate: Print one A5 lane coupon and test bow, snagging and single-handed retrieval with real A5 media before any format wording.",2026-09-04,1.3,PLANNING ESTIMATE — NOT RELEASE APPROVAL
131,94,,SKU-509,DIN A7 74 x 105 archive divider set,Named-format archive dividers,NOT_STARTED,,2 VALIDATE NEXT,88.0,2,2,1,98.0,5,3,5,5,4,4,3,S01; S31; S33; S11; S19; S32; S59; S53,"Estimated market fit 5/5 with evidence confidence 3/5; strategy fit 5/5; additive differentiation 5/5; portfolio leverage 4/5; creation effort 2/5, validation effort 2/5 and commercial risk 1/5.","Run demand and workflow validation before CAD capacity is assigned. Proposed gate: Print one A7 lane coupon and test finger access, snagging and tab legibility with real slips before any format wording.",2026-09-04,1.3,PLANNING ESTIMATE — NOT RELEASE APPROVAL
132,95,,SKU-510,ISO C6 114 x 162 envelope archive divider set,Named-format archive dividers,NOT_STARTED,,2 VALIDATE NEXT,88.0,2,2,1,98.0,5,3,5,5,4,4,3,S01; S31; S33; S11; S19; S32; S59; S46; S53,"Estimated market fit 5/5 with evidence confidence 3/5; strategy fit 5/5; additive differentiation 5/5; portfolio leverage 4/5; creation effort 2/5, validation effort 2/5 and commercial risk 1/5.",Run demand and workflow validation before CAD capacity is assigned. Proposed gate: Print one C6 lane coupon and test both empty and lightly filled envelopes for snagging and retrieval before any format wording.,2026-09-04,1.3,PLANNING ESTIMATE — NOT RELEASE APPROVAL
133,96,,SKU-511,ISO DL 110 x 220 archive divider set,Named-format archive dividers,NOT_STARTED,,2 VALIDATE NEXT,88.0,2,2,1,98.0,5,3,5,5,4,4,3,S01; S31; S33; S11; S19; S32; S59; S46; S53,"Estimated market fit 5/5 with evidence confidence 3/5; strategy fit 5/5; additive differentiation 5/5; portfolio leverage 4/5; creation effort 2/5, validation effort 2/5 and commercial risk 1/5.",Run demand and workflow validation before CAD capacity is assigned. Proposed gate: Print one DL lane coupon and confirm that the 220 mm lane still fits the customer drawer before any format wording.,2026-09-04,1.3,PLANNING ESTIMATE — NOT RELEASE APPROVAL
134,97,,SKU-512,instax mini 86 x 54 archive divider set,Named-format archive dividers,NOT_STARTED,,2 VALIDATE NEXT,88.0,2,2,1,98.0,5,3,5,5,4,4,3,S01; S31; S33; S11; S19; S32; S41; S53,"Estimated market fit 5/5 with evidence confidence 3/5; strategy fit 5/5; additive differentiation 5/5; portfolio leverage 4/5; creation effort 2/5, validation effort 2/5 and commercial risk 1/5.",Run demand and workflow validation before CAD capacity is assigned. Proposed gate: Print one 86 x 54 mm lane coupon and test fully developed dry prints for scuffing and single-handed retrieval.,2026-09-04,1.3,PLANNING ESTIMATE — NOT RELEASE APPROVAL
135,98,,SKU-513,instax SQUARE 86 x 72 archive divider set,Named-format archive dividers,NOT_STARTED,,2 VALIDATE NEXT,88.0,2,2,1,98.0,5,3,5,5,4,4,3,S01; S31; S33; S11; S19; S32; S42; S53,"Estimated market fit 5/5 with evidence confidence 3/5; strategy fit 5/5; additive differentiation 5/5; portfolio leverage 4/5; creation effort 2/5, validation effort 2/5 and commercial risk 1/5.",Run demand and workflow validation before CAD capacity is assigned. Proposed gate: Print one 86 x 72 mm lane coupon and test fully developed dry prints for scuffing and single-handed retrieval.,2026-09-04,1.3,PLANNING ESTIMATE — NOT RELEASE APPROVAL
136,99,,SKU-514,instax WIDE 108 x 86 archive divider set,Named-format archive dividers,NOT_STARTED,,2 VALIDATE NEXT,88.0,2,2,1,98.0,5,3,5,5,4,4,3,S01; S31; S33; S11; S19; S32; S43; S53,"Estimated market fit 5/5 with evidence confidence 3/5; strategy fit 5/5; additive differentiation 5/5; portfolio leverage 4/5; creation effort 2/5, validation effort 2/5 and commercial risk 1/5.","Run demand and workflow validation before CAD capacity is assigned. Proposed gate: Print one 108 x 86 mm lane coupon and test fully developed dry prints for bow, scuffing and retrieval.",2026-09-04,1.3,PLANNING ESTIMATE — NOT RELEASE APPROVAL
137,100,,SKU-515,Polaroid i-Type 107 x 88 archive divider set,Named-format archive dividers,NOT_STARTED,,2 VALIDATE NEXT,88.0,2,2,1,98.0,5,3,5,5,4,4,3,S01; S31; S33; S11; S19; S32; S44; S53,"Estimated market fit 5/5 with evidence confidence 3/5; strategy fit 5/5; additive differentiation 5/5; portfolio leverage 4/5; creation effort 2/5, validation effort 2/5 and commercial risk 1/5.",Run demand and workflow validation before CAD capacity is assigned. Proposed gate: Print one 107 x 88 mm lane coupon and test the thicker Polaroid frame for lane depth and retrieval.,2026-09-04,1.3,PLANNING ESTIMATE — NOT RELEASE APPROVAL
138,101,,SKU-516,ISO/IEC 7810 ID-1 card archive divider set,Named-format archive dividers,NOT_STARTED,,2 VALIDATE NEXT,88.0,2,2,1,98.0,5,3,5,5,4,4,3,S01; S31; S33; S11; S19; S32; S60; S53,"Estimated market fit 5/5 with evidence confidence 3/5; strategy fit 5/5; additive differentiation 5/5; portfolio leverage 4/5; creation effort 2/5, validation effort 2/5 and commercial risk 1/5.","Run demand and workflow validation before CAD capacity is assigned. Proposed gate: Print one ID-1 lane coupon and test flat, embossed and contactless cards for lane depth and retrieval.",2026-09-04,1.3,PLANNING ESTIMATE — NOT RELEASE APPROVAL
139,102,,SKU-538,iPhone 17 Pro no-case valet pod,Named-item valet pods,NOT_STARTED,,2 VALIDATE NEXT,88.0,2,2,1,97.0,5,3,5,5,4,4,3,S01; S31; S11; S19; S32; S37; S38; S53,"Estimated market fit 5/5 with evidence confidence 3/5; strategy fit 5/5; additive differentiation 5/5; portfolio leverage 4/5; creation effort 2/5, validation effort 2/5 and commercial risk 1/5.",Run demand and workflow validation before CAD capacity is assigned. Proposed gate: Print a drawing-derived keep-out coupon and test the exact uncased device for free placement and pickup.,2026-09-04,1.3,PLANNING ESTIMATE — NOT RELEASE APPROVAL
140,103,,SKU-555,SINGER Class 15 transparent bobbin drawer cassette,Named-bobbin sewing cassettes,NOT_STARTED,,2 VALIDATE NEXT,88.0,2,2,1,96.0,5,3,5,5,4,4,3,S33; S31; S11; S19; S32; S83; S53,"Estimated market fit 5/5 with evidence confidence 3/5; strategy fit 5/5; additive differentiation 5/5; portfolio leverage 4/5; creation effort 2/5, validation effort 2/5 and commercial risk 1/5.","Run demand and workflow validation before CAD capacity is assigned. Proposed gate: Print a post-and-recess coupon and test wound and empty transparent bobbins for seating, removal and thread snagging.",2026-09-04,1.3,PLANNING ESTIMATE — NOT RELEASE APPROVAL
141,104,,SKU-556,SINGER Class 15 metal bobbin drawer cassette,Named-bobbin sewing cassettes,NOT_STARTED,,2 VALIDATE NEXT,88.0,2,2,1,96.0,5,3,5,5,4,4,3,S33; S31; S11; S19; S32; S83; S53,"Estimated market fit 5/5 with evidence confidence 3/5; strategy fit 5/5; additive differentiation 5/5; portfolio leverage 4/5; creation effort 2/5, validation effort 2/5 and commercial risk 1/5.",Run demand and workflow validation before CAD capacity is assigned. Proposed gate: Print a post-and-recess coupon and confirm that a metal bobbin does not seat in the transparent-bobbin recess of SKU-555.,2026-09-04,1.3,PLANNING ESTIMATE — NOT RELEASE APPROVAL
142,105,,SKU-557,Brother SA156 Class 15 bobbin drawer cassette,Named-bobbin sewing cassettes,NOT_STARTED,,2 VALIDATE NEXT,88.0,2,2,1,96.0,5,3,5,5,4,4,3,S33; S31; S11; S19; S32; S82; S83; S53,"Estimated market fit 5/5 with evidence confidence 3/5; strategy fit 5/5; additive differentiation 5/5; portfolio leverage 4/5; creation effort 2/5, validation effort 2/5 and commercial risk 1/5.","Run demand and workflow validation before CAD capacity is assigned. Proposed gate: Measure five real SA156 bobbins, then print a post-and-recess coupon before any Brother or Baby Lock compatibility wording.",2026-09-04,1.3,PLANNING ESTIMATE — NOT RELEASE APPROVAL
143,106,,SKU-204,Folded-clothing shelf separator pair,Small-space dry organization,NOT_STARTED,,2 VALIDATE NEXT,87.0,2,3,1,89.0,5,3,5,4,5,4,3,S31; S32,"Estimated market fit 5/5 with evidence confidence 3/5; strategy fit 5/5; additive differentiation 4/5; portfolio leverage 5/5; creation effort 2/5, validation effort 3/5 and commercial risk 1/5.","Run demand and workflow validation before CAD capacity is assigned. Proposed gate: Run the measurement workflow on one real envelope, then print the smallest fit corner or divider coupon before a full prototype.",2026-09-04,1.3,PLANNING ESTIMATE — NOT RELEASE APPROVAL
144,107,,SKU-207,Hair-accessory drawer channel set,Small-space dry organization,NOT_STARTED,,2 VALIDATE NEXT,87.0,2,3,1,90.0,5,3,5,4,5,4,3,S31; S32,"Estimated market fit 5/5 with evidence confidence 3/5; strategy fit 5/5; additive differentiation 4/5; portfolio leverage 5/5; creation effort 2/5, validation effort 3/5 and commercial risk 1/5.","Run demand and workflow validation before CAD capacity is assigned. Proposed gate: Run the measurement workflow on one real envelope, then print the smallest fit corner or divider coupon before a full prototype.",2026-09-04,1.3,PLANNING ESTIMATE — NOT RELEASE APPROVAL
145,108,,SKU-209,Bedside glasses-and-earplug valet,Small-space dry organization,NOT_STARTED,,2 VALIDATE NEXT,87.0,1,2,1,88.0,4,3,5,5,4,5,3,S31; S32,"Estimated market fit 4/5 with evidence confidence 3/5; strategy fit 5/5; additive differentiation 5/5; portfolio leverage 4/5; creation effort 1/5, validation effort 2/5 and commercial risk 1/5.","Run demand and workflow validation before CAD capacity is assigned. Proposed gate: Run the measurement workflow on one real envelope, then print the smallest fit corner or divider coupon before a full prototype.",2026-09-04,1.3,PLANNING ESTIMATE — NOT RELEASE APPROVAL
146,109,,SKU-216,Travel-document pre-trip staging tray,Small-space dry organization,NOT_STARTED,,2 VALIDATE NEXT,87.0,1,2,1,89.0,4,3,5,5,4,5,3,S31; S32,"Estimated market fit 4/5 with evidence confidence 3/5; strategy fit 5/5; additive differentiation 5/5; portfolio leverage 4/5; creation effort 1/5, validation effort 2/5 and commercial risk 1/5.","Run demand and workflow validation before CAD capacity is assigned. Proposed gate: Run the measurement workflow on one real envelope, then print the smallest fit corner or divider coupon before a full prototype.",2026-09-04,1.3,PLANNING ESTIMATE — NOT RELEASE APPROVAL
147,110,,SKU-299,Perfume-cap display tray,Fragrance ritual organization,NOT_STARTED,,2 VALIDATE NEXT,87.0,2,2,1,92.0,5,3,4,5,4,5,4,S36; S31; S32,"Estimated market fit 5/5 with evidence confidence 3/5; strategy fit 4/5; additive differentiation 5/5; portfolio leverage 4/5; creation effort 2/5, validation effort 2/5 and commercial risk 1/5.",Run demand and workflow validation before CAD capacity is assigned. Proposed gate: Confirm one clean dry sample set and print the smallest slot/label coupon before the full organizer.,2026-09-04,1.3,PLANNING ESTIMATE — NOT RELEASE APPROVAL
148,111,,SKU-301,iPhone 17 Pro no-case passive desk cradle,Named-device passive desk stands,NOT_STARTED,,2 VALIDATE NEXT,86.8,2,2,2,93.0,5,2,5,5,4,5,4,S03; S05; S09; S11; S19; S37; S38; S53,"Estimated market fit 5/5 with evidence confidence 2/5; strategy fit 5/5; additive differentiation 5/5; portfolio leverage 4/5; creation effort 2/5, validation effort 2/5 and commercial risk 2/5.","Run demand and workflow validation before CAD capacity is assigned. Proposed gate: Create a drawing-derived keep-out coupon, inspect it, and test the exact uncased device before any compatibility wording or full stand.",2026-09-04,1.3,PLANNING ESTIMATE — NOT RELEASE APPROVAL
149,112,,SKU-518,IKEA TJENA 303.954.77 25 x 35 x 20 keepsake-box fitted insert,Named-box keepsake inserts,NOT_STARTED,,2 VALIDATE NEXT,86.8,2,2,2,98.0,5,3,5,5,4,4,4,S01; S31; S33; S11; S19; S32; S74; S53,"Estimated market fit 5/5 with evidence confidence 3/5; strategy fit 5/5; additive differentiation 5/5; portfolio leverage 4/5; creation effort 2/5, validation effort 2/5 and commercial risk 2/5.","Run demand and workflow validation before CAD capacity is assigned. Proposed gate: Build a minus/nominal/plus footprint gauge and one module seam, then confirm the real folded interior of one TJENA box.",2026-09-04,1.3,PLANNING ESTIMATE — NOT RELEASE APPROVAL
150,113,,SKU-519,IKEA SAMLA 701.029.72 5 l keepsake-box fitted insert,Named-box keepsake inserts,NOT_STARTED,,2 VALIDATE NEXT,86.8,2,2,2,98.0,5,3,5,5,4,4,4,S01; S31; S33; S11; S19; S32; S75; S53,"Estimated market fit 5/5 with evidence confidence 3/5; strategy fit 5/5; additive differentiation 5/5; portfolio leverage 4/5; creation effort 2/5, validation effort 2/5 and commercial risk 2/5.","Run demand and workflow validation before CAD capacity is assigned. Proposed gate: Build a minus/nominal/plus floor gauge that follows the moulded draft, then confirm one real SAMLA box before any compatibility wording.",2026-09-04,1.3,PLANNING ESTIMATE — NOT RELEASE APPROVAL
151,114,,SKU-520,IKEA SAMLA 401.029.78 11 l keepsake-box fitted insert,Named-box keepsake inserts,NOT_STARTED,,2 VALIDATE NEXT,86.8,2,2,2,98.0,5,3,5,5,4,4,4,S01; S31; S33; S11; S19; S32; S76; S53,"Estimated market fit 5/5 with evidence confidence 3/5; strategy fit 5/5; additive differentiation 5/5; portfolio leverage 4/5; creation effort 2/5, validation effort 2/5 and commercial risk 2/5.","Run demand and workflow validation before CAD capacity is assigned. Proposed gate: Build a minus/nominal/plus floor gauge and one module seam, then confirm one real SAMLA box before any compatibility wording.",2026-09-04,1.3,PLANNING ESTIMATE — NOT RELEASE APPROVAL
152,115,,SKU-522,IKEA HELMER 006.199.02 keepsake drawer fitted insert,Named-box keepsake inserts,NOT_STARTED,,2 VALIDATE NEXT,86.8,2,2,2,98.0,5,3,5,5,4,4,4,S01; S31; S33; S11; S19; S32; S68; S53,"Estimated market fit 5/5 with evidence confidence 3/5; strategy fit 5/5; additive differentiation 5/5; portfolio leverage 4/5; creation effort 2/5, validation effort 2/5 and commercial risk 2/5.",Run demand and workflow validation before CAD capacity is assigned. Proposed gate: Print a 220 x 370 mm minus/nominal/plus footprint gauge and confirm corner radii and usable height on one real HELMER drawer.,2026-09-04,1.3,PLANNING ESTIMATE — NOT RELEASE APPROVAL
153,116,,SKU-549,IKEA MOPPE 402.163.57 drawer grid organizer set,Named-drawer exact-fit grids,NOT_STARTED,,2 VALIDATE NEXT,86.8,2,3,2,96.0,5,3,5,5,4,5,5,S05; S06; S11; S19; S72; S53,"Estimated market fit 5/5 with evidence confidence 3/5; strategy fit 5/5; additive differentiation 5/5; portfolio leverage 4/5; creation effort 2/5, validation effort 3/5 and commercial risk 2/5.","Run demand and workflow validation before CAD capacity is assigned. Proposed gate: Gauge one real MOPPE drawer interior in three axes, then print a minus/nominal/plus grid before any compatibility wording.",2026-09-04,1.3,PLANNING ESTIMATE — NOT RELEASE APPROVAL
154,117,,SKU-009,Bedside passive device dock,Phone/tablet stands & passive docks,NOT_STARTED,,2 VALIDATE NEXT,86.0,2,2,1,92.0,5,2,4,5,4,5,4,S03; S05; S09; S11; S19,"Estimated market fit 5/5 with evidence confidence 2/5; strategy fit 4/5; additive differentiation 5/5; portfolio leverage 4/5; creation effort 2/5, validation effort 2/5 and commercial risk 1/5.",Run demand and workflow validation before CAD capacity is assigned. Proposed gate: Create device/cable preset library,2026-09-04,1.3,PLANNING ESTIMATE — NOT RELEASE APPROVAL
155,118,,SKU-202,Narrow-bookcase stationery tower insert,Small-space dry organization,NOT_STARTED,,2 VALIDATE NEXT,86.0,2,3,1,91.0,5,3,5,5,4,4,3,S31; S32,"Estimated market fit 5/5 with evidence confidence 3/5; strategy fit 5/5; additive differentiation 5/5; portfolio leverage 4/5; creation effort 2/5, validation effort 3/5 and commercial risk 1/5.","Run demand and workflow validation before CAD capacity is assigned. Proposed gate: Run the measurement workflow on one real envelope, then print the smallest fit corner or divider coupon before a full prototype.",2026-09-04,1.3,PLANNING ESTIMATE — NOT RELEASE APPROVAL
156,119,,SKU-206,Necktie-roll drawer matrix,Small-space dry organization,NOT_STARTED,,2 VALIDATE NEXT,86.0,2,3,1,91.0,5,3,5,5,4,4,3,S31; S32,"Estimated market fit 5/5 with evidence confidence 3/5; strategy fit 5/5; additive differentiation 5/5; portfolio leverage 4/5; creation effort 2/5, validation effort 3/5 and commercial risk 1/5.","Run demand and workflow validation before CAD capacity is assigned. Proposed gate: Run the measurement workflow on one real envelope, then print the smallest fit corner or divider coupon before a full prototype.",2026-09-04,1.3,PLANNING ESTIMATE — NOT RELEASE APPROVAL
157,120,,SKU-210,Paper-size drawer stair organizer,Small-space dry organization,NOT_STARTED,,2 VALIDATE NEXT,86.0,2,3,1,91.0,5,3,5,5,4,4,3,S31; S32,"Estimated market fit 5/5 with evidence confidence 3/5; strategy fit 5/5; additive differentiation 5/5; portfolio leverage 4/5; creation effort 2/5, validation effort 3/5 and commercial risk 1/5.","Run demand and workflow validation before CAD capacity is assigned. Proposed gate: Run the measurement workflow on one real envelope, then print the smallest fit corner or divider coupon before a full prototype.",2026-09-04,1.3,PLANNING ESTIMATE — NOT RELEASE APPROVAL
158,121,,SKU-212,Reusable-shopping-bag shelf file,Small-space dry organization,NOT_STARTED,,2 VALIDATE NEXT,86.0,2,3,1,91.0,5,3,5,5,4,4,3,S31; S32,"Estimated market fit 5/5 with evidence confidence 3/5; strategy fit 5/5; additive differentiation 5/5; portfolio leverage 4/5; creation effort 2/5, validation effort 3/5 and commercial risk 1/5.","Run demand and workflow validation before CAD capacity is assigned. Proposed gate: Run the measurement workflow on one real envelope, then print the smallest fit corner or divider coupon before a full prototype.",2026-09-04,1.3,PLANNING ESTIMATE — NOT RELEASE APPROVAL
159,122,,SKU-217,Household spare-key labeled cassette,Small-space dry organization,NOT_STARTED,,2 VALIDATE NEXT,86.0,2,3,1,89.0,5,3,5,4,4,5,4,S31; S32,"Estimated market fit 5/5 with evidence confidence 3/5; strategy fit 5/5; additive differentiation 4/5; portfolio leverage 4/5; creation effort 2/5, validation effort 3/5 and commercial risk 1/5.","Run demand and workflow validation before CAD capacity is assigned. Proposed gate: Run the measurement workflow on one real envelope, then print the smallest fit corner or divider coupon before a full prototype.",2026-09-04,1.3,PLANNING ESTIMATE — NOT RELEASE APPROVAL
160,123,,SKU-241,Sewing-pattern envelope size sorter,Needlecraft and sewing organization,NOT_STARTED,,2 VALIDATE NEXT,86.0,2,2,1,93.0,5,3,5,4,4,4,3,S33; S01; S32,"Estimated market fit 5/5 with evidence confidence 3/5; strategy fit 5/5; additive differentiation 4/5; portfolio leverage 4/5; creation effort 2/5, validation effort 2/5 and commercial risk 1/5.",Run demand and workflow validation before CAD capacity is assigned. Proposed gate: Measure one representative set and print the tightest slot or channel coupon before the full organizer.,2026-09-04,1.3,PLANNING ESTIMATE — NOT RELEASE APPROVAL
161,124,,SKU-243,Visible-mending patch palette tray,Needlecraft and sewing organization,NOT_STARTED,,2 VALIDATE NEXT,86.0,2,3,1,92.0,5,3,5,4,4,5,4,S33; S01; S32,"Estimated market fit 5/5 with evidence confidence 3/5; strategy fit 5/5; additive differentiation 4/5; portfolio leverage 4/5; creation effort 2/5, validation effort 3/5 and commercial risk 1/5.",Run demand and workflow validation before CAD capacity is assigned. Proposed gate: Measure one representative set and print the tightest slot or channel coupon before the full organizer.,2026-09-04,1.3,PLANNING ESTIMATE — NOT RELEASE APPROVAL
162,125,,SKU-247,Embroidery-hoop size nesting stand,Needlecraft and sewing organization,NOT_STARTED,,2 VALIDATE NEXT,86.0,2,3,1,92.0,5,3,5,5,4,4,3,S33; S01; S32,"Estimated market fit 5/5 with evidence confidence 3/5; strategy fit 5/5; additive differentiation 5/5; portfolio leverage 4/5; creation effort 2/5, validation effort 3/5 and commercial risk 1/5.",Run demand and workflow validation before CAD capacity is assigned. Proposed gate: Measure one representative set and print the tightest slot or channel coupon before the full organizer.,2026-09-04,1.3,PLANNING ESTIMATE — NOT RELEASE APPROVAL
163,126,,SKU-250,Quilting-template vertical file,Needlecraft and sewing organization,NOT_STARTED,,2 VALIDATE NEXT,86.0,2,3,1,91.0,5,3,5,5,4,4,3,S33; S01; S32,"Estimated market fit 5/5 with evidence confidence 3/5; strategy fit 5/5; additive differentiation 5/5; portfolio leverage 4/5; creation effort 2/5, validation effort 3/5 and commercial risk 1/5.",Run demand and workflow validation before CAD capacity is assigned. Proposed gate: Measure one representative set and print the tightest slot or channel coupon before the full organizer.,2026-09-04,1.3,PLANNING ESTIMATE — NOT RELEASE APPROVAL
164,127,,SKU-257,Origami-paper size step sorter,Social and paper-craft organization,NOT_STARTED,,2 VALIDATE NEXT,86.0,2,2,1,91.0,5,3,5,4,4,4,3,S33; S01; S32,"Estimated market fit 5/5 with evidence confidence 3/5; strategy fit 5/5; additive differentiation 4/5; portfolio leverage 4/5; creation effort 2/5, validation effort 2/5 and commercial risk 1/5.","Run demand and workflow validation before CAD capacity is assigned. Proposed gate: Confirm the smallest and largest real formats, then print the densest compartment coupon before a full set.",2026-09-04,1.3,PLANNING ESTIMATE — NOT RELEASE APPROVAL
165,128,,SKU-290,Retirement message-card fan stand,Personalized celebration displays,NOT_STARTED,,2 VALIDATE NEXT,86.0,2,3,1,93.0,5,3,5,4,4,5,4,S33; S01; S32,"Estimated market fit 5/5 with evidence confidence 3/5; strategy fit 5/5; additive differentiation 4/5; portfolio leverage 4/5; creation effort 2/5, validation effort 3/5 and commercial risk 1/5.",Run demand and workflow validation before CAD capacity is assigned. Proposed gate: Approve one personalization proof and print a representative slot/text coupon before the complete display.,2026-09-04,1.3,PLANNING ESTIMATE — NOT RELEASE APPROVAL
166,129,,SKU-310,Euro eight-denomination weekly sorting tray,Standardized coin organization,NOT_STARTED,,2 VALIDATE NEXT,86.0,2,2,1,90.0,4,3,5,5,4,5,4,S31; S32; S47; S53,"Estimated market fit 4/5 with evidence confidence 3/5; strategy fit 5/5; additive differentiation 5/5; portfolio leverage 4/5; creation effort 2/5, validation effort 2/5 and commercial risk 1/5.",Run demand and workflow validation before CAD capacity is assigned. Proposed gate: Print the 50c/20c/5c tightest discrimination coupon and test worn circulating coins before the full eight-recess tray.,2026-09-04,1.3,PLANNING ESTIMATE — NOT RELEASE APPROVAL
167,130,,SKU-402,Neo-Deco fan-arch relief panel,AI-generated trending decor objects,NOT_STARTED,,2 VALIDATE NEXT,86.0,1,1,1,76.0,4,2,5,5,4,4,2,S113; S114,"Estimated market fit 4/5 with evidence confidence 2/5; strategy fit 5/5; additive differentiation 5/5; portfolio leverage 4/5; creation effort 1/5, validation effort 1/5 and commercial risk 1/5.","Run demand and workflow validation before CAD capacity is assigned. Proposed gate: Resolve the Step1X-3D licence conflict for EU commercial use first [S125][S126]; then: Print one interface coupon for the insert, pot or keep-out, verify fit and stability, then decide the sealing and heat exclusions",2026-09-04,1.3,PLANNING ESTIMATE — NOT RELEASE APPROVAL
168,131,,SKU-540,Euro circulation-coin pocket-emptying tray with coin slope,Named-currency pocket-emptying trays,NOT_STARTED,,2 VALIDATE NEXT,86.0,2,2,1,97.0,4,3,5,5,4,5,4,S01; S31; S11; S19; S32; S47; S53,"Estimated market fit 4/5 with evidence confidence 3/5; strategy fit 5/5; additive differentiation 5/5; portfolio leverage 4/5; creation effort 2/5, validation effort 2/5 and commercial risk 1/5.",Run demand and workflow validation before CAD capacity is assigned. Proposed gate: Print the 10c/5c and 1 EUR/50c recess pairs and confirm that circulating coins cannot cross-enter before any denomination wording.,2026-09-04,1.3,PLANNING ESTIMATE — NOT RELEASE APPROVAL
169,132,,SKU-541,Swiss franc circulation-coin pocket-emptying tray with coin slope,Named-currency pocket-emptying trays,NOT_STARTED,,2 VALIDATE NEXT,86.0,2,2,1,97.0,4,3,5,5,4,5,4,S01; S31; S11; S19; S32; S54; S53,"Estimated market fit 4/5 with evidence confidence 3/5; strategy fit 5/5; additive differentiation 5/5; portfolio leverage 4/5; creation effort 2/5, validation effort 2/5 and commercial risk 1/5.",Run demand and workflow validation before CAD capacity is assigned. Proposed gate: Print the 50 Rp/5 Rp and 1 CHF/20 Rp recess pairs and confirm that circulating coins cannot cross-enter.,2026-09-04,1.3,PLANNING ESTIMATE — NOT RELEASE APPROVAL
170,133,,SKU-542,UK sterling circulation-coin pocket-emptying tray with coin slope,Named-currency pocket-emptying trays,NOT_STARTED,,2 VALIDATE NEXT,86.0,2,2,1,97.0,4,3,5,5,4,5,4,S01; S31; S11; S19; S32; S55; S53,"Estimated market fit 4/5 with evidence confidence 3/5; strategy fit 5/5; additive differentiation 5/5; portfolio leverage 4/5; creation effort 2/5, validation effort 2/5 and commercial risk 1/5.",Run demand and workflow validation before CAD capacity is assigned. Proposed gate: Print the heptagonal 20p and 50p recesses and confirm free rotation-independent entry before any denomination wording.,2026-09-04,1.3,PLANNING ESTIMATE — NOT RELEASE APPROVAL
171,134,,SKU-543,US circulating-coin pocket-emptying tray with coin slope,Named-currency pocket-emptying trays,NOT_STARTED,,2 VALIDATE NEXT,86.0,2,2,1,97.0,4,3,5,5,4,5,4,S01; S31; S11; S19; S32; S56; S53,"Estimated market fit 4/5 with evidence confidence 3/5; strategy fit 5/5; additive differentiation 5/5; portfolio leverage 4/5; creation effort 2/5, validation effort 2/5 and commercial risk 1/5.",Run demand and workflow validation before CAD capacity is assigned. Proposed gate: Print the cent/nickel recess pair and confirm that circulating coins cannot cross-enter before any denomination wording.,2026-09-04,1.3,PLANNING ESTIMATE — NOT RELEASE APPROVAL
172,135,,SKU-544,Japanese yen circulation-coin pocket-emptying tray with coin slope,Named-currency pocket-emptying trays,NOT_STARTED,,2 VALIDATE NEXT,86.0,2,2,1,97.0,4,3,5,5,4,5,4,S01; S31; S11; S19; S32; S57; S53,"Estimated market fit 4/5 with evidence confidence 3/5; strategy fit 5/5; additive differentiation 5/5; portfolio leverage 4/5; creation effort 2/5, validation effort 2/5 and commercial risk 1/5.","Run demand and workflow validation before CAD capacity is assigned. Proposed gate: Measure the thickness of one coin per denomination, then print the 1 yen/50 yen recess pair and confirm separation.",2026-09-04,1.3,PLANNING ESTIMATE — NOT RELEASE APPROVAL
173,136,,SKU-036,Parametric under-desk cable raceway,Cable-management systems,NOT_STARTED,,2 VALIDATE NEXT,85.8,2,2,2,94.0,5,2,5,5,4,4,4,S05; S09; S11; S19,"Estimated market fit 5/5 with evidence confidence 2/5; strategy fit 5/5; additive differentiation 5/5; portfolio leverage 4/5; creation effort 2/5, validation effort 2/5 and commercial risk 2/5.",Run demand and workflow validation before CAD capacity is assigned. Proposed gate: Validate screw and adhesive mounting configurations,2026-09-04,1.3,PLANNING ESTIMATE — NOT RELEASE APPROVAL
174,137,,SKU-015,Mahjong tile sorting tray set,"Mahjong racks, pushers & tile trays",NOT_STARTED,,2 VALIDATE NEXT,85.0,1,1,1,90.0,5,4,3,5,3,4,4,S01; S11; S16; S17,"Estimated market fit 5/5 with evidence confidence 4/5; strategy fit 3/5; additive differentiation 5/5; portfolio leverage 3/5; creation effort 1/5, validation effort 1/5 and commercial risk 1/5.",Run demand and workflow validation before CAD capacity is assigned. Proposed gate: Pilot with two common tile sizes,2026-09-04,1.3,PLANNING ESTIMATE — NOT RELEASE APPROVAL
175,138,,SKU-017,Fold-flat travel phone stand,Phone/tablet stands & passive docks,NOT_STARTED,,2 VALIDATE NEXT,85.0,1,2,1,91.0,4,2,4,5,4,5,5,S03; S05; S09; S11; S19,"Estimated market fit 4/5 with evidence confidence 2/5; strategy fit 4/5; additive differentiation 5/5; portfolio leverage 4/5; creation effort 1/5, validation effort 2/5 and commercial risk 1/5.",Run demand and workflow validation before CAD capacity is assigned. Proposed gate: Optimize one-click variants for common case thicknesses,2026-09-04,1.3,PLANNING ESTIMATE — NOT RELEASE APPROVAL
176,139,,SKU-028,Mahjong score-marker station,"Mahjong racks, pushers & tile trays",NOT_STARTED,,2 VALIDATE NEXT,85.0,1,1,1,89.0,5,4,3,4,3,5,5,S01; S11; S16; S17,"Estimated market fit 5/5 with evidence confidence 4/5; strategy fit 3/5; additive differentiation 4/5; portfolio leverage 3/5; creation effort 1/5, validation effort 1/5 and commercial risk 1/5.",Run demand and workflow validation before CAD capacity is assigned. Proposed gate: Create universal and language-specific presets,2026-09-04,1.3,PLANNING ESTIMATE — NOT RELEASE APPROVAL
177,140,,SKU-272,Concert-wristband memory spool,Sentimental display and archive,NOT_STARTED,,2 VALIDATE NEXT,85.0,1,1,1,88.0,4,3,4,4,4,5,4,S01; S31; S34; S32,"Estimated market fit 4/5 with evidence confidence 3/5; strategy fit 4/5; additive differentiation 4/5; portfolio leverage 4/5; creation effort 1/5, validation effort 1/5 and commercial risk 1/5.",Run demand and workflow validation before CAD capacity is assigned. Proposed gate: Validate one inert object or card set and print a contact/recess coupon before the complete display.,2026-09-04,1.3,PLANNING ESTIMATE — NOT RELEASE APPROVAL
178,141,,SKU-279,Travel-patch presentation tile,Sentimental display and archive,NOT_STARTED,,2 VALIDATE NEXT,85.0,1,1,1,87.0,4,3,4,4,4,5,4,S01; S31; S34; S32,"Estimated market fit 4/5 with evidence confidence 3/5; strategy fit 4/5; additive differentiation 4/5; portfolio leverage 4/5; creation effort 1/5, validation effort 1/5 and commercial risk 1/5.",Run demand and workflow validation before CAD capacity is assigned. Proposed gate: Validate one inert object or card set and print a contact/recess coupon before the complete display.,2026-09-04,1.3,PLANNING ESTIMATE — NOT RELEASE APPROVAL
179,142,,SKU-280,Brooch drawer-card cassette,Sentimental display and archive,NOT_STARTED,,2 VALIDATE NEXT,85.0,2,3,1,89.0,5,3,4,5,4,5,4,S01; S31; S34; S32,"Estimated market fit 5/5 with evidence confidence 3/5; strategy fit 4/5; additive differentiation 5/5; portfolio leverage 4/5; creation effort 2/5, validation effort 3/5 and commercial risk 1/5.",Run demand and workflow validation before CAD capacity is assigned. Proposed gate: Validate one inert object or card set and print a contact/recess coupon before the complete display.,2026-09-04,1.3,PLANNING ESTIMATE — NOT RELEASE APPROVAL
180,143,,SKU-281,Lapel-pin outfit-selection stand,Sentimental display and archive,NOT_STARTED,,2 VALIDATE NEXT,85.0,1,1,1,87.0,4,3,4,4,4,5,4,S01; S31; S34; S32,"Estimated market fit 4/5 with evidence confidence 3/5; strategy fit 4/5; additive differentiation 4/5; portfolio leverage 4/5; creation effort 1/5, validation effort 1/5 and commercial risk 1/5.",Run demand and workflow validation before CAD capacity is assigned. Proposed gate: Validate one inert object or card set and print a contact/recess coupon before the complete display.,2026-09-04,1.3,PLANNING ESTIMATE — NOT RELEASE APPROVAL
181,144,,SKU-282,Heirloom-jewelry story-card plinth,Sentimental display and archive,NOT_STARTED,,2 VALIDATE NEXT,85.0,1,1,1,88.0,4,3,4,4,4,5,4,S01; S31; S34; S32,"Estimated market fit 4/5 with evidence confidence 3/5; strategy fit 4/5; additive differentiation 4/5; portfolio leverage 4/5; creation effort 1/5, validation effort 1/5 and commercial risk 1/5.",Run demand and workflow validation before CAD capacity is assigned. Proposed gate: Validate one inert object or card set and print a contact/recess coupon before the complete display.,2026-09-04,1.3,PLANNING ESTIMATE — NOT RELEASE APPROVAL
182,145,,SKU-283,Souvenir-magnet tabletop display board,Sentimental display and archive,NOT_STARTED,,2 VALIDATE NEXT,85.0,1,1,1,88.0,4,3,4,4,4,5,4,S01; S31; S34; S32,"Estimated market fit 4/5 with evidence confidence 3/5; strategy fit 4/5; additive differentiation 4/5; portfolio leverage 4/5; creation effort 1/5, validation effort 1/5 and commercial risk 1/5.",Run demand and workflow validation before CAD capacity is assigned. Proposed gate: Validate one inert object or card set and print a contact/recess coupon before the complete display.,2026-09-04,1.3,PLANNING ESTIMATE — NOT RELEASE APPROVAL
183,146,,SKU-296,Fragrance-note card index stand,Fragrance ritual organization,NOT_STARTED,,2 VALIDATE NEXT,85.0,2,2,1,93.0,5,3,4,4,4,5,4,S36; S31; S32,"Estimated market fit 5/5 with evidence confidence 3/5; strategy fit 4/5; additive differentiation 4/5; portfolio leverage 4/5; creation effort 2/5, validation effort 2/5 and commercial risk 1/5.",Run demand and workflow validation before CAD capacity is assigned. Proposed gate: Confirm one clean dry sample set and print the smallest slot/label coupon before the full organizer.,2026-09-04,1.3,PLANNING ESTIMATE — NOT RELEASE APPROVAL
184,147,,SKU-297,Scent-layering recipe card file,Fragrance ritual organization,NOT_STARTED,,2 VALIDATE NEXT,85.0,2,2,1,94.0,5,3,4,4,4,5,4,S36; S31; S32,"Estimated market fit 5/5 with evidence confidence 3/5; strategy fit 4/5; additive differentiation 4/5; portfolio leverage 4/5; creation effort 2/5, validation effort 2/5 and commercial risk 1/5.",Run demand and workflow validation before CAD capacity is assigned. Proposed gate: Confirm one clean dry sample set and print the smallest slot/label coupon before the full organizer.,2026-09-04,1.3,PLANNING ESTIMATE — NOT RELEASE APPROVAL
185,148,,SKU-298,Sealed perfume-sample sleeve sorter,Fragrance ritual organization,NOT_STARTED,,2 VALIDATE NEXT,85.0,2,3,1,93.0,5,3,4,5,4,5,4,S36; S31; S32,"Estimated market fit 5/5 with evidence confidence 3/5; strategy fit 4/5; additive differentiation 5/5; portfolio leverage 4/5; creation effort 2/5, validation effort 3/5 and commercial risk 1/5.",Run demand and workflow validation before CAD capacity is assigned. Proposed gate: Confirm one clean dry sample set and print the smallest slot/label coupon before the full organizer.,2026-09-04,1.3,PLANNING ESTIMATE — NOT RELEASE APPROVAL
186,149,,SKU-311,Gamegenic Prime 66 x 91 single-card display rail,Named board-game card accessories,NOT_STARTED,,2 VALIDATE NEXT,85.0,1,1,1,76.0,3,3,5,5,4,5,3,S01; S04; S11; S16; S48; S53,"Estimated market fit 3/5 with evidence confidence 3/5; strategy fit 5/5; additive differentiation 5/5; portfolio leverage 4/5; creation effort 1/5, validation effort 1/5 and commercial risk 1/5.","Run demand and workflow validation before CAD capacity is assigned. Proposed gate: Print one 66 x 91 mm two-datum coupon and test a current Prime sleeve for free insertion, visibility and marking.",2026-09-04,1.3,PLANNING ESTIMATE — NOT RELEASE APPROVAL
187,150,,SKU-379,CableWave under-desk raceway,AI-generated tools & desktop utility,NOT_STARTED,,2 VALIDATE NEXT,85.0,2,3,1,86.0,5,2,5,5,4,4,3,S102; S103,"Estimated market fit 5/5 with evidence confidence 2/5; strategy fit 5/5; additive differentiation 5/5; portfolio leverage 4/5; creation effort 2/5, validation effort 3/5 and commercial risk 1/5.","Run demand and workflow validation before CAD capacity is assigned. Proposed gate: Resolve the Step1X-3D licence conflict for EU commercial use first [S125][S126]; then: Print the interface coupon against the exact purchased hardware, measure retention, then confirm the grip geometry on a real task",2026-09-04,1.3,PLANNING ESTIMATE — NOT RELEASE APPROVAL
188,151,,SKU-523,ISO/IEC 7810 ID-1 card leaving-home token station,Named-token routine stations,NOT_STARTED,,2 VALIDATE NEXT,84.8,2,2,2,98.0,4,3,5,5,4,5,5,S31; S01; S11; S19; S24; S32; S60; S53,"Estimated market fit 4/5 with evidence confidence 3/5; strategy fit 5/5; additive differentiation 5/5; portfolio leverage 4/5; creation effort 2/5, validation effort 2/5 and commercial risk 2/5.","Run demand and workflow validation before CAD capacity is assigned. Proposed gate: Print one to-do/ready bay pair and test flat, embossed and contactless cards for one-handed movement and retention.",2026-09-04,1.3,PLANNING ESTIMATE — NOT RELEASE APPROVAL
189,152,,SKU-525,AirTag 2nd-generation leaving-home token station,Named-token routine stations,NOT_STARTED,,2 VALIDATE NEXT,84.8,2,2,2,98.0,4,3,5,5,4,5,5,S31; S01; S11; S19; S24; S32; S49; S53,"Estimated market fit 4/5 with evidence confidence 3/5; strategy fit 5/5; additive differentiation 5/5; portfolio leverage 4/5; creation effort 2/5, validation effort 2/5 and commercial risk 2/5.",Run demand and workflow validation before CAD capacity is assigned. Proposed gate: Print one recess coupon from the published tracker nominal and test one real tracker for free placement and retention.,2026-09-04,1.3,PLANNING ESTIMATE — NOT RELEASE APPROVAL
190,153,,SKU-526,Euro circulation-coin leaving-home token station,Named-token routine stations,NOT_STARTED,,2 VALIDATE NEXT,84.8,2,2,2,98.0,4,3,5,5,4,5,5,S31; S01; S11; S19; S24; S32; S47; S53,"Estimated market fit 4/5 with evidence confidence 3/5; strategy fit 5/5; additive differentiation 5/5; portfolio leverage 4/5; creation effort 2/5, validation effort 2/5 and commercial risk 2/5.",Run demand and workflow validation before CAD capacity is assigned. Proposed gate: Print the two closest-diameter recesses and confirm that circulating coins cannot cross-enter before any denomination wording.,2026-09-04,1.3,PLANNING ESTIMATE — NOT RELEASE APPROVAL
191,154,,SKU-527,DIN A7 74 x 105 checklist-card token station,Named-token routine stations,NOT_STARTED,,2 VALIDATE NEXT,84.8,2,2,2,98.0,4,3,5,5,4,5,5,S31; S01; S11; S19; S24; S32; S59; S53,"Estimated market fit 4/5 with evidence confidence 3/5; strategy fit 5/5; additive differentiation 5/5; portfolio leverage 4/5; creation effort 2/5, validation effort 2/5 and commercial risk 2/5.",Run demand and workflow validation before CAD capacity is assigned. Proposed gate: Print one to-do/ready bay pair and test 160 g and laminated cards for one-handed movement and legibility.,2026-09-04,1.3,PLANNING ESTIMATE — NOT RELEASE APPROVAL
192,155,,SKU-528,DIN A6 105 x 148 checklist-card token station,Named-token routine stations,NOT_STARTED,,2 VALIDATE NEXT,84.8,2,2,2,98.0,4,3,5,5,4,5,5,S31; S01; S11; S19; S24; S32; S59; S53,"Estimated market fit 4/5 with evidence confidence 3/5; strategy fit 5/5; additive differentiation 5/5; portfolio leverage 4/5; creation effort 2/5, validation effort 2/5 and commercial risk 2/5.",Run demand and workflow validation before CAD capacity is assigned. Proposed gate: Print one to-do/ready bay pair and confirm that an A6 card stays legible and stable at the chosen rake angle.,2026-09-04,1.3,PLANNING ESTIMATE — NOT RELEASE APPROVAL
193,156,,SKU-545,IKEA HELMER 006.199.02 drawer grid organizer,Named-drawer exact-fit grids,NOT_STARTED,,2 VALIDATE NEXT,84.8,2,3,2,96.0,5,3,5,5,4,4,4,S05; S06; S11; S19; S68; S53,"Estimated market fit 5/5 with evidence confidence 3/5; strategy fit 5/5; additive differentiation 5/5; portfolio leverage 4/5; creation effort 2/5, validation effort 3/5 and commercial risk 2/5.",Run demand and workflow validation before CAD capacity is assigned. Proposed gate: Print a 220 x 370 mm minus/nominal/plus gauge and confirm corner radii and usable height on one real HELMER drawer.,2026-09-04,1.3,PLANNING ESTIMATE — NOT RELEASE APPROVAL
194,157,,SKU-546,IKEA MAXIMERA 903.193.48 medium 60 x 60 drawer grid organizer,Named-drawer exact-fit grids,NOT_STARTED,,2 VALIDATE NEXT,84.8,2,3,2,96.0,5,3,5,5,4,4,4,S05; S06; S11; S19; S69; S53,"Estimated market fit 5/5 with evidence confidence 3/5; strategy fit 5/5; additive differentiation 5/5; portfolio leverage 4/5; creation effort 2/5, validation effort 3/5 and commercial risk 2/5.","Run demand and workflow validation before CAD capacity is assigned. Proposed gate: Print a minus/nominal/plus inner-floor gauge and one module seam, then confirm one mounted MAXIMERA drawer.",2026-09-04,1.3,PLANNING ESTIMATE — NOT RELEASE APPROVAL
195,158,,SKU-547,IKEA MAXIMERA 703.193.49 medium 60 x 37 drawer grid organizer,Named-drawer exact-fit grids,NOT_STARTED,,2 VALIDATE NEXT,84.8,2,3,2,96.0,5,3,5,5,4,4,4,S05; S06; S11; S19; S70; S53,"Estimated market fit 5/5 with evidence confidence 3/5; strategy fit 5/5; additive differentiation 5/5; portfolio leverage 4/5; creation effort 2/5, validation effort 3/5 and commercial risk 2/5.","Run demand and workflow validation before CAD capacity is assigned. Proposed gate: Print a minus/nominal/plus inner-floor gauge and one module seam, then confirm one mounted MAXIMERA drawer.",2026-09-04,1.3,PLANNING ESTIMATE — NOT RELEASE APPROVAL
196,159,,SKU-548,IKEA MAXIMERA 203.193.61 high 60 x 60 drawer grid organizer,Named-drawer exact-fit grids,NOT_STARTED,,2 VALIDATE NEXT,84.8,2,3,2,96.0,5,3,5,5,4,4,4,S05; S06; S11; S19; S71; S53,"Estimated market fit 5/5 with evidence confidence 3/5; strategy fit 5/5; additive differentiation 5/5; portfolio leverage 4/5; creation effort 2/5, validation effort 3/5 and commercial risk 2/5.","Run demand and workflow validation before CAD capacity is assigned. Proposed gate: Print a minus/nominal/plus inner-floor gauge and one tall divider, then confirm tipping behaviour in one mounted drawer.",2026-09-04,1.3,PLANNING ESTIMATE — NOT RELEASE APPROVAL
197,160,,SKU-550,Blum LEGRABOX 500 mm M-height drawer grid organizer,Named-drawer exact-fit grids,NOT_STARTED,,2 VALIDATE NEXT,84.8,2,3,2,96.0,5,3,5,5,4,4,4,S05; S06; S11; S19; S77; S53,"Estimated market fit 5/5 with evidence confidence 3/5; strategy fit 5/5; additive differentiation 5/5; portfolio leverage 4/5; creation effort 2/5, validation effort 3/5 and commercial risk 2/5.","Run demand and workflow validation before CAD capacity is assigned. Proposed gate: Gauge the installed inner floor in three axes, then print a minus/nominal/plus module before any LEGRABOX compatibility wording.",2026-09-04,1.3,PLANNING ESTIMATE — NOT RELEASE APPROVAL
198,161,,SKU-157,Bead-vial scoop-well tray,Bead and jewelry-craft organization,NOT_STARTED,,2 VALIDATE NEXT,84.5,1,3,3,96.0,5,3,5,5,4,4,4,S33; S01; S11; S19; S32,"Estimated market fit 5/5 with evidence confidence 3/5; strategy fit 5/5; additive differentiation 5/5; portfolio leverage 4/5; creation effort 1/5, validation effort 3/5 and commercial risk 3/5.",Run demand and workflow validation before CAD capacity is assigned. Proposed gate: Test bead recovery and static behavior across three common bead sizes.,2026-09-04,1.3,PLANNING ESTIMATE — NOT RELEASE APPROVAL
199,162,,SKU-010,Exact-fit vanity drawer insert,Makeup & vanity organizers,NOT_STARTED,,2 VALIDATE NEXT,84.0,2,3,1,92.0,5,3,4,5,4,4,4,S07; S11; S19,"Estimated market fit 5/5 with evidence confidence 3/5; strategy fit 4/5; additive differentiation 5/5; portfolio leverage 4/5; creation effort 2/5, validation effort 3/5 and commercial risk 1/5.",Run demand and workflow validation before CAD capacity is assigned. Proposed gate: Reuse drawer layout engine from organizer MVP,2026-09-04,1.3,PLANNING ESTIMATE — NOT RELEASE APPROVAL
200,163,,SKU-013,Business QR-code tabletop sign,"Personalized signs, house numbers & event decor",NOT_STARTED,,2 VALIDATE NEXT,84.0,2,2,1,84.0,4,3,4,5,4,5,5,S01; S04; S11; S16; S24,"Estimated market fit 4/5 with evidence confidence 3/5; strategy fit 4/5; additive differentiation 5/5; portfolio leverage 4/5; creation effort 2/5, validation effort 2/5 and commercial risk 1/5.",Run demand and workflow validation before CAD capacity is assigned. Proposed gate: Automate QR validation and proof approval,2026-09-04,1.3,PLANNING ESTIMATE — NOT RELEASE APPROVAL
201,164,,SKU-201,Exact-fit sofa-side remote and notepad insert,Small-space dry organization,NOT_STARTED,,2 VALIDATE NEXT,84.0,2,3,1,92.0,4,3,5,5,4,5,4,S31; S32,"Estimated market fit 4/5 with evidence confidence 3/5; strategy fit 5/5; additive differentiation 5/5; portfolio leverage 4/5; creation effort 2/5, validation effort 3/5 and commercial risk 1/5.","Run demand and workflow validation before CAD capacity is assigned. Proposed gate: Run the measurement workflow on one real envelope, then print the smallest fit corner or divider coupon before a full prototype.",2026-09-04,1.3,PLANNING ESTIMATE — NOT RELEASE APPROVAL
202,165,,SKU-213,Garment-repair kit drawer cassette,Small-space dry organization,NOT_STARTED,,2 VALIDATE NEXT,84.0,2,4,1,90.0,5,3,5,4,4,5,4,S31; S32,"Estimated market fit 5/5 with evidence confidence 3/5; strategy fit 5/5; additive differentiation 4/5; portfolio leverage 4/5; creation effort 2/5, validation effort 4/5 and commercial risk 1/5.","Run demand and workflow validation before CAD capacity is assigned. Proposed gate: Run the measurement workflow on one real envelope, then print the smallest fit corner or divider coupon before a full prototype.",2026-09-04,1.3,PLANNING ESTIMATE — NOT RELEASE APPROVAL
203,166,,SKU-215,Seasonal-accessory drawer divider set,Small-space dry organization,NOT_STARTED,,2 VALIDATE NEXT,84.0,2,3,1,90.0,5,3,5,4,4,4,3,S31; S32,"Estimated market fit 5/5 with evidence confidence 3/5; strategy fit 5/5; additive differentiation 4/5; portfolio leverage 4/5; creation effort 2/5, validation effort 3/5 and commercial risk 1/5.","Run demand and workflow validation before CAD capacity is assigned. Proposed gate: Run the measurement workflow on one real envelope, then print the smallest fit corner or divider coupon before a full prototype.",2026-09-04,1.3,PLANNING ESTIMATE — NOT RELEASE APPROVAL
204,167,,SKU-324,Low-Poly Howling Wolf desk sculpture,AI-generated animals & creatures,NOT_STARTED,,2 VALIDATE NEXT,84.0,1,1,1,76.0,4,2,4,5,4,4,3,S86; S113,"Estimated market fit 4/5 with evidence confidence 2/5; strategy fit 4/5; additive differentiation 5/5; portfolio leverage 4/5; creation effort 1/5, validation effort 1/5 and commercial risk 1/5.","Run demand and workflow validation before CAD capacity is assigned. Proposed gate: Resolve the Step1X-3D licence conflict for EU commercial use first [S125][S126]; then: Generate one reference image and one Step1X-3D mesh, repair to a watertight solid, then print one smallest-feature coupon before a full model",2026-09-04,1.3,PLANNING ESTIMATE — NOT RELEASE APPROVAL
205,168,,SKU-326,Low-Poly Prowling Panther sculpture,AI-generated animals & creatures,NOT_STARTED,,2 VALIDATE NEXT,84.0,1,1,1,76.0,4,2,4,5,4,4,3,S86; S113,"Estimated market fit 4/5 with evidence confidence 2/5; strategy fit 4/5; additive differentiation 5/5; portfolio leverage 4/5; creation effort 1/5, validation effort 1/5 and commercial risk 1/5.","Run demand and workflow validation before CAD capacity is assigned. Proposed gate: Resolve the Step1X-3D licence conflict for EU commercial use first [S125][S126]; then: Generate one reference image and one Step1X-3D mesh, repair to a watertight solid, then print one smallest-feature coupon before a full model",2026-09-04,1.3,PLANNING ESTIMATE — NOT RELEASE APPROVAL
206,169,,SKU-331,Octopus cable wrap organizer,AI-generated animals & creatures,NOT_STARTED,,2 VALIDATE NEXT,84.0,2,2,1,90.0,5,2,4,5,4,4,3,S103; S84,"Estimated market fit 5/5 with evidence confidence 2/5; strategy fit 4/5; additive differentiation 5/5; portfolio leverage 4/5; creation effort 2/5, validation effort 2/5 and commercial risk 1/5.","Run demand and workflow validation before CAD capacity is assigned. Proposed gate: Resolve the Step1X-3D licence conflict for EU commercial use first [S125][S126]; then: Generate one reference image and one Step1X-3D mesh, repair to a watertight solid, then print one smallest-feature coupon before a full model",2026-09-04,1.3,PLANNING ESTIMATE — NOT RELEASE APPROVAL
207,170,,SKU-336,Chibi Steampunk Aviator with goggles,AI-generated cartoon & comic characters,NOT_STARTED,,2 VALIDATE NEXT,84.0,1,1,1,75.0,4,2,4,5,4,4,3,S86; S87,"Estimated market fit 4/5 with evidence confidence 2/5; strategy fit 4/5; additive differentiation 5/5; portfolio leverage 4/5; creation effort 1/5, validation effort 1/5 and commercial risk 1/5.","Run demand and workflow validation before CAD capacity is assigned. Proposed gate: Resolve the Step1X-3D licence conflict for EU commercial use first [S125][S126]; then: Run the originality and trade-dress review, then generate one reference image, one Step1X-3D mesh and one printed minimum-feature coupon",2026-09-04,1.3,PLANNING ESTIMATE — NOT RELEASE APPROVAL
208,171,,SKU-344,Stylized Mushroom Sprite figurine,AI-generated cartoon & comic characters,NOT_STARTED,,2 VALIDATE NEXT,84.0,1,1,1,76.0,4,2,4,5,4,4,3,S90; S113,"Estimated market fit 4/5 with evidence confidence 2/5; strategy fit 4/5; additive differentiation 5/5; portfolio leverage 4/5; creation effort 1/5, validation effort 1/5 and commercial risk 1/5.","Run demand and workflow validation before CAD capacity is assigned. Proposed gate: Resolve the Step1X-3D licence conflict for EU commercial use first [S125][S126]; then: Run the originality and trade-dress review, then generate one reference image, one Step1X-3D mesh and one printed minimum-feature coupon",2026-09-04,1.3,PLANNING ESTIMATE — NOT RELEASE APPROVAL
209,172,,SKU-395,Classical draped torso statue,"AI-generated persons, figurines & statues",NOT_STARTED,,2 VALIDATE NEXT,84.0,1,1,1,74.0,4,2,4,5,4,4,3,S110; S113,"Estimated market fit 4/5 with evidence confidence 2/5; strategy fit 4/5; additive differentiation 5/5; portfolio leverage 4/5; creation effort 1/5, validation effort 1/5 and commercial risk 1/5.","Run demand and workflow validation before CAD capacity is assigned. Proposed gate: Resolve the Step1X-3D licence conflict for EU commercial use first [S125][S126]; then: Run the likeness and rights review, then generate one reference image, one Step1X-3D mesh and one printed minimum-feature coupon",2026-09-04,1.3,PLANNING ESTIMATE — NOT RELEASE APPROVAL
210,173,,SKU-396,Abstract ribbon figure spiral sculpture,"AI-generated persons, figurines & statues",NOT_STARTED,,2 VALIDATE NEXT,84.0,1,1,1,79.0,4,2,4,5,4,4,3,S111,"Estimated market fit 4/5 with evidence confidence 2/5; strategy fit 4/5; additive differentiation 5/5; portfolio leverage 4/5; creation effort 1/5, validation effort 1/5 and commercial risk 1/5.","Run demand and workflow validation before CAD capacity is assigned. Proposed gate: Resolve the Step1X-3D licence conflict for EU commercial use first [S125][S126]; then: Run the likeness and rights review, then generate one reference image, one Step1X-3D mesh and one printed minimum-feature coupon",2026-09-04,1.3,PLANNING ESTIMATE — NOT RELEASE APPROVAL
211,174,,SKU-397,Two-figure anniversary keepsake plinth,"AI-generated persons, figurines & statues",NOT_STARTED,,2 VALIDATE NEXT,84.0,1,1,1,76.0,4,2,4,5,4,4,3,S113; S120,"Estimated market fit 4/5 with evidence confidence 2/5; strategy fit 4/5; additive differentiation 5/5; portfolio leverage 4/5; creation effort 1/5, validation effort 1/5 and commercial risk 1/5.","Run demand and workflow validation before CAD capacity is assigned. Proposed gate: Resolve the Step1X-3D licence conflict for EU commercial use first [S125][S126]; then: Run the likeness and rights review, then generate one reference image, one Step1X-3D mesh and one printed minimum-feature coupon",2026-09-04,1.3,PLANNING ESTIMATE — NOT RELEASE APPROVAL
212,175,,SKU-407,Insect-wing wall relief trio,AI-generated trending decor objects,NOT_STARTED,,2 VALIDATE NEXT,84.0,1,1,1,76.0,3,2,5,5,4,5,3,S113; S114,"Estimated market fit 3/5 with evidence confidence 2/5; strategy fit 5/5; additive differentiation 5/5; portfolio leverage 4/5; creation effort 1/5, validation effort 1/5 and commercial risk 1/5.","Run demand and workflow validation before CAD capacity is assigned. Proposed gate: Resolve the Step1X-3D licence conflict for EU commercial use first [S125][S126]; then: Print one interface coupon for the insert, pot or keep-out, verify fit and stability, then decide the sealing and heat exclusions",2026-09-04,1.3,PLANNING ESTIMATE — NOT RELEASE APPROVAL
213,176,,SKU-534,ISO/IEC 7810 ID-1 card valet pod,Named-item valet pods,NOT_STARTED,,2 VALIDATE NEXT,84.0,2,2,1,97.0,4,3,5,5,4,4,3,S01; S31; S11; S19; S32; S60; S53,"Estimated market fit 4/5 with evidence confidence 3/5; strategy fit 5/5; additive differentiation 5/5; portfolio leverage 4/5; creation effort 2/5, validation effort 2/5 and commercial risk 1/5.","Run demand and workflow validation before CAD capacity is assigned. Proposed gate: Print one card pod and connector seam and test flat, embossed and contactless cards for single-handed pickup.",2026-09-04,1.3,PLANNING ESTIMATE — NOT RELEASE APPROVAL
214,177,,SKU-535,ICAO 9303 TD3 passport valet pod,Named-item valet pods,NOT_STARTED,,2 VALIDATE NEXT,84.0,2,2,1,97.0,4,3,5,5,4,4,3,S01; S31; S11; S19; S32; S61; S53,"Estimated market fit 4/5 with evidence confidence 3/5; strategy fit 5/5; additive differentiation 5/5; portfolio leverage 4/5; creation effort 2/5, validation effort 2/5 and commercial risk 1/5.",Run demand and workflow validation before CAD capacity is assigned. Proposed gate: Print one booklet pod and measure closed spine thickness on three real booklets before setting the pod depth.,2026-09-04,1.3,PLANNING ESTIMATE — NOT RELEASE APPROVAL
215,178,,SKU-536,AirTag 2nd-generation valet pod,Named-item valet pods,NOT_STARTED,,2 VALIDATE NEXT,84.0,2,2,1,97.0,4,3,5,5,4,4,3,S01; S31; S11; S19; S32; S49; S53,"Estimated market fit 4/5 with evidence confidence 3/5; strategy fit 5/5; additive differentiation 5/5; portfolio leverage 4/5; creation effort 2/5, validation effort 2/5 and commercial risk 1/5.",Run demand and workflow validation before CAD capacity is assigned. Proposed gate: Print one recess coupon from the published tracker nominal and test one real tracker for free placement and pickup.,2026-09-04,1.3,PLANNING ESTIMATE — NOT RELEASE APPROVAL
216,179,,SKU-537,Euro circulation-coin valet pod,Named-item valet pods,NOT_STARTED,,2 VALIDATE NEXT,84.0,2,2,1,97.0,4,3,5,5,4,4,3,S01; S31; S11; S19; S32; S47; S53,"Estimated market fit 4/5 with evidence confidence 3/5; strategy fit 5/5; additive differentiation 5/5; portfolio leverage 4/5; creation effort 2/5, validation effort 2/5 and commercial risk 1/5.",Run demand and workflow validation before CAD capacity is assigned. Proposed gate: Print the two closest-diameter recesses and confirm that circulating coins cannot cross-enter before any denomination wording.,2026-09-04,1.3,PLANNING ESTIMATE — NOT RELEASE APPROVAL
217,180,,SKU-539,instax mini print valet pod,Named-item valet pods,NOT_STARTED,,2 VALIDATE NEXT,84.0,2,2,1,97.0,4,3,5,5,4,4,3,S01; S31; S11; S19; S32; S41; S53,"Estimated market fit 4/5 with evidence confidence 3/5; strategy fit 5/5; additive differentiation 5/5; portfolio leverage 4/5; creation effort 2/5, validation effort 2/5 and commercial risk 1/5.","Run demand and workflow validation before CAD capacity is assigned. Proposed gate: Print one photo pod and test fully developed dry prints for scuffing, rake stability and single-handed pickup.",2026-09-04,1.3,PLANNING ESTIMATE — NOT RELEASE APPROVAL
218,181,,SKU-022,Large tablet display stand,Phone/tablet stands & passive docks,NOT_STARTED,,2 VALIDATE NEXT,83.8,2,2,2,92.0,5,2,4,5,4,5,4,S03; S05; S09; S11; S19,"Estimated market fit 5/5 with evidence confidence 2/5; strategy fit 4/5; additive differentiation 5/5; portfolio leverage 4/5; creation effort 2/5, validation effort 2/5 and commercial risk 2/5.",Run demand and workflow validation before CAD capacity is assigned. Proposed gate: Validate largest supported tablet and case,2026-09-04,1.3,PLANNING ESTIMATE — NOT RELEASE APPROVAL
219,182,,SKU-027,Personalized event place-card token set,"Personalized signs, house numbers & event decor",NOT_STARTED,,2 VALIDATE NEXT,83.8,1,2,2,84.0,4,3,4,5,4,5,5,S01; S04; S11; S16; S24,"Estimated market fit 4/5 with evidence confidence 3/5; strategy fit 4/5; additive differentiation 5/5; portfolio leverage 4/5; creation effort 1/5, validation effort 2/5 and commercial risk 2/5.",Run demand and workflow validation before CAD capacity is assigned. Proposed gate: Build CSV guest-list import and proof sheet,2026-09-04,1.3,PLANNING ESTIMATE — NOT RELEASE APPROVAL
220,183,,SKU-106,Watch-strap and jewelry drawer cassette,Personal-item organization,NOT_STARTED,,2 VALIDATE NEXT,83.8,1,3,2,95.0,5,3,5,5,4,2,3,S01; S31; S11; S19; S32,"Estimated market fit 5/5 with evidence confidence 3/5; strategy fit 5/5; additive differentiation 5/5; portfolio leverage 4/5; creation effort 1/5, validation effort 3/5 and commercial risk 2/5.",Run demand and workflow validation before CAD capacity is assigned. Proposed gate: Test scratch risk with TPU and felt alternatives; run a customer proof workflow.,2026-09-04,1.3,PLANNING ESTIMATE — NOT RELEASE APPROVAL
221,184,,SKU-146,Washi-tape tiered dispenser,Paper-craft organization,NOT_STARTED,,2 VALIDATE NEXT,83.8,2,2,2,95.0,5,4,5,4,4,3,3,S33; S01; S11; S19; S32,"Estimated market fit 5/5 with evidence confidence 4/5; strategy fit 5/5; additive differentiation 4/5; portfolio leverage 4/5; creation effort 2/5, validation effort 2/5 and commercial risk 2/5.",Run demand and workflow validation before CAD capacity is assigned. Proposed gate: Prototype captive printed axle and smooth-edge dispensing for varied tapes.,2026-09-04,1.3,PLANNING ESTIMATE — NOT RELEASE APPROVAL
222,185,,SKU-152,Spool-cone adapter and tail keeper,Sewing and needlecraft organization,NOT_STARTED,,2 VALIDATE NEXT,83.8,1,3,2,88.0,5,3,4,5,4,5,3,S33; S11; S19; S32,"Estimated market fit 5/5 with evidence confidence 3/5; strategy fit 4/5; additive differentiation 5/5; portfolio leverage 4/5; creation effort 1/5, validation effort 3/5 and commercial risk 2/5.",Run demand and workflow validation before CAD capacity is assigned. Proposed gate: Test fit and thread snag on ten cool stationary spools.,2026-09-04,1.3,PLANNING ESTIMATE — NOT RELEASE APPROVAL
223,186,,SKU-155,Marker swatch-cap display rail,Drawing and journaling organization,NOT_STARTED,,2 VALIDATE NEXT,83.8,2,3,2,96.0,5,4,5,4,4,4,4,S33; S01; S11; S19; S28; S32,"Estimated market fit 5/5 with evidence confidence 4/5; strategy fit 5/5; additive differentiation 4/5; portfolio leverage 4/5; creation effort 2/5, validation effort 3/5 and commercial risk 2/5.",Run demand and workflow validation before CAD capacity is assigned. Proposed gate: Prototype non-cap-contact rail and run retrieval tests with generic markers.,2026-09-04,1.3,PLANNING ESTIMATE — NOT RELEASE APPROVAL
224,187,,SKU-171,Personalized freestanding valet tray with named pods,Personalized functional organization,NOT_STARTED,,2 VALIDATE NEXT,83.8,1,2,2,97.0,5,3,5,3,4,3,4,S01; S31; S11; S19; S32,"Estimated market fit 5/5 with evidence confidence 3/5; strategy fit 5/5; additive differentiation 3/5; portfolio leverage 4/5; creation effort 1/5, validation effort 2/5 and commercial risk 2/5.",Run demand and workflow validation before CAD capacity is assigned. Proposed gate: Pilot two- and four-person layouts; test text proofs and edge comfort.,2026-09-04,1.3,PLANNING ESTIMATE — NOT RELEASE APPROVAL
225,188,,SKU-137,Interchangeable cable-head reducer insert set,Cable-management systems,NOT_STARTED,,2 VALIDATE NEXT,83.5,2,4,3,87.0,5,3,5,5,5,5,3,S31; S09; S11; S19; S28; S32,"Estimated market fit 5/5 with evidence confidence 3/5; strategy fit 5/5; additive differentiation 5/5; portfolio leverage 5/5; creation effort 2/5, validation effort 4/5 and commercial risk 3/5.",Run demand and workflow validation before CAD capacity is assigned. Proposed gate: Define one stable insert interface and run a full diameter/force sweep.,2026-09-04,1.3,PLANNING ESTIMATE — NOT RELEASE APPROVAL
226,189,,SKU-273,Photo-booth strip vertical display,Sentimental display and archive,NOT_STARTED,,2 VALIDATE NEXT,83.0,1,2,1,88.0,4,3,4,4,4,5,4,S01; S31; S34; S32,"Estimated market fit 4/5 with evidence confidence 3/5; strategy fit 4/5; additive differentiation 4/5; portfolio leverage 4/5; creation effort 1/5, validation effort 2/5 and commercial risk 1/5.",Run demand and workflow validation before CAD capacity is assigned. Proposed gate: Validate one inert object or card set and print a contact/recess coupon before the complete display.,2026-09-04,1.3,PLANNING ESTIMATE — NOT RELEASE APPROVAL
227,190,,SKU-274,Event-lanyard badge archive rack,Sentimental display and archive,NOT_STARTED,,2 VALIDATE NEXT,83.0,2,2,1,88.0,5,3,4,4,4,4,3,S01; S31; S34; S32,"Estimated market fit 5/5 with evidence confidence 3/5; strategy fit 4/5; additive differentiation 4/5; portfolio leverage 4/5; creation effort 2/5, validation effort 2/5 and commercial risk 1/5.",Run demand and workflow validation before CAD capacity is assigned. Proposed gate: Validate one inert object or card set and print a contact/recess coupon before the complete display.,2026-09-04,1.3,PLANNING ESTIMATE — NOT RELEASE APPROVAL
228,191,,SKU-275,Souvenir-token story tray,Sentimental display and archive,NOT_STARTED,,2 VALIDATE NEXT,83.0,1,2,1,89.0,4,3,4,4,4,5,4,S01; S31; S34; S32,"Estimated market fit 4/5 with evidence confidence 3/5; strategy fit 4/5; additive differentiation 4/5; portfolio leverage 4/5; creation effort 1/5, validation effort 2/5 and commercial risk 1/5.",Run demand and workflow validation before CAD capacity is assigned. Proposed gate: Validate one inert object or card set and print a contact/recess coupon before the complete display.,2026-09-04,1.3,PLANNING ESTIMATE — NOT RELEASE APPROVAL
229,192,,SKU-408,Modular stackable trinket tray set,AI-generated trending decor objects,NOT_STARTED,,2 VALIDATE NEXT,83.0,2,2,1,76.0,4,2,5,5,4,4,3,S110; S112,"Estimated market fit 4/5 with evidence confidence 2/5; strategy fit 5/5; additive differentiation 5/5; portfolio leverage 4/5; creation effort 2/5, validation effort 2/5 and commercial risk 1/5.","Run demand and workflow validation before CAD capacity is assigned. Proposed gate: Resolve the Step1X-3D licence conflict for EU commercial use first [S125][S126]; then: Print one interface coupon for the insert, pot or keep-out, verify fit and stability, then decide the sealing and heat exclusions",2026-09-04,1.3,PLANNING ESTIMATE — NOT RELEASE APPROVAL
230,193,,SKU-035,Under-monitor snap-in drawer,Custom desk & drawer organizers,NOT_STARTED,,2 VALIDATE NEXT,82.8,3,3,2,94.0,5,3,5,5,4,4,4,S05; S06; S11; S19,"Estimated market fit 5/5 with evidence confidence 3/5; strategy fit 5/5; additive differentiation 5/5; portfolio leverage 4/5; creation effort 3/5, validation effort 3/5 and commercial risk 2/5.",Run demand and workflow validation before CAD capacity is assigned. Proposed gate: Run 500-cycle rail test and adhesive/screw variants,2026-09-04,1.3,PLANNING ESTIMATE — NOT RELEASE APPROVAL
231,194,,SKU-114,Clip-on label-window kit for organizer bins,Label and revision system,NOT_STARTED,,2 VALIDATE NEXT,82.8,1,3,2,88.0,4,3,5,4,5,4,3,S31; S11; S19; S32,"Estimated market fit 4/5 with evidence confidence 3/5; strategy fit 5/5; additive differentiation 4/5; portfolio leverage 5/5; creation effort 1/5, validation effort 3/5 and commercial risk 2/5.",Run demand and workflow validation before CAD capacity is assigned. Proposed gate: Run lip-thickness coupon sweep and 500 attach/remove cycles.,2026-09-04,1.3,PLANNING ESTIMATE — NOT RELEASE APPROVAL
232,195,,SKU-117,Cubby-fit handbag divider set,Wardrobe and shelf organization,NOT_STARTED,,2 VALIDATE NEXT,82.8,1,3,2,91.0,5,3,5,3,4,4,4,S31; S11; S19; S32,"Estimated market fit 5/5 with evidence confidence 3/5; strategy fit 5/5; additive differentiation 3/5; portfolio leverage 4/5; creation effort 1/5, validation effort 3/5 and commercial risk 2/5.",Run demand and workflow validation before CAD capacity is assigned. Proposed gate: Prototype modular 200 mm bases; test tip and edge contact with varied bags.,2026-09-04,1.3,PLANNING ESTIMATE — NOT RELEASE APPROVAL
233,196,,SKU-127,Rolled-towel shelf divider,Wardrobe and shelf organization,NOT_STARTED,,2 VALIDATE NEXT,82.8,1,3,2,91.0,5,3,5,4,4,3,3,S31; S11; S19; S32,"Estimated market fit 5/5 with evidence confidence 3/5; strategy fit 5/5; additive differentiation 4/5; portfolio leverage 4/5; creation effort 1/5, validation effort 3/5 and commercial risk 2/5.",Run demand and workflow validation before CAD capacity is assigned. Proposed gate: Test moisture cleaning; edge snag and tip with three towel sizes.,2026-09-04,1.3,PLANNING ESTIMATE — NOT RELEASE APPROVAL
234,197,,SKU-178,Keepsake-box fitted insert for tickets and photos,Memory-keeping organization,NOT_STARTED,,2 VALIDATE NEXT,82.8,1,3,2,98.0,5,4,5,3,4,3,4,S01; S31; S33; S11; S19; S32,"Estimated market fit 5/5 with evidence confidence 4/5; strategy fit 5/5; additive differentiation 3/5; portfolio leverage 4/5; creation effort 1/5, validation effort 3/5 and commercial risk 2/5.",Run demand and workflow validation before CAD capacity is assigned. Proposed gate: Test paper snagging and a customer proof process using dummy content.,2026-09-04,1.3,PLANNING ESTIMATE — NOT RELEASE APPROVAL
235,198,,SKU-314,IKEA KALLAX 703.402.99 nominal-envelope divider matrix,Named-system furniture organization,NOT_STARTED,,2 VALIDATE NEXT,82.8,2,2,2,88.0,4,3,5,5,4,4,4,S31; S11; S19; S32; S52; S53,"Estimated market fit 4/5 with evidence confidence 3/5; strategy fit 5/5; additive differentiation 5/5; portfolio leverage 4/5; creation effort 2/5, validation effort 2/5 and commercial risk 2/5.","Run demand and workflow validation before CAD capacity is assigned. Proposed gate: Print 326.3/327.0/327.7 mm span gauges and one module seam, then test one exact KALLAX unit before any compatibility wording.",2026-09-04,1.3,PLANNING ESTIMATE — NOT RELEASE APPROVAL
236,199,,SKU-378,WallPebble magnetic tool puck,AI-generated tools & desktop utility,NOT_STARTED,,2 VALIDATE NEXT,82.8,2,3,2,90.0,5,2,5,5,4,4,3,S102; S103; S107; S109,"Estimated market fit 5/5 with evidence confidence 2/5; strategy fit 5/5; additive differentiation 5/5; portfolio leverage 4/5; creation effort 2/5, validation effort 3/5 and commercial risk 2/5.","Run demand and workflow validation before CAD capacity is assigned. Proposed gate: Resolve the Step1X-3D licence conflict for EU commercial use first [S125][S126]; then: Print the interface coupon against the exact purchased hardware, measure retention, then confirm the grip geometry on a real task",2026-09-04,1.3,PLANNING ESTIMATE — NOT RELEASE APPROVAL
237,200,,SKU-384,ShelfLedge pen and phone ledge,AI-generated tools & desktop utility,NOT_STARTED,,2 VALIDATE NEXT,82.8,2,3,2,85.0,5,2,5,5,4,4,3,S102; S109,"Estimated market fit 5/5 with evidence confidence 2/5; strategy fit 5/5; additive differentiation 5/5; portfolio leverage 4/5; creation effort 2/5, validation effort 3/5 and commercial risk 2/5.","Run demand and workflow validation before CAD capacity is assigned. Proposed gate: Resolve the Step1X-3D licence conflict for EU commercial use first [S125][S126]; then: Print the interface coupon against the exact purchased hardware, measure retention, then confirm the grip geometry on a real task",2026-09-04,1.3,PLANNING ESTIMATE — NOT RELEASE APPROVAL
238,201,,SKU-043,Personalized journal-charm set,Journaling & stationery accessories,NOT_STARTED,,2 VALIDATE NEXT,82.5,2,3,3,79.0,5,4,4,5,4,5,5,S01; S04; S11; S16,"Estimated market fit 5/5 with evidence confidence 4/5; strategy fit 4/5; additive differentiation 5/5; portfolio leverage 4/5; creation effort 2/5, validation effort 3/5 and commercial risk 3/5.",Run demand and workflow validation before CAD capacity is assigned. Proposed gate: Create original charm collection and warning card,2026-09-04,1.3,PLANNING ESTIMATE — NOT RELEASE APPROVAL
239,202,,SKU-153,Paint-bottle stepped rack,Painting and model-making organization,NOT_STARTED,,2 VALIDATE NEXT,82.5,1,3,3,93.0,5,3,5,5,4,3,3,S33; S11; S19; S32,"Estimated market fit 5/5 with evidence confidence 3/5; strategy fit 5/5; additive differentiation 5/5; portfolio leverage 4/5; creation effort 1/5, validation effort 3/5 and commercial risk 3/5.",Run demand and workflow validation before CAD capacity is assigned. Proposed gate: Test stability and staining with water-filled sample bottles; review common paint SDS boundaries.,2026-09-04,1.3,PLANNING ESTIMATE — NOT RELEASE APPROVAL
240,203,,SKU-200,Personalized leaving-home checklist token station,Entryway routine organization,NOT_STARTED,,2 VALIDATE NEXT,82.5,2,3,3,98.0,5,3,5,5,4,4,4,S31; S01; S11; S19; S24; S32,"Estimated market fit 5/5 with evidence confidence 3/5; strategy fit 5/5; additive differentiation 5/5; portfolio leverage 4/5; creation effort 2/5, validation effort 3/5 and commercial risk 3/5.",Run demand and workflow validation before CAD capacity is assigned. Proposed gate: Test one-handed token movement; visibility and customer-proof workflow with adult users.,2026-09-04,1.3,PLANNING ESTIMATE — NOT RELEASE APPROVAL
241,204,,SKU-011,Mahjong rack-and-pusher set,"Mahjong racks, pushers & tile trays",NOT_STARTED,,2 VALIDATE NEXT,82.0,2,2,1,91.0,5,4,3,5,3,5,4,S01; S11; S16; S17,"Estimated market fit 5/5 with evidence confidence 4/5; strategy fit 3/5; additive differentiation 5/5; portfolio leverage 3/5; creation effort 2/5, validation effort 2/5 and commercial risk 1/5.",Run demand and workflow validation before CAD capacity is assigned. Proposed gate: Create premium texture and felt-foot option,2026-09-04,1.3,PLANNING ESTIMATE — NOT RELEASE APPROVAL
242,205,,SKU-012,Personalized modular mahjong rack set,"Mahjong racks, pushers & tile trays",NOT_STARTED,,2 VALIDATE NEXT,82.0,2,2,1,91.0,5,4,3,5,3,5,4,S01; S11; S16; S17,"Estimated market fit 5/5 with evidence confidence 4/5; strategy fit 3/5; additive differentiation 5/5; portfolio leverage 3/5; creation effort 2/5, validation effort 2/5 and commercial risk 1/5.",Run demand and workflow validation before CAD capacity is assigned. Proposed gate: Prototype low-visibility joint and four tile standards,2026-09-04,1.3,PLANNING ESTIMATE — NOT RELEASE APPROVAL
243,206,,SKU-030,Vinyl 'Now Playing' display stand,"Bookends, vinyl & display stands",NOT_STARTED,,2 VALIDATE NEXT,82.0,2,2,1,79.0,4,3,4,5,4,4,4,S01; S04; S11; S19,"Estimated market fit 4/5 with evidence confidence 3/5; strategy fit 4/5; additive differentiation 5/5; portfolio leverage 4/5; creation effort 2/5, validation effort 2/5 and commercial risk 1/5.","Run demand and workflow validation before CAD capacity is assigned. Proposed gate: Create minimalist, retro and maximalist styles",2026-09-04,1.3,PLANNING ESTIMATE — NOT RELEASE APPROVAL
244,207,,SKU-203,Desk-pedestal side-gap vertical file,Small-space dry organization,NOT_STARTED,,2 VALIDATE NEXT,82.0,2,3,1,91.0,4,3,5,5,4,4,3,S31; S32,"Estimated market fit 4/5 with evidence confidence 3/5; strategy fit 5/5; additive differentiation 5/5; portfolio leverage 4/5; creation effort 2/5, validation effort 3/5 and commercial risk 1/5.","Run demand and workflow validation before CAD capacity is assigned. Proposed gate: Run the measurement workflow on one real envelope, then print the smallest fit corner or divider coupon before a full prototype.",2026-09-04,1.3,PLANNING ESTIMATE — NOT RELEASE APPROVAL
245,208,,SKU-351,Stylized Low-Poly Mech Warrior,AI-generated cartoon & comic characters,NOT_STARTED,,2 VALIDATE NEXT,82.0,1,2,1,76.0,4,2,4,5,4,4,3,S86,"Estimated market fit 4/5 with evidence confidence 2/5; strategy fit 4/5; additive differentiation 5/5; portfolio leverage 4/5; creation effort 1/5, validation effort 2/5 and commercial risk 1/5.","Run demand and workflow validation before CAD capacity is assigned. Proposed gate: Resolve the Step1X-3D licence conflict for EU commercial use first [S125][S126]; then: Run the originality and trade-dress review, then generate one reference image, one Step1X-3D mesh and one printed minimum-feature coupon",2026-09-04,1.3,PLANNING ESTIMATE — NOT RELEASE APPROVAL
246,209,,SKU-403,Adire-pattern planter sleeve,AI-generated trending decor objects,NOT_STARTED,,2 VALIDATE NEXT,82.0,2,3,1,84.0,4,2,5,5,4,5,3,S110; S113,"Estimated market fit 4/5 with evidence confidence 2/5; strategy fit 5/5; additive differentiation 5/5; portfolio leverage 4/5; creation effort 2/5, validation effort 3/5 and commercial risk 1/5.","Run demand and workflow validation before CAD capacity is assigned. Proposed gate: Resolve the Step1X-3D licence conflict for EU commercial use first [S125][S126]; then: Print one interface coupon for the insert, pot or keep-out, verify fit and stability, then decide the sealing and heat exclusions",2026-09-04,1.3,PLANNING ESTIMATE — NOT RELEASE APPROVAL
247,210,,SKU-413,Lace-doily luminous light panel,AI-generated trending decor objects,NOT_STARTED,,2 VALIDATE NEXT,82.0,1,1,1,73.0,3,2,5,5,4,4,2,S112; S113,"Estimated market fit 3/5 with evidence confidence 2/5; strategy fit 5/5; additive differentiation 5/5; portfolio leverage 4/5; creation effort 1/5, validation effort 1/5 and commercial risk 1/5.","Run demand and workflow validation before CAD capacity is assigned. Proposed gate: Resolve the Step1X-3D licence conflict for EU commercial use first [S125][S126]; then: Print one interface coupon for the insert, pot or keep-out, verify fit and stability, then decide the sealing and heat exclusions",2026-09-04,1.3,PLANNING ESTIMATE — NOT RELEASE APPROVAL
248,211,,SKU-414,Seasonal ornament frame and insert system,AI-generated trending decor objects,NOT_STARTED,,2 VALIDATE NEXT,82.0,1,1,1,76.0,3,2,5,5,4,4,2,S113; S115,"Estimated market fit 3/5 with evidence confidence 2/5; strategy fit 5/5; additive differentiation 5/5; portfolio leverage 4/5; creation effort 1/5, validation effort 1/5 and commercial risk 1/5.","Run demand and workflow validation before CAD capacity is assigned. Proposed gate: Resolve the Step1X-3D licence conflict for EU commercial use first [S125][S126]; then: Print one interface coupon for the insert, pot or keep-out, verify fit and stability, then decide the sealing and heat exclusions",2026-09-04,1.3,PLANNING ESTIMATE — NOT RELEASE APPROVAL
249,212,,SKU-116,Shelf-depth book-row backstop,Exact-fit shelf organization,NOT_STARTED,,2 VALIDATE NEXT,81.8,1,3,2,92.0,5,3,5,3,4,4,3,S31; S01; S11; S19; S32,"Estimated market fit 5/5 with evidence confidence 3/5; strategy fit 5/5; additive differentiation 3/5; portfolio leverage 4/5; creation effort 1/5, validation effort 3/5 and commercial risk 2/5.",Run demand and workflow validation before CAD capacity is assigned. Proposed gate: Test three shelf finishes; segment joints and a representative book row.,2026-09-04,1.3,PLANNING ESTIMATE — NOT RELEASE APPROVAL
250,213,,SKU-130,Gift-wrap roll shelf end support,Craft and shelf organization,NOT_STARTED,,2 VALIDATE NEXT,81.8,1,3,2,99.0,5,3,5,3,4,4,3,S33; S31; S11; S19; S32,"Estimated market fit 5/5 with evidence confidence 3/5; strategy fit 5/5; additive differentiation 3/5; portfolio leverage 4/5; creation effort 1/5, validation effort 3/5 and commercial risk 2/5.",Run demand and workflow validation before CAD capacity is assigned. Proposed gate: Test roll removal; paper abrasion and segmented-rail alignment.,2026-09-04,1.3,PLANNING ESTIMATE — NOT RELEASE APPROVAL
251,214,,SKU-167,Cassette-tape shelf divider and display,Physical-media organization,NOT_STARTED,,2 VALIDATE NEXT,81.8,1,2,2,84.0,5,3,4,3,4,4,4,S01; S34; S35; S11; S19; S32,"Estimated market fit 5/5 with evidence confidence 3/5; strategy fit 4/5; additive differentiation 3/5; portfolio leverage 4/5; creation effort 1/5, validation effort 2/5 and commercial risk 2/5.",Run demand and workflow validation before CAD capacity is assigned. Proposed gate: Test case scuffing; label readability and shelf stability.,2026-09-04,1.3,PLANNING ESTIMATE — NOT RELEASE APPROVAL
252,215,,SKU-370,Trefoil knot roller ring fidget,"AI-generated toys, fidgets & kinetic objects",NOT_STARTED,,2 VALIDATE NEXT,81.8,1,3,2,84.0,5,2,4,5,4,4,3,S94; S101,"Estimated market fit 5/5 with evidence confidence 2/5; strategy fit 4/5; additive differentiation 5/5; portfolio leverage 4/5; creation effort 1/5, validation effort 3/5 and commercial risk 2/5.","Run demand and workflow validation before CAD capacity is assigned. Proposed gate: Resolve the Step1X-3D licence conflict for EU commercial use first [S125][S126]; then: Print one mechanism coupon at the intended clearance, run the 100-cycle actuation test, then decide the toy-safety route before any sale",2026-09-04,1.3,PLANNING ESTIMATE — NOT RELEASE APPROVAL
253,216,,SKU-131,Desk-grommet cable comb insert,Cable-management systems,NOT_STARTED,,2 VALIDATE NEXT,81.5,2,4,3,86.0,5,3,5,4,5,5,3,S31; S09; S11; S19; S28; S32,"Estimated market fit 5/5 with evidence confidence 3/5; strategy fit 5/5; additive differentiation 4/5; portfolio leverage 5/5; creation effort 2/5, validation effort 4/5 and commercial risk 3/5.",Run demand and workflow validation before CAD capacity is assigned. Proposed gate: Print diameter and slit coupon set; test jacket marking and 1000 cable insertions.,2026-09-04,1.3,PLANNING ESTIMATE — NOT RELEASE APPROVAL
254,217,,SKU-133,Labeled travel cable-winder cassette,Travel and cable organization,NOT_STARTED,,2 VALIDATE NEXT,81.5,2,3,3,97.0,5,3,5,4,4,5,4,S31; S01; S09; S11; S19; S32,"Estimated market fit 5/5 with evidence confidence 3/5; strategy fit 5/5; additive differentiation 4/5; portfolio leverage 4/5; creation effort 2/5, validation effort 3/5 and commercial risk 3/5.",Run demand and workflow validation before CAD capacity is assigned. Proposed gate: Test bend radius and connector retention on five generic cable types.,2026-09-04,1.3,PLANNING ESTIMATE — NOT RELEASE APPROVAL
255,218,,SKU-271,Ticket-stub chronological desk archive,Sentimental display and archive,NOT_STARTED,,2 VALIDATE NEXT,81.0,2,2,1,89.0,4,3,4,4,4,5,4,S01; S31; S34; S32,"Estimated market fit 4/5 with evidence confidence 3/5; strategy fit 4/5; additive differentiation 4/5; portfolio leverage 4/5; creation effort 2/5, validation effort 2/5 and commercial risk 1/5.",Run demand and workflow validation before CAD capacity is assigned. Proposed gate: Validate one inert object or card set and print a contact/recess coupon before the complete display.,2026-09-04,1.3,PLANNING ESTIMATE — NOT RELEASE APPROVAL
256,219,,SKU-276,Keychain-collection freestanding rail,Sentimental display and archive,NOT_STARTED,,2 VALIDATE NEXT,81.0,2,2,1,87.0,4,3,4,4,4,5,4,S01; S31; S34; S32,"Estimated market fit 4/5 with evidence confidence 3/5; strategy fit 4/5; additive differentiation 4/5; portfolio leverage 4/5; creation effort 2/5, validation effort 2/5 and commercial risk 1/5.",Run demand and workflow validation before CAD capacity is assigned. Proposed gate: Validate one inert object or card set and print a contact/recess coupon before the complete display.,2026-09-04,1.3,PLANNING ESTIMATE — NOT RELEASE APPROVAL
257,220,,SKU-278,Transit-ticket route divider box,Sentimental display and archive,NOT_STARTED,,2 VALIDATE NEXT,81.0,2,2,1,88.0,4,3,4,4,4,5,4,S01; S31; S34; S32,"Estimated market fit 4/5 with evidence confidence 3/5; strategy fit 4/5; additive differentiation 4/5; portfolio leverage 4/5; creation effort 2/5, validation effort 2/5 and commercial risk 1/5.",Run demand and workflow validation before CAD capacity is assigned. Proposed gate: Validate one inert object or card set and print a contact/recess coupon before the complete display.,2026-09-04,1.3,PLANNING ESTIMATE — NOT RELEASE APPROVAL
258,221,,SKU-377,HexFan raked hex-key rack,AI-generated tools & desktop utility,NOT_STARTED,,2 VALIDATE NEXT,81.0,2,3,1,82.0,4,2,5,5,4,4,3,S102; S103,"Estimated market fit 4/5 with evidence confidence 2/5; strategy fit 5/5; additive differentiation 5/5; portfolio leverage 4/5; creation effort 2/5, validation effort 3/5 and commercial risk 1/5.","Run demand and workflow validation before CAD capacity is assigned. Proposed gate: Resolve the Step1X-3D licence conflict for EU commercial use first [S125][S126]; then: Print the interface coupon against the exact purchased hardware, measure retention, then confirm the grip geometry on a real task",2026-09-04,1.3,PLANNING ESTIMATE — NOT RELEASE APPROVAL
259,222,,SKU-382,SpinHub bearing tape dispenser,AI-generated tools & desktop utility,NOT_STARTED,,2 VALIDATE NEXT,81.0,2,3,1,82.0,4,2,5,5,4,4,3,S102,"Estimated market fit 4/5 with evidence confidence 2/5; strategy fit 5/5; additive differentiation 5/5; portfolio leverage 4/5; creation effort 2/5, validation effort 3/5 and commercial risk 1/5.","Run demand and workflow validation before CAD capacity is assigned. Proposed gate: Resolve the Step1X-3D licence conflict for EU commercial use first [S125][S126]; then: Print the interface coupon against the exact purchased hardware, measure retention, then confirm the grip geometry on a real task",2026-09-04,1.3,PLANNING ESTIMATE — NOT RELEASE APPROVAL
260,223,,SKU-016,Travel mahjong rack segments,"Mahjong racks, pushers & tile trays",NOT_STARTED,,2 VALIDATE NEXT,80.8,2,2,2,89.0,5,4,3,5,3,5,5,S01; S11; S16; S17,"Estimated market fit 5/5 with evidence confidence 4/5; strategy fit 3/5; additive differentiation 5/5; portfolio leverage 3/5; creation effort 2/5, validation effort 2/5 and commercial risk 2/5.",Run demand and workflow validation before CAD capacity is assigned. Proposed gate: Eliminate separate small connector parts,2026-09-04,1.3,PLANNING ESTIMATE — NOT RELEASE APPROVAL
261,224,,SKU-034,Wedding or event table-number set,"Personalized signs, house numbers & event decor",NOT_STARTED,,2 VALIDATE NEXT,80.8,2,2,2,85.0,4,3,4,5,4,5,4,S01; S04; S11; S16; S24,"Estimated market fit 4/5 with evidence confidence 3/5; strategy fit 4/5; additive differentiation 5/5; portfolio leverage 4/5; creation effort 2/5, validation effort 2/5 and commercial risk 2/5.",Run demand and workflow validation before CAD capacity is assigned. Proposed gate: Create batch generator and packing/QC checklist,2026-09-04,1.3,PLANNING ESTIMATE — NOT RELEASE APPROVAL
262,225,,SKU-040,Makeup-brush holder with removable drip cup,Makeup & vanity organizers,NOT_STARTED,,2 VALIDATE NEXT,80.8,2,2,2,91.0,4,3,4,5,4,5,4,S07; S11; S19,"Estimated market fit 4/5 with evidence confidence 3/5; strategy fit 4/5; additive differentiation 5/5; portfolio leverage 4/5; creation effort 2/5, validation effort 2/5 and commercial risk 2/5.",Run demand and workflow validation before CAD capacity is assigned. Proposed gate: Validate cleaning procedure and drainage geometry,2026-09-04,1.3,PLANNING ESTIMATE — NOT RELEASE APPROVAL
263,226,,SKU-119,L-shaped shelf-corner micro-bin,Exact-fit shelf organization,NOT_STARTED,,2 VALIDATE NEXT,80.8,2,3,2,91.0,5,3,5,3,4,4,4,S31; S11; S19; S32,"Estimated market fit 5/5 with evidence confidence 3/5; strategy fit 5/5; additive differentiation 3/5; portfolio leverage 4/5; creation effort 2/5, validation effort 3/5 and commercial risk 2/5.",Run demand and workflow validation before CAD capacity is assigned. Proposed gate: Create paper outline workflow and test around three common shelf obstructions.,2026-09-04,1.3,PLANNING ESTIMATE — NOT RELEASE APPROVAL
264,227,,SKU-143,Page-turn remote tabletop dock,Reading accessories,NOT_STARTED,,2 VALIDATE NEXT,80.8,1,2,2,84.0,4,3,4,5,4,4,3,S01; S31; S11; S19; S32,"Estimated market fit 4/5 with evidence confidence 3/5; strategy fit 4/5; additive differentiation 5/5; portfolio leverage 4/5; creation effort 1/5, validation effort 2/5 and commercial risk 2/5.",Run demand and workflow validation before CAD capacity is assigned. Proposed gate: Test retrieval; accidental button press and five remote-size coupons.,2026-09-04,1.3,PLANNING ESTIMATE — NOT RELEASE APPROVAL
265,228,,SKU-410,Ribbed column pillar riser,AI-generated trending decor objects,NOT_STARTED,,2 VALIDATE NEXT,80.8,2,2,2,80.0,4,2,5,5,4,4,3,S113; S114,"Estimated market fit 4/5 with evidence confidence 2/5; strategy fit 5/5; additive differentiation 5/5; portfolio leverage 4/5; creation effort 2/5, validation effort 2/5 and commercial risk 2/5.","Run demand and workflow validation before CAD capacity is assigned. Proposed gate: Resolve the Step1X-3D licence conflict for EU commercial use first [S125][S126]; then: Print one interface coupon for the insert, pot or keep-out, verify fit and stability, then decide the sealing and heat exclusions",2026-09-04,1.3,PLANNING ESTIMATE — NOT RELEASE APPROVAL
266,229,,SKU-103,Lift-out shallow upper drawer tray,Exact-fit drawer extensions,NOT_STARTED,,2 VALIDATE NEXT,80.5,2,4,3,88.0,5,3,5,5,4,4,4,S31; S11; S19; S32,"Estimated market fit 5/5 with evidence confidence 3/5; strategy fit 5/5; additive differentiation 5/5; portfolio leverage 4/5; creation effort 2/5, validation effort 4/5 and commercial risk 3/5.",Run demand and workflow validation before CAD capacity is assigned. Proposed gate: Build one 200 mm span prototype; test 500 removals and a conservative light-load limit.,2026-09-04,1.3,PLANNING ESTIMATE — NOT RELEASE APPROVAL
267,230,,SKU-110,Fountain-pen and ink-sample drawer cassette,Writing-tool organization,NOT_STARTED,,2 VALIDATE NEXT,80.5,1,4,3,95.0,5,4,5,5,4,2,3,S01; S33; S31; S11; S19; S32,"Estimated market fit 5/5 with evidence confidence 4/5; strategy fit 5/5; additive differentiation 5/5; portfolio leverage 4/5; creation effort 1/5, validation effort 4/5 and commercial risk 3/5.",Run demand and workflow validation before CAD capacity is assigned. Proposed gate: Test staining; pad abrasion and removal with inexpensive pens and water-filled dummy vials.,2026-09-04,1.3,PLANNING ESTIMATE — NOT RELEASE APPROVAL
268,231,,SKU-218,Warranty-and-manual mini file,Small-space dry organization,NOT_STARTED,,2 VALIDATE NEXT,80.0,2,3,1,90.0,4,3,5,4,4,4,3,S31; S32,"Estimated market fit 4/5 with evidence confidence 3/5; strategy fit 5/5; additive differentiation 4/5; portfolio leverage 4/5; creation effort 2/5, validation effort 3/5 and commercial risk 1/5.","Run demand and workflow validation before CAD capacity is assigned. Proposed gate: Run the measurement workflow on one real envelope, then print the smallest fit corner or divider coupon before a full prototype.",2026-09-04,1.3,PLANNING ESTIMATE — NOT RELEASE APPROVAL
269,232,,SKU-330,Elephant trunk smartphone dock,AI-generated animals & creatures,NOT_STARTED,,2 VALIDATE NEXT,80.0,2,2,1,80.0,4,2,4,5,4,4,3,S102; S86,"Estimated market fit 4/5 with evidence confidence 2/5; strategy fit 4/5; additive differentiation 5/5; portfolio leverage 4/5; creation effort 2/5, validation effort 2/5 and commercial risk 1/5.","Run demand and workflow validation before CAD capacity is assigned. Proposed gate: Resolve the Step1X-3D licence conflict for EU commercial use first [S125][S126]; then: Generate one reference image and one Step1X-3D mesh, repair to a watertight solid, then print one smallest-feature coupon before a full model",2026-09-04,1.3,PLANNING ESTIMATE — NOT RELEASE APPROVAL
270,233,,SKU-332,Tree Frog bookmark reading clip,AI-generated animals & creatures,NOT_STARTED,,2 VALIDATE NEXT,80.0,2,2,1,87.0,4,2,4,5,4,4,3,S84; S110,"Estimated market fit 4/5 with evidence confidence 2/5; strategy fit 4/5; additive differentiation 5/5; portfolio leverage 4/5; creation effort 2/5, validation effort 2/5 and commercial risk 1/5.","Run demand and workflow validation before CAD capacity is assigned. Proposed gate: Resolve the Step1X-3D licence conflict for EU commercial use first [S125][S126]; then: Generate one reference image and one Step1X-3D mesh, repair to a watertight solid, then print one smallest-feature coupon before a full model",2026-09-04,1.3,PLANNING ESTIMATE — NOT RELEASE APPROVAL
271,234,,SKU-334,Perched Raven ring & trinket dish,AI-generated animals & creatures,NOT_STARTED,,2 VALIDATE NEXT,80.0,2,2,1,79.0,4,2,4,5,4,4,3,S87; S113,"Estimated market fit 4/5 with evidence confidence 2/5; strategy fit 4/5; additive differentiation 5/5; portfolio leverage 4/5; creation effort 2/5, validation effort 2/5 and commercial risk 1/5.","Run demand and workflow validation before CAD capacity is assigned. Proposed gate: Resolve the Step1X-3D licence conflict for EU commercial use first [S125][S126]; then: Generate one reference image and one Step1X-3D mesh, repair to a watertight solid, then print one smallest-feature coupon before a full model",2026-09-04,1.3,PLANNING ESTIMATE — NOT RELEASE APPROVAL
272,235,,SKU-335,Chibi Cyberpunk Hacker figurine,AI-generated cartoon & comic characters,NOT_STARTED,,2 VALIDATE NEXT,80.0,1,1,1,75.0,3,2,4,5,4,4,3,S86; S87,"Estimated market fit 3/5 with evidence confidence 2/5; strategy fit 4/5; additive differentiation 5/5; portfolio leverage 4/5; creation effort 1/5, validation effort 1/5 and commercial risk 1/5.","Run demand and workflow validation before CAD capacity is assigned. Proposed gate: Resolve the Step1X-3D licence conflict for EU commercial use first [S125][S126]; then: Run the originality and trade-dress review, then generate one reference image, one Step1X-3D mesh and one printed minimum-feature coupon",2026-09-04,1.3,PLANNING ESTIMATE — NOT RELEASE APPROVAL
273,236,,SKU-338,Chibi Valorous Paladin with shield,AI-generated cartoon & comic characters,NOT_STARTED,,2 VALIDATE NEXT,80.0,1,1,1,76.0,3,2,4,5,4,4,3,S86; S88,"Estimated market fit 3/5 with evidence confidence 2/5; strategy fit 4/5; additive differentiation 5/5; portfolio leverage 4/5; creation effort 1/5, validation effort 1/5 and commercial risk 1/5.","Run demand and workflow validation before CAD capacity is assigned. Proposed gate: Resolve the Step1X-3D licence conflict for EU commercial use first [S125][S126]; then: Run the originality and trade-dress review, then generate one reference image, one Step1X-3D mesh and one printed minimum-feature coupon",2026-09-04,1.3,PLANNING ESTIMATE — NOT RELEASE APPROVAL
274,237,,SKU-339,Chibi Shadow Ninja paperclip magnet,AI-generated cartoon & comic characters,NOT_STARTED,,2 VALIDATE NEXT,80.0,2,2,1,84.0,4,2,4,5,4,4,3,S86,"Estimated market fit 4/5 with evidence confidence 2/5; strategy fit 4/5; additive differentiation 5/5; portfolio leverage 4/5; creation effort 2/5, validation effort 2/5 and commercial risk 1/5.","Run demand and workflow validation before CAD capacity is assigned. Proposed gate: Resolve the Step1X-3D licence conflict for EU commercial use first [S125][S126]; then: Run the originality and trade-dress review, then generate one reference image, one Step1X-3D mesh and one printed minimum-feature coupon",2026-09-04,1.3,PLANNING ESTIMATE — NOT RELEASE APPROVAL
275,238,,SKU-341,Retro Sci-Fi Astronaut figurine,AI-generated cartoon & comic characters,NOT_STARTED,,2 VALIDATE NEXT,80.0,1,1,1,74.0,3,2,4,5,4,4,3,S87; S113,"Estimated market fit 3/5 with evidence confidence 2/5; strategy fit 4/5; additive differentiation 5/5; portfolio leverage 4/5; creation effort 1/5, validation effort 1/5 and commercial risk 1/5.","Run demand and workflow validation before CAD capacity is assigned. Proposed gate: Resolve the Step1X-3D licence conflict for EU commercial use first [S125][S126]; then: Run the originality and trade-dress review, then generate one reference image, one Step1X-3D mesh and one printed minimum-feature coupon",2026-09-04,1.3,PLANNING ESTIMATE — NOT RELEASE APPROVAL
276,239,,SKU-346,Mecha Pilot Android desktop statue,AI-generated cartoon & comic characters,NOT_STARTED,,2 VALIDATE NEXT,80.0,1,1,1,76.0,3,2,4,5,4,4,3,S86,"Estimated market fit 3/5 with evidence confidence 2/5; strategy fit 4/5; additive differentiation 5/5; portfolio leverage 4/5; creation effort 1/5, validation effort 1/5 and commercial risk 1/5.","Run demand and workflow validation before CAD capacity is assigned. Proposed gate: Resolve the Step1X-3D licence conflict for EU commercial use first [S125][S126]; then: Run the originality and trade-dress review, then generate one reference image, one Step1X-3D mesh and one printed minimum-feature coupon",2026-09-04,1.3,PLANNING ESTIMATE — NOT RELEASE APPROVAL
277,240,,SKU-347,Chibi Valkyrie Warrior figurine,AI-generated cartoon & comic characters,NOT_STARTED,,2 VALIDATE NEXT,80.0,1,1,1,74.0,3,2,4,5,4,4,3,S86,"Estimated market fit 3/5 with evidence confidence 2/5; strategy fit 4/5; additive differentiation 5/5; portfolio leverage 4/5; creation effort 1/5, validation effort 1/5 and commercial risk 1/5.","Run demand and workflow validation before CAD capacity is assigned. Proposed gate: Resolve the Step1X-3D licence conflict for EU commercial use first [S125][S126]; then: Run the originality and trade-dress review, then generate one reference image, one Step1X-3D mesh and one printed minimum-feature coupon",2026-09-04,1.3,PLANNING ESTIMATE — NOT RELEASE APPROVAL
278,241,,SKU-350,Celestial Star Fox tabletop sculpture,AI-generated cartoon & comic characters,NOT_STARTED,,2 VALIDATE NEXT,80.0,1,1,1,76.0,3,2,4,5,4,4,3,S113,"Estimated market fit 3/5 with evidence confidence 2/5; strategy fit 4/5; additive differentiation 5/5; portfolio leverage 4/5; creation effort 1/5, validation effort 1/5 and commercial risk 1/5.","Run demand and workflow validation before CAD capacity is assigned. Proposed gate: Resolve the Step1X-3D licence conflict for EU commercial use first [S125][S126]; then: Run the originality and trade-dress review, then generate one reference image, one Step1X-3D mesh and one printed minimum-feature coupon",2026-09-04,1.3,PLANNING ESTIMATE — NOT RELEASE APPROVAL
279,242,,SKU-352,Chibi Space Miner with crystal base,AI-generated cartoon & comic characters,NOT_STARTED,,2 VALIDATE NEXT,80.0,1,1,1,75.0,3,2,4,5,4,4,3,S86; S87; S113,"Estimated market fit 3/5 with evidence confidence 2/5; strategy fit 4/5; additive differentiation 5/5; portfolio leverage 4/5; creation effort 1/5, validation effort 1/5 and commercial risk 1/5.","Run demand and workflow validation before CAD capacity is assigned. Proposed gate: Resolve the Step1X-3D licence conflict for EU commercial use first [S125][S126]; then: Run the originality and trade-dress review, then generate one reference image, one Step1X-3D mesh and one printed minimum-feature coupon",2026-09-04,1.3,PLANNING ESTIMATE — NOT RELEASE APPROVAL
280,243,,SKU-387,Asana yoga-figure bookend pair,"AI-generated persons, figurines & statues",NOT_STARTED,,2 VALIDATE NEXT,80.0,2,2,1,83.0,4,2,4,5,4,4,3,S110; S112,"Estimated market fit 4/5 with evidence confidence 2/5; strategy fit 4/5; additive differentiation 5/5; portfolio leverage 4/5; creation effort 2/5, validation effort 2/5 and commercial risk 1/5.","Run demand and workflow validation before CAD capacity is assigned. Proposed gate: Resolve the Step1X-3D licence conflict for EU commercial use first [S125][S126]; then: Run the likeness and rights review, then generate one reference image, one Step1X-3D mesh and one printed minimum-feature coupon",2026-09-04,1.3,PLANNING ESTIMATE — NOT RELEASE APPROVAL
281,244,,SKU-389,Portrait bust blank personalisation base,"AI-generated persons, figurines & statues",NOT_STARTED,,2 VALIDATE NEXT,80.0,1,1,1,74.0,3,2,4,5,4,4,3,S110; S120; S121,"Estimated market fit 3/5 with evidence confidence 2/5; strategy fit 4/5; additive differentiation 5/5; portfolio leverage 4/5; creation effort 1/5, validation effort 1/5 and commercial risk 1/5.","Run demand and workflow validation before CAD capacity is assigned. Proposed gate: Resolve the Step1X-3D licence conflict for EU commercial use first [S125][S126]; then: Run the likeness and rights review, then generate one reference image, one Step1X-3D mesh and one printed minimum-feature coupon",2026-09-04,1.3,PLANNING ESTIMATE — NOT RELEASE APPROVAL
282,245,,SKU-390,Guitarist figure pick and cable dock,"AI-generated persons, figurines & statues",NOT_STARTED,,2 VALIDATE NEXT,80.0,2,2,1,79.0,4,2,4,5,4,4,3,S110; S112,"Estimated market fit 4/5 with evidence confidence 2/5; strategy fit 4/5; additive differentiation 5/5; portfolio leverage 4/5; creation effort 2/5, validation effort 2/5 and commercial risk 1/5.","Run demand and workflow validation before CAD capacity is assigned. Proposed gate: Resolve the Step1X-3D licence conflict for EU commercial use first [S125][S126]; then: Run the likeness and rights review, then generate one reference image, one Step1X-3D mesh and one printed minimum-feature coupon",2026-09-04,1.3,PLANNING ESTIMATE — NOT RELEASE APPROVAL
283,246,,SKU-393,Cupped-hands ring and watch dish,"AI-generated persons, figurines & statues",NOT_STARTED,,2 VALIDATE NEXT,80.0,2,2,1,80.0,4,2,4,5,4,4,3,S110; S113,"Estimated market fit 4/5 with evidence confidence 2/5; strategy fit 4/5; additive differentiation 5/5; portfolio leverage 4/5; creation effort 2/5, validation effort 2/5 and commercial risk 1/5.","Run demand and workflow validation before CAD capacity is assigned. Proposed gate: Resolve the Step1X-3D licence conflict for EU commercial use first [S125][S126]; then: Run the likeness and rights review, then generate one reference image, one Step1X-3D mesh and one printed minimum-feature coupon",2026-09-04,1.3,PLANNING ESTIMATE — NOT RELEASE APPROVAL
284,247,,SKU-400,Dancer torso jewellery stand,"AI-generated persons, figurines & statues",NOT_STARTED,,2 VALIDATE NEXT,80.0,2,2,1,80.0,4,2,4,5,4,4,3,S110; S113,"Estimated market fit 4/5 with evidence confidence 2/5; strategy fit 4/5; additive differentiation 5/5; portfolio leverage 4/5; creation effort 2/5, validation effort 2/5 and commercial risk 1/5.","Run demand and workflow validation before CAD capacity is assigned. Proposed gate: Resolve the Step1X-3D licence conflict for EU commercial use first [S125][S126]; then: Run the likeness and rights review, then generate one reference image, one Step1X-3D mesh and one printed minimum-feature coupon",2026-09-04,1.3,PLANNING ESTIMATE — NOT RELEASE APPROVAL
285,248,,SKU-045,"Comic, slab or collectible display stand","Bookends, vinyl & display stands",NOT_STARTED,,2 VALIDATE NEXT,79.8,2,2,2,78.0,4,3,4,5,4,4,4,S01; S04; S11; S19,"Estimated market fit 4/5 with evidence confidence 3/5; strategy fit 4/5; additive differentiation 5/5; portfolio leverage 4/5; creation effort 2/5, validation effort 2/5 and commercial risk 2/5.",Run demand and workflow validation before CAD capacity is assigned. Proposed gate: Create one universal and one exact-fit variant,2026-09-04,1.3,PLANNING ESTIMATE — NOT RELEASE APPROVAL
286,249,,SKU-046,Face-out book display cradle,"Bookends, vinyl & display stands",NOT_STARTED,,2 VALIDATE NEXT,79.8,2,2,2,78.0,4,3,4,5,4,4,4,S01; S04; S11; S19,"Estimated market fit 4/5 with evidence confidence 3/5; strategy fit 4/5; additive differentiation 5/5; portfolio leverage 4/5; creation effort 2/5, validation effort 2/5 and commercial risk 2/5.","Run demand and workflow validation before CAD capacity is assigned. Proposed gate: Pilot with hardcover, paperback and photo books",2026-09-04,1.3,PLANNING ESTIMATE — NOT RELEASE APPROVAL
287,250,,SKU-126,Cap and brim shelf separator,Wardrobe and shelf organization,NOT_STARTED,,2 VALIDATE NEXT,79.8,1,2,2,89.0,5,3,4,3,4,3,3,S34; S31; S11; S19; S32,"Estimated market fit 5/5 with evidence confidence 3/5; strategy fit 4/5; additive differentiation 3/5; portfolio leverage 4/5; creation effort 1/5, validation effort 2/5 and commercial risk 2/5.",Run demand and workflow validation before CAD capacity is assigned. Proposed gate: Prototype low-contact brim supports and test with generic sacrificial caps.,2026-09-04,1.3,PLANNING ESTIMATE — NOT RELEASE APPROVAL
288,251,,SKU-129,Board-game box anti-lean wedge set,Adult hobby shelf organization,NOT_STARTED,,2 VALIDATE NEXT,79.8,1,3,2,92.0,5,3,4,4,4,3,3,S01; S33; S31; S11; S19; S32,"Estimated market fit 5/5 with evidence confidence 3/5; strategy fit 4/5; additive differentiation 4/5; portfolio leverage 4/5; creation effort 1/5, validation effort 3/5 and commercial risk 2/5.",Run demand and workflow validation before CAD capacity is assigned. Proposed gate: Test friction; box scuffing and removal force across matte and glossy boxes.,2026-09-04,1.3,PLANNING ESTIMATE — NOT RELEASE APPROVAL
289,252,,SKU-166,Fountain-pen presentation rest set,Writing-tool display,NOT_STARTED,,2 VALIDATE NEXT,79.8,1,3,2,89.0,4,3,5,3,5,3,3,S01; S33; S11; S19; S32,"Estimated market fit 4/5 with evidence confidence 3/5; strategy fit 5/5; additive differentiation 3/5; portfolio leverage 5/5; creation effort 1/5, validation effort 3/5 and commercial risk 2/5.",Run demand and workflow validation before CAD capacity is assigned. Proposed gate: Test pad transfer and abrasion with low-value lacquered pen samples.,2026-09-04,1.3,PLANNING ESTIMATE — NOT RELEASE APPROVAL
290,253,,SKU-168,CD jewel-case now-playing stand,Physical-media display,NOT_STARTED,,2 VALIDATE NEXT,79.8,1,2,2,75.0,4,3,4,3,5,4,3,S35; S01; S11; S19; S32,"Estimated market fit 4/5 with evidence confidence 3/5; strategy fit 4/5; additive differentiation 3/5; portfolio leverage 5/5; creation effort 1/5, validation effort 2/5 and commercial risk 2/5.",Run demand and workflow validation before CAD capacity is assigned. Proposed gate: Test stability with standard and slim empty jewel cases.,2026-09-04,1.3,PLANNING ESTIMATE — NOT RELEASE APPROVAL
291,254,,SKU-144,Reusable desk cable identification flag set,Cable labeling systems,NOT_STARTED,,2 VALIDATE NEXT,79.5,1,4,3,93.0,5,3,5,4,4,4,3,S31; S09; S11; S19; S28; S32,"Estimated market fit 5/5 with evidence confidence 3/5; strategy fit 5/5; additive differentiation 4/5; portfolio leverage 4/5; creation effort 1/5, validation effort 4/5 and commercial risk 3/5.",Run demand and workflow validation before CAD capacity is assigned. Proposed gate: Test 12 cable jackets; pull-off force and 1000 attach cycles.,2026-09-04,1.3,PLANNING ESTIMATE — NOT RELEASE APPROVAL
292,255,,SKU-277,Empty-matchbook-cover archive file,Sentimental display and archive,NOT_STARTED,,2 VALIDATE NEXT,79.0,2,3,1,87.0,4,3,4,4,4,5,4,S01; S31; S34; S32,"Estimated market fit 4/5 with evidence confidence 3/5; strategy fit 4/5; additive differentiation 4/5; portfolio leverage 4/5; creation effort 2/5, validation effort 3/5 and commercial risk 1/5.",Run demand and workflow validation before CAD capacity is assigned. Proposed gate: Validate one inert object or card set and print a contact/recess coupon before the complete display.,2026-09-04,1.3,PLANNING ESTIMATE — NOT RELEASE APPROVAL
293,256,,SKU-327,Sleepy Cat succulent planter,AI-generated animals & creatures,NOT_STARTED,,2 VALIDATE NEXT,79.0,2,3,1,84.0,4,2,4,5,4,5,3,S84; S110,"Estimated market fit 4/5 with evidence confidence 2/5; strategy fit 4/5; additive differentiation 5/5; portfolio leverage 4/5; creation effort 2/5, validation effort 3/5 and commercial risk 1/5.","Run demand and workflow validation before CAD capacity is assigned. Proposed gate: Resolve the Step1X-3D licence conflict for EU commercial use first [S125][S126]; then: Generate one reference image and one Step1X-3D mesh, repair to a watertight solid, then print one smallest-feature coupon before a full model",2026-09-04,1.3,PLANNING ESTIMATE — NOT RELEASE APPROVAL
294,257,,SKU-409,Masquerade mask wall sculpture,AI-generated trending decor objects,NOT_STARTED,,2 VALIDATE NEXT,79.0,1,2,1,76.0,3,2,5,5,4,3,2,S113,"Estimated market fit 3/5 with evidence confidence 2/5; strategy fit 5/5; additive differentiation 5/5; portfolio leverage 4/5; creation effort 1/5, validation effort 2/5 and commercial risk 1/5.","Run demand and workflow validation before CAD capacity is assigned. Proposed gate: Resolve the Step1X-3D licence conflict for EU commercial use first [S125][S126]; then: Print one interface coupon for the insert, pot or keep-out, verify fit and stability, then decide the sealing and heat exclusions",2026-09-04,1.3,PLANNING ESTIMATE — NOT RELEASE APPROVAL
295,258,,SKU-111,Eyeglasses drawer channel insert,Personal-item organization,NOT_STARTED,,2 VALIDATE NEXT,78.8,1,3,2,91.0,5,3,5,3,4,2,2,S31; S11; S19; S32,"Estimated market fit 5/5 with evidence confidence 3/5; strategy fit 5/5; additive differentiation 3/5; portfolio leverage 4/5; creation effort 1/5, validation effort 3/5 and commercial risk 2/5.",Run demand and workflow validation before CAD capacity is assigned. Proposed gate: Print three channel profiles and run scratch/abrasion tests with sacrificial lenses.,2026-09-04,1.3,PLANNING ESTIMATE — NOT RELEASE APPROVAL
296,259,,SKU-162,Coin-capsule display tile,Collectible display and storage,NOT_STARTED,,2 VALIDATE NEXT,78.8,1,2,2,83.0,4,3,4,3,5,3,3,S34; S31; S11; S19; S32,"Estimated market fit 4/5 with evidence confidence 3/5; strategy fit 4/5; additive differentiation 3/5; portfolio leverage 5/5; creation effort 1/5, validation effort 2/5 and commercial risk 2/5.",Run demand and workflow validation before CAD capacity is assigned. Proposed gate: Test capsule retention; removal force and tile joints using acrylic blanks.,2026-09-04,1.3,PLANNING ESTIMATE — NOT RELEASE APPROVAL
297,260,,SKU-371,PalmDriver stubby 6.35 mm bit driver,AI-generated tools & desktop utility,NOT_STARTED,,2 VALIDATE NEXT,78.8,2,3,2,80.0,4,2,5,5,4,4,3,S103; S109,"Estimated market fit 4/5 with evidence confidence 2/5; strategy fit 5/5; additive differentiation 5/5; portfolio leverage 4/5; creation effort 2/5, validation effort 3/5 and commercial risk 2/5.","Run demand and workflow validation before CAD capacity is assigned. Proposed gate: Resolve the Step1X-3D licence conflict for EU commercial use first [S125][S126]; then: Print the interface coupon against the exact purchased hardware, measure retention, then confirm the grip geometry on a real task",2026-09-04,1.3,PLANNING ESTIMATE — NOT RELEASE APPROVAL
298,261,,SKU-372,BitBloom magnetic bit dock,AI-generated tools & desktop utility,NOT_STARTED,,2 VALIDATE NEXT,78.8,2,3,2,82.0,4,2,5,5,4,4,3,S102; S103; S109,"Estimated market fit 4/5 with evidence confidence 2/5; strategy fit 5/5; additive differentiation 5/5; portfolio leverage 4/5; creation effort 2/5, validation effort 3/5 and commercial risk 2/5.","Run demand and workflow validation before CAD capacity is assigned. Proposed gate: Resolve the Step1X-3D licence conflict for EU commercial use first [S125][S126]; then: Print the interface coupon against the exact purchased hardware, measure retention, then confirm the grip geometry on a real task",2026-09-04,1.3,PLANNING ESTIMATE — NOT RELEASE APPROVAL
299,262,,SKU-374,EdgeGlide deburring palm grip,AI-generated tools & desktop utility,NOT_STARTED,,2 VALIDATE NEXT,78.8,2,3,2,82.0,4,2,5,5,4,4,3,S102; S103,"Estimated market fit 4/5 with evidence confidence 2/5; strategy fit 5/5; additive differentiation 5/5; portfolio leverage 4/5; creation effort 2/5, validation effort 3/5 and commercial risk 2/5.","Run demand and workflow validation before CAD capacity is assigned. Proposed gate: Resolve the Step1X-3D licence conflict for EU commercial use first [S125][S126]; then: Print the interface coupon against the exact purchased hardware, measure retention, then confirm the grip geometry on a real task",2026-09-04,1.3,PLANNING ESTIMATE — NOT RELEASE APPROVAL
300,263,,SKU-375,OffsetSaddle edge marking guide,AI-generated tools & desktop utility,NOT_STARTED,,2 VALIDATE NEXT,78.8,2,3,2,80.0,4,2,5,5,4,4,3,S102; S105,"Estimated market fit 4/5 with evidence confidence 2/5; strategy fit 5/5; additive differentiation 5/5; portfolio leverage 4/5; creation effort 2/5, validation effort 3/5 and commercial risk 2/5.","Run demand and workflow validation before CAD capacity is assigned. Proposed gate: Resolve the Step1X-3D licence conflict for EU commercial use first [S125][S126]; then: Print the interface coupon against the exact purchased hardware, measure retention, then confirm the grip geometry on a real task",2026-09-04,1.3,PLANNING ESTIMATE — NOT RELEASE APPROVAL
301,264,,SKU-376,SandShell quarter-sheet sanding block,AI-generated tools & desktop utility,NOT_STARTED,,2 VALIDATE NEXT,78.8,2,3,2,76.0,4,2,5,5,4,4,3,S105,"Estimated market fit 4/5 with evidence confidence 2/5; strategy fit 5/5; additive differentiation 5/5; portfolio leverage 4/5; creation effort 2/5, validation effort 3/5 and commercial risk 2/5.","Run demand and workflow validation before CAD capacity is assigned. Proposed gate: Resolve the Step1X-3D licence conflict for EU commercial use first [S125][S126]; then: Print the interface coupon against the exact purchased hardware, measure retention, then confirm the grip geometry on a real task",2026-09-04,1.3,PLANNING ESTIMATE — NOT RELEASE APPROVAL
302,265,,SKU-380,LedgeHook headphone perch,AI-generated tools & desktop utility,NOT_STARTED,,2 VALIDATE NEXT,78.8,2,3,2,82.0,4,2,5,5,4,4,3,S102,"Estimated market fit 4/5 with evidence confidence 2/5; strategy fit 5/5; additive differentiation 5/5; portfolio leverage 4/5; creation effort 2/5, validation effort 3/5 and commercial risk 2/5.","Run demand and workflow validation before CAD capacity is assigned. Proposed gate: Resolve the Step1X-3D licence conflict for EU commercial use first [S125][S126]; then: Print the interface coupon against the exact purchased hardware, measure retention, then confirm the grip geometry on a real task",2026-09-04,1.3,PLANNING ESTIMATE — NOT RELEASE APPROVAL
303,266,,SKU-383,LoopWrench finger bit turner,AI-generated tools & desktop utility,NOT_STARTED,,2 VALIDATE NEXT,78.8,2,3,2,80.0,4,2,5,5,4,4,3,S103; S109,"Estimated market fit 4/5 with evidence confidence 2/5; strategy fit 5/5; additive differentiation 5/5; portfolio leverage 4/5; creation effort 2/5, validation effort 3/5 and commercial risk 2/5.","Run demand and workflow validation before CAD capacity is assigned. Proposed gate: Resolve the Step1X-3D licence conflict for EU commercial use first [S125][S126]; then: Print the interface coupon against the exact purchased hardware, measure retention, then confirm the grip geometry on a real task",2026-09-04,1.3,PLANNING ESTIMATE — NOT RELEASE APPROVAL
304,267,,SKU-386,PinchPour magnetic parts dish,AI-generated tools & desktop utility,NOT_STARTED,,2 VALIDATE NEXT,78.8,2,3,2,82.0,4,2,5,5,4,4,3,S103; S104; S109,"Estimated market fit 4/5 with evidence confidence 2/5; strategy fit 5/5; additive differentiation 5/5; portfolio leverage 4/5; creation effort 2/5, validation effort 3/5 and commercial risk 2/5.","Run demand and workflow validation before CAD capacity is assigned. Proposed gate: Resolve the Step1X-3D licence conflict for EU commercial use first [S125][S126]; then: Print the interface coupon against the exact purchased hardware, measure retention, then confirm the grip geometry on a real task",2026-09-04,1.3,PLANNING ESTIMATE — NOT RELEASE APPROVAL
305,268,,SKU-008,Photo-to-relief portrait panel,"3D wall art, reliefs & gallery panels",NOT_STARTED,,2 VALIDATE NEXT,78.0,2,2,1,86.0,4,3,3,5,3,5,5,S01; S02; S03; S04; S11; S16,"Estimated market fit 4/5 with evidence confidence 3/5; strategy fit 3/5; additive differentiation 5/5; portfolio leverage 3/5; creation effort 2/5, validation effort 2/5 and commercial risk 1/5.",Run demand and workflow validation before CAD capacity is assigned. Proposed gate: Build automated preview and rights attestation,2026-09-04,1.3,PLANNING ESTIMATE — NOT RELEASE APPROVAL
306,269,,SKU-323,Low-Poly Geometric Stag wall trophy,AI-generated animals & creatures,NOT_STARTED,,2 VALIDATE NEXT,78.0,1,1,1,79.0,3,2,4,5,4,3,2,S86; S113,"Estimated market fit 3/5 with evidence confidence 2/5; strategy fit 4/5; additive differentiation 5/5; portfolio leverage 4/5; creation effort 1/5, validation effort 1/5 and commercial risk 1/5.","Run demand and workflow validation before CAD capacity is assigned. Proposed gate: Resolve the Step1X-3D licence conflict for EU commercial use first [S125][S126]; then: Generate one reference image and one Step1X-3D mesh, repair to a watertight solid, then print one smallest-feature coupon before a full model",2026-09-04,1.3,PLANNING ESTIMATE — NOT RELEASE APPROVAL
307,270,,SKU-404,Wick-type self-watering reservoir planter,AI-generated trending decor objects,NOT_STARTED,,2 VALIDATE NEXT,78.0,2,3,1,80.0,3,2,5,5,4,5,3,S110; S115,"Estimated market fit 3/5 with evidence confidence 2/5; strategy fit 5/5; additive differentiation 5/5; portfolio leverage 4/5; creation effort 2/5, validation effort 3/5 and commercial risk 1/5.","Run demand and workflow validation before CAD capacity is assigned. Proposed gate: Resolve the Step1X-3D licence conflict for EU commercial use first [S125][S126]; then: Print one interface coupon for the insert, pot or keep-out, verify fit and stability, then decide the sealing and heat exclusions",2026-09-04,1.3,PLANNING ESTIMATE — NOT RELEASE APPROVAL
308,271,,SKU-405,Iridescent facet bud vase (dry-only),AI-generated trending decor objects,NOT_STARTED,,2 VALIDATE NEXT,78.0,2,3,1,77.0,3,2,5,5,4,5,3,S111; S113,"Estimated market fit 3/5 with evidence confidence 2/5; strategy fit 5/5; additive differentiation 5/5; portfolio leverage 4/5; creation effort 2/5, validation effort 3/5 and commercial risk 1/5.","Run demand and workflow validation before CAD capacity is assigned. Proposed gate: Resolve the Step1X-3D licence conflict for EU commercial use first [S125][S126]; then: Print one interface coupon for the insert, pot or keep-out, verify fit and stability, then decide the sealing and heat exclusions",2026-09-04,1.3,PLANNING ESTIMATE — NOT RELEASE APPROVAL
309,272,,SKU-124,Cubby-fit vertical mail sorter,Paper and entryway organization,NOT_STARTED,,2 VALIDATE NEXT,77.8,1,3,2,93.0,4,3,5,3,4,3,4,S31; S11; S19; S32,"Estimated market fit 4/5 with evidence confidence 3/5; strategy fit 5/5; additive differentiation 3/5; portfolio leverage 4/5; creation effort 1/5, validation effort 3/5 and commercial risk 2/5.",Run demand and workflow validation before CAD capacity is assigned. Proposed gate: Test A4 fold; C5/DL envelopes; finger access and tip stability.,2026-09-04,1.3,PLANNING ESTIMATE — NOT RELEASE APPROVAL
310,273,,SKU-163,Mineral and specimen riser-label set,Collectible display and storage,NOT_STARTED,,2 VALIDATE NEXT,77.8,1,3,2,90.0,4,3,4,5,4,3,3,S34; S01; S31; S11; S19; S32,"Estimated market fit 4/5 with evidence confidence 3/5; strategy fit 4/5; additive differentiation 5/5; portfolio leverage 4/5; creation effort 1/5, validation effort 3/5 and commercial risk 2/5.",Run demand and workflow validation before CAD capacity is assigned. Proposed gate: Run tip; surface-transfer and label-readability tests with inert stone samples.,2026-09-04,1.3,PLANNING ESTIMATE — NOT RELEASE APPROVAL
311,274,,SKU-394,Seated figure headset stand,"AI-generated persons, figurines & statues",NOT_STARTED,,2 VALIDATE NEXT,77.8,2,2,2,80.0,4,2,4,5,4,4,3,S102; S110; S112,"Estimated market fit 4/5 with evidence confidence 2/5; strategy fit 4/5; additive differentiation 5/5; portfolio leverage 4/5; creation effort 2/5, validation effort 2/5 and commercial risk 2/5.","Run demand and workflow validation before CAD capacity is assigned. Proposed gate: Resolve the Step1X-3D licence conflict for EU commercial use first [S125][S126]; then: Run the likeness and rights review, then generate one reference image, one Step1X-3D mesh and one printed minimum-feature coupon",2026-09-04,1.3,PLANNING ESTIMATE — NOT RELEASE APPROVAL
312,275,,SKU-401,Spiral passive pendant diffuser shade,AI-generated trending decor objects,NOT_STARTED,,2 VALIDATE NEXT,77.8,2,3,2,84.0,4,2,5,5,4,4,2,S111; S113,"Estimated market fit 4/5 with evidence confidence 2/5; strategy fit 5/5; additive differentiation 5/5; portfolio leverage 4/5; creation effort 2/5, validation effort 3/5 and commercial risk 2/5.","Run demand and workflow validation before CAD capacity is assigned. Proposed gate: Resolve the Step1X-3D licence conflict for EU commercial use first [S125][S126]; then: Print one interface coupon for the insert, pot or keep-out, verify fit and stability, then decide the sealing and heat exclusions",2026-09-04,1.3,PLANNING ESTIMATE — NOT RELEASE APPROVAL
313,276,,SKU-049,Power-brick cradle,Cable-management systems,NOT_STARTED,,2 VALIDATE NEXT,77.5,3,3,3,93.0,5,2,5,5,4,2,4,S05; S09; S11; S19,"Estimated market fit 5/5 with evidence confidence 2/5; strategy fit 5/5; additive differentiation 5/5; portfolio leverage 4/5; creation effort 3/5, validation effort 3/5 and commercial risk 3/5.",Run demand and workflow validation before CAD capacity is assigned. Proposed gate: Define approved mounting and ventilation rules,2026-09-04,1.3,PLANNING ESTIMATE — NOT RELEASE APPROVAL
314,277,,SKU-113,Remote-control drawer cradle with cable route,Living-room organization,NOT_STARTED,,2 VALIDATE NEXT,77.5,2,4,3,94.0,5,3,5,4,4,4,3,S31; S09; S11; S15; S19; S32,"Estimated market fit 5/5 with evidence confidence 3/5; strategy fit 5/5; additive differentiation 4/5; portfolio leverage 4/5; creation effort 2/5, validation effort 4/5 and commercial risk 3/5.",Run demand and workflow validation before CAD capacity is assigned. Proposed gate: Use inert remote blocks to validate clearance; then test cable pinch and heat around one real device.,2026-09-04,1.3,PLANNING ESTIMATE — NOT RELEASE APPROVAL
315,278,,SKU-120,Light-duty shelf riser bridge,Exact-fit shelf organization,NOT_STARTED,,2 VALIDATE NEXT,77.5,2,4,3,88.0,5,3,4,5,4,4,4,S31; S11; S19; S32,"Estimated market fit 5/5 with evidence confidence 3/5; strategy fit 4/5; additive differentiation 5/5; portfolio leverage 4/5; creation effort 2/5, validation effort 4/5 and commercial risk 3/5.",Run demand and workflow validation before CAD capacity is assigned. Proposed gate: Test modular joint; 30-day creep and tip with a conservative 1 kg target.,2026-09-04,1.3,PLANNING ESTIMATE — NOT RELEASE APPROVAL
316,279,,SKU-132,Weighted cable-end rescue puck,Cable-management systems,NOT_STARTED,,2 VALIDATE NEXT,77.5,1,3,3,92.0,5,3,5,3,4,3,2,S31; S09; S11; S19; S32,"Estimated market fit 5/5 with evidence confidence 3/5; strategy fit 5/5; additive differentiation 3/5; portfolio leverage 4/5; creation effort 1/5, validation effort 3/5 and commercial risk 3/5.",Run demand and workflow validation before CAD capacity is assigned. Proposed gate: Test pull thresholds; cable jacket marks; tip and captive-ballast retention.,2026-09-04,1.3,PLANNING ESTIMATE — NOT RELEASE APPROVAL
317,280,,SKU-135,Cable plug ID collar generator,Cable labeling systems,NOT_STARTED,,2 VALIDATE NEXT,77.5,1,4,3,93.0,5,3,5,3,4,4,3,S31; S09; S11; S19; S28; S32,"Estimated market fit 5/5 with evidence confidence 3/5; strategy fit 5/5; additive differentiation 3/5; portfolio leverage 4/5; creation effort 1/5, validation effort 4/5 and commercial risk 3/5.",Run demand and workflow validation before CAD capacity is assigned. Proposed gate: Run diameter sweep; pull-off and 1000 flex cycles on sacrificial cables.,2026-09-04,1.3,PLANNING ESTIMATE — NOT RELEASE APPROVAL
318,281,,SKU-139,Keyboard tilt wedge pair with wrist-clearance,Passive device stands,NOT_STARTED,,2 VALIDATE NEXT,77.5,1,4,3,88.0,5,3,4,5,4,4,2,S31; S11; S19; S32,"Estimated market fit 5/5 with evidence confidence 3/5; strategy fit 4/5; additive differentiation 5/5; portfolio leverage 4/5; creation effort 1/5, validation effort 4/5 and commercial risk 3/5.",Run demand and workflow validation before CAD capacity is assigned. Proposed gate: Test angles 2–8 degrees; slip and keying stability with generic keyboards.,2026-09-04,1.3,PLANNING ESTIMATE — NOT RELEASE APPROVAL
319,282,,SKU-159,Vinyl-weeding tool and scrap-catcher station,Cutting-craft organization,NOT_STARTED,,2 VALIDATE NEXT,77.5,2,3,3,92.0,5,3,4,4,4,4,4,S33; S01; S11; S19; S32,"Estimated market fit 5/5 with evidence confidence 3/5; strategy fit 4/5; additive differentiation 4/5; portfolio leverage 4/5; creation effort 2/5, validation effort 3/5 and commercial risk 3/5.",Run demand and workflow validation before CAD capacity is assigned. Proposed gate: Run tool-retention; tip-shield and scrap-removal tests.,2026-09-04,1.3,PLANNING ESTIMATE — NOT RELEASE APPROVAL
320,283,,SKU-164,Pin and badge display tile,Collectible display and storage,NOT_STARTED,,2 VALIDATE NEXT,77.5,1,3,3,91.0,5,3,4,4,4,3,3,S01; S34; S11; S19; S32,"Estimated market fit 5/5 with evidence confidence 3/5; strategy fit 4/5; additive differentiation 4/5; portfolio leverage 4/5; creation effort 1/5, validation effort 3/5 and commercial risk 3/5.",Run demand and workflow validation before CAD capacity is assigned. Proposed gate: Test back clearance; stand stability and safe handling with blunt dummy pins.,2026-09-04,1.3,PLANNING ESTIMATE — NOT RELEASE APPROVAL
321,284,,SKU-176,Packing-cube content tag set,Travel labeling systems,NOT_STARTED,,2 VALIDATE NEXT,77.5,1,4,3,91.0,4,3,5,5,4,4,3,S01; S11; S19; S28; S32,"Estimated market fit 4/5 with evidence confidence 3/5; strategy fit 5/5; additive differentiation 5/5; portfolio leverage 4/5; creation effort 1/5, validation effort 4/5 and commercial risk 3/5.",Run demand and workflow validation before CAD capacity is assigned. Proposed gate: Test pull-off; abrasion and 500 attach cycles on generic zipper pulls.,2026-09-04,1.3,PLANNING ESTIMATE — NOT RELEASE APPROVAL
322,286,,SKU-316,Articulated Sea Turtle palm fidget,AI-generated animals & creatures,NOT_STARTED,,2 VALIDATE NEXT,77.0,2,2,1,84.0,4,2,4,3,4,5,3,S84; S86,"Estimated market fit 4/5 with evidence confidence 2/5; strategy fit 4/5; additive differentiation 3/5; portfolio leverage 4/5; creation effort 2/5, validation effort 2/5 and commercial risk 1/5.","Run demand and workflow validation before CAD capacity is assigned. Proposed gate: Resolve the Step1X-3D licence conflict for EU commercial use first [S125][S126]; then: Generate one reference image and one Step1X-3D mesh, repair to a watertight solid, then print one smallest-feature coupon before a full model",2026-09-04,1.3,PLANNING ESTIMATE — NOT RELEASE APPROVAL
323,287,,SKU-322,Articulated Whale Shark key pouch,AI-generated animals & creatures,NOT_STARTED,,2 VALIDATE NEXT,77.0,2,2,1,87.0,4,2,4,3,4,5,3,S86; S84,"Estimated market fit 4/5 with evidence confidence 2/5; strategy fit 4/5; additive differentiation 3/5; portfolio leverage 4/5; creation effort 2/5, validation effort 2/5 and commercial risk 1/5.","Run demand and workflow validation before CAD capacity is assigned. Proposed gate: Resolve the Step1X-3D licence conflict for EU commercial use first [S125][S126]; then: Generate one reference image and one Step1X-3D mesh, repair to a watertight solid, then print one smallest-feature coupon before a full model",2026-09-04,1.3,PLANNING ESTIMATE — NOT RELEASE APPROVAL
324,288,,SKU-411,Jelly-gloss catch-all bowl sculpture,AI-generated trending decor objects,NOT_STARTED,,2 VALIDATE NEXT,77.0,2,2,1,80.0,3,2,5,5,4,3,2,S113,"Estimated market fit 3/5 with evidence confidence 2/5; strategy fit 5/5; additive differentiation 5/5; portfolio leverage 4/5; creation effort 2/5, validation effort 2/5 and commercial risk 1/5.","Run demand and workflow validation before CAD capacity is assigned. Proposed gate: Resolve the Step1X-3D licence conflict for EU commercial use first [S125][S126]; then: Print one interface coupon for the insert, pot or keep-out, verify fit and stability, then decide the sealing and heat exclusions",2026-09-04,1.3,PLANNING ESTIMATE — NOT RELEASE APPROVAL
325,289,,SKU-373,TwinKnob hand-screw clamp,AI-generated tools & desktop utility,NOT_STARTED,,2 VALIDATE NEXT,76.8,2,4,2,76.0,4,2,5,5,4,4,3,S105,"Estimated market fit 4/5 with evidence confidence 2/5; strategy fit 5/5; additive differentiation 5/5; portfolio leverage 4/5; creation effort 2/5, validation effort 4/5 and commercial risk 2/5.","Run demand and workflow validation before CAD capacity is assigned. Proposed gate: Resolve the Step1X-3D licence conflict for EU commercial use first [S125][S126]; then: Print the interface coupon against the exact purchased hardware, measure retention, then confirm the grip geometry on a real task",2026-09-04,1.3,PLANNING ESTIMATE — NOT RELEASE APPROVAL
326,290,,SKU-140,Monitor-base fitted accessory collar,Desk organization,NOT_STARTED,,2 VALIDATE NEXT,76.5,2,4,3,92.0,5,3,5,3,4,4,4,S31; S11; S19; S32,"Estimated market fit 5/5 with evidence confidence 3/5; strategy fit 5/5; additive differentiation 3/5; portfolio leverage 4/5; creation effort 2/5, validation effort 4/5 and commercial risk 3/5.",Run demand and workflow validation before CAD capacity is assigned. Proposed gate: Create photo-plus-ruler outline method; test interference and clean removal.,2026-09-04,1.3,PLANNING ESTIMATE — NOT RELEASE APPROVAL
327,291,,SKU-172,Guest key and parking-pass turnover tray,Hospitality and entryway organization,NOT_STARTED,,2 VALIDATE NEXT,76.5,1,3,3,91.0,4,3,4,5,4,3,4,S31; S01; S11; S19; S32,"Estimated market fit 4/5 with evidence confidence 3/5; strategy fit 4/5; additive differentiation 5/5; portfolio leverage 4/5; creation effort 1/5, validation effort 3/5 and commercial risk 3/5.",Run demand and workflow validation before CAD capacity is assigned. Proposed gate: Interview three operators; test one-handed handoff and label readability.,2026-09-04,1.3,PLANNING ESTIMATE — NOT RELEASE APPROVAL
328,292,,SKU-198,Memory-card safe archive drawer,Photo and data-media organization,NOT_STARTED,,2 VALIDATE NEXT,76.5,2,3,3,90.0,5,3,4,3,4,5,4,S31; S11; S15; S19; S32,"Estimated market fit 5/5 with evidence confidence 3/5; strategy fit 4/5; additive differentiation 3/5; portfolio leverage 4/5; creation effort 2/5, validation effort 3/5 and commercial risk 3/5.",Run demand and workflow validation before CAD capacity is assigned. Proposed gate: Use blank plastic dummies; test removal and avoid contact pressure on card pads.,2026-09-04,1.3,PLANNING ESTIMATE — NOT RELEASE APPROVAL
329,293,,SKU-325,Low-Poly Barn Owl book-perch,AI-generated animals & creatures,NOT_STARTED,,2 VALIDATE NEXT,76.0,2,2,1,83.0,3,2,4,5,4,4,3,S110; S86,"Estimated market fit 3/5 with evidence confidence 2/5; strategy fit 4/5; additive differentiation 5/5; portfolio leverage 4/5; creation effort 2/5, validation effort 2/5 and commercial risk 1/5.","Run demand and workflow validation before CAD capacity is assigned. Proposed gate: Resolve the Step1X-3D licence conflict for EU commercial use first [S125][S126]; then: Generate one reference image and one Step1X-3D mesh, repair to a watertight solid, then print one smallest-feature coupon before a full model",2026-09-04,1.3,PLANNING ESTIMATE — NOT RELEASE APPROVAL
330,294,,SKU-328,Hedgehog toothpick & cotton swab dispenser,AI-generated animals & creatures,NOT_STARTED,,2 VALIDATE NEXT,76.0,2,2,1,79.0,3,2,4,5,4,4,3,S112; S110,"Estimated market fit 3/5 with evidence confidence 2/5; strategy fit 4/5; additive differentiation 5/5; portfolio leverage 4/5; creation effort 2/5, validation effort 2/5 and commercial risk 1/5.","Run demand and workflow validation before CAD capacity is assigned. Proposed gate: Resolve the Step1X-3D licence conflict for EU commercial use first [S125][S126]; then: Generate one reference image and one Step1X-3D mesh, repair to a watertight solid, then print one smallest-feature coupon before a full model",2026-09-04,1.3,PLANNING ESTIMATE — NOT RELEASE APPROVAL
331,295,,SKU-329,Rhinoceros heavy-duty coat hook,AI-generated animals & creatures,NOT_STARTED,,2 VALIDATE NEXT,76.0,2,2,1,83.0,3,2,4,5,4,4,3,S102; S110,"Estimated market fit 3/5 with evidence confidence 2/5; strategy fit 4/5; additive differentiation 5/5; portfolio leverage 4/5; creation effort 2/5, validation effort 2/5 and commercial risk 1/5.","Run demand and workflow validation before CAD capacity is assigned. Proposed gate: Resolve the Step1X-3D licence conflict for EU commercial use first [S125][S126]; then: Generate one reference image and one Step1X-3D mesh, repair to a watertight solid, then print one smallest-feature coupon before a full model",2026-09-04,1.3,PLANNING ESTIMATE — NOT RELEASE APPROVAL
332,296,,SKU-333,Charging Bull business card holder,AI-generated animals & creatures,NOT_STARTED,,2 VALIDATE NEXT,76.0,2,2,1,78.0,3,2,4,5,4,4,3,S86; S110,"Estimated market fit 3/5 with evidence confidence 2/5; strategy fit 4/5; additive differentiation 5/5; portfolio leverage 4/5; creation effort 2/5, validation effort 2/5 and commercial risk 1/5.","Run demand and workflow validation before CAD capacity is assigned. Proposed gate: Resolve the Step1X-3D licence conflict for EU commercial use first [S125][S126]; then: Generate one reference image and one Step1X-3D mesh, repair to a watertight solid, then print one smallest-feature coupon before a full model",2026-09-04,1.3,PLANNING ESTIMATE — NOT RELEASE APPROVAL
333,297,,SKU-337,Chibi Dungeon Wizard with glowing orb,AI-generated cartoon & comic characters,NOT_STARTED,,2 VALIDATE NEXT,76.0,2,2,1,76.0,3,2,4,5,4,4,3,S86,"Estimated market fit 3/5 with evidence confidence 2/5; strategy fit 4/5; additive differentiation 5/5; portfolio leverage 4/5; creation effort 2/5, validation effort 2/5 and commercial risk 1/5.","Run demand and workflow validation before CAD capacity is assigned. Proposed gate: Resolve the Step1X-3D licence conflict for EU commercial use first [S125][S126]; then: Run the originality and trade-dress review, then generate one reference image, one Step1X-3D mesh and one printed minimum-feature coupon",2026-09-04,1.3,PLANNING ESTIMATE — NOT RELEASE APPROVAL
334,298,,SKU-340,Comic Gothic Gargoyle bookend,AI-generated cartoon & comic characters,NOT_STARTED,,2 VALIDATE NEXT,76.0,2,2,1,83.0,3,2,4,5,4,4,3,S86; S87; S113,"Estimated market fit 3/5 with evidence confidence 2/5; strategy fit 4/5; additive differentiation 5/5; portfolio leverage 4/5; creation effort 2/5, validation effort 2/5 and commercial risk 1/5.","Run demand and workflow validation before CAD capacity is assigned. Proposed gate: Resolve the Step1X-3D licence conflict for EU commercial use first [S125][S126]; then: Run the originality and trade-dress review, then generate one reference image, one Step1X-3D mesh and one printed minimum-feature coupon",2026-09-04,1.3,PLANNING ESTIMATE — NOT RELEASE APPROVAL
335,299,,SKU-343,Kawaii Boba Tea creature desk companion,AI-generated cartoon & comic characters,NOT_STARTED,,2 VALIDATE NEXT,76.0,2,2,1,83.0,3,2,4,5,4,4,3,S86; S90,"Estimated market fit 3/5 with evidence confidence 2/5; strategy fit 4/5; additive differentiation 5/5; portfolio leverage 4/5; creation effort 2/5, validation effort 2/5 and commercial risk 1/5.","Run demand and workflow validation before CAD capacity is assigned. Proposed gate: Resolve the Step1X-3D licence conflict for EU commercial use first [S125][S126]; then: Run the originality and trade-dress review, then generate one reference image, one Step1X-3D mesh and one printed minimum-feature coupon",2026-09-04,1.3,PLANNING ESTIMATE — NOT RELEASE APPROVAL
336,300,,SKU-345,Comic Noir Detective memo holder,AI-generated cartoon & comic characters,NOT_STARTED,,2 VALIDATE NEXT,76.0,2,2,1,78.0,3,2,4,5,4,4,3,S86,"Estimated market fit 3/5 with evidence confidence 2/5; strategy fit 4/5; additive differentiation 5/5; portfolio leverage 4/5; creation effort 2/5, validation effort 2/5 and commercial risk 1/5.","Run demand and workflow validation before CAD capacity is assigned. Proposed gate: Resolve the Step1X-3D licence conflict for EU commercial use first [S125][S126]; then: Run the originality and trade-dress review, then generate one reference image, one Step1X-3D mesh and one printed minimum-feature coupon",2026-09-04,1.3,PLANNING ESTIMATE — NOT RELEASE APPROVAL
337,301,,SKU-348,Stylized Dragon Whelp D20 guardian,AI-generated cartoon & comic characters,NOT_STARTED,,2 VALIDATE NEXT,76.0,2,2,1,83.0,3,2,4,5,4,4,3,S86; S87,"Estimated market fit 3/5 with evidence confidence 2/5; strategy fit 4/5; additive differentiation 5/5; portfolio leverage 4/5; creation effort 2/5, validation effort 2/5 and commercial risk 1/5.","Run demand and workflow validation before CAD capacity is assigned. Proposed gate: Resolve the Step1X-3D licence conflict for EU commercial use first [S125][S126]; then: Run the originality and trade-dress review, then generate one reference image, one Step1X-3D mesh and one printed minimum-feature coupon",2026-09-04,1.3,PLANNING ESTIMATE — NOT RELEASE APPROVAL
338,302,,SKU-349,Grumpy Goblin merchant coin catch,AI-generated cartoon & comic characters,NOT_STARTED,,2 VALIDATE NEXT,76.0,2,2,1,83.0,3,2,4,5,4,4,3,S86; S87,"Estimated market fit 3/5 with evidence confidence 2/5; strategy fit 4/5; additive differentiation 5/5; portfolio leverage 4/5; creation effort 2/5, validation effort 2/5 and commercial risk 1/5.","Run demand and workflow validation before CAD capacity is assigned. Proposed gate: Resolve the Step1X-3D licence conflict for EU commercial use first [S125][S126]; then: Run the originality and trade-dress review, then generate one reference image, one Step1X-3D mesh and one printed minimum-feature coupon",2026-09-04,1.3,PLANNING ESTIMATE — NOT RELEASE APPROVAL
339,303,,SKU-392,Gardener figure seed-packet holder,"AI-generated persons, figurines & statues",NOT_STARTED,,2 VALIDATE NEXT,76.0,2,2,1,83.0,3,2,4,5,4,4,3,S110; S115,"Estimated market fit 3/5 with evidence confidence 2/5; strategy fit 4/5; additive differentiation 5/5; portfolio leverage 4/5; creation effort 2/5, validation effort 2/5 and commercial risk 1/5.","Run demand and workflow validation before CAD capacity is assigned. Proposed gate: Resolve the Step1X-3D licence conflict for EU commercial use first [S125][S126]; then: Run the likeness and rights review, then generate one reference image, one Step1X-3D mesh and one printed minimum-feature coupon",2026-09-04,1.3,PLANNING ESTIMATE — NOT RELEASE APPROVAL
340,304,,SKU-399,Reading figure book weight,"AI-generated persons, figurines & statues",NOT_STARTED,,2 VALIDATE NEXT,76.0,2,2,1,83.0,3,2,4,5,4,4,3,S110; S112,"Estimated market fit 3/5 with evidence confidence 2/5; strategy fit 4/5; additive differentiation 5/5; portfolio leverage 4/5; creation effort 2/5, validation effort 2/5 and commercial risk 1/5.","Run demand and workflow validation before CAD capacity is assigned. Proposed gate: Resolve the Step1X-3D licence conflict for EU commercial use first [S125][S126]; then: Run the likeness and rights review, then generate one reference image, one Step1X-3D mesh and one printed minimum-feature coupon",2026-09-04,1.3,PLANNING ESTIMATE — NOT RELEASE APPROVAL
341,305,,SKU-128,Handbag handle support insert,Wardrobe and shelf organization,NOT_STARTED,,2 VALIDATE NEXT,75.8,2,3,2,89.0,5,3,4,3,4,3,3,S34; S31; S11; S19; S32,"Estimated market fit 5/5 with evidence confidence 3/5; strategy fit 4/5; additive differentiation 3/5; portfolio leverage 4/5; creation effort 2/5, validation effort 3/5 and commercial risk 2/5.",Run demand and workflow validation before CAD capacity is assigned. Proposed gate: Test pressure marks and stability with unbranded sample bags.,2026-09-04,1.3,PLANNING ESTIMATE — NOT RELEASE APPROVAL
342,306,,SKU-398,Sprinter figure medal hanger,"AI-generated persons, figurines & statues",NOT_STARTED,,2 VALIDATE NEXT,75.8,2,2,2,79.0,4,2,4,5,4,3,2,S110; S112,"Estimated market fit 4/5 with evidence confidence 2/5; strategy fit 4/5; additive differentiation 5/5; portfolio leverage 4/5; creation effort 2/5, validation effort 2/5 and commercial risk 2/5.","Run demand and workflow validation before CAD capacity is assigned. Proposed gate: Resolve the Step1X-3D licence conflict for EU commercial use first [S125][S126]; then: Run the likeness and rights review, then generate one reference image, one Step1X-3D mesh and one printed minimum-feature coupon",2026-09-04,1.3,PLANNING ESTIMATE — NOT RELEASE APPROVAL
343,307,,SKU-406,LED tea-light grotto holder,AI-generated trending decor objects,NOT_STARTED,,2 VALIDATE NEXT,75.8,2,3,2,83.0,3,2,5,5,4,5,3,S111; S114,"Estimated market fit 3/5 with evidence confidence 2/5; strategy fit 5/5; additive differentiation 5/5; portfolio leverage 4/5; creation effort 2/5, validation effort 3/5 and commercial risk 2/5.","Run demand and workflow validation before CAD capacity is assigned. Proposed gate: Resolve the Step1X-3D licence conflict for EU commercial use first [S125][S126]; then: Print one interface coupon for the insert, pot or keep-out, verify fit and stability, then decide the sealing and heat exclusions",2026-09-04,1.3,PLANNING ESTIMATE — NOT RELEASE APPROVAL
344,308,,SKU-070,Sit-stand desk cable chain,Cable-management systems,NOT_STARTED,,2 VALIDATE NEXT,75.5,3,3,3,92.0,5,2,5,5,4,1,3,S05; S09; S11; S19,"Estimated market fit 5/5 with evidence confidence 2/5; strategy fit 5/5; additive differentiation 5/5; portfolio leverage 4/5; creation effort 3/5, validation effort 3/5 and commercial risk 3/5.",Run demand and workflow validation before CAD capacity is assigned. Proposed gate: Build endurance rig and define maximum cable bundle,2026-09-04,1.3,PLANNING ESTIMATE — NOT RELEASE APPROVAL
345,309,,SKU-121,Clip-under-shelf paper tray,Under-shelf micro-storage,NOT_STARTED,,2 VALIDATE NEXT,75.5,2,3,3,90.0,5,3,4,3,4,4,4,S31; S33; S11; S19; S32,"Estimated market fit 5/5 with evidence confidence 3/5; strategy fit 4/5; additive differentiation 3/5; portfolio leverage 4/5; creation effort 2/5, validation effort 3/5 and commercial risk 3/5.",Run demand and workflow validation before CAD capacity is assigned. Proposed gate: Print clip sweep; test 500 installs and 30-day load on three shelf finishes.,2026-09-04,1.3,PLANNING ESTIMATE — NOT RELEASE APPROVAL
346,310,,SKU-151,Portable yarn-project caddy lid,Sewing and needlecraft organization,NOT_STARTED,,2 VALIDATE NEXT,75.5,2,4,3,91.0,5,3,5,3,4,4,3,S33; S11; S19; S32,"Estimated market fit 5/5 with evidence confidence 3/5; strategy fit 5/5; additive differentiation 3/5; portfolio leverage 4/5; creation effort 2/5, validation effort 4/5 and commercial risk 3/5.",Run demand and workflow validation before CAD capacity is assigned. Proposed gate: Develop rim coupon method; test retention and yarn abrasion with three box types.,2026-09-04,1.3,PLANNING ESTIMATE — NOT RELEASE APPROVAL
347,311,,SKU-154,Paintbrush drying bridge with removable drip tray,Painting and model-making organization,NOT_STARTED,,2 VALIDATE NEXT,75.5,1,4,3,90.0,5,3,4,3,4,4,4,S33; S11; S19; S32,"Estimated market fit 5/5 with evidence confidence 3/5; strategy fit 4/5; additive differentiation 3/5; portfolio leverage 4/5; creation effort 1/5, validation effort 4/5 and commercial risk 3/5.",Run demand and workflow validation before CAD capacity is assigned. Proposed gate: Test tip clearance; cleaning and staining with water-based paints only.,2026-09-04,1.3,PLANNING ESTIMATE — NOT RELEASE APPROVAL
348,312,,SKU-179,Memory-object display plinth with date label,Personalized functional decor,NOT_STARTED,,2 VALIDATE NEXT,75.5,2,4,3,94.0,5,3,4,5,4,3,3,S01; S31; S11; S19; S32,"Estimated market fit 5/5 with evidence confidence 3/5; strategy fit 4/5; additive differentiation 5/5; portfolio leverage 4/5; creation effort 2/5, validation effort 4/5 and commercial risk 3/5.",Run demand and workflow validation before CAD capacity is assigned. Proposed gate: Test tip and contact marks using inert objects across the allowed mass range.,2026-09-04,1.3,PLANNING ESTIMATE — NOT RELEASE APPROVAL
349,313,,SKU-020,Dual game-controller stand,"Headphone, controller & VR stands",NOT_STARTED,,2 VALIDATE NEXT,75.0,2,2,1,86.0,4,2,3,5,3,4,4,S05; S11; S19,"Estimated market fit 4/5 with evidence confidence 2/5; strategy fit 3/5; additive differentiation 5/5; portfolio leverage 3/5; creation effort 2/5, validation effort 2/5 and commercial risk 1/5.",Run demand and workflow validation before CAD capacity is assigned. Proposed gate: Create scan-based cradle library,2026-09-04,1.3,PLANNING ESTIMATE — NOT RELEASE APPROVAL
350,314,,SKU-021,Freestanding headphone stand,"Headphone, controller & VR stands",NOT_STARTED,,2 VALIDATE NEXT,75.0,2,2,1,86.0,4,2,3,5,3,4,4,S05; S11; S19,"Estimated market fit 4/5 with evidence confidence 2/5; strategy fit 3/5; additive differentiation 5/5; portfolio leverage 3/5; creation effort 2/5, validation effort 2/5 and commercial risk 1/5.",Run demand and workflow validation before CAD capacity is assigned. Proposed gate: Build fit presets for five common headband styles,2026-09-04,1.3,PLANNING ESTIMATE — NOT RELEASE APPROVAL
351,315,,SKU-342,Stylized Forest Treant miniature planter,AI-generated cartoon & comic characters,NOT_STARTED,,2 VALIDATE NEXT,75.0,2,3,1,80.0,3,2,4,5,4,5,3,S113; S110,"Estimated market fit 3/5 with evidence confidence 2/5; strategy fit 4/5; additive differentiation 5/5; portfolio leverage 4/5; creation effort 2/5, validation effort 3/5 and commercial risk 1/5.","Run demand and workflow validation before CAD capacity is assigned. Proposed gate: Resolve the Step1X-3D licence conflict for EU commercial use first [S125][S126]; then: Run the originality and trade-dress review, then generate one reference image, one Step1X-3D mesh and one printed minimum-feature coupon",2026-09-04,1.3,PLANNING ESTIMATE — NOT RELEASE APPROVAL
352,316,,SKU-149,Needlepoint thread parking comb,Sewing and needlecraft organization,NOT_STARTED,,2 VALIDATE NEXT,74.8,2,3,2,88.0,5,3,4,3,4,3,2,S33; S11; S19; S28; S32,"Estimated market fit 5/5 with evidence confidence 3/5; strategy fit 4/5; additive differentiation 3/5; portfolio leverage 4/5; creation effort 2/5, validation effort 3/5 and commercial risk 2/5.",Run demand and workflow validation before CAD capacity is assigned. Proposed gate: Run snag and fiber-damage tests with common floss types.,2026-09-04,1.3,PLANNING ESTIMATE — NOT RELEASE APPROVAL
353,317,,SKU-136,Low-voltage cable slack spool module,Cable-management systems,NOT_STARTED,,2 VALIDATE NEXT,74.5,2,4,3,89.0,5,3,4,3,4,5,4,S31; S09; S11; S19; S32,"Estimated market fit 5/5 with evidence confidence 3/5; strategy fit 4/5; additive differentiation 3/5; portfolio leverage 4/5; creation effort 2/5, validation effort 4/5 and commercial risk 3/5.",Run demand and workflow validation before CAD capacity is assigned. Proposed gate: Test cable temperature; bend memory and accidental pull for allowed cable classes.,2026-09-04,1.3,PLANNING ESTIMATE — NOT RELEASE APPROVAL
354,318,,SKU-174,Fold-flat hotel nightstand organizer,Travel organization,NOT_STARTED,,2 VALIDATE NEXT,74.5,2,4,3,94.0,5,3,4,3,4,5,4,S01; S31; S09; S11; S19; S32,"Estimated market fit 5/5 with evidence confidence 3/5; strategy fit 4/5; additive differentiation 3/5; portfolio leverage 4/5; creation effort 2/5, validation effort 4/5 and commercial risk 3/5.",Run demand and workflow validation before CAD capacity is assigned. Proposed gate: Select captive joint; run 1000 fold cycles and travel-bag compression test.,2026-09-04,1.3,PLANNING ESTIMATE — NOT RELEASE APPROVAL
355,319,,SKU-381,ScoreGrip marking-knife holder,AI-generated tools & desktop utility,NOT_STARTED,,2 VALIDATE NEXT,74.5,2,4,3,76.0,4,2,5,5,4,4,3,S105,"Estimated market fit 4/5 with evidence confidence 2/5; strategy fit 5/5; additive differentiation 5/5; portfolio leverage 4/5; creation effort 2/5, validation effort 4/5 and commercial risk 3/5.","Run demand and workflow validation before CAD capacity is assigned. Proposed gate: Resolve the Step1X-3D licence conflict for EU commercial use first [S125][S126]; then: Print the interface coupon against the exact purchased hardware, measure retention, then confirm the grip geometry on a real task",2026-09-04,1.3,PLANNING ESTIMATE — NOT RELEASE APPROVAL
356,320,,SKU-385,DepthThumb drill depth collar,AI-generated tools & desktop utility,NOT_STARTED,,2 VALIDATE NEXT,74.5,2,4,3,76.0,4,2,5,5,4,4,3,S105,"Estimated market fit 4/5 with evidence confidence 2/5; strategy fit 5/5; additive differentiation 5/5; portfolio leverage 4/5; creation effort 2/5, validation effort 4/5 and commercial risk 3/5.","Run demand and workflow validation before CAD capacity is assigned. Proposed gate: Resolve the Step1X-3D licence conflict for EU commercial use first [S125][S126]; then: Print the interface coupon against the exact purchased hardware, measure retention, then confirm the grip geometry on a real task",2026-09-04,1.3,PLANNING ESTIMATE — NOT RELEASE APPROVAL
357,321,,SKU-031,City skyline and street-map panel,"3D wall art, reliefs & gallery panels",NOT_STARTED,,2 VALIDATE NEXT,73.8,2,2,2,85.0,4,3,3,5,3,4,4,S01; S02; S03; S04; S11; S16,"Estimated market fit 4/5 with evidence confidence 3/5; strategy fit 3/5; additive differentiation 5/5; portfolio leverage 3/5; creation effort 2/5, validation effort 2/5 and commercial risk 2/5.",Run demand and workflow validation before CAD capacity is assigned. Proposed gate: Define open-data pipeline and attribution placement,2026-09-04,1.3,PLANNING ESTIMATE — NOT RELEASE APPROVAL
358,322,,SKU-032,Custom topographic relief tile,"3D wall art, reliefs & gallery panels",NOT_STARTED,,2 VALIDATE NEXT,73.8,2,2,2,85.0,4,3,3,5,3,4,4,S01; S02; S03; S04; S11; S16,"Estimated market fit 4/5 with evidence confidence 3/5; strategy fit 3/5; additive differentiation 5/5; portfolio leverage 3/5; creation effort 2/5, validation effort 2/5 and commercial risk 2/5.",Run demand and workflow validation before CAD capacity is assigned. Proposed gate: Establish approved map-data sources and attribution rules,2026-09-04,1.3,PLANNING ESTIMATE — NOT RELEASE APPROVAL
359,323,,SKU-033,Modular botanical relief set,"3D wall art, reliefs & gallery panels",NOT_STARTED,,2 VALIDATE NEXT,73.8,2,2,2,85.0,4,3,3,5,3,4,4,S01; S02; S03; S04; S11; S16,"Estimated market fit 4/5 with evidence confidence 3/5; strategy fit 3/5; additive differentiation 5/5; portfolio leverage 3/5; creation effort 2/5, validation effort 2/5 and commercial risk 2/5.",Run demand and workflow validation before CAD capacity is assigned. Proposed gate: Commission first original motif collection,2026-09-04,1.3,PLANNING ESTIMATE — NOT RELEASE APPROVAL
360,324,,SKU-038,Generic tabletop card-holder set,"Board-game inserts, card holders & dice towers",NOT_STARTED,,2 VALIDATE NEXT,73.8,1,2,2,76.0,3,3,3,5,3,5,5,S01; S04; S11; S16,"Estimated market fit 3/5 with evidence confidence 3/5; strategy fit 3/5; additive differentiation 5/5; portfolio leverage 3/5; creation effort 1/5, validation effort 2/5 and commercial risk 2/5.",Run demand and workflow validation before CAD capacity is assigned. Proposed gate: Create sleeve-thickness presets and accessibility pilot,2026-09-04,1.3,PLANNING ESTIMATE — NOT RELEASE APPROVAL
361,325,,SKU-369,Geode worry stone tactile pebble,"AI-generated toys, fidgets & kinetic objects",NOT_STARTED,,2 VALIDATE NEXT,73.8,1,3,2,80.0,3,2,4,5,4,4,3,S94; S101,"Estimated market fit 3/5 with evidence confidence 2/5; strategy fit 4/5; additive differentiation 5/5; portfolio leverage 4/5; creation effort 1/5, validation effort 3/5 and commercial risk 2/5.","Run demand and workflow validation before CAD capacity is assigned. Proposed gate: Resolve the Step1X-3D licence conflict for EU commercial use first [S125][S126]; then: Print one mechanism coupon at the intended clearance, run the 100-cycle actuation test, then decide the toy-safety route before any sale",2026-09-04,1.3,PLANNING ESTIMATE — NOT RELEASE APPROVAL
362,326,,SKU-388,Climber figure wall hook,"AI-generated persons, figurines & statues",NOT_STARTED,,2 VALIDATE NEXT,73.8,2,2,2,83.0,3,2,4,5,4,4,3,S110; S112,"Estimated market fit 3/5 with evidence confidence 2/5; strategy fit 4/5; additive differentiation 5/5; portfolio leverage 4/5; creation effort 2/5, validation effort 2/5 and commercial risk 2/5.","Run demand and workflow validation before CAD capacity is assigned. Proposed gate: Resolve the Step1X-3D licence conflict for EU commercial use first [S125][S126]; then: Run the likeness and rights review, then generate one reference image, one Step1X-3D mesh and one printed minimum-feature coupon",2026-09-04,1.3,PLANNING ESTIMATE — NOT RELEASE APPROVAL
363,327,,SKU-391,Chef figure utensil rest,"AI-generated persons, figurines & statues",NOT_STARTED,,2 VALIDATE NEXT,73.8,2,2,2,79.0,3,2,4,5,4,4,3,S110; S112,"Estimated market fit 3/5 with evidence confidence 2/5; strategy fit 4/5; additive differentiation 5/5; portfolio leverage 4/5; creation effort 2/5, validation effort 2/5 and commercial risk 2/5.","Run demand and workflow validation before CAD capacity is assigned. Proposed gate: Resolve the Step1X-3D licence conflict for EU commercial use first [S125][S126]; then: Run the likeness and rights review, then generate one reference image, one Step1X-3D mesh and one printed minimum-feature coupon",2026-09-04,1.3,PLANNING ESTIMATE — NOT RELEASE APPROVAL
364,328,,SKU-412,Striped big-top pendant diffuser,AI-generated trending decor objects,NOT_STARTED,,2 VALIDATE NEXT,73.8,2,3,2,83.0,3,2,5,5,4,4,2,S111; S113,"Estimated market fit 3/5 with evidence confidence 2/5; strategy fit 5/5; additive differentiation 5/5; portfolio leverage 4/5; creation effort 2/5, validation effort 3/5 and commercial risk 2/5.","Run demand and workflow validation before CAD capacity is assigned. Proposed gate: Resolve the Step1X-3D licence conflict for EU commercial use first [S125][S126]; then: Print one interface coupon for the insert, pot or keep-out, verify fit and stability, then decide the sealing and heat exclusions",2026-09-04,1.3,PLANNING ESTIMATE — NOT RELEASE APPROVAL
365,329,,SKU-108,Camera battery and media-card drawer cassette,Photo-gear organization,NOT_STARTED,,2 VALIDATE NEXT,73.5,2,5,3,90.0,5,3,4,3,4,5,5,S31; S11; S15; S19; S32,"Estimated market fit 5/5 with evidence confidence 3/5; strategy fit 4/5; additive differentiation 3/5; portfolio leverage 4/5; creation effort 2/5, validation effort 5/5 and commercial risk 3/5.",Run demand and workflow validation before CAD capacity is assigned. Proposed gate: Run heat-clearance and drop tests with inert dimensional dummies before any real-battery pilot.,2026-09-04,1.3,PLANNING ESTIMATE — NOT RELEASE APPROVAL
366,330,,SKU-138,Vertical laptop slot with thickness gauge,Passive device stands,NOT_STARTED,,2 VALIDATE NEXT,73.5,2,4,3,80.0,4,3,4,5,4,4,4,S31; S11; S19; S32,"Estimated market fit 4/5 with evidence confidence 3/5; strategy fit 4/5; additive differentiation 5/5; portfolio leverage 4/5; creation effort 2/5, validation effort 4/5 and commercial risk 3/5.",Run demand and workflow validation before CAD capacity is assigned. Proposed gate: Prototype two-device stand; run bump; tip and pad-abrasion tests.,2026-09-04,1.3,PLANNING ESTIMATE — NOT RELEASE APPROVAL
367,331,,SKU-145,Fold-flat phone stand with document rest,Passive device stands,NOT_STARTED,,2 VALIDATE NEXT,73.5,2,4,3,87.0,4,3,4,3,5,5,4,S01; S33; S31; S11; S19; S32,"Estimated market fit 4/5 with evidence confidence 3/5; strategy fit 4/5; additive differentiation 3/5; portfolio leverage 5/5; creation effort 2/5, validation effort 4/5 and commercial risk 3/5.",Run demand and workflow validation before CAD capacity is assigned. Proposed gate: Compare captive flexure and pin joint; run 1000 fold cycles and tip tests.,2026-09-04,1.3,PLANNING ESTIMATE — NOT RELEASE APPROVAL
368,332,,SKU-175,Travel jewelry cassette with captured dividers,Travel organization,NOT_STARTED,,2 VALIDATE NEXT,73.5,2,4,3,93.0,5,3,4,4,4,3,3,S01; S31; S11; S19; S28; S32,"Estimated market fit 5/5 with evidence confidence 3/5; strategy fit 4/5; additive differentiation 4/5; portfolio leverage 4/5; creation effort 2/5, validation effort 4/5 and commercial risk 3/5.",Run demand and workflow validation before CAD capacity is assigned. Proposed gate: Test chain tangling; latch cycles and surface transfer with costume jewelry.,2026-09-04,1.3,PLANNING ESTIMATE — NOT RELEASE APPROVAL
369,333,,SKU-315,Articulated Crystal Dragon desk guardian,AI-generated animals & creatures,NOT_STARTED,,2 VALIDATE NEXT,73.0,2,2,1,80.0,3,2,4,3,4,5,3,S84; S85,"Estimated market fit 3/5 with evidence confidence 2/5; strategy fit 4/5; additive differentiation 3/5; portfolio leverage 4/5; creation effort 2/5, validation effort 2/5 and commercial risk 1/5.","Run demand and workflow validation before CAD capacity is assigned. Proposed gate: Resolve the Step1X-3D licence conflict for EU commercial use first [S125][S126]; then: Generate one reference image and one Step1X-3D mesh, repair to a watertight solid, then print one smallest-feature coupon before a full model",2026-09-04,1.3,PLANNING ESTIMATE — NOT RELEASE APPROVAL
370,334,,SKU-317,Articulated Axolotl desk pet,AI-generated animals & creatures,NOT_STARTED,,2 VALIDATE NEXT,73.0,2,2,1,80.0,3,2,4,3,4,5,3,S84,"Estimated market fit 3/5 with evidence confidence 2/5; strategy fit 4/5; additive differentiation 3/5; portfolio leverage 4/5; creation effort 2/5, validation effort 2/5 and commercial risk 1/5.","Run demand and workflow validation before CAD capacity is assigned. Proposed gate: Resolve the Step1X-3D licence conflict for EU commercial use first [S125][S126]; then: Generate one reference image and one Step1X-3D mesh, repair to a watertight solid, then print one smallest-feature coupon before a full model",2026-09-04,1.3,PLANNING ESTIMATE — NOT RELEASE APPROVAL
371,335,,SKU-318,Articulated Japanese Koi Fish,AI-generated animals & creatures,NOT_STARTED,,2 VALIDATE NEXT,73.0,2,2,1,75.0,3,2,4,3,4,5,3,S84; S113,"Estimated market fit 3/5 with evidence confidence 2/5; strategy fit 4/5; additive differentiation 3/5; portfolio leverage 4/5; creation effort 2/5, validation effort 2/5 and commercial risk 1/5.","Run demand and workflow validation before CAD capacity is assigned. Proposed gate: Resolve the Step1X-3D licence conflict for EU commercial use first [S125][S126]; then: Generate one reference image and one Step1X-3D mesh, repair to a watertight solid, then print one smallest-feature coupon before a full model",2026-09-04,1.3,PLANNING ESTIMATE — NOT RELEASE APPROVAL
372,336,,SKU-320,Articulated Capybara with orange hat,AI-generated animals & creatures,NOT_STARTED,,2 VALIDATE NEXT,73.0,2,2,1,76.0,3,2,4,3,4,5,3,S86,"Estimated market fit 3/5 with evidence confidence 2/5; strategy fit 4/5; additive differentiation 3/5; portfolio leverage 4/5; creation effort 2/5, validation effort 2/5 and commercial risk 1/5.","Run demand and workflow validation before CAD capacity is assigned. Proposed gate: Resolve the Step1X-3D licence conflict for EU commercial use first [S125][S126]; then: Generate one reference image and one Step1X-3D mesh, repair to a watertight solid, then print one smallest-feature coupon before a full model",2026-09-04,1.3,PLANNING ESTIMATE — NOT RELEASE APPROVAL
373,337,,SKU-321,Articulated Red Panda desk buddy,AI-generated animals & creatures,NOT_STARTED,,2 VALIDATE NEXT,73.0,2,2,1,75.0,3,2,4,3,4,5,3,S84; S113,"Estimated market fit 3/5 with evidence confidence 2/5; strategy fit 4/5; additive differentiation 3/5; portfolio leverage 4/5; creation effort 2/5, validation effort 2/5 and commercial risk 1/5.","Run demand and workflow validation before CAD capacity is assigned. Proposed gate: Resolve the Step1X-3D licence conflict for EU commercial use first [S125][S126]; then: Generate one reference image and one Step1X-3D mesh, repair to a watertight solid, then print one smallest-feature coupon before a full model",2026-09-04,1.3,PLANNING ESTIMATE — NOT RELEASE APPROVAL
374,338,,SKU-355,Dune scorpion clicking tail fidget,"AI-generated toys, fidgets & kinetic objects",NOT_STARTED,,2 VALIDATE NEXT,72.8,2,3,2,84.0,4,2,4,3,4,5,3,S94; S95,"Estimated market fit 4/5 with evidence confidence 2/5; strategy fit 4/5; additive differentiation 3/5; portfolio leverage 4/5; creation effort 2/5, validation effort 3/5 and commercial risk 2/5.","Run demand and workflow validation before CAD capacity is assigned. Proposed gate: Resolve the Step1X-3D licence conflict for EU commercial use first [S125][S126]; then: Print one mechanism coupon at the intended clearance, run the 100-cycle actuation test, then decide the toy-safety route before any sale",2026-09-04,1.3,PLANNING ESTIMATE — NOT RELEASE APPROVAL
375,339,,SKU-356,Tidepool hermit crab twist pod,"AI-generated toys, fidgets & kinetic objects",NOT_STARTED,,2 VALIDATE NEXT,72.8,2,3,2,91.0,4,2,4,3,4,5,3,S94; S95,"Estimated market fit 4/5 with evidence confidence 2/5; strategy fit 4/5; additive differentiation 3/5; portfolio leverage 4/5; creation effort 2/5, validation effort 3/5 and commercial risk 2/5.","Run demand and workflow validation before CAD capacity is assigned. Proposed gate: Resolve the Step1X-3D licence conflict for EU commercial use first [S125][S126]; then: Print one mechanism coupon at the intended clearance, run the 100-cycle actuation test, then decide the toy-safety route before any sale",2026-09-04,1.3,PLANNING ESTIMATE — NOT RELEASE APPROVAL
376,340,,SKU-362,Click pebble bistable thumb clicker,"AI-generated toys, fidgets & kinetic objects",NOT_STARTED,,2 VALIDATE NEXT,72.8,2,3,2,84.0,4,2,4,3,4,5,3,S94; S95,"Estimated market fit 4/5 with evidence confidence 2/5; strategy fit 4/5; additive differentiation 3/5; portfolio leverage 4/5; creation effort 2/5, validation effort 3/5 and commercial risk 2/5.","Run demand and workflow validation before CAD capacity is assigned. Proposed gate: Resolve the Step1X-3D licence conflict for EU commercial use first [S125][S126]; then: Print one mechanism coupon at the intended clearance, run the 100-cycle actuation test, then decide the toy-safety route before any sale",2026-09-04,1.3,PLANNING ESTIMATE — NOT RELEASE APPROVAL
377,341,,SKU-363,Bolt slide blade-free thumb slider,"AI-generated toys, fidgets & kinetic objects",NOT_STARTED,,2 VALIDATE NEXT,72.8,2,3,2,84.0,4,2,4,3,4,5,3,S94; S95,"Estimated market fit 4/5 with evidence confidence 2/5; strategy fit 4/5; additive differentiation 3/5; portfolio leverage 4/5; creation effort 2/5, validation effort 3/5 and commercial risk 2/5.","Run demand and workflow validation before CAD capacity is assigned. Proposed gate: Resolve the Step1X-3D licence conflict for EU commercial use first [S125][S126]; then: Print one mechanism coupon at the intended clearance, run the 100-cycle actuation test, then decide the toy-safety route before any sale",2026-09-04,1.3,PLANNING ESTIMATE — NOT RELEASE APPROVAL
378,342,,SKU-366,Basalt burr six-piece interlocking puzzle,"AI-generated toys, fidgets & kinetic objects",NOT_STARTED,,2 VALIDATE NEXT,72.8,2,3,2,76.0,4,2,4,3,4,5,3,S100; S97,"Estimated market fit 4/5 with evidence confidence 2/5; strategy fit 4/5; additive differentiation 3/5; portfolio leverage 4/5; creation effort 2/5, validation effort 3/5 and commercial risk 2/5.","Run demand and workflow validation before CAD capacity is assigned. Proposed gate: Resolve the Step1X-3D licence conflict for EU commercial use first [S125][S126]; then: Print one mechanism coupon at the intended clearance, run the 100-cycle actuation test, then decide the toy-safety route before any sale",2026-09-04,1.3,PLANNING ESTIMATE — NOT RELEASE APPROVAL
379,343,,SKU-367,Nautilus maze sphere dexterity puzzle,"AI-generated toys, fidgets & kinetic objects",NOT_STARTED,,2 VALIDATE NEXT,72.8,2,3,2,76.0,4,2,4,3,4,5,3,S100,"Estimated market fit 4/5 with evidence confidence 2/5; strategy fit 4/5; additive differentiation 3/5; portfolio leverage 4/5; creation effort 2/5, validation effort 3/5 and commercial risk 2/5.","Run demand and workflow validation before CAD capacity is assigned. Proposed gate: Resolve the Step1X-3D licence conflict for EU commercial use first [S125][S126]; then: Print one mechanism coupon at the intended clearance, run the 100-cycle actuation test, then decide the toy-safety route before any sale",2026-09-04,1.3,PLANNING ESTIMATE — NOT RELEASE APPROVAL
380,344,,SKU-063,Outdoor house-number plaque,"Personalized signs, house numbers & event decor",NOT_STARTED,,2 VALIDATE NEXT,71.5,3,3,3,84.0,4,3,4,5,4,2,4,S01; S04; S11; S16; S24,"Estimated market fit 4/5 with evidence confidence 3/5; strategy fit 4/5; additive differentiation 5/5; portfolio leverage 4/5; creation effort 3/5, validation effort 3/5 and commercial risk 3/5.",Run demand and workflow validation before CAD capacity is assigned. Proposed gate: Build approved font set and weathering pilot,2026-09-04,1.3,PLANNING ESTIMATE — NOT RELEASE APPROVAL
381,345,,SKU-169,Vinyl-cleaning accessory dock,Physical-media organization,NOT_STARTED,,2 VALIDATE NEXT,71.5,2,3,3,87.0,4,3,4,3,4,4,4,S35; S34; S11; S19; S32,"Estimated market fit 4/5 with evidence confidence 3/5; strategy fit 4/5; additive differentiation 3/5; portfolio leverage 4/5; creation effort 2/5, validation effort 3/5 and commercial risk 3/5.",Run demand and workflow validation before CAD capacity is assigned. Proposed gate: Test tip stability and staining with water-filled bottles and inert tools.,2026-09-04,1.3,PLANNING ESTIMATE — NOT RELEASE APPROVAL
382,346,,SKU-170,Record-shelf anti-lean spacer and index tabs,Physical-media organization,NOT_STARTED,,2 VALIDATE NEXT,71.5,2,4,3,80.0,4,3,5,3,5,2,2,S35; S34; S11; S19; S32,"Estimated market fit 4/5 with evidence confidence 3/5; strategy fit 5/5; additive differentiation 3/5; portfolio leverage 5/5; creation effort 2/5, validation effort 4/5 and commercial risk 3/5.",Run demand and workflow validation before CAD capacity is assigned. Proposed gate: Measure side pressure and scuffing with sacrificial sleeves; define safe gap range.,2026-09-04,1.3,PLANNING ESTIMATE — NOT RELEASE APPROVAL
383,347,,SKU-319,Articulated Chameleon perch toy,AI-generated animals & creatures,NOT_STARTED,,2 VALIDATE NEXT,71.0,2,3,1,80.0,3,2,4,3,4,5,3,S86; S84,"Estimated market fit 3/5 with evidence confidence 2/5; strategy fit 4/5; additive differentiation 3/5; portfolio leverage 4/5; creation effort 2/5, validation effort 3/5 and commercial risk 1/5.","Run demand and workflow validation before CAD capacity is assigned. Proposed gate: Resolve the Step1X-3D licence conflict for EU commercial use first [S125][S126]; then: Generate one reference image and one Step1X-3D mesh, repair to a watertight solid, then print one smallest-feature coupon before a full model",2026-09-04,1.3,PLANNING ESTIMATE — NOT RELEASE APPROVAL
384,348,,SKU-052,Parametric deck box and divider system,"Board-game inserts, card holders & dice towers",NOT_STARTED,,2 VALIDATE NEXT,70.8,2,2,2,75.0,3,3,3,5,3,5,4,S01; S04; S11; S16,"Estimated market fit 3/5 with evidence confidence 3/5; strategy fit 3/5; additive differentiation 5/5; portfolio leverage 3/5; creation effort 2/5, validation effort 2/5 and commercial risk 2/5.",Run demand and workflow validation before CAD capacity is assigned. Proposed gate: Create standard card and sleeve presets,2026-09-04,1.3,PLANNING ESTIMATE — NOT RELEASE APPROVAL
385,349,,SKU-064,Rotating vanity caddy with standard bearing,Makeup & vanity organizers,NOT_STARTED,,2 VALIDATE NEXT,70.5,3,3,3,89.0,4,3,4,5,4,2,3,S07; S11; S19,"Estimated market fit 4/5 with evidence confidence 3/5; strategy fit 4/5; additive differentiation 5/5; portfolio leverage 4/5; creation effort 3/5, validation effort 3/5 and commercial risk 3/5.",Run demand and workflow validation before CAD capacity is assigned. Proposed gate: Build stability prototype and bearing sourcing spec,2026-09-04,1.3,PLANNING ESTIMATE — NOT RELEASE APPROVAL
386,350,,SKU-122,Clip-under-shelf eyeglasses rack,Under-shelf micro-storage,NOT_STARTED,,2 VALIDATE NEXT,70.5,2,4,3,83.0,4,3,4,3,5,3,3,S31; S11; S19; S32,"Estimated market fit 4/5 with evidence confidence 3/5; strategy fit 4/5; additive differentiation 3/5; portfolio leverage 5/5; creation effort 2/5, validation effort 4/5 and commercial risk 3/5.",Run demand and workflow validation before CAD capacity is assigned. Proposed gate: Run frame abrasion and accidental-bump drop tests after clip qualification.,2026-09-04,1.3,PLANNING ESTIMATE — NOT RELEASE APPROVAL
387,351,,SKU-161,Graded-card slab drawer/display cradle,Collectible display and storage,NOT_STARTED,,2 VALIDATE NEXT,70.5,2,4,3,91.0,5,3,4,3,4,2,3,S34; S01; S11; S19; S32,"Estimated market fit 5/5 with evidence confidence 3/5; strategy fit 4/5; additive differentiation 3/5; portfolio leverage 4/5; creation effort 2/5, validation effort 4/5 and commercial risk 3/5.",Run demand and workflow validation before CAD capacity is assigned. Proposed gate: Test scratch and retrieval with inert acrylic blanks matching common slab envelopes.,2026-09-04,1.3,PLANNING ESTIMATE — NOT RELEASE APPROVAL
388,352,,SKU-165,Miniature-figure tiered cabinet riser,Collectible display and storage,NOT_STARTED,,2 VALIDATE NEXT,70.5,2,4,3,90.0,4,3,4,4,4,3,4,S01; S34; S31; S11; S19; S32,"Estimated market fit 4/5 with evidence confidence 3/5; strategy fit 4/5; additive differentiation 4/5; portfolio leverage 4/5; creation effort 2/5, validation effort 4/5 and commercial risk 3/5.",Run demand and workflow validation before CAD capacity is assigned. Proposed gate: Test loaded tip and 30-day creep with generic weighted cylinders.,2026-09-04,1.3,PLANNING ESTIMATE — NOT RELEASE APPROVAL
389,354,,SKU-050,Modular token-tray set with lids,"Board-game inserts, card holders & dice towers",NOT_STARTED,,3 LATER,69.8,2,2,2,76.0,3,3,3,5,3,4,4,S01; S04; S11; S16,"Estimated market fit 3/5 with evidence confidence 3/5; strategy fit 3/5; additive differentiation 5/5; portfolio leverage 3/5; creation effort 2/5, validation effort 2/5 and commercial risk 2/5.",Keep in the research backlog until higher tiers are resolved. Proposed gate: Create generic token capture workflow,2026-09-04,1.3,PLANNING ESTIMATE — NOT RELEASE APPROVAL
390,355,,SKU-072,Weighted geometric bookend pair,"Bookends, vinyl & display stands",NOT_STARTED,,3 LATER,69.5,3,3,3,79.0,4,3,4,5,4,1,3,S01; S04; S11; S19,"Estimated market fit 4/5 with evidence confidence 3/5; strategy fit 4/5; additive differentiation 5/5; portfolio leverage 4/5; creation effort 3/5, validation effort 3/5 and commercial risk 3/5.",Keep in the research backlog until higher tiers are resolved. Proposed gate: Define sealed ballast cartridge and stability classes,2026-09-04,1.3,PLANNING ESTIMATE — NOT RELEASE APPROVAL
391,356,,SKU-177,Luggage-handle owner ID frame,Travel labeling systems,NOT_STARTED,,3 LATER,69.5,2,4,3,89.0,4,3,4,3,4,5,3,S01; S11; S19; S32,"Estimated market fit 4/5 with evidence confidence 3/5; strategy fit 4/5; additive differentiation 3/5; portfolio leverage 4/5; creation effort 2/5, validation effort 4/5 and commercial risk 3/5.",Keep in the research backlog until higher tiers are resolved. Proposed gate: Run snag; impact and 1000 handle-cycle tests with an inert luggage handle jig.,2026-09-04,1.3,PLANNING ESTIMATE — NOT RELEASE APPROVAL
392,357,,SKU-353,Ridgeback stag beetle print-in-place fidget,"AI-generated toys, fidgets & kinetic objects",NOT_STARTED,,3 LATER,68.8,2,3,2,80.0,3,2,4,3,4,5,3,S94; S95,"Estimated market fit 3/5 with evidence confidence 2/5; strategy fit 4/5; additive differentiation 3/5; portfolio leverage 4/5; creation effort 2/5, validation effort 3/5 and commercial risk 2/5.","Keep in the research backlog until higher tiers are resolved. Proposed gate: Resolve the Step1X-3D licence conflict for EU commercial use first [S125][S126]; then: Print one mechanism coupon at the intended clearance, run the 100-cycle actuation test, then decide the toy-safety route before any sale",2026-09-04,1.3,PLANNING ESTIMATE — NOT RELEASE APPROVAL
393,358,,SKU-354,Pangolin curl armour fidget,"AI-generated toys, fidgets & kinetic objects",NOT_STARTED,,3 LATER,68.8,2,3,2,80.0,3,2,4,3,4,5,3,S94; S95,"Estimated market fit 3/5 with evidence confidence 2/5; strategy fit 4/5; additive differentiation 3/5; portfolio leverage 4/5; creation effort 2/5, validation effort 3/5 and commercial risk 2/5.","Keep in the research backlog until higher tiers are resolved. Proposed gate: Resolve the Step1X-3D licence conflict for EU commercial use first [S125][S126]; then: Print one mechanism coupon at the intended clearance, run the 100-cycle actuation test, then decide the toy-safety route before any sale",2026-09-04,1.3,PLANNING ESTIMATE — NOT RELEASE APPROVAL
394,359,,SKU-357,Mantis fold snap-arm fidget,"AI-generated toys, fidgets & kinetic objects",NOT_STARTED,,3 LATER,68.8,2,3,2,75.0,3,2,4,3,4,5,3,S94; S95,"Estimated market fit 3/5 with evidence confidence 2/5; strategy fit 4/5; additive differentiation 3/5; portfolio leverage 4/5; creation effort 2/5, validation effort 3/5 and commercial risk 2/5.","Keep in the research backlog until higher tiers are resolved. Proposed gate: Resolve the Step1X-3D licence conflict for EU commercial use first [S125][S126]; then: Print one mechanism coupon at the intended clearance, run the 100-cycle actuation test, then decide the toy-safety route before any sale",2026-09-04,1.3,PLANNING ESTIMATE — NOT RELEASE APPROVAL
395,360,,SKU-365,Ratchet coin indexed worry disc,"AI-generated toys, fidgets & kinetic objects",NOT_STARTED,,3 LATER,68.8,2,3,2,80.0,3,2,4,3,4,5,3,S94; S95,"Estimated market fit 3/5 with evidence confidence 2/5; strategy fit 4/5; additive differentiation 3/5; portfolio leverage 4/5; creation effort 2/5, validation effort 3/5 and commercial risk 2/5.","Keep in the research backlog until higher tiers are resolved. Proposed gate: Resolve the Step1X-3D licence conflict for EU commercial use first [S125][S126]; then: Print one mechanism coupon at the intended clearance, run the 100-cycle actuation test, then decide the toy-safety route before any sale",2026-09-04,1.3,PLANNING ESTIMATE — NOT RELEASE APPROVAL
396,362,,SKU-360,Cog reef intermeshed gear ornament,"AI-generated toys, fidgets & kinetic objects",NOT_STARTED,,3 LATER,67.8,4,4,2,79.0,4,2,4,3,4,5,4,S94; S97,"Estimated market fit 4/5 with evidence confidence 2/5; strategy fit 4/5; additive differentiation 3/5; portfolio leverage 4/5; creation effort 4/5, validation effort 4/5 and commercial risk 2/5.","Keep in the research backlog until higher tiers are resolved. Proposed gate: Resolve the Step1X-3D licence conflict for EU commercial use first [S125][S126]; then: Print one mechanism coupon at the intended clearance, run the 100-cycle actuation test, then decide the toy-safety route before any sale",2026-09-04,1.3,PLANNING ESTIMATE — NOT RELEASE APPROVAL
397,363,,SKU-051,Under-desk headphone hook,"Headphone, controller & VR stands",NOT_STARTED,,3 LATER,67.5,2,3,3,85.0,4,2,3,5,3,2,5,S05; S11; S19,"Estimated market fit 4/5 with evidence confidence 2/5; strategy fit 3/5; additive differentiation 5/5; portfolio leverage 3/5; creation effort 2/5, validation effort 3/5 and commercial risk 3/5.",Keep in the research backlog until higher tiers are resolved. Proposed gate: Validate clamp and screw versions separately,2026-09-04,1.3,PLANNING ESTIMATE — NOT RELEASE APPROVAL
398,364,,SKU-071,Wall-mounted tablet/phone holder,Phone/tablet stands & passive docks,NOT_STARTED,,3 LATER,67.5,3,4,3,90.0,4,2,4,5,4,2,3,S03; S05; S09; S11; S19,"Estimated market fit 4/5 with evidence confidence 2/5; strategy fit 4/5; additive differentiation 5/5; portfolio leverage 4/5; creation effort 3/5, validation effort 4/5 and commercial risk 3/5.",Keep in the research backlog until higher tiers are resolved. Proposed gate: Define approved wall/fastener combinations,2026-09-04,1.3,PLANNING ESTIMATE — NOT RELEASE APPROVAL
399,366,,SKU-364,Snap blossom living-hinge petal fidget,"AI-generated toys, fidgets & kinetic objects",NOT_STARTED,,3 LATER,66.8,2,4,2,83.0,3,2,4,3,4,5,3,S94; S95,"Estimated market fit 3/5 with evidence confidence 2/5; strategy fit 4/5; additive differentiation 3/5; portfolio leverage 4/5; creation effort 2/5, validation effort 4/5 and commercial risk 2/5.","Keep in the research backlog until higher tiers are resolved. Proposed gate: Resolve the Step1X-3D licence conflict for EU commercial use first [S125][S126]; then: Print one mechanism coupon at the intended clearance, run the 100-cycle actuation test, then decide the toy-safety route before any sale",2026-09-04,1.3,PLANNING ESTIMATE — NOT RELEASE APPROVAL
400,367,,SKU-368,Ammonite packing tray tile puzzle,"AI-generated toys, fidgets & kinetic objects",NOT_STARTED,,3 LATER,66.8,2,3,2,76.0,3,2,4,3,4,4,2,S100; S97,"Estimated market fit 3/5 with evidence confidence 2/5; strategy fit 4/5; additive differentiation 3/5; portfolio leverage 4/5; creation effort 2/5, validation effort 3/5 and commercial risk 2/5.","Keep in the research backlog until higher tiers are resolved. Proposed gate: Resolve the Step1X-3D licence conflict for EU commercial use first [S125][S126]; then: Print one mechanism coupon at the intended clearance, run the 100-cycle actuation test, then decide the toy-safety route before any sale",2026-09-04,1.3,PLANNING ESTIMATE — NOT RELEASE APPROVAL
401,368,,SKU-061,Headset and controller combo tower,"Headphone, controller & VR stands",NOT_STARTED,,3 LATER,65.8,3,3,2,85.0,4,2,3,5,3,2,3,S05; S11; S19,"Estimated market fit 4/5 with evidence confidence 2/5; strategy fit 3/5; additive differentiation 5/5; portfolio leverage 3/5; creation effort 3/5, validation effort 3/5 and commercial risk 2/5.",Keep in the research backlog until higher tiers are resolved. Proposed gate: Optimize center of gravity and tool-free assembly,2026-09-04,1.3,PLANNING ESTIMATE — NOT RELEASE APPROVAL
402,369,,SKU-062,VR headset and controller cradle,"Headphone, controller & VR stands",NOT_STARTED,,3 LATER,65.8,3,3,2,85.0,4,2,3,5,3,2,3,S05; S11; S19,"Estimated market fit 4/5 with evidence confidence 2/5; strategy fit 3/5; additive differentiation 5/5; portfolio leverage 3/5; creation effort 3/5, validation effort 3/5 and commercial risk 2/5.",Keep in the research backlog until higher tiers are resolved. Proposed gate: Pilot with two current headset families,2026-09-04,1.3,PLANNING ESTIMATE — NOT RELEASE APPROVAL
403,375,,SKU-358,Orbit bloom planetary petal sculpture,"AI-generated toys, fidgets & kinetic objects",NOT_STARTED,,3 LATER,63.8,4,4,2,79.0,3,2,4,3,4,5,4,S94; S101,"Estimated market fit 3/5 with evidence confidence 2/5; strategy fit 4/5; additive differentiation 3/5; portfolio leverage 4/5; creation effort 4/5, validation effort 4/5 and commercial risk 2/5.","Keep in the research backlog until higher tiers are resolved. Proposed gate: Resolve the Step1X-3D licence conflict for EU commercial use first [S125][S126]; then: Print one mechanism coupon at the intended clearance, run the 100-cycle actuation test, then decide the toy-safety route before any sale",2026-09-04,1.3,PLANNING ESTIMATE — NOT RELEASE APPROVAL
404,376,,SKU-359,Trochoid spinner eccentric rotor fidget,"AI-generated toys, fidgets & kinetic objects",NOT_STARTED,,3 LATER,63.8,4,4,2,76.0,3,2,4,3,4,5,4,S94; S101,"Estimated market fit 3/5 with evidence confidence 2/5; strategy fit 4/5; additive differentiation 3/5; portfolio leverage 4/5; creation effort 4/5, validation effort 4/5 and commercial risk 2/5.","Keep in the research backlog until higher tiers are resolved. Proposed gate: Resolve the Step1X-3D licence conflict for EU commercial use first [S125][S126]; then: Print one mechanism coupon at the intended clearance, run the 100-cycle actuation test, then decide the toy-safety route before any sale",2026-09-04,1.3,PLANNING ESTIMATE — NOT RELEASE APPROVAL
405,377,,SKU-361,Ripple cam wave crank sculpture,"AI-generated toys, fidgets & kinetic objects",NOT_STARTED,,3 LATER,63.8,4,4,2,76.0,3,2,4,3,4,5,4,S100; S97,"Estimated market fit 3/5 with evidence confidence 2/5; strategy fit 4/5; additive differentiation 3/5; portfolio leverage 4/5; creation effort 4/5, validation effort 4/5 and commercial risk 2/5.","Keep in the research backlog until higher tiers are resolved. Proposed gate: Resolve the Step1X-3D licence conflict for EU commercial use first [S125][S126]; then: Print one mechanism coupon at the intended clearance, run the 100-cycle actuation test, then decide the toy-safety route before any sale",2026-09-04,1.3,PLANNING ESTIMATE — NOT RELEASE APPROVAL
406,378,,SKU-069,Decorative geometric wall-tile system,"3D wall art, reliefs & gallery panels",NOT_STARTED,,3 LATER,63.5,3,3,3,84.0,4,3,3,5,3,1,3,S01; S02; S03; S04; S11; S16,"Estimated market fit 4/5 with evidence confidence 3/5; strategy fit 3/5; additive differentiation 5/5; portfolio leverage 3/5; creation effort 3/5, validation effort 3/5 and commercial risk 3/5.",Keep in the research backlog until higher tiers are resolved. Proposed gate: Define allowed installation zones and mounting kit,2026-09-04,1.3,PLANNING ESTIMATE — NOT RELEASE APPROVAL
407,382,,SKU-076,Configurable board-game box insert,"Board-game inserts, card holders & dice towers",NOT_STARTED,,3 LATER,61.5,3,3,3,75.0,3,3,3,5,3,3,3,S01; S04; S11; S16,"Estimated market fit 3/5 with evidence confidence 3/5; strategy fit 3/5; additive differentiation 5/5; portfolio leverage 3/5; creation effort 3/5, validation effort 3/5 and commercial risk 3/5.",Keep in the research backlog until higher tiers are resolved. Proposed gate: Build generic insert engine and IP review checklist,2026-09-04,1.3,PLANNING ESTIMATE — NOT RELEASE APPROVAL
408,383,,SKU-077,Fold-flat modular dice tower,"Board-game inserts, card holders & dice towers",NOT_STARTED,,3 LATER,60.5,3,4,3,75.0,3,3,3,5,3,4,3,S01; S04; S11; S16,"Estimated market fit 3/5 with evidence confidence 3/5; strategy fit 3/5; additive differentiation 5/5; portfolio leverage 3/5; creation effort 3/5, validation effort 4/5 and commercial risk 3/5.",Keep in the research backlog until higher tiers are resolved. Proposed gate: Prototype quiet and compact joint systems,2026-09-04,1.3,PLANNING ESTIMATE — NOT RELEASE APPROVAL
409,285,,SKU-134,Charger-brick and lead travel pod,Travel and cable organization,NOT_STARTED,,4 HOLD / SPECIALIST,77.2,2,5,4,87.0,5,3,4,5,5,5,4,S31; S01; S11; S15; S19; S32,"Estimated market fit 5/5 with evidence confidence 3/5; strategy fit 4/5; additive differentiation 5/5; portfolio leverage 5/5; creation effort 2/5, validation effort 5/5 and commercial risk 4/5.","Hold CAD until safety, rights, interface and specialist-test scope is cleared. Proposed gate: Thermal and drop review with inert mass first; verify conspicuous unplugged-only instructions.",2026-09-04,1.3,PLANNING ESTIMATE — NOT RELEASE APPROVAL
410,353,,SKU-037,Soap dish with removable drain tray,Bathroom & shower organizers,NOT_STARTED,,4 HOLD / SPECIALIST,70.0,1,2,1,80.0,3,3,2,5,2,5,5,S07; S11; S19,"Estimated market fit 3/5 with evidence confidence 3/5; strategy fit 2/5; additive differentiation 5/5; portfolio leverage 2/5; creation effort 1/5, validation effort 2/5 and commercial risk 1/5.","Hold CAD until safety, rights, interface and specialist-test scope is cleared. Proposed gate: Create fast-print family with three sizes",2026-09-04,1.3,PLANNING ESTIMATE — NOT RELEASE APPROVAL
411,361,,SKU-042,Sunglasses display rail,"Wall hooks, key holders & entry organizers",NOT_STARTED,,4 HOLD / SPECIALIST,67.8,2,2,2,89.0,4,3,2,5,2,4,4,S02; S05; S08; S11; S19,"Estimated market fit 4/5 with evidence confidence 3/5; strategy fit 2/5; additive differentiation 5/5; portfolio leverage 2/5; creation effort 2/5, validation effort 2/5 and commercial risk 2/5.","Hold CAD until safety, rights, interface and specialist-test scope is cleared. Proposed gate: Test with varied frame shapes and soft pads",2026-09-04,1.3,PLANNING ESTIMATE — NOT RELEASE APPROVAL
412,365,,SKU-019,Dry sculptural statement vase,Vases & sculptural containers,NOT_STARTED,,4 HOLD / SPECIALIST,67.0,2,3,1,87.0,4,2,2,5,2,4,4,S02; S03; S11; S19,"Estimated market fit 4/5 with evidence confidence 2/5; strategy fit 2/5; additive differentiation 5/5; portfolio leverage 2/5; creation effort 2/5, validation effort 3/5 and commercial risk 1/5.","Hold CAD until safety, rights, interface and specialist-test scope is cleared. Proposed gate: Create three signature texture families",2026-09-04,1.3,PLANNING ESTIMATE — NOT RELEASE APPROVAL
413,370,,SKU-142,Clip-on webcam privacy shutter,Passive device micro-accessories,NOT_STARTED,,4 HOLD / SPECIALIST,65.2,2,5,4,82.0,4,3,4,3,4,5,3,S31; S11; S19; S32,"Estimated market fit 4/5 with evidence confidence 3/5; strategy fit 4/5; additive differentiation 3/5; portfolio leverage 4/5; creation effort 2/5, validation effort 5/5 and commercial risk 4/5.","Hold CAD until safety, rights, interface and specialist-test scope is cleared. Proposed gate: Validate no indicator obstruction; scratch; heat or lid interference on one device family.",2026-09-04,1.3,PLANNING ESTIMATE — NOT RELEASE APPROVAL
414,371,,SKU-029,Glass-tube bud-vase holder,Vases & sculptural containers,NOT_STARTED,,4 HOLD / SPECIALIST,64.8,2,3,2,87.0,4,2,2,5,2,4,4,S02; S03; S11; S19,"Estimated market fit 4/5 with evidence confidence 2/5; strategy fit 2/5; additive differentiation 5/5; portfolio leverage 2/5; creation effort 2/5, validation effort 3/5 and commercial risk 2/5.","Hold CAD until safety, rights, interface and specialist-test scope is cleared. Proposed gate: Standardize two readily available tube sizes",2026-09-04,1.3,PLANNING ESTIMATE — NOT RELEASE APPROVAL
415,372,,SKU-044,Ventilated orchid pot and cachepot,Planters & self-watering planters,NOT_STARTED,,4 HOLD / SPECIALIST,64.8,2,3,2,88.0,4,2,2,5,2,4,4,S02; S03; S11; S19; S20,"Estimated market fit 4/5 with evidence confidence 2/5; strategy fit 2/5; additive differentiation 5/5; portfolio leverage 2/5; creation effort 2/5, validation effort 3/5 and commercial risk 2/5.","Hold CAD until safety, rights, interface and specialist-test scope is cleared. Proposed gate: Test ventilation patterns with local orchid users",2026-09-04,1.3,PLANNING ESTIMATE — NOT RELEASE APPROVAL
416,373,,SKU-184,Printer-maintenance parts tray,3D-printer workshop organization,NOT_STARTED,,4 HOLD / SPECIALIST,64.5,1,3,3,55.0,2,2,2,5,5,4,3,S09; S11; S19; S32,"Estimated market fit 2/5 with evidence confidence 2/5; strategy fit 2/5; additive differentiation 5/5; portfolio leverage 5/5; creation effort 1/5, validation effort 3/5 and commercial risk 3/5.","Hold CAD until safety, rights, interface and specialist-test scope is cleared. Proposed gate: Pilot one generic nozzle-change workflow using inert parts; review instructions separately.",2026-09-04,1.3,PLANNING ESTIMATE — NOT RELEASE APPROVAL
417,374,,SKU-182,Filament-swatch library drawer,3D-printer workshop organization,NOT_STARTED,,4 HOLD / SPECIALIST,64.0,1,1,1,48.0,3,2,2,3,2,4,3,S19; S22; S23; S30; S32,"Estimated market fit 3/5 with evidence confidence 2/5; strategy fit 2/5; additive differentiation 3/5; portfolio leverage 2/5; creation effort 1/5, validation effort 1/5 and commercial risk 1/5.","Hold CAD until safety, rights, interface and specialist-test scope is cleared. Proposed gate: Define an original swatch/card interface and test CSV label generation.",2026-09-04,1.3,PLANNING ESTIMATE — NOT RELEASE APPROVAL
418,379,,SKU-039,Curtain-rail end stop or cap,Non-safety-critical replacement parts,NOT_STARTED,,4 HOLD / SPECIALIST,62.8,2,3,2,75.0,3,2,2,5,2,5,5,S10; S11; S16; S25; S29; S10; S29,"Estimated market fit 3/5 with evidence confidence 2/5; strategy fit 2/5; additive differentiation 5/5; portfolio leverage 2/5; creation effort 2/5, validation effort 3/5 and commercial risk 2/5.","Hold CAD until safety, rights, interface and specialist-test scope is cleared. Proposed gate: Create profile-photo measurement workflow",2026-09-04,1.3,PLANNING ESTIMATE — NOT RELEASE APPROVAL
419,380,,SKU-056,Draining toothbrush and razor stand,Bathroom & shower organizers,NOT_STARTED,,4 HOLD / SPECIALIST,62.8,2,3,2,81.0,3,3,2,5,2,5,4,S07; S11; S19,"Estimated market fit 3/5 with evidence confidence 3/5; strategy fit 2/5; additive differentiation 5/5; portfolio leverage 2/5; creation effort 2/5, validation effort 3/5 and commercial risk 2/5.","Hold CAD until safety, rights, interface and specialist-test scope is cleared. Proposed gate: Validate drainage and cleaning instructions",2026-09-04,1.3,PLANNING ESTIMATE — NOT RELEASE APPROVAL
420,381,,SKU-186,Print-quality coupon archive case,3D-printer workshop organization,NOT_STARTED,,4 HOLD / SPECIALIST,62.0,1,1,1,48.0,2,2,2,3,2,5,4,S11; S19; S22; S23; S30; S32,"Estimated market fit 2/5 with evidence confidence 2/5; strategy fit 2/5; additive differentiation 3/5; portfolio leverage 2/5; creation effort 1/5, validation effort 1/5 and commercial risk 1/5.","Hold CAD until safety, rights, interface and specialist-test scope is cleared. Proposed gate: Define one coupon/card schema and use it on three internal products.",2026-09-04,1.3,PLANNING ESTIMATE — NOT RELEASE APPROVAL
421,384,,SKU-188,Driver-bit inventory tray,Workshop tool organization,NOT_STARTED,,4 HOLD / SPECIALIST,60.5,1,4,3,75.0,3,3,2,5,2,5,4,S10; S29; S33; S11; S19; S32,"Estimated market fit 3/5 with evidence confidence 3/5; strategy fit 2/5; additive differentiation 5/5; portfolio leverage 2/5; creation effort 1/5, validation effort 4/5 and commercial risk 3/5.","Hold CAD until safety, rights, interface and specialist-test scope is cleared. Proposed gate: Test retention; label readability and removal with worn generic bits.",2026-09-04,1.3,PLANNING ESTIMATE — NOT RELEASE APPROVAL
422,385,,SKU-041,Exact-fit medicine-cabinet organizer,Bathroom & shower organizers,NOT_STARTED,,4 HOLD / SPECIALIST,59.8,2,4,2,81.0,3,3,2,5,2,4,4,S07; S11; S19,"Estimated market fit 3/5 with evidence confidence 3/5; strategy fit 2/5; additive differentiation 5/5; portfolio leverage 2/5; creation effort 2/5, validation effort 4/5 and commercial risk 2/5.","Hold CAD until safety, rights, interface and specialist-test scope is cleared. Proposed gate: Reuse organizer engine with bathroom material rules",2026-09-04,1.3,PLANNING ESTIMATE — NOT RELEASE APPROVAL
423,386,,SKU-054,Personalized key rail,"Wall hooks, key holders & entry organizers",NOT_STARTED,,4 HOLD / SPECIALIST,59.5,3,3,3,90.0,4,3,2,5,2,2,4,S02; S05; S08; S11; S19,"Estimated market fit 4/5 with evidence confidence 3/5; strategy fit 2/5; additive differentiation 5/5; portfolio leverage 2/5; creation effort 3/5, validation effort 3/5 and commercial risk 3/5.","Hold CAD until safety, rights, interface and specialist-test scope is cleared. Proposed gate: Define 1 kg and 3 kg tested variants",2026-09-04,1.3,PLANNING ESTIMATE — NOT RELEASE APPROVAL
424,387,,SKU-067,Pegboard small-bin and label module,Modular pegboard & wall-storage ecosystems,NOT_STARTED,,4 HOLD / SPECIALIST,59.5,2,3,3,78.0,3,3,2,5,2,4,4,S08; S09; S11; S19,"Estimated market fit 3/5 with evidence confidence 3/5; strategy fit 2/5; additive differentiation 5/5; portfolio leverage 2/5; creation effort 2/5, validation effort 3/5 and commercial risk 3/5.","Hold CAD until safety, rights, interface and specialist-test scope is cleared. Proposed gate: Pilot with three bin sizes and label system",2026-09-04,1.3,PLANNING ESTIMATE — NOT RELEASE APPROVAL
425,388,,SKU-048,Earbud charging-case protector,"Custom TPU cases, sleeves & bumpers",NOT_STARTED,,4 HOLD / SPECIALIST,58.8,3,4,2,80.0,3,3,2,5,2,4,5,S01; S11; S19; S30,"Estimated market fit 3/5 with evidence confidence 3/5; strategy fit 2/5; additive differentiation 5/5; portfolio leverage 2/5; creation effort 3/5, validation effort 4/5 and commercial risk 2/5.","Hold CAD until safety, rights, interface and specialist-test scope is cleared. Proposed gate: Create hinge-life and small-attachment test",2026-09-04,1.3,PLANNING ESTIMATE — NOT RELEASE APPROVAL
426,389,,SKU-058,Remote-control grip sleeve,"Custom TPU cases, sleeves & bumpers",NOT_STARTED,,4 HOLD / SPECIALIST,57.8,3,4,2,80.0,3,3,2,5,2,4,4,S01; S11; S19; S30,"Estimated market fit 3/5 with evidence confidence 3/5; strategy fit 2/5; additive differentiation 5/5; portfolio leverage 2/5; creation effort 3/5, validation effort 4/5 and commercial risk 2/5.","Hold CAD until safety, rights, interface and specialist-test scope is cleared. Proposed gate: Pilot accessibility textures and easy-removal lip",2026-09-04,1.3,PLANNING ESTIMATE — NOT RELEASE APPROVAL
427,390,,SKU-059,Modular centerpiece vessel set,Vases & sculptural containers,NOT_STARTED,,4 HOLD / SPECIALIST,57.8,3,4,2,86.0,4,2,2,5,2,2,3,S02; S03; S11; S19,"Estimated market fit 4/5 with evidence confidence 2/5; strategy fit 2/5; additive differentiation 5/5; portfolio leverage 2/5; creation effort 3/5, validation effort 4/5 and commercial risk 2/5.","Hold CAD until safety, rights, interface and specialist-test scope is cleared. Proposed gate: Develop hidden joint and event bundle pricing",2026-09-04,1.3,PLANNING ESTIMATE — NOT RELEASE APPROVAL
428,391,,SKU-057,Magnet-free desk slider fidget,Adult desk fidgets & original collectibles,NOT_STARTED,,4 HOLD / SPECIALIST,57.5,2,3,3,71.0,2,3,2,5,2,5,5,S01; S04; S11; S16; S18,"Estimated market fit 2/5 with evidence confidence 3/5; strategy fit 2/5; additive differentiation 5/5; portfolio leverage 2/5; creation effort 2/5, validation effort 3/5 and commercial risk 3/5.","Hold CAD until safety, rights, interface and specialist-test scope is cleared. Proposed gate: Prototype three resistance profiles",2026-09-04,1.3,PLANNING ESTIMATE — NOT RELEASE APPROVAL
429,392,,SKU-066,Parametric pegboard hook pack,Modular pegboard & wall-storage ecosystems,NOT_STARTED,,4 HOLD / SPECIALIST,57.5,2,3,3,79.0,3,3,2,5,2,2,4,S08; S09; S11; S19,"Estimated market fit 3/5 with evidence confidence 3/5; strategy fit 2/5; additive differentiation 5/5; portfolio leverage 2/5; creation effort 2/5, validation effort 3/5 and commercial risk 3/5.","Hold CAD until safety, rights, interface and specialist-test scope is cleared. Proposed gate: Create load-class geometry rules",2026-09-04,1.3,PLANNING ESTIMATE — NOT RELEASE APPROVAL
430,393,,SKU-068,Print-in-place gear fidget,Adult desk fidgets & original collectibles,NOT_STARTED,,4 HOLD / SPECIALIST,57.5,2,3,3,71.0,2,3,2,5,2,5,5,S01; S04; S11; S16; S18,"Estimated market fit 2/5 with evidence confidence 3/5; strategy fit 2/5; additive differentiation 5/5; portfolio leverage 2/5; creation effort 2/5, validation effort 3/5 and commercial risk 3/5.","Hold CAD until safety, rights, interface and specialist-test scope is cleared. Proposed gate: Run clearance robustness and breakage tests",2026-09-04,1.3,PLANNING ESTIMATE — NOT RELEASE APPROVAL
431,394,,SKU-060,E-reader corner-bumper case,"Custom TPU cases, sleeves & bumpers",NOT_STARTED,,4 HOLD / SPECIALIST,55.8,4,4,2,79.0,3,3,2,5,2,4,4,S01; S11; S19; S30,"Estimated market fit 3/5 with evidence confidence 3/5; strategy fit 2/5; additive differentiation 5/5; portfolio leverage 2/5; creation effort 4/5, validation effort 4/5 and commercial risk 2/5.","Hold CAD until safety, rights, interface and specialist-test scope is cleared. Proposed gate: Build exact-fit test block and two device presets",2026-09-04,1.3,PLANNING ESTIMATE — NOT RELEASE APPROVAL
432,395,,SKU-185,Scraper-pliers-caliper freestanding dock,3D-printer workshop organization,NOT_STARTED,,4 HOLD / SPECIALIST,55.5,1,3,3,61.0,2,2,2,5,2,4,3,S09; S11; S19; S32,"Estimated market fit 2/5 with evidence confidence 2/5; strategy fit 2/5; additive differentiation 5/5; portfolio leverage 2/5; creation effort 1/5, validation effort 3/5 and commercial risk 3/5.","Hold CAD until safety, rights, interface and specialist-test scope is cleared. Proposed gate: Test tip shielding; retrieval and loaded tip stability.",2026-09-04,1.3,PLANNING ESTIMATE — NOT RELEASE APPROVAL
433,396,,SKU-073,Stackable herb-planter module,Planters & self-watering planters,NOT_STARTED,,4 HOLD / SPECIALIST,54.5,3,4,3,88.0,4,2,2,5,2,1,3,S02; S03; S11; S19; S20,"Estimated market fit 4/5 with evidence confidence 2/5; strategy fit 2/5; additive differentiation 5/5; portfolio leverage 2/5; creation effort 3/5, validation effort 4/5 and commercial risk 3/5.","Hold CAD until safety, rights, interface and specialist-test scope is cleared. Proposed gate: Prototype two- and three-level stack",2026-09-04,1.3,PLANNING ESTIMATE — NOT RELEASE APPROVAL
434,397,,SKU-079,Vacuum-cleaner hose adapter,Non-safety-critical replacement parts,NOT_STARTED,,4 HOLD / SPECIALIST,54.5,3,4,3,76.0,3,2,2,5,2,4,4,S10; S11; S16; S25; S29; S10; S29,"Estimated market fit 3/5 with evidence confidence 2/5; strategy fit 2/5; additive differentiation 5/5; portfolio leverage 2/5; creation effort 3/5, validation effort 4/5 and commercial risk 3/5.","Hold CAD until safety, rights, interface and specialist-test scope is cleared. Proposed gate: Create diameter/taper capture tool and exclusion warning",2026-09-04,1.3,PLANNING ESTIMATE — NOT RELEASE APPROVAL
435,398,,SKU-183,Filament-spool clip and label-ring kit,3D-printer workshop organization,NOT_STARTED,,4 HOLD / SPECIALIST,54.5,2,3,3,48.0,3,2,2,3,2,5,3,S19; S22; S23; S30; S11; S32,"Estimated market fit 3/5 with evidence confidence 2/5; strategy fit 2/5; additive differentiation 3/5; portfolio leverage 2/5; creation effort 2/5, validation effort 3/5 and commercial risk 3/5.","Hold CAD until safety, rights, interface and specialist-test scope is cleared. Proposed gate: Run rim coupon sweep; 1000 cycles and filament kink inspection.",2026-09-04,1.3,PLANNING ESTIMATE — NOT RELEASE APPROVAL
436,399,,SKU-191,Furniture screw-hole cover and trim-plug generator,Noncritical repair and finish parts,NOT_STARTED,,4 HOLD / SPECIALIST,54.5,2,5,3,66.0,3,2,2,5,2,5,3,S10; S29; S16; S11; S19; S32,"Estimated market fit 3/5 with evidence confidence 2/5; strategy fit 2/5; additive differentiation 5/5; portfolio leverage 2/5; creation effort 2/5, validation effort 5/5 and commercial risk 3/5.","Hold CAD until safety, rights, interface and specialist-test scope is cleared. Proposed gate: Create go/no-go fit gauge; pull-out test and red-line exclusion checklist.",2026-09-04,1.3,PLANNING ESTIMATE — NOT RELEASE APPROVAL
437,400,,SKU-080,Modular coat-hook set,"Wall hooks, key holders & entry organizers",NOT_STARTED,,4 HOLD / SPECIALIST,54.2,3,4,4,89.0,4,3,2,5,2,2,3,S02; S05; S08; S11; S19; S25,"Estimated market fit 4/5 with evidence confidence 3/5; strategy fit 2/5; additive differentiation 5/5; portfolio leverage 2/5; creation effort 3/5, validation effort 4/5 and commercial risk 4/5.","Hold CAD until safety, rights, interface and specialist-test scope is cleared. Proposed gate: Engineering review and destructive load test",2026-09-04,1.3,PLANNING ESTIMATE — NOT RELEASE APPROVAL
438,401,,SKU-187,Multimeter-lead and probe drawer insert,Electronics-bench organization,NOT_STARTED,,4 HOLD / SPECIALIST,54.2,2,5,4,77.0,4,3,2,4,2,4,3,S10; S29; S33; S11; S15; S19; S32,"Estimated market fit 4/5 with evidence confidence 3/5; strategy fit 2/5; additive differentiation 4/5; portfolio leverage 2/5; creation effort 2/5, validation effort 5/5 and commercial risk 4/5.","Hold CAD until safety, rights, interface and specialist-test scope is cleared. Proposed gate: Use inert dummy probes; verify bend radius and prominent disconnected-only instructions.",2026-09-04,1.3,PLANNING ESTIMATE — NOT RELEASE APPROVAL
439,402,,SKU-055,Exact-fit self-watering windowsill planter,Planters & self-watering planters,NOT_STARTED,,4 HOLD / SPECIALIST,53.5,3,5,3,89.0,4,2,2,5,2,1,4,S02; S03; S11; S19; S20,"Estimated market fit 4/5 with evidence confidence 2/5; strategy fit 2/5; additive differentiation 5/5; portfolio leverage 2/5; creation effort 3/5, validation effort 5/5 and commercial risk 3/5.","Hold CAD until safety, rights, interface and specialist-test scope is cleared. Proposed gate: Run leak and wick performance pilot",2026-09-04,1.3,PLANNING ESTIMATE — NOT RELEASE APPROVAL
440,403,,SKU-075,Modular original desk-totem series,Adult desk fidgets & original collectibles,NOT_STARTED,,4 HOLD / SPECIALIST,53.5,3,3,3,70.0,2,3,2,5,2,4,4,S01; S04; S11; S16; S18,"Estimated market fit 2/5 with evidence confidence 3/5; strategy fit 2/5; additive differentiation 5/5; portfolio leverage 2/5; creation effort 3/5, validation effort 3/5 and commercial risk 3/5.","Hold CAD until safety, rights, interface and specialist-test scope is cleared. Proposed gate: Create first five original motifs and captive connector",2026-09-04,1.3,PLANNING ESTIMATE — NOT RELEASE APPROVAL
441,404,,SKU-081,Pet leash and harness station,"Wall hooks, key holders & entry organizers",NOT_STARTED,,4 HOLD / SPECIALIST,53.2,3,4,4,89.0,4,3,2,5,2,1,3,S02; S05; S08; S11; S19,"Estimated market fit 4/5 with evidence confidence 3/5; strategy fit 2/5; additive differentiation 5/5; portfolio leverage 2/5; creation effort 3/5, validation effort 4/5 and commercial risk 4/5.","Hold CAD until safety, rights, interface and specialist-test scope is cleared. Proposed gate: Create explicit no-restraint warning and test load class",2026-09-04,1.3,PLANNING ESTIMATE — NOT RELEASE APPROVAL
442,405,,SKU-083,Mail-and-key entry shelf,"Wall hooks, key holders & entry organizers",NOT_STARTED,,4 HOLD / SPECIALIST,53.2,3,4,4,88.0,4,3,2,5,2,1,3,S02; S05; S08; S11; S19,"Estimated market fit 4/5 with evidence confidence 3/5; strategy fit 2/5; additive differentiation 5/5; portfolio leverage 2/5; creation effort 3/5, validation effort 4/5 and commercial risk 4/5.","Hold CAD until safety, rights, interface and specialist-test scope is cleared. Proposed gate: Reduce weight and validate mounting system",2026-09-04,1.3,PLANNING ESTIMATE — NOT RELEASE APPROVAL
443,406,,SKU-193,Curtain-track glider fit-gauge and replacement set,Noncritical repair and finish parts,NOT_STARTED,,4 HOLD / SPECIALIST,53.2,2,5,4,60.0,2,2,2,3,5,5,3,S10; S29; S16; S11; S19; S32,"Estimated market fit 2/5 with evidence confidence 2/5; strategy fit 2/5; additive differentiation 3/5; portfolio leverage 5/5; creation effort 2/5, validation effort 5/5 and commercial risk 4/5.","Hold CAD until safety, rights, interface and specialist-test scope is cleared. Proposed gate: Start with gauge only; define destructive load and 1000-cycle test before replacement sale.",2026-09-04,1.3,PLANNING ESTIMATE — NOT RELEASE APPROVAL
444,407,,SKU-194,Vacuum-attachment parking clip,Noncritical repair and finish parts,NOT_STARTED,,4 HOLD / SPECIALIST,53.2,2,5,4,73.0,4,3,2,3,2,5,3,S10; S29; S34; S11; S19; S32,"Estimated market fit 4/5 with evidence confidence 3/5; strategy fit 2/5; additive differentiation 3/5; portfolio leverage 2/5; creation effort 2/5, validation effort 5/5 and commercial risk 4/5.","Hold CAD until safety, rights, interface and specialist-test scope is cleared. Proposed gate: Print clip sweep; run 1000 cycles and bump/drop test with inert masses.",2026-09-04,1.3,PLANNING ESTIMATE — NOT RELEASE APPROVAL
445,408,,SKU-078,Scanner-to-fit furniture foot or end cap,Non-safety-critical replacement parts,NOT_STARTED,,4 HOLD / SPECIALIST,52.5,3,5,3,76.0,3,2,2,5,2,4,4,S10; S11; S16; S25; S29; S10; S29,"Estimated market fit 3/5 with evidence confidence 2/5; strategy fit 2/5; additive differentiation 5/5; portfolio leverage 2/5; creation effort 3/5, validation effort 5/5 and commercial risk 3/5.","Hold CAD until safety, rights, interface and specialist-test scope is cleared. Proposed gate: Create exclusion checklist and scan/measurement guide",2026-09-04,1.3,PLANNING ESTIMATE — NOT RELEASE APPROVAL
446,409,,SKU-190,Caliper and depth-gauge protective bench rest,Workshop tool organization,NOT_STARTED,,4 HOLD / SPECIALIST,52.5,2,4,3,71.0,3,3,2,3,2,4,3,S33; S11; S19; S28; S32,"Estimated market fit 3/5 with evidence confidence 3/5; strategy fit 2/5; additive differentiation 3/5; portfolio leverage 2/5; creation effort 2/5, validation effort 4/5 and commercial risk 3/5.","Hold CAD until safety, rights, interface and specialist-test scope is cleared. Proposed gate: Test contact points with an inexpensive caliper and gauge blocks for repeatable placement.",2026-09-04,1.3,PLANNING ESTIMATE — NOT RELEASE APPROVAL
447,410,,SKU-141,Monitor-arm pole lightweight accessory cup,Desk organization,NOT_STARTED,,4 HOLD / SPECIALIST,52.2,2,5,4,82.0,4,3,2,3,2,4,3,S31; S11; S19; S32,"Estimated market fit 4/5 with evidence confidence 3/5; strategy fit 2/5; additive differentiation 3/5; portfolio leverage 2/5; creation effort 2/5, validation effort 5/5 and commercial risk 4/5.","Hold CAD until safety, rights, interface and specialist-test scope is cleared. Proposed gate: Run pole coupon; 500 rotation cycles and conservative bump/drop program.",2026-09-04,1.3,PLANNING ESTIMATE — NOT RELEASE APPROVAL
448,411,,SKU-189,Hex-key grip sleeves and bench stand,Workshop tool organization,NOT_STARTED,,4 HOLD / SPECIALIST,52.2,2,5,4,75.0,4,3,2,3,2,4,3,S10; S29; S33; S11; S19; S28; S32,"Estimated market fit 4/5 with evidence confidence 3/5; strategy fit 2/5; additive differentiation 3/5; portfolio leverage 2/5; creation effort 2/5, validation effort 5/5 and commercial risk 4/5.","Hold CAD until safety, rights, interface and specialist-test scope is cleared. Proposed gate: Run torque-slip and removal tests; set a low permitted-use boundary or drop sleeves.",2026-09-04,1.3,PLANNING ESTIMATE — NOT RELEASE APPROVAL
449,412,,SKU-192,Shelf-pin hole liner and plug kit,Noncritical repair and finish parts,NOT_STARTED,,4 HOLD / SPECIALIST,52.2,2,5,4,66.0,4,2,2,3,2,5,3,S10; S29; S16; S11; S19; S32,"Estimated market fit 4/5 with evidence confidence 2/5; strategy fit 2/5; additive differentiation 3/5; portfolio leverage 2/5; creation effort 2/5, validation effort 5/5 and commercial risk 4/5.","Hold CAD until safety, rights, interface and specialist-test scope is cleared. Proposed gate: Separate cosmetic-plug and load-liner programs; launch only plug if load evidence is absent.",2026-09-04,1.3,PLANNING ESTIMATE — NOT RELEASE APPROVAL
450,413,,SKU-065,LED-tealight lantern shell,Passive lampshades & light diffusers,NOT_STARTED,,4 HOLD / SPECIALIST,51.5,3,4,3,82.0,3,2,1,5,2,4,4,S02; S11; S15; S19; S20; S28,"Estimated market fit 3/5 with evidence confidence 2/5; strategy fit 1/5; additive differentiation 5/5; portfolio leverage 2/5; creation effort 3/5, validation effort 4/5 and commercial risk 3/5.","Hold CAD until safety, rights, interface and specialist-test scope is cleared. Proposed gate: Develop prominent no-flame marking and approved LED list",2026-09-04,1.3,PLANNING ESTIMATE — NOT RELEASE APPROVAL
451,414,,SKU-084,Custom TPU phone bumper case,"Custom TPU cases, sleeves & bumpers",NOT_STARTED,,4 HOLD / SPECIALIST,50.5,4,5,3,81.0,3,3,2,5,2,4,3,S01; S11; S19; S30,"Estimated market fit 3/5 with evidence confidence 3/5; strategy fit 2/5; additive differentiation 5/5; portfolio leverage 2/5; creation effort 4/5, validation effort 5/5 and commercial risk 3/5.","Hold CAD until safety, rights, interface and specialist-test scope is cleared. Proposed gate: Build dimensional library and claim-free launch copy",2026-09-04,1.3,PLANNING ESTIMATE — NOT RELEASE APPROVAL
452,415,,SKU-086,Wall propagation-tube display,Vases & sculptural containers,NOT_STARTED,,4 HOLD / SPECIALIST,50.2,3,5,4,86.0,4,2,2,5,2,1,3,S02; S03; S11; S19,"Estimated market fit 4/5 with evidence confidence 2/5; strategy fit 2/5; additive differentiation 5/5; portfolio leverage 2/5; creation effort 3/5, validation effort 5/5 and commercial risk 4/5.","Hold CAD until safety, rights, interface and specialist-test scope is cleared. Proposed gate: Validate tube clip fatigue and mounting options",2026-09-04,1.3,PLANNING ESTIMATE — NOT RELEASE APPROVAL
453,416,,SKU-092,Pegboard mini-shelf module,Modular pegboard & wall-storage ecosystems,NOT_STARTED,,4 HOLD / SPECIALIST,50.2,3,4,4,78.0,3,3,2,5,2,2,3,S08; S09; S11; S19,"Estimated market fit 3/5 with evidence confidence 3/5; strategy fit 2/5; additive differentiation 5/5; portfolio leverage 2/5; creation effort 3/5, validation effort 4/5 and commercial risk 4/5.","Hold CAD until safety, rights, interface and specialist-test scope is cleared. Proposed gate: Optimize ribs and establish shelf load table",2026-09-04,1.3,PLANNING ESTIMATE — NOT RELEASE APPROVAL
454,417,,SKU-074,Clip-on LED task-light diffuser,Passive lampshades & light diffusers,NOT_STARTED,,4 HOLD / SPECIALIST,49.5,3,5,3,81.0,3,2,1,5,2,4,4,S02; S11; S15; S19; S20; S28,"Estimated market fit 3/5 with evidence confidence 2/5; strategy fit 1/5; additive differentiation 5/5; portfolio leverage 2/5; creation effort 3/5, validation effort 5/5 and commercial risk 3/5.","Hold CAD until safety, rights, interface and specialist-test scope is cleared. Proposed gate: Pilot with one certified task-light family",2026-09-04,1.3,PLANNING ESTIMATE — NOT RELEASE APPROVAL
455,418,,SKU-091,Large custom architectural cachepot,Planters & self-watering planters,NOT_STARTED,,4 HOLD / SPECIALIST,49.5,4,5,3,88.0,4,2,2,5,2,1,2,S02; S03; S11; S19; S20,"Estimated market fit 4/5 with evidence confidence 2/5; strategy fit 2/5; additive differentiation 5/5; portfolio leverage 2/5; creation effort 4/5, validation effort 5/5 and commercial risk 3/5.","Hold CAD until safety, rights, interface and specialist-test scope is cleared. Proposed gate: Develop segmented backup and large-format process window",2026-09-04,1.3,PLANNING ESTIMATE — NOT RELEASE APPROVAL
456,419,,SKU-090,Proprietary 20 mm-grid pegboard starter panel,Modular pegboard & wall-storage ecosystems,NOT_STARTED,,4 HOLD / SPECIALIST,49.2,3,4,4,79.0,3,3,2,5,2,1,3,S08; S09; S11; S19,"Estimated market fit 3/5 with evidence confidence 3/5; strategy fit 2/5; additive differentiation 5/5; portfolio leverage 2/5; creation effort 3/5, validation effort 4/5 and commercial risk 4/5.","Hold CAD until safety, rights, interface and specialist-test scope is cleared. Proposed gate: Freeze interface spec and run panel load test",2026-09-04,1.3,PLANNING ESTIMATE — NOT RELEASE APPROVAL
457,420,,SKU-088,Drawer-handle replacement,Non-safety-critical replacement parts,NOT_STARTED,,4 HOLD / SPECIALIST,48.2,3,5,4,76.0,3,2,2,5,2,2,4,S10; S11; S16; S25; S29; S10; S29,"Estimated market fit 3/5 with evidence confidence 2/5; strategy fit 2/5; additive differentiation 5/5; portfolio leverage 2/5; creation effort 3/5, validation effort 5/5 and commercial risk 4/5.","Hold CAD until safety, rights, interface and specialist-test scope is cleared. Proposed gate: Define tested pull-load classes and insert process",2026-09-04,1.3,PLANNING ESTIMATE — NOT RELEASE APPROVAL
458,421,,SKU-087,Handheld-console ergonomic grip shell,"Custom TPU cases, sleeves & bumpers",NOT_STARTED,,4 HOLD / SPECIALIST,47.5,4,5,3,79.0,3,3,2,5,2,1,3,S01; S11; S19; S30,"Estimated market fit 3/5 with evidence confidence 3/5; strategy fit 2/5; additive differentiation 5/5; portfolio leverage 2/5; creation effort 4/5, validation effort 5/5 and commercial risk 3/5.","Hold CAD until safety, rights, interface and specialist-test scope is cleared. Proposed gate: Run fit and ergonomic pilot with multiple hand sizes",2026-09-04,1.3,PLANNING ESTIMATE — NOT RELEASE APPROVAL
459,422,,SKU-082,Tool-specific holder generator,Modular pegboard & wall-storage ecosystems,NOT_STARTED,,4 HOLD / SPECIALIST,47.2,3,5,4,79.0,3,3,2,5,2,1,3,S08; S09; S11; S19,"Estimated market fit 3/5 with evidence confidence 3/5; strategy fit 2/5; additive differentiation 5/5; portfolio leverage 2/5; creation effort 3/5, validation effort 5/5 and commercial risk 4/5.","Hold CAD until safety, rights, interface and specialist-test scope is cleared. Proposed gate: Develop photo/measurement holder workflow",2026-09-04,1.3,PLANNING ESTIMATE — NOT RELEASE APPROVAL
460,423,,SKU-089,Hair-tool attachment and cable organizer,Bathroom & shower organizers,NOT_STARTED,,4 HOLD / SPECIALIST,47.2,3,5,4,80.0,3,3,2,5,2,1,3,S07; S11; S19,"Estimated market fit 3/5 with evidence confidence 3/5; strategy fit 2/5; additive differentiation 5/5; portfolio leverage 2/5; creation effort 3/5, validation effort 5/5 and commercial risk 4/5.","Hold CAD until safety, rights, interface and specialist-test scope is cleared. Proposed gate: Define cool-down warning and approved mounting",2026-09-04,1.3,PLANNING ESTIMATE — NOT RELEASE APPROVAL
461,424,,SKU-093,Original articulated desk creature,Adult desk fidgets & original collectibles,NOT_STARTED,,4 HOLD / SPECIALIST,47.2,3,4,4,71.0,2,3,2,5,2,2,4,S01; S04; S11; S16; S18,"Estimated market fit 2/5 with evidence confidence 3/5; strategy fit 2/5; additive differentiation 5/5; portfolio leverage 2/5; creation effort 3/5, validation effort 4/5 and commercial risk 4/5.","Hold CAD until safety, rights, interface and specialist-test scope is cleared. Proposed gate: Commission original character and classification review",2026-09-04,1.3,PLANNING ESTIMATE — NOT RELEASE APPROVAL
462,425,,SKU-098,Leak-qualified PETG flower vase,Vases & sculptural containers,NOT_STARTED,,4 HOLD / SPECIALIST,47.2,4,5,4,85.0,4,2,2,5,2,1,2,S02; S03; S11; S19,"Estimated market fit 4/5 with evidence confidence 2/5; strategy fit 2/5; additive differentiation 5/5; portfolio leverage 2/5; creation effort 4/5, validation effort 5/5 and commercial risk 4/5.","Hold CAD until safety, rights, interface and specialist-test scope is cleared. Proposed gate: Establish controlled profile and per-unit leak record",2026-09-04,1.3,PLANNING ESTIMATE — NOT RELEASE APPROVAL
463,426,,SKU-085,Kinetic balance desk sculpture,Adult desk fidgets & original collectibles,NOT_STARTED,,4 HOLD / SPECIALIST,46.5,4,4,3,70.0,2,3,2,5,2,2,3,S01; S04; S11; S16; S18,"Estimated market fit 2/5 with evidence confidence 3/5; strategy fit 2/5; additive differentiation 5/5; portfolio leverage 2/5; creation effort 4/5, validation effort 4/5 and commercial risk 3/5.","Hold CAD until safety, rights, interface and specialist-test scope is cleared. Proposed gate: Design magnet-free captive mechanism",2026-09-04,1.3,PLANNING ESTIMATE — NOT RELEASE APPROVAL
464,427,,SKU-181,Build-plate vertical rack,3D-printer workshop organization,NOT_STARTED,,4 HOLD / SPECIALIST,45.5,2,4,3,61.0,2,2,2,3,2,3,2,S09; S11; S19; S32,"Estimated market fit 2/5 with evidence confidence 2/5; strategy fit 2/5; additive differentiation 3/5; portfolio leverage 2/5; creation effort 2/5, validation effort 4/5 and commercial risk 3/5.","Hold CAD until safety, rights, interface and specialist-test scope is cleared. Proposed gate: Test edge contact; tip and loaded base stability with inert sheet-metal blanks.",2026-09-04,1.3,PLANNING ESTIMATE — NOT RELEASE APPROVAL
465,428,,SKU-097,Hanging planter with certified cord interface,Planters & self-watering planters,NOT_STARTED,,4 HOLD / SPECIALIST,45.0,4,5,5,87.0,4,2,2,5,2,1,2,S02; S03; S11; S19; S20,"Estimated market fit 4/5 with evidence confidence 2/5; strategy fit 2/5; additive differentiation 5/5; portfolio leverage 2/5; creation effort 4/5, validation effort 5/5 and commercial risk 5/5.","Hold CAD until safety, rights, interface and specialist-test scope is cleared. Proposed gate: Specialist engineering review before any listing",2026-09-04,1.3,PLANNING ESTIMATE — NOT RELEASE APPROVAL
466,429,,SKU-096,Screw-mounted shower shelf,Bathroom & shower organizers,NOT_STARTED,,4 HOLD / SPECIALIST,43.0,4,5,5,81.0,3,3,2,5,2,1,3,S07; S11; S19,"Estimated market fit 3/5 with evidence confidence 3/5; strategy fit 2/5; additive differentiation 5/5; portfolio leverage 2/5; creation effort 4/5, validation effort 5/5 and commercial risk 5/5.","Hold CAD until safety, rights, interface and specialist-test scope is cleared. Proposed gate: Specialist mounting and wet-load program",2026-09-04,1.3,PLANNING ESTIMATE — NOT RELEASE APPROVAL
467,430,,SKU-099,Non-safety-critical appliance control knob,Non-safety-critical replacement parts,NOT_STARTED,,4 HOLD / SPECIALIST,43.0,4,5,5,75.0,3,2,2,5,2,2,3,S10; S11; S16; S25; S29; S10; S29,"Estimated market fit 3/5 with evidence confidence 2/5; strategy fit 2/5; additive differentiation 5/5; portfolio leverage 2/5; creation effort 4/5, validation effort 5/5 and commercial risk 5/5.","Hold CAD until safety, rights, interface and specialist-test scope is cleared. Proposed gate: Create red-line exclusion policy and specialist review form",2026-09-04,1.3,PLANNING ESTIMATE — NOT RELEASE APPROVAL
468,431,,SKU-094,E27 LED-only pendant lampshade,Passive lampshades & light diffusers,NOT_STARTED,,4 HOLD / SPECIALIST,41.2,4,5,4,82.0,3,2,1,5,2,1,3,S02; S11; S15; S19; S20; S28,"Estimated market fit 3/5 with evidence confidence 2/5; strategy fit 1/5; additive differentiation 5/5; portfolio leverage 2/5; creation effort 4/5, validation effort 5/5 and commercial risk 4/5.","Hold CAD until safety, rights, interface and specialist-test scope is cleared. Proposed gate: Engage lighting test expert and define approved LED envelope",2026-09-04,1.3,PLANNING ESTIMATE — NOT RELEASE APPROVAL
469,432,,SKU-095,Table-lamp replacement shade with ring adapter,Passive lampshades & light diffusers,NOT_STARTED,,4 HOLD / SPECIALIST,41.2,4,5,4,81.0,3,2,1,5,2,1,3,S02; S11; S15; S19; S20; S28,"Estimated market fit 3/5 with evidence confidence 2/5; strategy fit 1/5; additive differentiation 5/5; portfolio leverage 2/5; creation effort 4/5, validation effort 5/5 and commercial risk 4/5.","Hold CAD until safety, rights, interface and specialist-test scope is cleared. Proposed gate: Create measurement jig and compatibility disclaimer",2026-09-04,1.3,PLANNING ESTIMATE — NOT RELEASE APPROVAL
470,433,,SKU-195,Appliance button-cap and legend overlay,Noncritical repair and accessibility parts,NOT_STARTED,,4 HOLD / SPECIALIST,39.0,4,5,5,63.0,3,2,1,3,2,5,3,S10; S29; S16; S11; S15; S19; S32,"Estimated market fit 3/5 with evidence confidence 2/5; strategy fit 1/5; additive differentiation 3/5; portfolio leverage 2/5; creation effort 4/5, validation effort 5/5 and commercial risk 5/5.","Hold CAD until safety, rights, interface and specialist-test scope is cleared. Proposed gate: Create a red-line intake form and specialist review before any geometry work.",2026-09-04,1.3,PLANNING ESTIMATE — NOT RELEASE APPROVAL
471,434,,SKU-100,Modular large geometric lampshade,Passive lampshades & light diffusers,NOT_STARTED,,4 HOLD / SPECIALIST,36.0,5,5,5,81.0,3,2,1,5,2,1,2,S02; S11; S15; S19; S20; S28,"Estimated market fit 3/5 with evidence confidence 2/5; strategy fit 1/5; additive differentiation 5/5; portfolio leverage 2/5; creation effort 5/5, validation effort 5/5 and commercial risk 5/5.","Hold CAD until safety, rights, interface and specialist-test scope is cleared. Proposed gate: Specialist design review and assembly validation",2026-09-04,1.3,PLANNING ESTIMATE — NOT RELEASE APPROVAL
