x,y,z
0.000000000,0.000000000,17.450000000
-0.000177226,0.067000000,17.442544436
-0.000354286,0.134000000,17.435095721
-0.000531013,0.201000000,17.427657627
-0.000707242,0.268000000,17.420236290
-0.000882806,0.335000000,17.412840161
-0.001057539,0.402000000,17.405479956
-0.001231276,0.469000000,17.398168605
-0.001403849,0.536000000,17.390921197
-0.001575092,0.603000000,17.383754927
-0.001744840,0.670000000,17.376689042
-0.001912927,0.737000000,17.369744781
-0.002079185,0.804000000,17.362945324
-0.002243449,0.871000000,17.356315727
-0.002405553,0.938000000,17.349882868
-0.002565331,1.005000000,17.343675384
-0.002722616,1.072000000,17.337723611
-0.002877242,1.139000000,17.332059525
-0.003029043,1.206000000,17.326716676
-0.003177853,1.273000000,17.321730126
-0.003323505,1.340000000,17.317136387
-0.003465835,1.407000000,17.312973352
-0.003604674,1.474000000,17.309280239
-0.003739858,1.541000000,17.306097514
-0.003871219,1.608000000,17.303466833
-0.003998592,1.675000000,17.301430974
-0.004121811,1.742000000,17.300033767
-0.004240710,1.809000000,17.299320029
-0.004355122,1.876000000,17.299335496
-0.004464880,1.943000000,17.300126753
-0.004569820,2.010000000,17.301741169
-0.004669774,2.077000000,17.304226822
-0.004764577,2.144000000,17.307632438
-0.004854063,2.211000000,17.312007312
-0.004938064,2.278000000,17.317401249
-0.005016416,2.345000000,17.323864484
-0.005088952,2.412000000,17.331447621
-0.005155505,2.479000000,17.340201557
-0.005215909,2.546000000,17.350177414
-0.005269999,2.613000000,17.361426468
-0.005317609,2.680000000,17.374000083
-0.005358571,2.747000000,17.387949635
-0.005392720,2.814000000,17.403326446
-0.005419890,2.881000000,17.420181712
-0.005439914,2.948000000,17.438566434
-0.005452626,3.015000000,17.458531349
-0.005457861,3.082000000,17.480126861
-0.005455451,3.149000000,17.503402967
-0.005445231,3.216000000,17.528409196
-0.005427035,3.283000000,17.555194532
-0.005400696,3.350000000,17.583807352
-0.005366049,3.417000000,17.614295351
-0.005322926,3.484000000,17.646705483
-0.005271163,3.551000000,17.681083884
-0.005210592,3.618000000,17.717475812
-0.005141047,3.685000000,17.755925576
-0.005062363,3.752000000,17.796476472
-0.004974374,3.819000000,17.839170715
-0.004876912,3.886000000,17.884049378
-0.004769812,3.953000000,17.931152322
-0.004652908,4.020000000,17.980518132
-0.004526033,4.087000000,18.032184058
-0.004389021,4.154000000,18.086185947
-0.004241707,4.221000000,18.142558184
-0.004083923,4.288000000,18.201333626
-0.003915505,4.355000000,18.262543544
-0.003736285,4.422000000,18.326217561
-0.003546097,4.489000000,18.392383593
-0.003344776,4.556000000,18.461067786
-0.003132155,4.623000000,18.532294465
-0.002908067,4.690000000,18.606086068
-0.002672348,4.757000000,18.682463094
-0.002424830,4.824000000,18.761444044
-0.002165347,4.891000000,18.843045370
-0.001893733,4.958000000,18.927281413
-0.001609823,5.025000000,19.014164358
-0.001313449,5.092000000,19.103704172
-0.001004446,5.159000000,19.195908562
-0.000682648,5.226000000,19.290782913
-0.000347888,5.293000000,19.388330248
0.000000000,5.360000000,19.488551171
0.000361099,5.427000000,19.591445219
0.000735159,5.494000000,19.697015373
0.001121849,5.561000000,19.805264487
0.001520836,5.628000000,19.916193989
0.001931788,5.695000000,20.029803884
0.002354371,5.762000000,20.146092765
0.002788255,5.829000000,20.265057818
0.003233106,5.896000000,20.386694833
0.003688593,5.963000000,20.510998211
0.004154382,6.030000000,20.637960980
0.004630142,6.097000000,20.767574802
0.005115540,6.164000000,20.899829990
0.005610243,6.231000000,21.034715517
0.006113921,6.298000000,21.172219033
0.006626239,6.365000000,21.312326881
0.007146866,6.432000000,21.455024110
0.007675470,6.499000000,21.600294495
0.008211717,6.566000000,21.748120551
0.008755277,6.633000000,21.898483555
0.009305815,6.700000000,22.051363560
0.009863001,6.767000000,22.206739418
0.010426501,6.834000000,22.364588799
0.010995984,6.901000000,22.524888211
0.011571117,6.968000000,22.687613023
0.012151567,7.035000000,22.852737484
0.012737002,7.102000000,23.020234749
0.013327091,7.169000000,23.190076897
0.013921500,7.236000000,23.362234960
0.014519897,7.303000000,23.536678942
0.015121950,7.370000000,23.713377847
0.015727326,7.437000000,23.892299700
0.016335694,7.504000000,24.073411578
0.016946720,7.571000000,24.256679627
0.017560073,7.638000000,24.442069097
0.018175420,7.705000000,24.629544363
0.018792429,7.772000000,24.819068952
0.019410767,7.839000000,25.010605572
0.020030103,7.906000000,25.204116137
0.020650103,7.973000000,25.399561799
0.021270435,8.040000000,25.596902969
0.021890767,8.107000000,25.796099351
0.022510767,8.174000000,25.997109968
0.023130102,8.241000000,26.199893191
0.023748440,8.308000000,26.404406767
0.024365449,8.375000000,26.610607850
0.024980796,8.442000000,26.818453028
0.025594149,8.509000000,27.027898353
0.026205176,8.576000000,27.238899371
0.026813543,8.643000000,27.451411150
0.027418920,8.710000000,27.665388313
0.028020973,8.777000000,27.880785063
0.028619370,8.844000000,28.097555217
0.029213779,8.911000000,28.315652233
0.029803867,8.978000000,28.535029242
0.030389303,9.045000000,28.755639076
0.030969753,9.112000000,28.977434300
0.031544886,9.179000000,29.200367239
0.032114368,9.246000000,29.424390011
0.032677869,9.313000000,29.649454556
0.033235054,9.380000000,29.875512663
0.033785593,9.447000000,30.102516004
0.034329152,9.514000000,30.330416160
0.034865400,9.581000000,30.559164656
0.035394004,9.648000000,30.788712981
0.035914631,9.715000000,31.019012628
0.036426949,9.782000000,31.250015115
0.036930626,9.849000000,31.481672019
0.037425330,9.916000000,31.713938541
0.037910728,9.983000000,31.946795092
0.038386488,10.050000000,32.180231233
0.038852277,10.117000000,32.414233913
0.039307764,10.184000000,32.648787415
0.039752615,10.251000000,32.883873362
0.040186498,10.318000000,33.119470745
0.040609082,10.385000000,33.355555951
0.041020034,10.452000000,33.592102818
0.041419020,10.519000000,33.829082690
0.041805710,10.586000000,34.066464490
0.042179771,10.653000000,34.304214800
0.042540870,10.720000000,34.542297956
0.042888674,10.787000000,34.780676146
0.043222853,10.854000000,35.019309522
0.043543073,10.921000000,35.258156318
0.043849001,10.988000000,35.497172976
0.044140307,11.055000000,35.736314276
0.044416656,11.122000000,35.975533477
0.044677717,11.189000000,36.214782460
0.044923158,11.256000000,36.454011872
0.045152646,11.323000000,36.693171281
0.045365849,11.390000000,36.932209326
0.045562435,11.457000000,37.171073877
0.045742070,11.524000000,37.409712188
0.045904423,11.591000000,37.648071057
0.046049162,11.658000000,37.886096981
0.046175954,11.725000000,38.123736315
0.046284466,11.792000000,38.360935428
0.046374367,11.859000000,38.597640851
0.046445324,11.926000000,38.833799433
0.046497004,11.993000000,39.069358487
0.046529076,12.060000000,39.304265930
0.046541207,12.127000000,39.538470426
0.046533064,12.194000000,39.771921521
0.046504316,12.261000000,40.004569772
0.046454630,12.328000000,40.236366869
0.046383673,12.395000000,40.467265757
0.046291113,12.462000000,40.697220750
0.046176618,12.529000000,40.926187634
0.046039856,12.596000000,41.154123771
0.045880494,12.663000000,41.380988191
0.045698200,12.730000000,41.606741680
0.045492641,12.797000000,41.831346861
0.045263485,12.864000000,42.054768272
0.045010400,12.931000000,42.276972425
0.044733054,12.998000000,42.497927877
0.044431113,13.065000000,42.717605278
0.044104247,13.132000000,42.935977422
0.043752121,13.199000000,43.153019288
0.043374405,13.266000000,43.368708075
0.042970765,13.333000000,43.583023235
0.042540870,13.400000000,43.795946493
0.042084386,13.467000000,44.007445686
0.041600982,13.534000000,44.217490971
0.041090326,13.601000000,44.426071014
0.040552084,13.668000000,44.633176802
0.039985925,13.735000000,44.838801646
0.039391516,13.802000000,45.042941168
0.038768525,13.869000000,45.245593296
0.038116619,13.936000000,45.446758250
0.037435467,14.003000000,45.646438523
0.036724735,14.070000000,45.844638865
0.035984092,14.137000000,46.041366255
0.035213205,14.204000000,46.236629887
0.034411741,14.271000000,46.430441133
0.033579370,14.338000000,46.622813522
0.032715757,14.405000000,46.813762713
0.031820570,14.472000000,47.003306460
0.030893479,14.539000000,47.191464584
0.029934149,14.606000000,47.378258947
0.028942249,14.673000000,47.563713414
0.027917446,14.740000000,47.747853832
0.026859408,14.807000000,47.930707992
0.025767802,14.874000000,48.112305607
0.024642297,14.941000000,48.292678283
0.023482560,15.008000000,48.471859490
0.022288258,15.075000000,48.649884544
0.021059060,15.142000000,48.826790577
nan,nan,nan
nan,nan,nan
nan,nan,nan
nan,nan,nan
nan,nan,nan
nan,nan,nan
nan,nan,nan
nan,nan,nan
nan,nan,nan
nan,nan,nan
nan,nan,nan
nan,nan,nan
nan,nan,nan
nan,nan,nan
nan,nan,nan
nan,nan,nan
nan,nan,nan
nan,nan,nan
nan,nan,nan
nan,nan,nan
nan,nan,nan
nan,nan,nan
nan,nan,nan
nan,nan,nan
nan,nan,nan
nan,nan,nan
nan,nan,nan
nan,nan,nan
nan,nan,nan
nan,nan,nan
nan,nan,nan
nan,nan,nan
nan,nan,nan
nan,nan,nan
nan,nan,nan
nan,nan,nan
nan,nan,nan
nan,nan,nan
nan,nan,nan
nan,nan,nan
nan,nan,nan
nan,nan,nan
nan,nan,nan
nan,nan,nan
nan,nan,nan
nan,nan,nan
nan,nan,nan
nan,nan,nan
nan,nan,nan
nan,nan,nan
nan,nan,nan
nan,nan,nan
nan,nan,nan
nan,nan,nan
nan,nan,nan
nan,nan,nan
nan,nan,nan
nan,nan,nan
nan,nan,nan
nan,nan,nan
nan,nan,nan
nan,nan,nan
nan,nan,nan
nan,nan,nan
nan,nan,nan
nan,nan,nan
nan,nan,nan
nan,nan,nan
nan,nan,nan
nan,nan,nan
nan,nan,nan
nan,nan,nan
nan,nan,nan
nan,nan,nan
nan,nan,nan
nan,nan,nan
nan,nan,nan
nan,nan,nan
nan,nan,nan
nan,nan,nan
nan,nan,nan
nan,nan,nan
nan,nan,nan
nan,nan,nan
nan,nan,nan
nan,nan,nan
nan,nan,nan
nan,nan,nan
nan,nan,nan
nan,nan,nan
nan,nan,nan
nan,nan,nan
nan,nan,nan
nan,nan,nan
nan,nan,nan
nan,nan,nan
nan,nan,nan
nan,nan,nan
nan,nan,nan
nan,nan,nan
nan,nan,nan
nan,nan,nan
nan,nan,nan
nan,nan,nan
nan,nan,nan
nan,nan,nan
nan,nan,nan
nan,nan,nan
nan,nan,nan
nan,nan,nan
nan,nan,nan
nan,nan,nan
nan,nan,nan
nan,nan,nan
nan,nan,nan
nan,nan,nan
nan,nan,nan
nan,nan,nan
nan,nan,nan
nan,nan,nan
nan,nan,nan
nan,nan,nan
nan,nan,nan
nan,nan,nan
nan,nan,nan
nan,nan,nan
nan,nan,nan
nan,nan,nan
nan,nan,nan
nan,nan,nan
nan,nan,nan
nan,nan,nan
nan,nan,nan
nan,nan,nan
nan,nan,nan
nan,nan,nan
nan,nan,nan
nan,nan,nan
nan,nan,nan
nan,nan,nan
nan,nan,nan
nan,nan,nan
nan,nan,nan
nan,nan,nan
nan,nan,nan
nan,nan,nan
nan,nan,nan
nan,nan,nan
nan,nan,nan
nan,nan,nan
nan,nan,nan
nan,nan,nan
nan,nan,nan
nan,nan,nan
nan,nan,nan
nan,nan,nan
nan,nan,nan
nan,nan,nan
nan,nan,nan
nan,nan,nan
nan,nan,nan
nan,nan,nan
nan,nan,nan
nan,nan,nan
nan,nan,nan
nan,nan,nan
nan,nan,nan
nan,nan,nan
nan,nan,nan
nan,nan,nan
nan,nan,nan
nan,nan,nan
nan,nan,nan
nan,nan,nan
nan,nan,nan
nan,nan,nan
nan,nan,nan
nan,nan,nan
nan,nan,nan
nan,nan,nan
nan,nan,nan
nan,nan,nan
nan,nan,nan
nan,nan,nan
nan,nan,nan
nan,nan,nan
nan,nan,nan
nan,nan,nan
nan,nan,nan
nan,nan,nan
nan,nan,nan
nan,nan,nan
nan,nan,nan
nan,nan,nan
nan,nan,nan
nan,nan,nan
nan,nan,nan
nan,nan,nan
nan,nan,nan
nan,nan,nan
nan,nan,nan
nan,nan,nan
nan,nan,nan
nan,nan,nan
nan,nan,nan
nan,nan,nan
nan,nan,nan
nan,nan,nan
nan,nan,nan
nan,nan,nan
nan,nan,nan
nan,nan,nan
nan,nan,nan
nan,nan,nan
nan,nan,nan
nan,nan,nan
nan,nan,nan
nan,nan,nan
nan,nan,nan
nan,nan,nan
nan,nan,nan
nan,nan,nan
nan,nan,nan
nan,nan,nan
nan,nan,nan
nan,nan,nan
nan,nan,nan
nan,nan,nan
nan,nan,nan
nan,nan,nan
nan,nan,nan
nan,nan,nan
nan,nan,nan
nan,nan,nan
nan,nan,nan
nan,nan,nan
nan,nan,nan
nan,nan,nan
nan,nan,nan
nan,nan,nan
nan,nan,nan
nan,nan,nan
nan,nan,nan
nan,nan,nan
nan,nan,nan
nan,nan,nan
nan,nan,nan
nan,nan,nan
nan,nan,nan
nan,nan,nan
nan,nan,nan
nan,nan,nan
nan,nan,nan
nan,nan,nan
nan,nan,nan
nan,nan,nan
nan,nan,nan
nan,nan,nan
nan,nan,nan
nan,nan,nan
nan,nan,nan
nan,nan,nan
nan,nan,nan
nan,nan,nan
nan,nan,nan
nan,nan,nan
nan,nan,nan
nan,nan,nan
nan,nan,nan
nan,nan,nan
nan,nan,nan
nan,nan,nan
nan,nan,nan
nan,nan,nan
nan,nan,nan
nan,nan,nan
nan,nan,nan
nan,nan,nan
nan,nan,nan
nan,nan,nan
nan,nan,nan
nan,nan,nan
nan,nan,nan
nan,nan,nan
nan,nan,nan
nan,nan,nan
nan,nan,nan
nan,nan,nan
nan,nan,nan
nan,nan,nan
nan,nan,nan
nan,nan,nan
nan,nan,nan
nan,nan,nan
nan,nan,nan
nan,nan,nan
nan,nan,nan
nan,nan,nan
nan,nan,nan
nan,nan,nan
nan,nan,nan
nan,nan,nan
nan,nan,nan
nan,nan,nan
nan,nan,nan
nan,nan,nan
nan,nan,nan
nan,nan,nan
nan,nan,nan
nan,nan,nan
nan,nan,nan
nan,nan,nan
nan,nan,nan
nan,nan,nan
nan,nan,nan
nan,nan,nan
nan,nan,nan
nan,nan,nan
nan,nan,nan
nan,nan,nan
nan,nan,nan
nan,nan,nan
nan,nan,nan
nan,nan,nan
nan,nan,nan
nan,nan,nan
nan,nan,nan
nan,nan,nan
nan,nan,nan
nan,nan,nan
nan,nan,nan
nan,nan,nan
nan,nan,nan
nan,nan,nan
nan,nan,nan
nan,nan,nan
nan,nan,nan
nan,nan,nan
nan,nan,nan
nan,nan,nan
nan,nan,nan
nan,nan,nan
nan,nan,nan
nan,nan,nan
nan,nan,nan
nan,nan,nan
nan,nan,nan
nan,nan,nan
nan,nan,nan
nan,nan,nan
nan,nan,nan
nan,nan,nan
nan,nan,nan
nan,nan,nan
nan,nan,nan
nan,nan,nan
nan,nan,nan
nan,nan,nan
nan,nan,nan
nan,nan,nan
nan,nan,nan
nan,nan,nan
nan,nan,nan
nan,nan,nan
nan,nan,nan
nan,nan,nan
nan,nan,nan
nan,nan,nan
nan,nan,nan
nan,nan,nan
nan,nan,nan
nan,nan,nan
nan,nan,nan
nan,nan,nan
nan,nan,nan
nan,nan,nan
nan,nan,nan
nan,nan,nan
nan,nan,nan
nan,nan,nan
nan,nan,nan
nan,nan,nan
nan,nan,nan
nan,nan,nan
nan,nan,nan
nan,nan,nan
nan,nan,nan
nan,nan,nan
nan,nan,nan
nan,nan,nan
nan,nan,nan
nan,nan,nan
nan,nan,nan
nan,nan,nan
nan,nan,nan
nan,nan,nan
nan,nan,nan
nan,nan,nan
nan,nan,nan
nan,nan,nan
nan,nan,nan
nan,nan,nan
nan,nan,nan
nan,nan,nan
nan,nan,nan
nan,nan,nan
nan,nan,nan
nan,nan,nan
nan,nan,nan
nan,nan,nan
nan,nan,nan
nan,nan,nan
nan,nan,nan
nan,nan,nan
nan,nan,nan
nan,nan,nan
nan,nan,nan
nan,nan,nan
nan,nan,nan
nan,nan,nan
nan,nan,nan
nan,nan,nan
nan,nan,nan
nan,nan,nan
nan,nan,nan
nan,nan,nan
nan,nan,nan
nan,nan,nan
nan,nan,nan
nan,nan,nan
nan,nan,nan
nan,nan,nan
nan,nan,nan
nan,nan,nan
nan,nan,nan
nan,nan,nan
nan,nan,nan
nan,nan,nan
nan,nan,nan
nan,nan,nan
nan,nan,nan
nan,nan,nan
nan,nan,nan
nan,nan,nan
nan,nan,nan
nan,nan,nan
nan,nan,nan
nan,nan,nan
nan,nan,nan
nan,nan,nan
nan,nan,nan
nan,nan,nan
nan,nan,nan
nan,nan,nan
nan,nan,nan
nan,nan,nan
nan,nan,nan
nan,nan,nan
nan,nan,nan
nan,nan,nan
nan,nan,nan
nan,nan,nan
nan,nan,nan
nan,nan,nan
nan,nan,nan
nan,nan,nan
nan,nan,nan
nan,nan,nan
nan,nan,nan
nan,nan,nan
nan,nan,nan
nan,nan,nan
nan,nan,nan
nan,nan,nan
nan,nan,nan
nan,nan,nan
nan,nan,nan
nan,nan,nan
nan,nan,nan
nan,nan,nan
nan,nan,nan
nan,nan,nan
nan,nan,nan
nan,nan,nan
nan,nan,nan
nan,nan,nan
nan,nan,nan
nan,nan,nan
nan,nan,nan
nan,nan,nan
nan,nan,nan
nan,nan,nan
nan,nan,nan
nan,nan,nan
nan,nan,nan
nan,nan,nan
nan,nan,nan
nan,nan,nan
nan,nan,nan
nan,nan,nan
nan,nan,nan
nan,nan,nan
nan,nan,nan
nan,nan,nan
nan,nan,nan
nan,nan,nan
nan,nan,nan
nan,nan,nan
nan,nan,nan
nan,nan,nan
nan,nan,nan
nan,nan,nan
nan,nan,nan
nan,nan,nan
nan,nan,nan
nan,nan,nan
nan,nan,nan
nan,nan,nan
nan,nan,nan
nan,nan,nan
nan,nan,nan
nan,nan,nan
nan,nan,nan
nan,nan,nan
nan,nan,nan
nan,nan,nan
nan,nan,nan
nan,nan,nan
nan,nan,nan
nan,nan,nan
nan,nan,nan
nan,nan,nan
nan,nan,nan
nan,nan,nan
nan,nan,nan
nan,nan,nan
nan,nan,nan
nan,nan,nan
nan,nan,nan
nan,nan,nan
nan,nan,nan
nan,nan,nan
nan,nan,nan
nan,nan,nan
nan,nan,nan
nan,nan,nan
nan,nan,nan
nan,nan,nan
nan,nan,nan
nan,nan,nan
nan,nan,nan
nan,nan,nan
nan,nan,nan
nan,nan,nan
nan,nan,nan
nan,nan,nan
nan,nan,nan
nan,nan,nan
nan,nan,nan
nan,nan,nan
nan,nan,nan
nan,nan,nan
nan,nan,nan
nan,nan,nan
nan,nan,nan
nan,nan,nan
nan,nan,nan
nan,nan,nan
nan,nan,nan
nan,nan,nan
nan,nan,nan
nan,nan,nan
nan,nan,nan
nan,nan,nan
nan,nan,nan
nan,nan,nan
nan,nan,nan
nan,nan,nan
nan,nan,nan
nan,nan,nan
nan,nan,nan
nan,nan,nan
nan,nan,nan
nan,nan,nan
nan,nan,nan
nan,nan,nan
nan,nan,nan
nan,nan,nan
nan,nan,nan
nan,nan,nan
nan,nan,nan
nan,nan,nan
nan,nan,nan
nan,nan,nan
nan,nan,nan
nan,nan,nan
nan,nan,nan
nan,nan,nan
nan,nan,nan
nan,nan,nan
nan,nan,nan
nan,nan,nan
nan,nan,nan
nan,nan,nan
nan,nan,nan
nan,nan,nan
nan,nan,nan
nan,nan,nan
nan,nan,nan
nan,nan,nan
nan,nan,nan
nan,nan,nan
nan,nan,nan
nan,nan,nan
nan,nan,nan
nan,nan,nan
nan,nan,nan
nan,nan,nan
nan,nan,nan
nan,nan,nan
nan,nan,nan
nan,nan,nan
nan,nan,nan
nan,nan,nan
nan,nan,nan
nan,nan,nan
nan,nan,nan
nan,nan,nan
nan,nan,nan
nan,nan,nan
nan,nan,nan
nan,nan,nan
nan,nan,nan
nan,nan,nan
nan,nan,nan
nan,nan,nan
nan,nan,nan
nan,nan,nan
nan,nan,nan
nan,nan,nan
nan,nan,nan
nan,nan,nan
nan,nan,nan
nan,nan,nan
nan,nan,nan
nan,nan,nan
nan,nan,nan
nan,nan,nan
nan,nan,nan
nan,nan,nan
nan,nan,nan
nan,nan,nan
nan,nan,nan
nan,nan,nan
nan,nan,nan
nan,nan,nan
nan,nan,nan
nan,nan,nan
nan,nan,nan
nan,nan,nan
nan,nan,nan
nan,nan,nan
nan,nan,nan
nan,nan,nan
nan,nan,nan
nan,nan,nan
nan,nan,nan
nan,nan,nan
nan,nan,nan
nan,nan,nan
nan,nan,nan
nan,nan,nan
nan,nan,nan
nan,nan,nan
nan,nan,nan
nan,nan,nan
nan,nan,nan
nan,nan,nan
nan,nan,nan
nan,nan,nan
nan,nan,nan
nan,nan,nan
nan,nan,nan
nan,nan,nan
nan,nan,nan
nan,nan,nan
nan,nan,nan
nan,nan,nan
nan,nan,nan
nan,nan,nan
nan,nan,nan
nan,nan,nan
nan,nan,nan
nan,nan,nan
nan,nan,nan
nan,nan,nan
nan,nan,nan
nan,nan,nan
nan,nan,nan
nan,nan,nan
nan,nan,nan
nan,nan,nan
nan,nan,nan
nan,nan,nan
nan,nan,nan
nan,nan,nan
nan,nan,nan
nan,nan,nan
nan,nan,nan
nan,nan,nan
nan,nan,nan
nan,nan,nan
nan,nan,nan
nan,nan,nan
nan,nan,nan
nan,nan,nan
nan,nan,nan
nan,nan,nan
nan,nan,nan
nan,nan,nan
nan,nan,nan
nan,nan,nan
nan,nan,nan
nan,nan,nan
nan,nan,nan
nan,nan,nan
nan,nan,nan
nan,nan,nan
nan,nan,nan
nan,nan,nan
nan,nan,nan
nan,nan,nan
nan,nan,nan
nan,nan,nan
nan,nan,nan
nan,nan,nan
nan,nan,nan
nan,nan,nan
nan,nan,nan
nan,nan,nan
nan,nan,nan
nan,nan,nan
nan,nan,nan
nan,nan,nan
nan,nan,nan
nan,nan,nan
nan,nan,nan
nan,nan,nan
nan,nan,nan
nan,nan,nan
nan,nan,nan
nan,nan,nan
nan,nan,nan
nan,nan,nan
nan,nan,nan
nan,nan,nan
nan,nan,nan
nan,nan,nan
nan,nan,nan
nan,nan,nan
nan,nan,nan
nan,nan,nan
nan,nan,nan
nan,nan,nan
nan,nan,nan
nan,nan,nan
nan,nan,nan
nan,nan,nan
nan,nan,nan
nan,nan,nan
nan,nan,nan
nan,nan,nan
nan,nan,nan
nan,nan,nan
nan,nan,nan
nan,nan,nan
nan,nan,nan
nan,nan,nan
nan,nan,nan
nan,nan,nan
nan,nan,nan
nan,nan,nan
nan,nan,nan
nan,nan,nan
nan,nan,nan
nan,nan,nan
nan,nan,nan
nan,nan,nan
nan,nan,nan
nan,nan,nan
nan,nan,nan
nan,nan,nan
nan,nan,nan
nan,nan,nan
nan,nan,nan
nan,nan,nan
nan,nan,nan
nan,nan,nan
nan,nan,nan
nan,nan,nan
nan,nan,nan
nan,nan,nan
nan,nan,nan
nan,nan,nan
nan,nan,nan
nan,nan,nan
nan,nan,nan
nan,nan,nan
nan,nan,nan
nan,nan,nan
nan,nan,nan
nan,nan,nan
nan,nan,nan
nan,nan,nan
nan,nan,nan
nan,nan,nan
nan,nan,nan
nan,nan,nan
nan,nan,nan
nan,nan,nan
nan,nan,nan
nan,nan,nan
nan,nan,nan
nan,nan,nan
nan,nan,nan
nan,nan,nan
nan,nan,nan
nan,nan,nan
nan,nan,nan
nan,nan,nan
nan,nan,nan
nan,nan,nan
nan,nan,nan
nan,nan,nan
nan,nan,nan
nan,nan,nan
nan,nan,nan
nan,nan,nan
nan,nan,nan
nan,nan,nan
nan,nan,nan
nan,nan,nan
nan,nan,nan
nan,nan,nan
nan,nan,nan
nan,nan,nan
nan,nan,nan
nan,nan,nan
nan,nan,nan
nan,nan,nan
nan,nan,nan
nan,nan,nan
nan,nan,nan
nan,nan,nan
nan,nan,nan
nan,nan,nan
nan,nan,nan
nan,nan,nan
nan,nan,nan
nan,nan,nan
nan,nan,nan
nan,nan,nan
nan,nan,nan
nan,nan,nan
nan,nan,nan
nan,nan,nan
nan,nan,nan
nan,nan,nan
nan,nan,nan
nan,nan,nan
nan,nan,nan
nan,nan,nan
nan,nan,nan
nan,nan,nan
nan,nan,nan
nan,nan,nan
nan,nan,nan
nan,nan,nan
nan,nan,nan
nan,nan,nan
nan,nan,nan
nan,nan,nan
nan,nan,nan
nan,nan,nan
nan,nan,nan
nan,nan,nan
nan,nan,nan
nan,nan,nan
nan,nan,nan
nan,nan,nan
nan,nan,nan
nan,nan,nan
nan,nan,nan
nan,nan,nan
nan,nan,nan
nan,nan,nan
nan,nan,nan
nan,nan,nan
nan,nan,nan
nan,nan,nan
nan,nan,nan
nan,nan,nan
nan,nan,nan
nan,nan,nan
nan,nan,nan
nan,nan,nan
nan,nan,nan
nan,nan,nan
nan,nan,nan
nan,nan,nan
nan,nan,nan
nan,nan,nan
nan,nan,nan
nan,nan,nan
nan,nan,nan
nan,nan,nan
nan,nan,nan
nan,nan,nan
nan,nan,nan
nan,nan,nan
nan,nan,nan
nan,nan,nan
nan,nan,nan
nan,nan,nan
nan,nan,nan
nan,nan,nan
nan,nan,nan
nan,nan,nan
nan,nan,nan
nan,nan,nan
nan,nan,nan
nan,nan,nan
nan,nan,nan
nan,nan,nan
nan,nan,nan
nan,nan,nan
nan,nan,nan
nan,nan,nan
nan,nan,nan
nan,nan,nan
nan,nan,nan
nan,nan,nan
nan,nan,nan
nan,nan,nan
nan,nan,nan
nan,nan,nan
nan,nan,nan
nan,nan,nan
nan,nan,nan
nan,nan,nan
nan,nan,nan
nan,nan,nan
nan,nan,nan
nan,nan,nan
nan,nan,nan
nan,nan,nan
nan,nan,nan
nan,nan,nan
nan,nan,nan
nan,nan,nan
nan,nan,nan
nan,nan,nan
nan,nan,nan
nan,nan,nan
nan,nan,nan
nan,nan,nan
nan,nan,nan
nan,nan,nan
nan,nan,nan
nan,nan,nan
nan,nan,nan
nan,nan,nan
nan,nan,nan
nan,nan,nan
nan,nan,nan
nan,nan,nan
nan,nan,nan
nan,nan,nan
nan,nan,nan
nan,nan,nan
nan,nan,nan
nan,nan,nan
nan,nan,nan
nan,nan,nan
nan,nan,nan
nan,nan,nan
nan,nan,nan
nan,nan,nan
nan,nan,nan
nan,nan,nan
nan,nan,nan
nan,nan,nan
nan,nan,nan
nan,nan,nan
nan,nan,nan
nan,nan,nan
nan,nan,nan
nan,nan,nan
nan,nan,nan
nan,nan,nan
nan,nan,nan
nan,nan,nan
nan,nan,nan
nan,nan,nan
nan,nan,nan
nan,nan,nan
nan,nan,nan
nan,nan,nan
nan,nan,nan
nan,nan,nan
nan,nan,nan
nan,nan,nan
nan,nan,nan
nan,nan,nan
nan,nan,nan
nan,nan,nan
nan,nan,nan
nan,nan,nan
nan,nan,nan
nan,nan,nan
nan,nan,nan
nan,nan,nan
nan,nan,nan
nan,nan,nan
nan,nan,nan
nan,nan,nan
nan,nan,nan
nan,nan,nan
nan,nan,nan
nan,nan,nan
nan,nan,nan
nan,nan,nan
nan,nan,nan
nan,nan,nan
nan,nan,nan
nan,nan,nan
nan,nan,nan
nan,nan,nan
nan,nan,nan
nan,nan,nan
nan,nan,nan
nan,nan,nan
nan,nan,nan
nan,nan,nan
nan,nan,nan
nan,nan,nan
nan,nan,nan
nan,nan,nan
nan,nan,nan
nan,nan,nan
nan,nan,nan
nan,nan,nan
nan,nan,nan
nan,nan,nan
nan,nan,nan
nan,nan,nan
nan,nan,nan
nan,nan,nan
nan,nan,nan
nan,nan,nan
nan,nan,nan
nan,nan,nan
nan,nan,nan
nan,nan,nan
nan,nan,nan
nan,nan,nan
nan,nan,nan
nan,nan,nan
nan,nan,nan
nan,nan,nan
nan,nan,nan
nan,nan,nan
nan,nan,nan
nan,nan,nan
nan,nan,nan
nan,nan,nan
nan,nan,nan
nan,nan,nan
nan,nan,nan
nan,nan,nan
nan,nan,nan
nan,nan,nan
nan,nan,nan
nan,nan,nan
nan,nan,nan
nan,nan,nan
nan,nan,nan
nan,nan,nan
nan,nan,nan
nan,nan,nan
nan,nan,nan
nan,nan,nan
nan,nan,nan
nan,nan,nan
nan,nan,nan
nan,nan,nan
nan,nan,nan
nan,nan,nan
nan,nan,nan
nan,nan,nan
nan,nan,nan
nan,nan,nan
nan,nan,nan
nan,nan,nan
nan,nan,nan
nan,nan,nan
nan,nan,nan
nan,nan,nan
nan,nan,nan
nan,nan,nan
nan,nan,nan
nan,nan,nan
nan,nan,nan
nan,nan,nan
nan,nan,nan
nan,nan,nan
nan,nan,nan
nan,nan,nan
nan,nan,nan
nan,nan,nan
nan,nan,nan
nan,nan,nan
nan,nan,nan
nan,nan,nan
nan,nan,nan
nan,nan,nan
nan,nan,nan
nan,nan,nan
nan,nan,nan
nan,nan,nan
nan,nan,nan
nan,nan,nan
nan,nan,nan
nan,nan,nan
nan,nan,nan
nan,nan,nan
nan,nan,nan
nan,nan,nan
nan,nan,nan
nan,nan,nan
nan,nan,nan
nan,nan,nan
nan,nan,nan
nan,nan,nan
nan,nan,nan
nan,nan,nan
nan,nan,nan
nan,nan,nan
nan,nan,nan
nan,nan,nan
nan,nan,nan
nan,nan,nan
nan,nan,nan
nan,nan,nan
nan,nan,nan
nan,nan,nan
nan,nan,nan
nan,nan,nan
nan,nan,nan
nan,nan,nan
nan,nan,nan
nan,nan,nan
nan,nan,nan
nan,nan,nan
nan,nan,nan
nan,nan,nan
nan,nan,nan
nan,nan,nan
nan,nan,nan
nan,nan,nan
nan,nan,nan
nan,nan,nan
nan,nan,nan
nan,nan,nan
nan,nan,nan
nan,nan,nan
nan,nan,nan
nan,nan,nan
nan,nan,nan
nan,nan,nan
nan,nan,nan
nan,nan,nan
nan,nan,nan
nan,nan,nan
nan,nan,nan
nan,nan,nan
nan,nan,nan
nan,nan,nan
nan,nan,nan
nan,nan,nan
nan,nan,nan
nan,nan,nan
nan,nan,nan
nan,nan,nan
nan,nan,nan
-4.134279545,95.274000000,51.984362360
-4.135963203,95.341000000,51.968552482
-4.137632312,95.408000000,51.952805504
-4.139286910,95.475000000,51.937119186
-4.140927032,95.542000000,51.921491339
-4.142552713,95.609000000,51.905919828
-4.144163988,95.676000000,51.890402565
-4.145760895,95.743000000,51.874937515
-4.147343467,95.810000000,51.859522692
-4.148911741,95.877000000,51.844156159
-4.150465752,95.944000000,51.828836028
-4.152005535,96.011000000,51.813560459
-4.153531127,96.078000000,51.798327661
-4.155042563,96.145000000,51.783135888
-4.156539878,96.212000000,51.767983444
-4.158023107,96.279000000,51.752868676
-4.159492288,96.346000000,51.737789978
-4.160947454,96.413000000,51.722745791
-4.162388643,96.480000000,51.707734598
-4.163815888,96.547000000,51.692754929
-4.165229226,96.614000000,51.677805355
-4.166628692,96.681000000,51.662884493
-4.168014323,96.748000000,51.647991000
-4.169386153,96.815000000,51.633123580
-4.170744217,96.882000000,51.618280973
-4.172088553,96.949000000,51.603461966
-4.173419194,97.016000000,51.588665383
-4.174736178,97.083000000,51.573890090
-4.176039538,97.150000000,51.559134994
-4.177329311,97.217000000,51.544399040
-4.178605533,97.284000000,51.529681214
-4.179868239,97.351000000,51.514980537
-4.181117464,97.418000000,51.500296074
-4.182353244,97.485000000,51.485626922
-4.183575616,97.552000000,51.470972218
-4.184784613,97.619000000,51.456331137
-4.185980272,97.686000000,51.441702888
-4.187162628,97.753000000,51.427086718
-4.188331717,97.820000000,51.412481907
-4.189487575,97.887000000,51.397887773
-4.190630237,97.954000000,51.383303667
-4.191759738,98.021000000,51.368728974
-4.192876115,98.088000000,51.354163114
-4.193979402,98.155000000,51.339605540
-4.195069636,98.222000000,51.325055736
-4.196146852,98.289000000,51.310513221
-4.197211085,98.356000000,51.295977545
-4.198262370,98.423000000,51.281448290
-4.199300745,98.490000000,51.266925068
-4.200326244,98.557000000,51.252407523
-4.201338902,98.624000000,51.237895329
-4.202338755,98.691000000,51.223388190
-4.203325840,98.758000000,51.208885839
-4.204300191,98.825000000,51.194388039
-4.205261843,98.892000000,51.179894581
-4.206210833,98.959000000,51.165405285
-4.207147197,99.026000000,51.150919997
-4.208070969,99.093000000,51.136438592
-4.208982185,99.160000000,51.121960973
-4.209880881,99.227000000,51.107487067
-4.210767092,99.294000000,51.093016829
-4.211640854,99.361000000,51.078550239
-4.212502203,99.428000000,51.064087304
-4.213351173,99.495000000,51.049628054
-4.214187801,99.562000000,51.035172544
-4.215012123,99.629000000,51.020720854
-4.215824173,99.696000000,51.006273088
-4.216623987,99.763000000,50.991829373
-4.217411601,99.830000000,50.977389857
-4.218187051,99.897000000,50.962954715
-4.218950371,99.964000000,50.948524140
-4.219701598,100.031000000,50.934098349
-4.220440767,100.098000000,50.919677580
-4.221167914,100.165000000,50.905262093
-4.221883074,100.232000000,50.890852166
-4.222586283,100.299000000,50.876448101
-4.223277576,100.366000000,50.862050216
-4.223956989,100.433000000,50.847658852
-4.224624558,100.500000000,50.833274368
-4.225280318,100.567000000,50.818897140
-4.225924304,100.634000000,50.804527564
-4.226556552,100.701000000,50.790166055
-4.227177099,100.768000000,50.775813043
-4.227785978,100.835000000,50.761468978
-4.228383226,100.902000000,50.747134324
-4.228968879,100.969000000,50.732809565
-4.229542972,101.036000000,50.718495197
-4.230105540,101.103000000,50.704191736
-4.230656620,101.170000000,50.689899710
-4.231196246,101.237000000,50.675619663
-4.231724454,101.304000000,50.661352155
-4.232241281,101.371000000,50.647097759
-4.232746760,101.438000000,50.632857062
-4.233240929,101.505000000,50.618630665
-4.233723822,101.572000000,50.604419181
-4.234195475,101.639000000,50.590223238
-4.234655924,101.706000000,50.576043474
-4.235105204,101.773000000,50.561880540
-4.235543351,101.840000000,50.547735100
-4.235970400,101.907000000,50.533607828
-4.236386387,101.974000000,50.519499409
-4.236791347,102.041000000,50.505410539
-4.237185317,102.108000000,50.491341924
-4.237568331,102.175000000,50.477294280
-4.237940425,102.242000000,50.463268334
-4.238301635,102.309000000,50.449264819
-4.238651996,102.376000000,50.435284480
-4.238991544,102.443000000,50.421328069
-4.239320315,102.510000000,50.407396347
-4.239638343,102.577000000,50.393490081
-4.239945665,102.644000000,50.379610047
-4.240242316,102.711000000,50.365757028
-4.240528332,102.778000000,50.351931814
-4.240803748,102.845000000,50.338135200
-4.241068600,102.912000000,50.324367989
-4.241322923,102.979000000,50.310630987
-4.241566753,103.046000000,50.296925008
-4.241800125,103.113000000,50.283250869
-4.242023076,103.180000000,50.269609394
-4.242235640,103.247000000,50.256001408
-4.242437854,103.314000000,50.242427744
-4.242629752,103.381000000,50.228889235
-4.242811370,103.448000000,50.215386718
-4.242982744,103.515000000,50.201921035
-4.243143910,103.582000000,50.188493029
-4.243294903,103.649000000,50.175103545
-4.243435758,103.716000000,50.161753430
-4.243566512,103.783000000,50.148443533
-4.243687199,103.850000000,50.135174704
-4.243797855,103.917000000,50.121947794
-4.243898516,103.984000000,50.108763654
-4.243989218,104.051000000,50.095623136
-4.244069996,104.118000000,50.082527092
-4.244140885,104.185000000,50.069476371
-4.244201921,104.252000000,50.056471825
-4.244253140,104.319000000,50.043514302
-4.244294577,104.386000000,50.030604649
-4.244326267,104.453000000,50.017743713
-4.244348247,104.520000000,50.004932335
-4.244360552,104.587000000,49.992171358
-4.244363218,104.654000000,49.979461618
-4.244356279,104.721000000,49.966803951
-4.244339772,104.788000000,49.954199188
-4.244313733,104.855000000,49.941648156
-4.244278196,104.922000000,49.929151679
-4.244233197,104.989000000,49.916710574
-4.244178772,105.056000000,49.904325655
-4.244114956,105.123000000,49.891997731
-4.244041786,105.190000000,49.879727606
-4.243959296,105.257000000,49.867516075
-4.243867522,105.324000000,49.855363929
-4.243766500,105.391000000,49.843271954
-4.243656265,105.458000000,49.831240926
-4.243536853,105.525000000,49.819271615
-4.243408299,105.592000000,49.807364785
-4.243270639,105.659000000,49.795521190
-4.243123908,105.726000000,49.783741576
-4.242968143,105.793000000,49.772026681
-4.242803378,105.860000000,49.760377236
-4.242629650,105.927000000,49.748793959
-4.242446993,105.994000000,49.737277561
-4.242255443,106.061000000,49.725828743
-4.242055037,106.128000000,49.714448195
-4.241845809,106.195000000,49.703136597
-4.241627795,106.262000000,49.691894619
-4.241401030,106.329000000,49.680722917
-4.241165550,106.396000000,49.669622138
-4.240921392,106.463000000,49.658592917
-4.240668589,106.530000000,49.647635876
-4.240407178,106.597000000,49.636751625
-4.240137195,106.664000000,49.625940761
-4.239858675,106.731000000,49.615203868
-4.239571653,106.798000000,49.604541517
-4.239276165,106.865000000,49.593954263
-4.238972247,106.932000000,49.583442649
-4.238659934,106.999000000,49.573007204
-4.238339262,107.066000000,49.562648441
-4.238010266,107.133000000,49.552366857
-4.237672982,107.200000000,49.542162936
-4.237327446,107.267000000,49.532037143
-4.236973692,107.334000000,49.521989931
-4.236611758,107.401000000,49.512021733
-4.236241677,107.468000000,49.502132967
-4.235863486,107.535000000,49.492324034
-4.235477220,107.602000000,49.482595316
-4.235082916,107.669000000,49.472947179
-4.234680607,107.736000000,49.463379970
-4.234270331,107.803000000,49.453894019
-4.233852122,107.870000000,49.444489635
-4.233426016,107.937000000,49.435167109
-4.232992049,108.004000000,49.425926714
-4.232550256,108.071000000,49.416768702
-4.232100673,108.138000000,49.407693304
-4.231643336,108.205000000,49.398700733
-4.231178279,108.272000000,49.389791179
-4.230705539,108.339000000,49.380964813
-4.230225151,108.406000000,49.372221783
-4.229737150,108.473000000,49.363562217
-4.229241573,108.540000000,49.354986219
-4.228738454,108.607000000,49.346493872
-4.228227830,108.674000000,49.338085237
-4.227709735,108.741000000,49.329760351
-4.227184206,108.808000000,49.321519227
-4.226651278,108.875000000,49.313361856
-4.226110987,108.942000000,49.305288205
-4.225563367,109.009000000,49.297298216
-4.225008456,109.076000000,49.289391806
-4.224446288,109.143000000,49.281568867
-4.223876898,109.210000000,49.273829268
-4.223300323,109.277000000,49.266172850
-4.222716598,109.344000000,49.258599429
-4.222125758,109.411000000,49.251108794
-4.221527840,109.478000000,49.243700709
-4.220922878,109.545000000,49.236374911
-4.220310908,109.612000000,49.229131108
-4.219691966,109.679000000,49.221968981
-4.219066087,109.746000000,49.214888186
-4.218433308,109.813000000,49.207888346
-4.217793663,109.880000000,49.200969059
-4.217147187,109.947000000,49.194129894
-4.216493918,110.014000000,49.187370389
-4.215833889,110.081000000,49.180690055
-4.215167138,110.148000000,49.174088369
-4.214493698,110.215000000,49.167564784
-4.213813607,110.282000000,49.161118716
-4.213126899,110.349000000,49.154749555
-4.212433610,110.416000000,49.148456658
-4.211733775,110.483000000,49.142239351
-4.211027430,110.550000000,49.136096928
-4.210314612,110.617000000,49.130028650
-4.209595354,110.684000000,49.124033747
-4.208869693,110.751000000,49.118111416
-4.208137665,110.818000000,49.112260820
-4.207399304,110.885000000,49.106481090
-4.206654647,110.952000000,49.100771321
-4.205903730,111.019000000,49.095130577
-4.205146586,111.086000000,49.089557884
-4.204383253,111.153000000,49.084052237
-4.203613766,111.220000000,49.078612594
-4.202838160,111.287000000,49.073237877
-4.202056471,111.354000000,49.067926973
-4.201268734,111.421000000,49.062678734
-4.200474985,111.488000000,49.057491973
-4.199675260,111.555000000,49.052365470
-4.198869594,111.622000000,49.047297964
-4.198058023,111.689000000,49.042288159
-4.197240582,111.756000000,49.037334722
-4.196417307,111.823000000,49.032436279
-4.195588233,111.890000000,49.027591421
-4.194753396,111.957000000,49.022798698
-4.193912832,112.024000000,49.018056621
-4.193066575,112.091000000,49.013363665
-4.192214663,112.158000000,49.008718260
-4.191357129,112.225000000,49.004118799
-4.190494011,112.292000000,48.999563636
-4.189625343,112.359000000,48.995051082
-4.188751160,112.426000000,48.990579408
-4.187871499,112.493000000,48.986146842
-4.186986396,112.560000000,48.981751573
-4.186095884,112.627000000,48.977391747
-4.185200001,112.694000000,48.973065466
-4.184298782,112.761000000,48.968770793
-4.183392262,112.828000000,48.964505743
-4.182480477,112.895000000,48.960268293
-4.181563462,112.962000000,48.956056372
-4.180641253,113.029000000,48.951867868
-4.179713886,113.096000000,48.947700749
-4.178781396,113.163000000,48.943554163
-4.177843818,113.230000000,48.939427927
-4.176901189,113.297000000,48.935321865
-4.175953544,113.364000000,48.931235800
-4.175000918,113.431000000,48.927169558
-4.174043347,113.498000000,48.923122962
-4.173080866,113.565000000,48.919095835
-4.172113512,113.632000000,48.915088003
-4.171141319,113.699000000,48.911099289
-4.170164323,113.766000000,48.907129518
-4.169182560,113.833000000,48.903178512
-4.168196065,113.900000000,48.899246098
-4.167204875,113.967000000,48.895332097
-4.166209023,114.034000000,48.891436335
-4.165208547,114.101000000,48.887558636
-4.164203481,114.168000000,48.883698823
-4.163193862,114.235000000,48.879856721
-4.162179724,114.302000000,48.876032154
-4.161161103,114.369000000,48.872224945
-4.160138036,114.436000000,48.868434920
-4.159110556,114.503000000,48.864661901
-4.158078701,114.570000000,48.860905714
-4.157042505,114.637000000,48.857166181
-4.156002004,114.704000000,48.853443128
-4.154957234,114.771000000,48.849736377
-4.153908230,114.838000000,48.846045754
-4.152855028,114.905000000,48.842371083
-4.151797663,114.972000000,48.838712186
-4.150736171,115.039000000,48.835068890
-4.149670588,115.106000000,48.831441016
-4.148600948,115.173000000,48.827828390
-4.147527289,115.240000000,48.824230836
-4.146449644,115.307000000,48.820648178
-4.145368050,115.374000000,48.817080239
-4.144282543,115.441000000,48.813526844
-4.143193157,115.508000000,48.809987816
-4.142099929,115.575000000,48.806462981
-4.141002893,115.642000000,48.802952162
-4.139902086,115.709000000,48.799455183
-4.138797544,115.776000000,48.795971868
-4.137689301,115.843000000,48.792502041
-4.136577393,115.910000000,48.789045526
-4.135461856,115.977000000,48.785602147
-4.134342726,116.044000000,48.782171729
-4.133220037,116.111000000,48.778754096
-4.132093826,116.178000000,48.775349070
-4.130964128,116.245000000,48.771956478
-4.129830979,116.312000000,48.768576141
-4.128694413,116.379000000,48.765207886
-4.127554468,116.446000000,48.761851535
-4.126411178,116.513000000,48.758506913
-4.125264579,116.580000000,48.755173844
-4.124114706,116.647000000,48.751852152
-4.122961595,116.714000000,48.748541660
-4.121805282,116.781000000,48.745242194
-4.120645802,116.848000000,48.741953577
-4.119483190,116.915000000,48.738675633
-4.118317483,116.982000000,48.735408186
-4.117148716,117.049000000,48.732151060
-4.115976924,117.116000000,48.728904080
-4.114802143,117.183000000,48.725667069
-4.113624409,117.250000000,48.722439851
-4.112443757,117.317000000,48.719222251
-4.111260222,117.384000000,48.716014093
-4.110073841,117.451000000,48.712815200
-4.108884648,117.518000000,48.709625397
-4.107692680,117.585000000,48.706444508
-4.106497972,117.652000000,48.703272356
-4.105300559,117.719000000,48.700108766
-4.104100477,117.786000000,48.696953563
-4.102897762,117.853000000,48.693806569
-4.101692449,117.920000000,48.690667609
-4.100484574,117.987000000,48.687536507
-4.099274172,118.054000000,48.684413088
-4.098061278,118.121000000,48.681297175
-4.096845930,118.188000000,48.678188592
-4.095628161,118.255000000,48.675087163
-4.094408008,118.322000000,48.671992713
-4.093185506,118.389000000,48.668905066
-4.091960690,118.456000000,48.665824044
-4.090733597,118.523000000,48.662749474
-4.089504262,118.590000000,48.659681178
-4.088272720,118.657000000,48.656618981
-4.087039007,118.724000000,48.653562707
-4.085803159,118.791000000,48.650512179
-4.084565210,118.858000000,48.647467223
-4.083325197,118.925000000,48.644427661
-4.082083156,118.992000000,48.641393318
-4.080839121,119.059000000,48.638364019
-4.079593128,119.126000000,48.635339586
-4.078345214,119.193000000,48.632319845
-4.077095413,119.260000000,48.629304619
-4.075843761,119.327000000,48.626293733
-4.074590293,119.394000000,48.623287010
-4.073335046,119.461000000,48.620284274
-4.072078054,119.528000000,48.617285350
-4.070819353,119.595000000,48.614290061
-4.069558980,119.662000000,48.611298232
-4.068296969,119.729000000,48.608309687
-4.067033355,119.796000000,48.605324249
-4.065768176,119.863000000,48.602341744
-4.064501465,119.930000000,48.599361994
-4.063233259,119.997000000,48.596384824
-4.061963593,120.064000000,48.593410058
-4.060692504,120.131000000,48.590437520
-4.059420025,120.198000000,48.587467035
-4.058146193,120.265000000,48.584498425
-4.056871044,120.332000000,48.581531516
-4.055594613,120.399000000,48.578566131
-4.054316936,120.466000000,48.575602094
-4.053038047,120.533000000,48.572639230
-4.051757984,120.600000000,48.569677363
-4.050476780,120.667000000,48.566716316
-4.049194473,120.734000000,48.563755913
-4.047911097,120.801000000,48.560795979
-4.046626688,120.868000000,48.557836338
-4.045341281,120.935000000,48.554876814
-4.044054913,121.002000000,48.551917231
-4.042767618,121.069000000,48.548957412
-4.041479433,121.136000000,48.545997183
-4.040190392,121.203000000,48.543036366
-4.038900532,121.270000000,48.540074787
-4.037609888,121.337000000,48.537112269
-4.036318495,121.404000000,48.534148636
-4.035026389,121.471000000,48.531183712
-4.033733606,121.538000000,48.528217321
-4.032440181,121.605000000,48.525249289
-4.031146150,121.672000000,48.522279437
-4.029851549,121.739000000,48.519307591
-4.028556412,121.806000000,48.516333575
-4.027260775,121.873000000,48.513357212
-4.025964675,121.940000000,48.510378327
-4.024668146,122.007000000,48.507396744
-4.023371224,122.074000000,48.504412286
-4.022073945,122.141000000,48.501424779
-4.020776345,122.208000000,48.498434045
-4.019478458,122.275000000,48.495439910
-4.018180320,122.342000000,48.492442196
-4.016881968,122.409000000,48.489440729
-4.015583436,122.476000000,48.486435332
-4.014284760,122.543000000,48.483425829
-4.012985976,122.610000000,48.480412044
-4.011687119,122.677000000,48.477393802
-4.010388225,122.744000000,48.474370927
-4.009089329,122.811000000,48.471343241
-4.007790467,122.878000000,48.468310571
-4.006491675,122.945000000,48.465272739
-4.005192988,123.012000000,48.462229569
-4.003894441,123.079000000,48.459180887
-4.002596070,123.146000000,48.456126515
-4.001297912,123.213000000,48.453066278
-4.000000000,123.280000000,48.450000000
-3.998702362,123.347000000,48.446927527
-3.997404984,123.414000000,48.443848793
-3.996107845,123.481000000,48.440763754
-3.994810922,123.548000000,48.437672366
-3.993514193,123.615000000,48.434574585
-3.992217635,123.682000000,48.431470368
-3.990921228,123.749000000,48.428359669
-3.989624947,123.816000000,48.425242446
-3.988328772,123.883000000,48.422118654
-3.987032679,123.950000000,48.418988249
-3.985736647,124.017000000,48.415851188
-3.984440654,124.084000000,48.412707425
-3.983144676,124.151000000,48.409556918
-3.981848693,124.218000000,48.406399623
-3.980552681,124.285000000,48.403235494
-3.979256619,124.352000000,48.400064489
-3.977960484,124.419000000,48.396886564
-3.976664254,124.486000000,48.393701674
-3.975367907,124.553000000,48.390509776
-3.974071420,124.620000000,48.387310824
-3.972774772,124.687000000,48.384104777
-3.971477940,124.754000000,48.380891589
-3.970180902,124.821000000,48.377671217
-3.968883635,124.888000000,48.374443616
-3.967586118,124.955000000,48.371208743
-3.966288328,125.022000000,48.367966554
-3.964990244,125.089000000,48.364717004
-3.963691842,125.156000000,48.361460050
-3.962393100,125.223000000,48.358195648
-3.961093997,125.290000000,48.354923753
-3.959794510,125.357000000,48.351644322
-3.958494617,125.424000000,48.348357312
-3.957194296,125.491000000,48.345062677
-3.955893524,125.558000000,48.341760374
-3.954592279,125.625000000,48.338450358
-3.953290540,125.692000000,48.335132587
-3.951988283,125.759000000,48.331807016
-3.950685486,125.826000000,48.328473601
-3.949382128,125.893000000,48.325132297
-3.948078186,125.960000000,48.321783062
-3.946773638,126.027000000,48.318425851
-3.945468461,126.094000000,48.315060620
-3.944162634,126.161000000,48.311687325
-3.942856134,126.228000000,48.308305922
-3.941548939,126.295000000,48.304916368
-3.940241027,126.362000000,48.301518617
-3.938932375,126.429000000,48.298112627
-3.937622962,126.496000000,48.294698353
-3.936312765,126.563000000,48.291275752
-3.935001761,126.630000000,48.287844779
-3.933689929,126.697000000,48.284405390
-3.932377246,126.764000000,48.280957541
-3.931063691,126.831000000,48.277501189
-3.929749241,126.898000000,48.274036289
-3.928433873,126.965000000,48.270562798
-3.927117566,127.032000000,48.267080671
-3.925800297,127.099000000,48.263589865
-3.924482044,127.166000000,48.260090335
-3.923162785,127.233000000,48.256582038
-3.921842497,127.300000000,48.253064929
-3.920521159,127.367000000,48.249538966
-3.919198748,127.434000000,48.246004102
-3.917875242,127.501000000,48.242460296
-3.916550618,127.568000000,48.238907502
-3.915224855,127.635000000,48.235345676
-3.913897930,127.702000000,48.231774776
-3.912569821,127.769000000,48.228194756
-3.911240506,127.836000000,48.224605573
-3.909909963,127.903000000,48.221007183
-3.908578169,127.970000000,48.217399542
-3.907245102,128.037000000,48.213782606
-3.905910740,128.104000000,48.210156330
-3.904575060,128.171000000,48.206520672
-3.903238041,128.238000000,48.202875586
-3.901899660,128.305000000,48.199221030
-3.900559896,128.372000000,48.195556958
-3.899218725,128.439000000,48.191883328
-3.897876125,128.506000000,48.188200094
-3.896532075,128.573000000,48.184507214
-3.895186552,128.640000000,48.180804643
-3.893839533,128.707000000,48.177092337
-3.892490998,128.774000000,48.173370252
-3.891140922,128.841000000,48.169638345
-3.889789285,128.908000000,48.165896570
-3.888436064,128.975000000,48.162144885
-3.887081237,129.042000000,48.158383245
-3.885724781,129.109000000,48.154611607
-3.884366674,129.176000000,48.150829926
-3.883006895,129.243000000,48.147038158
-3.881645420,129.310000000,48.143236260
-3.880282228,129.377000000,48.139424187
-3.878917296,129.444000000,48.135601895
-3.877550603,129.511000000,48.131769341
-3.876182125,129.578000000,48.127926481
-3.874811841,129.645000000,48.124073270
-3.873439728,129.712000000,48.120209664
-3.872065765,129.779000000,48.116335621
-3.870689929,129.846000000,48.112451094
-3.869312198,129.913000000,48.108556042
-3.867932549,129.980000000,48.104650419
-3.866550960,130.047000000,48.100734182
-3.865167410,130.114000000,48.096807286
-3.863781876,130.181000000,48.092869689
-3.862394335,130.248000000,48.088921345
-3.861004766,130.315000000,48.084962211
-3.859613145,130.382000000,48.080992243
-3.858219452,130.449000000,48.077011396
-3.856823664,130.516000000,48.073019628
-3.855425758,130.583000000,48.069016893
-3.854025713,130.650000000,48.065003148
-3.852623506,130.717000000,48.060978350
-3.851219114,130.784000000,48.056942453
-3.849812516,130.851000000,48.052895414
-3.848403690,130.918000000,48.048837190
-3.846992613,130.985000000,48.044767735
-3.845579263,131.052000000,48.040687007
-3.844163617,131.119000000,48.036594960
-3.842745654,131.186000000,48.032491552
-3.841325352,131.253000000,48.028376738
-3.839902687,131.320000000,48.024250474
-3.838477639,131.387000000,48.020112717
-3.837050184,131.454000000,48.015963422
-3.835620300,131.521000000,48.011802545
-3.834187965,131.588000000,48.007630042
-3.832753158,131.655000000,48.003445870
-3.831315855,131.722000000,47.999249984
-3.829876035,131.789000000,47.995042340
-3.828433675,131.856000000,47.990822895
-3.826988753,131.923000000,47.986591604
-3.825541247,131.990000000,47.982348424
-3.824091134,132.057000000,47.978093311
-3.822638393,132.124000000,47.973826220
-3.821183001,132.191000000,47.969547107
-3.819724936,132.258000000,47.965255929
-3.818264175,132.325000000,47.960952642
-3.816800697,132.392000000,47.956637201
-3.815334480,132.459000000,47.952309563
-3.813865500,132.526000000,47.947969684
-3.812393736,132.593000000,47.943617519
-3.810919166,132.660000000,47.939253025
-3.809441767,132.727000000,47.934876158
-3.807961517,132.794000000,47.930486874
-3.806478394,132.861000000,47.926085129
-3.804992376,132.928000000,47.921670878
-3.803503440,132.995000000,47.917244078
-3.802011565,133.062000000,47.912804686
-3.800516727,133.129000000,47.908352656
-3.799018905,133.196000000,47.903887945
-3.797518077,133.263000000,47.899410509
-3.796014220,133.330000000,47.894920304
-3.794507312,133.397000000,47.890417286
-3.792997331,133.464000000,47.885901412
-3.791484255,133.531000000,47.881372636
-3.789968061,133.598000000,47.876830916
-3.788448727,133.665000000,47.872276206
-3.786926231,133.732000000,47.867708464
-3.785400551,133.799000000,47.863127645
-3.783871665,133.866000000,47.858533706
-3.782339550,133.933000000,47.853926601
-3.780804184,134.000000000,47.849306288
-3.779265544,134.067000000,47.844672722
-3.777723610,134.134000000,47.840025860
-3.776178357,134.201000000,47.835365657
-3.774629765,134.268000000,47.830692069
-3.773077811,134.335000000,47.826005053
-3.771522473,134.402000000,47.821304564
-3.769963728,134.469000000,47.816590559
-3.768401554,134.536000000,47.811862993
-3.766835929,134.603000000,47.807121823
-3.765266832,134.670000000,47.802367004
-3.763694238,134.737000000,47.797598493
-3.762118128,134.804000000,47.792816246
-3.760538477,134.871000000,47.788020218
-3.758955264,134.938000000,47.783210366
-3.757368467,135.005000000,47.778386646
-3.755778063,135.072000000,47.773549013
-3.754184031,135.139000000,47.768697424
-3.752586348,135.206000000,47.763831835
-3.750984991,135.273000000,47.758952201
-3.749379939,135.340000000,47.754058480
-3.747771169,135.407000000,47.749150626
-3.746158660,135.474000000,47.744228596
-3.744542388,135.541000000,47.739292347
-3.742922332,135.608000000,47.734341833
-3.741298470,135.675000000,47.729377011
-3.739670778,135.742000000,47.724397837
-3.738039236,135.809000000,47.719404267
-3.736403820,135.876000000,47.714396257
-3.734764509,135.943000000,47.709373763
-3.733121281,136.010000000,47.704336742
-3.731474112,136.077000000,47.699285148
-3.729822981,136.144000000,47.694218939
-3.728167866,136.211000000,47.689138069
-3.726508744,136.278000000,47.684042496
-3.724845594,136.345000000,47.678932176
-3.723178392,136.412000000,47.673807063
-3.721507117,136.479000000,47.668667115
-3.719831747,136.546000000,47.663512287
-3.718152259,136.613000000,47.658342536
-3.716468631,136.680000000,47.653157817
-3.714780841,136.747000000,47.647958086
-3.713088866,136.814000000,47.642743300
-3.711392685,136.881000000,47.637513414
-3.709692275,136.948000000,47.632268384
-3.707987614,137.015000000,47.627008168
-3.706278680,137.082000000,47.621732719
-3.704565450,137.149000000,47.616441995
-3.702847903,137.216000000,47.611135952
-3.701126015,137.283000000,47.605814546
-3.699399765,137.350000000,47.600477732
-3.697669131,137.417000000,47.595125467
-3.695934091,137.484000000,47.589757706
-3.694194621,137.551000000,47.584374407
-3.692450700,137.618000000,47.578975524
-3.690702306,137.685000000,47.573561013
-3.688949417,137.752000000,47.568130832
-3.687192009,137.819000000,47.562684935
-3.685430062,137.886000000,47.557223280
-3.683663552,137.953000000,47.551745821
-3.681892458,138.020000000,47.546252515
-3.680116758,138.087000000,47.540743318
-3.678336428,138.154000000,47.535218186
-3.676551448,138.221000000,47.529677075
-3.674761794,138.288000000,47.524119941
-3.672967444,138.355000000,47.518546740
-3.671168377,138.422000000,47.512957428
-3.669364569,138.489000000,47.507351961
-3.667556000,138.556000000,47.501730296
-3.665742646,138.623000000,47.496092387
-3.663924485,138.690000000,47.490438192
-3.662101495,138.757000000,47.484767666
-3.660273655,138.824000000,47.479080765
-3.658440940,138.891000000,47.473377446
-3.656603331,138.958000000,47.467657664
-3.654760803,139.025000000,47.461921375
-3.652913336,139.092000000,47.456168535
-3.651060906,139.159000000,47.450399101
-3.649203491,139.226000000,47.444613028
-3.647341070,139.293000000,47.438810273
-3.645473620,139.360000000,47.432990791
-3.643601119,139.427000000,47.427154539
-3.641723544,139.494000000,47.421301472
-3.639840874,139.561000000,47.415431547
-3.637953086,139.628000000,47.409544719
-3.636060158,139.695000000,47.403640945
-3.634162068,139.762000000,47.397720180
-3.632258793,139.829000000,47.391782381
-3.630350311,139.896000000,47.385827504
-3.628436600,139.963000000,47.379855505
-3.626517638,140.030000000,47.373866339
-3.624593403,140.097000000,47.367859963
-3.622663872,140.164000000,47.361836333
-3.620729024,140.231000000,47.355795404
-3.618788835,140.298000000,47.349737134
-3.616843283,140.365000000,47.343661477
-3.614892348,140.432000000,47.337568390
-3.612936005,140.499000000,47.331457829
-3.610974234,140.566000000,47.325329750
-3.609007011,140.633000000,47.319184109
-3.607034315,140.700000000,47.313020862
-3.605056123,140.767000000,47.306839965
-3.603072413,140.834000000,47.300641374
-3.601083163,140.901000000,47.294425045
-3.599088351,140.968000000,47.288190935
-3.597087955,141.035000000,47.281938998
-3.595081951,141.102000000,47.275669192
-3.593070318,141.169000000,47.269381471
-3.591053035,141.236000000,47.263075793
-3.589030077,141.303000000,47.256752114
-3.587001424,141.370000000,47.250410388
-3.584967053,141.437000000,47.244050573
-3.582926942,141.504000000,47.237672624
-3.580881069,141.571000000,47.231276498
-3.578829411,141.638000000,47.224862149
-3.576771946,141.705000000,47.218429536
-3.574708652,141.772000000,47.211978612
-3.572639507,141.839000000,47.205509336
-3.570564488,141.906000000,47.199021661
-3.568483574,141.973000000,47.192515545
-3.566396741,142.040000000,47.185990944
-3.564303969,142.107000000,47.179447813
-3.562205234,142.174000000,47.172886109
-3.560100515,142.241000000,47.166305788
-3.557989788,142.308000000,47.159706805
-3.555873033,142.375000000,47.153089117
-3.553750226,142.442000000,47.146452679
-3.551621346,142.509000000,47.139797448
-3.549486370,142.576000000,47.133123381
-3.547345276,142.643000000,47.126430431
-3.545198041,142.710000000,47.119718557
-3.543044645,142.777000000,47.112987713
-3.540885063,142.844000000,47.106237857
-3.538719275,142.911000000,47.099468943
-3.536547258,142.978000000,47.092680928
-3.534368989,143.045000000,47.085873768
-3.532184447,143.112000000,47.079047419
-3.529993609,143.179000000,47.072201837
-3.527796454,143.246000000,47.065336978
-3.525592957,143.313000000,47.058452798
-3.523383099,143.380000000,47.051549254
-3.521166856,143.447000000,47.044626300
-3.518944205,143.514000000,47.037683893
-3.516715126,143.581000000,47.030721990
-3.514479595,143.648000000,47.023740546
-3.512237591,143.715000000,47.016739517
-3.509989091,143.782000000,47.009718859
-3.507734073,143.849000000,47.002678529
-3.505472515,143.916000000,46.995618482
-3.503204394,143.983000000,46.988538674
-3.500929689,144.050000000,46.981439061
-3.498648376,144.117000000,46.974319600
-3.496360435,144.184000000,46.967180247
-3.494065842,144.251000000,46.960020956
-3.491764575,144.318000000,46.952841686
-3.489456613,144.385000000,46.945642390
-3.487141932,144.452000000,46.938423027
-3.484820512,144.519000000,46.931183550
-3.482492328,144.586000000,46.923923918
-3.480157360,144.653000000,46.916644085
-3.477815586,144.720000000,46.909344007
-3.475466982,144.787000000,46.902023641
-3.473111526,144.854000000,46.894682943
-3.470749197,144.921000000,46.887321869
-3.468379972,144.988000000,46.879940374
-3.466003829,145.055000000,46.872538415
-3.463620746,145.122000000,46.865115948
-3.461230700,145.189000000,46.857672929
-3.458833669,145.256000000,46.850209313
-3.456429631,145.323000000,46.842725058
-3.454018565,145.390000000,46.835220118
-3.451600446,145.457000000,46.827694450
-3.449175255,145.524000000,46.820148011
-3.446742967,145.591000000,46.812580755
-3.444303561,145.658000000,46.804992639
-3.441857015,145.725000000,46.797383619
-3.439403306,145.792000000,46.789753651
-3.436942412,145.859000000,46.782102692
-3.434474312,145.926000000,46.774430696
-3.431998982,145.993000000,46.766737621
-3.429516401,146.060000000,46.759023421
-3.427026546,146.127000000,46.751288054
-3.424529395,146.194000000,46.743531475
-3.422024926,146.261000000,46.735753641
-3.419513117,146.328000000,46.727954506
-3.416993945,146.395000000,46.720134028
-3.414467388,146.462000000,46.712292163
-3.411933424,146.529000000,46.704428865
-3.409392031,146.596000000,46.696544092
-3.406843187,146.663000000,46.688637800
-3.404286868,146.730000000,46.680709944
-3.401723054,146.797000000,46.672760480
-3.399151722,146.864000000,46.664789365
-3.396572849,146.931000000,46.656796554
-3.393986414,146.998000000,46.648782004
-3.391392394,147.065000000,46.640745671
-3.388790767,147.132000000,46.632687510
-3.386181510,147.199000000,46.624607477
-3.383564602,147.266000000,46.616505530
-3.380940021,147.333000000,46.608381623
-3.378307743,147.400000000,46.600235712
-3.375667747,147.467000000,46.592067755
-3.373020011,147.534000000,46.583877706
-3.370364512,147.601000000,46.575665522
-3.367701228,147.668000000,46.567431159
-3.365030137,147.735000000,46.559174573
-3.362351217,147.802000000,46.550895719
-3.359664445,147.869000000,46.542594555
-3.356969800,147.936000000,46.534271035
-3.354267259,148.003000000,46.525925116
-3.351556799,148.070000000,46.517556755
-3.348838399,148.137000000,46.509165906
-3.346112036,148.204000000,46.500752526
-3.343377688,148.271000000,46.492316572
-3.340635334,148.338000000,46.483857998
-3.337884950,148.405000000,46.475376762
-3.335126514,148.472000000,46.466872818
-3.332360004,148.539000000,46.458346124
-3.329585399,148.606000000,46.449796635
-3.326802675,148.673000000,46.441224308
-3.324011811,148.740000000,46.432629097
-3.321212784,148.807000000,46.424010960
-3.318405573,148.874000000,46.415369852
-3.315590154,148.941000000,46.406705729
-3.312766505,149.008000000,46.398018548
-3.309934606,149.075000000,46.389308264
-3.307094432,149.142000000,46.380574834
-3.304245962,149.209000000,46.371818213
-3.301389174,149.276000000,46.363038358
-3.298524046,149.343000000,46.354235224
-3.295650555,149.410000000,46.345408767
-3.292768678,149.477000000,46.336558944
-3.289878395,149.544000000,46.327685711
-3.286979683,149.611000000,46.318789023
-3.284072518,149.678000000,46.309868837
-3.281156880,149.745000000,46.300925108
-3.278232746,149.812000000,46.291957794
-3.275300094,149.879000000,46.282966848
-3.272358901,149.946000000,46.273952229
-3.269409145,150.013000000,46.264913892
-3.266450804,150.080000000,46.255851792
-3.263483856,150.147000000,46.246765886
-3.260508279,150.214000000,46.237656130
-3.257524050,150.281000000,46.228522479
-3.254531147,150.348000000,46.219364891
-3.251529548,150.415000000,46.210183320
-3.248519231,150.482000000,46.200977724
-3.245500173,150.549000000,46.191748057
-3.242472353,150.616000000,46.182494277
-3.239435747,150.683000000,46.173216338
-3.236390335,150.750000000,46.163914198
-3.233336092,150.817000000,46.154587812
-3.230272998,150.884000000,46.145237135
-3.227201031,150.951000000,46.135862125
-3.224120167,151.018000000,46.126462737
-3.221030385,151.085000000,46.117038928
-3.217931662,151.152000000,46.107590652
-3.214823976,151.219000000,46.098117867
-3.211707306,151.286000000,46.088620528
-3.208581628,151.353000000,46.079098591
-3.205446921,151.420000000,46.069552013
-3.202303162,151.487000000,46.059980749
-3.199150329,151.554000000,46.050384755
-3.195988400,151.621000000,46.040763988
-3.192817352,151.688000000,46.031118403
-3.189637164,151.755000000,46.021447957
-3.186447813,151.822000000,46.011752605
-3.183249278,151.889000000,46.002032304
-3.180041534,151.956000000,45.992287009
-3.176824562,152.023000000,45.982516677
-3.173598337,152.090000000,45.972721263
-3.170362839,152.157000000,45.962900725
-3.167118045,152.224000000,45.953055016
-3.163863932,152.291000000,45.943184095
-3.160600478,152.358000000,45.933287916
-3.157327662,152.425000000,45.923366436
-3.154045460,152.492000000,45.913419610
-3.150753852,152.559000000,45.903447396
-3.147452814,152.626000000,45.893449748
-3.144142324,152.693000000,45.883426623
-3.140822360,152.760000000,45.873377977
-3.137492899,152.827000000,45.863303766
-3.134153921,152.894000000,45.853203946
-3.130805402,152.961000000,45.843078472
-3.127447320,153.028000000,45.832927302
-3.124079652,153.095000000,45.822750391
-3.120702378,153.162000000,45.812547694
-3.117315474,153.229000000,45.802319169
-3.113918918,153.296000000,45.792064771
-3.110512688,153.363000000,45.781784456
-3.107096762,153.430000000,45.771478180
-3.103671118,153.497000000,45.761145900
-3.100235732,153.564000000,45.750787570
-3.096790584,153.631000000,45.740403148
-3.093335651,153.698000000,45.729992589
-3.089870911,153.765000000,45.719555849
-3.086396341,153.832000000,45.709092885
-3.082911919,153.899000000,45.698603652
-3.079417623,153.966000000,45.688088106
-3.075913430,154.033000000,45.677546203
-3.072399320,154.100000000,45.666977900
-3.068875268,154.167000000,45.656383153
-3.065341254,154.234000000,45.645761917
-3.061797255,154.301000000,45.635114148
-3.058243248,154.368000000,45.624439803
-3.054679211,154.435000000,45.613738838
-3.051105123,154.502000000,45.603011208
-3.047520961,154.569000000,45.592256870
-3.043926702,154.636000000,45.581475779
-3.040322325,154.703000000,45.570667892
-3.036707807,154.770000000,45.559833165
-3.033083127,154.837000000,45.548971553
-3.029448261,154.904000000,45.538083013
-3.025803187,154.971000000,45.527167501
-3.022147885,155.038000000,45.516224973
-3.018482330,155.105000000,45.505255384
-3.014806501,155.172000000,45.494258692
-3.011120376,155.239000000,45.483234851
-3.007423932,155.306000000,45.472183818
-3.003717147,155.373000000,45.461105549
-3.000000000,155.440000000,45.450000000
-2.996272476,155.507000000,45.438867144
-2.992534597,155.574000000,45.427707024
-2.988786392,155.641000000,45.416519698
-2.985027893,155.708000000,45.405305227
-2.981259128,155.775000000,45.394063669
-2.977480127,155.842000000,45.382795084
-2.973690922,155.909000000,45.371499531
-2.969891541,155.976000000,45.360177071
-2.966082014,156.043000000,45.348827761
-2.962262373,156.110000000,45.337451662
-2.958432645,156.177000000,45.326048833
-2.954592863,156.244000000,45.314619334
-2.950743054,156.311000000,45.303163223
-2.946883251,156.378000000,45.291680560
-2.943013481,156.445000000,45.280171405
-2.939133777,156.512000000,45.268635817
-2.935244166,156.579000000,45.257073856
-2.931344680,156.646000000,45.245485580
-2.927435349,156.713000000,45.233871049
-2.923516201,156.780000000,45.222230323
-2.919587269,156.847000000,45.210563461
-2.915648580,156.914000000,45.198870522
-2.911700166,156.981000000,45.187151566
-2.907742056,157.048000000,45.175406652
-2.903774280,157.115000000,45.163635840
-2.899796868,157.182000000,45.151839189
-2.895809851,157.249000000,45.140016758
-2.891813257,157.316000000,45.128168607
-2.887807118,157.383000000,45.116294795
-2.883791463,157.450000000,45.104395382
-2.879766322,157.517000000,45.092470427
-2.875731726,157.584000000,45.080519989
-2.871687703,157.651000000,45.068544128
-2.867634284,157.718000000,45.056542903
-2.863571499,157.785000000,45.044516374
-2.859499379,157.852000000,45.032464600
-2.855417952,157.919000000,45.020387640
-2.851327249,157.986000000,45.008285554
-2.847227300,158.053000000,44.996158401
-2.843118135,158.120000000,44.984006241
-2.838999784,158.187000000,44.971829132
-2.834872276,158.254000000,44.959627135
-2.830735643,158.321000000,44.947400309
-2.826589913,158.388000000,44.935148713
-2.822435117,158.455000000,44.922872407
-2.818271285,158.522000000,44.910571450
-2.814098446,158.589000000,44.898245901
-2.809916631,158.656000000,44.885895819
-2.805725870,158.723000000,44.873521265
-2.801526193,158.790000000,44.861122298
-2.797317629,158.857000000,44.848698977
-2.793100208,158.924000000,44.836251361
-2.788873962,158.991000000,44.823779510
-2.784638919,159.058000000,44.811283483
-2.780395109,159.125000000,44.798763339
-2.776142563,159.192000000,44.786219139
-2.771881310,159.259000000,44.773650941
-2.767611381,159.326000000,44.761058805
-2.763332805,159.393000000,44.748442790
-2.759045613,159.460000000,44.735802955
-2.754749834,159.527000000,44.723139361
-2.750445499,159.594000000,44.710452066
-2.746132637,159.661000000,44.697741129
-2.741811278,159.728000000,44.685006611
-2.737481452,159.795000000,44.672248571
-2.733143190,159.862000000,44.659467068
-2.728796521,159.929000000,44.646662161
-2.724441475,159.996000000,44.633833909
-2.720078083,160.063000000,44.620982373
-2.715706373,160.130000000,44.608107612
-2.711326377,160.197000000,44.595209685
-2.706938124,160.264000000,44.582288650
-2.702541644,160.331000000,44.569344569
-2.698136967,160.398000000,44.556377500
-2.693724123,160.465000000,44.543387503
-2.689303143,160.532000000,44.530374636
-2.684874055,160.599000000,44.517338960
-2.680436890,160.666000000,44.504280534
-2.675991678,160.733000000,44.491199417
-2.671538450,160.800000000,44.478095669
-2.667077234,160.867000000,44.464969348
-2.662608061,160.934000000,44.451820515
-2.658130961,161.001000000,44.438649229
-2.653645963,161.068000000,44.425455549
-2.649153099,161.135000000,44.412239535
-2.644652397,161.202000000,44.399001245
-2.640143889,161.269000000,44.385740741
-2.635627603,161.336000000,44.372458079
-2.631103569,161.403000000,44.359153321
-2.626571819,161.470000000,44.345826526
-2.622032381,161.537000000,44.332477753
-2.617485286,161.604000000,44.319107061
-2.612930563,161.671000000,44.305714510
-2.608368243,161.738000000,44.292300159
-2.603798356,161.805000000,44.278864067
-2.599220931,161.872000000,44.265406295
-2.594635999,161.939000000,44.251926901
-2.590043589,162.006000000,44.238425945
-2.585443732,162.073000000,44.224903486
-2.580836457,162.140000000,44.211359584
-2.576221795,162.207000000,44.197794298
-2.571599775,162.274000000,44.184207687
-2.566970428,162.341000000,44.170599811
-2.562333783,162.408000000,44.156970729
-2.557689870,162.475000000,44.143320501
-2.553038720,162.542000000,44.129649185
-2.548380362,162.609000000,44.115956843
-2.543714826,162.676000000,44.102243532
-2.539042143,162.743000000,44.088509312
-2.534362342,162.810000000,44.074754243
-2.529675453,162.877000000,44.060978384
-2.524981506,162.944000000,44.047181794
-2.520280532,163.011000000,44.033364533
-2.515572559,163.078000000,44.019526660
-2.510857619,163.145000000,44.005668235
-2.506135741,163.212000000,43.991789317
-2.501406955,163.279000000,43.977889965
-2.496671291,163.346000000,43.963970239
-2.491928779,163.413000000,43.950030199
-2.487179449,163.480000000,43.936069903
-2.482423331,163.547000000,43.922089411
-2.477660455,163.614000000,43.908088782
-2.472890851,163.681000000,43.894068076
-2.468114549,163.748000000,43.880027353
-2.463331579,163.815000000,43.865966671
-2.458541971,163.882000000,43.851886090
-2.453745754,163.949000000,43.837785669
-2.448942959,164.016000000,43.823665468
-2.444133617,164.083000000,43.809525547
-2.439317756,164.150000000,43.795365964
-2.434495406,164.217000000,43.781186779
-2.429666599,164.284000000,43.766988052
-2.424831363,164.351000000,43.752769841
-2.419989729,164.418000000,43.738532207
-2.415141726,164.485000000,43.724275208
-2.410287385,164.552000000,43.709998904
-2.405426736,164.619000000,43.695703355
-2.400559809,164.686000000,43.681388619
-2.395686633,164.753000000,43.667054757
-2.390807238,164.820000000,43.652701827
-2.385921655,164.887000000,43.638329890
-2.381029914,164.954000000,43.623939003
-2.376132044,165.021000000,43.609529228
-2.371228075,165.088000000,43.595100623
-2.366318038,165.155000000,43.580653247
-2.361401962,165.222000000,43.566187161
-2.356479878,165.289000000,43.551702422
-2.351551815,165.356000000,43.537199092
-2.346617804,165.423000000,43.522677229
-2.341677873,165.490000000,43.508136893
-2.336732054,165.557000000,43.493578142
-2.331780377,165.624000000,43.479001037
-2.326822870,165.691000000,43.464405637
-2.321859565,165.758000000,43.449792001
-2.316890491,165.825000000,43.435160188
-2.311915678,165.892000000,43.420510259
-2.306935156,165.959000000,43.405842272
-2.301948956,166.026000000,43.391156287
-2.296957106,166.093000000,43.376452363
-2.291959638,166.160000000,43.361730560
-2.286956580,166.227000000,43.346990937
-2.281947964,166.294000000,43.332233553
-2.276933819,166.361000000,43.317458468
-2.271914174,166.428000000,43.302665741
-2.266889061,166.495000000,43.287855432
-2.261858509,166.562000000,43.273027600
-2.256822547,166.629000000,43.258182305
-2.251781206,166.696000000,43.243319605
-2.246734517,166.763000000,43.228439560
-2.241682508,166.830000000,43.213542230
-2.236625210,166.897000000,43.198627674
-2.231562653,166.964000000,43.183695952
-2.226494866,167.031000000,43.168747122
-2.221421880,167.098000000,43.153781245
-2.216343725,167.165000000,43.138798379
-2.211260431,167.232000000,43.123798584
-2.206172027,167.299000000,43.108781920
-2.201078545,167.366000000,43.093748445
-2.195980012,167.433000000,43.078698220
-2.190876461,167.500000000,43.063631303
-2.185767919,167.567000000,43.048547754
-2.180654419,167.634000000,43.033447633
-2.175535989,167.701000000,43.018330999
-2.170412659,167.768000000,43.003197911
-2.165284461,167.835000000,42.988048428
-2.160151422,167.902000000,42.972882611
-2.155013574,167.969000000,42.957700518
-2.149870946,168.036000000,42.942502209
-2.144723569,168.103000000,42.927287743
-2.139571472,168.170000000,42.912057179
-2.134414686,168.237000000,42.896810578
-2.129253240,168.304000000,42.881547998
-2.124087164,168.371000000,42.866269499
-2.118916488,168.438000000,42.850975140
-2.113741243,168.505000000,42.835664981
-2.108561458,168.572000000,42.820339081
-2.103377163,168.639000000,42.804997499
-2.098188389,168.706000000,42.789640295
-2.092995164,168.773000000,42.774267529
-2.087797520,168.840000000,42.758879259
-2.082595486,168.907000000,42.743475545
-2.077389092,168.974000000,42.728056446
-2.072178368,169.041000000,42.712622023
-2.066963344,169.108000000,42.697172333
-2.061744050,169.175000000,42.681707437
-2.056520516,169.242000000,42.666227395
-2.051292772,169.309000000,42.650732264
-2.046060848,169.376000000,42.635222106
-2.040824774,169.443000000,42.619696979
-2.035584580,169.510000000,42.604156942
-2.030340296,169.577000000,42.588602055
-2.025091951,169.644000000,42.573032378
-2.019839577,169.711000000,42.557447970
-2.014583202,169.778000000,42.541848890
-2.009322857,169.845000000,42.526235198
-2.004058572,169.912000000,42.510606952
-1.998790377,169.979000000,42.494964213
-1.993518301,170.046000000,42.479307040
-1.988242375,170.113000000,42.463635492
-1.982962629,170.180000000,42.447949629
-1.977679092,170.247000000,42.432249510
-1.972391795,170.314000000,42.416535194
-1.967100768,170.381000000,42.400806742
-1.961806040,170.448000000,42.385064211
-1.956507642,170.515000000,42.369307662
-1.951205604,170.582000000,42.353537154
-1.945899954,170.649000000,42.337752747
-1.940590725,170.716000000,42.321954499
-1.935277945,170.783000000,42.306142471
-1.929961644,170.850000000,42.290316721
-1.924641852,170.917000000,42.274477309
-1.919318601,170.984000000,42.258624295
-1.913991918,171.051000000,42.242757737
-1.908661835,171.118000000,42.226877696
-1.903328381,171.185000000,42.210984231
-1.897991586,171.252000000,42.195077400
-1.892651481,171.319000000,42.179157264
-1.887308095,171.386000000,42.163223882
-1.881961458,171.453000000,42.147277313
-1.876611601,171.520000000,42.131317617
-1.871258552,171.587000000,42.115344853
-1.865902343,171.654000000,42.099359080
-1.860543003,171.721000000,42.083360358
-1.855180562,171.788000000,42.067348746
-1.849815050,171.855000000,42.051324304
-1.844446498,171.922000000,42.035287091
-1.839074934,171.989000000,42.019237167
-1.833700389,172.056000000,42.003174590
-1.828322893,172.123000000,41.987099421
-1.822942477,172.190000000,41.971011718
-1.817559169,172.257000000,41.954911541
-1.812173000,172.324000000,41.938798950
-1.806784000,172.391000000,41.922674003
-1.801392199,172.458000000,41.906536761
-1.795997627,172.525000000,41.890387283
-1.790600314,172.592000000,41.874225627
-1.785200289,172.659000000,41.858051854
-1.779797583,172.726000000,41.841866023
-1.774392227,172.793000000,41.825668193
-1.768984248,172.860000000,41.809458424
-1.763573679,172.927000000,41.793236774
-1.758160548,172.994000000,41.777003305
-1.752744886,173.061000000,41.760758074
-1.747326722,173.128000000,41.744501141
-1.741906088,173.195000000,41.728232566
-1.736483011,173.262000000,41.711952408
-1.731057524,173.329000000,41.695660727
-1.725629655,173.396000000,41.679357581
-1.720199434,173.463000000,41.663043031
-1.714766892,173.530000000,41.646717135
-1.709332058,173.597000000,41.630379953
-1.703894963,173.664000000,41.614031545
-1.698455637,173.731000000,41.597671970
-1.693014109,173.798000000,41.581301287
-1.687570409,173.865000000,41.564919555
-1.682124567,173.932000000,41.548526835
-1.676676614,173.999000000,41.532123185
-1.671226579,174.066000000,41.515708665
-1.665774493,174.133000000,41.499283334
-1.660320385,174.200000000,41.482847252
-1.654864285,174.267000000,41.466400478
-1.649406223,174.334000000,41.449943071
-1.643946229,174.401000000,41.433475092
-1.638484334,174.468000000,41.416996598
-1.633020567,174.535000000,41.400507650
-1.627554958,174.602000000,41.384008308
-1.622087537,174.669000000,41.367498629
-1.616618334,174.736000000,41.350978675
-1.611147379,174.803000000,41.334448504
-1.605674703,174.870000000,41.317908175
-1.600200334,174.937000000,41.301357749
-1.594724303,175.004000000,41.284797284
-1.589246641,175.071000000,41.268226839
-1.583767376,175.138000000,41.251646476
-1.578286539,175.205000000,41.235056251
-1.572804160,175.272000000,41.218456226
-1.567320269,175.339000000,41.201846460
-1.561834896,175.406000000,41.185227011
-1.556348070,175.473000000,41.168597939
-1.550859823,175.540000000,41.151959304
-1.545370183,175.607000000,41.135311165
-1.539879181,175.674000000,41.118653582
-1.534386847,175.741000000,41.101986614
-1.528893210,175.808000000,41.085310319
-1.523398301,175.875000000,41.068624759
-1.517902150,175.942000000,41.051929991
-1.512404787,176.009000000,41.035226076
-1.506906241,176.076000000,41.018513073
-1.501406542,176.143000000,41.001791041
-1.495905722,176.210000000,40.985060040
-1.490403809,176.277000000,40.968320129
-1.484900833,176.344000000,40.951571367
-1.479396825,176.411000000,40.934813814
-1.473891814,176.478000000,40.918047530
-1.468385831,176.545000000,40.901272573
-1.462878905,176.612000000,40.884489003
-1.457371067,176.679000000,40.867696880
-1.451862346,176.746000000,40.850896262
-1.446352772,176.813000000,40.834087210
-1.440842376,176.880000000,40.817269782
-1.435331187,176.947000000,40.800444039
-1.429819235,177.014000000,40.783610039
-1.424306551,177.081000000,40.766767842
-1.418793164,177.148000000,40.749917507
-1.413279104,177.215000000,40.733059094
-1.407764401,177.282000000,40.716192662
-1.402249086,177.349000000,40.699318270
-1.396733188,177.416000000,40.682435978
-1.391216736,177.483000000,40.665545846
-1.385699762,177.550000000,40.648647932
-1.380182295,177.617000000,40.631742296
-1.374664365,177.684000000,40.614828998
-1.369146002,177.751000000,40.597908097
-1.363627237,177.818000000,40.580979651
-1.358108098,177.885000000,40.564043722
-1.352588616,177.952000000,40.547100368
-1.347068821,178.019000000,40.530149648
-1.341548743,178.086000000,40.513191622
-1.336028412,178.153000000,40.496226349
-1.330507857,178.220000000,40.479253889
-1.324987110,178.287000000,40.462274301
-1.319466199,178.354000000,40.445287644
-1.313945155,178.421000000,40.428293979
-1.308424008,178.488000000,40.411293363
-1.302902788,178.555000000,40.394285858
-1.297381525,178.622000000,40.377271521
-1.291860248,178.689000000,40.360250413
-1.286338988,178.756000000,40.343222593
-1.280817774,178.823000000,40.326188120
-1.275296637,178.890000000,40.309147053
-1.269775607,178.957000000,40.292099453
-1.264254714,179.024000000,40.275045378
-1.258733987,179.091000000,40.257984889
-1.253213456,179.158000000,40.240918043
-1.247693152,179.225000000,40.223844901
-1.242173105,179.292000000,40.206765522
-1.236653344,179.359000000,40.189679966
-1.231133899,179.426000000,40.172588291
-1.225614801,179.493000000,40.155490558
-1.220096080,179.560000000,40.138386826
-1.214577764,179.627000000,40.121277153
-1.209059885,179.694000000,40.104161600
-1.203542473,179.761000000,40.087040226
-1.198025557,179.828000000,40.069913091
-1.192509167,179.895000000,40.052780253
-1.186993333,179.962000000,40.035641772
-1.181478085,180.029000000,40.018497707
-1.175963454,180.096000000,40.001348118
-1.170449469,180.163000000,39.984193065
-1.164936160,180.230000000,39.967032606
-1.159423558,180.297000000,39.949866802
-1.153911691,180.364000000,39.932695711
-1.148400591,180.431000000,39.915519392
-1.142890286,180.498000000,39.898337907
-1.137380808,180.565000000,39.881151312
-1.131872185,180.632000000,39.863959669
-1.126364449,180.699000000,39.846763036
-1.120857629,180.766000000,39.829561474
-1.115351755,180.833000000,39.812355040
-1.109846856,180.900000000,39.795143795
-1.104342964,180.967000000,39.777927799
-1.098840107,181.034000000,39.760707109
-1.093338316,181.101000000,39.743481787
-1.087837622,181.168000000,39.726251891
-1.082338052,181.235000000,39.709017481
-1.076839639,181.302000000,39.691778615
-1.071342412,181.369000000,39.674535355
-1.065846400,181.436000000,39.657287758
-1.060351634,181.503000000,39.640035884
-1.054858144,181.570000000,39.622779793
-1.049365959,181.637000000,39.605519544
-1.043875110,181.704000000,39.588255197
-1.038385627,181.771000000,39.570986811
-1.032897539,181.838000000,39.553714444
-1.027410877,181.905000000,39.536438158
-1.021925671,181.972000000,39.519158011
-1.016441950,182.039000000,39.501874062
-1.010959744,182.106000000,39.484586371
-1.005479084,182.173000000,39.467294997
-1.000000000,182.240000000,39.450000000
-0.994522517,182.307000000,39.432701432
-0.989046645,182.374000000,39.415399320
-0.983572391,182.441000000,39.398093682
-0.978099760,182.508000000,39.380784537
-0.972628757,182.575000000,39.363471905
-0.967159390,182.642000000,39.346155804
-0.961691663,182.709000000,39.328836255
-0.956225584,182.776000000,39.311513275
-0.950761156,182.843000000,39.294186884
-0.945298388,182.910000000,39.276857101
-0.939837283,182.977000000,39.259523945
-0.934377849,183.044000000,39.242187436
-0.928920091,183.111000000,39.224847592
-0.923464016,183.178000000,39.207504432
-0.918009628,183.245000000,39.190157976
-0.912556934,183.312000000,39.172808243
-0.907105940,183.379000000,39.155455252
-0.901656652,183.446000000,39.138099021
-0.896209075,183.513000000,39.120739571
-0.890763215,183.580000000,39.103376920
-0.885319079,183.647000000,39.086011087
-0.879876672,183.714000000,39.068642092
-0.874436001,183.781000000,39.051269952
-0.868997070,183.848000000,39.033894689
-0.863559886,183.915000000,39.016516320
-0.858124455,183.982000000,38.999134865
-0.852690783,184.049000000,38.981750343
-0.847258875,184.116000000,38.964362773
-0.841828738,184.183000000,38.946972175
-0.836400378,184.250000000,38.929578566
-0.830973799,184.317000000,38.912181967
-0.825549009,184.384000000,38.894782396
-0.820126013,184.451000000,38.877379873
-0.814704817,184.518000000,38.859974416
-0.809285426,184.585000000,38.842566046
-0.803867848,184.652000000,38.825154780
-0.798452087,184.719000000,38.807740638
-0.793038150,184.786000000,38.790323640
-0.787626042,184.853000000,38.772903803
-0.782215770,184.920000000,38.755481148
-0.776807338,184.987000000,38.738055694
-0.771400754,185.054000000,38.720627458
-0.765996023,185.121000000,38.703196462
-0.760593151,185.188000000,38.685762723
-0.755192144,185.255000000,38.668326262
-0.749793007,185.322000000,38.650887096
-0.744395747,185.389000000,38.633445245
-0.739000370,185.456000000,38.616000729
-0.733606881,185.523000000,38.598553566
-0.728215286,185.590000000,38.581103775
-0.722825592,185.657000000,38.563651376
-0.717437803,185.724000000,38.546196387
-0.712051927,185.791000000,38.528738829
-0.706667968,185.858000000,38.511278719
-0.701285934,185.925000000,38.493816077
-0.695905828,185.992000000,38.476350922
-0.690527659,186.059000000,38.458883273
-0.685151431,186.126000000,38.441413150
-0.679777150,186.193000000,38.423940571
-0.674404822,186.260000000,38.406465556
-0.669034454,186.327000000,38.388988123
-0.663666051,186.394000000,38.371508292
-0.658299618,186.461000000,38.354026082
-0.652935163,186.528000000,38.336541511
-0.647572690,186.595000000,38.319054600
-0.642212206,186.662000000,38.301565367
-0.636853716,186.729000000,38.284073831
-0.631497227,186.796000000,38.266580012
-0.626142744,186.863000000,38.249083928
-0.620790273,186.930000000,38.231585599
-0.615439820,186.997000000,38.214085043
-0.610091391,187.064000000,38.196582281
-0.604744993,187.131000000,38.179077330
-0.599400629,187.198000000,38.161570210
-0.594058308,187.265000000,38.144060941
-0.588718034,187.332000000,38.126549540
-0.583379814,187.399000000,38.109036028
-0.578043653,187.466000000,38.091520424
-0.572709557,187.533000000,38.074002746
-0.567377532,187.600000000,38.056483014
-0.562047585,187.667000000,38.038961246
-0.556719720,187.734000000,38.021437463
-0.551393944,187.801000000,38.003911682
-0.546070263,187.868000000,37.986383924
-0.540748683,187.935000000,37.968854207
-0.535429209,188.002000000,37.951322550
-0.530111847,188.069000000,37.933788973
-0.524796604,188.136000000,37.916253494
-0.519483485,188.203000000,37.898716133
-0.514172496,188.270000000,37.881176909
-0.508863643,188.337000000,37.863635840
-0.503556932,188.404000000,37.846092947
-0.498252369,188.471000000,37.828548248
-0.492949959,188.538000000,37.811001762
-0.487649709,188.605000000,37.793453508
-0.482351625,188.672000000,37.775903506
-0.477055711,188.739000000,37.758351774
-0.471761975,188.806000000,37.740798332
-0.466470423,188.873000000,37.723243199
-0.461181059,188.940000000,37.705686393
-0.455893890,189.007000000,37.688127935
-0.450608922,189.074000000,37.670567842
-0.445326161,189.141000000,37.653006135
-0.440045612,189.208000000,37.635442832
-0.434767282,189.275000000,37.617877953
-0.429491176,189.342000000,37.600311516
-0.424217301,189.409000000,37.582743541
-0.418945661,189.476000000,37.565174046
-0.413676264,189.543000000,37.547603051
-0.408409115,189.610000000,37.530030576
-0.403144220,189.677000000,37.512456638
-0.397881584,189.744000000,37.494881258
-0.392621215,189.811000000,37.477304453
-0.387363116,189.878000000,37.459726245
-0.382107296,189.945000000,37.442146650
-0.376853758,190.012000000,37.424565690
-0.371602510,190.079000000,37.406983382
-0.366353557,190.146000000,37.389399746
-0.361106905,190.213000000,37.371814800
-0.355862560,190.280000000,37.354228565
-0.350620528,190.347000000,37.336641059
-0.345380815,190.414000000,37.319052302
-0.340143426,190.481000000,37.301462311
-0.334908368,190.548000000,37.283871107
-0.329675646,190.615000000,37.266278709
-0.324445266,190.682000000,37.248685136
-0.319217235,190.749000000,37.231090406
-0.313991557,190.816000000,37.213494539
-0.308768240,190.883000000,37.195897554
-0.303547289,190.950000000,37.178299471
-0.298328709,191.017000000,37.160700307
-0.293112507,191.084000000,37.143100083
-0.287898689,191.151000000,37.125498818
-0.282687260,191.218000000,37.107896530
-0.277478227,191.285000000,37.090293239
-0.272271594,191.352000000,37.072688963
-0.267067369,191.419000000,37.055083722
-0.261865557,191.486000000,37.037477536
-0.256666164,191.553000000,37.019870422
-0.251469196,191.620000000,37.002262401
-0.246274658,191.687000000,36.984653491
-0.241082557,191.754000000,36.967043712
-0.235892899,191.821000000,36.949433082
-0.230705689,191.888000000,36.931821620
-0.225520933,191.955000000,36.914209347
-0.220338638,192.022000000,36.896596280
-0.215158809,192.089000000,36.878982440
-0.209981451,192.156000000,36.861367844
-0.204806572,192.223000000,36.843752513
-0.199634176,192.290000000,36.826136465
-0.194464270,192.357000000,36.808519719
-0.189296860,192.424000000,36.790902295
-0.184131951,192.491000000,36.773284212
-0.178969549,192.558000000,36.755665488
-0.173809661,192.625000000,36.738046144
-0.168652292,192.692000000,36.720426197
-0.163497448,192.759000000,36.702805667
-0.158345135,192.826000000,36.685184574
-0.153195358,192.893000000,36.667562935
-0.148048125,192.960000000,36.649940772
-0.142903440,193.027000000,36.632320699
-0.137761309,193.094000000,36.614705327
-0.132621739,193.161000000,36.597094665
-0.127484736,193.228000000,36.579488720
-0.122350304,193.295000000,36.561887501
-0.117218451,193.362000000,36.544291016
-0.112089181,193.429000000,36.526699272
-0.106962502,193.496000000,36.509112280
-0.101838418,193.563000000,36.491530045
-0.096716936,193.630000000,36.473952578
-0.091598062,193.697000000,36.456379886
-0.086481801,193.764000000,36.438811977
-0.081368159,193.831000000,36.421248860
-0.076257143,193.898000000,36.403690543
-0.071148758,193.965000000,36.386137033
-0.066043010,194.032000000,36.368588340
-0.060939904,194.099000000,36.351044472
-0.055839448,194.166000000,36.333505436
-0.050741646,194.233000000,36.315971242
-0.045646506,194.300000000,36.298441896
-0.040554031,194.367000000,36.280917409
-0.035464229,194.434000000,36.263397787
-0.030377105,194.501000000,36.245883039
-0.025292666,194.568000000,36.228373173
-0.020210917,194.635000000,36.210868197
-0.015131863,194.702000000,36.193368121
-0.010055512,194.769000000,36.175872951
-0.004981868,194.836000000,36.158382697
0.000089062,194.903000000,36.140897366
0.005157272,194.970000000,36.123416966
0.010222757,195.037000000,36.105941507
0.015285511,195.104000000,36.088470996
0.020345527,195.171000000,36.071005441
0.025402800,195.238000000,36.053544850
0.030457324,195.305000000,36.036089233
0.035509093,195.372000000,36.018638597
0.040558102,195.439000000,36.001192950
0.045604343,195.506000000,35.983752300
0.050647812,195.573000000,35.966316657
0.055688503,195.640000000,35.948886027
0.060726408,195.707000000,35.931460420
0.065761524,195.774000000,35.914039844
0.070793844,195.841000000,35.896624306
0.075823361,195.908000000,35.879213815
0.080850070,195.975000000,35.861808380
0.085873966,196.042000000,35.844408008
0.090895041,196.109000000,35.827012707
0.095913291,196.176000000,35.809622487
0.100928709,196.243000000,35.792237355
0.105941290,196.310000000,35.774857320
0.110951028,196.377000000,35.757482389
0.115957916,196.444000000,35.740112571
0.120961949,196.511000000,35.722747874
0.125963121,196.578000000,35.705388307
0.130961426,196.645000000,35.688033878
0.135956858,196.712000000,35.670684594
0.140949412,196.779000000,35.653340464
0.145939080,196.846000000,35.636001497
0.150925859,196.913000000,35.618667701
0.155909741,196.980000000,35.601339083
0.160890720,197.047000000,35.584015653
0.165868791,197.114000000,35.566697418
0.170843949,197.181000000,35.549384386
0.175816186,197.248000000,35.532076566
0.180785497,197.315000000,35.514773967
0.185751876,197.382000000,35.497476595
0.190715318,197.449000000,35.480184460
0.195675816,197.516000000,35.462897570
0.200633365,197.583000000,35.445615933
0.205587959,197.650000000,35.428339558
0.210539591,197.717000000,35.411068451
0.215488256,197.784000000,35.393802623
0.220433947,197.851000000,35.376542080
0.225376660,197.918000000,35.359286832
0.230316388,197.985000000,35.342036886
0.235253126,198.052000000,35.324792251
0.240186866,198.119000000,35.307552935
0.245117604,198.186000000,35.290318946
0.250045334,198.253000000,35.273090293
0.254970049,198.320000000,35.255866983
0.259891745,198.387000000,35.238649025
0.264810414,198.454000000,35.221436427
0.269726051,198.521000000,35.204229198
0.274638650,198.588000000,35.187027345
0.279548205,198.655000000,35.169830877
0.284454711,198.722000000,35.152639802
0.289358161,198.789000000,35.135454129
0.294258549,198.856000000,35.118273865
0.299155870,198.923000000,35.101099019
0.304050118,198.990000000,35.083929599
0.308941287,199.057000000,35.066765613
0.313829371,199.124000000,35.049607070
0.318714363,199.191000000,35.032453977
0.323596259,199.258000000,35.015306344
0.328475052,199.325000000,34.998164178
0.333350737,199.392000000,34.981027487
0.338223307,199.459000000,34.963896281
0.343092756,199.526000000,34.946770566
0.347959080,199.593000000,34.929650351
0.352822270,199.660000000,34.912535645
0.357682323,199.727000000,34.895426455
0.362539232,199.794000000,34.878322791
0.367392991,199.861000000,34.861224660
0.372243594,199.928000000,34.844132070
0.377091035,199.995000000,34.827045029
0.381935309,200.062000000,34.809963547
0.386776410,200.129000000,34.792887631
0.391614331,200.196000000,34.775817289
0.396449066,200.263000000,34.758752530
0.401280611,200.330000000,34.741693362
0.406108958,200.397000000,34.724639792
0.410934103,200.464000000,34.707591831
0.415756038,200.531000000,34.690549484
0.420574759,200.598000000,34.673512762
0.425390259,200.665000000,34.656481671
0.430202533,200.732000000,34.639456221
0.435011574,200.799000000,34.622436420
0.439817377,200.866000000,34.605422275
0.444619936,200.933000000,34.588413795
0.449419244,201.000000000,34.571410989
0.454215297,201.067000000,34.554413864
0.459008088,201.134000000,34.537422428
0.463797610,201.201000000,34.520436691
0.468583860,201.268000000,34.503456660
0.473366829,201.335000000,34.486482343
0.478146513,201.402000000,34.469513750
0.482922906,201.469000000,34.452550887
0.487696001,201.536000000,34.435593763
0.492465794,201.603000000,34.418642386
0.497232277,201.670000000,34.401696766
0.501995445,201.737000000,34.384756909
0.506755292,201.804000000,34.367822824
0.511511813,201.871000000,34.350894520
0.516265001,201.938000000,34.333972004
0.521014850,202.005000000,34.317055285
0.525761355,202.072000000,34.300144372
0.530504510,202.139000000,34.283239271
0.535244308,202.206000000,34.266339993
0.539980744,202.273000000,34.249446544
0.544713813,202.340000000,34.232558933
0.549443507,202.407000000,34.215677168
0.554169821,202.474000000,34.198801258
0.558892750,202.541000000,34.181931211
0.563612287,202.608000000,34.165067034
0.568328427,202.675000000,34.148208737
0.573041164,202.742000000,34.131356328
0.577750491,202.809000000,34.114509814
0.582456402,202.876000000,34.097669204
0.587158893,202.943000000,34.080834507
0.591857957,203.010000000,34.064005730
0.596553588,203.077000000,34.047182881
0.601245780,203.144000000,34.030365970
0.605934528,203.211000000,34.013555003
0.610619825,203.278000000,33.996749990
0.615301666,203.345000000,33.979950939
0.619980044,203.412000000,33.963157858
0.624654954,203.479000000,33.946370755
0.629326390,203.546000000,33.929589638
0.633994346,203.613000000,33.912814516
0.638658816,203.680000000,33.896045396
0.643319794,203.747000000,33.879282288
0.647977274,203.814000000,33.862525199
0.652631251,203.881000000,33.845774138
0.657281719,203.948000000,33.829029112
0.661928671,204.015000000,33.812290131
0.666572101,204.082000000,33.795557201
0.671212005,204.149000000,33.778830333
0.675848375,204.216000000,33.762109533
0.680481207,204.283000000,33.745394810
0.685110493,204.350000000,33.728686172
0.689736229,204.417000000,33.711983628
0.694358408,204.484000000,33.695287186
0.698977025,204.551000000,33.678596853
0.703592073,204.618000000,33.661912639
0.708203547,204.685000000,33.645234551
0.712811441,204.752000000,33.628562598
0.717415748,204.819000000,33.611896788
0.722016464,204.886000000,33.595237129
0.726613581,204.953000000,33.578583630
0.731207095,205.020000000,33.561936298
0.735796999,205.087000000,33.545295142
0.740383288,205.154000000,33.528660170
0.744965954,205.221000000,33.512031390
0.749544994,205.288000000,33.495408812
0.754120400,205.355000000,33.478792442
0.758692167,205.422000000,33.462182289
0.763260289,205.489000000,33.445578361
0.767824760,205.556000000,33.428980667
0.772385575,205.623000000,33.412389215
0.776942726,205.690000000,33.395804013
0.781496209,205.757000000,33.379225069
0.786046017,205.824000000,33.362652391
0.790592145,205.891000000,33.346085989
0.795134586,205.958000000,33.329525869
0.799673335,206.025000000,33.312972041
0.804208386,206.092000000,33.296424512
0.808739733,206.159000000,33.279883291
0.813267371,206.226000000,33.263348386
0.817791292,206.293000000,33.246819805
0.822311491,206.360000000,33.230297557
0.826827963,206.427000000,33.213781649
0.831340702,206.494000000,33.197272090
0.835849701,206.561000000,33.180768888
0.840354955,206.628000000,33.164272052
0.844856457,206.695000000,33.147781589
0.849354203,206.762000000,33.131297509
0.853848186,206.829000000,33.114819818
0.858338399,206.896000000,33.098348526
0.862824838,206.963000000,33.081883640
0.867307496,207.030000000,33.065425169
0.871786368,207.097000000,33.048973122
0.876261447,207.164000000,33.032527505
0.880732728,207.231000000,33.016088329
0.885200205,207.298000000,32.999655600
0.889663872,207.365000000,32.983229327
0.894123722,207.432000000,32.966809518
0.898579751,207.499000000,32.950396182
0.903031952,207.566000000,32.933989327
0.907480319,207.633000000,32.917588960
0.911924846,207.700000000,32.901195091
0.916365528,207.767000000,32.884807728
0.920802359,207.834000000,32.868426878
0.925235332,207.901000000,32.852052550
0.929664442,207.968000000,32.835684752
0.934089683,208.035000000,32.819323493
0.938511049,208.102000000,32.802968780
0.942928534,208.169000000,32.786620623
0.947342133,208.236000000,32.770279028
0.951751838,208.303000000,32.753944005
0.956157646,208.370000000,32.737615562
0.960559548,208.437000000,32.721293706
0.964957541,208.504000000,32.704978447
0.969351617,208.571000000,32.688669792
0.973741771,208.638000000,32.672367749
0.978127997,208.705000000,32.656072328
0.982510289,208.772000000,32.639783535
0.986888641,208.839000000,32.623501380
0.991263048,208.906000000,32.607225870
0.995633503,208.973000000,32.590957014
1.000000000,209.040000000,32.574694821
1.004362544,209.107000000,32.558439318
1.008721178,209.174000000,32.542190621
1.013075956,209.241000000,32.525948862
1.017426931,209.308000000,32.509714178
1.021774157,209.375000000,32.493486702
1.026117687,209.442000000,32.477266569
1.030457575,209.509000000,32.461053914
1.034793875,209.576000000,32.444848871
1.039126640,209.643000000,32.428651574
1.043455923,209.710000000,32.412462159
1.047781778,209.777000000,32.396280759
1.052104260,209.844000000,32.380107510
1.056423420,209.911000000,32.363942546
1.060739314,209.978000000,32.347786001
1.065051993,210.045000000,32.331638009
1.069361513,210.112000000,32.315498707
1.073667926,210.179000000,32.299368227
1.077971286,210.246000000,32.283246705
1.082271647,210.313000000,32.267134274
1.086569062,210.380000000,32.251031071
1.090863585,210.447000000,32.234937229
1.095155269,210.514000000,32.218852882
1.099444168,210.581000000,32.202778166
1.103730335,210.648000000,32.186713215
1.108013824,210.715000000,32.170658162
1.112294689,210.782000000,32.154613144
1.116572982,210.849000000,32.138578295
1.120848759,210.916000000,32.122553748
1.125122071,210.983000000,32.106539639
1.129392974,211.050000000,32.090536102
1.133661519,211.117000000,32.074543271
1.137927761,211.184000000,32.058561282
1.142191754,211.251000000,32.042590269
1.146453551,211.318000000,32.026630365
1.150713205,211.385000000,32.010681707
1.154970770,211.452000000,31.994744428
1.159226300,211.519000000,31.978818663
1.163479848,211.586000000,31.962904546
1.167731468,211.653000000,31.947002212
1.171981213,211.720000000,31.931111796
1.176229137,211.787000000,31.915233432
1.180475294,211.854000000,31.899367255
1.184719736,211.921000000,31.883513399
1.188962518,211.988000000,31.867671998
1.193203693,212.055000000,31.851843188
1.197443314,212.122000000,31.836027103
1.201681436,212.189000000,31.820223877
1.205918111,212.256000000,31.804433644
1.210153394,212.323000000,31.788656541
1.214387338,212.390000000,31.772892700
1.218619996,212.457000000,31.757142257
1.222851422,212.524000000,31.741405346
1.227081669,212.591000000,31.725682101
1.231310792,212.658000000,31.709972658
1.235538843,212.725000000,31.694277151
1.239765876,212.792000000,31.678595713
1.243991946,212.859000000,31.662928481
1.248217104,212.926000000,31.647275588
1.252441405,212.993000000,31.631637169
1.256664903,213.060000000,31.616013358
1.260887651,213.127000000,31.600404290
1.265109702,213.194000000,31.584810100
1.269331110,213.261000000,31.569230922
1.273551929,213.328000000,31.553666890
1.277772212,213.395000000,31.538118140
1.281992013,213.462000000,31.522584805
1.286211385,213.529000000,31.507067021
1.290430382,213.596000000,31.491564922
1.294649057,213.663000000,31.476078641
1.298867465,213.730000000,31.460608315
1.303085658,213.797000000,31.445154077
1.307303690,213.864000000,31.429716063
1.311521614,213.931000000,31.414294405
1.315739485,213.998000000,31.398889240
1.319957356,214.065000000,31.383500701
1.324175280,214.132000000,31.368128924
1.328393310,214.199000000,31.352774042
1.332611502,214.266000000,31.337436191
1.336829907,214.333000000,31.322115504
1.341048579,214.400000000,31.306812117
1.345267573,214.467000000,31.291526164
1.349486942,214.534000000,31.276257779
1.353706738,214.601000000,31.261007097
1.357927017,214.668000000,31.245774252
1.362147830,214.735000000,31.230559380
1.366369233,214.802000000,31.215362614
1.370591278,214.869000000,31.200184090
1.374814019,214.936000000,31.185023941
1.379037510,215.003000000,31.169882302
1.383261803,215.070000000,31.154759309
1.387486954,215.137000000,31.139655094
1.391713014,215.204000000,31.124569794
1.395940038,215.271000000,31.109503541
1.400168080,215.338000000,31.094456472
1.404397192,215.405000000,31.079428721
1.408627429,215.472000000,31.064420421
1.412858844,215.539000000,31.049431708
1.417091490,215.606000000,31.034462717
1.421325422,215.673000000,31.019513581
1.425560692,215.740000000,31.004584435
1.429797355,215.807000000,30.989675414
1.434035463,215.874000000,30.974786652
1.438275070,215.941000000,30.959918285
1.442516230,216.008000000,30.945070445
1.446758997,216.075000000,30.930243269
1.451003424,216.142000000,30.915436890
1.455249564,216.209000000,30.900651444
1.459497472,216.276000000,30.885887063
1.463747200,216.343000000,30.871143884
1.467998802,216.410000000,30.856422041
1.472252332,216.477000000,30.841721668
1.476507844,216.544000000,30.827042900
1.480765390,216.611000000,30.812385871
1.485025025,216.678000000,30.797750716
1.489286802,216.745000000,30.783137570
1.493550774,216.812000000,30.768546566
1.497816995,216.879000000,30.753977840
1.502085519,216.946000000,30.739431526
1.506356400,217.013000000,30.724907759
1.510629690,217.080000000,30.710406673
1.514905443,217.147000000,30.695928402
1.519183714,217.214000000,30.681473082
1.523464554,217.281000000,30.667040847
1.527748019,217.348000000,30.652631831
1.532034161,217.415000000,30.638246168
1.536323035,217.482000000,30.623883995
1.540614693,217.549000000,30.609545444
1.544909189,217.616000000,30.595230650
1.549206577,217.683000000,30.580939749
1.553506911,217.750000000,30.566672875
1.557810243,217.817000000,30.552430161
1.562116628,217.884000000,30.538211743
1.566426119,217.951000000,30.524017756
1.570738769,218.018000000,30.509848333
1.575054633,218.085000000,30.495703610
1.579373763,218.152000000,30.481583720
1.583696213,218.219000000,30.467488799
1.588022037,218.286000000,30.453418981
1.592351289,218.353000000,30.439374401
1.596684021,218.420000000,30.425355192
1.601020288,218.487000000,30.411361490
1.605360143,218.554000000,30.397393429
1.609703640,218.621000000,30.383451144
1.614050831,218.688000000,30.369534769
1.618401772,218.755000000,30.355644439
1.622756514,218.822000000,30.341780289
1.627115113,218.889000000,30.327942452
1.631477620,218.956000000,30.314131063
1.635844091,219.023000000,30.300346258
1.640214578,219.090000000,30.286588170
1.644589135,219.157000000,30.272856934
1.648967816,219.224000000,30.259152685
1.653350673,219.291000000,30.245475557
1.657737762,219.358000000,30.231825684
1.662129134,219.425000000,30.218203202
1.666524845,219.492000000,30.204608245
1.670924947,219.559000000,30.191040947
1.675329494,219.626000000,30.177501442
1.679738539,219.693000000,30.163989867
1.684152136,219.760000000,30.150506354
1.688570339,219.827000000,30.137056349
1.692993201,219.894000000,30.123645295
1.697420776,219.961000000,30.110273325
1.701853116,220.028000000,30.096940569
1.706290277,220.095000000,30.083647159
1.710732311,220.162000000,30.070393227
1.715179272,220.229000000,30.057178906
1.719631214,220.296000000,30.044004326
1.724088189,220.363000000,30.030869619
1.728550252,220.430000000,30.017774917
1.733017456,220.497000000,30.004720353
1.737489855,220.564000000,29.991706056
1.741967503,220.631000000,29.978732160
1.746450452,220.698000000,29.965798797
1.750938756,220.765000000,29.952906096
1.755432469,220.832000000,29.940054192
1.759931645,220.899000000,29.927243214
1.764436337,220.966000000,29.914473296
1.768946598,221.033000000,29.901744568
1.773462483,221.100000000,29.889057163
1.777984044,221.167000000,29.876411212
1.782511335,221.234000000,29.863806847
1.787044411,221.301000000,29.851244199
1.791583323,221.368000000,29.838723401
1.796128127,221.435000000,29.826244584
1.800678875,221.502000000,29.813807880
1.805235621,221.569000000,29.801413421
1.809798419,221.636000000,29.789061338
1.814367321,221.703000000,29.776751763
1.818942383,221.770000000,29.764484827
1.823523657,221.837000000,29.752260664
1.828111197,221.904000000,29.740079403
1.832705056,221.971000000,29.727941178
1.837305287,222.038000000,29.715846120
1.841911946,222.105000000,29.703794359
1.846525084,222.172000000,29.691786030
1.851144756,222.239000000,29.679821262
1.855771016,222.306000000,29.667900188
1.860403916,222.373000000,29.656022939
1.865043510,222.440000000,29.644189648
1.869689852,222.507000000,29.632400445
1.874342995,222.574000000,29.620655463
1.879002994,222.641000000,29.608954834
1.883669901,222.708000000,29.597298688
1.888343769,222.775000000,29.585687159
1.893024654,222.842000000,29.574120377
1.897712608,222.909000000,29.562598475
1.902407684,222.976000000,29.551121583
1.907109937,223.043000000,29.539689835
1.911819419,223.110000000,29.528303361
1.916536185,223.177000000,29.516962293
1.921260288,223.244000000,29.505666763
1.925991781,223.311000000,29.494416903
1.930730719,223.378000000,29.483212845
1.935477154,223.445000000,29.472054720
1.940231140,223.512000000,29.460942659
1.944992731,223.579000000,29.449876796
1.949761980,223.646000000,29.438857261
1.954538941,223.713000000,29.427884186
1.959323667,223.780000000,29.416957703
1.964116212,223.847000000,29.406077944
1.968916630,223.914000000,29.395245040
1.973724974,223.981000000,29.384459123
1.978541298,224.048000000,29.373720326
1.983365654,224.115000000,29.363028778
1.988198098,224.182000000,29.352384614
1.993038681,224.249000000,29.341787963
1.997887459,224.316000000,29.331238958
2.002744484,224.383000000,29.320737730
2.007609810,224.450000000,29.310284412
2.012483490,224.517000000,29.299879135
2.017365578,224.584000000,29.289522031
2.022256128,224.651000000,29.279213231
2.027155194,224.718000000,29.268952868
2.032062828,224.785000000,29.258741072
2.036979084,224.852000000,29.248577977
2.041904016,224.919000000,29.238463712
2.046837677,224.986000000,29.228398411
2.051780122,225.053000000,29.218382205
2.056731403,225.120000000,29.208415225
2.061691574,225.187000000,29.198497604
2.066660689,225.254000000,29.188629473
2.071638800,225.321000000,29.178810964
2.076625963,225.388000000,29.169042209
2.081622230,225.455000000,29.159323338
2.086627655,225.522000000,29.149654485
2.091642291,225.589000000,29.140035781
2.096666192,225.656000000,29.130467357
2.101699411,225.723000000,29.120949346
2.106742003,225.790000000,29.111481879
2.111794021,225.857000000,29.102065087
2.116855517,225.924000000,29.092699103
2.121926546,225.991000000,29.083384058
2.127007162,226.058000000,29.074120085
2.132097417,226.125000000,29.064907313
2.137197366,226.192000000,29.055745877
2.142307062,226.259000000,29.046635906
2.147426558,226.326000000,29.037577534
2.152555908,226.393000000,29.028570891
2.157695167,226.460000000,29.019616110
2.162844386,226.527000000,29.010713321
2.168003620,226.594000000,29.001862658
2.173172922,226.661000000,28.993064251
2.178352346,226.728000000,28.984318233
2.183541946,226.795000000,28.975624734
2.188741774,226.862000000,28.966983888
2.193951885,226.929000000,28.958395825
2.199172332,226.996000000,28.949860677
2.204403169,227.063000000,28.941378577
2.209644449,227.130000000,28.932949655
2.214896226,227.197000000,28.924574044
2.220158553,227.264000000,28.916251875
2.225431484,227.331000000,28.907983280
2.230715072,227.398000000,28.899768390
2.236009371,227.465000000,28.891607338
2.241314435,227.532000000,28.883500256
2.246630317,227.599000000,28.875447274
2.251957071,227.666000000,28.867448525
2.257294749,227.733000000,28.859504140
2.262643407,227.800000000,28.851614252
2.268003097,227.867000000,28.843778991
2.273373872,227.934000000,28.835998490
2.278755787,228.001000000,28.828272881
2.284148896,228.068000000,28.820602294
2.289553250,228.135000000,28.812986862
2.294968905,228.202000000,28.805426717
2.300395913,228.269000000,28.797921990
2.305834329,228.336000000,28.790472813
2.311284205,228.403000000,28.783079318
2.316745596,228.470000000,28.775741637
2.322218555,228.537000000,28.768459901
2.327703135,228.604000000,28.761234241
2.333199389,228.671000000,28.754064791
2.338707373,228.738000000,28.746951681
2.344227139,228.805000000,28.739895043
2.349758740,228.872000000,28.732895009
2.355302230,228.939000000,28.725951711
2.360857664,229.006000000,28.719065280
2.366425093,229.073000000,28.712235848
2.372004573,229.140000000,28.705463547
2.377596156,229.207000000,28.698748509
2.383199895,229.274000000,28.692090865
2.388815846,229.341000000,28.685490748
2.394444060,229.408000000,28.678948288
2.400084593,229.475000000,28.672463617
2.405737496,229.542000000,28.666036868
2.411402824,229.609000000,28.659668172
2.417080631,229.676000000,28.653357661
2.422770969,229.743000000,28.647105467
2.428473893,229.810000000,28.640911720
2.434189456,229.877000000,28.634776554
2.439917711,229.944000000,28.628700099
2.445658713,230.011000000,28.622682488
2.451412514,230.078000000,28.616723852
2.457179168,230.145000000,28.610824323
2.462958730,230.212000000,28.604984032
2.468751251,230.279000000,28.599203112
2.474556786,230.346000000,28.593481694
2.480375389,230.413000000,28.587819910
2.486207113,230.480000000,28.582217892
2.492052012,230.547000000,28.576675771
2.497910138,230.614000000,28.571193679
2.503781546,230.681000000,28.565771748
2.509666290,230.748000000,28.560410110
2.515564422,230.815000000,28.555108896
2.521475996,230.882000000,28.549868237
2.527401067,230.949000000,28.544688267
2.533339687,231.016000000,28.539569116
2.539291910,231.083000000,28.534510917
2.545257789,231.150000000,28.529513800
2.551237379,231.217000000,28.524577898
2.557230732,231.284000000,28.519703343
2.563237903,231.351000000,28.514890266
2.569258944,231.418000000,28.510138799
2.575293909,231.485000000,28.505449073
2.581342853,231.552000000,28.500821221
2.587405828,231.619000000,28.496255374
2.593482888,231.686000000,28.491751664
2.599574086,231.753000000,28.487310222
2.605679477,231.820000000,28.482931181
2.611799114,231.887000000,28.478614672
2.617933049,231.954000000,28.474360827
2.624081338,232.021000000,28.470169778
2.630244032,232.088000000,28.466041655
2.636421187,232.155000000,28.461976592
2.642612855,232.222000000,28.457974720
2.648819090,232.289000000,28.454036170
2.655039946,232.356000000,28.450161074
2.661275476,232.423000000,28.446349565
2.667525733,232.490000000,28.442601773
2.673790772,232.557000000,28.438917830
2.680070646,232.624000000,28.435297869
2.686365408,232.691000000,28.431742021
2.692675111,232.758000000,28.428250417
2.698999811,232.825000000,28.424823190
2.705339559,232.892000000,28.421460471
2.711694410,232.959000000,28.418162392
2.718064417,233.026000000,28.414929084
2.724449634,233.093000000,28.411760680
2.730850114,233.160000000,28.408657311
2.737265910,233.227000000,28.405619109
2.743697078,233.294000000,28.402646205
2.750143669,233.361000000,28.399738732
2.756605737,233.428000000,28.396896821
2.763083337,233.495000000,28.394120603
2.769576521,233.562000000,28.391410211
2.776085343,233.629000000,28.388765776
2.782609857,233.696000000,28.386187431
2.789150116,233.763000000,28.383675306
2.795706174,233.830000000,28.381229533
2.802278085,233.897000000,28.378850245
2.808865901,233.964000000,28.376537573
2.815469677,234.031000000,28.374291648
2.822089466,234.098000000,28.372112603
2.828725321,234.165000000,28.370000569
2.835377297,234.232000000,28.367955678
2.842045446,234.299000000,28.365978061
2.848729823,234.366000000,28.364067851
2.855430480,234.433000000,28.362225179
2.862147472,234.500000000,28.360450177
2.868880851,234.567000000,28.358742976
2.875630672,234.634000000,28.357103709
2.882396989,234.701000000,28.355532506
2.889179853,234.768000000,28.354029501
2.895979320,234.835000000,28.352594824
2.902795443,234.902000000,28.351228607
2.909628275,234.969000000,28.349930982
2.916477869,235.036000000,28.348702081
2.923344280,235.103000000,28.347542036
2.930227561,235.170000000,28.346450978
2.937127766,235.237000000,28.345429038
2.944044947,235.304000000,28.344476350
2.950979160,235.371000000,28.343593043
2.957930456,235.438000000,28.342779251
2.964898890,235.505000000,28.342035105
2.971884515,235.572000000,28.341360737
2.978887385,235.639000000,28.340756278
2.985907554,235.706000000,28.340221859
2.992945074,235.773000000,28.339757614
3.000000000,235.840000000,28.339363674
3.007072341,235.907000000,28.339039964
3.014161929,235.974000000,28.338785591
3.021268554,236.041000000,28.338599456
3.028392004,236.108000000,28.338480459
3.035532067,236.175000000,28.338427500
3.042688533,236.242000000,28.338439480
3.049861190,236.309000000,28.338515300
3.057049826,236.376000000,28.338653860
3.064254230,236.443000000,28.338854061
3.071474192,236.510000000,28.339114803
3.078709499,236.577000000,28.339434986
3.085959940,236.644000000,28.339813512
3.093225304,236.711000000,28.340249281
3.100505379,236.778000000,28.340741193
3.107799954,236.845000000,28.341288150
3.115108818,236.912000000,28.341889050
3.122431760,236.979000000,28.342542796
3.129768567,237.046000000,28.343248287
3.137119030,237.113000000,28.344004425
3.144482935,237.180000000,28.344810109
3.151860073,237.247000000,28.345664240
3.159250231,237.314000000,28.346565719
3.166653199,237.381000000,28.347513447
3.174068764,237.448000000,28.348506323
3.181496716,237.515000000,28.349543249
3.188936843,237.582000000,28.350623124
3.196388934,237.649000000,28.351744850
3.203852778,237.716000000,28.352907328
3.211328163,237.783000000,28.354109456
3.218814877,237.850000000,28.355350137
3.226312710,237.917000000,28.356628271
3.233821450,237.984000000,28.357942758
3.241340886,238.051000000,28.359292498
3.248870807,238.118000000,28.360676393
3.256411000,238.185000000,28.362093343
3.263961255,238.252000000,28.363542248
3.271521360,238.319000000,28.365022009
3.279091104,238.386000000,28.366531526
3.286670276,238.453000000,28.368069701
3.294258665,238.520000000,28.369635433
3.301856058,238.587000000,28.371227623
3.309462244,238.654000000,28.372845172
3.317077013,238.721000000,28.374486980
3.324700153,238.788000000,28.376151948
3.332331452,238.855000000,28.377838977
3.339970700,238.922000000,28.379546966
3.347617684,238.989000000,28.381274816
3.355272194,239.056000000,28.383021429
3.362934017,239.123000000,28.384785704
3.370602944,239.190000000,28.386566542
3.378278762,239.257000000,28.388362843
3.385961260,239.324000000,28.390173509
3.393650226,239.391000000,28.391997439
3.401345450,239.458000000,28.393833535
3.409046720,239.525000000,28.395680696
3.416753825,239.592000000,28.397537824
3.424466553,239.659000000,28.399403818
3.432184692,239.726000000,28.401277580
3.439908033,239.793000000,28.403158010
3.447636362,239.860000000,28.405044008
3.455369470,239.927000000,28.406934475
3.463107144,239.994000000,28.408828312
3.470849173,240.061000000,28.410724419
3.478595345,240.128000000,28.412621697
3.486345451,240.195000000,28.414519046
3.494099277,240.262000000,28.416415366
3.501856613,240.329000000,28.418309559
3.509617248,240.396000000,28.420200525
3.517380969,240.463000000,28.422087164
3.525147566,240.530000000,28.423968377
3.532916828,240.597000000,28.425843065
3.540688542,240.664000000,28.427710128
3.548462499,240.731000000,28.429568466
3.556238485,240.798000000,28.431416980
3.564016290,240.865000000,28.433254571
3.571795703,240.932000000,28.435080139
3.579576512,240.999000000,28.436892585
3.587358506,241.066000000,28.438690810
3.595141474,241.133000000,28.440473713
3.602925203,241.200000000,28.442240195
3.610709484,241.267000000,28.444004770
3.618494103,241.334000000,28.445781868
3.626278851,241.401000000,28.447570271
3.634063516,241.468000000,28.449368759
3.641847886,241.535000000,28.451176112
3.649631750,241.602000000,28.452991111
3.657414897,241.669000000,28.454812536
3.665197115,241.736000000,28.456639167
3.672978193,241.803000000,28.458469785
3.680757919,241.870000000,28.460303171
3.688536083,241.937000000,28.462138104
3.696312473,242.004000000,28.463973366
3.704086877,242.071000000,28.465807736
3.711859085,242.138000000,28.467639994
3.719628884,242.205000000,28.469468923
3.727396064,242.272000000,28.471293300
3.735160413,242.339000000,28.473111908
3.742921720,242.406000000,28.474923527
3.750679773,242.473000000,28.476726936
3.758434362,242.540000000,28.478520917
3.766185274,242.607000000,28.480304250
3.773932298,242.674000000,28.482075714
3.781675224,242.741000000,28.483834091
3.789413839,242.808000000,28.485578161
3.797147932,242.875000000,28.487306705
3.804877293,242.942000000,28.489018502
3.812601709,243.009000000,28.490712333
3.820320969,243.076000000,28.492386979
3.828034862,243.143000000,28.494041219
3.835743177,243.210000000,28.495673835
3.843445702,243.277000000,28.497283607
3.851142226,243.344000000,28.498869315
3.858832537,243.411000000,28.500429739
3.866516425,243.478000000,28.501963660
3.874193677,243.545000000,28.503469859
3.881864083,243.612000000,28.504947115
3.889527430,243.679000000,28.506394210
3.897183509,243.746000000,28.507809923
3.904832107,243.813000000,28.509193035
3.912473012,243.880000000,28.510542326
3.920106015,243.947000000,28.511856577
3.927730903,244.014000000,28.513134568
3.935347465,244.081000000,28.514375080
3.942955489,244.148000000,28.515576893
3.950554765,244.215000000,28.516738787
3.958145080,244.282000000,28.517859542
3.965726224,244.349000000,28.518937940
3.973297986,244.416000000,28.519972761
3.980860153,244.483000000,28.520962784
3.988412514,244.550000000,28.521906791
3.995954859,244.617000000,28.522803561
4.003486976,244.684000000,28.523651876
4.011008653,244.751000000,28.524450515
4.018519679,244.818000000,28.525198259
4.026019843,244.885000000,28.525893889
4.033508933,244.952000000,28.526536184
4.040986738,245.019000000,28.527123925
4.048453047,245.086000000,28.527655893
4.055907648,245.153000000,28.528130868
4.063350330,245.220000000,28.528547630
4.070780882,245.287000000,28.528904960
4.078199092,245.354000000,28.529201638
4.085604748,245.421000000,28.529436445
4.092997641,245.488000000,28.529608161
4.100377557,245.555000000,28.529715566
4.107744287,245.622000000,28.529757441
4.115097618,245.689000000,28.529732566
4.122437339,245.756000000,28.529639721
4.129763239,245.823000000,28.529477688
4.137075106,245.890000000,28.529245246
4.144372729,245.957000000,28.528941175
4.151655897,246.024000000,28.528564257
4.158924399,246.091000000,28.528113271
4.166178022,246.158000000,28.527586999
4.173416556,246.225000000,28.526984220
4.180639789,246.292000000,28.526303714
4.187847511,246.359000000,28.525544263
4.195039509,246.426000000,28.524704646
4.202215572,246.493000000,28.523783644
4.209375489,246.560000000,28.522780038
4.216519049,246.627000000,28.521692607
4.223646039,246.694000000,28.520520133
4.230756250,246.761000000,28.519261395
4.237849469,246.828000000,28.517915174
4.244925485,246.895000000,28.516480251
4.251984087,246.962000000,28.514955405
4.259025064,247.029000000,28.513339417
4.266048203,247.096000000,28.511631069
4.273053294,247.163000000,28.509829139
4.280040126,247.230000000,28.507932408
4.287008487,247.297000000,28.505939657
4.293958165,247.364000000,28.503849667
4.300888949,247.431000000,28.501661217
4.307800629,247.498000000,28.499373088
4.314692992,247.565000000,28.496984060
4.321565827,247.632000000,28.494492914
4.328418923,247.699000000,28.491898431
4.335252069,247.766000000,28.489199390
4.342065053,247.833000000,28.486394572
4.348857664,247.900000000,28.483482757
4.355629690,247.967000000,28.480462726
4.362380920,248.034000000,28.477333260
4.369111144,248.101000000,28.474093138
4.375820148,248.168000000,28.470741141
4.382507723,248.235000000,28.467276049
4.389173656,248.302000000,28.463696643
4.395817737,248.369000000,28.460001704
4.402439753,248.436000000,28.456190011
4.409039495,248.503000000,28.452260345
4.415616749,248.570000000,28.448211486
4.422171306,248.637000000,28.444042215
4.428702953,248.704000000,28.439751313
4.435211480,248.771000000,28.435337559
4.441696674,248.838000000,28.430799734
4.448158325,248.905000000,28.426136618
4.454596221,248.972000000,28.421346993
4.461010150,249.039000000,28.416429637
4.467399903,249.106000000,28.411383332
4.473765266,249.173000000,28.406206859
4.480106029,249.240000000,28.400898996
4.486421981,249.307000000,28.395458525
4.492712910,249.374000000,28.389884227
4.498978604,249.441000000,28.384174881
4.505218853,249.508000000,28.378329269
4.511433444,249.575000000,28.372346169
4.517622168,249.642000000,28.366224364
4.523784811,249.709000000,28.359962632
4.529921164,249.776000000,28.353559756
4.536031014,249.843000000,28.347014514
4.542114151,249.910000000,28.340325688
4.548170362,249.977000000,28.333492058
4.554199437,250.044000000,28.326512404
4.560201164,250.111000000,28.319385506
4.566175332,250.178000000,28.312110146
4.572121729,250.245000000,28.304685103
4.578040144,250.312000000,28.297109157
4.583930366,250.379000000,28.289381090
4.589792184,250.446000000,28.281499682
4.595625386,250.513000000,28.273463713
4.601429760,250.580000000,28.265271963
4.607205096,250.647000000,28.256923213
4.612951181,250.714000000,28.248416243
4.618667806,250.781000000,28.239749834
4.624354757,250.848000000,28.230922766
4.630011825,250.915000000,28.221933819
4.635638797,250.982000000,28.212781775
4.641235462,251.049000000,28.203465412
4.646801610,251.116000000,28.193983512
4.652337027,251.183000000,28.184334855
4.657841504,251.250000000,28.174518222
4.663314829,251.317000000,28.164532392
4.668756790,251.384000000,28.154376147
4.674167177,251.451000000,28.144048266
4.679545777,251.518000000,28.133547531
4.684892379,251.585000000,28.122872721
4.690206773,251.652000000,28.112022616
4.695488746,251.719000000,28.100995998
4.700738087,251.786000000,28.089791647
4.705954586,251.853000000,28.078408343
4.711138030,251.920000000,28.066844866
4.716288209,251.987000000,28.055099997
4.721404910,252.054000000,28.043172516
4.726487923,252.121000000,28.031061204
4.731537036,252.188000000,28.018764841
4.736552039,252.255000000,28.006282207
4.741532718,252.322000000,27.993612084
4.746478864,252.389000000,27.980753250
4.751390265,252.456000000,27.967704488
4.756266709,252.523000000,27.954464576
4.761107985,252.590000000,27.941032296
4.765913882,252.657000000,27.927406427
4.770684188,252.724000000,27.913585751
4.775418693,252.791000000,27.899569048
4.780117184,252.858000000,27.885355098
4.784779450,252.925000000,27.870942681
4.789405280,252.992000000,27.856330578
4.793994463,253.059000000,27.841517569
4.798546788,253.126000000,27.826502435
4.803062042,253.193000000,27.811283956
4.807540015,253.260000000,27.795860913
4.811980495,253.327000000,27.780232085
4.816383271,253.394000000,27.764396254
4.820748131,253.461000000,27.748352199
4.825074865,253.528000000,27.732098702
4.829363260,253.595000000,27.715634542
4.833613106,253.662000000,27.698958500
4.837824191,253.729000000,27.682069356
4.841996304,253.796000000,27.664965891
4.846129233,253.863000000,27.647646884
4.850222767,253.930000000,27.630111118
4.854276695,253.997000000,27.612357371
4.858290805,254.064000000,27.594384425
4.862264886,254.131000000,27.576191059
4.866198727,254.198000000,27.557776054
4.870092116,254.265000000,27.539138191
4.873944842,254.332000000,27.520276250
4.877756694,254.399000000,27.501189011
4.881527459,254.466000000,27.481875255
4.885256928,254.533000000,27.462333762
4.888944888,254.600000000,27.442563312
4.892591129,254.667000000,27.422562686
4.896195438,254.734000000,27.402330665
4.899757604,254.801000000,27.381866028
4.903277417,254.868000000,27.361167556
4.906754664,254.935000000,27.340234030
4.910189135,255.002000000,27.319064230
4.913580618,255.069000000,27.297656936
4.916928902,255.136000000,27.276010929
4.920233775,255.203000000,27.254124989
4.923495025,255.270000000,27.231997896
4.926712443,255.337000000,27.209628432
4.929885816,255.404000000,27.187015375
4.933014932,255.471000000,27.164157508
4.936099582,255.538000000,27.141053609
4.939139552,255.605000000,27.117702460
4.942134632,255.672000000,27.094102841
4.945084611,255.739000000,27.070253532
4.947989277,255.806000000,27.046153314
4.950848419,255.873000000,27.021800967
4.953661825,255.940000000,26.997195272
4.956429284,256.007000000,26.972320211
4.959150586,256.074000000,26.947102032
4.961825517,256.141000000,26.921456152
4.964453867,256.208000000,26.895302260
4.967035426,256.275000000,26.868564248
4.969569980,256.342000000,26.841170147
4.972057320,256.409000000,26.813052059
4.974497233,256.476000000,26.784146093
4.976889508,256.543000000,26.754392298
4.979233934,256.610000000,26.723734592
4.981530300,256.677000000,26.692120701
4.983778394,256.744000000,26.659502085
4.985978005,256.811000000,26.625833875
4.988128922,256.878000000,26.591074802
4.990230932,256.945000000,26.555187130
4.992283826,257.012000000,26.518136587
4.994287390,257.079000000,26.479892296
4.996241415,257.146000000,26.440426706
4.998145689,257.213000000,26.399715523
5.000000000,257.280000000,26.357737642
5.001804258,257.347000000,26.314497172
5.003558858,257.414000000,26.270003842
5.005264313,257.481000000,26.224249519
5.006921141,257.548000000,26.177228940
5.008529855,257.615000000,26.128939637
5.010090971,257.682000000,26.079381855
5.011605004,257.749000000,26.028558484
5.013072469,257.816000000,25.976474972
5.014493882,257.883000000,25.923139252
5.015869757,257.950000000,25.868561667
5.017200611,258.017000000,25.812754885
5.018486957,258.084000000,25.755733827
5.019729312,258.151000000,25.697515588
5.020928189,258.218000000,25.638119357
5.022084106,258.285000000,25.577566341
5.023197576,258.352000000,25.515879686
5.024269115,258.419000000,25.453084402
5.025299238,258.486000000,25.389207282
5.026288460,258.553000000,25.324276830
5.027237297,258.620000000,25.258323177
5.028146264,258.687000000,25.191378012
5.029015875,258.754000000,25.123474501
5.029846646,258.821000000,25.054647213
5.030639092,258.888000000,24.984932044
5.031393729,258.955000000,24.914366144
5.032111071,259.022000000,24.842987840
5.032791634,259.089000000,24.770836566
5.033435933,259.156000000,24.697952783
5.034044482,259.223000000,24.624377916
5.034617798,259.290000000,24.550154272
5.035156396,259.357000000,24.475324978
5.035660790,259.424000000,24.399933904
5.036131495,259.491000000,24.324025594
5.036569028,259.558000000,24.247645201
5.036973903,259.625000000,24.170838415
5.037346635,259.692000000,24.093651395
5.037687740,259.759000000,24.016130707
5.037997732,259.826000000,23.938323253
5.038277127,259.893000000,23.860276211
5.038526440,259.960000000,23.782036967
5.038746186,260.027000000,23.703653055
5.038936881,260.094000000,23.625172095
5.039099039,260.161000000,23.546641730
5.039233176,260.228000000,23.468109570
5.039339807,260.295000000,23.389623129
5.039419447,260.362000000,23.311229773
5.039472611,260.429000000,23.232976656
5.039499815,260.496000000,23.154910672
5.039501573,260.563000000,23.077078398
5.039478402,260.630000000,22.999526038
5.039430815,260.697000000,22.922299378
5.039359328,260.764000000,22.845443730
5.039264457,260.831000000,22.769003882
5.039146716,260.898000000,22.693024057
5.039006621,260.965000000,22.617547859
5.038844686,261.032000000,22.542618231
5.038661428,261.099000000,22.468277410
5.038457361,261.166000000,22.394566884
5.038233001,261.233000000,22.321527352
5.037988862,261.300000000,22.249198683
5.037725460,261.367000000,22.177619876
5.037443310,261.434000000,22.106829026
5.037142927,261.501000000,22.036863284
5.036824826,261.568000000,21.967758828
5.036489523,261.635000000,21.899550822
5.036137532,261.702000000,21.832273393
5.035769369,261.769000000,21.765959595
5.035385550,261.836000000,21.700641383
5.034986588,261.903000000,21.636349584
5.034573000,261.970000000,21.573113874
5.034145301,262.037000000,21.510962750
5.033704005,262.104000000,21.449923511
5.033249628,262.171000000,21.390022233
5.032782685,262.238000000,21.331283753
5.032303692,262.305000000,21.273731647
5.031813163,262.372000000,21.217388219
5.031311614,262.439000000,21.162274476
5.030799559,262.506000000,21.108410127
5.030277515,262.573000000,21.055813558
5.029745996,262.640000000,21.004501831
5.029205517,262.707000000,20.954490671
5.028656593,262.774000000,20.905794458
5.028099741,262.841000000,20.858426221
5.027535474,262.908000000,20.812397637
5.026964308,262.975000000,20.767719023
5.026386759,263.042000000,20.724399336
5.025803341,263.109000000,20.682446176
5.025214570,263.176000000,20.641865784
5.024620960,263.243000000,20.602663048
5.024023027,263.310000000,20.564841503
5.023421287,263.377000000,20.528403345
5.022816254,263.444000000,20.493349429
5.022208443,263.511000000,20.459679288
5.021598370,263.578000000,20.427391135
5.020986550,263.645000000,20.396481881
5.020373498,263.712000000,20.366947146
5.019759730,263.779000000,20.338781274
5.019145759,263.846000000,20.311977351
5.018532102,263.913000000,20.286527222
5.017919274,263.980000000,20.262421512
5.017307790,264.047000000,20.239649643
5.016698166,264.114000000,20.218199861
5.016090915,264.181000000,20.198059256
5.015486554,264.248000000,20.179213792
5.014885597,264.315000000,20.161648326
5.014288561,264.382000000,20.145346643
5.013695959,264.449000000,20.130291482
5.013108308,264.516000000,20.116464566
5.012526122,264.583000000,20.103846635
5.011949916,264.650000000,20.092417481
5.011380206,264.717000000,20.082155979
5.010817508,264.784000000,20.073040123
5.010262335,264.851000000,20.065047068
5.009715203,264.918000000,20.058153161
5.009176628,264.985000000,20.052333987
5.008647125,265.052000000,20.047564404
5.008127209,265.119000000,20.043818592
5.007617394,265.186000000,20.041070087
5.007118197,265.253000000,20.039291832
5.006630132,265.320000000,20.038456222
5.006153714,265.387000000,20.038535144
5.005689459,265.454000000,20.039500033
5.005237882,265.521000000,20.041321914
5.004799498,265.588000000,20.043971456
5.004374823,265.655000000,20.047419017
5.003964371,265.722000000,20.051634701
5.003568657,265.789000000,20.056588408
5.003188197,265.856000000,20.062249886
5.002823506,265.923000000,20.068588788
5.002475100,265.990000000,20.075574723
5.002143492,266.057000000,20.083177318
5.001829200,266.124000000,20.091366266
5.001532736,266.191000000,20.100111391
5.001254618,266.258000000,20.109382703
5.000995360,266.325000000,20.119150457
5.000755477,266.392000000,20.129385211
5.000535484,266.459000000,20.140057889
5.000335897,266.526000000,20.151139840
5.000157230,266.593000000,20.162602899
5.000000000,266.660000000,20.174419447
4.999864452,266.727000000,20.186562465
4.999749757,266.794000000,20.199005558
4.999654819,266.861000000,20.211723098
4.999578539,266.928000000,20.224690290
4.999519819,266.995000000,20.237883227
4.999477564,267.062000000,20.251278946
4.999450673,267.129000000,20.264855480
4.999438052,267.196000000,20.278591918
4.999438600,267.263000000,20.292468463
4.999451222,267.330000000,20.306466493
4.999474820,267.397000000,20.320568621
4.999508295,267.464000000,20.334758759
4.999550551,267.531000000,20.349022185
4.999600490,267.598000000,20.363345609
4.999657014,267.665000000,20.377717239
4.999719026,267.732000000,20.392126858
4.999785428,267.799000000,20.406565893
4.999855123,267.866000000,20.421027487
4.999927013,267.933000000,20.435506584
5.000000000,268.000000000,20.450000000
