x,y,z
-5.185989020,0.000000000,15.976401644
-5.305988579,0.067000000,15.968946064
-5.425972117,0.134000000,15.961497125
-5.545924072,0.201000000,15.954058061
-5.665828879,0.268000000,15.946634126
-5.785670972,0.335000000,15.939232545
-5.905434787,0.402000000,15.931862477
-6.025104760,0.469000000,15.924534966
-6.144665326,0.536000000,15.917262898
-6.264100921,0.603000000,15.910060955
-6.383395979,0.670000000,15.902945568
-6.502534937,0.737000000,15.895934868
-6.621502229,0.804000000,15.889048638
-6.740282292,0.871000000,15.882308264
-6.858859560,0.938000000,15.875736682
-6.977218469,1.005000000,15.869358331
-7.095343454,1.072000000,15.863199097
-7.213218951,1.139000000,15.857286265
-7.330829395,1.206000000,15.851648460
-7.448159222,1.273000000,15.846315599
-7.565192867,1.340000000,15.841318833
-7.681914766,1.407000000,15.836690494
-7.798309353,1.474000000,15.832464039
-7.914361064,1.541000000,15.828673993
-8.030054335,1.608000000,15.825355894
-8.145373602,1.675000000,15.822546236
-8.260303298,1.742000000,15.820282411
-8.374827861,1.809000000,15.818602653
-8.488931725,1.876000000,15.817545978
-8.602599326,1.943000000,15.817152128
-8.715815098,2.010000000,15.817461510
-8.828563479,2.077000000,15.818515140
-8.940828902,2.144000000,15.820354583
-9.052595804,2.211000000,15.823021892
-9.163848620,2.278000000,15.826559551
-9.274571785,2.345000000,15.831010415
-9.384749734,2.412000000,15.836417650
-9.494366904,2.479000000,15.842824675
-9.603407729,2.546000000,15.850275097
-9.711856645,2.613000000,15.858812660
-9.819698087,2.680000000,15.868481176
-9.926916491,2.747000000,15.879324472
-10.033496292,2.814000000,15.891386328
-10.139421926,2.881000000,15.904710416
-10.244677827,2.948000000,15.919340243
-10.349248432,3.015000000,15.935319089
-10.453118176,3.082000000,15.952689951
-10.556271494,3.149000000,15.971495480
-10.658692822,3.216000000,15.991777926
-10.760366594,3.283000000,16.013579076
-10.861277247,3.350000000,16.036940197
-10.961409216,3.417000000,16.061901978
-11.060746936,3.484000000,16.088504474
-11.159274843,3.551000000,16.116787042
-11.256977372,3.618000000,16.146788293
-11.353838958,3.685000000,16.178546026
-11.449844038,3.752000000,16.212097178
-11.544977046,3.819000000,16.247477764
-11.639222417,3.886000000,16.284722825
-11.732564588,3.953000000,16.323866366
-11.824987993,4.020000000,16.364941311
-11.916477068,4.087000000,16.407979438
-12.007016249,4.154000000,16.453011335
-12.096589970,4.221000000,16.500066338
-12.185182668,4.288000000,16.549172483
-12.272778777,4.355000000,16.600356455
-12.359362734,4.422000000,16.653643532
-12.444918973,4.489000000,16.709057535
-12.529431930,4.556000000,16.766620781
-12.612886040,4.623000000,16.826354028
-12.695265739,4.690000000,16.888276429
-12.776555462,4.757000000,16.952405483
-12.856739644,4.824000000,17.018756986
-12.935802722,4.891000000,17.087344984
-13.013729130,4.958000000,17.158181728
-13.090503303,5.025000000,17.231277626
-13.166109678,5.092000000,17.306641198
-13.240532690,5.159000000,17.384279034
-13.313756774,5.226000000,17.464195749
-13.385766365,5.293000000,17.546393938
-13.456545898,5.360000000,17.630874138
-13.526083962,5.427000000,17.717635976
-13.594385748,5.494000000,17.806682012
-13.661460600,5.561000000,17.898014702
-13.727317861,5.628000000,17.991635282
-13.791966877,5.695000000,18.087543778
-13.855416990,5.762000000,18.185739011
-13.917677545,5.829000000,18.286218602
-13.978757885,5.896000000,18.388978982
-14.038667355,5.963000000,18.494015397
-14.097415297,6.030000000,18.601321924
-14.155011057,6.097000000,18.710891474
-14.211463978,6.164000000,18.822715808
-14.266783403,6.231000000,18.936785543
-14.320978677,6.298000000,19.053090171
-14.374059144,6.365000000,19.171618068
-14.426034147,6.432000000,19.292356507
-14.476913031,6.499000000,19.415291674
-14.526705139,6.566000000,19.540408681
-14.575419814,6.633000000,19.667691583
-14.623066402,6.700000000,19.797123396
-14.669654246,6.767000000,19.928686107
-14.715192689,6.834000000,20.062360697
-14.759691076,6.901000000,20.198127158
-14.803158751,6.968000000,20.335964507
-14.845605057,7.035000000,20.475850811
-14.887039338,7.102000000,20.617763198
-14.927470938,7.169000000,20.761677884
-14.966909201,7.236000000,20.907570190
-15.005363471,7.303000000,21.055414561
-15.042843092,7.370000000,21.205184588
-15.079357407,7.437000000,21.356853031
-15.114915761,7.504000000,21.510391835
-15.149527497,7.571000000,21.665772159
-15.183201959,7.638000000,21.822964392
-15.215948492,7.705000000,21.981938181
-15.247776439,7.772000000,22.142662446
-15.278695143,7.839000000,22.305105413
-15.308713950,7.906000000,22.469234628
-15.337842201,7.973000000,22.635016988
-15.366089243,8.040000000,22.802418759
-15.393464418,8.107000000,22.971405603
-15.419977070,8.174000000,23.141942602
-15.445636543,8.241000000,23.313994282
-15.470452182,8.308000000,23.487524638
-15.494433329,8.375000000,23.662497156
-15.517589329,8.442000000,23.838874844
-15.539929526,8.509000000,24.016620249
-15.561463263,8.576000000,24.195695489
-15.582199885,8.643000000,24.376062275
-15.602148735,8.710000000,24.557681935
-15.621319157,8.777000000,24.740515443
-15.639720495,8.844000000,24.924523441
-15.657362093,8.911000000,25.109666266
-15.674253295,8.978000000,25.295903977
-15.690403445,9.045000000,25.483196377
-15.705821886,9.112000000,25.671503040
-15.720517963,9.179000000,25.860783340
-15.734501019,9.246000000,26.050996468
-15.747780398,9.313000000,26.242101469
-15.760365444,9.380000000,26.434057256
-15.772265502,9.447000000,26.626822643
-15.783489914,9.514000000,26.820356369
-15.794048024,9.581000000,27.014617118
-15.803949178,9.648000000,27.209563552
-15.813202718,9.715000000,27.405154331
-15.821817988,9.782000000,27.601348139
-15.829804332,9.849000000,27.798103708
-15.837171095,9.916000000,27.995379845
-15.843927620,9.983000000,28.193135453
-15.850083250,10.050000000,28.391329560
-15.855647330,10.117000000,28.589921339
-15.860629204,10.184000000,28.788870132
-15.865038215,10.251000000,28.988135479
-15.868883708,10.318000000,29.187677136
-15.872175026,10.385000000,29.387455099
-15.874921513,10.452000000,29.587429630
-15.877132513,10.519000000,29.787561281
-15.878817370,10.586000000,29.987810910
-15.879985428,10.653000000,30.188139710
-15.880646030,10.720000000,30.388509231
-15.880808521,10.787000000,30.588881397
-15.880482244,10.854000000,30.789218533
-15.879676543,10.921000000,30.989483384
-15.878400763,10.988000000,31.189639136
-15.876664247,11.055000000,31.389649438
-15.874476339,11.122000000,31.589478422
-15.871846382,11.189000000,31.789090725
-15.868783721,11.256000000,31.988451505
-15.865297700,11.323000000,32.187526465
-15.861397662,11.390000000,32.386281870
-15.857092951,11.457000000,32.584684566
-15.852392912,11.524000000,32.782701999
-15.847306887,11.591000000,32.980302236
-15.841844222,11.658000000,33.177453979
-15.836014259,11.725000000,33.374126582
-15.829826343,11.792000000,33.570290075
-15.823289818,11.859000000,33.765915174
-15.816414027,11.926000000,33.960973299
-15.809208314,11.993000000,34.155436593
-15.801682023,12.060000000,34.349277935
-15.793844499,12.127000000,34.542470958
-15.785705085,12.194000000,34.734990060
-15.777273124,12.261000000,34.926810422
-15.768557961,12.328000000,35.117908021
-15.759568940,12.395000000,35.308259645
-15.750315404,12.462000000,35.497842905
-15.740806698,12.529000000,35.686636246
-15.731052164,12.596000000,35.874618965
-15.721061148,12.663000000,36.061771219
-15.710842993,12.730000000,36.248074038
-15.700407043,12.797000000,36.433509334
-15.689762641,12.864000000,36.618059918
-15.678919132,12.931000000,36.801709503
-15.667885860,12.998000000,36.984442718
-15.656672168,13.065000000,37.166245117
-15.645287400,13.132000000,37.347103190
-15.633740900,13.199000000,37.527004367
-15.622042013,13.266000000,37.705937031
-15.610200081,13.333000000,37.883890521
-15.598224449,13.400000000,38.060855146
-15.586129888,13.467000000,38.236806306
-15.573931194,13.534000000,38.411720166
-15.561637753,13.601000000,38.585495180
-15.549258946,13.668000000,38.757791094
-15.536804157,13.735000000,38.928257234
-15.524282770,13.802000000,39.096574751
-15.511704168,13.869000000,39.262455175
-15.499077734,13.936000000,39.425638972
-15.486412852,14.003000000,39.585894133
-15.473718906,14.070000000,39.743014778
-15.461005277,14.137000000,39.896819777
-15.448281351,14.204000000,40.047151415
-15.435556509,14.271000000,40.193874074
-15.422840136,14.338000000,40.336872950
-15.410141615,14.405000000,40.476052813
-15.397470330,14.472000000,40.611336795
-15.384835663,14.539000000,40.742665216
-15.372246998,14.606000000,40.869994457
-15.359713719,14.673000000,40.993295867
-15.347245208,14.740000000,41.112554716
-15.334850850,14.807000000,41.227769183
-15.322540027,14.874000000,41.338949397
-15.310322123,14.941000000,41.446116510
-15.298206522,15.008000000,41.549301824
-15.286202606,15.075000000,41.648545951
-15.274319759,15.142000000,41.743898022
-15.262567365,15.209000000,41.835414935
-15.250954806,15.276000000,41.923160648
-15.239491467,15.343000000,42.007205511
-15.228186730,15.410000000,42.087625641
-15.217049979,15.477000000,42.164502333
-15.206090597,15.544000000,42.237921515
-15.195317968,15.611000000,42.307973241
-15.184741475,15.678000000,42.374751214
-15.174370501,15.745000000,42.438352359
-15.164214430,15.812000000,42.498876417
-15.154282646,15.879000000,42.556425585
-15.144584531,15.946000000,42.611104181
-15.135129468,16.013000000,42.663018348
-15.125926842,16.080000000,42.712275785
-15.116984235,16.147000000,42.758982813
-15.108302023,16.214000000,42.803236522
-15.099878784,16.281000000,42.845133379
-15.091713093,16.348000000,42.884771756
-15.083803528,16.415000000,42.922251647
-15.076148663,16.482000000,42.957674405
-15.068747077,16.549000000,42.991142479
-15.061597345,16.616000000,43.022759167
-15.054698042,16.683000000,43.052628369
-15.048047747,16.750000000,43.080854358
-15.041645035,16.817000000,43.107541549
-15.035488482,16.884000000,43.132794285
-15.029576665,16.951000000,43.156716630
-15.023908160,17.018000000,43.179412162
-15.018481544,17.085000000,43.200983787
-15.013295392,17.152000000,43.221533547
-15.008348282,17.219000000,43.241162451
-15.003638789,17.286000000,43.259970301
-14.999165490,17.353000000,43.278055532
-14.994926961,17.420000000,43.295515059
-14.990921779,17.487000000,43.312444131
-14.987148519,17.554000000,43.328936196
-14.983605759,17.621000000,43.345082764
-14.980292074,17.688000000,43.360973290
-14.977206042,17.755000000,43.376695053
-14.974346237,17.822000000,43.392333054
-14.971711237,17.889000000,43.407969907
-14.969299619,17.956000000,43.423685750
-14.967109957,18.023000000,43.439558155
-14.965140829,18.090000000,43.455662049
-14.963390811,18.157000000,43.472069639
-14.961858480,18.224000000,43.488850347
-14.960542411,18.291000000,43.506070746
-14.959441181,18.358000000,43.523794509
-14.958553366,18.425000000,43.542082362
-14.957877544,18.492000000,43.560992040
-14.957412289,18.559000000,43.580578254
-14.957156179,18.626000000,43.600892661
-14.957107789,18.693000000,43.621983842
-14.957265697,18.760000000,43.643897284
-14.957628478,18.827000000,43.666675370
-14.958194709,18.894000000,43.690357371
-14.958962966,18.961000000,43.714979446
-14.959931825,19.028000000,43.740574651
-14.961099863,19.095000000,43.767172943
-14.962465657,19.162000000,43.794801201
-14.964027782,19.229000000,43.823483243
-14.965784815,19.296000000,43.853239853
-14.967735332,19.363000000,43.884088809
-14.969877909,19.430000000,43.916044919
-14.972211124,19.497000000,43.949120062
-14.974733551,19.564000000,43.983323226
-14.977443769,19.631000000,44.018660559
-14.980340352,19.698000000,44.055135418
-14.983421878,19.765000000,44.092748427
-14.986686922,19.832000000,44.131497532
-14.990134061,19.899000000,44.171378065
-14.993761871,19.966000000,44.212382809
-14.997568930,20.033000000,44.254502065
-15.001553812,20.100000000,44.297723725
-15.005715094,20.167000000,44.342033346
-15.010051353,20.234000000,44.387414226
-15.014561166,20.301000000,44.433847481
-15.019243107,20.368000000,44.481312132
-15.024095755,20.435000000,44.529785180
-15.029117684,20.502000000,44.579241698
-15.034307472,20.569000000,44.629654916
-15.039663695,20.636000000,44.680996306
-15.045184928,20.703000000,44.733235676
-15.050869750,20.770000000,44.786341256
-15.056716735,20.837000000,44.840279795
-15.062724460,20.904000000,44.895016647
-15.068891501,20.971000000,44.950515868
-15.075216436,21.038000000,45.006740309
-15.081697840,21.105000000,45.063651705
-15.088334289,21.172000000,45.121210774
-15.095124360,21.239000000,45.179377306
-15.102066629,21.306000000,45.238110256
-15.109159673,21.373000000,45.297367837
-15.116402068,21.440000000,45.357107612
-15.123792390,21.507000000,45.417286583
-15.131329216,21.574000000,45.477861279
-15.139011121,21.641000000,45.538787849
-15.146836683,21.708000000,45.600022142
-15.154804478,21.775000000,45.661519799
-15.162913082,21.842000000,45.723236332
-15.171161070,21.909000000,45.785127207
-15.179547021,21.976000000,45.847147922
-15.188069510,22.043000000,45.909254089
-15.196727113,22.110000000,45.971401505
-15.205518406,22.177000000,46.033546227
-15.214441967,22.244000000,46.095644643
-15.223496371,22.311000000,46.157653538
-15.232680195,22.378000000,46.219530162
-15.241992015,22.445000000,46.281232291
-15.251430407,22.512000000,46.342718286
-15.260993949,22.579000000,46.403947153
-15.270681215,22.646000000,46.464878593
-15.280490783,22.713000000,46.525473055
-15.290421228,22.780000000,46.585691782
-15.300471128,22.847000000,46.645496860
-15.310639058,22.914000000,46.704851252
-15.320923596,22.981000000,46.763718843
-15.331323316,23.048000000,46.822064469
-15.341836796,23.115000000,46.879853951
-15.352462612,23.182000000,46.937054125
-15.363199340,23.249000000,46.993632863
nan,nan,nan
nan,nan,nan
nan,nan,nan
nan,nan,nan
nan,nan,nan
nan,nan,nan
nan,nan,nan
nan,nan,nan
nan,nan,nan
nan,nan,nan
nan,nan,nan
nan,nan,nan
nan,nan,nan
nan,nan,nan
nan,nan,nan
nan,nan,nan
nan,nan,nan
nan,nan,nan
nan,nan,nan
nan,nan,nan
nan,nan,nan
nan,nan,nan
nan,nan,nan
nan,nan,nan
nan,nan,nan
nan,nan,nan
nan,nan,nan
nan,nan,nan
nan,nan,nan
nan,nan,nan
nan,nan,nan
nan,nan,nan
nan,nan,nan
nan,nan,nan
nan,nan,nan
nan,nan,nan
nan,nan,nan
nan,nan,nan
nan,nan,nan
nan,nan,nan
nan,nan,nan
nan,nan,nan
nan,nan,nan
nan,nan,nan
nan,nan,nan
nan,nan,nan
nan,nan,nan
nan,nan,nan
nan,nan,nan
nan,nan,nan
nan,nan,nan
nan,nan,nan
nan,nan,nan
nan,nan,nan
nan,nan,nan
nan,nan,nan
nan,nan,nan
nan,nan,nan
nan,nan,nan
nan,nan,nan
nan,nan,nan
nan,nan,nan
nan,nan,nan
nan,nan,nan
nan,nan,nan
nan,nan,nan
nan,nan,nan
nan,nan,nan
nan,nan,nan
nan,nan,nan
nan,nan,nan
nan,nan,nan
nan,nan,nan
nan,nan,nan
nan,nan,nan
nan,nan,nan
nan,nan,nan
nan,nan,nan
nan,nan,nan
nan,nan,nan
nan,nan,nan
nan,nan,nan
nan,nan,nan
nan,nan,nan
nan,nan,nan
nan,nan,nan
nan,nan,nan
nan,nan,nan
nan,nan,nan
nan,nan,nan
nan,nan,nan
nan,nan,nan
nan,nan,nan
nan,nan,nan
nan,nan,nan
nan,nan,nan
nan,nan,nan
nan,nan,nan
nan,nan,nan
nan,nan,nan
nan,nan,nan
nan,nan,nan
nan,nan,nan
nan,nan,nan
nan,nan,nan
nan,nan,nan
nan,nan,nan
nan,nan,nan
nan,nan,nan
nan,nan,nan
nan,nan,nan
nan,nan,nan
nan,nan,nan
nan,nan,nan
nan,nan,nan
nan,nan,nan
nan,nan,nan
nan,nan,nan
nan,nan,nan
nan,nan,nan
nan,nan,nan
nan,nan,nan
nan,nan,nan
nan,nan,nan
nan,nan,nan
nan,nan,nan
nan,nan,nan
nan,nan,nan
nan,nan,nan
nan,nan,nan
nan,nan,nan
nan,nan,nan
nan,nan,nan
nan,nan,nan
nan,nan,nan
nan,nan,nan
nan,nan,nan
nan,nan,nan
nan,nan,nan
nan,nan,nan
nan,nan,nan
nan,nan,nan
nan,nan,nan
nan,nan,nan
nan,nan,nan
nan,nan,nan
nan,nan,nan
nan,nan,nan
nan,nan,nan
nan,nan,nan
nan,nan,nan
nan,nan,nan
nan,nan,nan
nan,nan,nan
nan,nan,nan
nan,nan,nan
nan,nan,nan
nan,nan,nan
nan,nan,nan
nan,nan,nan
nan,nan,nan
nan,nan,nan
nan,nan,nan
nan,nan,nan
nan,nan,nan
nan,nan,nan
nan,nan,nan
nan,nan,nan
nan,nan,nan
nan,nan,nan
nan,nan,nan
nan,nan,nan
nan,nan,nan
nan,nan,nan
nan,nan,nan
nan,nan,nan
nan,nan,nan
nan,nan,nan
nan,nan,nan
nan,nan,nan
nan,nan,nan
nan,nan,nan
nan,nan,nan
nan,nan,nan
nan,nan,nan
nan,nan,nan
nan,nan,nan
nan,nan,nan
nan,nan,nan
nan,nan,nan
nan,nan,nan
nan,nan,nan
nan,nan,nan
nan,nan,nan
nan,nan,nan
nan,nan,nan
nan,nan,nan
nan,nan,nan
nan,nan,nan
nan,nan,nan
nan,nan,nan
nan,nan,nan
nan,nan,nan
nan,nan,nan
nan,nan,nan
nan,nan,nan
nan,nan,nan
nan,nan,nan
nan,nan,nan
nan,nan,nan
nan,nan,nan
nan,nan,nan
nan,nan,nan
nan,nan,nan
nan,nan,nan
nan,nan,nan
nan,nan,nan
nan,nan,nan
nan,nan,nan
nan,nan,nan
nan,nan,nan
nan,nan,nan
nan,nan,nan
nan,nan,nan
nan,nan,nan
nan,nan,nan
nan,nan,nan
nan,nan,nan
nan,nan,nan
nan,nan,nan
nan,nan,nan
nan,nan,nan
nan,nan,nan
nan,nan,nan
nan,nan,nan
nan,nan,nan
nan,nan,nan
nan,nan,nan
nan,nan,nan
nan,nan,nan
nan,nan,nan
nan,nan,nan
nan,nan,nan
nan,nan,nan
nan,nan,nan
nan,nan,nan
nan,nan,nan
nan,nan,nan
nan,nan,nan
nan,nan,nan
nan,nan,nan
nan,nan,nan
nan,nan,nan
nan,nan,nan
nan,nan,nan
nan,nan,nan
nan,nan,nan
nan,nan,nan
nan,nan,nan
nan,nan,nan
nan,nan,nan
nan,nan,nan
nan,nan,nan
nan,nan,nan
nan,nan,nan
nan,nan,nan
nan,nan,nan
nan,nan,nan
nan,nan,nan
nan,nan,nan
nan,nan,nan
nan,nan,nan
nan,nan,nan
nan,nan,nan
nan,nan,nan
nan,nan,nan
nan,nan,nan
nan,nan,nan
nan,nan,nan
nan,nan,nan
nan,nan,nan
nan,nan,nan
nan,nan,nan
nan,nan,nan
nan,nan,nan
nan,nan,nan
nan,nan,nan
nan,nan,nan
nan,nan,nan
nan,nan,nan
nan,nan,nan
nan,nan,nan
nan,nan,nan
nan,nan,nan
nan,nan,nan
nan,nan,nan
nan,nan,nan
nan,nan,nan
nan,nan,nan
nan,nan,nan
nan,nan,nan
nan,nan,nan
nan,nan,nan
nan,nan,nan
nan,nan,nan
nan,nan,nan
nan,nan,nan
nan,nan,nan
nan,nan,nan
nan,nan,nan
nan,nan,nan
nan,nan,nan
nan,nan,nan
nan,nan,nan
nan,nan,nan
nan,nan,nan
nan,nan,nan
nan,nan,nan
nan,nan,nan
nan,nan,nan
nan,nan,nan
nan,nan,nan
nan,nan,nan
nan,nan,nan
nan,nan,nan
nan,nan,nan
nan,nan,nan
nan,nan,nan
nan,nan,nan
nan,nan,nan
nan,nan,nan
nan,nan,nan
nan,nan,nan
nan,nan,nan
nan,nan,nan
nan,nan,nan
nan,nan,nan
nan,nan,nan
nan,nan,nan
nan,nan,nan
nan,nan,nan
nan,nan,nan
nan,nan,nan
nan,nan,nan
nan,nan,nan
nan,nan,nan
nan,nan,nan
nan,nan,nan
nan,nan,nan
nan,nan,nan
nan,nan,nan
nan,nan,nan
nan,nan,nan
nan,nan,nan
nan,nan,nan
nan,nan,nan
nan,nan,nan
nan,nan,nan
nan,nan,nan
nan,nan,nan
nan,nan,nan
nan,nan,nan
nan,nan,nan
nan,nan,nan
nan,nan,nan
nan,nan,nan
nan,nan,nan
nan,nan,nan
nan,nan,nan
nan,nan,nan
nan,nan,nan
nan,nan,nan
nan,nan,nan
nan,nan,nan
nan,nan,nan
nan,nan,nan
nan,nan,nan
nan,nan,nan
nan,nan,nan
nan,nan,nan
nan,nan,nan
nan,nan,nan
nan,nan,nan
nan,nan,nan
nan,nan,nan
nan,nan,nan
nan,nan,nan
nan,nan,nan
nan,nan,nan
nan,nan,nan
nan,nan,nan
nan,nan,nan
nan,nan,nan
nan,nan,nan
nan,nan,nan
nan,nan,nan
nan,nan,nan
nan,nan,nan
nan,nan,nan
nan,nan,nan
nan,nan,nan
nan,nan,nan
nan,nan,nan
nan,nan,nan
nan,nan,nan
nan,nan,nan
nan,nan,nan
nan,nan,nan
nan,nan,nan
nan,nan,nan
nan,nan,nan
nan,nan,nan
nan,nan,nan
nan,nan,nan
nan,nan,nan
nan,nan,nan
nan,nan,nan
nan,nan,nan
nan,nan,nan
nan,nan,nan
nan,nan,nan
nan,nan,nan
nan,nan,nan
nan,nan,nan
nan,nan,nan
nan,nan,nan
nan,nan,nan
nan,nan,nan
nan,nan,nan
nan,nan,nan
nan,nan,nan
nan,nan,nan
nan,nan,nan
nan,nan,nan
nan,nan,nan
nan,nan,nan
nan,nan,nan
nan,nan,nan
nan,nan,nan
nan,nan,nan
nan,nan,nan
nan,nan,nan
nan,nan,nan
nan,nan,nan
nan,nan,nan
nan,nan,nan
nan,nan,nan
nan,nan,nan
nan,nan,nan
nan,nan,nan
nan,nan,nan
nan,nan,nan
nan,nan,nan
nan,nan,nan
nan,nan,nan
nan,nan,nan
nan,nan,nan
nan,nan,nan
nan,nan,nan
nan,nan,nan
nan,nan,nan
nan,nan,nan
nan,nan,nan
nan,nan,nan
nan,nan,nan
nan,nan,nan
nan,nan,nan
nan,nan,nan
nan,nan,nan
nan,nan,nan
nan,nan,nan
nan,nan,nan
nan,nan,nan
nan,nan,nan
nan,nan,nan
nan,nan,nan
nan,nan,nan
nan,nan,nan
nan,nan,nan
nan,nan,nan
nan,nan,nan
nan,nan,nan
nan,nan,nan
nan,nan,nan
nan,nan,nan
nan,nan,nan
nan,nan,nan
nan,nan,nan
nan,nan,nan
nan,nan,nan
nan,nan,nan
nan,nan,nan
nan,nan,nan
nan,nan,nan
nan,nan,nan
nan,nan,nan
nan,nan,nan
nan,nan,nan
nan,nan,nan
nan,nan,nan
nan,nan,nan
nan,nan,nan
nan,nan,nan
nan,nan,nan
nan,nan,nan
nan,nan,nan
nan,nan,nan
nan,nan,nan
nan,nan,nan
nan,nan,nan
nan,nan,nan
nan,nan,nan
nan,nan,nan
nan,nan,nan
nan,nan,nan
nan,nan,nan
nan,nan,nan
nan,nan,nan
nan,nan,nan
nan,nan,nan
nan,nan,nan
nan,nan,nan
nan,nan,nan
nan,nan,nan
nan,nan,nan
nan,nan,nan
nan,nan,nan
nan,nan,nan
nan,nan,nan
nan,nan,nan
nan,nan,nan
nan,nan,nan
nan,nan,nan
nan,nan,nan
nan,nan,nan
nan,nan,nan
nan,nan,nan
nan,nan,nan
nan,nan,nan
nan,nan,nan
nan,nan,nan
nan,nan,nan
nan,nan,nan
nan,nan,nan
nan,nan,nan
nan,nan,nan
nan,nan,nan
nan,nan,nan
nan,nan,nan
nan,nan,nan
nan,nan,nan
nan,nan,nan
nan,nan,nan
nan,nan,nan
nan,nan,nan
nan,nan,nan
nan,nan,nan
nan,nan,nan
nan,nan,nan
nan,nan,nan
nan,nan,nan
nan,nan,nan
nan,nan,nan
nan,nan,nan
nan,nan,nan
nan,nan,nan
nan,nan,nan
nan,nan,nan
nan,nan,nan
nan,nan,nan
nan,nan,nan
nan,nan,nan
nan,nan,nan
nan,nan,nan
nan,nan,nan
nan,nan,nan
nan,nan,nan
nan,nan,nan
nan,nan,nan
nan,nan,nan
nan,nan,nan
nan,nan,nan
nan,nan,nan
nan,nan,nan
nan,nan,nan
nan,nan,nan
nan,nan,nan
nan,nan,nan
nan,nan,nan
nan,nan,nan
nan,nan,nan
nan,nan,nan
nan,nan,nan
nan,nan,nan
nan,nan,nan
nan,nan,nan
nan,nan,nan
nan,nan,nan
nan,nan,nan
nan,nan,nan
nan,nan,nan
nan,nan,nan
nan,nan,nan
nan,nan,nan
nan,nan,nan
nan,nan,nan
nan,nan,nan
nan,nan,nan
nan,nan,nan
nan,nan,nan
nan,nan,nan
nan,nan,nan
nan,nan,nan
nan,nan,nan
nan,nan,nan
nan,nan,nan
nan,nan,nan
nan,nan,nan
nan,nan,nan
nan,nan,nan
nan,nan,nan
nan,nan,nan
nan,nan,nan
nan,nan,nan
nan,nan,nan
nan,nan,nan
nan,nan,nan
nan,nan,nan
nan,nan,nan
nan,nan,nan
nan,nan,nan
nan,nan,nan
nan,nan,nan
nan,nan,nan
nan,nan,nan
nan,nan,nan
nan,nan,nan
nan,nan,nan
nan,nan,nan
nan,nan,nan
nan,nan,nan
nan,nan,nan
nan,nan,nan
nan,nan,nan
nan,nan,nan
nan,nan,nan
nan,nan,nan
nan,nan,nan
nan,nan,nan
nan,nan,nan
nan,nan,nan
nan,nan,nan
nan,nan,nan
nan,nan,nan
nan,nan,nan
nan,nan,nan
nan,nan,nan
nan,nan,nan
nan,nan,nan
nan,nan,nan
nan,nan,nan
nan,nan,nan
nan,nan,nan
nan,nan,nan
nan,nan,nan
nan,nan,nan
nan,nan,nan
nan,nan,nan
nan,nan,nan
nan,nan,nan
nan,nan,nan
nan,nan,nan
nan,nan,nan
nan,nan,nan
nan,nan,nan
nan,nan,nan
nan,nan,nan
nan,nan,nan
nan,nan,nan
nan,nan,nan
nan,nan,nan
nan,nan,nan
nan,nan,nan
nan,nan,nan
nan,nan,nan
nan,nan,nan
nan,nan,nan
nan,nan,nan
nan,nan,nan
nan,nan,nan
nan,nan,nan
nan,nan,nan
nan,nan,nan
nan,nan,nan
nan,nan,nan
nan,nan,nan
nan,nan,nan
nan,nan,nan
nan,nan,nan
nan,nan,nan
nan,nan,nan
nan,nan,nan
nan,nan,nan
nan,nan,nan
nan,nan,nan
nan,nan,nan
nan,nan,nan
nan,nan,nan
nan,nan,nan
nan,nan,nan
nan,nan,nan
nan,nan,nan
nan,nan,nan
nan,nan,nan
nan,nan,nan
nan,nan,nan
nan,nan,nan
nan,nan,nan
nan,nan,nan
nan,nan,nan
nan,nan,nan
nan,nan,nan
nan,nan,nan
nan,nan,nan
nan,nan,nan
nan,nan,nan
nan,nan,nan
nan,nan,nan
nan,nan,nan
nan,nan,nan
nan,nan,nan
nan,nan,nan
nan,nan,nan
nan,nan,nan
nan,nan,nan
nan,nan,nan
nan,nan,nan
nan,nan,nan
nan,nan,nan
nan,nan,nan
nan,nan,nan
nan,nan,nan
nan,nan,nan
nan,nan,nan
nan,nan,nan
nan,nan,nan
nan,nan,nan
nan,nan,nan
nan,nan,nan
nan,nan,nan
nan,nan,nan
nan,nan,nan
nan,nan,nan
nan,nan,nan
nan,nan,nan
nan,nan,nan
nan,nan,nan
nan,nan,nan
nan,nan,nan
nan,nan,nan
nan,nan,nan
nan,nan,nan
nan,nan,nan
nan,nan,nan
nan,nan,nan
nan,nan,nan
nan,nan,nan
nan,nan,nan
nan,nan,nan
nan,nan,nan
nan,nan,nan
nan,nan,nan
nan,nan,nan
nan,nan,nan
nan,nan,nan
nan,nan,nan
nan,nan,nan
nan,nan,nan
nan,nan,nan
nan,nan,nan
nan,nan,nan
nan,nan,nan
nan,nan,nan
nan,nan,nan
nan,nan,nan
nan,nan,nan
nan,nan,nan
nan,nan,nan
nan,nan,nan
nan,nan,nan
nan,nan,nan
nan,nan,nan
nan,nan,nan
nan,nan,nan
nan,nan,nan
nan,nan,nan
nan,nan,nan
nan,nan,nan
nan,nan,nan
nan,nan,nan
nan,nan,nan
nan,nan,nan
nan,nan,nan
nan,nan,nan
nan,nan,nan
nan,nan,nan
nan,nan,nan
nan,nan,nan
nan,nan,nan
nan,nan,nan
nan,nan,nan
nan,nan,nan
nan,nan,nan
nan,nan,nan
nan,nan,nan
nan,nan,nan
nan,nan,nan
nan,nan,nan
nan,nan,nan
nan,nan,nan
nan,nan,nan
nan,nan,nan
nan,nan,nan
nan,nan,nan
nan,nan,nan
nan,nan,nan
nan,nan,nan
nan,nan,nan
nan,nan,nan
nan,nan,nan
nan,nan,nan
nan,nan,nan
nan,nan,nan
nan,nan,nan
nan,nan,nan
nan,nan,nan
nan,nan,nan
nan,nan,nan
nan,nan,nan
nan,nan,nan
nan,nan,nan
nan,nan,nan
nan,nan,nan
nan,nan,nan
nan,nan,nan
nan,nan,nan
nan,nan,nan
nan,nan,nan
nan,nan,nan
nan,nan,nan
nan,nan,nan
nan,nan,nan
nan,nan,nan
nan,nan,nan
nan,nan,nan
nan,nan,nan
nan,nan,nan
nan,nan,nan
nan,nan,nan
nan,nan,nan
nan,nan,nan
nan,nan,nan
nan,nan,nan
nan,nan,nan
nan,nan,nan
nan,nan,nan
nan,nan,nan
nan,nan,nan
nan,nan,nan
nan,nan,nan
nan,nan,nan
nan,nan,nan
nan,nan,nan
nan,nan,nan
nan,nan,nan
nan,nan,nan
nan,nan,nan
nan,nan,nan
nan,nan,nan
nan,nan,nan
nan,nan,nan
nan,nan,nan
nan,nan,nan
nan,nan,nan
nan,nan,nan
nan,nan,nan
nan,nan,nan
nan,nan,nan
nan,nan,nan
nan,nan,nan
nan,nan,nan
nan,nan,nan
nan,nan,nan
nan,nan,nan
nan,nan,nan
nan,nan,nan
nan,nan,nan
nan,nan,nan
nan,nan,nan
nan,nan,nan
nan,nan,nan
nan,nan,nan
nan,nan,nan
nan,nan,nan
nan,nan,nan
nan,nan,nan
nan,nan,nan
nan,nan,nan
nan,nan,nan
nan,nan,nan
nan,nan,nan
nan,nan,nan
nan,nan,nan
nan,nan,nan
nan,nan,nan
nan,nan,nan
nan,nan,nan
nan,nan,nan
nan,nan,nan
nan,nan,nan
nan,nan,nan
nan,nan,nan
nan,nan,nan
nan,nan,nan
nan,nan,nan
nan,nan,nan
nan,nan,nan
nan,nan,nan
nan,nan,nan
nan,nan,nan
nan,nan,nan
nan,nan,nan
nan,nan,nan
nan,nan,nan
nan,nan,nan
nan,nan,nan
nan,nan,nan
nan,nan,nan
nan,nan,nan
nan,nan,nan
nan,nan,nan
nan,nan,nan
nan,nan,nan
nan,nan,nan
nan,nan,nan
nan,nan,nan
nan,nan,nan
nan,nan,nan
nan,nan,nan
nan,nan,nan
nan,nan,nan
nan,nan,nan
nan,nan,nan
-20.241218577,87.167000000,49.414940239
-20.245002558,87.234000000,49.390037080
-20.248777806,87.301000000,49.365183436
-20.252544253,87.368000000,49.340374417
-20.256301830,87.435000000,49.315605256
-20.260050468,87.502000000,49.290871311
-20.263790099,87.569000000,49.266168059
-20.267520655,87.636000000,49.241491098
-20.271242066,87.703000000,49.216836146
-20.274954264,87.770000000,49.192199040
-20.278657181,87.837000000,49.167575734
-20.282350749,87.904000000,49.142962298
-20.286034897,87.971000000,49.118354918
-20.289709558,88.038000000,49.093749895
-20.293374664,88.105000000,49.069143643
-20.297030146,88.172000000,49.044532687
-20.300675934,88.239000000,49.019913668
-20.304311962,88.306000000,48.995283331
-20.307938159,88.373000000,48.970638535
-20.311554458,88.440000000,48.945976246
-20.315160790,88.507000000,48.921293537
-20.318757086,88.574000000,48.896587586
-20.322343279,88.641000000,48.871855676
-20.325919298,88.708000000,48.847095197
-20.329485076,88.775000000,48.822303639
-20.333040544,88.842000000,48.797478594
-20.336585634,88.909000000,48.772617754
-20.340120277,88.976000000,48.747718912
-20.343644404,89.043000000,48.722779960
-20.347157947,89.110000000,48.697798885
-20.350660837,89.177000000,48.672773771
-20.354153006,89.244000000,48.647702798
-20.357634385,89.311000000,48.622584239
-20.361104906,89.378000000,48.597416460
-20.364564500,89.445000000,48.572197919
-20.368013098,89.512000000,48.546927164
-20.371450632,89.579000000,48.521602834
-20.374877034,89.646000000,48.496223653
-20.378292234,89.713000000,48.470788436
-20.381696165,89.780000000,48.445296082
-20.385088757,89.847000000,48.419745575
-20.388469942,89.914000000,48.394135983
-20.391839652,89.981000000,48.368466457
-20.395197817,90.048000000,48.342736230
-20.398544370,90.115000000,48.316944615
-20.401879242,90.182000000,48.291091003
-20.405202364,90.249000000,48.265174866
-20.408513668,90.316000000,48.239195749
-20.411813084,90.383000000,48.213153278
-20.415100546,90.450000000,48.187047149
-20.418375983,90.517000000,48.160877136
-20.421639328,90.584000000,48.134643081
-20.424890512,90.651000000,48.108344902
-20.428129465,90.718000000,48.081982585
-20.431356121,90.785000000,48.055556186
-20.434570410,90.852000000,48.029065827
-20.437772263,90.919000000,48.002511700
-20.440961612,90.986000000,47.975894062
-20.444138389,91.053000000,47.949213234
-20.447302525,91.120000000,47.922469602
-20.450453969,91.187000000,47.895663557
-20.453592740,91.254000000,47.868795317
-20.456718877,91.321000000,47.841865107
-20.459832417,91.388000000,47.814873203
-20.462933398,91.455000000,47.787819943
-20.466021857,91.522000000,47.760705717
-20.469097831,91.589000000,47.733530971
-20.472161359,91.656000000,47.706296205
-20.475212477,91.723000000,47.679001970
-20.478251224,91.790000000,47.651648868
-20.481277637,91.857000000,47.624237555
-20.484291753,91.924000000,47.596768731
-20.487293611,91.991000000,47.569243150
-20.490283247,92.058000000,47.541661609
-20.493260699,92.125000000,47.514024954
-20.496226005,92.192000000,47.486334077
-20.499179202,92.259000000,47.458589911
-20.502120328,92.326000000,47.430793438
-20.505049421,92.393000000,47.402945677
-20.507966517,92.460000000,47.375047694
-20.510871655,92.527000000,47.347100593
-20.513764872,92.594000000,47.319105517
-20.516646206,92.661000000,47.291063651
-20.519515694,92.728000000,47.262976216
-20.522373374,92.795000000,47.234844471
-20.525219284,92.862000000,47.206669712
-20.528053460,92.929000000,47.178453268
-20.530875941,92.996000000,47.150196505
-20.533686763,93.063000000,47.121900822
-20.536485966,93.130000000,47.093567652
-20.539273585,93.197000000,47.065198456
-20.542049659,93.264000000,47.036794732
-20.544814226,93.331000000,47.008358004
-20.547567322,93.398000000,46.979889827
-20.550308986,93.465000000,46.951391785
-20.553039255,93.532000000,46.922865488
-20.555758166,93.599000000,46.894312576
-20.558465758,93.666000000,46.865734714
-20.561162067,93.733000000,46.837133591
-20.563847131,93.800000000,46.808510922
-20.566521195,93.867000000,46.779868432
-20.569184503,93.934000000,46.751207869
-20.571837091,94.001000000,46.722531016
-20.574478999,94.068000000,46.693839678
-20.577110261,94.135000000,46.665135682
-20.579730918,94.202000000,46.636420872
-20.582341004,94.269000000,46.607697115
-20.584940559,94.336000000,46.578966294
-20.587529619,94.403000000,46.550230312
-20.590108222,94.470000000,46.521491086
-20.592676405,94.537000000,46.492750553
-20.595234206,94.604000000,46.464010664
-20.597781661,94.671000000,46.435273384
-20.600318809,94.738000000,46.406540693
-20.602845687,94.805000000,46.377814586
-20.605362331,94.872000000,46.349097069
-20.607868780,94.939000000,46.320390162
-20.610365071,95.006000000,46.291695894
-20.612851242,95.073000000,46.263016306
-20.615327328,95.140000000,46.234353451
-20.617793369,95.207000000,46.205709389
-20.620249402,95.274000000,46.177086190
-20.622695463,95.341000000,46.148485932
-20.625131590,95.408000000,46.119910700
-20.627557821,95.475000000,46.091362587
-20.629974193,95.542000000,46.062843691
-20.632380743,95.609000000,46.034356116
-20.634777509,95.676000000,46.005901972
-20.637164528,95.743000000,45.977483372
-20.639541838,95.810000000,45.949102434
-20.641909475,95.877000000,45.920761277
-20.644267478,95.944000000,45.892462025
-20.646615883,96.011000000,45.864206803
-20.648954729,96.078000000,45.835997737
-20.651284051,96.145000000,45.807836954
-20.653603889,96.212000000,45.779726580
-20.655914279,96.279000000,45.751668743
-20.658215258,96.346000000,45.723665567
-20.660506865,96.413000000,45.695719177
-20.662789136,96.480000000,45.667831695
-20.665062108,96.547000000,45.640005239
-20.667325820,96.614000000,45.612241925
-20.669580309,96.681000000,45.584543865
-20.671825611,96.748000000,45.556913166
-20.674061764,96.815000000,45.529351930
-20.676288807,96.882000000,45.501862255
-20.678506775,96.949000000,45.474446231
-20.680715707,97.016000000,45.447105942
-20.682915639,97.083000000,45.419843465
-20.685106610,97.150000000,45.392660869
-20.687288657,97.217000000,45.365560217
-20.689461816,97.284000000,45.338543559
-20.691626126,97.351000000,45.311612939
-20.693781624,97.418000000,45.284770391
-20.695928347,97.485000000,45.258017938
-20.698066332,97.552000000,45.231357592
-20.700195617,97.619000000,45.204791354
-20.702316240,97.686000000,45.178321214
-20.704428238,97.753000000,45.151949148
-20.706531647,97.820000000,45.125677121
-20.708626506,97.887000000,45.099507085
-20.710712852,97.954000000,45.073440975
-20.712790722,98.021000000,45.047480716
-20.714860154,98.088000000,45.021628216
-20.716921185,98.155000000,44.995885368
-20.718973852,98.222000000,44.970254050
-20.721018193,98.289000000,44.944736123
-20.723054246,98.356000000,44.919333432
-20.725082047,98.423000000,44.894047805
-20.727101633,98.490000000,44.868881052
-20.729113044,98.557000000,44.843834966
-20.731116315,98.624000000,44.818911320
-20.733111484,98.691000000,44.794111871
-20.735098588,98.758000000,44.769438354
-20.737077666,98.825000000,44.744892484
-20.739048754,98.892000000,44.720475958
-20.741011889,98.959000000,44.696190452
-20.742967110,99.026000000,44.672037619
-20.744914453,99.093000000,44.648019092
-20.746853956,99.160000000,44.624136482
-20.748785656,99.227000000,44.600391378
-20.750709591,99.294000000,44.576785344
-20.752625797,99.361000000,44.553319925
-20.754534313,99.428000000,44.529996638
-20.756435176,99.495000000,44.506816979
-20.758328423,99.562000000,44.483782417
-20.760214092,99.629000000,44.460894399
-20.762092219,99.696000000,44.438154344
-20.763962843,99.763000000,44.415563648
-20.765826001,99.830000000,44.393123679
-20.767681729,99.897000000,44.370835779
-20.769530067,99.964000000,44.348701263
-20.771371050,100.031000000,44.326721419
-20.773204716,100.098000000,44.304897507
-20.775031103,100.165000000,44.283230760
-20.776850248,100.232000000,44.261722380
-20.778662188,100.299000000,44.240373544
-20.780466961,100.366000000,44.219185397
-20.782264604,100.433000000,44.198159054
-20.784055155,100.500000000,44.177295602
-20.785838651,100.567000000,44.156596096
-20.787615129,100.634000000,44.136061561
-20.789384627,100.701000000,44.115692992
-20.791147182,100.768000000,44.095491349
-20.792902832,100.835000000,44.075457564
-20.794651613,100.902000000,44.055592535
-20.796393564,100.969000000,44.035897127
-20.798128722,101.036000000,44.016372173
-20.799857123,101.103000000,43.997018471
-20.801578806,101.170000000,43.977836788
-20.803293808,101.237000000,43.958827854
-20.805002166,101.304000000,43.939992367
-20.806703917,101.371000000,43.921330988
-20.808399100,101.438000000,43.902844345
-20.810087751,101.505000000,43.884533029
-20.811769907,101.572000000,43.866397596
-20.813445607,101.639000000,43.848438564
-20.815114887,101.706000000,43.830656417
-20.816777786,101.773000000,43.813051601
-20.818434339,101.840000000,43.795624524
-20.820084586,101.907000000,43.778375557
-20.821728562,101.974000000,43.761305033
-20.823366306,102.041000000,43.744413247
-20.824997854,102.108000000,43.727700456
-20.826623245,102.175000000,43.711166875
-20.828242516,102.242000000,43.694812684
-20.829855704,102.309000000,43.678638019
-20.831462846,102.376000000,43.662642980
-20.833063979,102.443000000,43.646827624
-20.834659142,102.510000000,43.631191968
-20.836248372,102.577000000,43.615735988
-20.837831705,102.644000000,43.600459619
-20.839409180,102.711000000,43.585362754
-20.840980833,102.778000000,43.570445245
-20.842546703,102.845000000,43.555706899
-20.844106826,102.912000000,43.541147484
-20.845661240,102.979000000,43.526766722
-20.847209982,103.046000000,43.512564293
-20.848753090,103.113000000,43.498539833
-20.850290601,103.180000000,43.484692935
-20.851822553,103.247000000,43.471023147
-20.853348982,103.314000000,43.457529971
-20.854869926,103.381000000,43.444212867
-20.856385423,103.448000000,43.431071247
-20.857895510,103.515000000,43.418104480
-20.859400225,103.582000000,43.405311887
-20.860899604,103.649000000,43.392692743
-20.862393685,103.716000000,43.380246278
-20.863882506,103.783000000,43.367971673
-20.865366103,103.850000000,43.355868065
-20.866844515,103.917000000,43.343934540
-20.868317779,103.984000000,43.332170138
-20.869785932,104.051000000,43.320573851
-20.871249011,104.118000000,43.309144623
-20.872707054,104.185000000,43.297881348
-20.874160098,104.252000000,43.286782871
-20.875608181,104.319000000,43.275847990
-20.877051340,104.386000000,43.265075450
-20.878489612,104.453000000,43.254463948
-20.879923035,104.520000000,43.244012130
-20.881351646,104.587000000,43.233718594
-20.882775483,104.654000000,43.223581883
-20.884194582,104.721000000,43.213600491
-20.885608982,104.788000000,43.203772861
-20.887018720,104.855000000,43.194097383
-20.888423833,104.922000000,43.184572396
-20.889824358,104.989000000,43.175196185
-20.891220333,105.056000000,43.165966984
-20.892611796,105.123000000,43.156882973
-20.893998783,105.190000000,43.147942280
-20.895381332,105.257000000,43.139142976
-20.896759480,105.324000000,43.130483083
-20.898133266,105.391000000,43.121960564
-20.899502725,105.458000000,43.113573330
-20.900867896,105.525000000,43.105319238
-20.902228816,105.592000000,43.097196088
-20.903585523,105.659000000,43.089201625
-20.904938053,105.726000000,43.081333538
-20.906286444,105.793000000,43.073589462
-20.907630734,105.860000000,43.065966973
-20.908970959,105.927000000,43.058463592
-20.910307158,105.994000000,43.051076781
-20.911639368,106.061000000,43.043803949
-20.912967625,106.128000000,43.036642443
-20.914291968,106.195000000,43.029589554
-20.915612434,106.262000000,43.022642515
-20.916929060,106.329000000,43.015798502
-20.918241884,106.396000000,43.009054628
-20.919550943,106.463000000,43.002407952
-20.920856274,106.530000000,42.995855470
-20.922157915,106.597000000,42.989394120
-20.923455903,106.664000000,42.983020781
-20.924750275,106.731000000,42.976732269
-20.926041070,106.798000000,42.970525342
-20.927328324,106.865000000,42.964396696
-20.928612074,106.932000000,42.958342967
-20.929892359,106.999000000,42.952360727
-20.931169215,107.066000000,42.946446490
-20.932442680,107.133000000,42.940596706
-20.933712791,107.200000000,42.934807761
-20.934979586,107.267000000,42.929075983
-20.936243101,107.334000000,42.923397632
-20.937503376,107.401000000,42.917768908
-20.938760446,107.468000000,42.912185947
-20.940014349,107.535000000,42.906644820
-20.941265122,107.602000000,42.901141537
-20.942512804,107.669000000,42.895672039
-20.943757431,107.736000000,42.890232867
-20.944999041,107.803000000,42.884823196
-20.946237671,107.870000000,42.879442878
-20.947473358,107.937000000,42.874091762
-20.948706140,108.004000000,42.868769698
-20.949936055,108.071000000,42.863476537
-20.951163139,108.138000000,42.858212127
-20.952387430,108.205000000,42.852976319
-20.953608966,108.272000000,42.847768963
-20.954827783,108.339000000,42.842589909
-20.956043920,108.406000000,42.837439007
-20.957257413,108.473000000,42.832316107
-20.958468300,108.540000000,42.827221058
-20.959676619,108.607000000,42.822153712
-20.960882406,108.674000000,42.817113918
-20.962085700,108.741000000,42.812101525
-20.963286537,108.808000000,42.807116385
-20.964484955,108.875000000,42.802158346
-20.965680991,108.942000000,42.797227259
-20.966874683,109.009000000,42.792322974
-20.968066068,109.076000000,42.787445341
-20.969255183,109.143000000,42.782594210
-20.970442066,109.210000000,42.777769430
-20.971626755,109.277000000,42.772970852
-20.972809286,109.344000000,42.768198326
-20.973989697,109.411000000,42.763451702
-20.975168026,109.478000000,42.758730830
-20.976344309,109.545000000,42.754035559
-20.977518584,109.612000000,42.749365740
-20.978690889,109.679000000,42.744721223
-20.979861261,109.746000000,42.740101857
-20.981029737,109.813000000,42.735507493
-20.982196355,109.880000000,42.730937981
-20.983361152,109.947000000,42.726393170
-20.984524166,110.014000000,42.721872911
-20.985685433,110.081000000,42.717377054
-20.986844992,110.148000000,42.712905448
-20.988002879,110.215000000,42.708457944
-20.989159133,110.282000000,42.704034392
-20.990313790,110.349000000,42.699634641
-20.991466887,110.416000000,42.695258542
-20.992618463,110.483000000,42.690905944
-20.993768554,110.550000000,42.686576698
-20.994917199,110.617000000,42.682270653
-20.996064433,110.684000000,42.677987660
-20.997210296,110.751000000,42.673727568
-20.998354823,110.818000000,42.669490228
-20.999498053,110.885000000,42.665275490
-21.000640023,110.952000000,42.661083202
-21.001780771,111.019000000,42.656913217
-21.002920332,111.086000000,42.652765383
-21.004058746,111.153000000,42.648639550
-21.005196050,111.220000000,42.644535568
-21.006332280,111.287000000,42.640453288
-21.007467474,111.354000000,42.636392560
-21.008601671,111.421000000,42.632353233
-21.009734906,111.488000000,42.628335157
-21.010867217,111.555000000,42.624338182
-21.011998642,111.622000000,42.620362159
-21.013129219,111.689000000,42.616406937
-21.014258983,111.756000000,42.612472367
-21.015387974,111.823000000,42.608558298
-21.016516228,111.890000000,42.604664580
-21.017643783,111.957000000,42.600791063
-21.018770676,112.024000000,42.596937598
-21.019896945,112.091000000,42.593104034
-21.021022626,112.158000000,42.589290221
-21.022147757,112.225000000,42.585496010
-21.023272376,112.292000000,42.581721249
-21.024396521,112.359000000,42.577965790
-21.025520227,112.426000000,42.574229482
-21.026643533,112.493000000,42.570512175
-21.027766477,112.560000000,42.566813720
-21.028889095,112.627000000,42.563133965
-21.030011425,112.694000000,42.559472762
-21.031133504,112.761000000,42.555829960
-21.032255370,112.828000000,42.552205409
-21.033377061,112.895000000,42.548598959
-21.034498612,112.962000000,42.545010460
-21.035620063,113.029000000,42.541439762
-21.036741450,113.096000000,42.537886716
-21.037862810,113.163000000,42.534351170
-21.038984182,113.230000000,42.530832975
-21.040105602,113.297000000,42.527331982
-21.041227108,113.364000000,42.523848039
-21.042348737,113.431000000,42.520380998
-21.043470526,113.498000000,42.516930707
-21.044592514,113.565000000,42.513497017
-21.045714737,113.632000000,42.510079779
-21.046837233,113.699000000,42.506678841
-21.047960039,113.766000000,42.503294054
-21.049083192,113.833000000,42.499925269
-21.050206730,113.900000000,42.496572334
-21.051330691,113.967000000,42.493235100
-21.052455111,114.034000000,42.489913417
-21.053580029,114.101000000,42.486607134
-21.054705480,114.168000000,42.483316103
-21.055831504,114.235000000,42.480040173
-21.056958137,114.302000000,42.476779193
-21.058085417,114.369000000,42.473533014
-21.059213380,114.436000000,42.470301486
-21.060342065,114.503000000,42.467084459
-21.061471509,114.570000000,42.463881782
-21.062601749,114.637000000,42.460693307
-21.063732822,114.704000000,42.457518882
-21.064864766,114.771000000,42.454358358
-21.065997619,114.838000000,42.451211584
-21.067131417,114.905000000,42.448078412
-21.068266199,114.972000000,42.444958690
-21.069402001,115.039000000,42.441852269
-21.070538861,115.106000000,42.438758998
-21.071676816,115.173000000,42.435678728
-21.072815904,115.240000000,42.432611309
-21.073956161,115.307000000,42.429556590
-21.075097627,115.374000000,42.426514422
-21.076240337,115.441000000,42.423484655
-21.077384329,115.508000000,42.420467138
-21.078529641,115.575000000,42.417461722
-21.079676309,115.642000000,42.414468257
-21.080824373,115.709000000,42.411486592
-21.081973867,115.776000000,42.408516577
-21.083124831,115.843000000,42.405558063
-21.084277302,115.910000000,42.402610900
-21.085431316,115.977000000,42.399674937
-21.086586912,116.044000000,42.396750025
-21.087744126,116.111000000,42.393836013
-21.088902997,116.178000000,42.390932752
-21.090063561,116.245000000,42.388040091
-21.091225855,116.312000000,42.385157881
-21.092389918,116.379000000,42.382285971
-21.093555787,116.446000000,42.379424211
-21.094723498,116.513000000,42.376572452
-21.095893090,116.580000000,42.373730544
-21.097064600,116.647000000,42.370898335
-21.098238065,116.714000000,42.368075678
-21.099413522,116.781000000,42.365262420
-21.100591010,116.848000000,42.362458413
-21.101770564,116.915000000,42.359663506
-21.102952223,116.982000000,42.356877550
-21.104136025,117.049000000,42.354100394
-21.105322006,117.116000000,42.351331888
-21.106510203,117.183000000,42.348571882
-21.107700655,117.250000000,42.345820227
-21.108893399,117.317000000,42.343076772
-21.110088472,117.384000000,42.340341367
-21.111285911,117.451000000,42.337613863
-21.112485754,117.518000000,42.334894108
-21.113688038,117.585000000,42.332181954
-21.114892800,117.652000000,42.329477251
-21.116100079,117.719000000,42.326779847
-21.117309911,117.786000000,42.324089593
-21.118522333,117.853000000,42.321406340
-21.119737384,117.920000000,42.318729937
-21.120955100,117.987000000,42.316060234
-21.122175519,118.054000000,42.313397081
-21.123398679,118.121000000,42.310740328
-21.124624616,118.188000000,42.308089826
-21.125853368,118.255000000,42.305445423
-21.127084972,118.322000000,42.302806971
-21.128319467,118.389000000,42.300174318
-21.129556888,118.456000000,42.297547316
-21.130797274,118.523000000,42.294925814
-21.132040663,118.590000000,42.292309661
-21.133287090,118.657000000,42.289698709
-21.134536594,118.724000000,42.287092807
-21.135789213,118.791000000,42.284491805
-21.137044983,118.858000000,42.281895552
-21.138303942,118.925000000,42.279303900
-21.139566127,118.992000000,42.276716698
-21.140831575,119.059000000,42.274133795
-21.142100325,119.126000000,42.271555043
-21.143372414,119.193000000,42.268980290
-21.144647878,119.260000000,42.266409387
-21.145926755,119.327000000,42.263842185
-21.147209084,119.394000000,42.261278532
-21.148494900,119.461000000,42.258718279
-21.149784241,119.528000000,42.256161275
-21.151077145,119.595000000,42.253607372
-21.152373650,119.662000000,42.251056418
-21.153673792,119.729000000,42.248508265
-21.154977609,119.796000000,42.245962761
-21.156285138,119.863000000,42.243419757
-21.157596417,119.930000000,42.240879102
-21.158911483,119.997000000,42.238340648
-21.160230374,120.064000000,42.235804243
-21.161553126,120.131000000,42.233269738
-21.162879778,120.198000000,42.230736982
-21.164210366,120.265000000,42.228205827
-21.165544928,120.332000000,42.225676121
-21.166883502,120.399000000,42.223147714
-21.168226125,120.466000000,42.220620458
-21.169572834,120.533000000,42.218094201
-21.170923666,120.600000000,42.215568793
-21.172278659,120.667000000,42.213044086
-21.173637851,120.734000000,42.210519928
-21.175001279,120.801000000,42.207996169
-21.176368979,120.868000000,42.205472660
-21.177740990,120.935000000,42.202949251
-21.179117349,121.002000000,42.200425791
-21.180498094,121.069000000,42.197902131
-21.181883261,121.136000000,42.195378121
-21.183272888,121.203000000,42.192853610
-21.184667012,121.270000000,42.190328448
-21.186065671,121.337000000,42.187802486
-21.187468903,121.404000000,42.185275574
-21.188876744,121.471000000,42.182747561
-21.190289232,121.538000000,42.180218297
-21.191706405,121.605000000,42.177687633
-21.193128299,121.672000000,42.175155418
-21.194554953,121.739000000,42.172621503
-21.195986403,121.806000000,42.170085737
-21.197422686,121.873000000,42.167547971
-21.198863842,121.940000000,42.165008054
-21.200309906,122.007000000,42.162465836
-21.201760916,122.074000000,42.159921168
-21.203216909,122.141000000,42.157373899
-21.204677924,122.208000000,42.154823880
-21.206143996,122.275000000,42.152270959
-21.207615164,122.342000000,42.149714988
-21.209091466,122.409000000,42.147155817
-21.210572937,122.476000000,42.144593295
-21.212059617,122.543000000,42.142027272
-21.213551542,122.610000000,42.139457598
-21.215048749,122.677000000,42.136884123
-21.216551276,122.744000000,42.134306698
-21.218059160,122.811000000,42.131725172
-21.219572440,122.878000000,42.129139395
-21.221091151,122.945000000,42.126549218
-21.222615332,123.012000000,42.123954489
-21.224145020,123.079000000,42.121355060
-21.225680252,123.146000000,42.118750780
-21.227221066,123.213000000,42.116141499
-21.228767498,123.280000000,42.113527067
-21.230319581,123.347000000,42.110907353
-21.231877318,123.414000000,42.108282301
-21.233440706,123.481000000,42.105651873
-21.235009745,123.548000000,42.103016032
-21.236584431,123.615000000,42.100374739
-21.238164762,123.682000000,42.097727959
-21.239750735,123.749000000,42.095075652
-21.241342350,123.816000000,42.092417782
-21.242939603,123.883000000,42.089754312
-21.244542492,123.950000000,42.087085203
-21.246151015,124.017000000,42.084410418
-21.247765169,124.084000000,42.081729920
-21.249384953,124.151000000,42.079043671
-21.251010365,124.218000000,42.076351634
-21.252641401,124.285000000,42.073653771
-21.254278059,124.352000000,42.070950045
-21.255920338,124.419000000,42.068240418
-21.257568235,124.486000000,42.065524853
-21.259221748,124.553000000,42.062803312
-21.260880875,124.620000000,42.060075758
-21.262545612,124.687000000,42.057342153
-21.264215959,124.754000000,42.054602460
-21.265891913,124.821000000,42.051856642
-21.267573472,124.888000000,42.049104660
-21.269260632,124.955000000,42.046346477
-21.270953393,125.022000000,42.043582056
-21.272651752,125.089000000,42.040811359
-21.274355706,125.156000000,42.038034350
-21.276065253,125.223000000,42.035250989
-21.277780392,125.290000000,42.032461240
-21.279501119,125.357000000,42.029665066
-21.281227433,125.424000000,42.026862429
-21.282959331,125.491000000,42.024053291
-21.284696811,125.558000000,42.021237614
-21.286439871,125.625000000,42.018415362
-21.288188509,125.692000000,42.015586497
-21.289942721,125.759000000,42.012750982
-21.291702507,125.826000000,42.009908778
-21.293467864,125.893000000,42.007059849
-21.295238789,125.960000000,42.004204156
-21.297015280,126.027000000,42.001341663
-21.298797335,126.094000000,41.998472332
-21.300584952,126.161000000,41.995596125
-21.302378129,126.228000000,41.992713006
-21.304176863,126.295000000,41.989822935
-21.305981151,126.362000000,41.986925877
-21.307790993,126.429000000,41.984021793
-21.309606385,126.496000000,41.981110646
-21.311427325,126.563000000,41.978192398
-21.313253811,126.630000000,41.975267013
-21.315085841,126.697000000,41.972334451
-21.316923412,126.764000000,41.969394677
-21.318766522,126.831000000,41.966447653
-21.320615170,126.898000000,41.963493340
-21.322469352,126.965000000,41.960531702
-21.324329066,127.032000000,41.957562701
-21.326194311,127.099000000,41.954586299
-21.328065084,127.166000000,41.951602459
-21.329941382,127.233000000,41.948611144
-21.331823204,127.300000000,41.945612316
-21.333710547,127.367000000,41.942605938
-21.335603408,127.434000000,41.939591971
-21.337501787,127.501000000,41.936570379
-21.339405680,127.568000000,41.933541125
-21.341315085,127.635000000,41.930504169
-21.343230000,127.702000000,41.927459476
-21.345150422,127.769000000,41.924407008
-21.347076350,127.836000000,41.921346726
-21.349007781,127.903000000,41.918278594
-21.350944713,127.970000000,41.915202574
-21.352887143,128.037000000,41.912118629
-21.354835070,128.104000000,41.909026721
-21.356788491,128.171000000,41.905926813
-21.358747404,128.238000000,41.902818866
-21.360711806,128.305000000,41.899702845
-21.362681696,128.372000000,41.896578710
-21.364657071,128.439000000,41.893446425
-21.366637928,128.506000000,41.890305953
-21.368624267,128.573000000,41.887157255
-21.370616083,128.640000000,41.884000294
-21.372613656,128.707000000,41.880835033
-21.374617261,128.774000000,41.877661434
-21.376626895,128.841000000,41.874479459
-21.378642553,128.908000000,41.871289072
-21.380664233,128.975000000,41.868090235
-21.382691930,129.042000000,41.864882910
-21.384725640,129.109000000,41.861667059
-21.386765359,129.176000000,41.858442646
-21.388811084,129.243000000,41.855209632
-21.390862811,129.310000000,41.851967981
-21.392920536,129.377000000,41.848717655
-21.394984255,129.444000000,41.845458616
-21.397053964,129.511000000,41.842190826
-21.399129660,129.578000000,41.838914249
-21.401211338,129.645000000,41.835628846
-21.403298995,129.712000000,41.832334581
-21.405392626,129.779000000,41.829031416
-21.407492229,129.846000000,41.825719313
-21.409597798,129.913000000,41.822398235
-21.411709331,129.980000000,41.819068144
-21.413826824,130.047000000,41.815729003
-21.415950272,130.114000000,41.812380774
-21.418079671,130.181000000,41.809023420
-21.420215019,130.248000000,41.805656903
-21.422356311,130.315000000,41.802281187
-21.424503543,130.382000000,41.798896232
-21.426656711,130.449000000,41.795502003
-21.428815812,130.516000000,41.792098461
-21.430980841,130.583000000,41.788685568
-21.433151795,130.650000000,41.785263288
-21.435328670,130.717000000,41.781831583
-21.437511463,130.784000000,41.778390416
-21.439700168,130.851000000,41.774939748
-21.441894783,130.918000000,41.771479543
-21.444095304,130.985000000,41.768009762
-21.446301726,131.052000000,41.764530369
-21.448514046,131.119000000,41.761041326
-21.450732261,131.186000000,41.757542596
-21.452956365,131.253000000,41.754034140
-21.455186356,131.320000000,41.750515922
-21.457422229,131.387000000,41.746987903
-21.459663981,131.454000000,41.743450048
-21.461911607,131.521000000,41.739902317
-21.464165105,131.588000000,41.736344673
-21.466424469,131.655000000,41.732777080
-21.468689697,131.722000000,41.729199499
-21.470960785,131.789000000,41.725611893
-21.473237727,131.856000000,41.722014225
-21.475520522,131.923000000,41.718406457
-21.477809164,131.990000000,41.714788551
-21.480103651,132.057000000,41.711160470
-21.482403977,132.124000000,41.707522177
-21.484710140,132.191000000,41.703873634
-21.487022136,132.258000000,41.700214803
-21.489339960,132.325000000,41.696545647
-21.491663608,132.392000000,41.692866129
-21.493993078,132.459000000,41.689176211
-21.496328365,132.526000000,41.685475856
-21.498669465,132.593000000,41.681765025
-21.501016374,132.660000000,41.678043683
-21.503369089,132.727000000,41.674311790
-21.505727605,132.794000000,41.670569310
-21.508091920,132.861000000,41.666816205
-21.510462028,132.928000000,41.663052438
-21.512837926,132.995000000,41.659277971
-21.515219611,133.062000000,41.655492766
-21.517607078,133.129000000,41.651696787
-21.520000324,133.196000000,41.647889995
-21.522399345,133.263000000,41.644072353
-21.524804136,133.330000000,41.640243824
-21.527214695,133.397000000,41.636404370
-21.529631016,133.464000000,41.632553954
-21.532053098,133.531000000,41.628692538
-21.534480934,133.598000000,41.624820085
-21.536914522,133.665000000,41.620936557
-21.539353858,133.732000000,41.617041917
-21.541798938,133.799000000,41.613136126
-21.544249759,133.866000000,41.609219149
-21.546706315,133.933000000,41.605290947
-21.549168604,134.000000000,41.601351482
-21.551636621,134.067000000,41.597400718
-21.554110363,134.134000000,41.593438616
-21.556589826,134.201000000,41.589465140
-21.559075006,134.268000000,41.585480251
-21.561565900,134.335000000,41.581483913
-21.564062502,134.402000000,41.577476088
-21.566564810,134.469000000,41.573456737
-21.569072820,134.536000000,41.569425825
-21.571586527,134.603000000,41.565383313
-21.574105929,134.670000000,41.561329163
-21.576631020,134.737000000,41.557263339
-21.579161798,134.804000000,41.553185803
-21.581698258,134.871000000,41.549096517
-21.584240397,134.938000000,41.544995444
-21.586788210,135.005000000,41.540882546
-21.589341694,135.072000000,41.536757786
-21.591900846,135.139000000,41.532621127
-21.594465660,135.206000000,41.528472530
-21.597036134,135.273000000,41.524311959
-21.599612263,135.340000000,41.520139375
-21.602194044,135.407000000,41.515954742
-21.604781472,135.474000000,41.511758022
-21.607374545,135.541000000,41.507549177
-21.609973258,135.608000000,41.503328170
-21.612577606,135.675000000,41.499094963
-21.615187588,135.742000000,41.494849520
-21.617803197,135.809000000,41.490591801
-21.620424432,135.876000000,41.486321771
-21.623051287,135.943000000,41.482039391
-21.625683759,136.010000000,41.477744624
-21.628321845,136.077000000,41.473437432
-21.630965539,136.144000000,41.469117779
-21.633614839,136.211000000,41.464785626
-21.636269741,136.278000000,41.460440935
-21.638930241,136.345000000,41.456083671
-21.641596334,136.412000000,41.451713794
-21.644268017,136.479000000,41.447331268
-21.646945287,136.546000000,41.442936055
-21.649628139,136.613000000,41.438528117
-21.652316569,136.680000000,41.434107417
-21.655010574,136.747000000,41.429673918
-21.657710150,136.814000000,41.425227581
-21.660415293,136.881000000,41.420768371
-21.663125999,136.948000000,41.416296248
-21.665842265,137.015000000,41.411811176
-21.668564085,137.082000000,41.407313117
-21.671291458,137.149000000,41.402802033
-21.674024378,137.216000000,41.398277888
-21.676762842,137.283000000,41.393740643
-21.679506846,137.350000000,41.389190261
-21.682256386,137.417000000,41.384626705
-21.685011458,137.484000000,41.380049937
-21.687772059,137.551000000,41.375459919
-21.690538185,137.618000000,41.370856614
-21.693309831,137.685000000,41.366239986
-21.696086995,137.752000000,41.361609995
-21.698869671,137.819000000,41.356966605
-21.701657857,137.886000000,41.352309778
-21.704451548,137.953000000,41.347639476
-21.707250740,138.020000000,41.342955663
-21.710055431,138.087000000,41.338258300
-21.712865615,138.154000000,41.333547351
-21.715681289,138.221000000,41.328822777
-21.718502450,138.288000000,41.324084541
-21.721329092,138.355000000,41.319332607
-21.724161213,138.422000000,41.314566935
-21.726998809,138.489000000,41.309787489
-21.729841876,138.556000000,41.304994231
-21.732690409,138.623000000,41.300187124
-21.735544406,138.690000000,41.295366130
-21.738403862,138.757000000,41.290531211
-21.741268773,138.824000000,41.285682331
-21.744139135,138.891000000,41.280819452
-21.747014946,138.958000000,41.275942536
-21.749896200,139.025000000,41.271051546
-21.752782894,139.092000000,41.266146444
-21.755675025,139.159000000,41.261227193
-21.758572587,139.226000000,41.256293755
-21.761475578,139.293000000,41.251346092
-21.764383994,139.360000000,41.246384168
-21.767297830,139.427000000,41.241407945
-21.770217084,139.494000000,41.236417385
-21.773141750,139.561000000,41.231412451
-21.776071826,139.628000000,41.226393105
-21.779007307,139.695000000,41.221359310
-21.781948189,139.762000000,41.216311029
-21.784894469,139.829000000,41.211248223
-21.787846143,139.896000000,41.206170855
-21.790803207,139.963000000,41.201078889
-21.793765657,140.030000000,41.195972285
-21.796733490,140.097000000,41.190851008
-21.799706700,140.164000000,41.185715019
-21.802685286,140.231000000,41.180564281
-21.805669242,140.298000000,41.175398756
-21.808658565,140.365000000,41.170218407
-21.811653251,140.432000000,41.165023196
-21.814653296,140.499000000,41.159813087
-21.817658696,140.566000000,41.154588041
-21.820669448,140.633000000,41.149348020
-21.823685548,140.700000000,41.144092988
-21.826706991,140.767000000,41.138822907
-21.829733775,140.834000000,41.133537740
-21.832765894,140.901000000,41.128237448
-21.835803346,140.968000000,41.122921995
-21.838846126,141.035000000,41.117591343
-21.841894231,141.102000000,41.112245454
-21.844947656,141.169000000,41.106884291
-21.848006398,141.236000000,41.101507817
-21.851070453,141.303000000,41.096115993
-21.854139818,141.370000000,41.090708783
-21.857214488,141.437000000,41.085286150
-21.860294459,141.504000000,41.079848054
-21.863379728,141.571000000,41.074394460
-21.866470290,141.638000000,41.068925329
-21.869566143,141.705000000,41.063440624
-21.872667281,141.772000000,41.057940308
-21.875773702,141.839000000,41.052424343
-21.878885401,141.906000000,41.046892691
-21.882002375,141.973000000,41.041345315
-21.885124620,142.040000000,41.035782178
-21.888252131,142.107000000,41.030203242
-21.891384905,142.174000000,41.024608470
-21.894522938,142.241000000,41.018997823
-21.897666227,142.308000000,41.013371265
-21.900814767,142.375000000,41.007728759
-21.903968555,142.442000000,41.002070265
-21.907127587,142.509000000,40.996395748
-21.910291858,142.576000000,40.990705170
-21.913461365,142.643000000,40.984998493
-21.916636105,142.710000000,40.979275679
-21.919816073,142.777000000,40.973536691
-21.923001266,142.844000000,40.967781492
-21.926191679,142.911000000,40.962010045
-21.929387309,142.978000000,40.956222311
-21.932588152,143.045000000,40.950418253
-21.935794204,143.112000000,40.944597833
-21.939005462,143.179000000,40.938761015
-21.942221920,143.246000000,40.932907761
-21.945443577,143.313000000,40.927038033
-21.948670427,143.380000000,40.921151793
-21.951902467,143.447000000,40.915249005
-21.955139693,143.514000000,40.909329630
-21.958382101,143.581000000,40.903393632
-21.961629688,143.648000000,40.897440972
-21.964882449,143.715000000,40.891471613
-21.968140381,143.782000000,40.885485519
-21.971403479,143.849000000,40.879482650
-21.974671741,143.916000000,40.873462970
-21.977945161,143.983000000,40.867426442
-21.981223737,144.050000000,40.861373027
-21.984507464,144.117000000,40.855302689
-21.987796339,144.184000000,40.849215389
-21.991090357,144.251000000,40.843111091
-21.994389516,144.318000000,40.836989756
-21.997693810,144.385000000,40.830851348
-22.001003237,144.452000000,40.824695828
-22.004317792,144.519000000,40.818523160
-22.007637471,144.586000000,40.812333306
-22.010962271,144.653000000,40.806126228
-22.014292188,144.720000000,40.799901888
-22.017627217,144.787000000,40.793660250
-22.020967356,144.854000000,40.787401276
-22.024312600,144.921000000,40.781124929
-22.027662945,144.988000000,40.774831170
-22.031018388,145.055000000,40.768519962
-22.034378925,145.122000000,40.762191269
-22.037744551,145.189000000,40.755845052
-22.041115264,145.256000000,40.749481273
-22.044491058,145.323000000,40.743099896
-22.047871931,145.390000000,40.736700883
-22.051257878,145.457000000,40.730284197
-22.054648896,145.524000000,40.723849799
-22.058044981,145.591000000,40.717397653
-22.061446128,145.658000000,40.710927720
-22.064852335,145.725000000,40.704439965
-22.068263597,145.792000000,40.697934348
-22.071679910,145.859000000,40.691410832
-22.075101271,145.926000000,40.684869380
-22.078527675,145.993000000,40.678309955
-22.081959119,146.060000000,40.671732519
-22.085395600,146.127000000,40.665137035
-22.088837112,146.194000000,40.658523464
-22.092283652,146.261000000,40.651891770
-22.095735217,146.328000000,40.645241915
-22.099191803,146.395000000,40.638573861
-22.102653405,146.462000000,40.631887571
-22.106120021,146.529000000,40.625183008
-22.109591645,146.596000000,40.618460134
-22.113068274,146.663000000,40.611718911
-22.116549905,146.730000000,40.604959303
-22.120036533,146.797000000,40.598181271
-22.123528155,146.864000000,40.591384778
-22.127024767,146.931000000,40.584569787
-22.130526364,146.998000000,40.577736259
-22.134032944,147.065000000,40.570884158
-22.137544502,147.132000000,40.564013447
-22.141061035,147.199000000,40.557124087
-22.144582538,147.266000000,40.550216041
-22.148109007,147.333000000,40.543289271
-22.151640440,147.400000000,40.536343741
-22.155176832,147.467000000,40.529379412
-22.158718178,147.534000000,40.522396248
-22.162264476,147.601000000,40.515394210
-22.165815722,147.668000000,40.508373261
-22.169371911,147.735000000,40.501333364
-22.172933040,147.802000000,40.494274481
-22.176499105,147.869000000,40.487196575
-22.180070102,147.936000000,40.480099608
-22.183646027,148.003000000,40.472983542
-22.187226877,148.070000000,40.465848341
-22.190812647,148.137000000,40.458693966
-22.194403333,148.204000000,40.451520381
-22.197998933,148.271000000,40.444327547
-22.201599442,148.338000000,40.437115427
-22.205204856,148.405000000,40.429883985
-22.208815171,148.472000000,40.422633181
-22.212430383,148.539000000,40.415362979
-22.216050489,148.606000000,40.408073342
-22.219675485,148.673000000,40.400764231
-22.223305367,148.740000000,40.393435609
-22.226940131,148.807000000,40.386087439
-22.230579773,148.874000000,40.378719683
-22.234224289,148.941000000,40.371332305
-22.237873676,149.008000000,40.363925265
-22.241527930,149.075000000,40.356498527
-22.245187046,149.142000000,40.349052054
-22.248851022,149.209000000,40.341585807
-22.252519852,149.276000000,40.334099749
-22.256193534,149.343000000,40.326593844
-22.259872063,149.410000000,40.319068053
-22.263555436,149.477000000,40.311522338
-22.267243649,149.544000000,40.303956663
-22.270936697,149.611000000,40.296370990
-22.274634578,149.678000000,40.288765281
-22.278337287,149.745000000,40.281139498
-22.282044820,149.812000000,40.273493606
-22.285757173,149.879000000,40.265827565
-22.289474343,149.946000000,40.258141338
-22.293196326,150.013000000,40.250434889
-22.296923118,150.080000000,40.242708178
-22.300654715,150.147000000,40.234961170
-22.304391114,150.214000000,40.227193826
-22.308132309,150.281000000,40.219406109
-22.311878299,150.348000000,40.211597981
-22.315629078,150.415000000,40.203769405
-22.319384642,150.482000000,40.195920344
-22.323144989,150.549000000,40.188050760
-22.326910114,150.616000000,40.180160615
-22.330680014,150.683000000,40.172249872
-22.334454683,150.750000000,40.164318493
-22.338234120,150.817000000,40.156366442
-22.342018319,150.884000000,40.148393679
-22.345807277,150.951000000,40.140400169
-22.349600991,151.018000000,40.132385874
-22.353399455,151.085000000,40.124350755
-22.357202667,151.152000000,40.116294776
-22.361010622,151.219000000,40.108217899
-22.364823317,151.286000000,40.100120086
-22.368640748,151.353000000,40.092001300
-22.372462911,151.420000000,40.083861504
-22.376289803,151.487000000,40.075700660
-22.380121418,151.554000000,40.067518731
-22.383957754,151.621000000,40.059315678
-22.387798806,151.688000000,40.051091465
-22.391644571,151.755000000,40.042846054
-22.395495046,151.822000000,40.034579408
-22.399350225,151.889000000,40.026291488
-22.403210105,151.956000000,40.017982259
-22.407074683,152.023000000,40.009651681
-22.410943954,152.090000000,40.001299718
-22.414817915,152.157000000,39.992926332
-22.418696562,152.224000000,39.984531486
-22.422579891,152.291000000,39.976115142
-22.426467898,152.358000000,39.967677262
-22.430360579,152.425000000,39.959217810
-22.434257930,152.492000000,39.950736747
-22.438159949,152.559000000,39.942234036
-22.442066630,152.626000000,39.933709640
-22.445977969,152.693000000,39.925163521
-22.449893964,152.760000000,39.916595642
-22.453814610,152.827000000,39.908005965
-22.457739904,152.894000000,39.899394453
-22.461669841,152.961000000,39.890761067
-22.465604417,153.028000000,39.882105772
-22.469543629,153.095000000,39.873428529
-22.473487474,153.162000000,39.864729300
-22.477435946,153.229000000,39.856008048
-22.481389043,153.296000000,39.847264737
-22.485346760,153.363000000,39.838499327
-22.489309094,153.430000000,39.829711783
-22.493276040,153.497000000,39.820902065
-22.497247595,153.564000000,39.812070137
-22.501223755,153.631000000,39.803215962
-22.505204517,153.698000000,39.794339501
-22.509189875,153.765000000,39.785440718
-22.513179828,153.832000000,39.776519574
-22.517174370,153.899000000,39.767576032
-22.521173497,153.966000000,39.758610056
-22.525177207,154.033000000,39.749621606
-22.529185494,154.100000000,39.740610647
-22.533198356,154.167000000,39.731577140
-22.537215789,154.234000000,39.722521047
-22.541237787,154.301000000,39.713442332
-22.545264349,154.368000000,39.704340957
-22.549295469,154.435000000,39.695216884
-22.553331145,154.502000000,39.686070076
-22.557371371,154.569000000,39.676900495
-22.561416145,154.636000000,39.667708104
-22.565465462,154.703000000,39.658492865
-22.569519319,154.770000000,39.649254742
-22.573577712,154.837000000,39.639993695
-22.577640636,154.904000000,39.630709689
-22.581708089,154.971000000,39.621402685
-22.585780066,155.038000000,39.612072646
-22.589856563,155.105000000,39.602719534
-22.593937576,155.172000000,39.593343312
-22.598023103,155.239000000,39.583943943
-22.602113138,155.306000000,39.574521388
-22.606207678,155.373000000,39.565075611
-22.610306720,155.440000000,39.555606574
-22.614410249,155.507000000,39.546114254
-22.618518220,155.574000000,39.536598687
-22.622630574,155.641000000,39.527059924
-22.626747256,155.708000000,39.517498015
-22.630868208,155.775000000,39.507913012
-22.634993374,155.842000000,39.498304964
-22.639122698,155.909000000,39.488673922
-22.643256122,155.976000000,39.479019937
-22.647393590,156.043000000,39.469343060
-22.651535045,156.110000000,39.459643341
-22.655680431,156.177000000,39.449920831
-22.659829690,156.244000000,39.440175581
-22.663982767,156.311000000,39.430407640
-22.668139605,156.378000000,39.420617061
-22.672300146,156.445000000,39.410803893
-22.676464335,156.512000000,39.400968188
-22.680632114,156.579000000,39.391109995
-22.684803427,156.646000000,39.381229365
-22.688978218,156.713000000,39.371326350
-22.693156428,156.780000000,39.361400999
-22.697338003,156.847000000,39.351453364
-22.701522885,156.914000000,39.341483495
-22.705711018,156.981000000,39.331491442
-22.709902344,157.048000000,39.321477257
-22.714096808,157.115000000,39.311440990
-22.718294352,157.182000000,39.301382691
-22.722494920,157.249000000,39.291302412
-22.726698456,157.316000000,39.281200203
-22.730904901,157.383000000,39.271076114
-22.735114201,157.450000000,39.260930196
-22.739326298,157.517000000,39.250762500
-22.743541135,157.584000000,39.240573077
-22.747758657,157.651000000,39.230361977
-22.751978805,157.718000000,39.220129251
-22.756201524,157.785000000,39.209874949
-22.760426757,157.852000000,39.199599122
-22.764654447,157.919000000,39.189301821
-22.768884537,157.986000000,39.178983096
-22.773116972,158.053000000,39.168642998
-22.777351693,158.120000000,39.158281579
-22.781588645,158.187000000,39.147898887
-22.785827771,158.254000000,39.137494974
-22.790069014,158.321000000,39.127069891
-22.794312317,158.388000000,39.116623688
-22.798557625,158.455000000,39.106156417
-22.802804879,158.522000000,39.095668126
-22.807054024,158.589000000,39.085158868
-22.811305003,158.656000000,39.074628693
-22.815557758,158.723000000,39.064077651
-22.819812235,158.790000000,39.053505794
-22.824068375,158.857000000,39.042913171
-22.828326122,158.924000000,39.032299833
-22.832585420,158.991000000,39.021665832
-22.836846211,159.058000000,39.011011218
-22.841108440,159.125000000,39.000336041
-22.845372049,159.192000000,38.989640352
-22.849636982,159.259000000,38.978924201
-22.853903182,159.326000000,38.968187640
-22.858170592,159.393000000,38.957430719
-22.862439156,159.460000000,38.946653488
-22.866708818,159.527000000,38.935855999
-22.870979519,159.594000000,38.925038302
-22.875251205,159.661000000,38.914200447
-22.879523818,159.728000000,38.903342486
-22.883797301,159.795000000,38.892464468
-22.888071597,159.862000000,38.881566445
-22.892346651,159.929000000,38.870648467
-22.896622405,159.996000000,38.859710585
-22.900898803,160.063000000,38.848752849
-22.905175789,160.130000000,38.837775310
-22.909453304,160.197000000,38.826778019
-22.913731293,160.264000000,38.815761027
-22.918009700,160.331000000,38.804724383
-22.922288466,160.398000000,38.793668139
-22.926567537,160.465000000,38.782592346
-22.930846854,160.532000000,38.771497053
-22.935126362,160.599000000,38.760382312
-22.939406004,160.666000000,38.749248173
-22.943685722,160.733000000,38.738094688
-22.947965461,160.800000000,38.726921905
-22.952245164,160.867000000,38.715729878
-22.956524774,160.934000000,38.704518654
-22.960804234,161.001000000,38.693288287
-22.965083488,161.068000000,38.682038825
-22.969362479,161.135000000,38.670770321
-22.973641150,161.202000000,38.659482823
-22.977919445,161.269000000,38.648176384
-22.982197307,161.336000000,38.636851054
-22.986474680,161.403000000,38.625506883
-22.990751506,161.470000000,38.614143922
-22.995027729,161.537000000,38.602762222
-22.999303292,161.604000000,38.591361833
-23.003578139,161.671000000,38.579942806
-23.007852213,161.738000000,38.568505191
-23.012125458,161.805000000,38.557049040
-23.016397816,161.872000000,38.545574403
-23.020669231,161.939000000,38.534081330
-23.024939646,162.006000000,38.522569873
-23.029209005,162.073000000,38.511040081
-23.033477251,162.140000000,38.499492006
-23.037744328,162.207000000,38.487925698
-23.042010178,162.274000000,38.476341208
-23.046274745,162.341000000,38.464738587
-23.050537972,162.408000000,38.453117884
-23.054799803,162.475000000,38.441479151
-23.059060181,162.542000000,38.429822439
-23.063319049,162.609000000,38.418147797
-23.067576351,162.676000000,38.406455277
-23.071832030,162.743000000,38.394744930
-23.076086029,162.810000000,38.383016806
-23.080338292,162.877000000,38.371270955
-23.084588761,162.944000000,38.359507428
-23.088837381,163.011000000,38.347726277
-23.093084095,163.078000000,38.335927551
-23.097328845,163.145000000,38.324111301
-23.101571576,163.212000000,38.312277578
-23.105812231,163.279000000,38.300426432
-23.110050752,163.346000000,38.288557915
-23.114287083,163.413000000,38.276672076
-23.118521169,163.480000000,38.264768967
-23.122752951,163.547000000,38.252848638
-23.126982373,163.614000000,38.240911140
-23.131209379,163.681000000,38.228956523
-23.135433912,163.748000000,38.216984838
-23.139655915,163.815000000,38.204996136
-23.143875332,163.882000000,38.192990467
-23.148092106,163.949000000,38.180967882
-23.152306179,164.016000000,38.168928432
-23.156517497,164.083000000,38.156872167
-23.160726001,164.150000000,38.144799138
-23.164931636,164.217000000,38.132709395
-23.169134344,164.284000000,38.120602990
-23.173334069,164.351000000,38.108479973
-23.177530754,164.418000000,38.096340394
-23.181724343,164.485000000,38.084184304
-23.185914779,164.552000000,38.072011754
-23.190102005,164.619000000,38.059822794
-23.194285964,164.686000000,38.047617476
-23.198466600,164.753000000,38.035395849
-23.202643857,164.820000000,38.023157965
-23.206817677,164.887000000,38.010903873
-23.210988004,164.954000000,37.998633626
-23.215154781,165.021000000,37.986347273
-23.219317951,165.088000000,37.974044864
-23.223477459,165.155000000,37.961726452
-23.227633247,165.222000000,37.949392085
-23.231785258,165.289000000,37.937041816
-23.235933436,165.356000000,37.924675694
-23.240077724,165.423000000,37.912293770
-23.244218066,165.490000000,37.899896095
-23.248354404,165.557000000,37.887482720
-23.252486683,165.624000000,37.875053694
-23.256614845,165.691000000,37.862609070
-23.260738834,165.758000000,37.850148897
-23.264858593,165.825000000,37.837673226
-23.268974066,165.892000000,37.825182108
-23.273085196,165.959000000,37.812675593
-23.277191925,166.026000000,37.800153732
-23.281294199,166.093000000,37.787616576
-23.285391958,166.160000000,37.775064176
-23.289485463,166.227000000,37.762496581
-23.293574968,166.294000000,37.749913843
-23.297660417,166.361000000,37.737316012
-23.301741753,166.428000000,37.724703139
-23.305818919,166.495000000,37.712075275
-23.309891858,166.562000000,37.699432469
-23.313960511,166.629000000,37.686774774
-23.318024824,166.696000000,37.674102239
-23.322084737,166.763000000,37.661414916
-23.326140194,166.830000000,37.648712854
-23.330191138,166.897000000,37.635996104
-23.334237512,166.964000000,37.623264718
-23.338279259,167.031000000,37.610518745
-23.342316321,167.098000000,37.597758237
-23.346348641,167.165000000,37.584983244
-23.350376162,167.232000000,37.572193816
-23.354398828,167.299000000,37.559390005
-23.358416580,167.366000000,37.546571861
-23.362429362,167.433000000,37.533739435
-23.366437117,167.500000000,37.520892776
-23.370439787,167.567000000,37.508031937
-23.374437315,167.634000000,37.495156967
-23.378429644,167.701000000,37.482267917
-23.382416718,167.768000000,37.469364839
-23.386398478,167.835000000,37.456447781
-23.390374868,167.902000000,37.443516796
-23.394345831,167.969000000,37.430571934
-23.398311309,168.036000000,37.417613245
-23.402271245,168.103000000,37.404640780
-23.406225583,168.170000000,37.391654590
-23.410174264,168.237000000,37.378654726
-23.414117232,168.304000000,37.365641237
-23.418054431,168.371000000,37.352614175
-23.421985801,168.438000000,37.339573591
-23.425911287,168.505000000,37.326519534
-23.429830832,168.572000000,37.313452056
-23.433744377,168.639000000,37.300371207
-23.437651867,168.706000000,37.287277038
-23.441553243,168.773000000,37.274169600
-23.445448449,168.840000000,37.261048943
-23.449337428,168.907000000,37.247915118
-23.453220122,168.974000000,37.234768175
-23.457096475,169.041000000,37.221608166
-23.460966428,169.108000000,37.208435140
-23.464829926,169.175000000,37.195249149
-23.468686910,169.242000000,37.182050242
-23.472537324,169.309000000,37.168838472
-23.476381111,169.376000000,37.155613888
-23.480218213,169.443000000,37.142376541
-23.484048574,169.510000000,37.129126482
-23.487872136,169.577000000,37.115863760
-23.491688841,169.644000000,37.102588428
-23.495498634,169.711000000,37.089300536
-23.499301456,169.778000000,37.076000134
-23.503097251,169.845000000,37.062687273
-23.506885961,169.912000000,37.049362003
-23.510667529,169.979000000,37.036024375
-23.514441899,170.046000000,37.022674441
-23.518209013,170.113000000,37.009312250
-23.521968813,170.180000000,36.995937853
-23.525721243,170.247000000,36.982551301
-23.529466246,170.314000000,36.969152644
-23.533203765,170.381000000,36.955741933
-23.536933741,170.448000000,36.942319219
-23.540656119,170.515000000,36.928884553
-23.544370840,170.582000000,36.915437984
-23.548077849,170.649000000,36.901979564
-23.551777087,170.716000000,36.888509344
-23.555468498,170.783000000,36.875027374
-23.559152024,170.850000000,36.861533704
-23.562827609,170.917000000,36.848028385
-23.566495195,170.984000000,36.834511468
-23.570154724,171.051000000,36.820983004
-23.573806141,171.118000000,36.807443043
-23.577449387,171.185000000,36.793891636
-23.581084406,171.252000000,36.780328834
-23.584711140,171.319000000,36.766754686
-23.588329533,171.386000000,36.753169245
-23.591939527,171.453000000,36.739572560
-23.595541065,171.520000000,36.725964682
-23.599134089,171.587000000,36.712345661
-23.602718543,171.654000000,36.698715549
-23.606294370,171.721000000,36.685074396
-23.609861513,171.788000000,36.671422253
-23.613419913,171.855000000,36.657759170
-23.616969515,171.922000000,36.644085198
-23.620510261,171.989000000,36.630400388
-23.624042093,172.056000000,36.616704790
-23.627564956,172.123000000,36.602998455
-23.631078791,172.190000000,36.589281433
-23.634583541,172.257000000,36.575553776
-23.638079149,172.324000000,36.561815534
-23.641565559,172.391000000,36.548066757
-23.645042713,172.458000000,36.534307496
-23.648510554,172.525000000,36.520537802
-23.651969024,172.592000000,36.506757725
-23.655418067,172.659000000,36.492967317
-23.658857625,172.726000000,36.479166627
-23.662287642,172.793000000,36.465355707
-23.665708060,172.860000000,36.451534606
-23.669118821,172.927000000,36.437703377
-23.672519870,172.994000000,36.423862068
-23.675911148,173.061000000,36.410010732
-23.679292599,173.128000000,36.396149418
-23.682664165,173.195000000,36.382278178
-23.686025790,173.262000000,36.368397061
-23.689377416,173.329000000,36.354506119
-23.692718986,173.396000000,36.340605402
-23.696050442,173.463000000,36.326694962
-23.699371729,173.530000000,36.312774847
-23.702682787,173.597000000,36.298845110
-23.705983562,173.664000000,36.284905800
-23.709273994,173.731000000,36.270956969
-23.712554028,173.798000000,36.256998667
-23.715823606,173.865000000,36.243030945
-23.719082671,173.932000000,36.229053854
-23.722331165,173.999000000,36.215067443
-23.725569032,174.066000000,36.201071764
-23.728796214,174.133000000,36.187066867
-23.732012655,174.200000000,36.173052803
-23.735218296,174.267000000,36.159029623
-23.738413082,174.334000000,36.144997377
-23.741596955,174.401000000,36.130956116
-23.744769857,174.468000000,36.116905891
-23.747931732,174.535000000,36.102846752
-23.751082522,174.602000000,36.088778749
-23.754222171,174.669000000,36.074701934
-23.757350621,174.736000000,36.060616358
-23.760467814,174.803000000,36.046522070
-23.763573695,174.870000000,36.032419121
-23.766668205,174.937000000,36.018307563
-23.769751288,175.004000000,36.004187445
-23.772822886,175.071000000,35.990058819
-23.775882943,175.138000000,35.975921735
-23.778931401,175.205000000,35.961776244
-23.781968202,175.272000000,35.947622395
-23.784993291,175.339000000,35.933460241
-23.788006609,175.406000000,35.919289832
-23.791008100,175.473000000,35.905111217
-23.793997706,175.540000000,35.890924449
-23.796975371,175.607000000,35.876729577
-23.799941036,175.674000000,35.862526653
-23.802894646,175.741000000,35.848315726
-23.805836143,175.808000000,35.834096847
-23.808765469,175.875000000,35.819870068
-23.811682568,175.942000000,35.805635439
-23.814587382,176.009000000,35.791393010
-23.817479855,176.076000000,35.777142832
-23.820359928,176.143000000,35.762884956
-23.823227546,176.210000000,35.748619433
-23.826082650,176.277000000,35.734346312
-23.828925185,176.344000000,35.720065645
-23.831755091,176.411000000,35.705777483
-23.834572314,176.478000000,35.691481875
-23.837376794,176.545000000,35.677178873
-23.840168476,176.612000000,35.662868527
-23.842947301,176.679000000,35.648550889
-23.845713214,176.746000000,35.634226007
-23.848466156,176.813000000,35.619893934
-23.851206071,176.880000000,35.605554720
-23.853932901,176.947000000,35.591208415
-23.856646589,177.014000000,35.576855071
-23.859347079,177.081000000,35.562494737
-23.862034312,177.148000000,35.548127465
-23.864708233,177.215000000,35.533753305
-23.867368783,177.282000000,35.519372307
-23.870015906,177.349000000,35.504984523
-23.872649544,177.416000000,35.490590003
-23.875269640,177.483000000,35.476188798
-23.877876138,177.550000000,35.461780958
-23.880468979,177.617000000,35.447366534
-23.883048108,177.684000000,35.432945576
-23.885613466,177.751000000,35.418518136
-23.888164996,177.818000000,35.404084264
-23.890702643,177.885000000,35.389644010
-23.893226347,177.952000000,35.375197426
-23.895736052,178.019000000,35.360744561
-23.898231702,178.086000000,35.346285467
-23.900713238,178.153000000,35.331820194
-23.903180604,178.220000000,35.317348793
-23.905633743,178.287000000,35.302871314
-23.908072597,178.354000000,35.288387809
-23.910497109,178.421000000,35.273898327
-23.912907223,178.488000000,35.259402919
-23.915302880,178.555000000,35.244901637
-23.917684024,178.622000000,35.230394530
-23.920050598,178.689000000,35.215881650
-23.922402545,178.756000000,35.201363046
-23.924739807,178.823000000,35.186838770
-23.927062327,178.890000000,35.172308873
-23.929370048,178.957000000,35.157773404
-23.931662914,179.024000000,35.143232415
-23.933940866,179.091000000,35.128685956
-23.936203848,179.158000000,35.114134078
-23.938451802,179.225000000,35.099576832
-23.940684672,179.292000000,35.085014267
-23.942902401,179.359000000,35.070446436
-23.945104930,179.426000000,35.055873388
-23.947292203,179.493000000,35.041295174
-23.949464163,179.560000000,35.026711844
-23.951620753,179.627000000,35.012123450
-23.953761916,179.694000000,34.997530043
-23.955887593,179.761000000,34.982931671
-23.957997730,179.828000000,34.968328388
-23.960092267,179.895000000,34.953720242
-23.962171148,179.962000000,34.939107284
-23.964234316,180.029000000,34.924489566
-23.966281714,180.096000000,34.909867138
-23.968313284,180.163000000,34.895240051
-23.970328970,180.230000000,34.880608355
-23.972328714,180.297000000,34.865972100
-23.974312459,180.364000000,34.851331338
-23.976280148,180.431000000,34.836686119
-23.978231724,180.498000000,34.822036494
-23.980167130,180.565000000,34.807382514
-23.982086308,180.632000000,34.792724228
-23.983989202,180.699000000,34.778061689
-23.985875754,180.766000000,34.763394945
-23.987745907,180.833000000,34.748724049
-23.989599604,180.900000000,34.734049050
-23.991436788,180.967000000,34.719370000
-23.993257402,181.034000000,34.704686949
-23.995061388,181.101000000,34.689999947
-23.996848690,181.168000000,34.675309046
-23.998619249,181.235000000,34.660614295
-24.000373010,181.302000000,34.645915746
-24.002109915,181.369000000,34.631213450
-24.003829907,181.436000000,34.616507456
-24.005532929,181.503000000,34.601797816
-24.007218923,181.570000000,34.587084579
-24.008887833,181.637000000,34.572367798
-24.010539600,181.704000000,34.557647522
-24.012174169,181.771000000,34.542923802
-24.013791482,181.838000000,34.528196689
-24.015391482,181.905000000,34.513466233
-24.016974111,181.972000000,34.498732486
-24.018539313,182.039000000,34.483995497
-24.020087031,182.106000000,34.469255317
-24.021617207,182.173000000,34.454511997
-24.023129783,182.240000000,34.439765588
-24.024624727,182.307000000,34.425016134
-24.026102098,182.374000000,34.410263659
-24.027561977,182.441000000,34.395508176
-24.029004447,182.508000000,34.380749704
-24.030429590,182.575000000,34.365988259
-24.031837488,182.642000000,34.351223856
-24.033228225,182.709000000,34.336456512
-24.034601881,182.776000000,34.321686244
-24.035958541,182.843000000,34.306913067
-24.037298284,182.910000000,34.292136998
-24.038621195,182.977000000,34.277358053
-24.039927356,183.044000000,34.262576249
-24.041216848,183.111000000,34.247791602
-24.042489754,183.178000000,34.233004127
-24.043746156,183.245000000,34.218213842
-24.044986137,183.312000000,34.203420763
-24.046209779,183.379000000,34.188624906
-24.047417164,183.446000000,34.173826286
-24.048608375,183.513000000,34.159024922
-24.049783493,183.580000000,34.144220828
-24.050942602,183.647000000,34.129414021
-24.052085783,183.714000000,34.114604518
-24.053213119,183.781000000,34.099792335
-24.054324692,183.848000000,34.084977487
-24.055420584,183.915000000,34.070159992
-24.056500879,183.982000000,34.055339866
-24.057565657,184.049000000,34.040517124
-24.058615001,184.116000000,34.025691783
-24.059648994,184.183000000,34.010863860
-24.060667719,184.250000000,33.996033371
-24.061671256,184.317000000,33.981200332
-24.062659689,184.384000000,33.966364759
-24.063633100,184.451000000,33.951526669
-24.064591571,184.518000000,33.936686078
-24.065535184,184.585000000,33.921843001
-24.066464023,184.652000000,33.906997457
-24.067378168,184.719000000,33.892149460
-24.068277703,184.786000000,33.877299028
-24.069162709,184.853000000,33.862446176
-24.070033270,184.920000000,33.847590920
-24.070889467,184.987000000,33.832733278
-24.071731383,185.054000000,33.817873264
-24.072559099,185.121000000,33.803010897
-24.073372699,185.188000000,33.788146191
-24.074172264,185.255000000,33.773279163
-24.074957878,185.322000000,33.758409830
-24.075729621,185.389000000,33.743538208
-24.076487577,185.456000000,33.728664312
-24.077231828,185.523000000,33.713788160
-24.077962456,185.590000000,33.698909768
-24.078679544,185.657000000,33.684029152
-24.079383173,185.724000000,33.669146327
-24.080073426,185.791000000,33.654261311
-24.080750386,185.858000000,33.639374121
-24.081414134,185.925000000,33.624484771
-24.082064753,185.992000000,33.609593278
-24.082702326,186.059000000,33.594699659
-24.083326934,186.126000000,33.579803931
-24.083938660,186.193000000,33.564906108
-24.084537586,186.260000000,33.550006208
-24.085123795,186.327000000,33.535104247
-24.085697369,186.394000000,33.520200241
-24.086258390,186.461000000,33.505294206
-24.086806940,186.528000000,33.490386159
-24.087343102,186.595000000,33.475476116
-24.087866958,186.662000000,33.460564094
-24.088378591,186.729000000,33.445650108
-24.088878082,186.796000000,33.430734175
-24.089365514,186.863000000,33.415816311
-24.089840970,186.930000000,33.400896533
-24.090304531,186.997000000,33.385974856
-24.090756280,187.064000000,33.371051298
-24.091196299,187.131000000,33.356125874
-24.091624671,187.198000000,33.341198600
-24.092041478,187.265000000,33.326269494
-24.092446802,187.332000000,33.311338571
-24.092840725,187.399000000,33.296405847
-24.093223330,187.466000000,33.281471339
-24.093594700,187.533000000,33.266535063
-24.093954915,187.600000000,33.251597036
-24.094304060,187.667000000,33.236657273
-24.094642215,187.734000000,33.221715792
-24.094969464,187.801000000,33.206772607
-24.095285888,187.868000000,33.191827736
-24.095591570,187.935000000,33.176881196
-24.095886593,188.002000000,33.161933001
-24.096171038,188.069000000,33.146983169
-24.096444988,188.136000000,33.132031715
-24.096708525,188.203000000,33.117078657
-24.096961732,188.270000000,33.102124010
-24.097204690,188.337000000,33.087167790
-24.097437483,188.404000000,33.072210015
-24.097660192,188.471000000,33.057250700
-24.097872900,188.538000000,33.042289861
-24.098075688,188.605000000,33.027327515
-24.098268641,188.672000000,33.012363678
-24.098451838,188.739000000,32.997398367
-24.098625364,188.806000000,32.982431597
-24.098789300,188.873000000,32.967463385
-24.098943729,188.940000000,32.952493748
-24.099088732,189.007000000,32.937522701
-24.099224393,189.074000000,32.922550261
-24.099350793,189.141000000,32.907576444
-24.099468015,189.208000000,32.892601266
-24.099576141,189.275000000,32.877624745
-24.099675254,189.342000000,32.862646895
-24.099765435,189.409000000,32.847667734
-24.099846768,189.476000000,32.832687277
-24.099919333,189.543000000,32.817705541
-24.099983215,189.610000000,32.802722543
-24.100038494,189.677000000,32.787738297
-24.100085254,189.744000000,32.772752822
-24.100123576,189.811000000,32.757766133
-24.100153544,189.878000000,32.742778246
-24.100175238,189.945000000,32.727789178
-24.100188742,190.012000000,32.712798945
-24.100194138,190.079000000,32.697807563
-24.100191508,190.146000000,32.682815048
-24.100180934,190.213000000,32.667821418
-24.100162499,190.280000000,32.652826688
-24.100136286,190.347000000,32.637830874
-24.100102375,190.414000000,32.622833992
-24.100060851,190.481000000,32.607836060
-24.100011794,190.548000000,32.592837093
-24.099955288,190.615000000,32.577837108
-24.099891414,190.682000000,32.562836120
-24.099820255,190.749000000,32.547834147
-24.099741894,190.816000000,32.532831204
-24.099656412,190.883000000,32.517827308
-24.099563892,190.950000000,32.502822475
-24.099464416,191.017000000,32.487816722
-24.099358066,191.084000000,32.472810064
-24.099244925,191.151000000,32.457802518
-24.099125076,191.218000000,32.442794100
-24.098998599,191.285000000,32.427784827
-24.098865579,191.352000000,32.412774715
-24.098726096,191.419000000,32.397763779
-24.098580234,191.486000000,32.382752038
-24.098428075,191.553000000,32.367739506
-24.098269700,191.620000000,32.352726199
-24.098105193,191.687000000,32.337712136
-24.097934635,191.754000000,32.322697330
-24.097758109,191.821000000,32.307681800
-24.097575697,191.888000000,32.292665561
-24.097387482,191.955000000,32.277648629
-24.097193546,192.022000000,32.262631021
-24.096993971,192.089000000,32.247612753
-24.096788839,192.156000000,32.232593841
-24.096578233,192.223000000,32.217574302
-24.096362234,192.290000000,32.202554152
-24.096140927,192.357000000,32.187533408
-24.095914392,192.424000000,32.172512084
-24.095682711,192.491000000,32.157490199
-24.095445968,192.558000000,32.142467767
-24.095204245,192.625000000,32.127444806
-24.094957624,192.692000000,32.112421332
-24.094706187,192.759000000,32.097397361
-24.094450016,192.826000000,32.082372908
-24.094189194,192.893000000,32.067347992
-24.093923803,192.960000000,32.052322627
-24.093654386,193.027000000,32.037299429
-24.093381485,193.094000000,32.022281003
-24.093105181,193.161000000,32.007267355
-24.092825559,193.228000000,31.992258491
-24.092542698,193.295000000,31.977254416
-24.092256683,193.362000000,31.962255135
-24.091967595,193.429000000,31.947260654
-24.091675517,193.496000000,31.932270979
-24.091380531,193.563000000,31.917286114
-24.091082719,193.630000000,31.902306066
-24.090782163,193.697000000,31.887330839
-24.090478946,193.764000000,31.872360439
-24.090173150,193.831000000,31.857394872
-24.089864857,193.898000000,31.842434142
-24.089554150,193.965000000,31.827478256
-24.089241111,194.032000000,31.812527218
-24.088925822,194.099000000,31.797581035
-24.088608365,194.166000000,31.782639711
-24.088288824,194.233000000,31.767703252
-24.087967279,194.300000000,31.752771664
-24.087643814,194.367000000,31.737844951
-24.087318510,194.434000000,31.722923120
-24.086991451,194.501000000,31.708006175
-24.086662717,194.568000000,31.693094123
-24.086332392,194.635000000,31.678186968
-24.086000558,194.702000000,31.663284716
-24.085667297,194.769000000,31.648387372
-24.085332691,194.836000000,31.633494942
-24.084996823,194.903000000,31.618607431
-24.084659775,194.970000000,31.603724845
-24.084321630,195.037000000,31.588847189
-24.083982468,195.104000000,31.573974469
-24.083642374,195.171000000,31.559106689
-24.083301429,195.238000000,31.544243856
-24.082959715,195.305000000,31.529385974
-24.082617315,195.372000000,31.514533050
-24.082274311,195.439000000,31.499685089
-24.081930785,195.506000000,31.484842095
-24.081586820,195.573000000,31.470004075
-24.081242497,195.640000000,31.455171034
-24.080897900,195.707000000,31.440342977
-24.080553110,195.774000000,31.425519910
-24.080208210,195.841000000,31.410701838
-24.079863282,195.908000000,31.395888766
-24.079518409,195.975000000,31.381080701
-24.079173671,196.042000000,31.366277647
-24.078829153,196.109000000,31.351479609
-24.078484936,196.176000000,31.336686595
-24.078141103,196.243000000,31.321898607
-24.077797735,196.310000000,31.307115653
-24.077454915,196.377000000,31.292337738
-24.077112726,196.444000000,31.277564866
-24.076771249,196.511000000,31.262797044
-24.076430568,196.578000000,31.248034277
-24.076090763,196.645000000,31.233276570
-24.075751918,196.712000000,31.218523929
-24.075414115,196.779000000,31.203776358
-24.075077436,196.846000000,31.189033865
-24.074741963,196.913000000,31.174296453
-24.074407779,196.980000000,31.159564128
-24.074074966,197.047000000,31.144836897
-24.073743606,197.114000000,31.130114763
-24.073413782,197.181000000,31.115397734
-24.073085575,197.248000000,31.100685813
-24.072759069,197.315000000,31.085979007
-24.072434345,197.382000000,31.071277320
-24.072111486,197.449000000,31.056580759
-24.071790574,197.516000000,31.041889329
-24.071471691,197.583000000,31.027203035
-24.071154919,197.650000000,31.012521883
-24.070840342,197.717000000,30.997845877
-24.070528041,197.784000000,30.983175024
-24.070218098,197.851000000,30.968509329
-24.069910595,197.918000000,30.953848797
-24.069605616,197.985000000,30.939193434
-24.069303242,198.052000000,30.924543246
-24.069003556,198.119000000,30.909898236
-24.068706640,198.186000000,30.895258412
-24.068412576,198.253000000,30.880623778
-24.068121446,198.320000000,30.865994340
-24.067833333,198.387000000,30.851370103
-24.067548319,198.454000000,30.836751073
-24.067266487,198.521000000,30.822137255
-24.066987918,198.588000000,30.807528655
-24.066712695,198.655000000,30.792925277
-24.066440900,198.722000000,30.778327128
-24.066172616,198.789000000,30.763734213
-24.065907925,198.856000000,30.749146537
-24.065646908,198.923000000,30.734564106
-24.065389650,198.990000000,30.719986925
-24.065136230,199.057000000,30.705414999
-24.064886733,199.124000000,30.690848334
-24.064641240,199.191000000,30.676286936
-24.064399833,199.258000000,30.661730809
-24.064162596,199.325000000,30.647179960
-24.063929609,199.392000000,30.632634393
-24.063700956,199.459000000,30.618094114
-24.063476718,199.526000000,30.603559129
-24.063256979,199.593000000,30.589029442
-24.063041820,199.660000000,30.574505060
-24.062831323,199.727000000,30.559985988
-24.062625571,199.794000000,30.545472231
-24.062424647,199.861000000,30.530963794
-24.062228632,199.928000000,30.516460684
-24.062037608,199.995000000,30.501962905
-24.061851659,200.062000000,30.487470463
-24.061670866,200.129000000,30.472983363
-24.061495311,200.196000000,30.458501611
-24.061325078,200.263000000,30.444025212
-24.061160247,200.330000000,30.429554171
-24.061000902,200.397000000,30.415088495
-24.060847125,200.464000000,30.400628188
-24.060698998,200.531000000,30.386173255
-24.060556603,200.598000000,30.371723703
-24.060420023,200.665000000,30.357279537
-24.060289340,200.732000000,30.342840762
-24.060164636,200.799000000,30.328407383
-24.060045993,200.866000000,30.313979407
-24.059933494,200.933000000,30.299556837
-24.059827222,201.000000000,30.285139681
-24.059727257,201.067000000,30.270727943
-24.059633684,201.134000000,30.256321628
-24.059546583,201.201000000,30.241920743
-24.059466038,201.268000000,30.227525292
-24.059392130,201.335000000,30.213135281
-24.059324942,201.402000000,30.198750715
-24.059264556,201.469000000,30.184371600
-24.059211054,201.536000000,30.169997941
-24.059164519,201.603000000,30.155629744
-24.059125033,201.670000000,30.141267014
-24.059092679,201.737000000,30.126909756
-24.059067538,201.804000000,30.112557977
-24.059049693,201.871000000,30.098211680
-24.059039226,201.938000000,30.083870873
-24.059036219,202.005000000,30.069535559
-24.059040755,202.072000000,30.055205745
-24.059052916,202.139000000,30.040881436
-24.059072785,202.206000000,30.026562638
-24.059100443,202.273000000,30.012249355
-24.059135973,202.340000000,29.997941594
-24.059179457,202.407000000,29.983639360
-24.059230978,202.474000000,29.969342657
-24.059290617,202.541000000,29.955051492
-24.059358457,202.608000000,29.940765870
-24.059434581,202.675000000,29.926485797
-24.059519071,202.742000000,29.912211277
-24.059612008,202.809000000,29.897942317
-24.059713475,202.876000000,29.883678921
-24.059823555,202.943000000,29.869421095
-24.059942330,203.010000000,29.855168845
-24.060069882,203.077000000,29.840922176
-24.060206293,203.144000000,29.826681093
-24.060351646,203.211000000,29.812445602
-24.060506023,203.278000000,29.798215708
-24.060669506,203.345000000,29.783991417
-24.060842178,203.412000000,29.769772734
-24.061024120,203.479000000,29.755559665
-24.061215416,203.546000000,29.741352214
-24.061416147,203.613000000,29.727150388
-24.061626395,203.680000000,29.712954191
-24.061846244,203.747000000,29.698763630
-24.062075775,203.814000000,29.684578709
-24.062315070,203.881000000,29.670399435
-24.062564213,203.948000000,29.656225811
-24.062823284,204.015000000,29.642057845
-24.063092367,204.082000000,29.627895541
-24.063371544,204.149000000,29.613738905
-24.063660896,204.216000000,29.599587942
-24.063960507,204.283000000,29.585442657
-24.064270459,204.350000000,29.571303056
-24.064590833,204.417000000,29.557169145
-24.064921713,204.484000000,29.543040929
-24.065263180,204.551000000,29.528918413
-24.065615316,204.618000000,29.514801603
-24.065978205,204.685000000,29.500690504
-24.066351928,204.752000000,29.486585121
-24.066736568,204.819000000,29.472485460
-24.067132207,204.886000000,29.458391527
-24.067538927,204.953000000,29.444303327
-24.067956810,205.020000000,29.430220865
-24.068385939,205.087000000,29.416144146
-24.068826397,205.154000000,29.402073177
-24.069278264,205.221000000,29.388007962
-24.069741624,205.288000000,29.373948507
-24.070216560,205.355000000,29.359894817
-24.070703152,205.422000000,29.345846898
-24.071201484,205.489000000,29.331804756
-24.071711638,205.556000000,29.317768395
-24.072233696,205.623000000,29.303737821
-24.072767740,205.690000000,29.289713040
-24.073313853,205.757000000,29.275694056
-24.073872117,205.824000000,29.261680876
-24.074442614,205.891000000,29.247673504
-24.075025427,205.958000000,29.233671947
-24.075620638,206.025000000,29.219676210
-24.076228329,206.092000000,29.205686297
-24.076848582,206.159000000,29.191702215
-24.077481480,206.226000000,29.177723969
-24.078127105,206.293000000,29.163751564
-24.078785539,206.360000000,29.149785006
-24.079456865,206.427000000,29.135824299
-24.080141164,206.494000000,29.121869451
-24.080838520,206.561000000,29.107920465
-24.081549015,206.628000000,29.093977348
-24.082272730,206.695000000,29.080040105
-24.083009748,206.762000000,29.066108741
-24.083760151,206.829000000,29.052183262
-24.084524022,206.896000000,29.038263673
-24.085301443,206.963000000,29.024349979
-24.086092496,207.030000000,29.010442186
-24.086897264,207.097000000,28.996540300
-24.087715829,207.164000000,28.982644326
-24.088548272,207.231000000,28.968754268
-24.089394677,207.298000000,28.954870134
-24.090255126,207.365000000,28.940991927
-24.091129700,207.432000000,28.927119654
-24.092018483,207.499000000,28.913253320
-24.092921556,207.566000000,28.899392931
-24.093839002,207.633000000,28.885538491
-24.094770903,207.700000000,28.871690006
-24.095717342,207.767000000,28.857847482
-24.096678400,207.834000000,28.844010924
-24.097654160,207.901000000,28.830180338
-24.098644704,207.968000000,28.816355728
-24.099650115,208.035000000,28.802537101
-24.100670475,208.102000000,28.788724461
-24.101705866,208.169000000,28.774917815
-24.102756371,208.236000000,28.761117167
-24.103822071,208.303000000,28.747322523
-24.104903049,208.370000000,28.733533889
-24.105999387,208.437000000,28.719751269
-24.107111168,208.504000000,28.705974670
-24.108238474,208.571000000,28.692204097
-24.109381387,208.638000000,28.678439554
-24.110539990,208.705000000,28.664681049
-24.111714364,208.772000000,28.650928585
-24.112904592,208.839000000,28.637182169
-24.114110757,208.906000000,28.623441805
-24.115332940,208.973000000,28.609707500
-24.116571224,209.040000000,28.595979258
-24.117825610,209.107000000,28.582257104
-24.119095773,209.174000000,28.568541131
-24.120381308,209.241000000,28.554831455
-24.121681809,209.308000000,28.541128186
-24.122996869,209.375000000,28.527431439
-24.124326084,209.442000000,28.513741327
-24.125669047,209.509000000,28.500057963
-24.127025352,209.576000000,28.486381459
-24.128394594,209.643000000,28.472711930
-24.129776366,209.710000000,28.459049487
-24.131170264,209.777000000,28.445394245
-24.132575881,209.844000000,28.431746317
-24.133992811,209.911000000,28.418105815
-24.135420648,209.978000000,28.404472852
-24.136858987,210.045000000,28.390847543
-24.138307422,210.112000000,28.377229999
-24.139765547,210.179000000,28.363620334
-24.141232956,210.246000000,28.350018661
-24.142709244,210.313000000,28.336425094
-24.144194004,210.380000000,28.322839744
-24.145686831,210.447000000,28.309262727
-24.147187318,210.514000000,28.295694153
-24.148695061,210.581000000,28.282134138
-24.150209653,210.648000000,28.268582793
-24.151730688,210.715000000,28.255040232
-24.153257761,210.782000000,28.241506568
-24.154790466,210.849000000,28.227981915
-24.156328397,210.916000000,28.214466384
-24.157871147,210.983000000,28.200960090
-24.159418313,211.050000000,28.187463146
-24.160969486,211.117000000,28.173975664
-24.162524262,211.184000000,28.160497758
-24.164082235,211.251000000,28.147029541
-24.165642999,211.318000000,28.133571125
-24.167206148,211.385000000,28.120122625
-24.168771277,211.452000000,28.106684153
-24.170337979,211.519000000,28.093255822
-24.171905848,211.586000000,28.079837746
-24.173474480,211.653000000,28.066430037
-24.175043468,211.720000000,28.053032809
-24.176612405,211.787000000,28.039646175
-24.178180888,211.854000000,28.026270248
-24.179748508,211.921000000,28.012905140
-24.181314862,211.988000000,27.999550966
-24.182879542,212.055000000,27.986207838
-24.184442144,212.122000000,27.972875869
-24.186002261,212.189000000,27.959555173
-24.187559487,212.256000000,27.946245863
-24.189113417,212.323000000,27.932948051
-24.190663645,212.390000000,27.919661851
-24.192209765,212.457000000,27.906387376
-24.193751370,212.524000000,27.893124739
-24.195288057,212.591000000,27.879874054
-24.196819417,212.658000000,27.866635432
-24.198345047,212.725000000,27.853408988
-24.199864539,212.792000000,27.840194835
-24.201377488,212.859000000,27.826993085
-24.202883489,212.926000000,27.813803852
-24.204382135,212.993000000,27.800627249
-24.205873020,213.060000000,27.787463389
-24.207355739,213.127000000,27.774312385
-24.208829886,213.194000000,27.761174350
-24.210295055,213.261000000,27.748049397
-24.211750841,213.328000000,27.734937641
-24.213196837,213.395000000,27.721839192
-24.214632637,213.462000000,27.708754166
-24.216057836,213.529000000,27.695682674
-24.217472029,213.596000000,27.682624830
-24.218874808,213.663000000,27.669580747
-24.220265769,213.730000000,27.656550539
-24.221644505,213.797000000,27.643534317
-24.223010611,213.864000000,27.630532196
-24.224363680,213.931000000,27.617544289
-24.225703308,213.998000000,27.604570708
-24.227029088,214.065000000,27.591611567
-24.228340614,214.132000000,27.578666979
-24.229637481,214.199000000,27.565737057
-24.230919283,214.266000000,27.552821914
-24.232185613,214.333000000,27.539921663
-24.233436067,214.400000000,27.527036418
-24.234670237,214.467000000,27.514166291
-24.235887720,214.534000000,27.501311396
-24.237088107,214.601000000,27.488471845
-24.238270995,214.668000000,27.475647752
-24.239435976,214.735000000,27.462839230
-24.240582646,214.802000000,27.450046393
-24.241710598,214.869000000,27.437269352
-24.242819426,214.936000000,27.424508221
-24.243908725,215.003000000,27.411763114
-24.244978089,215.070000000,27.399034144
-24.246027112,215.137000000,27.386321423
-24.247055388,215.204000000,27.373625065
-24.248062512,215.271000000,27.360945183
-24.249048077,215.338000000,27.348281889
-24.250011677,215.405000000,27.335635298
-24.250952908,215.472000000,27.323005522
-24.251871363,215.539000000,27.310392675
-24.252766635,215.606000000,27.297796869
-24.253638321,215.673000000,27.285218217
-24.254486013,215.740000000,27.272656833
-24.255309305,215.807000000,27.260112830
-24.256107793,215.874000000,27.247586321
-24.256881069,215.941000000,27.235077419
-24.257628729,216.008000000,27.222586237
-24.258350367,216.075000000,27.210112888
-24.259045576,216.142000000,27.197657486
-24.259713951,216.209000000,27.185220143
-24.260355086,216.276000000,27.172800973
-24.260968575,216.343000000,27.160400088
-24.261554012,216.410000000,27.148017603
-24.262110992,216.477000000,27.135653629
-24.262639109,216.544000000,27.123308280
-24.263137956,216.611000000,27.110981670
-24.263607128,216.678000000,27.098673911
-24.264046220,216.745000000,27.086385117
-24.264454825,216.812000000,27.074115400
-24.264832538,216.879000000,27.061864873
-24.265178952,216.946000000,27.049633651
-24.265493663,217.013000000,27.037421845
-24.265776263,217.080000000,27.025229569
-24.266026348,217.147000000,27.013056937
-24.266243511,217.214000000,27.000904061
-24.266427347,217.281000000,26.988771054
-24.266577450,217.348000000,26.976658029
-24.266693413,217.415000000,26.964565101
-24.266774832,217.482000000,26.952492381
-24.266821300,217.549000000,26.940439983
-24.266832412,217.616000000,26.928408019
-24.266807761,217.683000000,26.916396604
-24.266746942,217.750000000,26.904405850
-24.266649549,217.817000000,26.892435871
-24.266515177,217.884000000,26.880486778
-24.266343418,217.951000000,26.868558687
-24.266133869,218.018000000,26.856651709
-24.265886122,218.085000000,26.844765958
-24.265599772,218.152000000,26.832901546
-24.265274413,218.219000000,26.821058588
-24.264909639,218.286000000,26.809237196
-24.264505045,218.353000000,26.797437483
-24.264060224,218.420000000,26.785659562
-24.263574771,218.487000000,26.773903547
-24.263048280,218.554000000,26.762169551
-24.262480346,218.621000000,26.750457686
-24.261870561,218.688000000,26.738768066
-24.261218521,218.755000000,26.727100804
-24.260523820,218.822000000,26.715456013
-24.259786051,218.889000000,26.703833807
-24.259004810,218.956000000,26.692234297
-24.258179690,219.023000000,26.680657598
-24.257310285,219.090000000,26.669103823
-24.256396190,219.157000000,26.657573084
-24.255436998,219.224000000,26.646065495
-24.254432304,219.291000000,26.634581168
-24.253381703,219.358000000,26.623120218
-24.252284787,219.425000000,26.611682757
-24.251141152,219.492000000,26.600268898
-24.249950392,219.559000000,26.588878755
-24.248712100,219.626000000,26.577512440
-24.247425872,219.693000000,26.566170067
-24.246091300,219.760000000,26.554851748
-24.244708036,219.827000000,26.543562907
-24.243275734,219.894000000,26.532308967
-24.241793993,219.961000000,26.521090037
-24.240262413,220.028000000,26.509906228
-24.238680594,220.095000000,26.498757650
-24.237048136,220.162000000,26.487644413
-24.235364638,220.229000000,26.476566627
-24.233629701,220.296000000,26.465524404
-24.231842923,220.363000000,26.454517853
-24.230003905,220.430000000,26.443547084
-24.228112247,220.497000000,26.432612208
-24.226167548,220.564000000,26.421713335
-24.224169407,220.631000000,26.410850576
-24.222117426,220.698000000,26.400024041
-24.220011203,220.765000000,26.389233839
-24.217850338,220.832000000,26.378480083
-24.215634432,220.899000000,26.367762880
-24.213363083,220.966000000,26.357082343
-24.211035891,221.033000000,26.346438581
-24.208652457,221.100000000,26.335831705
-24.206212380,221.167000000,26.325261824
-24.203715260,221.234000000,26.314729050
-24.201160696,221.301000000,26.304233493
-24.198548289,221.368000000,26.293775262
-24.195877638,221.435000000,26.283354468
-24.193148342,221.502000000,26.272971222
-24.190360002,221.569000000,26.262625634
-24.187512218,221.636000000,26.252317814
-24.184604588,221.703000000,26.242047872
-24.181636714,221.770000000,26.231815919
-24.178608194,221.837000000,26.221622065
-24.175518629,221.904000000,26.211466420
-24.172367617,221.971000000,26.201349095
-24.169154760,222.038000000,26.191270200
-24.165879656,222.105000000,26.181229845
-24.162541905,222.172000000,26.171228141
-24.159141108,222.239000000,26.161265198
-24.155676864,222.306000000,26.151341125
-24.152148772,222.373000000,26.141456035
-24.148556433,222.440000000,26.131610036
-24.144899446,222.507000000,26.121803239
-24.141177411,222.574000000,26.112035754
-24.137389928,222.641000000,26.102307693
-24.133536596,222.708000000,26.092619164
-24.129617016,222.775000000,26.082970279
-24.125630786,222.842000000,26.073361147
-24.121577507,222.909000000,26.063791879
-24.117456779,222.976000000,26.054262586
-24.113268201,223.043000000,26.044773377
-24.109011373,223.110000000,26.035324363
-24.104685895,223.177000000,26.025915654
-24.100291366,223.244000000,26.016547361
-24.095827387,223.311000000,26.007219594
-24.091293557,223.378000000,25.997932462
-24.086689475,223.445000000,25.988686077
-24.082014742,223.512000000,25.979480549
-24.077268958,223.579000000,25.970315988
-24.072451721,223.646000000,25.961192504
-24.067562633,223.713000000,25.952110208
-24.062601292,223.780000000,25.943069210
-24.057567298,223.847000000,25.934069620
-24.052460251,223.914000000,25.925111549
-24.047279752,223.981000000,25.916195107
-24.042025399,224.048000000,25.907320404
-24.036696792,224.115000000,25.898487550
-24.031293532,224.182000000,25.889696656
-24.025815217,224.249000000,25.880947833
-24.020261448,224.316000000,25.872241190
-24.014631825,224.383000000,25.863576837
-24.008925947,224.450000000,25.854954886
-24.003143413,224.517000000,25.846375446
-23.997283825,224.584000000,25.837838627
-23.991346780,224.651000000,25.829344541
-23.985331880,224.718000000,25.820893297
-23.979238724,224.785000000,25.812485006
-23.973066912,224.852000000,25.804119777
-23.966816043,224.919000000,25.795797722
-23.960485718,224.986000000,25.787518950
-23.954075536,225.053000000,25.779283572
-23.947585096,225.120000000,25.771091698
-23.941013999,225.187000000,25.762943439
-23.934361844,225.254000000,25.754838905
-23.927628231,225.321000000,25.746778205
-23.920812760,225.388000000,25.738761451
-23.913915030,225.455000000,25.730788753
-23.906934642,225.522000000,25.722860220
-23.899871195,225.589000000,25.714975964
-23.892724288,225.656000000,25.707136095
-23.885493523,225.723000000,25.699340722
-23.878178497,225.790000000,25.691589957
-23.870778812,225.857000000,25.683883909
-23.863294067,225.924000000,25.676222689
-23.855723861,225.991000000,25.668606408
-23.848067794,226.058000000,25.661035174
-23.840325467,226.125000000,25.653509100
-23.832496479,226.192000000,25.646028295
-23.824580429,226.259000000,25.638592869
-23.816576918,226.326000000,25.631202932
-23.808485544,226.393000000,25.623858596
-23.800305909,226.460000000,25.616559970
-23.792037612,226.527000000,25.609307165
-23.783680251,226.594000000,25.602100291
-23.775233429,226.661000000,25.594939458
-23.766696743,226.728000000,25.587824776
-23.758069793,226.795000000,25.580756356
-23.749352180,226.862000000,25.573734309
-23.740543504,226.929000000,25.566758744
-23.731643363,226.996000000,25.559829772
-23.722651359,227.063000000,25.552947503
-23.713567089,227.130000000,25.546112047
-23.704390155,227.197000000,25.539323515
-23.695120156,227.264000000,25.532582017
-23.685756692,227.331000000,25.525887663
-23.676299362,227.398000000,25.519240564
-23.666747767,227.465000000,25.512640830
-23.657101505,227.532000000,25.506088572
-23.647360178,227.599000000,25.499583899
-23.637523384,227.666000000,25.493126921
-23.627590723,227.733000000,25.486717750
-23.617561795,227.800000000,25.480356496
-23.607436200,227.867000000,25.474043268
-23.597213538,227.934000000,25.467778177
-23.586893409,228.001000000,25.461561334
-23.576475411,228.068000000,25.455392849
-23.565959145,228.135000000,25.449272831
-23.555344211,228.202000000,25.443201392
-23.544630208,228.269000000,25.437178642
-23.533816736,228.336000000,25.431204690
-23.522903396,228.403000000,25.425279648
-23.511889785,228.470000000,25.419403625
-23.500775506,228.537000000,25.413576733
-23.489560156,228.604000000,25.407799080
-23.478243337,228.671000000,25.402070778
-23.466824647,228.738000000,25.396391937
-23.455303686,228.805000000,25.390762667
-23.443680055,228.872000000,25.385183078
-23.431953353,228.939000000,25.379653282
-23.420123179,229.006000000,25.374173387
-23.408189134,229.073000000,25.368743504
-23.396150817,229.140000000,25.363363745
-23.384007829,229.207000000,25.358034218
-23.371759768,229.274000000,25.352755034
-23.359406234,229.341000000,25.347526304
-23.346946828,229.408000000,25.342348139
-23.334381149,229.475000000,25.337220647
-23.321708796,229.542000000,25.332143940
-23.308929370,229.609000000,25.327118127
-23.296042471,229.676000000,25.322143320
-23.283047697,229.743000000,25.317219628
-23.269944649,229.810000000,25.312347162
-23.256732927,229.877000000,25.307526032
-23.243412131,229.944000000,25.302756349
-23.229981859,230.011000000,25.298038222
-23.216441712,230.078000000,25.293371762
-23.202791290,230.145000000,25.288757079
-23.189030192,230.212000000,25.284194284
-23.175158018,230.279000000,25.279683487
-23.161174368,230.346000000,25.275224799
-23.147078842,230.413000000,25.270818328
-23.132871039,230.480000000,25.266464187
-23.118550560,230.547000000,25.262162485
-23.104117003,230.614000000,25.257913332
-23.089569969,230.681000000,25.253716839
-23.074909057,230.748000000,25.249573116
-23.060133868,230.815000000,25.245482273
-23.045244000,230.882000000,25.241444422
-23.030239054,230.949000000,25.237459671
-23.015118630,231.016000000,25.233528131
-22.999882327,231.083000000,25.229649913
-22.984529745,231.150000000,25.225825127
-22.969060483,231.217000000,25.222053884
-22.953474143,231.284000000,25.218336293
-22.937770322,231.351000000,25.214672464
-22.921948621,231.418000000,25.211062509
-22.906008640,231.485000000,25.207506538
-22.889949979,231.552000000,25.204004660
-22.873772237,231.619000000,25.200556986
-22.857475014,231.686000000,25.197163627
-22.841057910,231.753000000,25.193824692
-22.824520524,231.820000000,25.190540293
-22.807862457,231.887000000,25.187310538
-22.791083307,231.954000000,25.184135540
-22.774182676,232.021000000,25.181015407
-22.757160162,232.088000000,25.177950251
-22.740015366,232.155000000,25.174940181
-22.722747886,232.222000000,25.171985308
-22.705357324,232.289000000,25.169085742
-22.687843278,232.356000000,25.166241594
-22.670205348,232.423000000,25.163452973
-22.652443135,232.490000000,25.160719991
-22.634556237,232.557000000,25.158042757
-22.616544256,232.624000000,25.155421382
-22.598406789,232.691000000,25.152855976
-22.580143438,232.758000000,25.150346649
-22.561753802,232.825000000,25.147893512
-22.543237480,232.892000000,25.145496675
-22.524594073,232.959000000,25.143156248
-22.505823180,233.026000000,25.140872341
-22.486924401,233.093000000,25.138645066
-22.467897335,233.160000000,25.136474532
-22.448741583,233.227000000,25.134360849
-22.429456745,233.294000000,25.132304128
-22.410042419,233.361000000,25.130304479
-22.390498206,233.428000000,25.128362013
-22.370823706,233.495000000,25.126476839
-22.351018518,233.562000000,25.124649069
-22.331082242,233.629000000,25.122878811
-22.311014477,233.696000000,25.121166178
-22.290814825,233.763000000,25.119511278
-22.270482883,233.830000000,25.117914223
-22.250018253,233.897000000,25.116375122
-22.229420533,233.964000000,25.114894087
-22.208689324,234.031000000,25.113471226
-22.187824225,234.098000000,25.112106651
-22.166824837,234.165000000,25.110800472
-22.145690758,234.232000000,25.109552799
-22.124421589,234.299000000,25.108363742
-22.103016929,234.366000000,25.107233412
-22.081476378,234.433000000,25.106161919
-22.059799536,234.500000000,25.105149374
-22.037986003,234.567000000,25.104195886
-22.016035378,234.634000000,25.103301566
-21.993947262,234.701000000,25.102466525
-21.971721253,234.768000000,25.101690872
-21.949356952,234.835000000,25.100974718
-21.926853958,234.902000000,25.100318174
-21.904211872,234.969000000,25.099721348
-21.881430292,235.036000000,25.099184353
-21.858508819,235.103000000,25.098707298
-21.835447053,235.170000000,25.098290293
-21.812244593,235.237000000,25.097933449
-21.788901039,235.304000000,25.097636876
-21.765415990,235.371000000,25.097400685
-21.741789047,235.438000000,25.097224985
-21.718019809,235.505000000,25.097109887
-21.694107877,235.572000000,25.097055502
-21.670052849,235.639000000,25.097061939
-21.645854325,235.706000000,25.097129309
-21.621511906,235.773000000,25.097257723
-21.597025191,235.840000000,25.097447289
-21.572394096,235.907000000,25.097697945
-21.547619801,235.974000000,25.098008925
-21.522703803,236.041000000,25.098379291
-21.497647599,236.108000000,25.098808101
-21.472452686,236.175000000,25.099294418
-21.447120559,236.242000000,25.099837301
-21.421652716,236.309000000,25.100435811
-21.396050654,236.376000000,25.101089010
-21.370315868,236.443000000,25.101795956
-21.344449857,236.510000000,25.102555711
-21.318454115,236.577000000,25.103367335
-21.292330141,236.644000000,25.104229889
-21.266079430,236.711000000,25.105142434
-21.239703479,236.778000000,25.106104030
-21.213203785,236.845000000,25.107113737
-21.186581845,236.912000000,25.108170616
-21.159839155,236.979000000,25.109273727
-21.132977212,237.046000000,25.110422132
-21.105997512,237.113000000,25.111614891
-21.078901552,237.180000000,25.112851063
-21.051690829,237.247000000,25.114129711
-21.024366840,237.314000000,25.115449894
-20.996931081,237.381000000,25.116810672
-20.969385049,237.448000000,25.118211107
-20.941730239,237.515000000,25.119650259
-20.913968150,237.582000000,25.121127189
-20.886100278,237.649000000,25.122640956
-20.858128119,237.716000000,25.124190622
-20.830053170,237.783000000,25.125775247
-20.801876928,237.850000000,25.127393892
-20.773600889,237.917000000,25.129045617
-20.745226550,237.984000000,25.130729483
-20.716755408,238.051000000,25.132444550
-20.688188959,238.118000000,25.134189879
-20.659528699,238.185000000,25.135964530
-20.630776127,238.252000000,25.137767565
-20.601932737,238.319000000,25.139598042
-20.573000028,238.386000000,25.141455024
-20.543979495,238.453000000,25.143337571
-20.514872635,238.520000000,25.145244742
-20.485680945,238.587000000,25.147175599
-20.456405921,238.654000000,25.149129203
-20.427049060,238.721000000,25.151104613
-20.397611860,238.788000000,25.153100890
-20.368095815,238.855000000,25.155117096
-20.338502424,238.922000000,25.157152289
-20.308833183,238.989000000,25.159205532
-20.279089587,239.056000000,25.161275884
-20.249273135,239.123000000,25.163362406
-20.219385323,239.190000000,25.165464159
-20.189427647,239.257000000,25.167580203
-20.159401603,239.324000000,25.169709598
-20.129308690,239.391000000,25.171851406
-20.099150402,239.458000000,25.174004687
-20.068928238,239.525000000,25.176168500
-20.038643693,239.592000000,25.178341908
-20.008298265,239.659000000,25.180523970
-19.977893449,239.726000000,25.182713747
-19.947430743,239.793000000,25.184910299
-19.916911643,239.860000000,25.187112688
-19.886337645,239.927000000,25.189319973
-19.855710248,239.994000000,25.191531215
-19.825030946,240.061000000,25.193745475
-19.794301237,240.128000000,25.195961813
-19.763522618,240.195000000,25.198179289
-19.732696584,240.262000000,25.200396966
-19.701824634,240.329000000,25.202613901
-19.670908263,240.396000000,25.204829158
-19.639948967,240.463000000,25.207041795
-19.608948245,240.530000000,25.209250874
-19.577907592,240.597000000,25.211455454
-19.546828504,240.664000000,25.213654598
-19.515712480,240.731000000,25.215847364
-19.484561015,240.798000000,25.218032814
-19.453375605,240.865000000,25.220210008
-19.422157748,240.932000000,25.222378007
-19.390908941,240.999000000,25.224535872
-19.359630679,241.066000000,25.226682662
-19.328324460,241.133000000,25.228817438
-19.296991780,241.200000000,25.230939262
-19.265631801,241.267000000,25.233062805
-19.234243695,241.334000000,25.235202659
-19.202828972,241.401000000,25.237357766
-19.171389141,241.468000000,25.239527064
-19.139925714,241.535000000,25.241709496
-19.108440200,241.602000000,25.243904001
-19.076934110,241.669000000,25.246109520
-19.045408954,241.736000000,25.248324993
-19.013866242,241.803000000,25.250549360
-18.982307484,241.870000000,25.252781562
-18.950734191,241.937000000,25.255020539
-18.919147873,242.004000000,25.257265232
-18.887550040,242.071000000,25.259514581
-18.855942202,242.138000000,25.261767526
-18.824325870,242.205000000,25.264023008
-18.792702554,242.272000000,25.266279968
-18.761073763,242.339000000,25.268537345
-18.729441009,242.406000000,25.270794080
-18.697805802,242.473000000,25.273049114
-18.666169651,242.540000000,25.275301386
-18.634534067,242.607000000,25.277549838
-18.602900561,242.674000000,25.279793409
-18.571270642,242.741000000,25.282031041
-18.539645820,242.808000000,25.284261673
-18.508027607,242.875000000,25.286484246
-18.476417512,242.942000000,25.288697700
-18.444817045,243.009000000,25.290900975
-18.413227717,243.076000000,25.293093013
-18.381651038,243.143000000,25.295272754
-18.350088517,243.210000000,25.297439137
-18.318541667,243.277000000,25.299591103
-18.287011995,243.344000000,25.301727593
-18.255501014,243.411000000,25.303847547
-18.224010233,243.478000000,25.305949906
-18.192541162,243.545000000,25.308033609
-18.161095311,243.612000000,25.310097598
-18.129674192,243.679000000,25.312140813
-18.098279313,243.746000000,25.314162193
-18.066912186,243.813000000,25.316160680
-18.035574320,243.880000000,25.318135214
-18.004267226,243.947000000,25.320084735
-17.972992413,244.014000000,25.322008184
-17.941751393,244.081000000,25.323904501
-17.910545676,244.148000000,25.325772626
-17.879376771,244.215000000,25.327611500
-17.848246189,244.282000000,25.329420064
-17.817155440,244.349000000,25.331197257
-17.786106035,244.416000000,25.332942020
-17.755099483,244.483000000,25.334653294
-17.724137295,244.550000000,25.336330019
-17.693220981,244.617000000,25.337971135
-17.662352052,244.684000000,25.339575583
-17.631532017,244.751000000,25.341142302
-17.600762387,244.818000000,25.342670235
-17.570044672,244.885000000,25.344158320
-17.539380382,244.952000000,25.345605498
-17.508771028,245.019000000,25.347010710
-17.478218119,245.086000000,25.348372897
-17.447723167,245.153000000,25.349690997
-17.417287680,245.220000000,25.350963953
-17.386913171,245.287000000,25.352190704
-17.356601148,245.354000000,25.353370190
-17.326353121,245.421000000,25.354501353
-17.296170602,245.488000000,25.355583132
-17.266055101,245.555000000,25.356614468
-17.236008127,245.622000000,25.357594302
-17.206031191,245.689000000,25.358521573
-17.176125803,245.756000000,25.359395222
-17.146293473,245.823000000,25.360214190
-17.116535712,245.890000000,25.360977417
-17.086854030,245.957000000,25.361683843
-17.057249937,246.024000000,25.362332408
-17.027724943,246.091000000,25.362922054
-16.998280559,246.158000000,25.363451720
-16.968918295,246.225000000,25.363920348
-16.939639660,246.292000000,25.364326876
-16.910446166,246.359000000,25.364670246
-16.881339323,246.426000000,25.364949399
-16.852320640,246.493000000,25.365163274
-16.823391628,246.560000000,25.365310811
-16.794553797,246.627000000,25.365390952
-16.765808658,246.694000000,25.365402637
-16.737157720,246.761000000,25.365344806
-16.708602494,246.828000000,25.365216400
-16.680144491,246.895000000,25.365016358
-16.651785220,246.962000000,25.364743622
-16.623526191,247.029000000,25.364397131
-16.595368915,247.096000000,25.363975827
-16.567314903,247.163000000,25.363478649
-16.539365663,247.230000000,25.362904538
-16.511522708,247.297000000,25.362252434
-16.483787546,247.364000000,25.361521278
-16.456161688,247.431000000,25.360710011
-16.428646644,247.498000000,25.359817571
-16.401243925,247.565000000,25.358842901
-16.373955041,247.632000000,25.357784940
-16.346781502,247.699000000,25.356642629
-16.319724818,247.766000000,25.355414908
-16.292786499,247.833000000,25.354100717
-16.265968056,247.900000000,25.352698997
-16.239270999,247.967000000,25.351208689
-16.212696839,248.034000000,25.349628733
-16.186247084,248.101000000,25.347958068
-16.159923246,248.168000000,25.346195636
-16.133726836,248.235000000,25.344340377
-16.107659362,248.302000000,25.342391232
-16.081722336,248.369000000,25.340347140
-16.055917267,248.436000000,25.338207042
-16.030245666,248.503000000,25.335969879
-16.004709043,248.570000000,25.333634591
-15.979308908,248.637000000,25.331200118
-15.954046772,248.704000000,25.328665401
-15.928924145,248.771000000,25.326029380
-15.903942537,248.838000000,25.323290996
-15.879103458,248.905000000,25.320449188
-15.854408419,248.972000000,25.317502898
-15.829858929,249.039000000,25.314451066
-15.805456499,249.106000000,25.311292632
-15.781202640,249.173000000,25.308026536
-15.757098860,249.240000000,25.304651719
-15.733146672,249.307000000,25.301167122
-15.709347585,249.374000000,25.297571684
-15.685703108,249.441000000,25.293864347
-15.662214753,249.508000000,25.290044050
-15.638884030,249.575000000,25.286109734
-15.615712448,249.642000000,25.282060340
-15.592701519,249.709000000,25.277894807
-15.569852752,249.776000000,25.273612077
-15.547167657,249.843000000,25.269211089
-15.524647746,249.910000000,25.264690784
-15.502294527,249.977000000,25.260050102
-15.480109511,250.044000000,25.255287984
-15.458094210,250.111000000,25.250403370
-15.436250131,250.178000000,25.245395201
-15.414578787,250.245000000,25.240262417
-15.393081687,250.312000000,25.235003958
-15.371760342,250.379000000,25.229618765
-15.350616261,250.446000000,25.224105779
-15.329650956,250.513000000,25.218463938
-15.308865935,250.580000000,25.212692185
-15.288262710,250.647000000,25.206789459
-15.267842790,250.714000000,25.200754701
-15.247607687,250.781000000,25.194586851
-15.227558909,250.848000000,25.188284850
-15.207697968,250.915000000,25.181847637
-15.188026373,250.982000000,25.175274154
-15.168545635,251.049000000,25.168563341
-15.149257265,251.116000000,25.161714138
-15.130162771,251.183000000,25.154725486
-15.111263666,251.250000000,25.147596324
-15.092561457,251.317000000,25.140325594
-15.074057657,251.384000000,25.132912236
-15.055753776,251.451000000,25.125355190
-15.037651322,251.518000000,25.117653397
-15.019751808,251.585000000,25.109805796
-15.002056742,251.652000000,25.101811329
-14.984567636,251.719000000,25.093668936
-14.967285999,251.786000000,25.085377557
-14.950213342,251.853000000,25.076936132
-14.933351174,251.920000000,25.068343603
-14.916701007,251.987000000,25.059598909
-14.900264350,252.054000000,25.050700991
-14.884042714,252.121000000,25.041648789
-14.868037609,252.188000000,25.032441243
-14.852250544,252.255000000,25.023077295
-14.836683031,252.322000000,25.013555884
-14.821336580,252.389000000,25.003875950
-14.806212700,252.456000000,24.994036435
-14.791312903,252.523000000,24.984036279
-14.776638698,252.590000000,24.973874421
-14.762191595,252.657000000,24.963549803
-14.747973105,252.724000000,24.953061365
-14.733984738,252.791000000,24.942408047
-14.720228004,252.858000000,24.931588790
-14.706704414,252.925000000,24.920602534
-14.693415477,252.992000000,24.909448219
-14.680362705,253.059000000,24.898124786
-14.667547606,253.126000000,24.886631175
-14.654971692,253.193000000,24.874966326
-14.642636473,253.260000000,24.863129181
-14.630543458,253.327000000,24.851118679
-14.618694159,253.394000000,24.838933761
-14.607090085,253.461000000,24.826573367
-14.595732746,253.528000000,24.814036438
-14.584623654,253.595000000,24.801321914
-14.573764317,253.662000000,24.788428735
-14.563156247,253.729000000,24.775355842
-14.552800953,253.796000000,24.762102176
-14.542699946,253.863000000,24.748666676
-14.532854736,253.930000000,24.735048283
-14.523266834,253.997000000,24.721245937
-14.513937749,254.064000000,24.707258579
-14.504868991,254.131000000,24.693085150
-14.496062072,254.198000000,24.678724589
-14.487518500,254.265000000,24.664175837
-14.479239788,254.332000000,24.649437835
-14.471227443,254.399000000,24.634509522
-14.463482978,254.466000000,24.619389840
-14.456007902,254.533000000,24.604077728
-14.448803725,254.600000000,24.588572128
-14.441871958,254.667000000,24.572871978
-14.435214111,254.734000000,24.556976221
-14.428831694,254.801000000,24.540883796
-14.422726217,254.868000000,24.524593643
-14.416899191,254.935000000,24.508104704
-14.411352125,255.002000000,24.491415918
-14.406086531,255.069000000,24.474526226
-14.401103918,255.136000000,24.457434568
-14.396405796,255.203000000,24.440139885
-14.391993676,255.270000000,24.422641117
-14.387869068,255.337000000,24.404937204
-14.384033483,255.404000000,24.387027087
-14.380488430,255.471000000,24.368909706
-14.377235419,255.538000000,24.350584002
-14.374275962,255.605000000,24.332048915
-14.371611567,255.672000000,24.313303386
-14.369243746,255.739000000,24.294346354
-14.367174009,255.806000000,24.275176761
-14.365403866,255.873000000,24.255793546
-14.363934826,255.940000000,24.236195651
-14.362768401,256.007000000,24.216369398
-14.361906101,256.074000000,24.196251883
-14.361349435,256.141000000,24.175770969
-14.361099915,256.208000000,24.154858158
-14.361159050,256.275000000,24.133448538
-14.361528350,256.342000000,24.111480726
-14.362209326,256.409000000,24.088896811
-14.363203489,256.476000000,24.065642295
-14.364512347,256.543000000,24.041666043
-14.366137412,256.610000000,24.016920217
-14.368080194,256.677000000,23.991360226
-14.370342202,256.744000000,23.964944665
-14.372924948,256.811000000,23.937635254
-14.375829941,256.878000000,23.909396789
-14.379058692,256.945000000,23.880197073
-14.382612711,257.012000000,23.850006865
-14.386493508,257.079000000,23.818799818
-14.390702593,257.146000000,23.786552422
-14.395241477,257.213000000,23.753243944
-14.400111670,257.280000000,23.718856366
-14.405299551,257.347000000,23.683396334
-14.410769780,257.414000000,23.646875274
-14.416491288,257.481000000,23.609286216
-14.422433006,257.548000000,23.570624641
-14.428563864,257.615000000,23.530888409
-14.434852795,257.682000000,23.490077700
-14.441268729,257.749000000,23.448194940
-14.447780597,257.816000000,23.405244742
-14.454357330,257.883000000,23.361233839
-14.460967859,257.950000000,23.316171014
-14.467581115,258.017000000,23.270067036
-14.474166029,258.084000000,23.222934593
-14.480691533,258.151000000,23.174788229
-14.487126557,258.218000000,23.125644270
-14.493440032,258.285000000,23.075520766
-14.499600889,258.352000000,23.024437419
-14.505578059,258.419000000,22.972415519
-14.511340474,258.486000000,22.919477879
-14.516857064,258.553000000,22.865648767
-14.522096760,258.620000000,22.810953843
-14.527028494,258.687000000,22.755420091
-14.531621196,258.754000000,22.699075758
-14.535843797,258.821000000,22.641950284
-14.539665229,258.888000000,22.584074243
-14.543054422,258.955000000,22.525479277
-14.545980308,259.022000000,22.466198032
-14.548411817,259.089000000,22.406264096
-14.550317881,259.156000000,22.345711936
-14.551667430,259.223000000,22.284576839
-14.552429396,259.290000000,22.222894845
-14.552572709,259.357000000,22.160702691
-14.552066301,259.424000000,22.098037749
-14.550879103,259.491000000,22.034937967
-14.548980045,259.558000000,21.971441810
-14.546338059,259.625000000,21.907588201
-14.542922075,259.692000000,21.843416465
-14.538701025,259.759000000,21.778966273
-14.533643840,259.826000000,21.714277581
-14.527719451,259.893000000,21.649390581
-14.520896788,259.960000000,21.584345644
-14.513144784,260.027000000,21.519183266
-14.504432368,260.094000000,21.453944015
-14.494728472,260.161000000,21.388668482
-14.484002027,260.228000000,21.323397227
-14.472221963,260.295000000,21.258170729
-14.459357213,260.362000000,21.193029340
-14.445376706,260.429000000,21.128013233
-14.430249375,260.496000000,21.063162358
-14.413944149,260.563000000,20.998516394
-14.396429961,260.630000000,20.934114706
-14.377675740,260.697000000,20.869996296
-14.357650419,260.764000000,20.806199767
-14.336322927,260.831000000,20.742763275
-14.313662197,260.898000000,20.679724492
-14.289637159,260.965000000,20.617120562
-14.264216743,261.032000000,20.554988068
-14.237369883,261.099000000,20.493362988
-14.209065507,261.166000000,20.432280665
-14.179272547,261.233000000,20.371775766
-14.147959935,261.300000000,20.311882252
-14.115096601,261.367000000,20.252633341
-14.080651476,261.434000000,20.194061482
-14.044593491,261.501000000,20.136198319
-14.006891578,261.568000000,20.079074661
-13.967514667,261.635000000,20.022720462
-13.926431689,261.702000000,19.967164784
-13.883611576,261.769000000,19.912435778
-13.839023258,261.836000000,19.858560656
-13.792635667,261.903000000,19.805565669
-13.744417733,261.970000000,19.753476086
-13.694338388,262.037000000,19.702316173
-13.642366562,262.104000000,19.652109171
-13.588471186,262.171000000,19.602877282
-13.532621192,262.238000000,19.554641648
-13.474785511,262.305000000,19.507422338
-13.414933073,262.372000000,19.461238336
-13.353032810,262.439000000,19.416107521
-13.289053652,262.506000000,19.372046662
-13.222964531,262.573000000,19.329071404
-13.154734378,262.640000000,19.287196262
-13.084332123,262.707000000,19.246434608
-13.011726699,262.774000000,19.206798672
-12.936887034,262.841000000,19.168299529
-12.859782062,262.908000000,19.130947101
-12.780380712,262.975000000,19.094750152
-12.698651917,263.042000000,19.059716286
-12.614564606,263.109000000,19.025851949
-12.528087711,263.176000000,18.993162429
-12.439190162,263.243000000,18.961651861
-12.347840892,263.310000000,18.931323226
-12.254008831,263.377000000,18.902178362
-12.157662909,263.444000000,18.874217965
-12.058772058,263.511000000,18.847441604
-11.957305210,263.578000000,18.821847721
-11.853231294,263.645000000,18.797433649
-11.746519243,263.712000000,18.774195620
-11.637137986,263.779000000,18.752128779
-11.525056456,263.846000000,18.731227198
-11.410243583,263.913000000,18.711483888
-11.292668297,263.980000000,18.692890824
-11.172299531,264.047000000,18.675438953
-11.049106215,264.114000000,18.659118219
-10.923057281,264.181000000,18.643917583
-10.794121658,264.248000000,18.629825041
-10.662268279,264.315000000,18.616827650
-10.527466074,264.382000000,18.604911551
-10.389683974,264.449000000,18.594061993
-10.248890911,264.516000000,18.584263358
-10.105055814,264.583000000,18.575499193
-9.958147617,264.650000000,18.567752233
-9.808135248,264.717000000,18.561004432
-9.654987640,264.784000000,18.555236995
-9.498673723,264.851000000,18.550430408
-9.339162429,264.918000000,18.546564473
-9.176422688,264.985000000,18.543618337
-9.010423432,265.052000000,18.541570531
-8.841133591,265.119000000,18.540399005
-8.668522097,265.186000000,18.540081162
-8.492557880,265.253000000,18.540593900
-8.313209872,265.320000000,18.541913646
-8.130447003,265.387000000,18.544016399
-7.944238205,265.454000000,18.546877769
-7.754552409,265.521000000,18.550473017
-7.561358545,265.588000000,18.554777100
-7.364625545,265.655000000,18.559764713
-7.164322340,265.722000000,18.565410330
-6.960417860,265.789000000,18.571688254
-6.752881038,265.856000000,18.578572658
-6.541680802,265.923000000,18.586037633
-6.326786086,265.990000000,18.594057233
-6.108165820,266.057000000,18.602605527
-5.885788934,266.124000000,18.611656642
-5.659624360,266.191000000,18.621184814
-5.429641029,266.258000000,18.631164440
-5.195807872,266.325000000,18.641570124
-4.958093820,266.392000000,18.652376730
-4.716467804,266.459000000,18.663559432
-4.470898755,266.526000000,18.675093769
-4.221355603,266.593000000,18.686955692
-3.967807281,266.660000000,18.699121620
-3.710261529,266.727000000,18.711568480
-3.448881327,266.794000000,18.724273736
-3.183868467,266.861000000,18.737215500
-2.915424738,266.928000000,18.750372600
-2.643751932,266.995000000,18.763724617
-2.369051838,267.062000000,18.777251939
-2.091526248,267.129000000,18.790935803
-1.811376951,267.196000000,18.804758346
-1.528805740,267.263000000,18.818702655
-1.244014403,267.330000000,18.832752818
-0.957204732,267.397000000,18.846893977
-0.668578517,267.464000000,18.861112382
-0.378337549,267.531000000,18.875395446
-0.086683618,267.598000000,18.889731804
0.206181485,267.665000000,18.904111371
0.500055969,267.732000000,18.918525400
0.794738044,267.799000000,18.932966546
1.090025920,267.866000000,18.947428934
1.385717806,267.933000000,18.961908215
1.681611911,268.000000000,18.976401644
