x,y,z
7.376673227,0.000000000,12.674985647
7.525931122,0.067000000,12.668314311
7.675174262,0.134000000,12.661645773
7.824387888,0.201000000,12.654986984
7.973557246,0.268000000,12.648349303
8.122667577,0.335000000,12.641748357
8.271704126,0.402000000,12.635203898
8.420652137,0.469000000,12.628739666
8.569496853,0.536000000,12.622383239
8.718223517,0.603000000,12.616165892
8.866817374,0.670000000,12.610122452
9.015263666,0.737000000,12.604291150
9.163547637,0.804000000,12.598713472
9.311654531,0.871000000,12.593434015
9.459569591,0.938000000,12.588500334
9.607278062,1.005000000,12.583962797
9.754765186,1.072000000,12.579874431
9.902016207,1.139000000,12.576290776
10.049016368,1.206000000,12.573269733
10.195750914,1.273000000,12.570871413
10.342205088,1.340000000,12.569157992
10.488364133,1.407000000,12.568193553
10.634213293,1.474000000,12.568043945
10.779737811,1.541000000,12.568776627
10.924922931,1.608000000,12.570460524
11.069753898,1.675000000,12.573165874
11.214215953,1.742000000,12.576964084
11.358294341,1.809000000,12.581927583
11.501974305,1.876000000,12.588129672
11.645241089,1.943000000,12.595644383
11.788079937,2.010000000,12.604546332
11.930476092,2.077000000,12.614910577
12.072414797,2.144000000,12.626812474
12.213881296,2.211000000,12.640327538
12.354860833,2.278000000,12.655531302
12.495338652,2.345000000,12.672499179
12.635299995,2.412000000,12.691306327
12.774730107,2.479000000,12.712027509
12.913614230,2.546000000,12.734736964
13.051937610,2.613000000,12.759508271
13.189685488,2.680000000,12.786414221
13.326843109,2.747000000,12.815526688
13.463395716,2.814000000,12.846916502
13.599328554,2.881000000,12.880653324
13.734626864,2.948000000,12.916805523
13.869275892,3.015000000,12.955440055
14.003260880,3.082000000,12.996622345
14.136567072,3.149000000,13.040416170
14.269179712,3.216000000,13.086883545
14.401084043,3.283000000,13.136084612
14.532265309,3.350000000,13.188077527
14.662708753,3.417000000,13.242918356
14.792399619,3.484000000,13.300660971
14.921323151,3.551000000,13.361356942
15.049464591,3.618000000,13.425055443
15.176809185,3.685000000,13.491803153
15.303342174,3.752000000,13.561644161
15.429048804,3.819000000,13.634619874
15.553914316,3.886000000,13.710768927
15.677923956,3.953000000,13.790127099
15.801062966,4.020000000,13.872727227
15.923316590,4.087000000,13.958599126
16.044670072,4.154000000,14.047769513
16.165108655,4.221000000,14.140261927
16.284617582,4.288000000,14.236096663
16.403182098,4.355000000,14.335290697
16.520787446,4.422000000,14.437857625
16.637418870,4.489000000,14.543807595
16.753061612,4.556000000,14.653147252
16.867700917,4.623000000,14.765879677
16.981322028,4.690000000,14.882004334
17.093910189,4.757000000,15.001517019
17.205450643,4.824000000,15.124409815
17.315928633,4.891000000,15.250671043
17.425329405,4.958000000,15.380285225
17.533638200,5.025000000,15.513233043
17.640840263,5.092000000,15.649491302
17.746920837,5.159000000,15.789032906
17.851865165,5.226000000,15.931826820
17.955658492,5.293000000,16.077838051
18.058286061,5.360000000,16.227027625
18.159736765,5.427000000,16.379354745
18.260014095,5.494000000,16.534783842
18.359125192,5.561000000,16.693278956
18.457077199,5.628000000,16.854801726
18.553877254,5.695000000,17.019311432
18.649532501,5.762000000,17.186765044
18.744050079,5.829000000,17.357117265
18.837437129,5.896000000,17.530320581
18.929700794,5.963000000,17.706325311
19.020848213,6.030000000,17.885079658
19.110886528,6.097000000,18.066529762
19.199822880,6.164000000,18.250619750
19.287664410,6.231000000,18.437291796
19.374418258,6.298000000,18.626486175
19.460091567,6.365000000,18.818141318
19.544691477,6.432000000,19.012193871
19.628225129,6.499000000,19.208578756
19.710699664,6.566000000,19.407229225
19.792122223,6.633000000,19.608076927
19.872499948,6.700000000,19.811051965
19.951839979,6.767000000,20.016082958
20.030149457,6.834000000,20.223097105
20.107435524,6.901000000,20.432020244
20.183705319,6.968000000,20.642776920
20.258965986,7.035000000,20.855290448
20.333224664,7.102000000,21.069482972
20.406488494,7.169000000,21.285275535
20.478764618,7.236000000,21.502588142
20.550060177,7.303000000,21.721339824
20.620382311,7.370000000,21.941448703
20.689738162,7.437000000,22.162832058
20.758134871,7.504000000,22.385406390
20.825579579,7.571000000,22.609087486
20.892079426,7.638000000,22.833790486
20.957641555,7.705000000,23.059429946
21.022273105,7.772000000,23.285919905
21.085981218,7.839000000,23.513173948
21.148773036,7.906000000,23.741105271
21.210655698,7.973000000,23.969626745
21.271636347,8.040000000,24.198650982
21.331722122,8.107000000,24.428090394
21.390920166,8.174000000,24.657857262
21.449237620,8.241000000,24.887863795
21.506681623,8.308000000,25.118022192
21.563259318,8.375000000,25.348244706
21.618977845,8.442000000,25.578443704
21.673844346,8.509000000,25.808531728
21.727865961,8.576000000,26.038421556
21.781049832,8.643000000,26.268026258
21.833403099,8.710000000,26.497259260
21.884932904,8.777000000,26.726034399
21.935646387,8.844000000,26.954265978
21.985550691,8.911000000,27.181868830
22.034652955,8.978000000,27.408758364
22.082960320,9.045000000,27.634850630
22.130479929,9.112000000,27.860062365
22.177218921,9.179000000,28.084311051
22.223184439,9.246000000,28.307514964
22.268383622,9.313000000,28.529593230
22.312823613,9.380000000,28.750465871
22.356511551,9.447000000,28.970053857
22.399454579,9.514000000,29.188279153
22.441659836,9.581000000,29.405064769
22.483134465,9.648000000,29.620334802
22.523885606,9.715000000,29.834014489
22.563920401,9.782000000,30.046030241
22.603245989,9.849000000,30.256309697
22.641869514,9.916000000,30.464781758
22.679798114,9.983000000,30.671376632
22.717038932,10.050000000,30.876025875
22.753599108,10.117000000,31.078662425
22.789485785,10.184000000,31.279220646
22.824706101,10.251000000,31.477636359
22.859267199,10.318000000,31.673846880
22.893176220,10.385000000,31.867791054
22.926440305,10.452000000,32.059409289
22.959066594,10.519000000,32.248643584
22.991062230,10.586000000,32.435437564
23.022434352,10.653000000,32.619736507
23.053190102,10.720000000,32.801487371
23.083336621,10.787000000,32.980638825
23.112881050,10.854000000,33.157141270
23.141830530,10.921000000,33.330946868
23.170192202,10.988000000,33.502009560
23.197973207,11.055000000,33.670285093
23.225180686,11.122000000,33.835731038
23.251821781,11.189000000,33.998306811
23.277903632,11.256000000,34.157973689
23.303433380,11.323000000,34.314694832
23.328418166,11.390000000,34.468435292
23.352865132,11.457000000,34.619162033
23.376781418,11.524000000,34.766843945
23.400174166,11.591000000,34.911451853
23.423050516,11.658000000,35.052958528
23.445417610,11.725000000,35.191338701
23.467282589,11.792000000,35.326569068
23.488652593,11.859000000,35.458628300
23.509534764,11.926000000,35.587497048
23.529936242,11.993000000,35.713157950
23.549864170,12.060000000,35.835595634
23.569325687,12.127000000,35.954796721
23.588327935,12.194000000,36.070749828
23.606878055,12.261000000,36.183445570
23.624983188,12.328000000,36.292876557
23.642650475,12.395000000,36.399037397
23.659887057,12.462000000,36.501924690
23.676700075,12.529000000,36.601537027
23.693096671,12.596000000,36.697874987
23.709083984,12.663000000,36.790941130
23.724669157,12.730000000,36.880739994
23.739859330,12.797000000,36.967278082
23.754661644,12.864000000,37.050563865
23.769083241,12.931000000,37.130607761
23.783131261,12.998000000,37.207422137
23.796812846,13.065000000,37.281021292
23.810135136,13.132000000,37.351421448
23.823105273,13.199000000,37.418640738
23.835730397,13.266000000,37.482699198
23.848017650,13.333000000,37.543618746
23.859974172,13.400000000,37.601423175
23.871607372,13.467000000,37.656138112
23.882925721,13.534000000,37.707790926
23.893937960,13.601000000,37.756410790
23.904652826,13.668000000,37.802028690
23.915079058,13.735000000,37.844677409
23.925225397,13.802000000,37.884391510
23.935100580,13.869000000,37.921207318
23.944713347,13.936000000,37.955162905
23.954072437,14.003000000,37.986298072
23.963186589,14.070000000,38.014654327
23.972064542,14.137000000,38.040274873
23.980715035,14.204000000,38.063204585
23.989146807,14.271000000,38.083489994
23.997368596,14.338000000,38.101179267
24.005389143,14.405000000,38.116322189
24.013217185,14.472000000,38.128970145
24.020861463,14.539000000,38.139176101
24.028330715,14.606000000,38.146994586
24.035633679,14.673000000,38.152481671
24.042779096,14.740000000,38.155694955
24.049775704,14.807000000,38.156693547
24.056632242,14.874000000,38.155538044
24.063357449,14.941000000,38.152290519
24.069960064,15.008000000,38.147014501
24.076448826,15.075000000,38.139774961
24.082832474,15.142000000,38.130638295
24.089119748,15.209000000,38.119672309
24.095319386,15.276000000,38.106946207
24.101440127,15.343000000,38.092530571
24.107490710,15.410000000,38.076497356
24.113479874,15.477000000,38.058919873
24.119416359,15.544000000,38.039872779
24.125308903,15.611000000,38.019432067
24.131166245,15.678000000,37.997675054
24.136997125,15.745000000,37.974680380
24.142810281,15.812000000,37.950527992
24.148614452,15.879000000,37.925299146
24.154418377,15.946000000,37.899076396
24.160230796,16.013000000,37.871943596
24.166060448,16.080000000,37.843985895
24.171914574,16.147000000,37.815284556
24.177794431,16.214000000,37.785901375
24.183699779,16.281000000,37.755894215
24.189630376,16.348000000,37.725322202
24.195585982,16.415000000,37.694245746
24.201566358,16.482000000,37.662726557
24.207571261,16.549000000,37.630827672
24.213600452,16.616000000,37.598613471
24.219653691,16.683000000,37.566149702
24.225730736,16.750000000,37.533503501
24.231831347,16.817000000,37.500743414
24.237955283,16.884000000,37.467939422
24.244102305,16.951000000,37.435162961
24.250272171,17.018000000,37.402486950
24.256464641,17.085000000,37.369985808
24.262679475,17.152000000,37.337735488
24.268916431,17.219000000,37.305813493
24.275175270,17.286000000,37.274298906
24.281455751,17.353000000,37.243272415
24.287757632,17.420000000,37.212816336
24.294080675,17.487000000,37.182999792
24.300424638,17.554000000,37.153833605
24.306789280,17.621000000,37.125313888
24.313174362,17.688000000,37.097436751
24.319579643,17.755000000,37.070198306
24.326004881,17.822000000,37.043594662
24.332449837,17.889000000,37.017621932
24.338914270,17.956000000,36.992276225
24.345397940,18.023000000,36.967553654
24.351900605,18.090000000,36.943450329
24.358422026,18.157000000,36.919962360
24.364961962,18.224000000,36.897085860
24.371520172,18.291000000,36.874816939
24.378096416,18.358000000,36.853151707
24.384690454,18.425000000,36.832086277
24.391302044,18.492000000,36.811616758
24.397930946,18.559000000,36.791739262
24.404576920,18.626000000,36.772449900
24.411239726,18.693000000,36.753744783
24.417919122,18.760000000,36.735620021
24.424614868,18.827000000,36.718071726
24.431326723,18.894000000,36.701096009
24.438054448,18.961000000,36.684688981
24.444797801,19.028000000,36.668846752
24.451556542,19.095000000,36.653565434
24.458330431,19.162000000,36.638841137
24.465119226,19.229000000,36.624669973
24.471922688,19.296000000,36.611048052
24.478740576,19.363000000,36.597971486
24.485572649,19.430000000,36.585436385
24.492418666,19.497000000,36.573438861
24.499278388,19.564000000,36.561975024
24.506151574,19.631000000,36.551040986
24.513037983,19.698000000,36.540632856
24.519937375,19.765000000,36.530746747
24.526849508,19.832000000,36.521378770
24.533774144,19.899000000,36.512525035
24.540711040,19.966000000,36.504181653
24.547659957,20.033000000,36.496344735
24.554620654,20.100000000,36.489010392
24.561592890,20.167000000,36.482174735
24.568576425,20.234000000,36.475833876
24.575571019,20.301000000,36.469983924
24.582576430,20.368000000,36.464620992
24.589592419,20.435000000,36.459741190
24.596618744,20.502000000,36.455340629
24.603655166,20.569000000,36.451415419
24.610701444,20.636000000,36.447961673
24.617757337,20.703000000,36.444975500
24.624822604,20.770000000,36.442453013
24.631897005,20.837000000,36.440390321
24.638980301,20.904000000,36.438783536
24.646072249,20.971000000,36.437628769
24.653172609,21.038000000,36.436922131
24.660281142,21.105000000,36.436659732
24.667397606,21.172000000,36.436837684
24.674521761,21.239000000,36.437452098
24.681653367,21.306000000,36.438499084
24.688792182,21.373000000,36.439974754
24.695937967,21.440000000,36.441875219
24.703090480,21.507000000,36.444196589
24.710249482,21.574000000,36.446934976
24.717414732,21.641000000,36.450086490
24.724585988,21.708000000,36.453647243
24.731763012,21.775000000,36.457613345
24.738945561,21.842000000,36.461980908
24.746133396,21.909000000,36.466746042
24.753326277,21.976000000,36.471904858
24.760523961,22.043000000,36.477453468
24.767726210,22.110000000,36.483387982
24.774932782,22.177000000,36.489704511
24.782143437,22.244000000,36.496399166
24.789357935,22.311000000,36.503468059
24.796576034,22.378000000,36.510907300
24.803797495,22.445000000,36.518713000
24.811022076,22.512000000,36.526881270
24.818249538,22.579000000,36.535408222
24.825479640,22.646000000,36.544289965
24.832712141,22.713000000,36.553522612
24.839946800,22.780000000,36.563102272
24.847183378,22.847000000,36.573025058
24.854421633,22.914000000,36.583287079
24.861661325,22.981000000,36.593884448
24.868902214,23.048000000,36.604813274
24.876144059,23.115000000,36.616069669
24.883386619,23.182000000,36.627649744
24.890629655,23.249000000,36.639549610
24.897872924,23.316000000,36.651765378
24.905116188,23.383000000,36.664293158
24.912359205,23.450000000,36.677129062
24.919601735,23.517000000,36.690269201
24.926843537,23.584000000,36.703709686
24.934084371,23.651000000,36.717446627
24.941323996,23.718000000,36.731476136
24.948562171,23.785000000,36.745794323
24.955798657,23.852000000,36.760397300
24.963033213,23.919000000,36.775281177
24.970265597,23.986000000,36.790442066
24.977495570,24.053000000,36.805876078
24.984722892,24.120000000,36.821579323
24.991947320,24.187000000,36.837547912
24.999168616,24.254000000,36.853777957
25.006386538,24.321000000,36.870265568
25.013600846,24.388000000,36.887006856
25.020811299,24.455000000,36.903997933
25.028017657,24.522000000,36.921234909
25.035219680,24.589000000,36.938713895
25.042417126,24.656000000,36.956431003
25.049609755,24.723000000,36.974382342
25.056797327,24.790000000,36.992564025
25.063979602,24.857000000,37.010972162
25.071156338,24.924000000,37.029602864
25.078327295,24.991000000,37.048452242
25.085492232,25.058000000,37.067516407
25.092650910,25.125000000,37.086791471
25.099803087,25.192000000,37.106273543
25.106948523,25.259000000,37.125958735
25.114086977,25.326000000,37.145843158
25.121218210,25.393000000,37.165922923
25.128341980,25.460000000,37.186194141
25.135458046,25.527000000,37.206652922
25.142566169,25.594000000,37.227295379
25.149666108,25.661000000,37.248117621
25.156757622,25.728000000,37.269115760
25.163840470,25.795000000,37.290285907
25.170914413,25.862000000,37.311624172
25.177979210,25.929000000,37.333126668
25.185034619,25.996000000,37.354789503
25.192080401,26.063000000,37.376608791
25.199116316,26.130000000,37.398580641
25.206142121,26.197000000,37.420701164
25.213157578,26.264000000,37.442966472
25.220162445,26.331000000,37.465372676
25.227156482,26.398000000,37.487915886
25.234139449,26.465000000,37.510592213
25.241111104,26.532000000,37.533397769
25.248071207,26.599000000,37.556328665
25.255019519,26.666000000,37.579381010
25.261955797,26.733000000,37.602550917
25.268879803,26.800000000,37.625834496
25.275791294,26.867000000,37.649227859
25.282690031,26.934000000,37.672727116
25.289575774,27.001000000,37.696328378
25.296448281,27.068000000,37.720027756
25.303307311,27.135000000,37.743821361
25.310152626,27.202000000,37.767705305
25.316983983,27.269000000,37.791675697
25.323801143,27.336000000,37.815728650
25.330603865,27.403000000,37.839860274
25.337391908,27.470000000,37.864066679
25.344165032,27.537000000,37.888343978
25.350922997,27.604000000,37.912688281
25.357665561,27.671000000,37.937095698
25.364392484,27.738000000,37.961562342
25.371103526,27.805000000,37.986084322
25.377798447,27.872000000,38.010657750
25.384477005,27.939000000,38.035278737
25.391138960,28.006000000,38.059943394
25.397784072,28.073000000,38.084647831
25.404412099,28.140000000,38.109388161
25.411022803,28.207000000,38.134160492
25.417615941,28.274000000,38.158960938
25.424191274,28.341000000,38.183785608
25.430748560,28.408000000,38.208630614
25.437287561,28.475000000,38.233492067
25.443808034,28.542000000,38.258366077
25.450309739,28.609000000,38.283248755
25.456792436,28.676000000,38.308136213
25.463255884,28.743000000,38.333024561
25.469699844,28.810000000,38.357909911
25.476124073,28.877000000,38.382788374
25.482528332,28.944000000,38.407656059
25.488912380,29.011000000,38.432509079
25.495275977,29.078000000,38.457343545
25.501618881,29.145000000,38.482155566
25.507940854,29.212000000,38.506941255
25.514241653,29.279000000,38.531696723
25.520521039,29.346000000,38.556418079
25.526778771,29.413000000,38.581101436
25.533014608,29.480000000,38.605742903
25.539228310,29.547000000,38.630338593
25.545419636,29.614000000,38.654884616
25.551588347,29.681000000,38.679377083
25.557734200,29.748000000,38.703812105
25.563856956,29.815000000,38.728185793
25.569956375,29.882000000,38.752494258
25.576032215,29.949000000,38.776733611
25.582084236,30.016000000,38.800899963
25.588112198,30.083000000,38.824989425
25.594115860,30.150000000,38.848998107
25.600094981,30.217000000,38.872922122
25.606049322,30.284000000,38.896757579
25.611978641,30.351000000,38.920500590
25.617882698,30.418000000,38.944147266
25.623761252,30.485000000,38.967693718
25.629614064,30.552000000,38.991136056
25.635440891,30.619000000,39.014470392
25.641241495,30.686000000,39.037692836
25.647015633,30.753000000,39.060799500
25.652763067,30.820000000,39.083786495
25.658483555,30.887000000,39.106649931
25.664176856,30.954000000,39.129385920
25.669842731,31.021000000,39.151990572
25.675480938,31.088000000,39.174459999
25.681091237,31.155000000,39.196790311
25.686673388,31.222000000,39.218977620
25.692227150,31.289000000,39.241018036
25.697752282,31.356000000,39.262907670
25.703248544,31.423000000,39.284642634
25.708715696,31.490000000,39.306219038
25.714153497,31.557000000,39.327632993
25.719561706,31.624000000,39.348880610
25.724940082,31.691000000,39.369958001
25.730288387,31.758000000,39.390861276
25.735606377,31.825000000,39.411586546
25.740893815,31.892000000,39.432129922
25.746150457,31.959000000,39.452487515
25.751376065,32.026000000,39.472655436
25.756570398,32.093000000,39.492629796
25.761733215,32.160000000,39.512406707
25.766864320,32.227000000,39.531983029
25.771963701,32.294000000,39.551358627
25.777031388,32.361000000,39.570534119
25.782067414,32.428000000,39.589510119
25.787071809,32.495000000,39.608287243
25.792044605,32.562000000,39.626866107
25.796985835,32.629000000,39.645247328
25.801895528,32.696000000,39.663431520
25.806773717,32.763000000,39.681419300
25.811620434,32.830000000,39.699211283
25.816435709,32.897000000,39.716808085
25.821219575,32.964000000,39.734210323
25.825972063,33.031000000,39.751418612
25.830693204,33.098000000,39.768433567
25.835383030,33.165000000,39.785255805
25.840041573,33.232000000,39.801885941
25.844668864,33.299000000,39.818324592
25.849264934,33.366000000,39.834572373
25.853829815,33.433000000,39.850629900
25.858363539,33.500000000,39.866497788
25.862866137,33.567000000,39.882176655
25.867337641,33.634000000,39.897667114
25.871778082,33.701000000,39.912969783
25.876187492,33.768000000,39.928085277
25.880565902,33.835000000,39.943014212
25.884913344,33.902000000,39.957757204
25.889229850,33.969000000,39.972314868
25.893515450,34.036000000,39.986687821
25.897770176,34.103000000,40.000876678
25.901994061,34.170000000,40.014882055
25.906187135,34.237000000,40.028704568
25.910349429,34.304000000,40.042344832
25.914480977,34.371000000,40.055803465
25.918581808,34.438000000,40.069081080
25.922651955,34.505000000,40.082178295
25.926691449,34.572000000,40.095095725
25.930700322,34.639000000,40.107833986
25.934678605,34.706000000,40.120393694
25.938626330,34.773000000,40.132775465
25.942543528,34.840000000,40.144979913
25.946430230,34.907000000,40.157007656
25.950286469,34.974000000,40.168859309
25.954112276,35.041000000,40.180535488
25.957907682,35.108000000,40.192036809
25.961672719,35.175000000,40.203363887
25.965407418,35.242000000,40.214517339
25.969111811,35.309000000,40.225497780
25.972785930,35.376000000,40.236305826
25.976429805,35.443000000,40.246942092
25.980043470,35.510000000,40.257407196
25.983626954,35.577000000,40.267701752
25.987180290,35.644000000,40.277826377
25.990703508,35.711000000,40.287781685
25.994196642,35.778000000,40.297568294
25.997659722,35.845000000,40.307186819
26.001092779,35.912000000,40.316637875
26.004495846,35.979000000,40.325922079
26.007868953,36.046000000,40.335040046
26.011212133,36.113000000,40.343992393
26.014525416,36.180000000,40.352779734
26.017808835,36.247000000,40.361402687
26.021062421,36.314000000,40.369861866
26.024286205,36.381000000,40.378157887
26.027480219,36.448000000,40.386291367
26.030644494,36.515000000,40.394262922
26.033779062,36.582000000,40.402073166
26.036883955,36.649000000,40.409722716
26.039959204,36.716000000,40.417212188
26.043004841,36.783000000,40.424542197
26.046020897,36.850000000,40.431713360
26.049007403,36.917000000,40.438726292
26.051964392,36.984000000,40.445581609
26.054891894,37.051000000,40.452279926
26.057789941,37.118000000,40.458821861
26.060658565,37.185000000,40.465208028
26.063497798,37.252000000,40.471439043
26.066307670,37.319000000,40.477515523
26.069088214,37.386000000,40.483438082
26.071839460,37.453000000,40.489207337
26.074561441,37.520000000,40.494823904
26.077254188,37.587000000,40.500288399
26.079917732,37.654000000,40.505601437
26.082552106,37.721000000,40.510763634
26.085157339,37.788000000,40.515775606
26.087733465,37.855000000,40.520637969
26.090280515,37.922000000,40.525351338
26.092798519,37.989000000,40.529916330
26.095287510,38.056000000,40.534333560
26.097747520,38.123000000,40.538603645
26.100178579,38.190000000,40.542727199
26.102580719,38.257000000,40.546704840
26.104953972,38.324000000,40.550537182
26.107298370,38.391000000,40.554224841
26.109613943,38.458000000,40.557768434
26.111900723,38.525000000,40.561168576
26.114158743,38.592000000,40.564425883
26.116388032,38.659000000,40.567540970
26.118588624,38.726000000,40.570514455
26.120760549,38.793000000,40.573346952
26.122903839,38.860000000,40.576039077
26.125018526,38.927000000,40.578591446
26.127104641,38.994000000,40.581004675
26.129162215,39.061000000,40.583279380
26.131191281,39.128000000,40.585416177
26.133191869,39.195000000,40.587415681
26.135164011,39.262000000,40.589278509
26.137107739,39.329000000,40.591005275
26.139023084,39.396000000,40.592596597
26.140910078,39.463000000,40.594053089
26.142768752,39.530000000,40.595375368
26.144599138,39.597000000,40.596564049
26.146401268,39.664000000,40.597619749
26.148175172,39.731000000,40.598543083
26.149920883,39.798000000,40.599334666
26.151638431,39.865000000,40.599995116
26.153327849,39.932000000,40.600525047
26.154989169,39.999000000,40.600925076
26.156622420,40.066000000,40.601195818
26.158227636,40.133000000,40.601337889
26.159804847,40.200000000,40.601351904
26.161354085,40.267000000,40.601238481
26.162875383,40.334000000,40.600998234
26.164368770,40.401000000,40.600631780
26.165834279,40.468000000,40.600139734
26.167271941,40.535000000,40.599522712
26.168681788,40.602000000,40.598781330
26.170063851,40.669000000,40.597916204
26.171418162,40.736000000,40.596927949
26.172744752,40.803000000,40.595817182
26.174043653,40.870000000,40.594584518
26.175314897,40.937000000,40.593230573
26.176558515,41.004000000,40.591755963
26.177774538,41.071000000,40.590161304
26.178962998,41.138000000,40.588447211
26.180123926,41.205000000,40.586614301
26.181257355,41.272000000,40.584663189
26.182363315,41.339000000,40.582594491
26.183441839,41.406000000,40.580408823
26.184492957,41.473000000,40.578106801
26.185516701,41.540000000,40.575689040
26.186513103,41.607000000,40.573156157
26.187482194,41.674000000,40.570508767
26.188424006,41.741000000,40.567747486
26.189338570,41.808000000,40.564872930
26.190225918,41.875000000,40.561885715
26.191086081,41.942000000,40.558786456
26.191919092,42.009000000,40.555575770
26.192724980,42.076000000,40.552254271
26.193503779,42.143000000,40.548822577
26.194255519,42.210000000,40.545281303
26.194980232,42.277000000,40.541631065
26.195677950,42.344000000,40.537872478
26.196348703,42.411000000,40.534006158
26.196992525,42.478000000,40.530032722
26.197609445,42.545000000,40.525952785
26.198199496,42.612000000,40.521766962
26.198762709,42.679000000,40.517475870
26.199299116,42.746000000,40.513080125
26.199808748,42.813000000,40.508580342
26.200291637,42.880000000,40.503977138
26.200747814,42.947000000,40.499271127
26.201177311,43.014000000,40.494462927
26.201580160,43.081000000,40.489553152
26.201956391,43.148000000,40.484542418
26.202306037,43.215000000,40.479431342
26.202629128,43.282000000,40.474220539
26.202925698,43.349000000,40.468910625
26.203195776,43.416000000,40.463502216
26.203439394,43.483000000,40.457995928
26.203656585,43.550000000,40.452392376
26.203847379,43.617000000,40.446692177
26.204011809,43.684000000,40.440895945
26.204149905,43.751000000,40.435004298
26.204261699,43.818000000,40.429017851
26.204347223,43.885000000,40.422937219
26.204406508,43.952000000,40.416763019
26.204439586,44.019000000,40.410495866
26.204446489,44.086000000,40.404136376
26.204427247,44.153000000,40.397685166
26.204381892,44.220000000,40.391142850
26.204310457,44.287000000,40.384510045
26.204212972,44.354000000,40.377787366
26.204089468,44.421000000,40.370975430
26.203939978,44.488000000,40.364074851
26.203764534,44.555000000,40.357086247
26.203563165,44.622000000,40.350010233
26.203335905,44.689000000,40.342847424
26.203082785,44.756000000,40.335598437
26.202803835,44.823000000,40.328263887
26.202499088,44.890000000,40.320844390
26.202168576,44.957000000,40.313340562
26.201812329,45.024000000,40.305753020
26.201430379,45.091000000,40.298082377
26.201022758,45.158000000,40.290329251
26.200589498,45.225000000,40.282494258
26.200130629,45.292000000,40.274578013
26.199646184,45.359000000,40.266581131
26.199136193,45.426000000,40.258504230
26.198600689,45.493000000,40.250347924
26.198039703,45.560000000,40.242112829
26.197453266,45.627000000,40.233799562
26.196841411,45.694000000,40.225408738
26.196204168,45.761000000,40.216940973
26.195541569,45.828000000,40.208396883
26.194853645,45.895000000,40.199777083
26.194140429,45.962000000,40.191082190
26.193401951,46.029000000,40.182312819
26.192638244,46.096000000,40.173469586
26.191849338,46.163000000,40.164553107
26.191035265,46.230000000,40.155563998
26.190196058,46.297000000,40.146502875
26.189331746,46.364000000,40.137370353
26.188442363,46.431000000,40.128167048
26.187527939,46.498000000,40.118893577
26.186588505,46.565000000,40.109550554
26.185624094,46.632000000,40.100138596
26.184634737,46.699000000,40.090658319
26.183620466,46.766000000,40.081110338
26.182581311,46.833000000,40.071495270
26.181517305,46.900000000,40.061813729
26.180428480,46.967000000,40.052066333
26.179314865,47.034000000,40.042253696
26.178176494,47.101000000,40.032376435
26.177013398,47.168000000,40.022435165
26.175825608,47.235000000,40.012430503
26.174613155,47.302000000,40.002363063
26.173376072,47.369000000,39.992233463
26.172114389,47.436000000,39.982042317
26.170828139,47.503000000,39.971790242
26.169517353,47.570000000,39.961477854
26.168182062,47.637000000,39.951105767
26.166822297,47.704000000,39.940674599
26.165438092,47.771000000,39.930184964
26.164029476,47.838000000,39.919637480
26.162596482,47.905000000,39.909032761
26.161139141,47.972000000,39.898371423
26.159657484,48.039000000,39.887654083
26.158151543,48.106000000,39.876881355
26.156621350,48.173000000,39.866053857
26.155066936,48.240000000,39.855172203
26.153488333,48.307000000,39.844237010
26.151885572,48.374000000,39.833248893
26.150258685,48.441000000,39.822208469
26.148607703,48.508000000,39.811116352
26.146932657,48.575000000,39.799973159
26.145233580,48.642000000,39.788779507
26.143510503,48.709000000,39.777536009
26.141763458,48.776000000,39.766243283
26.139992475,48.843000000,39.754901945
26.138197586,48.910000000,39.743512609
26.136378824,48.977000000,39.732075892
26.134536219,49.044000000,39.720592410
26.132669803,49.111000000,39.709062779
26.130779607,49.178000000,39.697487614
26.128865664,49.245000000,39.685867531
26.126928004,49.312000000,39.674203146
26.124966660,49.379000000,39.662495075
26.122981662,49.446000000,39.650743934
26.120973042,49.513000000,39.638950338
26.118940832,49.580000000,39.627114903
26.116885063,49.647000000,39.615238246
26.114805767,49.714000000,39.603320982
26.112702976,49.781000000,39.591363727
26.110576720,49.848000000,39.579367096
26.108427031,49.915000000,39.567331706
26.106253942,49.982000000,39.555258172
26.104057483,50.049000000,39.543147111
26.101837685,50.116000000,39.530999137
26.099594582,50.183000000,39.518814868
26.097328203,50.250000000,39.506594918
26.095038581,50.317000000,39.494339903
26.092725747,50.384000000,39.482050440
26.090389732,50.451000000,39.469727144
26.088030569,50.518000000,39.457370631
26.085648289,50.585000000,39.444981517
26.083242922,50.652000000,39.432560418
26.080814501,50.719000000,39.420107949
26.078363058,50.786000000,39.407624727
26.075888623,50.853000000,39.395111366
26.073391229,50.920000000,39.382568484
26.070870906,50.987000000,39.369996695
26.068327687,51.054000000,39.357396616
26.065761603,51.121000000,39.344768863
26.063172685,51.188000000,39.332114051
26.060560966,51.255000000,39.319432796
26.057926475,51.322000000,39.306725714
26.055269246,51.389000000,39.293993421
26.052589309,51.456000000,39.281236532
26.049886696,51.523000000,39.268455665
26.047161439,51.590000000,39.255651433
26.044413569,51.657000000,39.242824453
26.041643118,51.724000000,39.229975342
26.038850117,51.791000000,39.217104714
26.036034598,51.858000000,39.204213186
26.033196592,51.925000000,39.191301374
26.030336130,51.992000000,39.178369892
26.027453245,52.059000000,39.165419358
26.024547968,52.126000000,39.152450387
26.021620331,52.193000000,39.139463595
26.018670364,52.260000000,39.126459597
26.015698099,52.327000000,39.113439010
26.012703569,52.394000000,39.100402449
26.009686804,52.461000000,39.087350530
26.006647836,52.528000000,39.074283869
26.003586697,52.595000000,39.061203082
26.000503417,52.662000000,39.048108784
25.997398030,52.729000000,39.035001592
25.994270565,52.796000000,39.021882122
25.991121055,52.863000000,39.008750988
25.987949532,52.930000000,38.995608807
25.984756026,52.997000000,38.982456195
25.981540569,53.064000000,38.969293768
25.978303193,53.131000000,38.956122141
25.975043930,53.198000000,38.942941931
25.971762810,53.265000000,38.929753752
25.968459866,53.332000000,38.916558222
25.965135128,53.399000000,38.903355955
25.961788629,53.466000000,38.890147568
25.958420400,53.533000000,38.876933676
25.955030473,53.600000000,38.863714896
25.951618878,53.667000000,38.850491843
25.948185648,53.734000000,38.837265132
25.944730814,53.801000000,38.824035380
25.941254408,53.868000000,38.810803203
25.937756461,53.935000000,38.797569217
25.934237005,54.002000000,38.784334036
25.930696070,54.069000000,38.771098278
25.927133690,54.136000000,38.757862558
25.923549895,54.203000000,38.744627491
25.919944716,54.270000000,38.731393694
25.916318186,54.337000000,38.718161783
25.912670336,54.404000000,38.704932372
25.909001197,54.471000000,38.691706079
25.905310801,54.538000000,38.678483519
25.901599180,54.605000000,38.665265307
25.897866364,54.672000000,38.652052060
25.894112386,54.739000000,38.638844393
25.890337277,54.806000000,38.625642923
25.886541069,54.873000000,38.612448264
25.882723792,54.940000000,38.599261034
25.878885479,55.007000000,38.586081847
25.875026162,55.074000000,38.572911320
25.871145871,55.141000000,38.559750068
25.867244638,55.208000000,38.546598708
25.863322495,55.275000000,38.533457854
25.859379473,55.342000000,38.520328123
25.855415605,55.409000000,38.507210132
25.851430920,55.476000000,38.494104494
25.847425451,55.543000000,38.481011827
25.843399230,55.610000000,38.467932747
25.839352287,55.677000000,38.454867868
25.835284655,55.744000000,38.441817807
25.831196365,55.811000000,38.428783180
25.827087449,55.878000000,38.415764602
25.822957937,55.945000000,38.402762690
25.818807862,56.012000000,38.389778059
25.814637256,56.079000000,38.376811325
25.810446148,56.146000000,38.363863104
25.806234572,56.213000000,38.350934012
25.802002559,56.280000000,38.338024664
25.797750140,56.347000000,38.325135676
25.793477346,56.414000000,38.312267665
25.789184210,56.481000000,38.299421246
25.784870763,56.548000000,38.286597034
25.780537036,56.615000000,38.273795647
25.776183060,56.682000000,38.261017699
25.771808869,56.749000000,38.248263806
25.767414492,56.816000000,38.235534584
25.762999961,56.883000000,38.222830649
25.758565309,56.950000000,38.210152618
25.754110566,57.017000000,38.197501104
25.749635764,57.084000000,38.184876726
25.745140935,57.151000000,38.172280098
25.740626109,57.218000000,38.159711835
25.736091320,57.285000000,38.147172555
25.731536597,57.352000000,38.134662873
25.726961973,57.419000000,38.122183404
25.722367480,57.486000000,38.109734765
25.717753148,57.553000000,38.097317572
25.713119009,57.620000000,38.084932439
25.708465095,57.687000000,38.072579983
25.703791438,57.754000000,38.060260821
25.699098068,57.821000000,38.047975567
25.694385018,57.888000000,38.035724837
25.689652319,57.955000000,38.023509248
25.684900002,58.022000000,38.011329415
25.680128099,58.089000000,37.999185953
25.675336642,58.156000000,37.987079480
25.670525661,58.223000000,37.975010610
25.665695190,58.290000000,37.962979960
25.660845258,58.357000000,37.950988145
25.655975898,58.424000000,37.939035781
25.651087141,58.491000000,37.927123485
25.646179019,58.558000000,37.915251871
25.641251563,58.625000000,37.903421555
25.636304805,58.692000000,37.891633155
25.631338776,58.759000000,37.879887284
25.626353507,58.826000000,37.868184560
25.621349032,58.893000000,37.856525597
25.616325380,58.960000000,37.844911012
25.611282593,59.027000000,37.833341299
25.606220750,59.094000000,37.821816457
25.601139941,59.161000000,37.810336368
25.596040255,59.228000000,37.798900909
25.590921781,59.295000000,37.787509959
25.585784608,59.362000000,37.776163398
25.580628826,59.429000000,37.764861105
25.575454522,59.496000000,37.753602958
25.570261787,59.563000000,37.742388837
25.565050710,59.630000000,37.731218621
25.559821379,59.697000000,37.720092188
25.554573884,59.764000000,37.709009417
25.549308315,59.831000000,37.697970188
25.544024759,59.898000000,37.686974380
25.538723307,59.965000000,37.676021871
25.533404047,60.032000000,37.665112541
25.528067068,60.099000000,37.654246268
25.522712461,60.166000000,37.643422931
25.517340313,60.233000000,37.632642410
25.511950714,60.300000000,37.621904584
25.506543753,60.367000000,37.611209331
25.501119520,60.434000000,37.600556530
25.495678103,60.501000000,37.589946061
25.490219591,60.568000000,37.579377802
25.484744074,60.635000000,37.568851633
25.479251641,60.702000000,37.558367432
25.473742380,60.769000000,37.547925079
25.468216382,60.836000000,37.537524452
25.462673735,60.903000000,37.527165430
25.457114528,60.970000000,37.516847893
25.451538851,61.037000000,37.506571719
25.445946792,61.104000000,37.496336787
25.440338441,61.171000000,37.486142977
25.434713887,61.238000000,37.475990167
25.429073219,61.305000000,37.465878237
25.423416525,61.372000000,37.455807065
25.417743897,61.439000000,37.445776530
25.412055421,61.506000000,37.435786512
25.406351188,61.573000000,37.425836889
25.400631287,61.640000000,37.415927540
25.394895806,61.707000000,37.406058344
25.389144836,61.774000000,37.396229181
25.383378465,61.841000000,37.386439929
25.377596781,61.908000000,37.376690467
25.371799875,61.975000000,37.366980675
25.365987836,62.042000000,37.357310431
25.360160752,62.109000000,37.347679614
25.354318713,62.176000000,37.338088103
25.348461808,62.243000000,37.328535777
25.342590126,62.310000000,37.319022516
25.336703756,62.377000000,37.309548198
25.330802787,62.444000000,37.300112702
25.324887309,62.511000000,37.290715908
25.318957410,62.578000000,37.281357693
25.313013180,62.645000000,37.272037938
25.307054708,62.712000000,37.262756521
25.301082082,62.779000000,37.253513321
25.295095393,62.846000000,37.244308217
25.289094729,62.913000000,37.235141089
25.283080180,62.980000000,37.226011814
25.277051834,63.047000000,37.216920273
25.271009780,63.114000000,37.207866343
25.264954109,63.181000000,37.198849905
25.258884908,63.248000000,37.189870837
25.252802267,63.315000000,37.180929018
25.246706276,63.382000000,37.172024327
25.240597022,63.449000000,37.163156644
25.234474597,63.516000000,37.154325846
25.228339088,63.583000000,37.145531813
25.222190584,63.650000000,37.136774425
25.216029176,63.717000000,37.128053559
25.209854951,63.784000000,37.119369096
25.203668000,63.851000000,37.110720913
25.197468410,63.918000000,37.102108891
25.191256273,63.985000000,37.093532907
25.185031675,64.052000000,37.084992842
25.178794708,64.119000000,37.076488573
25.172545459,64.186000000,37.068019981
25.166284018,64.253000000,37.059586944
25.160010474,64.320000000,37.051189340
25.153724917,64.387000000,37.042827050
25.147427434,64.454000000,37.034499951
25.141118117,64.521000000,37.026207923
25.134797053,64.588000000,37.017950846
25.128464331,64.655000000,37.009728597
25.122120042,64.722000000,37.001541056
25.115764273,64.789000000,36.993388102
25.109397115,64.856000000,36.985269614
25.103018656,64.923000000,36.977185471
25.096628985,64.990000000,36.969135552
25.090228192,65.057000000,36.961119735
25.083816366,65.124000000,36.953137901
25.077393595,65.191000000,36.945189927
25.070959970,65.258000000,36.937275693
25.064515578,65.325000000,36.929395079
25.058060510,65.392000000,36.921547961
25.051594854,65.459000000,36.913734221
25.045118700,65.526000000,36.905953737
25.038632136,65.593000000,36.898206387
25.032135252,65.660000000,36.890492051
25.025628137,65.727000000,36.882810608
25.019110880,65.794000000,36.875161937
25.012583571,65.861000000,36.867545917
25.006046297,65.928000000,36.859962426
24.999499149,65.995000000,36.852411344
24.992942216,66.062000000,36.844892550
24.986375586,66.129000000,36.837405923
24.979799349,66.196000000,36.829951341
24.973213594,66.263000000,36.822528684
24.966618411,66.330000000,36.815137831
24.960013887,66.397000000,36.807778660
24.953400113,66.464000000,36.800451051
24.946777178,66.531000000,36.793154883
24.940145170,66.598000000,36.785890035
24.933504179,66.665000000,36.778656385
24.926854294,66.732000000,36.771453813
24.920195604,66.799000000,36.764282198
24.913528198,66.866000000,36.757141418
24.906852166,66.933000000,36.750031353
24.900167596,67.000000000,36.742951881
24.893474577,67.067000000,36.735902883
24.886773200,67.134000000,36.728884235
24.880063552,67.201000000,36.721895819
24.873345723,67.268000000,36.714937512
24.866619803,67.335000000,36.708009194
24.859885879,67.402000000,36.701110743
24.853144043,67.469000000,36.694242038
24.846394381,67.536000000,36.687402960
24.839636985,67.603000000,36.680593386
24.832871942,67.670000000,36.673813195
24.826099342,67.737000000,36.667062267
24.819319275,67.804000000,36.660340481
24.812531828,67.871000000,36.653647715
24.805737092,67.938000000,36.646983849
24.798935156,68.005000000,36.640348761
24.792126108,68.072000000,36.633742330
24.785310038,68.139000000,36.627164437
24.778487035,68.206000000,36.620614958
24.771657188,68.273000000,36.614093774
24.764820586,68.340000000,36.607600764
24.757977318,68.407000000,36.601135806
24.751127474,68.474000000,36.594698779
24.744271142,68.541000000,36.588289563
24.737408413,68.608000000,36.581908037
24.730539374,68.675000000,36.575554079
24.723664115,68.742000000,36.569227568
24.716782725,68.809000000,36.562928383
24.709895293,68.876000000,36.556656405
24.703001909,68.943000000,36.550411510
24.696102661,69.010000000,36.544193579
24.689197640,69.077000000,36.538002490
24.682286932,69.144000000,36.531838123
24.675370629,69.211000000,36.525700356
24.668448819,69.278000000,36.519589068
24.661521591,69.345000000,36.513504139
24.654589035,69.412000000,36.507445447
24.647651239,69.479000000,36.501412871
24.640708292,69.546000000,36.495406291
24.633760284,69.613000000,36.489425585
24.626807305,69.680000000,36.483470632
24.619849442,69.747000000,36.477541312
24.612886785,69.814000000,36.471637502
24.605919424,69.881000000,36.465759084
24.598947447,69.948000000,36.459905934
24.591970944,70.015000000,36.454077933
24.584990003,70.082000000,36.448274959
24.578004714,70.149000000,36.442496891
24.571015167,70.216000000,36.436743608
24.564021449,70.283000000,36.431014990
24.557023650,70.350000000,36.425310915
24.550021860,70.417000000,36.419631262
24.543016168,70.484000000,36.413975910
24.536006662,70.551000000,36.408344739
24.528993432,70.618000000,36.402737627
24.521976567,70.685000000,36.397154453
24.514956155,70.752000000,36.391595096
24.507932287,70.819000000,36.386059435
24.500905052,70.886000000,36.380547349
24.493874538,70.953000000,36.375058718
24.486840834,71.020000000,36.369593419
24.479804030,71.087000000,36.364151333
24.472764215,71.154000000,36.358732338
24.465721478,71.221000000,36.353336313
24.458675908,71.288000000,36.347963137
24.451627595,71.355000000,36.342612690
24.444576627,71.422000000,36.337284849
24.437523093,71.489000000,36.331979494
24.430467083,71.556000000,36.326696505
24.423408686,71.623000000,36.321435760
24.416347991,71.690000000,36.316197137
24.409285086,71.757000000,36.310980517
24.402220063,71.824000000,36.305785778
24.395153008,71.891000000,36.300612798
24.388084012,71.958000000,36.295461458
24.381013164,72.025000000,36.290331636
24.373940552,72.092000000,36.285223211
24.366866266,72.159000000,36.280136061
24.359790395,72.226000000,36.275070067
24.352713029,72.293000000,36.270025107
24.345634255,72.360000000,36.265001060
24.338554165,72.427000000,36.259997804
24.331472845,72.494000000,36.255015220
24.324390387,72.561000000,36.250053186
24.317306878,72.628000000,36.245111580
24.310222408,72.695000000,36.240190283
24.303137067,72.762000000,36.235289172
24.296050942,72.829000000,36.230408128
24.288964124,72.896000000,36.225547028
24.281876702,72.963000000,36.220705752
24.274788764,73.030000000,36.215884179
24.267700400,73.097000000,36.211082188
24.260611699,73.164000000,36.206299658
24.253522750,73.231000000,36.201536467
24.246433642,73.298000000,36.196792496
24.239344464,73.365000000,36.192067622
24.232255306,73.432000000,36.187361725
24.225166256,73.499000000,36.182674684
24.218077405,73.566000000,36.178006378
24.210988840,73.633000000,36.173356686
24.203900651,73.700000000,36.168725486
24.196812927,73.767000000,36.164112659
24.189725758,73.834000000,36.159518082
24.182639232,73.901000000,36.154941635
24.175553438,73.968000000,36.150383196
24.168468466,74.035000000,36.145842646
24.161384405,74.102000000,36.141319862
24.154301344,74.169000000,36.136814724
24.147219372,74.236000000,36.132327110
24.140138578,74.303000000,36.127856901
24.133059052,74.370000000,36.123403974
24.125980882,74.437000000,36.118968209
24.118904158,74.504000000,36.114549484
24.111828968,74.571000000,36.110147679
24.104755402,74.638000000,36.105762673
24.097683550,74.705000000,36.101394345
24.090613499,74.772000000,36.097042573
24.083545340,74.839000000,36.092707237
24.076479162,74.906000000,36.088388216
24.069415052,74.973000000,36.084085388
24.062353102,75.040000000,36.079798633
24.055293399,75.107000000,36.075527829
24.048236034,75.174000000,36.071272856
24.041181094,75.241000000,36.067033593
24.034128670,75.308000000,36.062809919
24.027078850,75.375000000,36.058601712
24.020031724,75.442000000,36.054408851
24.012987380,75.509000000,36.050231216
24.005945908,75.576000000,36.046068686
23.998907397,75.643000000,36.041921139
23.991871936,75.710000000,36.037788455
23.984839615,75.777000000,36.033670513
23.977810521,75.844000000,36.029567191
23.970784745,75.911000000,36.025478368
23.963762376,75.978000000,36.021403924
23.956743502,76.045000000,36.017343738
23.949728214,76.112000000,36.013297688
23.942716599,76.179000000,36.009265653
23.935708748,76.246000000,36.005247513
23.928704748,76.313000000,36.001243147
23.921704690,76.380000000,35.997252433
23.914708663,76.447000000,35.993275250
23.907716755,76.514000000,35.989311478
23.900729057,76.581000000,35.985360995
23.893745656,76.648000000,35.981423681
23.886766642,76.715000000,35.977499414
23.879792104,76.782000000,35.973588074
23.872822132,76.849000000,35.969689539
23.865856815,76.916000000,35.965803689
23.858896240,76.983000000,35.961930401
23.851940499,77.050000000,35.958069557
23.844989680,77.117000000,35.954221033
23.838043871,77.184000000,35.950384710
23.831103163,77.251000000,35.946560467
23.824167644,77.318000000,35.942748182
23.817237404,77.385000000,35.938947734
23.810312531,77.452000000,35.935159002
23.803393115,77.519000000,35.931381866
23.796479244,77.586000000,35.927616204
23.789571009,77.653000000,35.923861895
23.782668498,77.720000000,35.920118819
23.775771800,77.787000000,35.916386854
23.768881004,77.854000000,35.912665880
23.761996200,77.921000000,35.908955774
23.755117477,77.988000000,35.905256417
23.748244923,78.055000000,35.901567687
23.741378629,78.122000000,35.897889464
23.734518682,78.189000000,35.894221625
23.727665173,78.256000000,35.890564051
23.720818190,78.323000000,35.886916620
23.713977822,78.390000000,35.883279212
23.707144159,78.457000000,35.879651704
23.700317290,78.524000000,35.876033977
23.693497303,78.591000000,35.872425909
23.686684289,78.658000000,35.868827379
23.679878336,78.725000000,35.865238267
23.673079533,78.792000000,35.861658450
23.666287969,78.859000000,35.858087809
23.659503734,78.926000000,35.854526222
23.652726917,78.993000000,35.850973568
23.645957606,79.060000000,35.847429726
23.639195892,79.127000000,35.843894576
23.632441862,79.194000000,35.840367995
23.625695607,79.261000000,35.836849864
23.618957215,79.328000000,35.833340060
23.612226776,79.395000000,35.829838464
23.605504378,79.462000000,35.826344954
23.598790111,79.529000000,35.822859409
23.592084064,79.596000000,35.819381708
23.585386326,79.663000000,35.815911730
23.578696986,79.730000000,35.812449354
23.572016134,79.797000000,35.808994459
23.565343858,79.864000000,35.805546925
23.558680247,79.931000000,35.802106629
23.552025391,79.998000000,35.798673451
23.545379380,80.065000000,35.795247270
23.538742301,80.132000000,35.791827966
23.532114244,80.199000000,35.788415416
23.525495298,80.266000000,35.785009500
23.518885553,80.333000000,35.781610098
23.512285097,80.400000000,35.778217087
23.505694020,80.467000000,35.774830347
23.499112411,80.534000000,35.771449758
23.492540359,80.601000000,35.768075197
23.485977953,80.668000000,35.764706544
23.479425282,80.735000000,35.761343678
23.472882435,80.802000000,35.757986478
23.466349502,80.869000000,35.754634823
23.459826571,80.936000000,35.751288592
23.453313732,81.003000000,35.747947663
23.446811074,81.070000000,35.744611917
23.440318686,81.137000000,35.741281231
23.433836658,81.204000000,35.737955486
23.427365077,81.271000000,35.734634559
23.420904034,81.338000000,35.731318330
23.414453617,81.405000000,35.728006678
23.408013917,81.472000000,35.724699482
23.401585020,81.539000000,35.721396620
23.395167018,81.606000000,35.718097973
23.388759999,81.673000000,35.714803418
23.382364053,81.740000000,35.711512835
23.375979267,81.807000000,35.708226103
23.369605732,81.874000000,35.704943101
23.363243537,81.941000000,35.701663707
23.356892771,82.008000000,35.698387802
23.350553522,82.075000000,35.695115263
23.344225881,82.142000000,35.691845969
23.337909935,82.209000000,35.688579801
23.331605775,82.276000000,35.685316636
23.325313489,82.343000000,35.682056354
23.319033167,82.410000000,35.678798834
23.312764898,82.477000000,35.675543954
23.306508771,82.544000000,35.672291595
23.300264874,82.611000000,35.669041633
23.294033298,82.678000000,35.665793950
23.287814131,82.745000000,35.662548423
23.281607462,82.812000000,35.659304932
23.275413381,82.879000000,35.656063356
23.269231976,82.946000000,35.652823573
23.263063338,83.013000000,35.649585463
23.256907554,83.080000000,35.646348904
23.250764714,83.147000000,35.643113777
23.244634908,83.214000000,35.639879958
23.238518224,83.281000000,35.636647329
23.232414751,83.348000000,35.633415767
23.226324579,83.415000000,35.630185152
23.220247797,83.482000000,35.626955362
23.214184493,83.549000000,35.623726277
23.208134758,83.616000000,35.620497775
23.202098680,83.683000000,35.617269736
23.196076348,83.750000000,35.614042039
23.190067851,83.817000000,35.610814562
23.184073279,83.884000000,35.607587184
23.178092721,83.951000000,35.604359785
23.172126265,84.018000000,35.601132244
23.166174002,84.085000000,35.597904439
23.160236019,84.152000000,35.594676250
23.154312407,84.219000000,35.591447555
23.148403254,84.286000000,35.588218234
23.142508650,84.353000000,35.584988165
23.136628683,84.420000000,35.581757228
23.130763443,84.487000000,35.578525301
23.124913019,84.554000000,35.575292264
23.119077500,84.621000000,35.572057995
23.113256976,84.688000000,35.568822373
23.107451534,84.755000000,35.565585278
23.101661265,84.822000000,35.562346589
23.095886258,84.889000000,35.559106183
23.090126601,84.956000000,35.555863942
23.084382384,85.023000000,35.552619742
23.078653696,85.090000000,35.549373464
23.072940627,85.157000000,35.546124987
23.067243264,85.224000000,35.542874188
23.061561698,85.291000000,35.539620949
23.055896017,85.358000000,35.536365146
23.050246312,85.425000000,35.533106660
23.044612669,85.492000000,35.529845369
23.038995180,85.559000000,35.526581153
23.033393933,85.626000000,35.523313890
23.027809017,85.693000000,35.520043459
23.022240522,85.760000000,35.516769739
23.016688536,85.827000000,35.513492610
23.011153148,85.894000000,35.510211950
23.005634449,85.961000000,35.506927639
23.000132526,86.028000000,35.503639554
22.994647469,86.095000000,35.500347576
22.989179368,86.162000000,35.497051583
22.983728310,86.229000000,35.493751455
22.978294386,86.296000000,35.490447070
22.972877685,86.363000000,35.487138307
22.967478295,86.430000000,35.483825045
22.962096307,86.497000000,35.480507163
22.956731808,86.564000000,35.477184541
22.951384888,86.631000000,35.473857057
22.946055636,86.698000000,35.470524590
22.940744142,86.765000000,35.467187019
22.935450495,86.832000000,35.463844223
22.930174783,86.899000000,35.460496082
22.924917095,86.966000000,35.457142473
22.919677522,87.033000000,35.453783277
22.914456152,87.100000000,35.450418372
22.909253074,87.167000000,35.447047637
22.904068377,87.234000000,35.443670952
22.898902151,87.301000000,35.440288194
22.893754484,87.368000000,35.436899243
22.888625466,87.435000000,35.433503979
22.883515186,87.502000000,35.430102280
22.878423733,87.569000000,35.426694025
22.873351196,87.636000000,35.423279092
22.868297664,87.703000000,35.419857362
22.863263227,87.770000000,35.416428713
22.858247973,87.837000000,35.412993024
22.853251992,87.904000000,35.409550174
22.848275372,87.971000000,35.406100043
22.843318204,88.038000000,35.402642508
22.838380576,88.105000000,35.399177449
22.833462577,88.172000000,35.395704745
22.828564296,88.239000000,35.392224275
22.823685822,88.306000000,35.388735919
22.818827246,88.373000000,35.385239554
22.813988655,88.440000000,35.381735060
22.809170139,88.507000000,35.378222316
22.804371787,88.574000000,35.374701201
22.799593688,88.641000000,35.371171594
22.794835931,88.708000000,35.367633374
22.790098606,88.775000000,35.364086420
22.785381802,88.842000000,35.360530611
22.780685607,88.909000000,35.356965826
22.776010111,88.976000000,35.353391943
22.771355403,89.043000000,35.349808843
22.766721572,89.110000000,35.346216404
22.762108707,89.177000000,35.342614504
22.757516898,89.244000000,35.339003023
22.752946233,89.311000000,35.335381840
22.748396802,89.378000000,35.331750834
22.743868693,89.445000000,35.328109884
22.739361997,89.512000000,35.324458869
22.734876801,89.579000000,35.320797667
22.730413196,89.646000000,35.317126159
22.725971270,89.713000000,35.313444222
22.721551113,89.780000000,35.309751736
22.717152813,89.847000000,35.306048580
22.712776460,89.914000000,35.302334632
22.708422142,89.981000000,35.298609773
22.704089950,90.048000000,35.294873880
22.699779972,90.115000000,35.291126833
22.695492297,90.182000000,35.287368511
22.691227014,90.249000000,35.283598792
22.686984213,90.316000000,35.279817556
22.682763983,90.383000000,35.276024682
22.678566413,90.450000000,35.272220049
22.674391591,90.517000000,35.268403535
22.670239608,90.584000000,35.264575021
22.666110551,90.651000000,35.260734383
22.662004511,90.718000000,35.256881503
22.657921577,90.785000000,35.253016258
22.653861837,90.852000000,35.249138528
22.649825381,90.919000000,35.245248192
22.645812298,90.986000000,35.241345128
22.641822677,91.053000000,35.237429216
22.637856607,91.120000000,35.233500334
22.633914169,91.187000000,35.229558385
22.629995411,91.254000000,35.225603360
22.626100374,91.321000000,35.221635276
22.622229097,91.388000000,35.217654145
22.618381620,91.455000000,35.213659985
22.614557984,91.522000000,35.209652809
22.610758227,91.589000000,35.205632633
22.606982391,91.656000000,35.201599472
22.603230515,91.723000000,35.197553340
22.599502639,91.790000000,35.193494253
22.595798803,91.857000000,35.189422226
22.592119048,91.924000000,35.185337274
22.588463412,91.991000000,35.181239411
22.584831937,92.058000000,35.177128653
22.581224662,92.125000000,35.173005015
22.577641626,92.192000000,35.168868512
22.574082871,92.259000000,35.164719159
22.570548436,92.326000000,35.160556970
22.567038361,92.393000000,35.156381962
22.563552686,92.460000000,35.152194148
22.560091451,92.527000000,35.147993544
22.556654696,92.594000000,35.143780165
22.553242461,92.661000000,35.139554026
22.549854785,92.728000000,35.135315142
22.546491710,92.795000000,35.131063528
22.543153275,92.862000000,35.126799198
22.539839519,92.929000000,35.122522169
22.536550484,92.996000000,35.118232455
22.533286208,93.063000000,35.113930070
22.530046733,93.130000000,35.109615031
22.526832097,93.197000000,35.105287351
22.523642341,93.264000000,35.100947047
22.520477504,93.331000000,35.096594132
22.517337628,93.398000000,35.092228623
22.514222751,93.465000000,35.087850534
22.511132914,93.532000000,35.083459879
22.508068157,93.599000000,35.079056675
22.505028520,93.666000000,35.074640936
22.502014042,93.733000000,35.070212677
22.499024764,93.800000000,35.065771913
22.496060718,93.867000000,35.061318659
22.493121903,93.934000000,35.056852929
22.490208311,94.001000000,35.052374736
22.487319934,94.068000000,35.047884095
22.484456763,94.135000000,35.043381020
22.481618790,94.202000000,35.038865523
22.478806007,94.269000000,35.034337619
22.476018405,94.336000000,35.029797322
22.473255977,94.403000000,35.025244646
22.470518712,94.470000000,35.020679603
22.467806605,94.537000000,35.016102209
22.465119645,94.604000000,35.011512476
22.462457825,94.671000000,35.006910419
22.459821136,94.738000000,35.002296052
22.457209570,94.805000000,34.997669387
22.454623119,94.872000000,34.993030440
22.452061774,94.939000000,34.988379223
22.449525528,95.006000000,34.983715751
22.447014371,95.073000000,34.979040037
22.444528295,95.140000000,34.974352095
22.442067292,95.207000000,34.969651940
22.439631354,95.274000000,34.964939583
22.437220472,95.341000000,34.960215041
22.434834638,95.408000000,34.955478326
22.432473843,95.475000000,34.950729451
22.430138080,95.542000000,34.945968432
22.427827340,95.609000000,34.941195281
22.425541615,95.676000000,34.936410013
22.423280896,95.743000000,34.931612641
22.421045175,95.810000000,34.926803179
22.418834443,95.877000000,34.921981641
22.416648693,95.944000000,34.917148040
22.414487915,96.011000000,34.912302391
22.412352103,96.078000000,34.907444707
22.410241246,96.145000000,34.902575002
22.408155338,96.212000000,34.897693290
22.406094369,96.279000000,34.892799585
22.404058331,96.346000000,34.887893899
22.402047216,96.413000000,34.882976248
22.400061016,96.480000000,34.878046645
22.398099722,96.547000000,34.873105103
22.396163326,96.614000000,34.868151637
22.394251820,96.681000000,34.863186261
22.392365194,96.748000000,34.858208987
22.390503442,96.815000000,34.853219830
22.388666555,96.882000000,34.848218804
22.386854523,96.949000000,34.843205923
22.385067339,97.016000000,34.838181199
22.383304995,97.083000000,34.833144648
22.381567483,97.150000000,34.828096283
22.379854793,97.217000000,34.823036117
22.378166918,97.284000000,34.817964164
22.376503848,97.351000000,34.812880439
22.374865577,97.418000000,34.807784955
22.373252096,97.485000000,34.802677725
22.371663395,97.552000000,34.797558764
22.370099467,97.619000000,34.792428086
22.368560304,97.686000000,34.787285704
22.367045898,97.753000000,34.782131631
22.365556239,97.820000000,34.776965882
22.364091319,97.887000000,34.771788471
22.362651131,97.954000000,34.766599411
22.361235665,98.021000000,34.761398717
22.359844915,98.088000000,34.756186401
22.358478870,98.155000000,34.750962477
22.357137523,98.222000000,34.745726961
22.355820866,98.289000000,34.740479864
22.354528890,98.356000000,34.735221202
22.353261586,98.423000000,34.729950987
22.352018947,98.490000000,34.724669234
22.350800965,98.557000000,34.719375957
22.349607630,98.624000000,34.714071168
22.348438935,98.691000000,34.708754883
22.347294870,98.758000000,34.703427115
22.346175429,98.825000000,34.698087877
22.345080602,98.892000000,34.692737183
22.344010382,98.959000000,34.687375048
22.342964759,99.026000000,34.682001484
22.341943725,99.093000000,34.676616507
22.340947273,99.160000000,34.671220128
22.339975394,99.227000000,34.665812364
22.339028079,99.294000000,34.660393226
22.338105320,99.361000000,34.654962729
22.337207109,99.428000000,34.649520887
22.336333437,99.495000000,34.644067713
22.335484297,99.562000000,34.638603222
22.334659679,99.629000000,34.633127427
22.333859576,99.696000000,34.627640341
22.333083978,99.763000000,34.622141979
22.332332879,99.830000000,34.616632355
22.331606269,99.897000000,34.611111482
22.330904140,99.964000000,34.605579374
22.330226484,100.031000000,34.600036044
22.329573293,100.098000000,34.594481507
22.328944557,100.165000000,34.588915777
22.328340270,100.232000000,34.583338867
22.327760421,100.299000000,34.577750791
22.327205004,100.366000000,34.572151562
22.326674010,100.433000000,34.566541195
22.326167430,100.500000000,34.560919704
22.325685256,100.567000000,34.555287101
22.325227479,100.634000000,34.549643402
22.324794093,100.701000000,34.543988619
22.324385087,100.768000000,34.538322766
22.324000454,100.835000000,34.532645858
22.323640185,100.902000000,34.526957908
22.323304273,100.969000000,34.521258930
22.322992708,101.036000000,34.515548938
22.322705483,101.103000000,34.509827945
22.322442588,101.170000000,34.504095965
22.322204017,101.237000000,34.498353012
22.321989759,101.304000000,34.492599100
22.321799808,101.371000000,34.486834243
22.321634155,101.438000000,34.481058454
22.321492790,101.505000000,34.475271747
22.321375707,101.572000000,34.469474136
22.321282897,101.639000000,34.463665635
22.321214351,101.706000000,34.457846258
22.321170061,101.773000000,34.452016018
22.321150019,101.840000000,34.446174929
22.321154216,101.907000000,34.440323005
22.321182644,101.974000000,34.434460259
22.321235295,102.041000000,34.428586706
22.321312160,102.108000000,34.422702360
22.321413231,102.175000000,34.416807233
22.321538500,102.242000000,34.410901341
22.321687958,102.309000000,34.404984696
22.321861597,102.376000000,34.399057313
22.322059409,102.443000000,34.393119204
22.322281385,102.510000000,34.387170385
22.322527517,102.577000000,34.381210869
22.322797797,102.644000000,34.375240669
22.323092216,102.711000000,34.369259800
22.323410766,102.778000000,34.363268275
22.323753439,102.845000000,34.357266108
22.324120226,102.912000000,34.351253312
22.324511119,102.979000000,34.345229902
22.324926110,103.046000000,34.339195892
22.325365190,103.113000000,34.333151295
22.325828351,103.180000000,34.327096124
22.326315585,103.247000000,34.321030395
22.326826882,103.314000000,34.314954120
22.327362236,103.381000000,34.308867313
22.327921638,103.448000000,34.302769988
22.328505079,103.515000000,34.296662159
22.329112550,103.582000000,34.290543840
22.329744045,103.649000000,34.284415045
22.330399553,103.716000000,34.278275786
22.331079068,103.783000000,34.272126079
22.331782580,103.850000000,34.265965936
22.332510082,103.917000000,34.259795372
22.333261564,103.984000000,34.253614401
22.334037019,104.051000000,34.247423036
22.334836438,104.118000000,34.241221290
22.335659813,104.185000000,34.235009179
22.336507136,104.252000000,34.228786715
22.337378398,104.319000000,34.222553912
22.338273591,104.386000000,34.216310785
22.339192707,104.453000000,34.210057347
22.340135737,104.520000000,34.203793611
22.341102672,104.587000000,34.197519592
22.342093505,104.654000000,34.191235303
22.343108228,104.721000000,34.184940758
22.344146831,104.788000000,34.178635972
22.345209307,104.855000000,34.172320956
22.346295648,104.922000000,34.165995727
22.347405844,104.989000000,34.159660296
22.348539887,105.056000000,34.153314679
22.349697770,105.123000000,34.146958889
22.350879484,105.190000000,34.140592939
22.352085020,105.257000000,34.134216843
22.353314371,105.324000000,34.127830616
22.354567527,105.391000000,34.121434271
22.355844481,105.458000000,34.115027822
22.357145224,105.525000000,34.108611282
22.358469748,105.592000000,34.102184666
22.359818045,105.659000000,34.095747986
22.361190105,105.726000000,34.089301258
22.362585922,105.793000000,34.082844495
22.364005486,105.860000000,34.076377710
22.365448789,105.927000000,34.069900917
22.366915823,105.994000000,34.063414130
22.368406580,106.061000000,34.056917364
22.369921051,106.128000000,34.050410631
22.371459228,106.195000000,34.043893946
22.373021102,106.262000000,34.037367321
22.374606665,106.329000000,34.030830772
22.376215909,106.396000000,34.024284312
22.377848826,106.463000000,34.017727955
22.379505407,106.530000000,34.011161713
22.381185643,106.597000000,34.004585603
22.382889527,106.664000000,33.997999636
22.384617051,106.731000000,33.991403827
22.386368205,106.798000000,33.984798189
22.388142981,106.865000000,33.978182737
22.389941372,106.932000000,33.971557484
22.391763369,106.999000000,33.964922445
22.393608963,107.066000000,33.958277631
22.395478146,107.133000000,33.951623059
22.397370910,107.200000000,33.944958741
22.399287246,107.267000000,33.938284690
22.401227147,107.334000000,33.931600922
22.403190603,107.401000000,33.924907450
22.405177607,107.468000000,33.918204287
22.407188150,107.535000000,33.911491447
22.409222223,107.602000000,33.904768945
22.411279819,107.669000000,33.898036793
22.413360930,107.736000000,33.891295006
22.415465546,107.803000000,33.884543597
22.417593659,107.870000000,33.877782581
22.419745261,107.937000000,33.871011971
22.421920345,108.004000000,33.864231780
22.424118900,108.071000000,33.857442023
22.426340920,108.138000000,33.850642714
22.428586396,108.205000000,33.843833866
22.430855319,108.272000000,33.837015492
22.433147681,108.339000000,33.830187608
22.435463474,108.406000000,33.823350226
22.437802689,108.473000000,33.816503360
22.440165318,108.540000000,33.809647025
22.442551353,108.607000000,33.802781233
22.444960786,108.674000000,33.795905999
22.447393607,108.741000000,33.789021337
22.449849809,108.808000000,33.782127260
22.452329384,108.875000000,33.775223782
22.454832323,108.942000000,33.768310917
22.457358617,109.009000000,33.761388679
22.459908259,109.076000000,33.754457081
22.462481240,109.143000000,33.747516137
22.465077551,109.210000000,33.740565862
22.467697185,109.277000000,33.733606268
22.470340133,109.344000000,33.726637370
22.473006387,109.411000000,33.719659181
22.475695938,109.478000000,33.712671716
22.478408778,109.545000000,33.705674987
22.481144899,109.612000000,33.698669010
22.483904292,109.679000000,33.691653797
22.486686949,109.746000000,33.684629362
22.489492862,109.813000000,33.677595719
22.492322022,109.880000000,33.670552883
22.495174421,109.947000000,33.663500866
22.498050051,110.014000000,33.656439682
22.500948903,110.081000000,33.649369346
22.503870969,110.148000000,33.642289871
22.506816241,110.215000000,33.635201271
22.509784710,110.282000000,33.628103560
22.512776368,110.349000000,33.620996751
22.515791207,110.416000000,33.613880858
22.518829219,110.483000000,33.606755896
22.521890394,110.550000000,33.599621877
22.524974725,110.617000000,33.592478816
22.528082203,110.684000000,33.585326726
22.531212820,110.751000000,33.578165622
22.534366568,110.818000000,33.570995516
22.537543438,110.885000000,33.563816424
22.540743422,110.952000000,33.556628357
22.543966511,111.019000000,33.549431332
22.547212698,111.086000000,33.542225360
22.550481974,111.153000000,33.535010457
22.553774331,111.220000000,33.527786635
22.557089760,111.287000000,33.520553909
22.560428253,111.354000000,33.513312292
22.563789801,111.421000000,33.506061798
22.567174397,111.488000000,33.498802441
22.570582031,111.555000000,33.491534235
22.574012697,111.622000000,33.484257193
22.577466384,111.689000000,33.476971329
22.580943086,111.756000000,33.469676658
22.584442793,111.823000000,33.462373192
22.587965497,111.890000000,33.455060947
22.591511190,111.957000000,33.447739934
22.595079864,112.024000000,33.440410169
22.598671510,112.091000000,33.433071665
22.602286120,112.158000000,33.425724435
22.605923686,112.225000000,33.418368495
22.609584199,112.292000000,33.411003856
22.613267651,112.359000000,33.403630534
22.616974033,112.426000000,33.396248542
22.620703337,112.493000000,33.388857893
22.624455556,112.560000000,33.381458602
22.628230680,112.627000000,33.374050683
22.632028701,112.694000000,33.366634148
22.635849611,112.761000000,33.359209013
22.639693402,112.828000000,33.351775290
22.643560065,112.895000000,33.344332993
22.647449592,112.962000000,33.336882137
22.651361974,113.029000000,33.329422735
22.655297204,113.096000000,33.321954801
22.659255272,113.163000000,33.314478349
22.663236172,113.230000000,33.306993392
22.667239893,113.297000000,33.299499944
22.671266428,113.364000000,33.291998019
22.675315768,113.431000000,33.284487631
22.679387906,113.498000000,33.276968794
22.683482833,113.565000000,33.269441521
22.687600540,113.632000000,33.261905826
22.691741020,113.699000000,33.254361724
22.695904263,113.766000000,33.246809227
22.700090262,113.833000000,33.239248349
22.704299007,113.900000000,33.231679105
22.708530492,113.967000000,33.224101508
22.712784707,114.034000000,33.216515572
22.717061645,114.101000000,33.208921311
22.721361296,114.168000000,33.201318738
22.725683653,114.235000000,33.193707868
22.730028707,114.302000000,33.186088714
22.734396450,114.369000000,33.178461289
22.738786873,114.436000000,33.170825608
22.743199968,114.503000000,33.163181685
22.747635728,114.570000000,33.155529533
22.752094142,114.637000000,33.147869166
22.756575204,114.704000000,33.140200598
22.761078905,114.771000000,33.132523842
22.765605236,114.838000000,33.124838913
22.770154189,114.905000000,33.117145824
22.774725756,114.972000000,33.109444589
22.779319929,115.039000000,33.101735222
22.783936698,115.106000000,33.094017736
22.788576057,115.173000000,33.086292146
22.793237996,115.240000000,33.078558465
22.797922507,115.307000000,33.070816707
22.802629582,115.374000000,33.063066885
22.807359212,115.441000000,33.055309014
22.812111389,115.508000000,33.047543108
22.816886105,115.575000000,33.039769179
22.821683352,115.642000000,33.031987242
22.826503120,115.709000000,33.024197312
22.831345403,115.776000000,33.016399400
22.836210191,115.843000000,33.008593522
22.841097476,115.910000000,33.000779691
22.846007249,115.977000000,32.992957921
22.850939503,116.044000000,32.985128225
22.855894230,116.111000000,32.977290618
22.860871420,116.178000000,32.969445113
22.865871065,116.245000000,32.961591724
22.870893157,116.312000000,32.953730464
22.875937689,116.379000000,32.945861349
22.881004650,116.446000000,32.937984390
22.886094034,116.513000000,32.930099603
22.891205831,116.580000000,32.922207001
22.896340034,116.647000000,32.914306598
22.901496634,116.714000000,32.906398407
22.906675622,116.781000000,32.898482442
22.911876991,116.848000000,32.890558718
22.917100732,116.915000000,32.882627247
22.922346837,116.982000000,32.874688045
22.927615297,117.049000000,32.866741123
22.932906104,117.116000000,32.858786497
22.938219250,117.183000000,32.850824180
22.943554726,117.250000000,32.842854186
22.948912524,117.317000000,32.834876529
22.954292636,117.384000000,32.826891221
22.959695054,117.451000000,32.818898279
22.965119768,117.518000000,32.810897714
22.970566771,117.585000000,32.802889541
22.976036054,117.652000000,32.794873773
22.981527610,117.719000000,32.786850425
22.987041429,117.786000000,32.778819510
22.992577503,117.853000000,32.770781043
22.998135824,117.920000000,32.762735035
23.003716384,117.987000000,32.754681503
23.009319175,118.054000000,32.746620458
23.014944187,118.121000000,32.738551916
23.020591413,118.188000000,32.730475890
23.026260845,118.255000000,32.722392394
23.031952473,118.322000000,32.714301441
23.037666290,118.389000000,32.706203045
23.043402287,118.456000000,32.698097220
23.049160457,118.523000000,32.689983980
23.054940790,118.590000000,32.681863339
23.060743278,118.657000000,32.673735311
23.066567913,118.724000000,32.665599908
23.072414687,118.791000000,32.657457146
23.078283591,118.858000000,32.649307037
23.084174617,118.925000000,32.641149596
23.090087757,118.992000000,32.632984836
23.096023002,119.059000000,32.624812772
23.101980344,119.126000000,32.616633417
23.107959775,119.193000000,32.608446784
23.113961286,119.260000000,32.600252888
23.119984868,119.327000000,32.592051742
23.126030515,119.394000000,32.583843360
23.132098217,119.461000000,32.575627757
23.138187965,119.528000000,32.567404945
23.144299753,119.595000000,32.559174938
23.150433570,119.662000000,32.550937751
23.156589410,119.729000000,32.542693397
23.162767263,119.796000000,32.534441890
23.168967121,119.863000000,32.526183243
23.175188976,119.930000000,32.517917471
23.181432820,119.997000000,32.509644587
23.187698644,120.064000000,32.501364606
23.193986440,120.131000000,32.493077540
23.200296200,120.198000000,32.484783403
23.206627915,120.265000000,32.476482210
23.212981576,120.332000000,32.468173974
23.219357177,120.399000000,32.459858710
23.225754707,120.466000000,32.451536430
23.232174159,120.533000000,32.443207148
23.238615525,120.600000000,32.434870879
23.245078797,120.667000000,32.426527636
23.251563965,120.734000000,32.418177433
23.258071021,120.801000000,32.409820284
23.264599958,120.868000000,32.401456202
23.271150767,120.935000000,32.393085202
23.277723439,121.002000000,32.384707297
23.284317966,121.069000000,32.376322500
23.290934341,121.136000000,32.367930827
23.297572554,121.203000000,32.359532289
23.304232597,121.270000000,32.351126902
23.310914462,121.337000000,32.342714679
23.317618140,121.404000000,32.334295634
23.324343624,121.471000000,32.325869781
23.331090904,121.538000000,32.317437133
23.337859973,121.605000000,32.308997704
23.344650822,121.672000000,32.300551508
23.351463443,121.739000000,32.292098559
23.358297828,121.806000000,32.283638870
23.365153967,121.873000000,32.275172456
23.372031854,121.940000000,32.266699330
23.378931479,122.007000000,32.258219506
23.385852834,122.074000000,32.249732998
23.392795911,122.141000000,32.241239819
23.399760702,122.208000000,32.232739984
23.406747197,122.275000000,32.224233506
23.413755390,122.342000000,32.215720398
23.420785271,122.409000000,32.207200676
23.427836832,122.476000000,32.198674351
23.434910065,122.543000000,32.190141439
23.442004961,122.610000000,32.181601954
23.449121513,122.677000000,32.173055907
23.456259711,122.744000000,32.164503315
23.463419548,122.811000000,32.155944190
23.470601015,122.878000000,32.147378546
23.477804103,122.945000000,32.138806398
23.485028806,123.012000000,32.130227758
23.492275113,123.079000000,32.121642640
23.499543017,123.146000000,32.113051059
23.506832509,123.213000000,32.104453029
23.514143582,123.280000000,32.095848562
23.521476235,123.347000000,32.087237672
23.528830501,123.414000000,32.078620370
23.536206421,123.481000000,32.069996666
23.543604037,123.548000000,32.061366570
23.551023391,123.615000000,32.052730092
23.558464524,123.682000000,32.044087242
23.565927477,123.749000000,32.035438031
23.573412292,123.816000000,32.026782467
23.580919009,123.883000000,32.018120562
23.588447672,123.950000000,32.009452325
23.595998320,124.017000000,32.000777767
23.603570995,124.084000000,31.992096897
23.611165739,124.151000000,31.983409726
23.618782593,124.218000000,31.974716264
23.626421599,124.285000000,31.966016520
23.634082798,124.352000000,31.957310505
23.641766231,124.419000000,31.948598229
23.649471940,124.486000000,31.939879702
23.657199966,124.553000000,31.931154934
23.664950350,124.620000000,31.922423935
23.672723135,124.687000000,31.913686716
23.680518361,124.754000000,31.904943285
23.688336070,124.821000000,31.896193654
23.696176303,124.888000000,31.887437832
23.704039102,124.955000000,31.878675830
23.711924508,125.022000000,31.869907657
23.719832562,125.089000000,31.861133324
23.727763306,125.156000000,31.852352840
23.735716782,125.223000000,31.843566216
23.743693030,125.290000000,31.834773462
23.751692092,125.357000000,31.825974588
23.759714010,125.424000000,31.817169604
23.767758825,125.491000000,31.808358520
23.775826578,125.558000000,31.799541346
23.783917311,125.625000000,31.790718092
23.792031065,125.692000000,31.781888768
23.800167882,125.759000000,31.773053385
23.808327803,125.826000000,31.764211952
23.816510869,125.893000000,31.755364479
23.824717122,125.960000000,31.746510977
23.832946603,126.027000000,31.737651456
23.841199354,126.094000000,31.728785925
23.849475416,126.161000000,31.719914395
23.857774830,126.228000000,31.711036876
23.866097639,126.295000000,31.702153378
23.874443882,126.362000000,31.693263910
23.882813603,126.429000000,31.684368484
23.891206841,126.496000000,31.675467109
23.899623639,126.563000000,31.666559794
23.908064038,126.630000000,31.657646552
23.916528079,126.697000000,31.648727390
23.925015804,126.764000000,31.639802320
23.933527255,126.831000000,31.630871351
23.942062471,126.898000000,31.621934494
23.950621496,126.965000000,31.612991758
23.959204371,127.032000000,31.604043154
23.967811136,127.099000000,31.595088692
23.976441833,127.166000000,31.586128381
23.985096504,127.233000000,31.577162232
23.993775190,127.300000000,31.568190256
24.002477933,127.367000000,31.559212461
24.011204773,127.434000000,31.550228858
24.019955753,127.501000000,31.541239458
24.028730913,127.568000000,31.532244270
24.037530296,127.635000000,31.523243304
24.046353942,127.702000000,31.514236570
24.055201893,127.769000000,31.505224079
24.064074190,127.836000000,31.496205840
24.072970875,127.903000000,31.487181864
24.081891990,127.970000000,31.478152161
24.090837575,128.037000000,31.469116740
24.099807671,128.104000000,31.460075612
24.108802322,128.171000000,31.451028787
24.117821567,128.238000000,31.441976275
24.126865448,128.305000000,31.432918086
24.135934007,128.372000000,31.423854230
24.145027286,128.439000000,31.414784717
24.154145324,128.506000000,31.405709558
24.163288165,128.573000000,31.396628761
24.172455848,128.640000000,31.387542338
24.181648409,128.707000000,31.378450298
24.190865851,128.774000000,31.369352651
24.200108168,128.841000000,31.360249406
24.209375357,128.908000000,31.351140572
24.218667414,128.975000000,31.342026159
24.227984334,129.042000000,31.332906175
24.237326112,129.109000000,31.323780630
24.246692746,129.176000000,31.314649534
24.256084229,129.243000000,31.305512895
24.265500559,129.310000000,31.296370722
24.274941730,129.377000000,31.287223026
24.284407738,129.444000000,31.278069815
24.293898580,129.511000000,31.268911098
24.303414250,129.578000000,31.259746886
24.312954745,129.645000000,31.250577186
24.322520060,129.712000000,31.241402008
24.332110191,129.779000000,31.232221362
24.341725133,129.846000000,31.223035257
24.351364882,129.913000000,31.213843702
24.361029435,129.980000000,31.204646706
24.370718786,130.047000000,31.195444278
24.380432931,130.114000000,31.186236429
24.390171866,130.181000000,31.177023166
24.399935587,130.248000000,31.167804500
24.409724090,130.315000000,31.158580440
24.419537369,130.382000000,31.149350994
24.429375421,130.449000000,31.140116172
24.439238242,130.516000000,31.130875984
24.449125827,130.583000000,31.121630438
24.459038172,130.650000000,31.112379545
24.468975272,130.717000000,31.103123312
24.478937123,130.784000000,31.093861750
24.488923722,130.851000000,31.084594867
24.498935063,130.918000000,31.075322673
24.508971143,130.985000000,31.066045177
24.519031956,131.052000000,31.056762389
24.529117499,131.119000000,31.047474317
24.539227768,131.186000000,31.038180972
24.549362758,131.253000000,31.028882361
24.559522464,131.320000000,31.019578495
24.569706883,131.387000000,31.010269382
24.579916010,131.454000000,31.000955033
24.590149842,131.521000000,30.991635456
24.600408372,131.588000000,30.982310660
24.610691598,131.655000000,30.972980655
24.620999515,131.722000000,30.963645449
24.631332119,131.789000000,30.954305053
24.641689405,131.856000000,30.944959476
24.652071369,131.923000000,30.935608726
24.662478007,131.990000000,30.926252813
24.672909314,132.057000000,30.916891747
24.683365287,132.124000000,30.907525535
24.693845920,132.191000000,30.898154189
24.704351210,132.258000000,30.888777717
24.714881152,132.325000000,30.879396128
24.725435742,132.392000000,30.870009431
24.736014976,132.459000000,30.860617636
24.746618849,132.526000000,30.851220753
24.757247357,132.593000000,30.841818789
24.767900495,132.660000000,30.832411755
24.778578260,132.727000000,30.822999660
24.789280648,132.794000000,30.813582513
24.800007653,132.861000000,30.804160324
24.810759271,132.928000000,30.794733100
24.821535499,132.995000000,30.785300853
24.832336331,133.062000000,30.775863591
24.843161764,133.129000000,30.766421323
24.854011794,133.196000000,30.756974059
24.864886415,133.263000000,30.747521807
24.875785624,133.330000000,30.738064578
24.886709416,133.397000000,30.728602380
24.897657788,133.464000000,30.719135223
24.908630734,133.531000000,30.709663115
24.919628250,133.598000000,30.700186067
24.930650333,133.665000000,30.690704087
24.941696977,133.732000000,30.681217185
24.952768179,133.799000000,30.671725369
24.963863935,133.866000000,30.662228650
24.974984239,133.933000000,30.652727036
24.986129088,134.000000000,30.643220537
24.997298477,134.067000000,30.633709162
25.008492402,134.134000000,30.624192920
25.019710858,134.201000000,30.614671820
25.030953843,134.268000000,30.605145872
25.042221350,134.335000000,30.595615085
25.053513376,134.402000000,30.586079469
25.064829916,134.469000000,30.576539031
25.076170967,134.536000000,30.566993783
25.087536523,134.603000000,30.557443732
25.098926581,134.670000000,30.547888889
25.110341137,134.737000000,30.538329262
25.121780185,134.804000000,30.528764861
25.133243722,134.871000000,30.519195695
25.144731743,134.938000000,30.509621773
25.156244244,135.005000000,30.500043105
25.167781221,135.072000000,30.490459699
25.179342670,135.139000000,30.480871565
25.190928585,135.206000000,30.471278713
25.202538963,135.273000000,30.461681152
25.214173800,135.340000000,30.452078890
25.225833091,135.407000000,30.442471937
25.237516832,135.474000000,30.432860302
25.249225018,135.541000000,30.423243995
25.260957646,135.608000000,30.413623025
25.272714711,135.675000000,30.403997401
25.284496208,135.742000000,30.394367132
25.296302134,135.809000000,30.384732228
25.308132484,135.876000000,30.375092698
25.319987254,135.943000000,30.365448550
25.331866439,136.010000000,30.355799796
25.343770035,136.077000000,30.346146442
25.355698038,136.144000000,30.336488500
25.367650443,136.211000000,30.326825978
25.379627247,136.278000000,30.317158885
25.391628445,136.345000000,30.307487231
25.403654032,136.412000000,30.297811024
25.415704005,136.479000000,30.288130275
25.427778359,136.546000000,30.278444992
25.439877089,136.613000000,30.268755185
25.452000192,136.680000000,30.259060863
25.464147663,136.747000000,30.249362035
25.476319498,136.814000000,30.239658710
25.488515692,136.881000000,30.229950899
25.500736241,136.948000000,30.220238609
25.512981141,137.015000000,30.210521850
25.525250388,137.082000000,30.200800632
25.537543977,137.149000000,30.191074963
25.549861904,137.216000000,30.181344853
25.562204165,137.283000000,30.171610312
25.574570755,137.350000000,30.161871348
25.586961670,137.417000000,30.152127971
25.599376906,137.484000000,30.142380190
25.611816458,137.551000000,30.132628014
25.624280322,137.618000000,30.122871452
25.636768495,137.685000000,30.113110515
25.649280970,137.752000000,30.103345210
25.661817745,137.819000000,30.093575548
25.674378815,137.886000000,30.083801537
25.686964175,137.953000000,30.074023187
25.699573822,138.020000000,30.064240507
25.712207751,138.087000000,30.054453506
25.724865957,138.154000000,30.044662194
25.737548437,138.221000000,30.034866580
25.750255186,138.288000000,30.025066673
25.762986200,138.355000000,30.015262482
25.775741474,138.422000000,30.005454017
25.788521004,138.489000000,29.995641286
25.801324786,138.556000000,29.985824300
25.814152816,138.623000000,29.976003067
25.827005089,138.690000000,29.966177596
25.839881601,138.757000000,29.956347898
25.852782347,138.824000000,29.946513980
25.865707324,138.891000000,29.936675853
25.878656527,138.958000000,29.926833526
25.891629952,139.025000000,29.916987007
25.904627594,139.092000000,29.907136307
25.917649449,139.159000000,29.897281434
25.930695513,139.226000000,29.887422397
25.943765781,139.293000000,29.877559207
25.956860250,139.360000000,29.867691872
25.969978915,139.427000000,29.857820401
25.983121771,139.494000000,29.847944804
25.996288814,139.561000000,29.838065089
26.009480041,139.628000000,29.828181267
26.022695446,139.695000000,29.818293347
26.035935025,139.762000000,29.808401337
26.049198775,139.829000000,29.798505247
26.062486690,139.896000000,29.788605086
26.075798766,139.963000000,29.778700864
26.089135000,140.030000000,29.768792590
26.102495387,140.097000000,29.758880272
26.115879922,140.164000000,29.748963921
26.129288602,140.231000000,29.739043545
26.142721421,140.298000000,29.729119154
26.156178376,140.365000000,29.719190757
26.169659462,140.432000000,29.709258364
26.183164676,140.499000000,29.699321982
26.196694012,140.566000000,29.689381623
26.210247466,140.633000000,29.679437295
26.223825035,140.700000000,29.669489007
26.237426713,140.767000000,29.659536768
26.251052497,140.834000000,29.649580588
26.264702382,140.901000000,29.639620477
26.278376364,140.968000000,29.629656442
26.292074438,141.035000000,29.619688495
26.305796601,141.102000000,29.609716643
26.319542847,141.169000000,29.599740896
26.333313174,141.236000000,29.589761263
26.347107575,141.303000000,29.579777754
26.360926048,141.370000000,29.569790378
26.374768587,141.437000000,29.559799145
26.388635189,141.504000000,29.549804062
26.402525849,141.571000000,29.539805140
26.416440563,141.638000000,29.529802388
26.430379326,141.705000000,29.519795815
26.444342135,141.772000000,29.509785431
26.458328984,141.839000000,29.499771244
26.472339870,141.906000000,29.489753264
26.486374789,141.973000000,29.479731500
26.500433735,142.040000000,29.469705962
26.514516705,142.107000000,29.459676658
26.528623695,142.174000000,29.449643598
26.542754699,142.241000000,29.439606792
26.556909714,142.308000000,29.429566247
26.571088736,142.375000000,29.419521975
26.585291760,142.442000000,29.409473983
26.599518782,142.509000000,29.399422282
26.613769797,142.576000000,29.389366880
26.628044801,142.643000000,29.379307787
26.642343791,142.710000000,29.369245012
26.656666761,142.777000000,29.359178564
26.671013708,142.844000000,29.349108453
26.685384626,142.911000000,29.339034687
26.699779512,142.978000000,29.328957277
26.714198362,143.045000000,29.318876230
26.728641171,143.112000000,29.308791558
26.743107934,143.179000000,29.298703268
26.757598648,143.246000000,29.288611370
26.772113308,143.313000000,29.278515873
26.786651910,143.380000000,29.268416787
26.801214450,143.447000000,29.258314120
26.815800923,143.514000000,29.248207883
26.830411325,143.581000000,29.238098084
26.845045652,143.648000000,29.227984732
26.859703899,143.715000000,29.217867838
26.874386062,143.782000000,29.207747409
26.889092137,143.849000000,29.197623456
26.903822119,143.916000000,29.187495987
26.918576004,143.983000000,29.177365013
26.933353788,144.050000000,29.167230541
26.948155467,144.117000000,29.157092582
26.962981036,144.184000000,29.146951144
26.977830491,144.251000000,29.136806237
26.992703828,144.318000000,29.126657870
27.007601042,144.385000000,29.116506053
27.022522128,144.452000000,29.106350795
27.037467084,144.519000000,29.096192104
27.052435904,144.586000000,29.086029990
27.067428584,144.653000000,29.075864463
27.082445120,144.720000000,29.065695532
27.097485507,144.787000000,29.055523205
27.112549742,144.854000000,29.045347493
27.127637819,144.921000000,29.035168404
27.142749735,144.988000000,29.024985947
27.157885485,145.055000000,29.014800133
27.173045066,145.122000000,29.004610970
27.188228471,145.189000000,28.994418467
27.203435698,145.256000000,28.984222634
27.218666743,145.323000000,28.974023480
27.233921600,145.390000000,28.963821014
27.249200265,145.457000000,28.953615246
27.264502735,145.524000000,28.943406185
27.279829004,145.591000000,28.933193839
27.295179069,145.658000000,28.922978219
27.310552925,145.725000000,28.912759333
27.325950568,145.792000000,28.902537191
27.341371993,145.859000000,28.892311802
27.356817197,145.926000000,28.882083176
27.372286175,145.993000000,28.871851320
27.387778923,146.060000000,28.861616246
27.403295436,146.127000000,28.851377962
27.418835710,146.194000000,28.841136477
27.434399740,146.261000000,28.830891800
27.449987524,146.328000000,28.820643942
27.465599055,146.395000000,28.810392910
27.481234330,146.462000000,28.800138715
27.496893345,146.529000000,28.789881365
27.512576095,146.596000000,28.779620871
27.528282576,146.663000000,28.769357240
27.544012784,146.730000000,28.759090483
27.559766714,146.797000000,28.748820608
27.575544362,146.864000000,28.738547625
27.591345723,146.931000000,28.728271543
27.607170794,146.998000000,28.717992372
27.623019571,147.065000000,28.707710120
27.638892048,147.132000000,28.697424797
27.654788221,147.199000000,28.687136413
27.670708087,147.266000000,28.676844975
27.686651640,147.333000000,28.666550495
27.702618878,147.400000000,28.656252980
27.718609794,147.467000000,28.645952441
27.734624386,147.534000000,28.635648886
27.750662648,147.601000000,28.625342324
27.766724576,147.668000000,28.615032766
27.782810167,147.735000000,28.604720219
27.798919415,147.802000000,28.594404695
27.815052317,147.869000000,28.584086201
27.831208868,147.936000000,28.573764746
27.847389063,148.003000000,28.563440341
27.863592899,148.070000000,28.553112995
27.879820372,148.137000000,28.542782716
27.896071476,148.204000000,28.532449515
27.912346208,148.271000000,28.522113399
27.928644564,148.338000000,28.511774379
27.944966538,148.405000000,28.501432464
27.961312127,148.472000000,28.491087663
27.977681326,148.539000000,28.480739985
27.994074132,148.606000000,28.470389440
28.010490539,148.673000000,28.460036036
28.026930544,148.740000000,28.449679784
28.043394142,148.807000000,28.439320691
28.059881329,148.874000000,28.428958769
28.076392100,148.941000000,28.418594025
28.092926452,149.008000000,28.408226469
28.109484380,149.075000000,28.397856110
28.126065879,149.142000000,28.387482959
28.142670946,149.209000000,28.377107022
28.159299575,149.276000000,28.366728311
28.175951764,149.343000000,28.356346835
28.192627506,149.410000000,28.345962602
28.209326799,149.477000000,28.335575622
28.226049638,149.544000000,28.325185904
28.242796018,149.611000000,28.314793457
28.259565936,149.678000000,28.304398291
28.276359386,149.745000000,28.294000415
28.293176365,149.812000000,28.283599838
28.310016869,149.879000000,28.273196569
28.326880892,149.946000000,28.262790618
28.343768431,150.013000000,28.252381994
28.360679481,150.080000000,28.241970706
28.377614039,150.147000000,28.231556764
28.394572099,150.214000000,28.221140176
28.411553657,150.281000000,28.210720952
28.428558710,150.348000000,28.200299101
28.445587253,150.415000000,28.189874633
28.462639281,150.482000000,28.179447557
28.479714791,150.549000000,28.169017881
28.496813777,150.616000000,28.158585616
28.513936236,150.683000000,28.148150770
28.531082163,150.750000000,28.137713353
28.548251555,150.817000000,28.127273374
28.565444406,150.884000000,28.116830842
28.582660712,150.951000000,28.106385766
28.599900470,151.018000000,28.095938157
28.617163674,151.085000000,28.085488022
28.634450321,151.152000000,28.075035372
28.651760407,151.219000000,28.064580215
28.669093926,151.286000000,28.054122561
28.686450874,151.353000000,28.043662419
28.703831248,151.420000000,28.033199798
28.721235043,151.487000000,28.022734708
28.738662254,151.554000000,28.012267157
28.756112878,151.621000000,28.001797156
28.773586910,151.688000000,27.991324713
28.791084346,151.755000000,27.980849837
28.808605181,151.822000000,27.970372539
28.826149411,151.889000000,27.959892826
28.843717032,151.956000000,27.949410709
28.861308040,152.023000000,27.938926196
28.878922430,152.090000000,27.928439298
28.896560198,152.157000000,27.917950022
28.914221339,152.224000000,27.907458379
28.931905850,152.291000000,27.896964377
28.949613725,152.358000000,27.886468026
28.967344962,152.425000000,27.875969335
28.985099555,152.492000000,27.865468314
29.002877499,152.559000000,27.854964972
29.020678792,152.626000000,27.844459317
29.038503428,152.693000000,27.833951359
29.056351404,152.760000000,27.823441108
29.074222714,152.827000000,27.812928573
29.092117355,152.894000000,27.802413762
29.110035322,152.961000000,27.791896686
29.127976611,153.028000000,27.781377353
29.145941217,153.095000000,27.770855773
29.163929137,153.162000000,27.760331954
29.181940366,153.229000000,27.749805907
29.199974900,153.296000000,27.739277641
29.218032734,153.363000000,27.728747164
29.236113864,153.430000000,27.718214486
29.254218287,153.497000000,27.707679616
29.272345996,153.564000000,27.697142564
29.290496989,153.631000000,27.686603339
29.308671261,153.698000000,27.676061949
29.326868807,153.765000000,27.665518405
29.345089624,153.832000000,27.654972716
29.363333706,153.899000000,27.644424890
29.381601051,153.966000000,27.633874937
29.399891652,154.033000000,27.623322866
29.418205507,154.100000000,27.612768687
29.436542611,154.167000000,27.602212409
29.454902959,154.234000000,27.591654041
29.473286547,154.301000000,27.581093592
29.491693371,154.368000000,27.570531072
29.510123426,154.435000000,27.559966489
29.528576709,154.502000000,27.549399854
29.547053215,154.569000000,27.538831175
29.565552939,154.636000000,27.528260461
29.584075878,154.703000000,27.517687723
29.602622027,154.770000000,27.507112968
29.621191381,154.837000000,27.496536207
29.639783937,154.904000000,27.485957449
29.658399690,154.971000000,27.475376702
29.677038636,155.038000000,27.464793976
29.695700770,155.105000000,27.454209281
29.714386088,155.172000000,27.443622626
29.733094587,155.239000000,27.433034019
29.751826261,155.306000000,27.422443471
29.770581106,155.373000000,27.411850989
29.789359118,155.440000000,27.401256585
29.808160270,155.507000000,27.390660268
29.826984443,155.574000000,27.380062053
29.845831495,155.641000000,27.369461957
29.864701284,155.708000000,27.358859995
29.883593670,155.775000000,27.348256186
29.902508509,155.842000000,27.337650544
29.921445661,155.909000000,27.327043087
29.940404983,155.976000000,27.316433830
29.959386334,156.043000000,27.305822791
29.978389573,156.110000000,27.295209985
29.997414556,156.177000000,27.284595429
30.016461144,156.244000000,27.273979139
30.035529193,156.311000000,27.263361132
30.054618563,156.378000000,27.252741424
30.073729112,156.445000000,27.242120032
30.092860697,156.512000000,27.231496971
30.112013177,156.579000000,27.220872259
30.131186410,156.646000000,27.210245912
30.150380256,156.713000000,27.199617945
30.169594571,156.780000000,27.188988377
30.188829214,156.847000000,27.178357222
30.208084044,156.914000000,27.167724497
30.227358919,156.981000000,27.157090220
30.246653696,157.048000000,27.146454405
30.265968235,157.115000000,27.135817070
30.285302394,157.182000000,27.125178231
30.304656030,157.249000000,27.114537904
30.324029003,157.316000000,27.103896106
30.343421170,157.383000000,27.093252853
30.362832389,157.450000000,27.082608162
30.382262520,157.517000000,27.071962048
30.401711420,157.584000000,27.061314529
30.421178947,157.651000000,27.050665621
30.440664960,157.718000000,27.040015340
30.460169318,157.785000000,27.029363702
30.479691877,157.852000000,27.018710724
30.499232498,157.919000000,27.008056423
30.518791037,157.986000000,26.997400814
30.538367353,158.053000000,26.986743914
30.557961305,158.120000000,26.976085740
30.577572750,158.187000000,26.965426308
30.597201548,158.254000000,26.954765634
30.616847556,158.321000000,26.944103735
30.636510632,158.388000000,26.933440628
30.656190636,158.455000000,26.922776327
30.675887424,158.522000000,26.912110851
30.695600856,158.589000000,26.901444215
30.715330789,158.656000000,26.890776436
30.735077083,158.723000000,26.880107529
30.754839595,158.790000000,26.869437513
30.774618183,158.857000000,26.858766402
30.794412706,158.924000000,26.848094214
30.814223022,158.991000000,26.837420964
30.834048989,159.058000000,26.826746670
30.853890466,159.125000000,26.816071347
30.873747311,159.192000000,26.805395012
30.893619382,159.259000000,26.794717681
30.913506538,159.326000000,26.784039371
30.933408636,159.393000000,26.773360099
30.953325535,159.460000000,26.762679879
30.973257094,159.527000000,26.751998730
30.993203170,159.594000000,26.741316667
31.013163622,159.661000000,26.730633707
31.033138308,159.728000000,26.719949866
31.053127086,159.795000000,26.709265161
31.073129815,159.862000000,26.698579607
31.093146353,159.929000000,26.687893222
31.113176558,159.996000000,26.677206022
31.133220289,160.063000000,26.666518023
31.153277403,160.130000000,26.655829241
31.173347760,160.197000000,26.645139693
31.193431217,160.264000000,26.634449396
31.213527632,160.331000000,26.623758365
31.233636864,160.398000000,26.613066618
31.253758772,160.465000000,26.602374170
31.273893213,160.532000000,26.591681038
31.294040045,160.599000000,26.580987238
31.314199128,160.666000000,26.570292788
31.334370319,160.733000000,26.559597702
31.354553476,160.800000000,26.548901998
31.374748458,160.867000000,26.538205692
31.394955124,160.934000000,26.527508800
31.415173330,161.001000000,26.516811339
31.435402937,161.068000000,26.506113325
31.455643801,161.135000000,26.495414774
31.475895781,161.202000000,26.484715704
31.496158736,161.269000000,26.474016130
31.516432524,161.336000000,26.463316069
31.536717003,161.403000000,26.452615537
31.557012031,161.470000000,26.441914550
31.577317466,161.537000000,26.431213126
31.597633168,161.604000000,26.420511279
31.617958993,161.671000000,26.409809028
31.638294801,161.738000000,26.399106388
31.658640450,161.805000000,26.388403375
31.678995798,161.872000000,26.377700006
31.699360702,161.939000000,26.366996298
31.719735023,162.006000000,26.356292266
31.740118617,162.073000000,26.345587928
31.760511343,162.140000000,26.334883299
31.780913060,162.207000000,26.324178396
31.801323625,162.274000000,26.313473235
31.821742897,162.341000000,26.302767833
31.842170735,162.408000000,26.292062207
31.862606996,162.475000000,26.281356372
31.883051538,162.542000000,26.270650344
31.903504221,162.609000000,26.259944142
31.923964902,162.676000000,26.249237780
31.944433439,162.743000000,26.238531275
31.964909691,162.810000000,26.227824644
31.985393517,162.877000000,26.217117902
32.005884774,162.944000000,26.206411068
32.026383320,163.011000000,26.195704155
32.046889014,163.078000000,26.184997182
32.067401715,163.145000000,26.174290165
32.087921280,163.212000000,26.163583120
32.108447568,163.279000000,26.152876063
32.128980437,163.346000000,26.142169010
32.149519745,163.413000000,26.131461979
32.170065351,163.480000000,26.120754986
32.190617113,163.547000000,26.110048046
32.211174889,163.614000000,26.099341177
32.231738538,163.681000000,26.088634395
32.252307917,163.748000000,26.077927715
32.272882885,163.815000000,26.067221156
32.293463300,163.882000000,26.056514732
32.314049021,163.949000000,26.045808461
32.334639906,164.016000000,26.035102358
32.355235813,164.083000000,26.024396441
32.375836600,164.150000000,26.013690725
32.396442126,164.217000000,26.002985228
32.417052249,164.284000000,25.992279964
32.437666827,164.351000000,25.981574952
32.458285719,164.418000000,25.970870206
32.478908782,164.485000000,25.960165744
32.499535876,164.552000000,25.949461582
32.520166857,164.619000000,25.938757737
32.540801586,164.686000000,25.928054224
32.561439919,164.753000000,25.917351061
32.582081715,164.820000000,25.906648263
32.602726833,164.887000000,25.895945847
32.623375131,164.954000000,25.885243829
32.644026466,165.021000000,25.874542226
32.664680698,165.088000000,25.863841055
32.685337684,165.155000000,25.853140331
32.705997283,165.222000000,25.842440071
32.726659353,165.289000000,25.831740291
32.747323753,165.356000000,25.821041008
32.767990340,165.423000000,25.810342239
32.788658973,165.490000000,25.799643999
32.809329510,165.557000000,25.788946304
32.830001810,165.624000000,25.778249173
32.850675730,165.691000000,25.767552620
32.871351130,165.758000000,25.756856662
32.892027867,165.825000000,25.746161316
32.912705799,165.892000000,25.735466598
32.933384785,165.959000000,25.724772524
32.954064684,166.026000000,25.714079111
32.974745352,166.093000000,25.703386375
32.995426650,166.160000000,25.692694333
33.016108437,166.227000000,25.682003002
33.036790585,166.294000000,25.671312404
33.057472969,166.361000000,25.660622561
33.078155461,166.428000000,25.649933497
33.098837938,166.495000000,25.639245235
33.119520271,166.562000000,25.628557797
33.140202337,166.629000000,25.617871205
33.160884008,166.696000000,25.607185484
33.181565160,166.763000000,25.596500656
33.202245665,166.830000000,25.585816744
33.222925399,166.897000000,25.575133770
33.243604235,166.964000000,25.564451758
33.264282048,167.031000000,25.553770730
33.284958712,167.098000000,25.543090709
33.305634100,167.165000000,25.532411718
33.326308087,167.232000000,25.521733780
33.346980547,167.299000000,25.511056918
33.367651354,167.366000000,25.500381155
33.388320382,167.433000000,25.489706513
33.408987506,167.500000000,25.479033015
33.429652600,167.567000000,25.468360685
33.450315537,167.634000000,25.457689545
33.470976192,167.701000000,25.447019617
33.491634438,167.768000000,25.436350926
33.512290151,167.835000000,25.425683493
33.532943204,167.902000000,25.415017342
33.553593472,167.969000000,25.404352495
33.574240827,168.036000000,25.393688975
33.594885146,168.103000000,25.383026806
33.615526301,168.170000000,25.372366009
33.636164167,168.237000000,25.361706608
33.656798618,168.304000000,25.351048626
33.677429527,168.371000000,25.340392086
33.698056771,168.438000000,25.329737010
33.718680221,168.505000000,25.319083421
33.739299753,168.572000000,25.308431342
33.759915241,168.639000000,25.297780797
33.780526558,168.706000000,25.287131807
33.801133579,168.773000000,25.276484396
33.821736178,168.840000000,25.265838587
33.842334229,168.907000000,25.255194402
33.862927607,168.974000000,25.244551864
33.883516185,169.041000000,25.233910996
33.904099837,169.108000000,25.223271822
33.924678438,169.175000000,25.212634363
33.945251862,169.242000000,25.201998644
33.965819982,169.309000000,25.191364686
33.986382674,169.376000000,25.180732512
34.006939811,169.443000000,25.170102145
34.027491267,169.510000000,25.159473609
34.048036916,169.577000000,25.148846926
34.068576633,169.644000000,25.138222119
34.089110292,169.711000000,25.127599211
34.109637767,169.778000000,25.116978224
34.130158931,169.845000000,25.106359182
34.150673659,169.912000000,25.095742107
34.171181826,169.979000000,25.085127023
34.191683305,170.046000000,25.074513951
34.212177970,170.113000000,25.063902916
34.232665696,170.180000000,25.053293939
34.253146357,170.247000000,25.042687044
34.273619826,170.314000000,25.032082254
34.294085978,170.381000000,25.021479590
34.314544688,170.448000000,25.010879078
34.334995828,170.515000000,25.000280738
34.355439274,170.582000000,24.989684594
34.375874900,170.649000000,24.979090670
34.396302579,170.716000000,24.968498986
34.416722185,170.783000000,24.957909568
34.437133594,170.850000000,24.947322437
34.457536679,170.917000000,24.936737616
34.477931313,170.984000000,24.926155128
34.498317372,171.051000000,24.915574997
34.518694729,171.118000000,24.904997244
34.539063259,171.185000000,24.894421893
34.559422835,171.252000000,24.883848967
34.579773333,171.319000000,24.873278488
34.600114625,171.386000000,24.862710479
34.620446586,171.453000000,24.852144964
34.640769090,171.520000000,24.841581965
34.661082011,171.587000000,24.831021504
34.681385224,171.654000000,24.820463606
34.701678602,171.721000000,24.809908292
34.721962020,171.788000000,24.799355585
34.742235352,171.855000000,24.788805509
34.762498472,171.922000000,24.778258086
34.782751253,171.989000000,24.767713339
34.802993571,172.056000000,24.757171291
34.823225299,172.123000000,24.746631965
34.843446312,172.190000000,24.736095384
34.863656483,172.257000000,24.725561570
34.883855687,172.324000000,24.715030546
34.904043798,172.391000000,24.704502336
34.924220689,172.458000000,24.693976962
34.944386236,172.525000000,24.683454447
34.964540312,172.592000000,24.672934813
34.984682791,172.659000000,24.662418085
35.004813547,172.726000000,24.651904284
35.024932456,172.793000000,24.641393433
35.045039390,172.860000000,24.630885556
35.065134223,172.927000000,24.620380674
35.085216831,172.994000000,24.609878812
35.105287087,173.061000000,24.599379992
35.125344865,173.128000000,24.588884236
35.145390039,173.195000000,24.578391568
35.165422484,173.262000000,24.567902011
35.185442074,173.329000000,24.557415586
35.205448682,173.396000000,24.546932318
35.225442183,173.463000000,24.536452229
35.245422451,173.530000000,24.525975342
35.265389360,173.597000000,24.515501679
35.285342785,173.664000000,24.505031265
35.305282599,173.731000000,24.494564120
35.325208676,173.798000000,24.484100269
35.345120891,173.865000000,24.473639735
35.365019118,173.932000000,24.463182539
35.384903231,173.999000000,24.452728705
35.404773103,174.066000000,24.442278256
35.424628610,174.133000000,24.431831215
35.444469625,174.200000000,24.421387604
35.464296023,174.267000000,24.410947447
35.484107677,174.334000000,24.400510765
35.503904462,174.401000000,24.390077583
35.523686252,174.468000000,24.379647923
35.543452920,174.535000000,24.369221808
35.563204342,174.602000000,24.358799260
35.582940390,174.669000000,24.348380303
35.602660941,174.736000000,24.337964959
35.622365866,174.803000000,24.327553252
35.642055041,174.870000000,24.317145204
35.661728340,174.937000000,24.306740837
35.681385637,175.004000000,24.296340176
35.701026805,175.071000000,24.285943242
35.720651720,175.138000000,24.275550059
35.740260255,175.205000000,24.265160649
35.759852284,175.272000000,24.254775036
35.779427682,175.339000000,24.244393241
35.798986322,175.406000000,24.234015289
35.818528079,175.473000000,24.223641202
35.838052827,175.540000000,24.213271002
35.857560440,175.607000000,24.202904713
35.877050792,175.674000000,24.192542357
35.896523758,175.741000000,24.182183958
35.915979210,175.808000000,24.171829538
35.935417025,175.875000000,24.161479120
35.954837074,175.942000000,24.151132727
35.974239234,176.009000000,24.140790382
35.993623377,176.076000000,24.130452107
36.012989379,176.143000000,24.120117926
36.032337113,176.210000000,24.109787861
36.051666453,176.277000000,24.099461935
36.070977273,176.344000000,24.089140172
36.090269448,176.411000000,24.078822593
36.109542851,176.478000000,24.068509222
36.128797358,176.545000000,24.058200082
36.148032841,176.612000000,24.047895195
36.167249175,176.679000000,24.037594585
36.186446235,176.746000000,24.027298274
36.205623893,176.813000000,24.017006285
36.224782026,176.880000000,24.006718642
36.243920505,176.947000000,23.996435365
36.263039207,177.014000000,23.986156480
36.282138004,177.081000000,23.975882008
36.301216771,177.148000000,23.965611973
36.320275383,177.215000000,23.955346397
36.339313712,177.282000000,23.945085303
36.358331634,177.349000000,23.934828714
36.377329023,177.416000000,23.924576653
36.396305752,177.483000000,23.914329142
36.415261695,177.550000000,23.904086206
36.434196728,177.617000000,23.893847865
36.453110723,177.684000000,23.883614144
36.472003556,177.751000000,23.873385066
36.490875100,177.818000000,23.863160652
36.509725229,177.885000000,23.852940926
36.528553818,177.952000000,23.842725911
36.547360740,178.019000000,23.832515629
36.566145870,178.086000000,23.822310104
36.584909082,178.153000000,23.812109358
36.603650250,178.220000000,23.801913415
36.622369248,178.287000000,23.791722296
36.641065951,178.354000000,23.781536026
36.659740232,178.421000000,23.771354626
36.678391965,178.488000000,23.761178120
36.697021025,178.555000000,23.751006530
36.715627286,178.622000000,23.740839880
36.734210621,178.689000000,23.730678192
36.752770906,178.756000000,23.720521489
36.771308014,178.823000000,23.710369794
36.789821819,178.890000000,23.700223130
36.808312196,178.957000000,23.690081520
36.826779018,179.024000000,23.679944986
36.845222160,179.091000000,23.669813552
36.863641496,179.158000000,23.659687239
36.882036899,179.225000000,23.649566072
36.900408245,179.292000000,23.639450073
36.918755407,179.359000000,23.629339265
36.937078259,179.426000000,23.619233670
36.955376676,179.493000000,23.609133312
36.973650531,179.560000000,23.599038214
36.991899699,179.627000000,23.588948398
37.010124054,179.694000000,23.578863886
37.028323470,179.761000000,23.568784703
37.046497821,179.828000000,23.558710871
37.064646981,179.895000000,23.548642413
37.082770824,179.962000000,23.538579351
37.100869225,180.029000000,23.528521709
37.118942058,180.096000000,23.518469508
37.136989196,180.163000000,23.508422774
37.155010515,180.230000000,23.498381527
37.173005887,180.297000000,23.488345791
37.190975187,180.364000000,23.478315589
37.208918290,180.431000000,23.468290943
37.226835069,180.498000000,23.458271877
37.244725398,180.565000000,23.448258414
37.262589153,180.632000000,23.438250575
37.280426206,180.699000000,23.428248385
37.298236432,180.766000000,23.418251865
37.316019704,180.833000000,23.408261040
37.333775899,180.900000000,23.398275931
37.351504888,180.967000000,23.388296561
37.369206547,181.034000000,23.378322954
37.386880749,181.101000000,23.368355132
37.404527369,181.168000000,23.358393119
37.422146281,181.235000000,23.348436936
37.439737359,181.302000000,23.338486607
37.457300476,181.369000000,23.328542155
37.474835508,181.436000000,23.318603602
37.492342329,181.503000000,23.308670972
37.509820812,181.570000000,23.298744287
37.527270831,181.637000000,23.288823570
37.544692261,181.704000000,23.278908845
37.562084976,181.771000000,23.269000133
37.579448850,181.838000000,23.259097457
37.596783757,181.905000000,23.249200842
37.614089571,181.972000000,23.239310309
37.631366166,182.039000000,23.229425881
37.648613417,182.106000000,23.219547581
37.665831198,182.173000000,23.209675432
37.683019382,182.240000000,23.199809458
37.700177881,182.307000000,23.189949675
37.717306753,182.374000000,23.180096081
37.734406093,182.441000000,23.170248671
37.751475994,182.508000000,23.160407436
37.768516553,182.575000000,23.150572369
37.785527865,182.642000000,23.140743465
37.802510023,182.709000000,23.130920714
37.819463123,182.776000000,23.121104112
37.836387260,182.843000000,23.111293649
37.853282528,182.910000000,23.101489320
37.870149023,182.977000000,23.091691118
37.886986840,183.044000000,23.081899035
37.903796072,183.111000000,23.072113064
37.920576816,183.178000000,23.062333198
37.937329165,183.245000000,23.052559431
37.954053215,183.312000000,23.042791754
37.970749061,183.379000000,23.033030162
37.987416797,183.446000000,23.023274647
38.004056519,183.513000000,23.013525203
38.020668321,183.580000000,23.003781821
38.037252297,183.647000000,22.994044495
38.053808544,183.714000000,22.984313218
38.070337156,183.781000000,22.974587983
38.086838227,183.848000000,22.964868783
38.103311853,183.915000000,22.955155611
38.119758128,183.982000000,22.945448459
38.136177147,184.049000000,22.935747322
38.152569005,184.116000000,22.926052191
38.168933797,184.183000000,22.916363060
38.185271618,184.250000000,22.906679921
38.201582563,184.317000000,22.897002768
38.217866726,184.384000000,22.887331594
38.234124203,184.451000000,22.877666391
38.250355088,184.518000000,22.868007153
38.266559476,184.585000000,22.858353872
38.282737461,184.652000000,22.848706541
38.298889140,184.719000000,22.839065154
38.315014606,184.786000000,22.829429704
38.331113955,184.853000000,22.819800182
38.347187281,184.920000000,22.810176583
38.363234680,184.987000000,22.800558899
38.379256245,185.054000000,22.790947124
38.395252073,185.121000000,22.781341249
38.411222257,185.188000000,22.771741269
38.427166893,185.255000000,22.762147176
38.443086076,185.322000000,22.752558963
38.458979900,185.389000000,22.742976622
38.474848460,185.456000000,22.733400148
38.490691852,185.523000000,22.723829533
38.506510169,185.590000000,22.714264770
38.522303507,185.657000000,22.704705851
38.538071961,185.724000000,22.695152771
38.553815626,185.791000000,22.685605521
38.569534595,185.858000000,22.676064095
38.585228966,185.925000000,22.666528485
38.600898831,185.992000000,22.656998685
38.616544286,186.059000000,22.647474688
38.632165426,186.126000000,22.637956487
38.647762346,186.193000000,22.628444074
38.663335141,186.260000000,22.618937442
38.678883905,186.327000000,22.609436586
38.694408733,186.394000000,22.599941496
38.709909720,186.461000000,22.590452167
38.725386961,186.528000000,22.580968591
38.740840552,186.595000000,22.571490762
38.756270586,186.662000000,22.562018672
38.771677158,186.729000000,22.552552314
38.787060364,186.796000000,22.543091681
38.802420299,186.863000000,22.533636767
38.817757056,186.930000000,22.524187564
38.833070732,186.997000000,22.514744065
38.848361420,187.064000000,22.505306263
38.863629216,187.131000000,22.495874150
38.878874215,187.198000000,22.486447721
38.894096511,187.265000000,22.477026968
38.909296200,187.332000000,22.467611884
38.924473376,187.399000000,22.458202462
38.939628133,187.466000000,22.448798694
38.954760568,187.533000000,22.439400575
38.969870775,187.600000000,22.430008096
38.984958848,187.667000000,22.420621251
39.000024882,187.734000000,22.411240032
39.015068973,187.801000000,22.401864433
39.030091215,187.868000000,22.392494447
39.045091704,187.935000000,22.383130066
39.060070533,188.002000000,22.373771284
39.075027798,188.069000000,22.364418094
39.089963593,188.136000000,22.355070488
39.104878014,188.203000000,22.345728459
39.119771156,188.270000000,22.336392001
39.134643112,188.337000000,22.327061106
39.149493979,188.404000000,22.317735767
39.164323851,188.471000000,22.308415978
39.179132822,188.538000000,22.299101730
39.193920988,188.605000000,22.289793019
39.208688444,188.672000000,22.280489835
39.223435284,188.739000000,22.271192172
39.238161603,188.806000000,22.261900024
39.252867497,188.873000000,22.252613382
39.267553059,188.940000000,22.243332240
39.282218385,189.007000000,22.234056592
39.296863570,189.074000000,22.224786429
39.311488708,189.141000000,22.215521746
39.326093895,189.208000000,22.206262534
39.340679225,189.275000000,22.197008787
39.355244793,189.342000000,22.187760497
39.369790694,189.409000000,22.178517659
39.384317023,189.476000000,22.169280264
39.398823875,189.543000000,22.160048306
39.413311344,189.610000000,22.150821777
39.427779525,189.677000000,22.141600672
39.442228514,189.744000000,22.132384981
39.456658405,189.811000000,22.123174699
39.471069293,189.878000000,22.113969819
39.485461273,189.945000000,22.104770333
39.499834440,190.012000000,22.095576235
39.514188888,190.079000000,22.086387516
39.528524712,190.146000000,22.077204172
39.542842008,190.213000000,22.068026193
39.557140870,190.280000000,22.058853574
39.571421393,190.347000000,22.049686307
39.585683672,190.414000000,22.040524385
39.599927801,190.481000000,22.031367801
39.614153876,190.548000000,22.022216549
39.628361992,190.615000000,22.013070620
39.642552243,190.682000000,22.003930008
39.656724724,190.749000000,21.994794707
39.670879530,190.816000000,21.985664708
39.685016756,190.883000000,21.976540006
39.699136497,190.950000000,21.967420592
39.713238847,191.017000000,21.958306460
39.727323902,191.084000000,21.949197603
39.741391756,191.151000000,21.940094013
39.755442504,191.218000000,21.930995684
39.769476241,191.285000000,21.921902609
39.783493062,191.352000000,21.912814781
39.797493062,191.419000000,21.903732192
39.811476336,191.486000000,21.894654836
39.825442978,191.553000000,21.885582705
39.839393083,191.620000000,21.876515793
39.853326747,191.687000000,21.867454093
39.867244064,191.754000000,21.858397596
39.881145128,191.821000000,21.849346297
39.895030035,191.888000000,21.840300189
39.908898880,191.955000000,21.831259264
39.922751758,192.022000000,21.822223515
39.936588763,192.089000000,21.813192935
39.950409990,192.156000000,21.804167517
39.964215534,192.223000000,21.795147255
39.978005490,192.290000000,21.786132141
39.991779953,192.357000000,21.777122168
40.005539017,192.424000000,21.768117328
40.019282778,192.491000000,21.759117616
40.033011330,192.558000000,21.750123024
40.046724769,192.625000000,21.741133545
40.060423189,192.692000000,21.732149171
40.074106684,192.759000000,21.723169897
40.087775351,192.826000000,21.714195714
40.101429283,192.893000000,21.705226616
40.115068575,192.960000000,21.696262596
40.128693327,193.027000000,21.687303647
40.142303652,193.094000000,21.678349762
40.155899668,193.161000000,21.669400935
40.169481493,193.228000000,21.660457159
40.183049244,193.295000000,21.651518428
40.196603040,193.362000000,21.642584736
40.210142999,193.429000000,21.633656076
40.223669237,193.496000000,21.624732442
40.237181873,193.563000000,21.615813828
40.250681024,193.630000000,21.606900226
40.264166810,193.697000000,21.597991632
40.277639346,193.764000000,21.589088037
40.291098752,193.831000000,21.580189436
40.304545144,193.898000000,21.571295822
40.317978641,193.965000000,21.562407190
40.331399361,194.032000000,21.553523532
40.344807421,194.099000000,21.544644842
40.358202939,194.166000000,21.535771114
40.371586033,194.233000000,21.526902341
40.384956821,194.300000000,21.518038517
40.398315420,194.367000000,21.509179635
40.411661949,194.434000000,21.500325690
40.424996525,194.501000000,21.491476674
40.438319266,194.568000000,21.482632582
40.451630290,194.635000000,21.473793406
40.464929714,194.702000000,21.464959141
40.478217657,194.769000000,21.456129780
40.491494236,194.836000000,21.447305317
40.504759569,194.903000000,21.438485744
40.518013774,194.970000000,21.429671057
40.531256969,195.037000000,21.420861248
40.544489271,195.104000000,21.412056311
40.557710798,195.171000000,21.403256240
40.570921669,195.238000000,21.394461027
40.584122000,195.305000000,21.385670668
40.597311910,195.372000000,21.376885155
40.610491516,195.439000000,21.368104481
40.623660937,195.506000000,21.359328642
40.636820290,195.573000000,21.350557629
40.649969693,195.640000000,21.341791437
40.663109264,195.707000000,21.333030060
40.676239120,195.774000000,21.324273490
40.689359379,195.841000000,21.315521722
40.702470160,195.908000000,21.306774748
40.715571580,195.975000000,21.298032564
40.728663756,196.042000000,21.289295162
40.741746807,196.109000000,21.280562535
40.754820851,196.176000000,21.271834678
40.767886005,196.243000000,21.263111584
40.780942386,196.310000000,21.254393247
40.793990114,196.377000000,21.245679660
40.807029305,196.444000000,21.236970816
40.820060078,196.511000000,21.228266710
40.833082550,196.578000000,21.219567335
40.846096839,196.645000000,21.210872685
40.859103063,196.712000000,21.202182753
40.872101339,196.779000000,21.193497532
40.885091786,196.846000000,21.184817017
40.898074522,196.913000000,21.176141200
40.911049663,196.980000000,21.167470076
40.924017329,197.047000000,21.158803639
40.936977636,197.114000000,21.150141881
40.949930703,197.181000000,21.141484796
40.962876647,197.248000000,21.132832378
40.975815586,197.315000000,21.124184620
40.988747638,197.382000000,21.115541517
41.001672921,197.449000000,21.106903061
41.014591553,197.516000000,21.098269247
41.027503651,197.583000000,21.089640067
41.040409333,197.650000000,21.081015516
41.053308717,197.717000000,21.072395586
41.066201921,197.784000000,21.063780272
41.079089063,197.851000000,21.055169568
41.091970260,197.918000000,21.046563466
41.104845630,197.985000000,21.037961960
41.117715291,198.052000000,21.029365045
41.130579362,198.119000000,21.020772713
41.143437958,198.186000000,21.012184958
41.156291200,198.253000000,21.003601774
41.169139204,198.320000000,20.995023154
41.181982087,198.387000000,20.986449092
41.194819969,198.454000000,20.977879581
41.207652967,198.521000000,20.969314616
41.220481198,198.588000000,20.960754189
41.233304780,198.655000000,20.952198295
41.246123831,198.722000000,20.943646926
41.258938470,198.789000000,20.935100077
41.271748813,198.856000000,20.926557741
41.284554979,198.923000000,20.918019911
41.297357085,198.990000000,20.909486582
41.310155249,199.057000000,20.900957746
41.322949590,199.124000000,20.892433398
41.335740224,199.191000000,20.883913531
41.348527270,199.258000000,20.875398138
41.361310845,199.325000000,20.866887213
41.374091067,199.392000000,20.858380751
41.386868055,199.459000000,20.849878743
41.399641925,199.526000000,20.841381185
41.412412796,199.593000000,20.832888069
41.425180786,199.660000000,20.824399389
41.437946012,199.727000000,20.815915138
41.450708591,199.794000000,20.807435311
41.463468643,199.861000000,20.798959901
41.476226285,199.928000000,20.790488902
41.488981634,199.995000000,20.782022306
41.501734808,200.062000000,20.773560108
41.514485926,200.129000000,20.765102301
41.527235104,200.196000000,20.756648880
41.539982461,200.263000000,20.748199836
41.552728115,200.330000000,20.739755165
41.565472183,200.397000000,20.731314859
41.578214784,200.464000000,20.722878912
41.590956034,200.531000000,20.714447318
41.603696052,200.598000000,20.706020071
41.616434956,200.665000000,20.697597163
41.629172863,200.732000000,20.689178589
41.641909891,200.799000000,20.680764342
41.654646159,200.866000000,20.672354416
41.667381783,200.933000000,20.663948804
41.680116882,201.000000000,20.655547500
41.692851573,201.067000000,20.647150497
41.705585975,201.134000000,20.638757790
41.718320204,201.201000000,20.630369371
41.731054380,201.268000000,20.621985234
41.743788619,201.335000000,20.613605374
41.756523040,201.402000000,20.605229782
41.769257760,201.469000000,20.596858454
41.781992898,201.536000000,20.588491383
41.794728570,201.603000000,20.580128561
41.807464895,201.670000000,20.571769984
41.820201990,201.737000000,20.563415643
41.832939974,201.804000000,20.555065534
41.845678964,201.871000000,20.546719649
41.858419078,201.938000000,20.538377983
41.871160434,202.005000000,20.530040528
41.883903149,202.072000000,20.521707279
41.896647342,202.139000000,20.513378228
41.909393130,202.206000000,20.505053370
41.922140631,202.273000000,20.496732698
41.934889963,202.340000000,20.488416206
41.947641244,202.407000000,20.480103887
41.960394591,202.474000000,20.471795735
41.973150122,202.541000000,20.463491744
41.985907955,202.608000000,20.455191906
41.998668209,202.675000000,20.446896216
42.011431000,202.742000000,20.438604668
42.024196446,202.809000000,20.430317254
42.036964666,202.876000000,20.422033969
42.049735776,202.943000000,20.413754805
42.062509896,203.010000000,20.405479757
42.075287143,203.077000000,20.397208819
42.088067634,203.144000000,20.388941983
42.100851487,203.211000000,20.380679244
42.113638821,203.278000000,20.372420594
42.126429752,203.345000000,20.364166028
42.139224399,203.412000000,20.355915539
42.152022880,203.479000000,20.347669121
42.164825312,203.546000000,20.339426767
42.177631814,203.613000000,20.331188472
42.190442502,203.680000000,20.322954227
42.203257496,203.747000000,20.314724028
42.216076912,203.814000000,20.306497867
42.228900868,203.881000000,20.298275739
42.241729483,203.948000000,20.290057636
42.254562873,204.015000000,20.281843553
42.267401158,204.082000000,20.273633483
42.280244454,204.149000000,20.265427420
42.293092880,204.216000000,20.257225357
42.305946553,204.283000000,20.249027287
42.318805591,204.350000000,20.240833205
42.331670112,204.417000000,20.232643104
42.344540234,204.484000000,20.224456978
42.357416074,204.551000000,20.216274820
42.370297751,204.618000000,20.208096623
42.383185381,204.685000000,20.199922382
42.396079084,204.752000000,20.191752090
42.408978977,204.819000000,20.183585740
42.421885177,204.886000000,20.175423326
42.434797802,204.953000000,20.167264843
42.447716971,205.020000000,20.159110282
42.460642800,205.087000000,20.150959638
42.473575409,205.154000000,20.142812905
42.486514914,205.221000000,20.134670076
42.499461433,205.288000000,20.126531144
42.512415085,205.355000000,20.118396104
42.525375987,205.422000000,20.110264948
42.538344257,205.489000000,20.102137671
42.551320012,205.556000000,20.094014266
42.564303371,205.623000000,20.085894727
42.577294451,205.690000000,20.077779047
42.590293370,205.757000000,20.069667219
42.603300246,205.824000000,20.061559238
42.616315197,205.891000000,20.053455097
42.629338340,205.958000000,20.045354789
42.642369794,206.025000000,20.037258309
42.655409676,206.092000000,20.029165649
42.668458103,206.159000000,20.021076804
42.681515195,206.226000000,20.012991766
42.694581068,206.293000000,20.004910530
42.707655840,206.360000000,19.996833090
42.720739630,206.427000000,19.988759437
42.733832554,206.494000000,19.980689567
42.746934732,206.561000000,19.972623473
42.760046280,206.628000000,19.964561149
42.773167316,206.695000000,19.956502587
42.786297959,206.762000000,19.948447782
42.799438326,206.829000000,19.940396727
42.812588534,206.896000000,19.932349416
42.825748702,206.963000000,19.924305843
42.838918948,207.030000000,19.916266000
42.852099389,207.097000000,19.908229882
42.865290143,207.164000000,19.900197483
42.878491328,207.231000000,19.892168795
42.891703061,207.298000000,19.884143812
42.904925462,207.365000000,19.876122528
42.918158646,207.432000000,19.868104937
42.931402732,207.499000000,19.860091032
42.944657839,207.566000000,19.852080806
42.957924083,207.633000000,19.844074254
42.971201583,207.700000000,19.836071369
42.984490456,207.767000000,19.828072144
42.997790820,207.834000000,19.820076574
43.011102794,207.901000000,19.812084651
43.024426494,207.968000000,19.804096369
43.037762038,208.035000000,19.796111722
43.051109546,208.102000000,19.788130703
43.064469133,208.169000000,19.780153307
43.077840918,208.236000000,19.772179526
43.091225019,208.303000000,19.764209354
43.104621554,208.370000000,19.756242786
43.118030640,208.437000000,19.748279813
43.131452396,208.504000000,19.740320430
43.144886938,208.571000000,19.732364631
43.158334386,208.638000000,19.724412410
43.171794856,208.705000000,19.716463758
43.185268467,208.772000000,19.708518672
43.198755336,208.839000000,19.700577143
43.212255581,208.906000000,19.692639165
43.225769320,208.973000000,19.684704733
43.239296670,209.040000000,19.676773840
43.252837654,209.107000000,19.668846494
43.266391901,209.174000000,19.660922769
43.279958949,209.241000000,19.653002754
43.293538331,209.308000000,19.645086536
43.307129583,209.375000000,19.637174204
43.320732240,209.442000000,19.629265847
43.334345837,209.509000000,19.621361554
43.347969909,209.576000000,19.613461411
43.361603991,209.643000000,19.605565509
43.375247618,209.710000000,19.597673936
43.388900325,209.777000000,19.589786779
43.402561648,209.844000000,19.581904128
43.416231121,209.911000000,19.574026071
43.429908280,209.978000000,19.566152696
43.443592659,210.045000000,19.558284093
43.457283794,210.112000000,19.550420348
43.470981219,210.179000000,19.542561552
43.484684471,210.246000000,19.534707792
43.498393083,210.313000000,19.526859157
43.512106591,210.380000000,19.519015735
43.525824529,210.447000000,19.511177615
43.539546434,210.514000000,19.503344885
43.553271840,210.581000000,19.495517634
43.567000282,210.648000000,19.487695950
43.580731296,210.715000000,19.479879922
43.594464415,210.782000000,19.472069638
43.608199177,210.849000000,19.464265186
43.621935114,210.916000000,19.456466656
43.635671763,210.983000000,19.448674135
43.649408659,211.050000000,19.440887713
43.663145336,211.117000000,19.433107477
43.676881330,211.184000000,19.425333516
43.690616176,211.251000000,19.417565918
43.704349409,211.318000000,19.409804772
43.718080563,211.385000000,19.402050167
43.731809175,211.452000000,19.394302191
43.745534779,211.519000000,19.386560932
43.759256910,211.586000000,19.378826479
43.772975103,211.653000000,19.371098921
43.786688894,211.720000000,19.363378345
43.800397816,211.787000000,19.355664841
43.814101407,211.854000000,19.347958496
43.827799200,211.921000000,19.340259399
43.841490730,211.988000000,19.332567640
43.855175533,212.055000000,19.324883305
43.868853144,212.122000000,19.317206484
43.882523097,212.189000000,19.309537266
43.896184929,212.256000000,19.301875738
43.909838173,212.323000000,19.294221989
43.923482366,212.390000000,19.286576107
43.937117041,212.457000000,19.278938182
43.950741735,212.524000000,19.271308301
43.964355982,212.591000000,19.263686554
43.977959317,212.658000000,19.256073027
43.991551275,212.725000000,19.248467811
44.005131392,212.792000000,19.240870993
44.018699203,212.859000000,19.233282662
44.032254242,212.926000000,19.225702906
44.045796045,212.993000000,19.218131815
44.059324146,213.060000000,19.210569475
44.072838081,213.127000000,19.203015977
44.086337385,213.194000000,19.195471407
44.099821593,213.261000000,19.187935856
44.113290240,213.328000000,19.180409411
44.126742861,213.395000000,19.172892160
44.140178991,213.462000000,19.165384193
44.153598166,213.529000000,19.157885597
44.166999920,213.596000000,19.150396461
44.180383788,213.663000000,19.142916875
44.193749305,213.730000000,19.135446925
44.207096007,213.797000000,19.127986700
44.220423429,213.864000000,19.120536290
44.233731105,213.931000000,19.113095782
44.247018571,213.998000000,19.105665266
44.260285361,214.065000000,19.098244828
44.273531012,214.132000000,19.090834559
44.286755057,214.199000000,19.083434546
44.299957033,214.266000000,19.076044878
44.313136473,214.333000000,19.068665644
44.326292914,214.400000000,19.061296931
44.339425890,214.467000000,19.053938828
44.352534936,214.534000000,19.046591425
44.365619587,214.601000000,19.039254808
44.378679379,214.668000000,19.031929068
44.391713847,214.735000000,19.024614291
44.404722524,214.802000000,19.017310568
44.417704948,214.869000000,19.010017985
44.430660652,214.936000000,19.002736632
44.443589172,215.003000000,18.995466598
44.456490043,215.070000000,18.988207970
44.469362800,215.137000000,18.980960837
44.482206978,215.204000000,18.973725287
44.495022112,215.271000000,18.966501410
44.507807736,215.338000000,18.959289293
44.520563388,215.405000000,18.952089025
44.533288600,215.472000000,18.944900694
44.545982909,215.539000000,18.937724390
44.558645849,215.606000000,18.930560200
44.571276955,215.673000000,18.923408212
44.583875764,215.740000000,18.916268516
44.596441808,215.807000000,18.909141200
44.608974625,215.874000000,18.902026353
44.621473748,215.941000000,18.894924062
44.633938713,216.008000000,18.887834416
44.646369055,216.075000000,18.880757504
44.658764309,216.142000000,18.873693414
44.671124010,216.209000000,18.866642235
44.683447693,216.276000000,18.859604055
44.695734894,216.343000000,18.852578963
44.707985146,216.410000000,18.845567047
44.720197986,216.477000000,18.838568395
44.732372948,216.544000000,18.831583097
44.744509568,216.611000000,18.824611240
44.756607380,216.678000000,18.817652913
44.768665920,216.745000000,18.810708205
44.780684723,216.812000000,18.803777203
44.792663323,216.879000000,18.796859997
44.804601256,216.946000000,18.789956675
44.816498057,217.013000000,18.783067326
44.828353261,217.080000000,18.776192037
44.840166404,217.147000000,18.769330898
44.851937019,217.214000000,18.762483996
44.863664642,217.281000000,18.755651421
44.875348809,217.348000000,18.748833260
44.886989054,217.415000000,18.742029603
44.898584912,217.482000000,18.735240537
44.910135919,217.549000000,18.728466152
44.921641609,217.616000000,18.721706535
44.933101518,217.683000000,18.714961776
44.944515180,217.750000000,18.708231962
44.955882132,217.817000000,18.701517182
44.967201907,217.884000000,18.694817525
44.978474041,217.951000000,18.688133079
44.989698069,218.018000000,18.681463932
45.000873526,218.085000000,18.674810174
45.011999947,218.152000000,18.668171892
45.023076867,218.219000000,18.661549175
45.034103822,218.286000000,18.654942111
45.045080345,218.353000000,18.648350789
45.056005974,218.420000000,18.641775298
45.066880241,218.487000000,18.635215725
45.077702683,218.554000000,18.628672160
45.088472835,218.621000000,18.622144690
45.099190232,218.688000000,18.615633405
45.109854408,218.755000000,18.609138393
45.120464899,218.822000000,18.602659742
45.131021240,218.889000000,18.596197541
45.141522965,218.956000000,18.589751877
45.151969611,219.023000000,18.583322841
45.162360712,219.090000000,18.576910519
45.172695803,219.157000000,18.570515002
45.182974419,219.224000000,18.564136376
45.193196096,219.291000000,18.557774731
45.203360368,219.358000000,18.551430155
45.213466770,219.425000000,18.545102736
45.223514838,219.492000000,18.538792564
45.233504107,219.559000000,18.532499726
45.243434111,219.626000000,18.526224311
45.253304386,219.693000000,18.519966407
45.263114466,219.760000000,18.513726103
45.272863892,219.827000000,18.507503493
45.282552222,219.894000000,18.501298693
45.292179017,219.961000000,18.495111825
45.301743840,220.028000000,18.488943010
45.311246253,220.095000000,18.482792370
45.320685820,220.162000000,18.476660027
45.330062101,220.229000000,18.470546102
45.339374660,220.296000000,18.464450717
45.348623059,220.363000000,18.458373994
45.357806861,220.430000000,18.452316053
45.366925627,220.497000000,18.446277018
45.375978920,220.564000000,18.440257009
45.384966303,220.631000000,18.434256148
45.393887338,220.698000000,18.428274557
45.402741587,220.765000000,18.422312357
45.411528613,220.832000000,18.416369671
45.420247978,220.899000000,18.410446619
45.428899244,220.966000000,18.404543324
45.437481974,221.033000000,18.398659906
45.445995731,221.100000000,18.392796489
45.454440076,221.167000000,18.386953193
45.462814573,221.234000000,18.381130139
45.471118782,221.301000000,18.375327451
45.479352268,221.368000000,18.369545248
45.487514592,221.435000000,18.363783654
45.495605316,221.502000000,18.358042789
45.503624003,221.569000000,18.352322775
45.511570216,221.636000000,18.346623735
45.519443517,221.703000000,18.340945788
45.527243467,221.770000000,18.335289058
45.534969631,221.837000000,18.329653666
45.542621569,221.904000000,18.324039733
45.550198844,221.971000000,18.318447382
45.557701020,222.038000000,18.312876733
45.565127657,222.105000000,18.307327909
45.572478319,222.172000000,18.301801030
45.579752568,222.239000000,18.296296219
45.586949966,222.306000000,18.290813598
45.594070075,222.373000000,18.285353288
45.601112459,222.440000000,18.279915410
45.608076679,222.507000000,18.274500087
45.614962298,222.574000000,18.269107439
45.621768879,222.641000000,18.263737590
45.628495982,222.708000000,18.258390659
45.635143172,222.775000000,18.253066769
45.641710011,222.842000000,18.247766042
45.648196060,222.909000000,18.242488599
45.654600882,222.976000000,18.237234562
45.660924040,223.043000000,18.232004053
45.667165096,223.110000000,18.226797192
45.673323612,223.177000000,18.221614102
45.679399151,223.244000000,18.216454905
45.685391275,223.311000000,18.211319722
45.691299546,223.378000000,18.206208675
45.697123528,223.445000000,18.201121885
45.702862781,223.512000000,18.196059473
45.708516870,223.579000000,18.191021563
45.714085355,223.646000000,18.186008275
45.719567800,223.713000000,18.181019731
45.724963767,223.780000000,18.176056053
45.730272818,223.847000000,18.171117361
45.735494515,223.914000000,18.166203779
45.740628422,223.981000000,18.161315427
45.745674100,224.048000000,18.156452428
45.750631112,224.115000000,18.151614902
45.755499020,224.182000000,18.146802972
45.760277387,224.249000000,18.142016759
45.764965774,224.316000000,18.137256385
45.769563745,224.383000000,18.132521971
45.774070862,224.450000000,18.127813640
45.778486687,224.517000000,18.123131512
45.782810782,224.584000000,18.118475709
45.787042711,224.651000000,18.113846354
45.791182034,224.718000000,18.109243567
45.795228315,224.785000000,18.104667471
45.799181117,224.852000000,18.100118187
45.803040001,224.919000000,18.095595836
45.806804529,224.986000000,18.091100540
45.810474265,225.053000000,18.086632422
45.814048771,225.120000000,18.082191602
45.817527609,225.187000000,18.077778202
45.820910341,225.254000000,18.073392344
45.824196530,225.321000000,18.069034150
45.827385738,225.388000000,18.064703741
45.830477527,225.455000000,18.060401239
45.833471461,225.522000000,18.056126765
45.836367101,225.589000000,18.051880441
45.839164010,225.656000000,18.047662389
45.841861750,225.723000000,18.043472731
45.844459883,225.790000000,18.039311587
45.846957972,225.857000000,18.035179080
45.849355580,225.924000000,18.031075332
45.851652269,225.991000000,18.027000464
45.853847600,226.058000000,18.022954597
45.855941137,226.125000000,18.018937854
45.857932442,226.192000000,18.014950355
45.859821077,226.259000000,18.010992223
45.861606605,226.326000000,18.007063580
45.863288588,226.393000000,18.003164546
45.864866588,226.460000000,17.999295244
45.866340168,226.527000000,17.995455795
45.867708890,226.594000000,17.991646321
45.868972317,226.661000000,17.987866943
45.870130011,226.728000000,17.984117784
45.871181534,226.795000000,17.980398964
45.872126449,226.862000000,17.976710606
45.872964319,226.929000000,17.973052830
45.873694704,226.996000000,17.969425760
45.874317169,227.063000000,17.965829516
45.874831275,227.130000000,17.962264220
45.875236585,227.197000000,17.958729994
45.875532661,227.264000000,17.955226958
45.875719065,227.331000000,17.951755236
45.875795360,227.398000000,17.948314949
45.875761109,227.465000000,17.944906218
45.875615873,227.532000000,17.941529165
45.875359215,227.599000000,17.938183911
45.874990698,227.666000000,17.934870578
45.874509883,227.733000000,17.931589289
45.873916334,227.800000000,17.928340164
45.873209612,227.867000000,17.925123325
45.872389281,227.934000000,17.921938894
45.871454902,228.001000000,17.918786992
45.870406037,228.068000000,17.915667741
45.869242250,228.135000000,17.912581264
45.867963102,228.202000000,17.909527680
45.866568156,228.269000000,17.906507113
45.865056975,228.336000000,17.903519683
45.863429120,228.403000000,17.900565513
45.861684155,228.470000000,17.897644723
45.859821640,228.537000000,17.894757437
45.857841140,228.604000000,17.891903774
45.855742216,228.671000000,17.889083858
45.853524431,228.738000000,17.886297809
45.851187347,228.805000000,17.883545749
45.848730526,228.872000000,17.880827801
45.846153532,228.939000000,17.878144084
45.843455925,229.006000000,17.875494722
45.840637269,229.073000000,17.872879836
45.837697126,229.140000000,17.870299547
45.834635058,229.207000000,17.867753978
45.831450629,229.274000000,17.865243249
45.828143399,229.341000000,17.862767483
45.824712932,229.408000000,17.860326800
45.821158790,229.475000000,17.857921323
45.817480535,229.542000000,17.855551174
45.813677731,229.609000000,17.853216474
45.809749938,229.676000000,17.850917344
45.805696719,229.743000000,17.848653907
45.801517638,229.810000000,17.846426284
45.797212256,229.877000000,17.844234596
45.792780136,229.944000000,17.842078965
45.788220839,230.011000000,17.839959514
45.783533930,230.078000000,17.837876363
45.778718969,230.145000000,17.835829634
45.773775519,230.212000000,17.833819449
45.768703143,230.279000000,17.831845930
45.763501403,230.346000000,17.829909197
45.758169861,230.413000000,17.828009374
45.752708080,230.480000000,17.826146581
45.747115623,230.547000000,17.824320939
45.741392051,230.614000000,17.822532572
45.735536927,230.681000000,17.820781600
45.729549813,230.748000000,17.819068145
45.723430272,230.815000000,17.817392329
45.717177866,230.882000000,17.815754273
45.710792158,230.949000000,17.814154099
45.704272709,231.016000000,17.812591929
45.697619083,231.083000000,17.811067884
45.690830842,231.150000000,17.809582086
45.683907548,231.217000000,17.808134657
45.676848763,231.284000000,17.806725717
45.669654050,231.351000000,17.805355390
45.662322972,231.418000000,17.804023796
45.654855090,231.485000000,17.802731057
45.647249967,231.552000000,17.801477295
45.639507165,231.619000000,17.800262632
45.631626248,231.686000000,17.799087188
45.623606776,231.753000000,17.797951087
45.615448313,231.820000000,17.796854449
45.607150421,231.887000000,17.795797395
45.598712663,231.954000000,17.794780049
45.590134600,232.021000000,17.793802531
45.581415796,232.088000000,17.792864963
45.572555812,232.155000000,17.791967466
45.563554210,232.222000000,17.791110163
45.554410555,232.289000000,17.790293175
45.545124407,232.356000000,17.789516623
45.535695329,232.423000000,17.788780630
45.526122883,232.490000000,17.788085316
45.516406633,232.557000000,17.787430804
45.506546139,232.624000000,17.786817216
45.496540966,232.691000000,17.786244672
45.486390674,232.758000000,17.785713294
45.476094827,232.825000000,17.785223205
45.465652987,232.892000000,17.784774525
45.455064715,232.959000000,17.784367377
45.444329576,233.026000000,17.784001882
45.433447131,233.093000000,17.783678161
45.422416941,233.160000000,17.783396337
45.411238571,233.227000000,17.783156531
45.399911582,233.294000000,17.782958865
45.388435536,233.361000000,17.782803460
45.376809997,233.428000000,17.782690438
45.365034525,233.495000000,17.782619921
45.353108685,233.562000000,17.782592029
45.341032037,233.629000000,17.782606886
45.328804145,233.696000000,17.782664612
45.316424571,233.763000000,17.782765330
45.303892878,233.830000000,17.782909160
45.291208627,233.897000000,17.783096225
45.278371381,233.964000000,17.783326646
45.265380702,234.031000000,17.783600545
45.252236153,234.098000000,17.783918043
45.238937297,234.165000000,17.784279262
45.225483695,234.232000000,17.784684324
45.211874910,234.299000000,17.785133350
45.198110505,234.366000000,17.785626463
45.184190041,234.433000000,17.786163783
45.170113081,234.500000000,17.786745433
45.155879188,234.567000000,17.787371533
45.141487924,234.634000000,17.788042206
45.126938852,234.701000000,17.788757573
45.112231533,234.768000000,17.789517757
45.097365530,234.835000000,17.790322877
45.082340406,234.902000000,17.791173058
45.067155723,234.969000000,17.792068418
45.051811043,235.036000000,17.793009082
45.036305928,235.103000000,17.793995169
45.020639942,235.170000000,17.795026803
45.004812646,235.237000000,17.796104104
44.988823603,235.304000000,17.797227194
44.972672376,235.371000000,17.798396195
44.956358526,235.438000000,17.799611228
44.939881616,235.505000000,17.800872415
44.923241208,235.572000000,17.802179878
44.906436865,235.639000000,17.803533738
44.889468150,235.706000000,17.804934117
44.872334624,235.773000000,17.806381137
44.855035849,235.840000000,17.807874920
44.837571794,235.907000000,17.809415477
44.819944037,235.974000000,17.811002388
44.802154566,236.041000000,17.812635122
44.784205366,236.108000000,17.814313149
44.766098421,236.175000000,17.816035938
44.747835717,236.242000000,17.817802959
44.729419239,236.309000000,17.819613681
44.710850974,236.376000000,17.821467574
44.692132905,236.443000000,17.823364108
44.673267019,236.510000000,17.825302752
44.654255301,236.577000000,17.827282976
44.635099736,236.644000000,17.829304248
44.615802310,236.711000000,17.831366040
44.596365007,236.778000000,17.833467820
44.576789814,236.845000000,17.835609059
44.557078715,236.912000000,17.837789224
44.537233696,236.979000000,17.840007787
44.517256743,237.046000000,17.842264217
44.497149840,237.113000000,17.844557983
44.476914973,237.180000000,17.846888555
44.456554127,237.247000000,17.849255403
44.436069288,237.314000000,17.851657995
44.415462441,237.381000000,17.854095802
44.394735571,237.448000000,17.856568294
44.373890664,237.515000000,17.859074939
44.352929705,237.582000000,17.861615207
44.331854680,237.649000000,17.864188568
44.310667573,237.716000000,17.866794492
44.289370370,237.783000000,17.869432448
44.267965057,237.850000000,17.872101906
44.246453618,237.917000000,17.874802335
44.224838040,237.984000000,17.877533205
44.203120307,238.051000000,17.880293985
44.181302405,238.118000000,17.883084145
44.159386319,238.185000000,17.885903154
44.137374035,238.252000000,17.888750483
44.115267537,238.319000000,17.891625601
44.093068812,238.386000000,17.894527976
44.070779844,238.453000000,17.897457080
44.048402619,238.520000000,17.900412381
44.025939123,238.587000000,17.903393349
44.003391340,238.654000000,17.906399453
43.980761255,238.721000000,17.909430164
43.958050856,238.788000000,17.912484951
43.935262126,238.855000000,17.915563282
43.912397051,238.922000000,17.918664629
43.889457616,238.989000000,17.921788460
43.866445807,239.056000000,17.924934245
43.843363609,239.123000000,17.928101454
43.820213007,239.190000000,17.931289556
43.796995987,239.257000000,17.934498021
43.773714534,239.324000000,17.937726318
43.750370634,239.391000000,17.940973917
43.726966271,239.458000000,17.944240288
43.703503431,239.525000000,17.947524899
43.679984100,239.592000000,17.950827222
43.656410263,239.659000000,17.954146724
43.632783905,239.726000000,17.957482877
43.609107011,239.793000000,17.960835148
43.585381568,239.860000000,17.964203009
43.561609559,239.927000000,17.967585928
43.537792971,239.994000000,17.970983375
43.513933789,240.061000000,17.974394820
43.490033998,240.128000000,17.977819733
43.466095584,240.195000000,17.981257582
43.442120531,240.262000000,17.984707837
43.418110826,240.329000000,17.988169969
43.394068454,240.396000000,17.991643446
43.369995400,240.463000000,17.995127738
43.345893648,240.530000000,17.998622315
43.321765186,240.597000000,18.002126646
43.297611998,240.664000000,18.005640202
43.273436069,240.731000000,18.009162450
43.249239384,240.798000000,18.012692862
43.225023930,240.865000000,18.016230906
43.200791691,240.932000000,18.019776053
43.176544653,240.999000000,18.023327771
43.152284801,241.066000000,18.026885530
43.128014120,241.133000000,18.030448801
43.103734597,241.200000000,18.034017052
43.079447990,241.267000000,18.037589757
43.055155161,241.334000000,18.041166407
43.030856746,241.401000000,18.044746496
43.006553379,241.468000000,18.048329520
42.982245697,241.535000000,18.051914973
42.957934335,241.602000000,18.055502349
42.933619929,241.669000000,18.059091144
42.909303114,241.736000000,18.062680853
42.884984526,241.803000000,18.066270969
42.860664800,241.870000000,18.069860987
42.836344572,241.937000000,18.073450403
42.812024478,242.004000000,18.077038712
42.787705153,242.071000000,18.080625407
42.763387232,242.138000000,18.084209983
42.739071352,242.205000000,18.087791936
42.714758148,242.272000000,18.091370760
42.690448256,242.339000000,18.094945950
42.666142311,242.406000000,18.098517000
42.641840948,242.473000000,18.102083405
42.617544804,242.540000000,18.105644661
42.593254513,242.607000000,18.109200261
42.568970712,242.674000000,18.112749700
42.544694036,242.741000000,18.116292474
42.520425121,242.808000000,18.119828076
42.496164602,242.875000000,18.123356002
42.471913114,242.942000000,18.126875747
42.447671294,243.009000000,18.130386804
42.423439777,243.076000000,18.133888669
42.399219199,243.143000000,18.137380837
42.375010194,243.210000000,18.140862802
42.350813400,243.277000000,18.144334059
42.326629451,243.344000000,18.147794103
42.302458982,243.411000000,18.151242428
42.278302631,243.478000000,18.154678530
42.254161031,243.545000000,18.158101902
42.230034819,243.612000000,18.161512040
42.205924630,243.679000000,18.164908438
42.181831100,243.746000000,18.168290592
42.157754864,243.813000000,18.171657995
42.133696559,243.880000000,18.175010143
42.109656819,243.947000000,18.178346530
42.085636280,244.014000000,18.181666651
42.061635578,244.081000000,18.184970001
42.037655348,244.148000000,18.188256075
42.013696226,244.215000000,18.191524366
41.989758848,244.282000000,18.194774371
41.965843849,244.349000000,18.198005583
41.941951864,244.416000000,18.201217498
41.918083530,244.483000000,18.204409610
41.894239482,244.550000000,18.207581414
41.870420355,244.617000000,18.210732404
41.846626785,244.684000000,18.213862076
41.822859408,244.751000000,18.216969923
41.799118859,244.818000000,18.220055442
41.775405774,244.885000000,18.223118126
41.751720788,244.952000000,18.226157470
41.728064537,245.019000000,18.229172970
41.704437657,245.086000000,18.232164119
41.680840783,245.153000000,18.235130412
41.657274551,245.220000000,18.238071345
41.633739596,245.287000000,18.240986411
41.610236553,245.354000000,18.243875107
41.586766060,245.421000000,18.246736925
41.563328750,245.488000000,18.249571362
41.539925260,245.555000000,18.252377912
41.516556225,245.622000000,18.255156069
41.493222282,245.689000000,18.257905328
41.469924064,245.756000000,18.260625185
41.446662209,245.823000000,18.263315133
41.423437351,245.890000000,18.265974668
41.400250126,245.957000000,18.268603283
41.377101170,246.024000000,18.271200475
41.353991119,246.091000000,18.273765738
41.330920607,246.158000000,18.276298566
41.307890271,246.225000000,18.278798454
41.284900746,246.292000000,18.281264897
41.261952667,246.359000000,18.283697390
41.239046671,246.426000000,18.286095427
41.216183393,246.493000000,18.288458503
41.193363468,246.560000000,18.290786112
41.170587533,246.627000000,18.293077751
41.147856222,246.694000000,18.295332912
41.125170171,246.761000000,18.297551092
41.102530016,246.828000000,18.299731784
41.079936392,246.895000000,18.301874484
41.057389935,246.962000000,18.303978686
41.034891281,247.029000000,18.306043885
41.012441065,247.096000000,18.308069575
40.990039923,247.163000000,18.310055252
40.967688490,247.230000000,18.312000410
40.945387402,247.297000000,18.313904544
40.923137294,247.364000000,18.315767149
40.900938803,247.431000000,18.317587718
40.878792563,247.498000000,18.319365748
40.856699210,247.565000000,18.321100733
40.834659380,247.632000000,18.322792167
40.812673709,247.699000000,18.324439545
40.790742831,247.766000000,18.326042362
40.768867384,247.833000000,18.327600113
40.747048001,247.900000000,18.329112292
40.725285319,247.967000000,18.330578394
40.703579974,248.034000000,18.331997915
40.681932600,248.101000000,18.333370348
40.660343834,248.168000000,18.334695188
40.638814311,248.235000000,18.335971930
40.617344667,248.302000000,18.337200069
40.595935537,248.369000000,18.338379100
40.574587557,248.436000000,18.339508517
40.553301362,248.503000000,18.340587815
40.532077588,248.570000000,18.341616488
40.510916871,248.637000000,18.342594032
40.489819846,248.704000000,18.343519942
40.468787149,248.771000000,18.344393711
40.447819415,248.838000000,18.345214835
40.426917281,248.905000000,18.345982808
40.406081381,248.972000000,18.346697125
40.385312351,249.039000000,18.347357281
40.364610826,249.106000000,18.347962771
40.343977443,249.173000000,18.348513089
40.323412837,249.240000000,18.349007730
40.302917644,249.307000000,18.349446189
40.282492498,249.374000000,18.349827960
40.262138036,249.441000000,18.350152538
40.241854893,249.508000000,18.350419419
40.221643706,249.575000000,18.350628096
40.201505108,249.642000000,18.350778064
40.181439737,249.709000000,18.350868819
40.161448227,249.776000000,18.350899855
40.141531214,249.843000000,18.350870666
40.121689334,249.910000000,18.350780747
40.101923223,249.977000000,18.350629594
40.082233515,250.044000000,18.350416700
40.062620847,250.111000000,18.350141561
40.043085854,250.178000000,18.349803671
40.023629172,250.245000000,18.349402526
40.004251436,250.312000000,18.348937619
39.984953281,250.379000000,18.348408445
39.965735345,250.446000000,18.347814499
39.946598261,250.513000000,18.347155277
39.927542666,250.580000000,18.346430272
39.908569195,250.647000000,18.345638979
39.889678484,250.714000000,18.344780894
39.870871168,250.781000000,18.343855510
39.852147883,250.848000000,18.342862323
39.833509265,250.915000000,18.341800828
39.814955949,250.982000000,18.340670518
39.796488570,251.049000000,18.339470889
39.778107765,251.116000000,18.338201436
39.759814169,251.183000000,18.336861652
39.741608417,251.250000000,18.335451034
39.723491146,251.317000000,18.333969075
39.705462990,251.384000000,18.332415271
39.687524585,251.451000000,18.330789116
39.669676567,251.518000000,18.329090105
39.651919572,251.585000000,18.327317733
39.634254234,251.652000000,18.325471493
39.616681190,251.719000000,18.323550882
39.599201075,251.786000000,18.321555394
39.581814525,251.853000000,18.319484523
39.564522176,251.920000000,18.317337765
39.547324662,251.987000000,18.315114613
39.530222620,252.054000000,18.312814563
39.513216684,252.121000000,18.310437110
39.496307492,252.188000000,18.307981748
39.479495678,252.255000000,18.305447971
39.462781877,252.322000000,18.302835276
39.446166726,252.389000000,18.300143156
39.429650861,252.456000000,18.297371105
39.413234915,252.523000000,18.294518620
39.396919526,252.590000000,18.291585194
39.380705329,252.657000000,18.288570323
39.364592959,252.724000000,18.285473501
39.348583052,252.791000000,18.282294222
39.332676244,252.858000000,18.279031982
39.316873169,252.925000000,18.275686275
39.301174465,252.992000000,18.272256596
39.285580766,253.059000000,18.268742440
39.270092707,253.126000000,18.265143301
39.254710925,253.193000000,18.261458674
39.239436056,253.260000000,18.257688054
39.224268733,253.327000000,18.253830936
39.209209594,253.394000000,18.249886814
39.194259274,253.461000000,18.245855183
39.179418409,253.528000000,18.241735538
39.164687633,253.595000000,18.237527374
39.150067583,253.662000000,18.233230184
39.135558894,253.729000000,18.228843465
39.121162201,253.796000000,18.224366710
39.106878142,253.863000000,18.219799415
39.092707350,253.930000000,18.215141075
39.078650461,253.997000000,18.210391183
39.064708112,254.064000000,18.205549234
39.050880937,254.131000000,18.200614724
39.037169573,254.198000000,18.195587147
39.023574654,254.265000000,18.190465998
39.010096817,254.332000000,18.185250772
38.996736697,254.399000000,18.179940963
38.983494929,254.466000000,18.174536066
38.970372150,254.533000000,18.169035575
38.957368994,254.600000000,18.163438986
38.944486098,254.667000000,18.157745794
38.931724097,254.734000000,18.151955492
38.919083626,254.801000000,18.146067576
38.906565322,254.868000000,18.140081541
38.894169819,254.935000000,18.133996880
38.881897754,255.002000000,18.127813090
38.869749761,255.069000000,18.121529664
38.857726477,255.136000000,18.115146097
38.845828537,255.203000000,18.108661884
38.834056576,255.270000000,18.102076521
38.822411231,255.337000000,18.095389500
38.810893137,255.404000000,18.088600319
38.799502929,255.471000000,18.081708470
38.788241243,255.538000000,18.074713448
38.777108714,255.605000000,18.067614750
38.766105979,255.672000000,18.060411868
38.755233672,255.739000000,18.053104298
38.744492430,255.806000000,18.045691535
38.733882888,255.873000000,18.038173074
38.723405681,255.940000000,18.030548408
38.713061445,256.007000000,18.022809302
38.702850816,256.074000000,18.014917353
38.692774430,256.141000000,18.006828501
38.682832921,256.208000000,17.998500914
38.673026925,256.275000000,17.989894961
38.663357079,256.342000000,17.980973167
38.653824017,256.409000000,17.971700190
38.644428376,256.476000000,17.962042776
38.635170790,256.543000000,17.951969733
38.626051895,256.610000000,17.941451888
38.617072328,256.677000000,17.930462058
38.608232723,256.744000000,17.918975012
38.599533716,256.811000000,17.906967436
38.590975943,256.878000000,17.894417897
38.582560039,256.945000000,17.881306806
38.574286640,257.012000000,17.867616388
38.566156381,257.079000000,17.853330639
38.558169899,257.146000000,17.838435291
38.550327828,257.213000000,17.822917783
38.542630805,257.280000000,17.806767215
38.535073147,257.347000000,17.789974619
38.527623908,257.414000000,17.772533820
38.520245824,257.481000000,17.754440483
38.512901629,257.548000000,17.735691775
38.505554060,257.615000000,17.716286322
38.498165852,257.682000000,17.696224167
38.490699741,257.749000000,17.675506737
38.483118463,257.816000000,17.654136794
38.475384753,257.883000000,17.632118400
38.467461348,257.950000000,17.609456874
38.459310982,258.017000000,17.586158754
38.450896391,258.084000000,17.562231751
38.442180312,258.151000000,17.537684714
38.433125480,258.218000000,17.512527586
38.423694631,258.285000000,17.486771366
38.413850500,258.352000000,17.460428065
38.403555822,258.419000000,17.433510667
38.392773335,258.486000000,17.406033089
38.381465773,258.553000000,17.378010143
38.369595872,258.620000000,17.349457490
38.357126368,258.687000000,17.320391605
38.344019996,258.754000000,17.290829736
38.330239493,258.821000000,17.260789864
38.315747593,258.888000000,17.230290662
38.300507033,258.955000000,17.199351462
38.284480549,259.022000000,17.167992207
38.267630875,259.089000000,17.136233419
38.249920748,259.156000000,17.104096162
38.231312904,259.223000000,17.071601996
38.211770077,259.290000000,17.038772948
38.191255005,259.357000000,17.005631471
38.169730422,259.424000000,16.972200406
38.147159064,259.491000000,16.938502949
38.123503667,259.558000000,16.904562611
38.098726967,259.625000000,16.870403186
38.072791699,259.692000000,16.836048711
38.045660599,259.759000000,16.801523439
38.017296403,259.826000000,16.766851795
37.987661846,259.893000000,16.732058350
37.956719664,259.960000000,16.697167785
37.924432593,260.027000000,16.662204856
37.890763369,260.094000000,16.627194366
37.855674726,260.161000000,16.592161129
37.819129402,260.228000000,16.557129942
37.781090131,260.295000000,16.522125552
37.741519650,260.362000000,16.487172628
37.700380694,260.429000000,16.452295731
37.657635998,260.496000000,16.417519281
37.613248299,260.563000000,16.382867537
37.567180332,260.630000000,16.348364563
37.519394832,260.697000000,16.314034200
37.469854536,260.764000000,16.279900047
37.418522180,260.831000000,16.245985426
37.365360498,260.898000000,16.212313364
37.310332227,260.965000000,16.178906565
37.253400102,261.032000000,16.145787388
37.194526859,261.099000000,16.112977822
37.133675234,261.166000000,16.080499466
37.070807963,261.233000000,16.048373505
37.005887780,261.300000000,16.016620692
36.938877422,261.367000000,15.985261324
36.869739625,261.434000000,15.954315226
36.798437124,261.501000000,15.923801731
36.724932655,261.568000000,15.893739660
36.649188953,261.635000000,15.864147309
36.571168755,261.702000000,15.835042427
36.490834796,261.769000000,15.806442206
36.408149812,261.836000000,15.778363263
36.323076538,261.903000000,15.750821623
36.235577710,261.970000000,15.723832713
36.145616063,262.037000000,15.697411341
36.053154335,262.104000000,15.671571690
35.958155259,262.171000000,15.646327306
35.860581573,262.238000000,15.621691083
35.760396011,262.305000000,15.597675260
35.657561309,262.372000000,15.574291408
35.552040204,262.439000000,15.551550424
35.443795430,262.506000000,15.529462523
35.332789723,262.573000000,15.508037230
35.218985820,262.640000000,15.487283379
35.102346455,262.707000000,15.467209104
34.982834365,262.774000000,15.447821836
34.860412285,262.841000000,15.429128302
34.735042951,262.908000000,15.411134519
34.606689099,262.975000000,15.393845795
34.475313464,263.042000000,15.377266730
34.340878782,263.109000000,15.361401209
34.203347788,263.176000000,15.346252412
34.062683219,263.243000000,15.331822808
33.918847811,263.310000000,15.318114163
33.771804298,263.377000000,15.305127540
33.621515416,263.444000000,15.292863302
33.467943902,263.511000000,15.281321121
33.311052490,263.578000000,15.270499980
33.150803918,263.645000000,15.260398181
32.987160919,263.712000000,15.251013350
32.820086231,263.779000000,15.242342449
32.649542588,263.846000000,15.234381781
32.475492726,263.913000000,15.227127001
32.297899382,263.980000000,15.220573124
32.116725291,264.047000000,15.214714539
31.931933188,264.114000000,15.209545021
31.743485809,264.181000000,15.205057738
31.551345890,264.248000000,15.201245271
31.355476167,264.315000000,15.198099624
31.155839375,264.382000000,15.195612239
30.952398250,264.449000000,15.193774011
30.745115528,264.516000000,15.192575305
30.533953944,264.583000000,15.192005973
30.318876234,264.650000000,15.192055369
30.099845134,264.717000000,15.192712372
29.876823380,264.784000000,15.193965396
29.649773707,264.851000000,15.195802420
29.418658850,264.918000000,15.198210999
29.183441546,264.985000000,15.201178290
28.944084531,265.052000000,15.204691071
28.700550540,265.119000000,15.208735765
28.452802308,265.186000000,15.213298459
28.200802572,265.253000000,15.218364929
27.944514066,265.320000000,15.223920665
27.683899528,265.387000000,15.229950894
27.418921692,265.454000000,15.236440603
27.149543295,265.521000000,15.243374567
26.875727071,265.588000000,15.250737374
26.597435757,265.655000000,15.258513452
26.314632088,265.722000000,15.266687093
26.027278800,265.789000000,15.275242485
25.735338629,265.856000000,15.284163734
25.438774310,265.923000000,15.293434898
25.137548579,265.990000000,15.303040013
24.831624172,266.057000000,15.312963123
24.520963825,266.124000000,15.323188307
24.205530273,266.191000000,15.333699712
23.885286252,266.258000000,15.344481583
23.560194497,266.325000000,15.355518293
23.230217745,266.392000000,15.366794374
22.895318730,266.459000000,15.378294546
22.555460190,266.526000000,15.390003755
22.210604858,266.593000000,15.401907200
21.860715472,266.660000000,15.413990365
21.505803239,266.727000000,15.426239046
21.146073252,266.794000000,15.438639369
20.781779078,266.861000000,15.451177856
20.413174282,266.928000000,15.463841468
20.040512431,266.995000000,15.476617630
19.664047091,267.062000000,15.489494257
19.284031827,267.129000000,15.502459788
18.900720206,267.196000000,15.515503213
18.514365794,267.263000000,15.528614103
18.125222155,267.330000000,15.541782642
17.733542857,267.397000000,15.554999664
17.339581466,267.464000000,15.568256676
16.943591547,267.531000000,15.581545903
16.545826666,267.598000000,15.594860316
16.146540389,267.665000000,15.608193671
15.745986283,267.732000000,15.621540543
15.344417913,267.799000000,15.634896369
14.942088845,267.866000000,15.648257484
14.539252645,267.933000000,15.661621159
14.136162879,268.000000000,15.674985647
