x,y,z
7.055000199,0.000000000,9.014344650
7.164901812,0.067000000,9.007673179
7.274800323,0.134000000,9.001002615
7.384692629,0.201000000,8.994335112
7.494575629,0.268000000,8.987674140
7.604446220,0.335000000,8.981024449
7.714301301,0.402000000,8.974392022
7.824137769,0.469000000,8.967784039
7.933952522,0.536000000,8.961208826
8.043742457,0.603000000,8.954675818
8.153504474,0.670000000,8.948195512
8.263235469,0.737000000,8.941779426
8.372932340,0.804000000,8.935440050
8.482591986,0.871000000,8.929190807
8.592211303,0.938000000,8.923046006
8.701787191,1.005000000,8.917020798
8.811316547,1.072000000,8.911131128
8.920796268,1.139000000,8.905393697
9.030223253,1.206000000,8.899825909
9.139594399,1.273000000,8.894445834
9.248906605,1.340000000,8.889272155
9.358156767,1.407000000,8.884324132
9.467341785,1.474000000,8.879621548
9.576458555,1.541000000,8.875184671
9.685503977,1.608000000,8.871034209
9.794474946,1.675000000,8.867191260
9.903368362,1.742000000,8.863677275
10.012181123,1.809000000,8.860514008
10.120910125,1.876000000,8.857723477
10.229552268,1.943000000,8.855327917
10.338104448,2.010000000,8.853349738
10.446563564,2.077000000,8.851811484
10.554926514,2.144000000,8.850735785
10.663190194,2.211000000,8.850145322
10.771351505,2.278000000,8.850062780
10.879407342,2.345000000,8.850510807
10.987354604,2.412000000,8.851511977
11.095190189,2.479000000,8.853088742
11.202910995,2.546000000,8.855263402
11.310513919,2.613000000,8.858058056
11.417995860,2.680000000,8.861494568
11.525353715,2.747000000,8.865594527
11.632584382,2.814000000,8.870379210
11.739684759,2.881000000,8.875869544
11.846651744,2.948000000,8.882086069
11.953482235,3.015000000,8.889048903
12.060173129,3.082000000,8.896777703
12.166721324,3.149000000,8.905291635
12.273123719,3.216000000,8.914609337
12.379377210,3.283000000,8.924748885
12.485478697,3.350000000,8.935727762
12.591425077,3.417000000,8.947562824
12.697213247,3.484000000,8.960270272
12.802840106,3.551000000,8.973865614
12.908302551,3.618000000,8.988363646
13.013597480,3.685000000,9.003778412
13.118721792,3.752000000,9.020123184
13.223672383,3.819000000,9.037410429
13.328446152,3.886000000,9.055651785
13.433039997,3.953000000,9.074858034
13.537450816,4.020000000,9.095039079
13.641675505,4.087000000,9.116203916
13.745710964,4.154000000,9.138360616
13.849554090,4.221000000,9.161516296
13.953201781,4.288000000,9.185677102
14.056650935,4.355000000,9.210848189
14.159898450,4.422000000,9.237033698
14.262941223,4.489000000,9.264236736
14.365776152,4.556000000,9.292459365
14.468400136,4.623000000,9.321702577
14.570810071,4.690000000,9.351966283
14.673002857,4.757000000,9.383249293
14.774975390,4.824000000,9.415549310
14.876724569,4.891000000,9.448862906
14.978247292,4.958000000,9.483185517
15.079540456,5.025000000,9.518511432
15.180600959,5.092000000,9.554833775
15.281425699,5.159000000,9.592144506
15.382011574,5.226000000,9.630434402
15.482355482,5.293000000,9.669693058
15.582454321,5.360000000,9.709908874
15.682305221,5.427000000,9.751069709
15.781906248,5.494000000,9.793164982
15.881255697,5.561000000,9.836183999
15.980351867,5.628000000,9.880115343
16.079193056,5.695000000,9.924946896
16.177777560,5.762000000,9.970665844
16.276103677,5.829000000,10.017258695
16.374169704,5.896000000,10.064711296
16.471973939,5.963000000,10.113008841
16.569514679,6.030000000,10.162135895
16.666790221,6.097000000,10.212076401
16.763798864,6.164000000,10.262813703
16.860538904,6.231000000,10.314330558
16.957008639,6.298000000,10.366609155
17.053206366,6.365000000,10.419631130
17.149130382,6.432000000,10.473377588
17.244778985,6.499000000,10.527829113
17.340150473,6.566000000,10.582965793
17.435243143,6.633000000,10.638767234
17.530055292,6.700000000,10.695212580
17.624585217,6.767000000,10.752280530
17.718831217,6.834000000,10.809949357
17.812791588,6.901000000,10.868196930
17.906464627,6.968000000,10.927000727
17.999848633,7.035000000,10.986337859
18.092941903,7.102000000,11.046185088
18.185742733,7.169000000,11.106518844
18.278249422,7.236000000,11.167315249
18.370460267,7.303000000,11.228550129
18.462373565,7.370000000,11.290199043
18.553987614,7.437000000,11.352237294
18.645300711,7.504000000,11.414639954
18.736311154,7.571000000,11.477381879
18.827017239,7.638000000,11.540437735
18.917417264,7.705000000,11.603782008
19.007509527,7.772000000,11.667389035
19.097292326,7.839000000,11.731233012
19.186763956,7.906000000,11.795288022
19.275922717,7.973000000,11.859528049
19.364766905,8.040000000,11.923927000
19.453294818,8.107000000,11.988458722
19.541504753,8.174000000,12.053097022
19.629395007,8.241000000,12.117815688
19.716963878,8.308000000,12.182588501
19.804209664,8.375000000,12.247389262
19.891130661,8.442000000,12.312191804
19.977725168,8.509000000,12.376970013
20.063991481,8.576000000,12.441697845
20.149927898,8.643000000,12.506349345
20.235532716,8.710000000,12.570898663
20.320804233,8.777000000,12.635320073
20.405740746,8.844000000,12.699587987
20.490340553,8.911000000,12.763676979
20.574601951,8.978000000,12.827561791
20.658523237,9.045000000,12.891217361
20.742102709,9.112000000,12.954618829
20.825338665,9.179000000,13.017741562
20.908229400,9.246000000,13.080561161
20.990773214,9.313000000,13.143053485
21.072968404,9.380000000,13.205194657
21.154813266,9.447000000,13.266961088
21.236306098,9.514000000,13.328329485
21.317445198,9.581000000,13.389276867
21.398228863,9.648000000,13.449780580
21.478655390,9.715000000,13.509818311
21.558723077,9.782000000,13.569368098
21.638430222,9.849000000,13.628408347
21.717775121,9.916000000,13.686917842
21.796756072,9.983000000,13.744875758
21.875371373,10.050000000,13.802261673
21.953619321,10.117000000,13.859055580
22.031498212,10.184000000,13.915237898
22.109006346,10.251000000,13.970789483
22.186142018,10.318000000,14.025691638
22.262903528,10.385000000,14.079926124
22.339289171,10.452000000,14.133475169
22.415297245,10.519000000,14.186321480
22.490926048,10.586000000,14.238448248
22.566173877,10.653000000,14.289839160
22.641039030,10.720000000,14.340478407
22.715519803,10.787000000,14.390350689
22.789614495,10.854000000,14.439441229
22.863321403,10.921000000,14.487735774
22.936638824,10.988000000,14.535220604
23.009565055,11.055000000,14.581882542
23.082098394,11.122000000,14.627708955
23.154237139,11.189000000,14.672687761
23.225979586,11.256000000,14.716807440
23.297324034,11.323000000,14.760057030
23.368268779,11.390000000,14.802426140
23.438812119,11.457000000,14.843904950
23.508952352,11.524000000,14.884484215
23.578687774,11.591000000,14.924155271
23.648016683,11.658000000,14.962910036
23.716937377,11.725000000,15.000741016
23.785448153,11.792000000,15.037641305
23.853547309,11.859000000,15.073604586
23.921233141,11.926000000,15.108625137
23.988503948,11.993000000,15.142697832
24.055358026,12.060000000,15.175818137
24.121793673,12.127000000,15.207982118
24.187809187,12.194000000,15.239186438
24.253402864,12.261000000,15.269428357
24.318573003,12.328000000,15.298705733
24.383317900,12.395000000,15.327017023
24.447635854,12.462000000,15.354361278
24.511525161,12.529000000,15.380738149
24.574984119,12.596000000,15.406147878
24.638011025,12.663000000,15.430591304
24.700604176,12.730000000,15.454069854
24.762761871,12.797000000,15.476585547
24.824482406,12.864000000,15.498140989
24.885764080,12.931000000,15.518739370
24.946605188,12.998000000,15.538384463
25.007004029,13.065000000,15.557080620
25.066958901,13.132000000,15.574832769
25.126468100,13.199000000,15.591646409
25.185529923,13.266000000,15.607527608
25.244142669,13.333000000,15.622483000
25.302304635,13.400000000,15.636519780
25.360014765,13.467000000,15.649645672
25.417274589,13.534000000,15.661868852
25.474086286,13.601000000,15.673198021
25.530452033,13.668000000,15.683642418
25.586374008,13.735000000,15.693211824
25.641854389,13.802000000,15.701916551
25.696895352,13.869000000,15.709767439
25.751499077,13.936000000,15.716775852
25.805667740,14.003000000,15.722953669
25.859403519,14.070000000,15.728313283
25.912708591,14.137000000,15.732867593
25.965585136,14.204000000,15.736629999
26.018035329,14.271000000,15.739614396
26.070061350,14.338000000,15.741835170
26.121665375,14.405000000,15.743307191
26.172849582,14.472000000,15.744045808
26.223616149,14.539000000,15.744066843
26.273967253,14.606000000,15.743386586
26.323905073,14.673000000,15.742021789
26.373431785,14.740000000,15.739989662
26.422549568,14.807000000,15.737307866
26.471260599,14.874000000,15.733994508
26.519567056,14.941000000,15.730068137
26.567471117,15.008000000,15.725547737
26.614974959,15.075000000,15.720452726
26.662080760,15.142000000,15.714802946
26.708790697,15.209000000,15.708618663
26.755106948,15.276000000,15.701920561
26.801031692,15.343000000,15.694729736
26.846567104,15.410000000,15.687067695
26.891715365,15.477000000,15.678956353
26.936478650,15.544000000,15.670418025
26.980859137,15.611000000,15.661475428
27.024859005,15.678000000,15.652151675
27.068480431,15.745000000,15.642470275
27.111725592,15.812000000,15.632455129
27.154596666,15.879000000,15.622130528
27.197095832,15.946000000,15.611521153
27.239225266,16.013000000,15.600652075
27.280987146,16.080000000,15.589548751
27.322383554,16.147000000,15.578235476
27.363416188,16.214000000,15.566730714
27.404086650,16.281000000,15.555051756
27.444396542,16.348000000,15.543216268
27.484347465,16.415000000,15.531242299
27.523941023,16.482000000,15.519148292
27.563178816,16.549000000,15.506953082
27.602062446,16.616000000,15.494675910
27.640593517,16.683000000,15.482336425
27.678773629,16.750000000,15.469954692
27.716604384,16.817000000,15.457551197
27.754087386,16.884000000,15.445146857
27.791224234,16.951000000,15.432763025
27.828016533,17.018000000,15.420421495
27.864465882,17.085000000,15.408144515
27.900573886,17.152000000,15.395954787
27.936342144,17.219000000,15.383875481
27.971772261,17.286000000,15.371930238
28.006865836,17.353000000,15.360143181
28.041624473,17.420000000,15.348538918
28.076049773,17.487000000,15.337138110
28.110143338,17.554000000,15.325943962
28.143906771,17.621000000,15.314955273
28.177341673,17.688000000,15.304170844
28.210449646,17.755000000,15.293589475
28.243232292,17.822000000,15.283209965
28.275691213,17.889000000,15.273031115
28.307828012,17.956000000,15.263051725
28.339644289,18.023000000,15.253270594
28.371141648,18.090000000,15.243686524
28.402321689,18.157000000,15.234298314
28.433186016,18.224000000,15.225104764
28.463736229,18.291000000,15.216104674
28.493973931,18.358000000,15.207296844
28.523900725,18.425000000,15.198680074
28.553518211,18.492000000,15.190253165
28.582827992,18.559000000,15.182014916
28.611831669,18.626000000,15.173964128
28.640530846,18.693000000,15.166099600
28.668927123,18.760000000,15.158420132
28.697022103,18.827000000,15.150924525
28.724817387,18.894000000,15.143611579
28.752314579,18.961000000,15.136480094
28.779515278,19.028000000,15.129528869
28.806421089,19.095000000,15.122756705
28.833033612,19.162000000,15.116162402
28.859354449,19.229000000,15.109744760
28.885385203,19.296000000,15.103502578
28.911127476,19.363000000,15.097434658
28.936582868,19.430000000,15.091539799
28.961752984,19.497000000,15.085816801
28.986639423,19.564000000,15.080264465
29.011243789,19.631000000,15.074881589
29.035567684,19.698000000,15.069666975
29.059612708,19.765000000,15.064619423
29.083380465,19.832000000,15.059737731
29.106872556,19.899000000,15.055020702
29.130090583,19.966000000,15.050467134
29.153036148,20.033000000,15.046075827
29.175710854,20.100000000,15.041845582
29.198116301,20.167000000,15.037775199
29.220254093,20.234000000,15.033863478
29.242125831,20.301000000,15.030109218
29.263733116,20.368000000,15.026511220
29.285077552,20.435000000,15.023068285
29.306160740,20.502000000,15.019779211
29.326984281,20.569000000,15.016642799
29.347549778,20.636000000,15.013657850
29.367858834,20.703000000,15.010823163
29.387913049,20.770000000,15.008137538
29.407714026,20.837000000,15.005599775
29.427263366,20.904000000,15.003208674
29.446562672,20.971000000,15.000963036
29.465613546,21.038000000,14.998861661
29.484417590,21.105000000,14.996903348
29.502976406,21.172000000,14.995086897
29.521291594,21.239000000,14.993411110
29.539364759,21.306000000,14.991874784
29.557197501,21.373000000,14.990476722
29.574791423,21.440000000,14.989215723
29.592148126,21.507000000,14.988090586
29.609269212,21.574000000,14.987100112
29.626156284,21.641000000,14.986243101
29.642810944,21.708000000,14.985518353
29.659234792,21.775000000,14.984924669
29.675429433,21.842000000,14.984460847
29.691396466,21.909000000,14.984125689
29.707137495,21.976000000,14.983917994
29.722654120,22.043000000,14.983836562
29.737947946,22.110000000,14.983880194
29.753020572,22.177000000,14.984047689
29.767873601,22.244000000,14.984337847
29.782508636,22.311000000,14.984749469
29.796927278,22.378000000,14.985281355
29.811131128,22.445000000,14.985932304
29.825121790,22.512000000,14.986701117
29.838900865,22.579000000,14.987586594
29.852469955,22.646000000,14.988587535
29.865830661,22.713000000,14.989702739
29.878984587,22.780000000,14.990931008
29.891933333,22.847000000,14.992271140
29.904678503,22.914000000,14.993721937
29.917221697,22.981000000,14.995282197
29.929564518,23.048000000,14.996950722
29.941708568,23.115000000,14.998726311
29.953655448,23.182000000,15.000607764
29.965406761,23.249000000,15.002593882
29.976964109,23.316000000,15.004683464
29.988329093,23.383000000,15.006875311
29.999503317,23.450000000,15.009168222
30.010488380,23.517000000,15.011560997
30.021285886,23.584000000,15.014052437
30.031897437,23.651000000,15.016641342
30.042324634,23.718000000,15.019326512
30.052569080,23.785000000,15.022106746
30.062632376,23.852000000,15.024980845
30.072516124,23.919000000,15.027947610
30.082221927,23.986000000,15.031005839
30.091751387,24.053000000,15.034154333
30.101106104,24.120000000,15.037391892
30.110287682,24.187000000,15.040717316
30.119297722,24.254000000,15.044129406
30.128137826,24.321000000,15.047626961
30.136809596,24.388000000,15.051208781
30.145314635,24.455000000,15.054873666
30.153654544,24.522000000,15.058620417
30.161830924,24.589000000,15.062447834
30.169845379,24.656000000,15.066354715
30.177699510,24.723000000,15.070339863
30.185394919,24.790000000,15.074402076
30.192933208,24.857000000,15.078540155
30.200315979,24.924000000,15.082752899
30.207544833,24.991000000,15.087039110
30.214621374,25.058000000,15.091397586
30.221547202,25.125000000,15.095827128
30.228323921,25.192000000,15.100326536
30.234953131,25.259000000,15.104894611
30.241436434,25.326000000,15.109530151
30.247775434,25.393000000,15.114231957
30.253971731,25.460000000,15.118998830
30.260026928,25.527000000,15.123829569
30.265942627,25.594000000,15.128722974
30.271720429,25.661000000,15.133677846
30.277361936,25.728000000,15.138692984
30.282868752,25.795000000,15.143767189
30.288242477,25.862000000,15.148899260
30.293484713,25.929000000,15.154087998
30.298597063,25.996000000,15.159332202
30.303581128,26.063000000,15.164630673
30.308438510,26.130000000,15.169982211
30.313170812,26.197000000,15.175385616
30.317779635,26.264000000,15.180839688
30.322266582,26.331000000,15.186343226
30.326633254,26.398000000,15.191895032
30.330881253,26.465000000,15.197493905
30.335012181,26.532000000,15.203138644
30.339027641,26.599000000,15.208828051
30.342929233,26.666000000,15.214560926
30.346718561,26.733000000,15.220336067
30.350397226,26.800000000,15.226152276
30.353966830,26.867000000,15.232008352
30.357428975,26.934000000,15.237903096
30.360785263,27.001000000,15.243835307
30.364037296,27.068000000,15.249803786
30.367186675,27.135000000,15.255807333
30.370235004,27.202000000,15.261844747
30.373183884,27.269000000,15.267914829
30.376034916,27.336000000,15.274016379
30.378789704,27.403000000,15.280148196
30.381449848,27.470000000,15.286309082
30.384016951,27.537000000,15.292497835
30.386492614,27.604000000,15.298713257
30.388878440,27.671000000,15.304954146
30.391176031,27.738000000,15.311219304
30.393386989,27.805000000,15.317507530
30.395512915,27.872000000,15.323817624
30.397555412,27.939000000,15.330148386
30.399516081,28.006000000,15.336498617
30.401396525,28.073000000,15.342867117
30.403198345,28.140000000,15.349252684
30.404923144,28.207000000,15.355654121
30.406572523,28.274000000,15.362070226
30.408148085,28.341000000,15.368499799
30.409651431,28.408000000,15.374941642
30.411084163,28.475000000,15.381394553
30.412447884,28.542000000,15.387857333
30.413744195,28.609000000,15.394328781
30.414974698,28.676000000,15.400807699
30.416140995,28.743000000,15.407292886
30.417244689,28.810000000,15.413783142
30.418287380,28.877000000,15.420277266
30.419270672,28.944000000,15.426774060
30.420196166,29.011000000,15.433272324
30.421065464,29.078000000,15.439770856
30.421880168,29.145000000,15.446268458
30.422641880,29.212000000,15.452763929
30.423352202,29.279000000,15.459256070
30.424012736,29.346000000,15.465743680
30.424625083,29.413000000,15.472225560
30.425190847,29.480000000,15.478700510
30.425711629,29.547000000,15.485167329
30.426189030,29.614000000,15.491624818
30.426624653,29.681000000,15.498071776
30.427020100,29.748000000,15.504507005
30.427376973,29.815000000,15.510929303
30.427696873,29.882000000,15.517337471
30.427981403,29.949000000,15.523730310
30.428232165,30.016000000,15.530106618
30.428450760,30.083000000,15.536465197
30.428638791,30.150000000,15.542804845
30.428797859,30.217000000,15.549124364
30.428929567,30.284000000,15.555422554
30.429035516,30.351000000,15.561698213
30.429117309,30.418000000,15.567950143
30.429176547,30.485000000,15.574177144
30.429214833,30.552000000,15.580378015
30.429233768,30.619000000,15.586551557
30.429234954,30.686000000,15.592696569
30.429219994,30.753000000,15.598811852
30.429190489,30.820000000,15.604896206
30.429148041,30.887000000,15.610948430
30.429094252,30.954000000,15.616967326
30.429030725,31.021000000,15.622951692
30.428959060,31.088000000,15.628900330
30.428880861,31.155000000,15.634812038
30.428797729,31.222000000,15.640685618
30.428711266,31.289000000,15.646519868
30.428623074,31.356000000,15.652313590
30.428534755,31.423000000,15.658065583
30.428447911,31.490000000,15.663774648
30.428364144,31.557000000,15.669439583
30.428285055,31.624000000,15.675059191
30.428212248,31.691000000,15.680632270
30.428147324,31.758000000,15.686157620
30.428091884,31.825000000,15.691634042
30.428047531,31.892000000,15.697060335
30.428015867,31.959000000,15.702435301
30.427998494,32.026000000,15.707757738
30.427997013,32.093000000,15.713026447
30.428013027,32.160000000,15.718240228
30.428047846,32.227000000,15.723398109
30.428101618,32.294000000,15.728500036
30.428174196,32.361000000,15.733546181
30.428265436,32.428000000,15.738536717
30.428375193,32.495000000,15.743471818
30.428503323,32.562000000,15.748351656
30.428649679,32.629000000,15.753176404
30.428814119,32.696000000,15.757946237
30.428996496,32.763000000,15.762661326
30.429196665,32.830000000,15.767321846
30.429414483,32.897000000,15.771927968
30.429649803,32.964000000,15.776479867
30.429902482,33.031000000,15.780977715
30.430172374,33.098000000,15.785421686
30.430459334,33.165000000,15.789811952
30.430763217,33.232000000,15.794148687
30.431083880,33.299000000,15.798432063
30.431421176,33.366000000,15.802662255
30.431774960,33.433000000,15.806839435
30.432145089,33.500000000,15.810963775
30.432531417,33.567000000,15.815035450
30.432933799,33.634000000,15.819054633
30.433352090,33.701000000,15.823021496
30.433786145,33.768000000,15.826936212
30.434235821,33.835000000,15.830798956
30.434700971,33.902000000,15.834609899
30.435181450,33.969000000,15.838369215
30.435677115,34.036000000,15.842077077
30.436187819,34.103000000,15.845733659
30.436713419,34.170000000,15.849339132
30.437253769,34.237000000,15.852893672
30.437808725,34.304000000,15.856397449
30.438378141,34.371000000,15.859850639
30.438961873,34.438000000,15.863253413
30.439559775,34.505000000,15.866605945
30.440171703,34.572000000,15.869908408
30.440797513,34.639000000,15.873160976
30.441437058,34.706000000,15.876363820
30.442090195,34.773000000,15.879517115
30.442756778,34.840000000,15.882621033
30.443436663,34.907000000,15.885675748
30.444129704,34.974000000,15.888681433
30.444835757,35.041000000,15.891638261
30.445554677,35.108000000,15.894546404
30.446286318,35.175000000,15.897406037
30.447030537,35.242000000,15.900217331
30.447787189,35.309000000,15.902980461
30.448556127,35.376000000,15.905695600
30.449337208,35.443000000,15.908362920
30.450130287,35.510000000,15.910982594
30.450935218,35.577000000,15.913554797
30.451751857,35.644000000,15.916079700
30.452580059,35.711000000,15.918557477
30.453419679,35.778000000,15.920988302
30.454270573,35.845000000,15.923372346
30.455132594,35.912000000,15.925709784
30.456005600,35.979000000,15.928000789
30.456889443,36.046000000,15.930245533
30.457783981,36.113000000,15.932444190
30.458689067,36.180000000,15.934596932
30.459604557,36.247000000,15.936703934
30.460530306,36.314000000,15.938765367
30.461466170,36.381000000,15.940781406
30.462412002,36.448000000,15.942752223
30.463367659,36.515000000,15.944677991
30.464332996,36.582000000,15.946558884
30.465307867,36.649000000,15.948395074
30.466292128,36.716000000,15.950186735
30.467285634,36.783000000,15.951934041
30.468288240,36.850000000,15.953637163
30.469299801,36.917000000,15.955296275
30.470320173,36.984000000,15.956911550
30.471349210,37.051000000,15.958483162
30.472386767,37.118000000,15.960011283
30.473432700,37.185000000,15.961496086
30.474486864,37.252000000,15.962937746
30.475549113,37.319000000,15.964336434
30.476619304,37.386000000,15.965692324
30.477697290,37.453000000,15.967005589
30.478782928,37.520000000,15.968276402
30.479876073,37.587000000,15.969504937
30.480976578,37.654000000,15.970691365
30.482084301,37.721000000,15.971835862
30.483199095,37.788000000,15.972938599
30.484320816,37.855000000,15.973999749
30.485449319,37.922000000,15.975019487
30.486584459,37.989000000,15.975997984
30.487726091,38.056000000,15.976935414
30.488874071,38.123000000,15.977831951
30.490028253,38.190000000,15.978687767
30.491188492,38.257000000,15.979503035
30.492354645,38.324000000,15.980277929
30.493526565,38.391000000,15.981012622
30.494704108,38.458000000,15.981707286
30.495887129,38.525000000,15.982362095
30.497075483,38.592000000,15.982977223
30.498269026,38.659000000,15.983552841
30.499467612,38.726000000,15.984089123
30.500671097,38.793000000,15.984586243
30.501879335,38.860000000,15.985044374
30.503092182,38.927000000,15.985463688
30.504309493,38.994000000,15.985844358
30.505531123,39.061000000,15.986186559
30.506756928,39.128000000,15.986490462
30.507986761,39.195000000,15.986756242
30.509220479,39.262000000,15.986984070
30.510457936,39.329000000,15.987174121
30.511698988,39.396000000,15.987326567
30.512943490,39.463000000,15.987441582
30.514191297,39.530000000,15.987519338
30.515442264,39.597000000,15.987560010
30.516696246,39.664000000,15.987563768
30.517953098,39.731000000,15.987530788
30.519212675,39.798000000,15.987461243
30.520474833,39.865000000,15.987355304
30.521739427,39.932000000,15.987213145
30.523006311,39.999000000,15.987034940
30.524275342,40.066000000,15.986820862
30.525546373,40.133000000,15.986571083
30.526819260,40.200000000,15.986285777
30.528093859,40.267000000,15.985965117
30.529370023,40.334000000,15.985609276
30.530647610,40.401000000,15.985218427
30.531926473,40.468000000,15.984792744
30.533206467,40.535000000,15.984332399
30.534487449,40.602000000,15.983837565
30.535769272,40.669000000,15.983308416
30.537051793,40.736000000,15.982745124
30.538334866,40.803000000,15.982147864
30.539618346,40.870000000,15.981516807
30.540902088,40.937000000,15.980852127
30.542185948,41.004000000,15.980153998
30.543469781,41.071000000,15.979422592
30.544753442,41.138000000,15.978658082
30.546036785,41.205000000,15.977860642
30.547319667,41.272000000,15.977030445
30.548601941,41.339000000,15.976167663
30.549883464,41.406000000,15.975272470
30.551164091,41.473000000,15.974345039
30.552443676,41.540000000,15.973385543
30.553722074,41.607000000,15.972394156
30.554999142,41.674000000,15.971371050
30.556274733,41.741000000,15.970316398
30.557548703,41.808000000,15.969230374
30.558820908,41.875000000,15.968113151
30.560091202,41.942000000,15.966964901
30.561359440,42.009000000,15.965785798
30.562625477,42.076000000,15.964576016
30.563889170,42.143000000,15.963335726
30.565150372,42.210000000,15.962065103
30.566408938,42.277000000,15.960764319
30.567664725,42.344000000,15.959433548
30.568917587,42.411000000,15.958072963
30.570167380,42.478000000,15.956682736
30.571413957,42.545000000,15.955263041
30.572657175,42.612000000,15.953814051
30.573896889,42.679000000,15.952335939
30.575132953,42.746000000,15.950828878
30.576365224,42.813000000,15.949293041
30.577593555,42.880000000,15.947728602
30.578817802,42.947000000,15.946135734
30.580037821,43.014000000,15.944514609
30.581253466,43.081000000,15.942865401
30.582464592,43.148000000,15.941188283
30.583671055,43.215000000,15.939483428
30.584872710,43.282000000,15.937751009
30.586069411,43.349000000,15.935991200
30.587261014,43.416000000,15.934204173
30.588447375,43.483000000,15.932390101
30.589628347,43.550000000,15.930549158
30.590803787,43.617000000,15.928681516
30.591973550,43.684000000,15.926787350
30.593137490,43.751000000,15.924866831
30.594295462,43.818000000,15.922920133
30.595447322,43.885000000,15.920947430
30.596592926,43.952000000,15.918948894
30.597732127,44.019000000,15.916924698
30.598864782,44.086000000,15.914875016
30.599990744,44.153000000,15.912800021
30.601109870,44.220000000,15.910699885
30.602222015,44.287000000,15.908574782
30.603327033,44.354000000,15.906424885
30.604424781,44.421000000,15.904250367
30.605515112,44.488000000,15.902051402
30.606597882,44.555000000,15.899828162
30.607672946,44.622000000,15.897580820
30.608740159,44.689000000,15.895309550
30.609799377,44.756000000,15.893014525
30.610850454,44.823000000,15.890695917
30.611893246,44.890000000,15.888353901
30.612927607,44.957000000,15.885988648
30.613953394,45.024000000,15.883600332
30.614970460,45.091000000,15.881189127
30.615978662,45.158000000,15.878755206
30.616977854,45.225000000,15.876298740
30.617967891,45.292000000,15.873819905
30.618948628,45.359000000,15.871318872
30.619919921,45.426000000,15.868795815
30.620881625,45.493000000,15.866250907
30.621833595,45.560000000,15.863684321
30.622775686,45.627000000,15.861096230
30.623707752,45.694000000,15.858486808
30.624629650,45.761000000,15.855856227
30.625541235,45.828000000,15.853204660
30.626442360,45.895000000,15.850532282
30.627332883,45.962000000,15.847839264
30.628212657,46.029000000,15.845125780
30.629081537,46.096000000,15.842392003
30.629939380,46.163000000,15.839638106
30.630786040,46.230000000,15.836864262
30.631621372,46.297000000,15.834070645
30.632445231,46.364000000,15.831257427
30.633257472,46.431000000,15.828424782
30.634057952,46.498000000,15.825572883
30.634846523,46.565000000,15.822701902
30.635623043,46.632000000,15.819812014
30.636387365,46.699000000,15.816903390
30.637139346,46.766000000,15.813976205
30.637878839,46.833000000,15.811030631
30.638605701,46.900000000,15.808066841
30.639319787,46.967000000,15.805085009
30.640020950,47.034000000,15.802085308
30.640709048,47.101000000,15.799067910
30.641383934,47.168000000,15.796032989
30.642045464,47.235000000,15.792980718
30.642693493,47.302000000,15.789911271
30.643327876,47.369000000,15.786824819
30.643948469,47.436000000,15.783721537
30.644555125,47.503000000,15.780601598
30.645147702,47.570000000,15.777465174
30.645726053,47.637000000,15.774312438
30.646290033,47.704000000,15.771143565
30.646839498,47.771000000,15.767958726
30.647374304,47.838000000,15.764758096
30.647894304,47.905000000,15.761541846
30.648399355,47.972000000,15.758310151
30.648889311,48.039000000,15.755063184
30.649364027,48.106000000,15.751801116
30.649823359,48.173000000,15.748524123
30.650267162,48.240000000,15.745232376
30.650695291,48.307000000,15.741926049
30.651107600,48.374000000,15.738605315
30.651503946,48.441000000,15.735270347
30.651884183,48.508000000,15.731921319
30.652248166,48.575000000,15.728558402
30.652595750,48.642000000,15.725181772
30.652926791,48.709000000,15.721791599
30.653241144,48.776000000,15.718388059
30.653538663,48.843000000,15.714971323
30.653819205,48.910000000,15.711541565
30.654082623,48.977000000,15.708098958
30.654328774,49.044000000,15.704643675
30.654557511,49.111000000,15.701175890
30.654768692,49.178000000,15.697695774
30.654962169,49.245000000,15.694203503
30.655137800,49.312000000,15.690699248
30.655295438,49.379000000,15.687183182
30.655434939,49.446000000,15.683655480
30.655556158,49.513000000,15.680116313
30.655658950,49.580000000,15.676565856
30.655743171,49.647000000,15.673004281
30.655808675,49.714000000,15.669431761
30.655855317,49.781000000,15.665848469
30.655882953,49.848000000,15.662254579
30.655891437,49.915000000,15.658650264
30.655880626,49.982000000,15.655035696
30.655850374,50.049000000,15.651411050
30.655800535,50.116000000,15.647776497
30.655730966,50.183000000,15.644132211
30.655641521,50.250000000,15.640478366
30.655532056,50.317000000,15.636815134
30.655402425,50.384000000,15.633142689
30.655252484,50.451000000,15.629461203
30.655082088,50.518000000,15.625770850
30.654891091,50.585000000,15.622071802
30.654679350,50.652000000,15.618364234
30.654446719,50.719000000,15.614648317
30.654193053,50.786000000,15.610924226
30.653918208,50.853000000,15.607192133
30.653622038,50.920000000,15.603452211
30.653304399,50.987000000,15.599704634
30.652965146,51.054000000,15.595949575
30.652604134,51.121000000,15.592187206
30.652221218,51.188000000,15.588417701
30.651816253,51.255000000,15.584641234
30.651389094,51.322000000,15.580857976
30.650939596,51.389000000,15.577068101
30.650467616,51.456000000,15.573271783
30.649973006,51.523000000,15.569469194
30.649455624,51.590000000,15.565660508
30.648915323,51.657000000,15.561845898
30.648351960,51.724000000,15.558025536
30.647765389,51.791000000,15.554199596
30.647155465,51.858000000,15.550368251
30.646522043,51.925000000,15.546531675
30.645864979,51.992000000,15.542690039
30.645184127,52.059000000,15.538843518
30.644479343,52.126000000,15.534992285
30.643750482,52.193000000,15.531136512
30.642997399,52.260000000,15.527276373
30.642219949,52.327000000,15.523412040
30.641417988,52.394000000,15.519543688
30.640591370,52.461000000,15.515671489
30.639739950,52.528000000,15.511795616
30.638863584,52.595000000,15.507916242
30.637962126,52.662000000,15.504033540
30.637035433,52.729000000,15.500147684
30.636083358,52.796000000,15.496258847
30.635105757,52.863000000,15.492367202
30.634102486,52.930000000,15.488472921
30.633073399,52.997000000,15.484576179
30.632018351,53.064000000,15.480677147
30.630937198,53.131000000,15.476776000
30.629829795,53.198000000,15.472872910
30.628695997,53.265000000,15.468968051
30.627535658,53.332000000,15.465061595
30.626348635,53.399000000,15.461153716
30.625134781,53.466000000,15.457244587
30.623893953,53.533000000,15.453334381
30.622626006,53.600000000,15.449423270
30.621330794,53.667000000,15.445511429
30.620008172,53.734000000,15.441599030
30.618657997,53.801000000,15.437686247
30.617280122,53.868000000,15.433773252
30.615874403,53.935000000,15.429860219
30.614440696,54.002000000,15.425947320
30.612978855,54.069000000,15.422034730
30.611488735,54.136000000,15.418122620
30.609970192,54.203000000,15.414211164
30.608423080,54.270000000,15.410300536
30.606847255,54.337000000,15.406390908
30.605242572,54.404000000,15.402482453
30.603608886,54.471000000,15.398575345
30.601946052,54.538000000,15.394669757
30.600253925,54.605000000,15.390765861
30.598532361,54.672000000,15.386863832
30.596781214,54.739000000,15.382963841
30.595000340,54.806000000,15.379066063
30.593189594,54.873000000,15.375170670
30.591348830,54.940000000,15.371277835
30.589477905,55.007000000,15.367387731
30.587576672,55.074000000,15.363500533
30.585644988,55.141000000,15.359616412
30.583682707,55.208000000,15.355735541
30.581689684,55.275000000,15.351858095
30.579665776,55.342000000,15.347984246
30.577610835,55.409000000,15.344114167
30.575524719,55.476000000,15.340248032
30.573407282,55.543000000,15.336386012
30.571258378,55.610000000,15.332528283
30.569077864,55.677000000,15.328675016
30.566865594,55.744000000,15.324826384
30.564621424,55.811000000,15.320982562
30.562345208,55.878000000,15.317143722
30.560036802,55.945000000,15.313310036
30.557696061,56.012000000,15.309481679
30.555322839,56.079000000,15.305658824
30.552916993,56.146000000,15.301841643
30.550478377,56.213000000,15.298030309
30.548006846,56.280000000,15.294224996
30.545502255,56.347000000,15.290425877
30.542964460,56.414000000,15.286633125
30.540393316,56.481000000,15.282846913
30.537788677,56.548000000,15.279067414
30.535150400,56.615000000,15.275294801
30.532478338,56.682000000,15.271529248
30.529772348,56.749000000,15.267770928
30.527032283,56.816000000,15.264020012
30.524258000,56.883000000,15.260276676
30.521449354,56.950000000,15.256541092
30.518606199,57.017000000,15.252813432
30.515728391,57.084000000,15.249093871
30.512815785,57.151000000,15.245382581
30.509868236,57.218000000,15.241679735
30.506885599,57.285000000,15.237985506
30.503867729,57.352000000,15.234300069
30.500814482,57.419000000,15.230623595
30.497725712,57.486000000,15.226956257
30.494601275,57.553000000,15.223298230
30.491441025,57.620000000,15.219649685
30.488244818,57.687000000,15.216010797
30.485012509,57.754000000,15.212381738
30.481743954,57.821000000,15.208762681
30.478439006,57.888000000,15.205153800
30.475097522,57.955000000,15.201555268
30.471719356,58.022000000,15.197967257
30.468304364,58.089000000,15.194389941
30.464852400,58.156000000,15.190823493
30.461363321,58.223000000,15.187268086
30.457836980,58.290000000,15.183723894
30.454273233,58.357000000,15.180191088
30.450671936,58.424000000,15.176669843
30.447032943,58.491000000,15.173160332
30.443356109,58.558000000,15.169662727
30.439641290,58.625000000,15.166177202
30.435888340,58.692000000,15.162703930
30.432097115,58.759000000,15.159243084
30.428267470,58.826000000,15.155794837
30.424399260,58.893000000,15.152359362
30.420492341,58.960000000,15.148936832
30.416546613,59.027000000,15.145527387
30.412562166,59.094000000,15.142131024
30.408539135,59.161000000,15.138747709
30.404477654,59.228000000,15.135377406
30.400377861,59.295000000,15.132020081
30.396239889,59.362000000,15.128675696
30.392063874,59.429000000,15.125344218
30.387849952,59.496000000,15.122025610
30.383598257,59.563000000,15.118719837
30.379308926,59.630000000,15.115426864
30.374982092,59.697000000,15.112146656
30.370617893,59.764000000,15.108879176
30.366216462,59.831000000,15.105624390
30.361777935,59.898000000,15.102382263
30.357302448,59.965000000,15.099152758
30.352790136,60.032000000,15.095935840
30.348241134,60.099000000,15.092731474
30.343655578,60.166000000,15.089539625
30.339033602,60.233000000,15.086360257
30.334375342,60.300000000,15.083193334
30.329680933,60.367000000,15.080038822
30.324950512,60.434000000,15.076896685
30.320184212,60.501000000,15.073766887
30.315382169,60.568000000,15.070649393
30.310544519,60.635000000,15.067544168
30.305671397,60.702000000,15.064451177
30.300762938,60.769000000,15.061370383
30.295819278,60.836000000,15.058301751
30.290840551,60.903000000,15.055245246
30.285826893,60.970000000,15.052200834
30.280778440,61.037000000,15.049168477
30.275695326,61.104000000,15.046148141
30.270577688,61.171000000,15.043139790
30.265425659,61.238000000,15.040143390
30.260239377,61.305000000,15.037158904
30.255018975,61.372000000,15.034186297
30.249764590,61.439000000,15.031225534
30.244476355,61.506000000,15.028276579
30.239154408,61.573000000,15.025339397
30.233798883,61.640000000,15.022413953
30.228409916,61.707000000,15.019500211
30.222987641,61.774000000,15.016598135
30.217532194,61.841000000,15.013707691
30.212043710,61.908000000,15.010828843
30.206522325,61.975000000,15.007961555
30.200968174,62.042000000,15.005105792
30.195381393,62.109000000,15.002261519
30.189762115,62.176000000,14.999428700
30.184110478,62.243000000,14.996607300
30.178426616,62.310000000,14.993797283
30.172710664,62.377000000,14.990998615
30.166962758,62.444000000,14.988211259
30.161183033,62.511000000,14.985435180
30.155371625,62.578000000,14.982670343
30.149528668,62.645000000,14.979916712
30.143654298,62.712000000,14.977174253
30.137748651,62.779000000,14.974442929
30.131811861,62.846000000,14.971722705
30.125844064,62.913000000,14.969013546
30.119845395,62.980000000,14.966315416
30.113815990,63.047000000,14.963628280
30.107755983,63.114000000,14.960952103
30.101665511,63.181000000,14.958286848
30.095544708,63.248000000,14.955632482
30.089393710,63.315000000,14.952988968
30.083212651,63.382000000,14.950356270
30.077001668,63.449000000,14.947734354
30.070760896,63.516000000,14.945123185
30.064490470,63.583000000,14.942522725
30.058190525,63.650000000,14.939932942
30.051861196,63.717000000,14.937353798
30.045502619,63.784000000,14.934785258
30.039114930,63.851000000,14.932227287
30.032698263,63.918000000,14.929679850
30.026252753,63.985000000,14.927142912
30.019778537,64.052000000,14.924616436
30.013275749,64.119000000,14.922100387
30.006744525,64.186000000,14.919594730
30.000185000,64.253000000,14.917099430
29.993597309,64.320000000,14.914614452
29.986981587,64.387000000,14.912139758
29.980337971,64.454000000,14.909675316
29.973666594,64.521000000,14.907221088
29.966967593,64.588000000,14.904777039
29.960241103,64.655000000,14.902343135
29.953487259,64.722000000,14.899919340
29.946706197,64.789000000,14.897505618
29.939898051,64.856000000,14.895101933
29.933062957,64.923000000,14.892708251
29.926201050,64.990000000,14.890324537
29.919312467,65.057000000,14.887950754
29.912397341,65.124000000,14.885586867
29.905455808,65.191000000,14.883232841
29.898488004,65.258000000,14.880888640
29.891494063,65.325000000,14.878554230
29.884474122,65.392000000,14.876229574
29.877428315,65.459000000,14.873914637
29.870356778,65.526000000,14.871609384
29.863259646,65.593000000,14.869313779
29.856137054,65.660000000,14.867027788
29.848989138,65.727000000,14.864751374
29.841816033,65.794000000,14.862484502
29.834617874,65.861000000,14.860227137
29.827394797,65.928000000,14.857979243
29.820146937,65.995000000,14.855740786
29.812874429,66.062000000,14.853511728
29.805577408,66.129000000,14.851292036
29.798256010,66.196000000,14.849081674
29.790910370,66.263000000,14.846880606
29.783540624,66.330000000,14.844688796
29.776146906,66.397000000,14.842506211
29.768729352,66.464000000,14.840332813
29.761288098,66.531000000,14.838168568
29.753823278,66.598000000,14.836013440
29.746335028,66.665000000,14.833867394
29.738823484,66.732000000,14.831730395
29.731288779,66.799000000,14.829602406
29.723731051,66.866000000,14.827483394
29.716150434,66.933000000,14.825373321
29.708547063,67.000000000,14.823272153
29.700921074,67.067000000,14.821179855
29.693272602,67.134000000,14.819096390
29.685601782,67.201000000,14.817021724
29.677908750,67.268000000,14.814955822
29.670193641,67.335000000,14.812898647
29.662456590,67.402000000,14.810850164
29.654697733,67.469000000,14.808810339
29.646917205,67.536000000,14.806779134
29.639115141,67.603000000,14.804756516
29.631291676,67.670000000,14.802742449
29.623446946,67.737000000,14.800736897
29.615581086,67.804000000,14.798739825
29.607694231,67.871000000,14.796751197
29.599786517,67.938000000,14.794770979
29.591858080,68.005000000,14.792799134
29.583909053,68.072000000,14.790835627
29.575939573,68.139000000,14.788880424
29.567949775,68.206000000,14.786933487
29.559939794,68.273000000,14.784994783
29.551909766,68.340000000,14.783064275
29.543859825,68.407000000,14.781141929
29.535790108,68.474000000,14.779227708
29.527700749,68.541000000,14.777321578
29.519591883,68.608000000,14.775423503
29.511463647,68.675000000,14.773533447
29.503316175,68.742000000,14.771651375
29.495149603,68.809000000,14.769777253
29.486964066,68.876000000,14.767911043
29.478759698,68.943000000,14.766052712
29.470536637,69.010000000,14.764202223
29.462295016,69.077000000,14.762359541
29.454034971,69.144000000,14.760524631
29.445756638,69.211000000,14.758697457
29.437460152,69.278000000,14.756877984
29.429145648,69.345000000,14.755066177
29.420813261,69.412000000,14.753261999
29.412463127,69.479000000,14.751465416
29.404095380,69.546000000,14.749676393
29.395710157,69.613000000,14.747894893
29.387307593,69.680000000,14.746120882
29.378887822,69.747000000,14.744354324
29.370450981,69.814000000,14.742595184
29.361997204,69.881000000,14.740843425
29.353526627,69.948000000,14.739099014
29.345039385,70.015000000,14.737361914
29.336535614,70.082000000,14.735632090
29.328015448,70.149000000,14.733909506
29.319479023,70.216000000,14.732194128
29.310926475,70.283000000,14.730485919
29.302357938,70.350000000,14.728784845
29.293773548,70.417000000,14.727090870
29.285173440,70.484000000,14.725403958
29.276557750,70.551000000,14.723724075
29.267926613,70.618000000,14.722051184
29.259280164,70.685000000,14.720385250
29.250618538,70.752000000,14.718726238
29.241941871,70.819000000,14.717074113
29.233250298,70.886000000,14.715428839
29.224543954,70.953000000,14.713790381
29.215822975,71.020000000,14.712158702
29.207087496,71.087000000,14.710533769
29.198337653,71.154000000,14.708915545
29.189573580,71.221000000,14.707303995
29.180795412,71.288000000,14.705699084
29.172003286,71.355000000,14.704100776
29.163197337,71.422000000,14.702509036
29.154377699,71.489000000,14.700923828
29.145544508,71.556000000,14.699345117
29.136697900,71.623000000,14.697772868
29.127838010,71.690000000,14.696207045
29.118964972,71.757000000,14.694647612
29.110078923,71.824000000,14.693094536
29.101179997,71.891000000,14.691547779
29.092268330,71.958000000,14.690007306
29.083344058,72.025000000,14.688473083
29.074407315,72.092000000,14.686945073
29.065458237,72.159000000,14.685423242
29.056496959,72.226000000,14.683907553
29.047523616,72.293000000,14.682397972
29.038538344,72.360000000,14.680894464
29.029541278,72.427000000,14.679396991
29.020532554,72.494000000,14.677905520
29.011512306,72.561000000,14.676420015
29.002480670,72.628000000,14.674940441
28.993437781,72.695000000,14.673466761
28.984383775,72.762000000,14.671998941
28.975318787,72.829000000,14.670536945
28.966242952,72.896000000,14.669080739
28.957156406,72.963000000,14.667630285
28.948059283,73.030000000,14.666185550
28.938951719,73.097000000,14.664746497
28.929833850,73.164000000,14.663313091
28.920705810,73.231000000,14.661885297
28.911567736,73.298000000,14.660463079
28.902419761,73.365000000,14.659046402
28.893262023,73.432000000,14.657635231
28.884094655,73.499000000,14.656229530
28.874917793,73.566000000,14.654829264
28.865731573,73.633000000,14.653434397
28.856536130,73.700000000,14.652044894
28.847331599,73.767000000,14.650660719
28.838118115,73.834000000,14.649281838
28.828895814,73.901000000,14.647908214
28.819664831,73.968000000,14.646539812
28.810425301,74.035000000,14.645176598
28.801177360,74.102000000,14.643818534
28.791921143,74.169000000,14.642465587
28.782656785,74.236000000,14.641117720
28.773384422,74.303000000,14.639774899
28.764104188,74.370000000,14.638437087
28.754816220,74.437000000,14.637104250
28.745520652,74.504000000,14.635776352
28.736217620,74.571000000,14.634453357
28.726907259,74.638000000,14.633135231
28.717589705,74.705000000,14.631821937
28.708265092,74.772000000,14.630513441
28.698933556,74.839000000,14.629209707
28.689595232,74.906000000,14.627910699
28.680250256,74.973000000,14.626616382
28.670898763,75.040000000,14.625326721
28.661540888,75.107000000,14.624041681
28.652176766,75.174000000,14.622761225
28.642806534,75.241000000,14.621485319
28.633430325,75.308000000,14.620213927
28.624048276,75.375000000,14.618947013
28.614660522,75.442000000,14.617684543
28.605267197,75.509000000,14.616426481
28.595868438,75.576000000,14.615172791
28.586464380,75.643000000,14.613923438
28.577055157,75.710000000,14.612678387
28.567640906,75.777000000,14.611437602
28.558221761,75.844000000,14.610201047
28.548797858,75.911000000,14.608968689
28.539369332,75.978000000,14.607740490
28.529936319,76.045000000,14.606516416
28.520498953,76.112000000,14.605296431
28.511057371,76.179000000,14.604080499
28.501611707,76.246000000,14.602868587
28.492162096,76.313000000,14.601660657
28.482708675,76.380000000,14.600456674
28.473251577,76.447000000,14.599256604
28.463790940,76.514000000,14.598060410
28.454326897,76.581000000,14.596868058
28.444859584,76.648000000,14.595679512
28.435389137,76.715000000,14.594494736
28.425915691,76.782000000,14.593313695
28.416439381,76.849000000,14.592136354
28.406960342,76.916000000,14.590962677
28.397478710,76.983000000,14.589792630
28.387994619,77.050000000,14.588626175
28.378508207,77.117000000,14.587463279
28.369019606,77.184000000,14.586303905
28.359528954,77.251000000,14.585148018
28.350036385,77.318000000,14.583995584
28.340542035,77.385000000,14.582846565
28.331046038,77.452000000,14.581700928
28.321548530,77.519000000,14.580558636
28.312049647,77.586000000,14.579419655
28.302549524,77.653000000,14.578283948
28.293048295,77.720000000,14.577151480
28.283546097,77.787000000,14.576022217
28.274043065,77.854000000,14.574896122
28.264539334,77.921000000,14.573773160
28.255035039,77.988000000,14.572653296
28.245530315,78.055000000,14.571536494
28.236025298,78.122000000,14.570422719
28.226520124,78.189000000,14.569311936
28.217014927,78.256000000,14.568204109
28.207509843,78.323000000,14.567099202
28.198005006,78.390000000,14.565997181
28.188500554,78.457000000,14.564898010
28.178996620,78.524000000,14.563801653
28.169493340,78.591000000,14.562708075
28.159990849,78.658000000,14.561617240
28.150489283,78.725000000,14.560529114
28.140988776,78.792000000,14.559443661
28.131489465,78.859000000,14.558360845
28.121991485,78.926000000,14.557280631
28.112494970,78.993000000,14.556202984
28.103000056,79.060000000,14.555127868
28.093506879,79.127000000,14.554055248
28.084015574,79.194000000,14.552985088
28.074526275,79.261000000,14.551917353
28.065039119,79.328000000,14.550852007
28.055554241,79.395000000,14.549789016
28.046071775,79.462000000,14.548728344
28.036591858,79.529000000,14.547669954
28.027114624,79.596000000,14.546613813
28.017640210,79.663000000,14.545559884
28.008168749,79.730000000,14.544508132
27.998700378,79.797000000,14.543458522
27.989235231,79.864000000,14.542411019
27.979773445,79.931000000,14.541365586
27.970315154,79.998000000,14.540322188
27.960860494,80.065000000,14.539280791
27.951409599,80.132000000,14.538241358
27.941962606,80.199000000,14.537203854
27.932519650,80.266000000,14.536168245
27.923080865,80.333000000,14.535134493
27.913646388,80.400000000,14.534102565
27.904216353,80.467000000,14.533072424
27.894790896,80.534000000,14.532044036
27.885370152,80.601000000,14.531017364
27.875954257,80.668000000,14.529992374
27.866543345,80.735000000,14.528969029
27.857137552,80.802000000,14.527947295
27.847737014,80.869000000,14.526927137
27.838341865,80.936000000,14.525908518
27.828952241,81.003000000,14.524891403
27.819568277,81.070000000,14.523875757
27.810190109,81.137000000,14.522861545
27.800817872,81.204000000,14.521848731
27.791451701,81.271000000,14.520837279
27.782091731,81.338000000,14.519827155
27.772738098,81.405000000,14.518818323
27.763390938,81.472000000,14.517810747
27.754050384,81.539000000,14.516804392
27.744716573,81.606000000,14.515799223
27.735389641,81.673000000,14.514795204
27.726069721,81.740000000,14.513792300
27.716756950,81.807000000,14.512790475
27.707451463,81.874000000,14.511789694
27.698153395,81.941000000,14.510789922
27.688862882,82.008000000,14.509791123
27.679580058,82.075000000,14.508793262
27.670305060,82.142000000,14.507796303
27.661038022,82.209000000,14.506800212
27.651779079,82.276000000,14.505804951
27.642528368,82.343000000,14.504810487
27.633286023,82.410000000,14.503816784
27.624052179,82.477000000,14.502823806
27.614826973,82.544000000,14.501831518
27.605610539,82.611000000,14.500839884
27.596403012,82.678000000,14.499848869
27.587204528,82.745000000,14.498858438
27.578015222,82.812000000,14.497868556
27.568835230,82.879000000,14.496879186
27.559664686,82.946000000,14.495890294
27.550503727,83.013000000,14.494901844
27.541352487,83.080000000,14.493913800
27.532211101,83.147000000,14.492926128
27.523079705,83.214000000,14.491938791
27.513958435,83.281000000,14.490951755
27.504847425,83.348000000,14.489964984
27.495746812,83.415000000,14.488978443
27.486656729,83.482000000,14.487992095
27.477577313,83.549000000,14.487005907
27.468508698,83.616000000,14.486019842
27.459451021,83.683000000,14.485033865
27.450404416,83.750000000,14.484047940
27.441369019,83.817000000,14.483062033
27.432344964,83.884000000,14.482076107
27.423332389,83.951000000,14.481090127
27.414331426,84.018000000,14.480104059
27.405342213,84.085000000,14.479117866
27.396364884,84.152000000,14.478131513
27.387399574,84.219000000,14.477144965
27.378446419,84.286000000,14.476158186
27.369505554,84.353000000,14.475171141
27.360577115,84.420000000,14.474183794
27.351661236,84.487000000,14.473196111
27.342758054,84.554000000,14.472208055
27.333867703,84.621000000,14.471219591
27.324990318,84.688000000,14.470230684
27.316126036,84.755000000,14.469241299
27.307274990,84.822000000,14.468251400
27.298437317,84.889000000,14.467260951
27.289613153,84.956000000,14.466269917
27.280802631,85.023000000,14.465278263
27.272005887,85.090000000,14.464285954
27.263223058,85.157000000,14.463292953
27.254454278,85.224000000,14.462299227
27.245699681,85.291000000,14.461304738
27.236959405,85.358000000,14.460309452
27.228233584,85.425000000,14.459313333
27.219522353,85.492000000,14.458316346
27.210825847,85.559000000,14.457318456
27.202144203,85.626000000,14.456319627
27.193477554,85.693000000,14.455319823
27.184826037,85.760000000,14.454319010
27.176189787,85.827000000,14.453317152
27.167568939,85.894000000,14.452314213
27.158963629,85.961000000,14.451310158
27.150373991,86.028000000,14.450304952
27.141800161,86.095000000,14.449298559
27.133242275,86.162000000,14.448290944
27.124700467,86.229000000,14.447282071
27.116174873,86.296000000,14.446271906
27.107665628,86.363000000,14.445260412
27.099172868,86.430000000,14.444247554
27.090696728,86.497000000,14.443233297
27.082237343,86.564000000,14.442217605
27.073794848,86.631000000,14.441200443
27.065369379,86.698000000,14.440181776
27.056961072,86.765000000,14.439161568
27.048570060,86.832000000,14.438139784
27.040196480,86.899000000,14.437116388
27.031840468,86.966000000,14.436091345
27.023502157,87.033000000,14.435064619
27.015181684,87.100000000,14.434036176
27.006879184,87.167000000,14.433005979
26.998594792,87.234000000,14.431973994
26.990328644,87.301000000,14.430940184
26.982080874,87.368000000,14.429904515
26.973851619,87.435000000,14.428866951
26.965641013,87.502000000,14.427827457
26.957449192,87.569000000,14.426785996
26.949276290,87.636000000,14.425742535
26.941122444,87.703000000,14.424697037
26.932987789,87.770000000,14.423649467
26.924872460,87.837000000,14.422599790
26.916776591,87.904000000,14.421547970
26.908700320,87.971000000,14.420493972
26.900643780,88.038000000,14.419437760
26.892607107,88.105000000,14.418379299
26.884590437,88.172000000,14.417318553
26.876593904,88.239000000,14.416255488
26.868617645,88.306000000,14.415190068
26.860661794,88.373000000,14.414122257
26.852726486,88.440000000,14.413052019
26.844811858,88.507000000,14.411979321
26.836918044,88.574000000,14.410904125
26.829045179,88.641000000,14.409826397
26.821193399,88.708000000,14.408746102
26.813362840,88.775000000,14.407663203
26.805553636,88.842000000,14.406577665
26.797765923,88.909000000,14.405489454
26.789999835,88.976000000,14.404398534
26.782255510,89.043000000,14.403304868
26.774533081,89.110000000,14.402208423
26.766832683,89.177000000,14.401109162
26.759154454,89.244000000,14.400007050
26.751498526,89.311000000,14.398902051
26.743865037,89.378000000,14.397794131
26.736254121,89.445000000,14.396683254
26.728665914,89.512000000,14.395569384
26.721100550,89.579000000,14.394452486
26.713558165,89.646000000,14.393332524
26.706038895,89.713000000,14.392209464
26.698542875,89.780000000,14.391083269
26.691070240,89.847000000,14.389953905
26.683621125,89.914000000,14.388821335
26.676195665,89.981000000,14.387685525
26.668793997,90.048000000,14.386546440
26.661416255,90.115000000,14.385404043
26.654062574,90.182000000,14.384258299
26.646733090,90.249000000,14.383109173
26.639427939,90.316000000,14.381956630
26.632147255,90.383000000,14.380800633
26.624891174,90.450000000,14.379641149
26.617659830,90.517000000,14.378478140
26.610453361,90.584000000,14.377311572
26.603271899,90.651000000,14.376141410
26.596115582,90.718000000,14.374967618
26.588984544,90.785000000,14.373790161
26.581878921,90.852000000,14.372609002
26.574798848,90.919000000,14.371424108
26.567744460,90.986000000,14.370235441
26.560715892,91.053000000,14.369042968
26.553713280,91.120000000,14.367846653
26.546736759,91.187000000,14.366646466
26.539786462,91.254000000,14.365442407
26.532862521,91.321000000,14.364234480
26.525965069,91.388000000,14.363022692
26.519094239,91.455000000,14.361807047
26.512250163,91.522000000,14.360587551
26.505432974,91.589000000,14.359364209
26.498642805,91.656000000,14.358137026
26.491879788,91.723000000,14.356906008
26.485144056,91.790000000,14.355671160
26.478435742,91.857000000,14.354432487
26.471754978,91.924000000,14.353189995
26.465101896,91.991000000,14.351943688
26.458476631,92.058000000,14.350693573
26.451879313,92.125000000,14.349439655
26.445310076,92.192000000,14.348181938
26.438769053,92.259000000,14.346920429
26.432256376,92.326000000,14.345655132
26.425772178,92.393000000,14.344386053
26.419316591,92.460000000,14.343113197
26.412889748,92.527000000,14.341836570
26.406491782,92.594000000,14.340556176
26.400122825,92.661000000,14.339272022
26.393783010,92.728000000,14.337984111
26.387472470,92.795000000,14.336692451
26.381191337,92.862000000,14.335397045
26.374939744,92.929000000,14.334097900
26.368717824,92.996000000,14.332795021
26.362525709,93.063000000,14.331488413
26.356363532,93.130000000,14.330178080
26.350231425,93.197000000,14.328864030
26.344129522,93.264000000,14.327546266
26.338057954,93.331000000,14.326224795
26.332016855,93.398000000,14.324899621
26.326006357,93.465000000,14.323570750
26.320026593,93.532000000,14.322238187
26.314077695,93.599000000,14.320901938
26.308159796,93.666000000,14.319562008
26.302273029,93.733000000,14.318218401
26.296417526,93.800000000,14.316871124
26.290593402,93.867000000,14.315520182
26.284800697,93.934000000,14.314165578
26.279039435,94.001000000,14.312807318
26.273309638,94.068000000,14.311445404
26.267611329,94.135000000,14.310079842
26.261944529,94.202000000,14.308710635
26.256309263,94.269000000,14.307337787
26.250705552,94.336000000,14.305961303
26.245133419,94.403000000,14.304581186
26.239592887,94.470000000,14.303197440
26.234083978,94.537000000,14.301810071
26.228606716,94.604000000,14.300419081
26.223161122,94.671000000,14.299024475
26.217747219,94.738000000,14.297626257
26.212365031,94.805000000,14.296224431
26.207014579,94.872000000,14.294819001
26.201695887,94.939000000,14.293409971
26.196408977,95.006000000,14.291997346
26.191153871,95.073000000,14.290581130
26.185930592,95.140000000,14.289161325
26.180739164,95.207000000,14.287737938
26.175579608,95.274000000,14.286310971
26.170451947,95.341000000,14.284880429
26.165356204,95.408000000,14.283446315
26.160292401,95.475000000,14.282008635
26.155260562,95.542000000,14.280567392
26.150260708,95.609000000,14.279122590
26.145292863,95.676000000,14.277674234
26.140357049,95.743000000,14.276222326
26.135453288,95.810000000,14.274766872
26.130581604,95.877000000,14.273307876
26.125742019,95.944000000,14.271845341
26.120934555,96.011000000,14.270379273
26.116159236,96.078000000,14.268909673
26.111416084,96.145000000,14.267436548
26.106705121,96.212000000,14.265959901
26.102026370,96.279000000,14.264479736
26.097379855,96.346000000,14.262996057
26.092765596,96.413000000,14.261508869
26.088183618,96.480000000,14.260018175
26.083633943,96.547000000,14.258523979
26.079116593,96.614000000,14.257026286
26.074631592,96.681000000,14.255525100
26.070178961,96.748000000,14.254020424
26.065758723,96.815000000,14.252512263
26.061370901,96.882000000,14.251000622
26.057015518,96.949000000,14.249485503
26.052692597,97.016000000,14.247966911
26.048402159,97.083000000,14.246444851
26.044144228,97.150000000,14.244919326
26.039918826,97.217000000,14.243390340
26.035725976,97.284000000,14.241857898
26.031565701,97.351000000,14.240322003
26.027438022,97.418000000,14.238782661
26.023342964,97.485000000,14.237239874
26.019280548,97.552000000,14.235693646
26.015250797,97.619000000,14.234143983
26.011253734,97.686000000,14.232590888
26.007289381,97.753000000,14.231034365
26.003357762,97.820000000,14.229474418
25.999458898,97.887000000,14.227911052
25.995592812,97.954000000,14.226344270
25.991759527,98.021000000,14.224774077
25.987959066,98.088000000,14.223200476
25.984191452,98.155000000,14.221623472
25.980456706,98.222000000,14.220043069
25.976754852,98.289000000,14.218459271
25.973085911,98.356000000,14.216872081
25.969449908,98.423000000,14.215281505
25.965846864,98.490000000,14.213687546
25.962276803,98.557000000,14.212090208
25.958739746,98.624000000,14.210489496
25.955235717,98.691000000,14.208885413
25.951764737,98.758000000,14.207277964
25.948326831,98.825000000,14.205667152
25.944922019,98.892000000,14.204052982
25.941550326,98.959000000,14.202435458
25.938211774,99.026000000,14.200814584
25.934906384,99.093000000,14.199190364
25.931634181,99.160000000,14.197562802
25.928395186,99.227000000,14.195931902
25.925189423,99.294000000,14.194297668
25.922016913,99.361000000,14.192660105
25.918877680,99.428000000,14.191019217
25.915771746,99.495000000,14.189375007
25.912699134,99.562000000,14.187727479
25.909659866,99.629000000,14.186076639
25.906653965,99.696000000,14.184422489
25.903681454,99.763000000,14.182765034
25.900742356,99.830000000,14.181104279
25.897836692,99.897000000,14.179440226
25.894964487,99.964000000,14.177772881
25.892125761,100.031000000,14.176102247
25.889320539,100.098000000,14.174428328
25.886548842,100.165000000,14.172751129
25.883810693,100.232000000,14.171070654
25.881106115,100.299000000,14.169386906
25.878435131,100.366000000,14.167699890
25.875797763,100.433000000,14.166009610
25.873194034,100.500000000,14.164316070
25.870623966,100.567000000,14.162619274
25.868087583,100.634000000,14.160919226
25.865584906,100.701000000,14.159215931
25.863115959,100.768000000,14.157509392
25.860680764,100.835000000,14.155799613
25.858279343,100.902000000,14.154086599
25.855911720,100.969000000,14.152370353
25.853577916,101.036000000,14.150650880
25.851277956,101.103000000,14.148928184
25.849011860,101.170000000,14.147202269
25.846779653,101.237000000,14.145473139
25.844581356,101.304000000,14.143740798
25.842416993,101.371000000,14.142005250
25.840286585,101.438000000,14.140266500
25.838190156,101.505000000,14.138524551
25.836127728,101.572000000,14.136779407
25.834099323,101.639000000,14.135031073
25.832104965,101.706000000,14.133279553
25.830144677,101.773000000,14.131524850
25.828218480,101.840000000,14.129766969
25.826326397,101.907000000,14.128005914
25.824468451,101.974000000,14.126241689
25.822644665,102.041000000,14.124474299
25.820855062,102.108000000,14.122703746
25.819099663,102.175000000,14.120930036
25.817378492,102.242000000,14.119153172
25.815691571,102.309000000,14.117373159
25.814038923,102.376000000,14.115590000
25.812420571,102.443000000,14.113803700
25.810836536,102.510000000,14.112014263
25.809286843,102.577000000,14.110221693
25.807771513,102.644000000,14.108425993
25.806290569,102.711000000,14.106627169
25.804844034,102.778000000,14.104825224
25.803431930,102.845000000,14.103020162
25.802054281,102.912000000,14.101211987
25.800711108,102.979000000,14.099400704
25.799402434,103.046000000,14.097586317
25.798128282,103.113000000,14.095768829
25.796888675,103.180000000,14.093948244
25.795683636,103.247000000,14.092124568
25.794513186,103.314000000,14.090297803
25.793377349,103.381000000,14.088467955
25.792276147,103.448000000,14.086635026
25.791209602,103.515000000,14.084799022
25.790177739,103.582000000,14.082959946
25.789180578,103.649000000,14.081117802
25.788218143,103.716000000,14.079272595
25.787290457,103.783000000,14.077424328
25.786397542,103.850000000,14.075573006
25.785539420,103.917000000,14.073718633
25.784716115,103.984000000,14.071861212
25.783927649,104.051000000,14.070000749
25.783174044,104.118000000,14.068137246
25.782455324,104.185000000,14.066270709
25.781771511,104.252000000,14.064401140
25.781122627,104.319000000,14.062528546
25.780508696,104.386000000,14.060652928
25.779929739,104.453000000,14.058774292
25.779385780,104.520000000,14.056892641
25.778876841,104.587000000,14.055007981
25.778402945,104.654000000,14.053120314
25.777964114,104.721000000,14.051229644
25.777560372,104.788000000,14.049335977
25.777191740,104.855000000,14.047439316
25.776858242,104.922000000,14.045539665
25.776559899,104.989000000,14.043637028
25.776296736,105.056000000,14.041731409
25.776068773,105.123000000,14.039822813
25.775876035,105.190000000,14.037911244
25.775718543,105.257000000,14.035996705
25.775596321,105.324000000,14.034079200
25.775509390,105.391000000,14.032158735
25.775457774,105.458000000,14.030235312
25.775441495,105.525000000,14.028308936
25.775460576,105.592000000,14.026379612
25.775515040,105.659000000,14.024447342
25.775604908,105.726000000,14.022512132
25.775730205,105.793000000,14.020573985
25.775890951,105.860000000,14.018632906
25.776087171,105.927000000,14.016688898
25.776318887,105.994000000,14.014741966
25.776586121,106.061000000,14.012792113
25.776888896,106.128000000,14.010839344
25.777227234,106.195000000,14.008883663
25.777601159,106.262000000,14.006925075
25.778010693,106.329000000,14.004963582
25.778455858,106.396000000,14.002999189
25.778936678,106.463000000,14.001031901
25.779453174,106.530000000,13.999061721
25.780005370,106.597000000,13.997088654
25.780593288,106.664000000,13.995112703
25.781216951,106.731000000,13.993133872
25.781876381,106.798000000,13.991152167
25.782571602,106.865000000,13.989167590
25.783302635,106.932000000,13.987180147
25.784069504,106.999000000,13.985189840
25.784872230,107.066000000,13.983196674
25.785710837,107.133000000,13.981200654
25.786585348,107.200000000,13.979201783
25.787495784,107.267000000,13.977200065
25.788442170,107.334000000,13.975195505
25.789424526,107.401000000,13.973188106
25.790442876,107.468000000,13.971177873
25.791497243,107.535000000,13.969164810
25.792587649,107.602000000,13.967148921
25.793714117,107.669000000,13.965130209
25.794876669,107.736000000,13.963108680
25.796075328,107.803000000,13.961084337
25.797310117,107.870000000,13.959057184
25.798581059,107.937000000,13.957027225
25.799888176,108.004000000,13.954994465
25.801231490,108.071000000,13.952958908
25.802611025,108.138000000,13.950920557
25.804026802,108.205000000,13.948879416
25.805478845,108.272000000,13.946835491
25.806967177,108.339000000,13.944788784
25.808491819,108.406000000,13.942739300
25.810052795,108.473000000,13.940687044
25.811650128,108.540000000,13.938632018
25.813283839,108.607000000,13.936574228
25.814953951,108.674000000,13.934513677
25.816660488,108.741000000,13.932450370
25.818403472,108.808000000,13.930384310
25.820182924,108.875000000,13.928315502
25.821998869,108.942000000,13.926243949
25.823851329,109.009000000,13.924169656
25.825740326,109.076000000,13.922092628
25.827665883,109.143000000,13.920012867
25.829628023,109.210000000,13.917930378
25.831626768,109.277000000,13.915845166
25.833662141,109.344000000,13.913757234
25.835734165,109.411000000,13.911666586
25.837842862,109.478000000,13.909573226
25.839988255,109.545000000,13.907477160
25.842170366,109.612000000,13.905378389
25.844389218,109.679000000,13.903276920
25.846644834,109.746000000,13.901172756
25.848937237,109.813000000,13.899065900
25.851266449,109.880000000,13.896956357
25.853632493,109.947000000,13.894844132
25.856035390,110.014000000,13.892729228
25.858475165,110.081000000,13.890611649
25.860951840,110.148000000,13.888491399
25.863465437,110.215000000,13.886368483
25.866015979,110.282000000,13.884242905
25.868603489,110.349000000,13.882114668
25.871227989,110.416000000,13.879983777
25.873889501,110.483000000,13.877850236
25.876588050,110.550000000,13.875714049
25.879323656,110.617000000,13.873575220
25.882096343,110.684000000,13.871433753
25.884906134,110.751000000,13.869289652
25.887753051,110.818000000,13.867142922
25.890637117,110.885000000,13.864993566
25.893558354,110.952000000,13.862841589
25.896516785,111.019000000,13.860686994
25.899512433,111.086000000,13.858529786
25.902545321,111.153000000,13.856369968
25.905615470,111.220000000,13.854207546
25.908722904,111.287000000,13.852042523
25.911867645,111.354000000,13.849874902
25.915049716,111.421000000,13.847704689
25.918269140,111.488000000,13.845531887
25.921525939,111.555000000,13.843356501
25.924820136,111.622000000,13.841178534
25.928151753,111.689000000,13.838997990
25.931520814,111.756000000,13.836814874
25.934927340,111.823000000,13.834629190
25.938371355,111.890000000,13.832440942
25.941852881,111.957000000,13.830250133
25.945371940,112.024000000,13.828056769
25.948928556,112.091000000,13.825860853
25.952522751,112.158000000,13.823662389
25.956154548,112.225000000,13.821461381
25.959823969,112.292000000,13.819257833
25.963531037,112.359000000,13.817051751
25.967275774,112.426000000,13.814843136
25.971058204,112.493000000,13.812631994
25.974878349,112.560000000,13.810418330
25.978736231,112.627000000,13.808202145
25.982631874,112.694000000,13.805983446
25.986565299,112.761000000,13.803762236
25.990536530,112.828000000,13.801538519
25.994545588,112.895000000,13.799312300
25.998592498,112.962000000,13.797083581
26.002677281,113.029000000,13.794852368
26.006799960,113.096000000,13.792618665
26.010960558,113.163000000,13.790382475
26.015159097,113.230000000,13.788143802
26.019395600,113.297000000,13.785902652
26.023670090,113.364000000,13.783659027
26.027982589,113.431000000,13.781412933
26.032333120,113.498000000,13.779164372
26.036721705,113.565000000,13.776913350
26.041148368,113.632000000,13.774659870
26.045613131,113.699000000,13.772403936
26.050116016,113.766000000,13.770145553
26.054657046,113.833000000,13.767884724
26.059236244,113.900000000,13.765621454
26.063853632,113.967000000,13.763355746
26.068509234,114.034000000,13.761087605
26.073203071,114.101000000,13.758817036
26.077935167,114.168000000,13.756544041
26.082705544,114.235000000,13.754268625
26.087514224,114.302000000,13.751990793
26.092361230,114.369000000,13.749710547
26.097246586,114.436000000,13.747427893
26.102170313,114.503000000,13.745142835
26.107132435,114.570000000,13.742855376
26.112132973,114.637000000,13.740565521
26.117171951,114.704000000,13.738273273
26.122249391,114.771000000,13.735978638
26.127365315,114.838000000,13.733681618
26.132519748,114.905000000,13.731382218
26.137712710,114.972000000,13.729080443
26.142944225,115.039000000,13.726776295
26.148214316,115.106000000,13.724469780
26.153523004,115.173000000,13.722160902
26.158870313,115.240000000,13.719849663
26.164256266,115.307000000,13.717536070
26.169680885,115.374000000,13.715220125
26.175144192,115.441000000,13.712901833
26.180646210,115.508000000,13.710581197
26.186186963,115.575000000,13.708258223
26.191766471,115.642000000,13.705932914
26.197384760,115.709000000,13.703605274
26.203041850,115.776000000,13.701275307
26.208737764,115.843000000,13.698943017
26.214472526,115.910000000,13.696608409
26.220246157,115.977000000,13.694271486
26.226058681,116.044000000,13.691932253
26.231910120,116.111000000,13.689590713
26.237800496,116.178000000,13.687246872
26.243729833,116.245000000,13.684900732
26.249698153,116.312000000,13.682552298
26.255705478,116.379000000,13.680201575
26.261751832,116.446000000,13.677848565
26.267837237,116.513000000,13.675493274
26.273961716,116.580000000,13.673135705
26.280125290,116.647000000,13.670775862
26.286327984,116.714000000,13.668413751
26.292569819,116.781000000,13.666049373
26.298850818,116.848000000,13.663682735
26.305171004,116.915000000,13.661313839
26.311530399,116.982000000,13.658942690
26.317929027,117.049000000,13.656569292
26.324366909,117.116000000,13.654193649
26.330844069,117.183000000,13.651815766
26.337360528,117.250000000,13.649435645
26.343916311,117.317000000,13.647053293
26.350511438,117.384000000,13.644668711
26.357145934,117.451000000,13.642281905
26.363819820,117.518000000,13.639892879
26.370533120,117.585000000,13.637501636
26.377285855,117.652000000,13.635108182
26.384078049,117.719000000,13.632712519
26.390909724,117.786000000,13.630314652
26.397780903,117.853000000,13.627914586
26.404691608,117.920000000,13.625512323
26.411641863,117.987000000,13.623107869
26.418631689,118.054000000,13.620701228
26.425661110,118.121000000,13.618292403
26.432730148,118.188000000,13.615881398
26.439838825,118.255000000,13.613468218
26.446987165,118.322000000,13.611052867
26.454175190,118.389000000,13.608635349
26.461402922,118.456000000,13.606215667
26.468670385,118.523000000,13.603793827
26.475977601,118.590000000,13.601369832
26.483324592,118.657000000,13.598943686
26.490711381,118.724000000,13.596515394
26.498137992,118.791000000,13.594084959
26.505604446,118.858000000,13.591652385
26.513110766,118.925000000,13.589217677
26.520656974,118.992000000,13.586780839
26.528243095,119.059000000,13.584341874
26.535869149,119.126000000,13.581900788
26.543535160,119.193000000,13.579457583
26.551241150,119.260000000,13.577012264
26.558987143,119.327000000,13.574564836
26.566773160,119.394000000,13.572115302
26.574599224,119.461000000,13.569663666
26.582465358,119.528000000,13.567209933
26.590371585,119.595000000,13.564754106
26.598317927,119.662000000,13.562296190
26.606304408,119.729000000,13.559836189
26.614331048,119.796000000,13.557374106
26.622397872,119.863000000,13.554909947
26.630504901,119.930000000,13.552443714
26.638652160,119.997000000,13.549975412
26.646839669,120.064000000,13.547505046
26.655067452,120.131000000,13.545032619
26.663335531,120.198000000,13.542558135
26.671643929,120.265000000,13.540081599
26.679992669,120.332000000,13.537603015
26.688381774,120.399000000,13.535122386
26.696811265,120.466000000,13.532639716
26.705281166,120.533000000,13.530155011
26.713791499,120.600000000,13.527668274
26.722342287,120.667000000,13.525179508
26.730933553,120.734000000,13.522688719
26.739565319,120.801000000,13.520195910
26.748237608,120.868000000,13.517701085
26.756950442,120.935000000,13.515204249
26.765703845,121.002000000,13.512705405
26.774497838,121.069000000,13.510204558
26.783332444,121.136000000,13.507701711
26.792207687,121.203000000,13.505196870
26.801123588,121.270000000,13.502690037
26.810080171,121.337000000,13.500181217
26.819077458,121.404000000,13.497670414
26.828115471,121.471000000,13.495157632
26.837194234,121.538000000,13.492642876
26.846313769,121.605000000,13.490126149
26.855474098,121.672000000,13.487607455
26.864675245,121.739000000,13.485086799
26.873917231,121.806000000,13.482564184
26.883200080,121.873000000,13.480039615
26.892523814,121.940000000,13.477513096
26.901888456,122.007000000,13.474984631
26.911294028,122.074000000,13.472454224
26.920740553,122.141000000,13.469921879
26.930228054,122.208000000,13.467387600
26.939756554,122.275000000,13.464851392
26.949326075,122.342000000,13.462313257
26.958936639,122.409000000,13.459773202
26.968588269,122.476000000,13.457231228
26.978280989,122.543000000,13.454687342
26.988014820,122.610000000,13.452141546
26.997789785,122.677000000,13.449593845
27.007605908,122.744000000,13.447044243
27.017463210,122.811000000,13.444492744
27.027361714,122.878000000,13.441939352
27.037301443,122.945000000,13.439384071
27.047282419,123.012000000,13.436826905
27.057304665,123.079000000,13.434267859
27.067368205,123.146000000,13.431706937
27.077473059,123.213000000,13.429144142
27.087619252,123.280000000,13.426579478
27.097806806,123.347000000,13.424012951
27.108035746,123.414000000,13.421444561
27.118306098,123.481000000,13.418874314
27.128617887,123.548000000,13.416302212
27.138971140,123.615000000,13.413728257
27.149365880,123.682000000,13.411152452
27.159802135,123.749000000,13.408574802
27.170279929,123.816000000,13.405995308
27.180799288,123.883000000,13.403413973
27.191360238,123.950000000,13.400830801
27.201962804,124.017000000,13.398245795
27.212607012,124.084000000,13.395658957
27.223292886,124.151000000,13.393070291
27.234020454,124.218000000,13.390479799
27.244789740,124.285000000,13.387887485
27.255600770,124.352000000,13.385293351
27.266453570,124.419000000,13.382697401
27.277348164,124.486000000,13.380099637
27.288284579,124.553000000,13.377500062
27.299262840,124.620000000,13.374898680
27.310282972,124.687000000,13.372295493
27.321345002,124.754000000,13.369690505
27.332448955,124.821000000,13.367083718
27.343594855,124.888000000,13.364475135
27.354782730,124.955000000,13.361864759
27.366012604,125.022000000,13.359252594
27.377284503,125.089000000,13.356638642
27.388598452,125.156000000,13.354022906
27.399954477,125.223000000,13.351405389
27.411352604,125.290000000,13.348786095
27.422792857,125.357000000,13.346165025
27.434275264,125.424000000,13.343542184
27.445799848,125.491000000,13.340917574
27.457366637,125.558000000,13.338291198
27.468975654,125.625000000,13.335663059
27.480626927,125.692000000,13.333033160
27.492320479,125.759000000,13.330401504
27.504056338,125.826000000,13.327768094
27.515834528,125.893000000,13.325132933
27.527655075,125.960000000,13.322496024
27.539518005,126.027000000,13.319857370
27.551423342,126.094000000,13.317216974
27.563371113,126.161000000,13.314574839
27.575361344,126.228000000,13.311930968
27.587394059,126.295000000,13.309285364
27.599469284,126.362000000,13.306638029
27.611587046,126.429000000,13.303988967
27.623747368,126.496000000,13.301338182
27.635950277,126.563000000,13.298685674
27.648195799,126.630000000,13.296031449
27.660483959,126.697000000,13.293375509
27.672814783,126.764000000,13.290717856
27.685188295,126.831000000,13.288058494
27.697604522,126.898000000,13.285397425
27.710063490,126.965000000,13.282734653
27.722565223,127.032000000,13.280070181
27.735109747,127.099000000,13.277404012
27.747697088,127.166000000,13.274736148
27.760327271,127.233000000,13.272066592
27.773000323,127.300000000,13.269395348
27.785716267,127.367000000,13.266722419
27.798475131,127.434000000,13.264047808
27.811276939,127.501000000,13.261371516
27.824121718,127.568000000,13.258693549
27.837009492,127.635000000,13.256013907
27.849940287,127.702000000,13.253332595
27.862914129,127.769000000,13.250649616
27.875931043,127.836000000,13.247964972
27.888991055,127.903000000,13.245278666
27.902094190,127.970000000,13.242590702
27.915240475,128.037000000,13.239901082
27.928429933,128.104000000,13.237209810
27.941662592,128.171000000,13.234516887
27.954938476,128.238000000,13.231822318
27.968257611,128.305000000,13.229126106
27.981620023,128.372000000,13.226428252
27.995025737,128.439000000,13.223728761
28.008474779,128.506000000,13.221027635
28.021967174,128.573000000,13.218324877
28.035502948,128.640000000,13.215620490
28.049082107,128.707000000,13.212914477
28.062704584,128.774000000,13.210206841
28.076370289,128.841000000,13.207497583
28.090079135,128.908000000,13.204786705
28.103831035,128.975000000,13.202074211
28.117625901,129.042000000,13.199360101
28.131463646,129.109000000,13.196644379
28.145344181,129.176000000,13.193927045
28.159267419,129.243000000,13.191208104
28.173233272,129.310000000,13.188487556
28.187241653,129.377000000,13.185765403
28.201292474,129.444000000,13.183041649
28.215385647,129.511000000,13.180316295
28.229521085,129.578000000,13.177589343
28.243698700,129.645000000,13.174860795
28.257918404,129.712000000,13.172130654
28.272180110,129.779000000,13.169398922
28.286483729,129.846000000,13.166665601
28.300829175,129.913000000,13.163930693
28.315216360,129.980000000,13.161194200
28.329645195,130.047000000,13.158456125
28.344115594,130.114000000,13.155716469
28.358627468,130.181000000,13.152975235
28.373180730,130.248000000,13.150232425
28.387775293,130.315000000,13.147488041
28.402411068,130.382000000,13.144742085
28.417087967,130.449000000,13.141994560
28.431805904,130.516000000,13.139245467
28.446564791,130.583000000,13.136494809
28.461364539,130.650000000,13.133742588
28.476205062,130.717000000,13.130988806
28.491086271,130.784000000,13.128233466
28.506008079,130.851000000,13.125476568
28.520970398,130.918000000,13.122718117
28.535973141,130.985000000,13.119958113
28.551016219,131.052000000,13.117196559
28.566099546,131.119000000,13.114433457
28.581223033,131.186000000,13.111668809
28.596386593,131.253000000,13.108902618
28.611590138,131.320000000,13.106134885
28.626833581,131.387000000,13.103365613
28.642116833,131.454000000,13.100594804
28.657439808,131.521000000,13.097822460
28.672802417,131.588000000,13.095048583
28.688204573,131.655000000,13.092273176
28.703646188,131.722000000,13.089496240
28.719127174,131.789000000,13.086717778
28.734647444,131.856000000,13.083937791
28.750206910,131.923000000,13.081156283
28.765805485,131.990000000,13.078373255
28.781443080,132.057000000,13.075588710
28.797119609,132.124000000,13.072802649
28.812834983,132.191000000,13.070015074
28.828589115,132.258000000,13.067225989
28.844381916,132.325000000,13.064435395
28.860213300,132.392000000,13.061643294
28.876083179,132.459000000,13.058849688
28.891991465,132.526000000,13.056054580
28.907938070,132.593000000,13.053257971
28.923922907,132.660000000,13.050459864
28.939945888,132.727000000,13.047660262
28.956006926,132.794000000,13.044859165
28.972105932,132.861000000,13.042056577
28.988242819,132.928000000,13.039252500
29.004417499,132.995000000,13.036446935
29.020629885,133.062000000,13.033639885
29.036879889,133.129000000,13.030831352
29.053167424,133.196000000,13.028021338
29.069492401,133.263000000,13.025209846
29.085854733,133.330000000,13.022396877
29.102254332,133.397000000,13.019582434
29.118691111,133.464000000,13.016766518
29.135164982,133.531000000,13.013949133
29.151675858,133.598000000,13.011130280
29.168223650,133.665000000,13.008309961
29.184808271,133.732000000,13.005488179
29.201429633,133.799000000,13.002664935
29.218087649,133.866000000,12.999840232
29.234782230,133.933000000,12.997014073
29.251513290,134.000000000,12.994186458
29.268280741,134.067000000,12.991357391
29.285084494,134.134000000,12.988526873
29.301924463,134.201000000,12.985694907
29.318800559,134.268000000,12.982861494
29.335712696,134.335000000,12.980026638
29.352660784,134.402000000,12.977190340
29.369644737,134.469000000,12.974352602
29.386664467,134.536000000,12.971513427
29.403719886,134.603000000,12.968672816
29.420810907,134.670000000,12.965830772
29.437937441,134.737000000,12.962987298
29.455099402,134.804000000,12.960142394
29.472296701,134.871000000,12.957296064
29.489529252,134.938000000,12.954448309
29.506796965,135.005000000,12.951599131
29.524099754,135.072000000,12.948748534
29.541437530,135.139000000,12.945896518
29.558810207,135.206000000,12.943043087
29.576217697,135.273000000,12.940188242
29.593659911,135.340000000,12.937331985
29.611136762,135.407000000,12.934474320
29.628648163,135.474000000,12.931615246
29.646194025,135.541000000,12.928754768
29.663774262,135.608000000,12.925892887
29.681388785,135.675000000,12.923029605
29.699037507,135.742000000,12.920164925
29.716720341,135.809000000,12.917298849
29.734437197,135.876000000,12.914431378
29.752187989,135.943000000,12.911562515
29.769972630,136.010000000,12.908692262
29.787791031,136.077000000,12.905820621
29.805643104,136.144000000,12.902947595
29.823528763,136.211000000,12.900073186
29.841447919,136.278000000,12.897197395
29.859400485,136.345000000,12.894320225
29.877386373,136.412000000,12.891441679
29.895405496,136.479000000,12.888561758
29.913457765,136.546000000,12.885680464
29.931543093,136.613000000,12.882797799
29.949661392,136.680000000,12.879913767
29.967812576,136.747000000,12.877028368
29.985996555,136.814000000,12.874141606
30.004213243,136.881000000,12.871253481
30.022462551,136.948000000,12.868363998
30.040744392,137.015000000,12.865473156
30.059058679,137.082000000,12.862580960
30.077405323,137.149000000,12.859687410
30.095784238,137.216000000,12.856792510
30.114195335,137.283000000,12.853896261
30.132638526,137.350000000,12.850998665
30.151113724,137.417000000,12.848099725
30.169620842,137.484000000,12.845199442
30.188159792,137.551000000,12.842297820
30.206730485,137.618000000,12.839394859
30.225332835,137.685000000,12.836490563
30.243966753,137.752000000,12.833584933
30.262632152,137.819000000,12.830677972
30.281328945,137.886000000,12.827769682
30.300057043,137.953000000,12.824860064
30.318816359,138.020000000,12.821949121
30.337606805,138.087000000,12.819036856
30.356428294,138.154000000,12.816123270
30.375280738,138.221000000,12.813208366
30.394164049,138.288000000,12.810292145
30.413078140,138.355000000,12.807374611
30.432022923,138.422000000,12.804455764
30.450998309,138.489000000,12.801535608
30.470004213,138.556000000,12.798614144
30.489040545,138.623000000,12.795691374
30.508107219,138.690000000,12.792767301
30.527204146,138.757000000,12.789841927
30.546331239,138.824000000,12.786915255
30.565488410,138.891000000,12.783987285
30.584675572,138.958000000,12.781058021
30.603892636,139.025000000,12.778127464
30.623139516,139.092000000,12.775195617
30.642416123,139.159000000,12.772262482
30.661722371,139.226000000,12.769328061
30.681058170,139.293000000,12.766392356
30.700423434,139.360000000,12.763455369
30.719818074,139.427000000,12.760517103
30.739242004,139.494000000,12.757577560
30.758695135,139.561000000,12.754636742
30.778177380,139.628000000,12.751694650
30.797688652,139.695000000,12.748751288
30.817228861,139.762000000,12.745806657
30.836797922,139.829000000,12.742860760
30.856395746,139.896000000,12.739913598
30.876022245,139.963000000,12.736965174
30.895677332,140.030000000,12.734015491
30.915360919,140.097000000,12.731064549
30.935072918,140.164000000,12.728112352
30.954813242,140.231000000,12.725158901
30.974581803,140.298000000,12.722204199
30.994378514,140.365000000,12.719248248
31.014203287,140.432000000,12.716291050
31.034056033,140.499000000,12.713332607
31.053936666,140.566000000,12.710372921
31.073845098,140.633000000,12.707411995
31.093781240,140.700000000,12.704449830
31.113745007,140.767000000,12.701486429
31.133736308,140.834000000,12.698521795
31.153755058,140.901000000,12.695555928
31.173801168,140.968000000,12.692588832
31.193874551,141.035000000,12.689620508
31.213975119,141.102000000,12.686650959
31.234102785,141.169000000,12.683680187
31.254257460,141.236000000,12.680708194
31.274439057,141.303000000,12.677734982
31.294647488,141.370000000,12.674760553
31.314882666,141.437000000,12.671784910
31.335144503,141.504000000,12.668808054
31.355432912,141.571000000,12.665829988
31.375747804,141.638000000,12.662850714
31.396089092,141.705000000,12.659870234
31.416456688,141.772000000,12.656888551
31.436850505,141.839000000,12.653905666
31.457270455,141.906000000,12.650921582
31.477716450,141.973000000,12.647936300
31.498188403,142.040000000,12.644949824
31.518686225,142.107000000,12.641962154
31.539209831,142.174000000,12.638973294
31.559759130,142.241000000,12.635983245
31.580334037,142.308000000,12.632992010
31.600934463,142.375000000,12.629999591
31.621560320,142.442000000,12.627005990
31.642211521,142.509000000,12.624011209
31.662887979,142.576000000,12.621015250
31.683589605,142.643000000,12.618018115
31.704316312,142.710000000,12.615019808
31.725068012,142.777000000,12.612020329
31.745844618,142.844000000,12.609019680
31.766646042,142.911000000,12.606017865
31.787472196,142.978000000,12.603014886
31.808322992,143.045000000,12.600010744
31.829198344,143.112000000,12.597005441
31.850098162,143.179000000,12.593998980
31.871022360,143.246000000,12.590991363
31.891970850,143.313000000,12.587982592
31.912943544,143.380000000,12.584972670
31.933940355,143.447000000,12.581961597
31.954961194,143.514000000,12.578949378
31.976005975,143.581000000,12.575936013
31.997074609,143.648000000,12.572921505
32.018167009,143.715000000,12.569905856
32.039283087,143.782000000,12.566889069
32.060422755,143.849000000,12.563871145
32.081585927,143.916000000,12.560852086
32.102772513,143.983000000,12.557831895
32.123982427,144.050000000,12.554810575
32.145215581,144.117000000,12.551788126
32.166471886,144.184000000,12.548764551
32.187751257,144.251000000,12.545739853
32.209053604,144.318000000,12.542714034
32.230378840,144.385000000,12.539687095
32.251726877,144.452000000,12.536659039
32.273097629,144.519000000,12.533629868
32.294491006,144.586000000,12.530599584
32.315906922,144.653000000,12.527568190
32.337345288,144.720000000,12.524535688
32.358806018,144.787000000,12.521502079
32.380289023,144.854000000,12.518467366
32.401794216,144.921000000,12.515431551
32.423321508,144.988000000,12.512394636
32.444870814,145.055000000,12.509356624
32.466442043,145.122000000,12.506317516
32.488035110,145.189000000,12.503277315
32.509649927,145.256000000,12.500236023
32.531286404,145.323000000,12.497193642
32.552944456,145.390000000,12.494150174
32.574623995,145.457000000,12.491105621
32.596324932,145.524000000,12.488059986
32.618047180,145.591000000,12.485013271
32.639790651,145.658000000,12.481965477
32.661555258,145.725000000,12.478916608
32.683340913,145.792000000,12.475866665
32.705147528,145.859000000,12.472815650
32.726975016,145.926000000,12.469763566
32.748823289,145.993000000,12.466710414
32.770692259,146.060000000,12.463656198
32.792581839,146.127000000,12.460600918
32.814491940,146.194000000,12.457544577
32.836422476,146.261000000,12.454487178
32.858373359,146.328000000,12.451428723
32.880344501,146.395000000,12.448369213
32.902335813,146.462000000,12.445308651
32.924347210,146.529000000,12.442247039
32.946378602,146.596000000,12.439184379
32.968429903,146.663000000,12.436120673
32.990501024,146.730000000,12.433055924
33.012591878,146.797000000,12.429990134
33.034702377,146.864000000,12.426923305
33.056832434,146.931000000,12.423855438
33.078981961,146.998000000,12.420786537
33.101150870,147.065000000,12.417716603
33.123339073,147.132000000,12.414645639
33.145546484,147.199000000,12.411573646
33.167773013,147.266000000,12.408500627
33.190018574,147.333000000,12.405426584
33.212283079,147.400000000,12.402351519
33.234566441,147.467000000,12.399275435
33.256868570,147.534000000,12.396198333
33.279189381,147.601000000,12.393120216
33.301528784,147.668000000,12.390041085
33.323886694,147.735000000,12.386960944
33.346263021,147.802000000,12.383879793
33.368657678,147.869000000,12.380797636
33.391070577,147.936000000,12.377714475
33.413501632,148.003000000,12.374630311
33.435950753,148.070000000,12.371545147
33.458417854,148.137000000,12.368458985
33.480902847,148.204000000,12.365371827
33.503405644,148.271000000,12.362283675
33.525926157,148.338000000,12.359194532
33.548464300,148.405000000,12.356104399
33.571019983,148.472000000,12.353013280
33.593593120,148.539000000,12.349921175
33.616183622,148.606000000,12.346828087
33.638791403,148.673000000,12.343734019
33.661416373,148.740000000,12.340638972
33.684058447,148.807000000,12.337542949
33.706717536,148.874000000,12.334445952
33.729393552,148.941000000,12.331347982
33.752086408,149.008000000,12.328249043
33.774796016,149.075000000,12.325149136
33.797522288,149.142000000,12.322048263
33.820265137,149.209000000,12.318946427
33.843024475,149.276000000,12.315843630
33.865800215,149.343000000,12.312739874
33.888592268,149.410000000,12.309635160
33.911400547,149.477000000,12.306529492
33.934224965,149.544000000,12.303422872
33.957065433,149.611000000,12.300315301
33.979921864,149.678000000,12.297206782
34.002794171,149.745000000,12.294097317
34.025682265,149.812000000,12.290986908
34.048586059,149.879000000,12.287875557
34.071505465,149.946000000,12.284763267
34.094440397,150.013000000,12.281650039
34.117390765,150.080000000,12.278535876
34.140356482,150.147000000,12.275420780
34.163337461,150.214000000,12.272304753
34.186333614,150.281000000,12.269187798
34.209344853,150.348000000,12.266069915
34.232371091,150.415000000,12.262951109
34.255412240,150.482000000,12.259831380
34.278468212,150.549000000,12.256710731
34.301538920,150.616000000,12.253589164
34.324624276,150.683000000,12.250466681
34.347724191,150.750000000,12.247343285
34.370838580,150.817000000,12.244218977
34.393967353,150.884000000,12.241093760
34.417110424,150.951000000,12.237967636
34.440267704,151.018000000,12.234840607
34.463439106,151.085000000,12.231712676
34.486624543,151.152000000,12.228583843
34.509823925,151.219000000,12.225454112
34.533037167,151.286000000,12.222323485
34.556264180,151.353000000,12.219191964
34.579504876,151.420000000,12.216059551
34.602759169,151.487000000,12.212926248
34.626026969,151.554000000,12.209792058
34.649308190,151.621000000,12.206656982
34.672602744,151.688000000,12.203521023
34.695910543,151.755000000,12.200384183
34.719231500,151.822000000,12.197246463
34.742565526,151.889000000,12.194107867
34.765912535,151.956000000,12.190968397
34.789272438,152.023000000,12.187828054
34.812645148,152.090000000,12.184686840
34.836030577,152.157000000,12.181544759
34.859428637,152.224000000,12.178401811
34.882839241,152.291000000,12.175258000
34.906262302,152.358000000,12.172113327
34.929697730,152.425000000,12.168967795
34.953145440,152.492000000,12.165821405
34.976605343,152.559000000,12.162674160
35.000077351,152.626000000,12.159526063
35.023561377,152.693000000,12.156377114
35.047057333,152.760000000,12.153227317
35.070565131,152.827000000,12.150076673
35.094084684,152.894000000,12.146925185
35.117615904,152.961000000,12.143772855
35.141158704,153.028000000,12.140619685
35.164712995,153.095000000,12.137465677
35.188278691,153.162000000,12.134310833
35.211855703,153.229000000,12.131155156
35.235443943,153.296000000,12.127998648
35.259043325,153.363000000,12.124841310
35.282653760,153.430000000,12.121683146
35.306275160,153.497000000,12.118524157
35.329907439,153.564000000,12.115364345
35.353550508,153.631000000,12.112203712
35.377204280,153.698000000,12.109042261
35.400868666,153.765000000,12.105879994
35.424543581,153.832000000,12.102716913
35.448228934,153.899000000,12.099553021
35.471924640,153.966000000,12.096388318
35.495630610,154.033000000,12.093222808
35.519346757,154.100000000,12.090056493
35.543072992,154.167000000,12.086889374
35.566809229,154.234000000,12.083721455
35.590555380,154.301000000,12.080552736
35.614311357,154.368000000,12.077383221
35.638077071,154.435000000,12.074212912
35.661852437,154.502000000,12.071041810
35.685637365,154.569000000,12.067869918
35.709431769,154.636000000,12.064697238
35.733235560,154.703000000,12.061523772
35.757048652,154.770000000,12.058349522
35.780870955,154.837000000,12.055174491
35.804702383,154.904000000,12.051998680
35.828542848,154.971000000,12.048822092
35.852392262,155.038000000,12.045644730
35.876250538,155.105000000,12.042466594
35.900117588,155.172000000,12.039287688
35.923993324,155.239000000,12.036108013
35.947877658,155.306000000,12.032927572
35.971770504,155.373000000,12.029746366
35.995671772,155.440000000,12.026564399
36.019581375,155.507000000,12.023381672
36.043499217,155.574000000,12.020198189
36.067425202,155.641000000,12.017013955
36.091359234,155.708000000,12.013828974
36.115301217,155.775000000,12.010643251
36.139251055,155.842000000,12.007456789
36.163208651,155.909000000,12.004269593
36.187173909,155.976000000,12.001081668
36.211146733,156.043000000,11.997893017
36.235127027,156.110000000,11.994703644
36.259114694,156.177000000,11.991513555
36.283109639,156.244000000,11.988322754
36.307111765,156.311000000,11.985131244
36.331120976,156.378000000,11.981939030
36.355137176,156.445000000,11.978746117
36.379160269,156.512000000,11.975552508
36.403190158,156.579000000,11.972358209
36.427226747,156.646000000,11.969163222
36.451269940,156.713000000,11.965967553
36.475319641,156.780000000,11.962771206
36.499375754,156.847000000,11.959574186
36.523438183,156.914000000,11.956376496
36.547506830,156.981000000,11.953178140
36.571581601,157.048000000,11.949979124
36.595662399,157.115000000,11.946779451
36.619749127,157.182000000,11.943579126
36.643841690,157.249000000,11.940378153
36.667939991,157.316000000,11.937176536
36.692043934,157.383000000,11.933974280
36.716153423,157.450000000,11.930771389
36.740268362,157.517000000,11.927567867
36.764388655,157.584000000,11.924363718
36.788514205,157.651000000,11.921158948
36.812644916,157.718000000,11.917953560
36.836780692,157.785000000,11.914747558
36.860921437,157.852000000,11.911540946
36.885067054,157.919000000,11.908333730
36.909217448,157.986000000,11.905125914
36.933372522,158.053000000,11.901917500
36.957532180,158.120000000,11.898708495
36.981696325,158.187000000,11.895498903
37.005864863,158.254000000,11.892288726
37.030037695,158.321000000,11.889077971
37.054214727,158.388000000,11.885866641
37.078395862,158.455000000,11.882654740
37.102581004,158.522000000,11.879442273
37.126770057,158.589000000,11.876229245
37.150962924,158.656000000,11.873015658
37.175159509,158.723000000,11.869801519
37.199359716,158.790000000,11.866586830
37.223563450,158.857000000,11.863371597
37.247770612,158.924000000,11.860155823
37.271981109,158.991000000,11.856939514
37.296194843,159.058000000,11.853722672
37.320411717,159.125000000,11.850505303
37.344631637,159.192000000,11.847287411
37.368854505,159.259000000,11.844069000
37.393080226,159.326000000,11.840850074
37.417308703,159.393000000,11.837630639
37.441539841,159.460000000,11.834410697
37.465773542,159.527000000,11.831190254
37.490009711,159.594000000,11.827969313
37.514248252,159.661000000,11.824747879
37.538489068,159.728000000,11.821525957
37.562732063,159.795000000,11.818303550
37.586977141,159.862000000,11.815080663
37.611224206,159.929000000,11.811857300
37.635473161,159.996000000,11.808633466
37.659723911,160.063000000,11.805409164
37.683976359,160.130000000,11.802184400
37.708230410,160.197000000,11.798959177
37.732485965,160.264000000,11.795733499
37.756742931,160.331000000,11.792507372
37.781001210,160.398000000,11.789280799
37.805260706,160.465000000,11.786053785
37.829521323,160.532000000,11.782826333
37.853782966,160.599000000,11.779598449
37.878045536,160.666000000,11.776370136
37.902308940,160.733000000,11.773141399
37.926573079,160.800000000,11.769912243
37.950837859,160.867000000,11.766682670
37.975103182,160.934000000,11.763452687
37.999368953,161.001000000,11.760222296
38.023635076,161.068000000,11.756991503
38.047901454,161.135000000,11.753760311
38.072167991,161.202000000,11.750528726
38.096434591,161.269000000,11.747296751
38.120701158,161.336000000,11.744064390
38.144967595,161.403000000,11.740831648
38.169233806,161.470000000,11.737598529
38.193499696,161.537000000,11.734365038
38.217765168,161.604000000,11.731131179
38.242030125,161.671000000,11.727896955
38.266294472,161.738000000,11.724662372
38.290558113,161.805000000,11.721427434
38.314820950,161.872000000,11.718192145
38.339082889,161.939000000,11.714956509
38.363343832,162.006000000,11.711720530
38.387603684,162.073000000,11.708484214
38.411862348,162.140000000,11.705247564
38.436119729,162.207000000,11.702010584
38.460375730,162.274000000,11.698773279
38.484630254,162.341000000,11.695535653
38.508883206,162.408000000,11.692297711
38.533134489,162.475000000,11.689059456
38.557384008,162.542000000,11.685820894
38.581631666,162.609000000,11.682582027
38.605877367,162.676000000,11.679342862
38.630121014,162.743000000,11.676103401
38.654362512,162.810000000,11.672863650
38.678601764,162.877000000,11.669623612
38.702838674,162.944000000,11.666383292
38.727073146,163.011000000,11.663142694
38.751305084,163.078000000,11.659901823
38.775534391,163.145000000,11.656660682
38.799760971,163.212000000,11.653419277
38.823984729,163.279000000,11.650177611
38.848205568,163.346000000,11.646935688
38.872423391,163.413000000,11.643693514
38.896638103,163.480000000,11.640451091
38.920849607,163.547000000,11.637208426
38.945057807,163.614000000,11.633965521
38.969262608,163.681000000,11.630722382
38.993463912,163.748000000,11.627479012
39.017661623,163.815000000,11.624235416
39.041855647,163.882000000,11.620991598
39.066045885,163.949000000,11.617747562
39.090232242,164.016000000,11.614503313
39.114414622,164.083000000,11.611258855
39.138592929,164.150000000,11.608014193
39.162767066,164.217000000,11.604769330
39.186936937,164.284000000,11.601524271
39.211102446,164.351000000,11.598279020
39.235263497,164.418000000,11.595033582
39.259419994,164.485000000,11.591787961
39.283571841,164.552000000,11.588542161
39.307718940,164.619000000,11.585296186
39.331861197,164.686000000,11.582050041
39.355998514,164.753000000,11.578803730
39.380130796,164.820000000,11.575557258
39.404257947,164.887000000,11.572310628
39.428379870,164.954000000,11.569063845
39.452496469,165.021000000,11.565816913
39.476607647,165.088000000,11.562569837
39.500713310,165.155000000,11.559322621
39.524813360,165.222000000,11.556075269
39.548907702,165.289000000,11.552827786
39.572996238,165.356000000,11.549580175
39.597078874,165.423000000,11.546332442
39.621155512,165.490000000,11.543084590
39.645226057,165.557000000,11.539836623
39.669290412,165.624000000,11.536588547
39.693348481,165.691000000,11.533340365
39.717400168,165.758000000,11.530092081
39.741445377,165.825000000,11.526843701
39.765484012,165.892000000,11.523595228
39.789515976,165.959000000,11.520346666
39.813541173,166.026000000,11.517098020
39.837559507,166.093000000,11.513849294
39.861570882,166.160000000,11.510600493
39.885575209,166.227000000,11.507351622
39.909572424,166.294000000,11.504102690
39.933562472,166.361000000,11.500853708
39.957545298,166.428000000,11.497604688
39.981520844,166.495000000,11.494355639
40.005489057,166.562000000,11.491106572
40.029449879,166.629000000,11.487857500
40.053403255,166.696000000,11.484608431
40.077349130,166.763000000,11.481359377
40.101287446,166.830000000,11.478110349
40.125218150,166.897000000,11.474861357
40.149141184,166.964000000,11.471612412
40.173056493,167.031000000,11.468363525
40.196964021,167.098000000,11.465114707
40.220863712,167.165000000,11.461865969
40.244755511,167.232000000,11.458617320
40.268639362,167.299000000,11.455368773
40.292515209,167.366000000,11.452120337
40.316382996,167.433000000,11.448872024
40.340242667,167.500000000,11.445623845
40.364094166,167.567000000,11.442375809
40.387937439,167.634000000,11.439127928
40.411772428,167.701000000,11.435880212
40.435599078,167.768000000,11.432632673
40.459417334,167.835000000,11.429385322
40.483227139,167.902000000,11.426138168
40.507028438,167.969000000,11.422891222
40.530821175,168.036000000,11.419644496
40.554605294,168.103000000,11.416398000
40.578380739,168.170000000,11.413151746
40.602147454,168.237000000,11.409905742
40.625905385,168.304000000,11.406660002
40.649654474,168.371000000,11.403414534
40.673394666,168.438000000,11.400169351
40.697125905,168.505000000,11.396924462
40.720848136,168.572000000,11.393679879
40.744561302,168.639000000,11.390435612
40.768265349,168.706000000,11.387191672
40.791960219,168.773000000,11.383948070
40.815645858,168.840000000,11.380704817
40.839322208,168.907000000,11.377461923
40.862989216,168.974000000,11.374219399
40.886646824,169.041000000,11.370977256
40.910294978,169.108000000,11.367735504
40.933933620,169.175000000,11.364494155
40.957562696,169.242000000,11.361253219
40.981182150,169.309000000,11.358012708
41.004791925,169.376000000,11.354772630
41.028391966,169.443000000,11.351532999
41.051982218,169.510000000,11.348293823
41.075562624,169.577000000,11.345055115
41.099133128,169.644000000,11.341816884
41.122693675,169.711000000,11.338579142
41.146244209,169.778000000,11.335341899
41.169784674,169.845000000,11.332105166
41.193315015,169.912000000,11.328868954
41.216835175,169.979000000,11.325633274
41.240345099,170.046000000,11.322398136
41.263844731,170.113000000,11.319163551
41.287334015,170.180000000,11.315929530
41.310812895,170.247000000,11.312696084
41.334281316,170.314000000,11.309463223
41.357739221,170.381000000,11.306230958
41.381186555,170.448000000,11.302999300
41.404623263,170.515000000,11.299768260
41.428049287,170.582000000,11.296537848
41.451464573,170.649000000,11.293308076
41.474869065,170.716000000,11.290078953
41.498262707,170.783000000,11.286850492
41.521645443,170.850000000,11.283622702
41.545017217,170.917000000,11.280395594
41.568377973,170.984000000,11.277169179
41.591727657,171.051000000,11.273943468
41.615066211,171.118000000,11.270718472
41.638393580,171.185000000,11.267494201
41.661709708,171.252000000,11.264270666
41.685014540,171.319000000,11.261047878
41.708308019,171.386000000,11.257825848
41.731590090,171.453000000,11.254604586
41.754860698,171.520000000,11.251384104
41.778119785,171.587000000,11.248164411
41.801367297,171.654000000,11.244945519
41.824603177,171.721000000,11.241727439
41.847827370,171.788000000,11.238510180
41.871039821,171.855000000,11.235293755
41.894240472,171.922000000,11.232078174
41.917429269,171.989000000,11.228863447
41.940606155,172.056000000,11.225649585
41.963771075,172.123000000,11.222436600
41.986923974,172.190000000,11.219224501
42.010064794,172.257000000,11.216013300
42.033193480,172.324000000,11.212803007
42.056309978,172.391000000,11.209593633
42.079414230,172.458000000,11.206385190
42.102506180,172.525000000,11.203177687
42.125585775,172.592000000,11.199971135
42.148652956,172.659000000,11.196765546
42.171707669,172.726000000,11.193560929
42.194749857,172.793000000,11.190357296
42.217779466,172.860000000,11.187154658
42.240796439,172.927000000,11.183953025
42.263800719,172.994000000,11.180752408
42.286792253,173.061000000,11.177552818
42.309770983,173.128000000,11.174354265
42.332736854,173.195000000,11.171156761
42.355689810,173.262000000,11.167960316
42.378629796,173.329000000,11.164764940
42.401556754,173.396000000,11.161570645
42.424470631,173.463000000,11.158377442
42.447371369,173.530000000,11.155185341
42.470258914,173.597000000,11.151994352
42.493133209,173.664000000,11.148804487
42.515994198,173.731000000,11.145615757
42.538841826,173.798000000,11.142428172
42.561676036,173.865000000,11.139241743
42.584496774,173.932000000,11.136056480
42.607303983,173.999000000,11.132872395
42.630097607,174.066000000,11.129689499
42.652877591,174.133000000,11.126507801
42.675643879,174.200000000,11.123327313
42.698396415,174.267000000,11.120148046
42.721135143,174.334000000,11.116970010
42.743860008,174.401000000,11.113793216
42.766570953,174.468000000,11.110617675
42.789267922,174.535000000,11.107443397
42.811950861,174.602000000,11.104270394
42.834619713,174.669000000,11.101098676
42.857274423,174.736000000,11.097928254
42.879914934,174.803000000,11.094759139
42.902541190,174.870000000,11.091591341
42.925153137,174.937000000,11.088424871
42.947750718,175.004000000,11.085259740
42.970333877,175.071000000,11.082095959
42.992902559,175.138000000,11.078933539
43.015456707,175.205000000,11.075772489
43.037996267,175.272000000,11.072612822
43.060521181,175.339000000,11.069454548
43.083031395,175.406000000,11.066297677
43.105526852,175.473000000,11.063142220
43.128007497,175.540000000,11.059988188
43.150473274,175.607000000,11.056835593
43.172924128,175.674000000,11.053684444
43.195360001,175.741000000,11.050534752
43.217780839,175.808000000,11.047386529
43.240186585,175.875000000,11.044239784
43.262577185,175.942000000,11.041094529
43.284952582,176.009000000,11.037950775
43.307312719,176.076000000,11.034808531
43.329657543,176.143000000,11.031667810
43.351986996,176.210000000,11.028528621
43.374301022,176.277000000,11.025390976
43.396599567,176.344000000,11.022254885
43.418882574,176.411000000,11.019120360
43.441149988,176.478000000,11.015987410
43.463401752,176.545000000,11.012856046
43.485637811,176.612000000,11.009726280
43.507858109,176.679000000,11.006598122
43.530062591,176.746000000,11.003471583
43.552251200,176.813000000,11.000346673
43.574423880,176.880000000,10.997223404
43.596580576,176.947000000,10.994101786
43.618721232,177.014000000,10.990981830
43.640845793,177.081000000,10.987863547
43.662954201,177.148000000,10.984746947
43.685046403,177.215000000,10.981632041
43.707122341,177.282000000,10.978518840
43.729181960,177.349000000,10.975407355
43.751225204,177.416000000,10.972297597
43.773252018,177.483000000,10.969189575
43.795262345,177.550000000,10.966083302
43.817256130,177.617000000,10.962978788
43.839233317,177.684000000,10.959876043
43.861193850,177.751000000,10.956775078
43.883137674,177.818000000,10.953675905
43.905064731,177.885000000,10.950578533
43.926974968,177.952000000,10.947482974
43.948868328,178.019000000,10.944389239
43.970744755,178.086000000,10.941297337
43.992604193,178.153000000,10.938207281
44.014446586,178.220000000,10.935119080
44.036271880,178.287000000,10.932032746
44.058080017,178.354000000,10.928948289
44.079870942,178.421000000,10.925865720
44.101644600,178.488000000,10.922785049
44.123400934,178.555000000,10.919706288
44.145139888,178.622000000,10.916629448
44.166861408,178.689000000,10.913554538
44.188565437,178.756000000,10.910481570
44.210251919,178.823000000,10.907410555
44.231920798,178.890000000,10.904341503
44.253572019,178.957000000,10.901274425
44.275205526,179.024000000,10.898209333
44.296821263,179.091000000,10.895146235
44.318419175,179.158000000,10.892085144
44.339999204,179.225000000,10.889026071
44.361561297,179.292000000,10.885969025
44.383105396,179.359000000,10.882914018
44.404631446,179.426000000,10.879861060
44.426139391,179.493000000,10.876810163
44.447629176,179.560000000,10.873761336
44.469100745,179.627000000,10.870714592
44.490554041,179.694000000,10.867669939
44.511989009,179.761000000,10.864627391
44.533405593,179.828000000,10.861586956
44.554803738,179.895000000,10.858548646
44.576183388,179.962000000,10.855512471
44.597544486,180.029000000,10.852478443
44.618886977,180.096000000,10.849446572
44.640210805,180.163000000,10.846416869
44.661515915,180.230000000,10.843389344
44.682802250,180.297000000,10.840364009
44.704069755,180.364000000,10.837340874
44.725318374,180.431000000,10.834319950
44.746548051,180.498000000,10.831301248
44.767758730,180.565000000,10.828284778
44.788950356,180.632000000,10.825270551
44.810122873,180.699000000,10.822258579
44.831276225,180.766000000,10.819248871
44.852410355,180.833000000,10.816241439
44.873525209,180.900000000,10.813236292
44.894620731,180.967000000,10.810233443
44.915696864,181.034000000,10.807232902
44.936753553,181.101000000,10.804234680
44.957790742,181.168000000,10.801238786
44.978808376,181.235000000,10.798245233
44.999806398,181.302000000,10.795254031
45.020784752,181.369000000,10.792265190
45.041743384,181.436000000,10.789278722
45.062682237,181.503000000,10.786294637
45.083601254,181.570000000,10.783312946
45.104500382,181.637000000,10.780333659
45.125379563,181.704000000,10.777356788
45.146238741,181.771000000,10.774382343
45.167077862,181.838000000,10.771410336
45.187896869,181.905000000,10.768440776
45.208695707,181.972000000,10.765473674
45.229474319,182.039000000,10.762509042
45.250232650,182.106000000,10.759546890
45.270970644,182.173000000,10.756587228
45.291688245,182.240000000,10.753630069
45.312385400,182.307000000,10.750675420
45.333062065,182.374000000,10.747723285
45.353718197,182.441000000,10.744773666
45.374353755,182.508000000,10.741826565
45.394968697,182.575000000,10.738881984
45.415562982,182.642000000,10.735939924
45.436136566,182.709000000,10.733000387
45.456689410,182.776000000,10.730063376
45.477221470,182.843000000,10.727128891
45.497732705,182.910000000,10.724196935
45.518223073,182.977000000,10.721267509
45.538692532,183.044000000,10.718340616
45.559141041,183.111000000,10.715416256
45.579568557,183.178000000,10.712494433
45.599975039,183.245000000,10.709575147
45.620360445,183.312000000,10.706658401
45.640724733,183.379000000,10.703744197
45.661067861,183.446000000,10.700832535
45.681389787,183.513000000,10.697923419
45.701690470,183.580000000,10.695016849
45.721969868,183.647000000,10.692112828
45.742227938,183.714000000,10.689211357
45.762464640,183.781000000,10.686312439
45.782679931,183.848000000,10.683416074
45.802873769,183.915000000,10.680522266
45.823046113,183.982000000,10.677631015
45.843196920,184.049000000,10.674742324
45.863326149,184.116000000,10.671856194
45.883433759,184.183000000,10.668972627
45.903519706,184.250000000,10.666091625
45.923583950,184.317000000,10.663213189
45.943626448,184.384000000,10.660337323
45.963647159,184.451000000,10.657464026
45.983646041,184.518000000,10.654593302
46.003623052,184.585000000,10.651725152
46.023578150,184.652000000,10.648859578
46.043511294,184.719000000,10.645996581
46.063422441,184.786000000,10.643136164
46.083311549,184.853000000,10.640278328
46.103178578,184.920000000,10.637423075
46.123023484,184.987000000,10.634570407
46.142846227,185.054000000,10.631720325
46.162646764,185.121000000,10.628872833
46.182425053,185.188000000,10.626027930
46.202181053,185.255000000,10.623185620
46.221914722,185.322000000,10.620345903
46.241626018,185.389000000,10.617508782
46.261314899,185.456000000,10.614674259
46.280981324,185.523000000,10.611842336
46.300625250,185.590000000,10.609013013
46.320246635,185.657000000,10.606186293
46.339845439,185.724000000,10.603362179
46.359421618,185.791000000,10.600540671
46.378975132,185.858000000,10.597721771
46.398505938,185.925000000,10.594905482
46.418013994,185.992000000,10.592091804
46.437499259,186.059000000,10.589280741
46.456961691,186.126000000,10.586472293
46.476401248,186.193000000,10.583666463
46.495817888,186.260000000,10.580863252
46.515211569,186.327000000,10.578062662
46.534582250,186.394000000,10.575264696
46.553929888,186.461000000,10.572469354
46.573254442,186.528000000,10.569676638
46.592555870,186.595000000,10.566886551
46.611834131,186.662000000,10.564099094
46.631089181,186.729000000,10.561314270
46.650320980,186.796000000,10.558532079
46.669529486,186.863000000,10.555752523
46.688714656,186.930000000,10.552975606
46.707876450,186.997000000,10.550201327
46.727014824,187.064000000,10.547429690
46.746129738,187.131000000,10.544660695
46.765221149,187.198000000,10.541894345
46.784289016,187.265000000,10.539130642
46.803333297,187.332000000,10.536369587
46.822353949,187.399000000,10.533611182
46.841350932,187.466000000,10.530855429
46.860324203,187.533000000,10.528102330
46.879273720,187.600000000,10.525351886
46.898199442,187.667000000,10.522604100
46.917101327,187.734000000,10.519858973
46.935979333,187.801000000,10.517116508
46.954833418,187.868000000,10.514376705
46.973663540,187.935000000,10.511639566
46.992469657,188.002000000,10.508905094
47.011251728,188.069000000,10.506173291
47.030009711,188.136000000,10.503444157
47.048743564,188.203000000,10.500717696
47.067453245,188.270000000,10.497993908
47.086138712,188.337000000,10.495272796
47.104799924,188.404000000,10.492554361
47.123436838,188.471000000,10.489838605
47.142049413,188.538000000,10.487125530
47.160637607,188.605000000,10.484415138
47.179201378,188.672000000,10.481707431
47.197740684,188.739000000,10.479002410
47.216255483,188.806000000,10.476300077
47.234745735,188.873000000,10.473600434
47.253211396,188.940000000,10.470903484
47.271652424,189.007000000,10.468209226
47.290068779,189.074000000,10.465517665
47.308460418,189.141000000,10.462828800
47.326827300,189.208000000,10.460142635
47.345169382,189.275000000,10.457459171
47.363486623,189.342000000,10.454778409
47.381778980,189.409000000,10.452100352
47.400046413,189.476000000,10.449425001
47.418288879,189.543000000,10.446752359
47.436506337,189.610000000,10.444082426
47.454698744,189.677000000,10.441415205
47.472866058,189.744000000,10.438750698
47.491008239,189.811000000,10.436088907
47.509125243,189.878000000,10.433429832
47.527217030,189.945000000,10.430773477
47.545283557,190.012000000,10.428119842
47.563324783,190.079000000,10.425468931
47.581340666,190.146000000,10.422820743
47.599331163,190.213000000,10.420175282
47.617296233,190.280000000,10.417532549
47.635235835,190.347000000,10.414892546
47.653149926,190.414000000,10.412255275
47.671038464,190.481000000,10.409620737
47.688901409,190.548000000,10.406988935
47.706738717,190.615000000,10.404359870
47.724550347,190.682000000,10.401733544
47.742336257,190.749000000,10.399109959
47.760096406,190.816000000,10.396489116
47.777830751,190.883000000,10.393871018
47.795539251,190.950000000,10.391255666
47.813221864,191.017000000,10.388643062
47.830878547,191.084000000,10.386033208
47.848509260,191.151000000,10.383426106
47.866113961,191.218000000,10.380821757
47.883692606,191.285000000,10.378220163
47.901245156,191.352000000,10.375621327
47.918771567,191.419000000,10.373025250
47.936271799,191.486000000,10.370431933
47.953745808,191.553000000,10.367841379
47.971193554,191.620000000,10.365253589
47.988614994,191.687000000,10.362668566
48.006010087,191.754000000,10.360086310
48.023378791,191.821000000,10.357506825
48.040721064,191.888000000,10.354930111
48.058036864,191.955000000,10.352356170
48.075326150,192.022000000,10.349785005
48.092588879,192.089000000,10.347216616
48.109825009,192.156000000,10.344651007
48.127034500,192.223000000,10.342088179
48.144217308,192.290000000,10.339528132
48.161373392,192.357000000,10.336970871
48.178502711,192.424000000,10.334416395
48.195605223,192.491000000,10.331864707
48.212680885,192.558000000,10.329315810
48.229729655,192.625000000,10.326769703
48.246751493,192.692000000,10.324226390
48.263746356,192.759000000,10.321685873
48.280714202,192.826000000,10.319148152
48.297654990,192.893000000,10.316613230
48.314568677,192.960000000,10.314081109
48.331455231,193.027000000,10.311551790
48.348314651,193.094000000,10.309025277
48.365146945,193.161000000,10.306501570
48.381952121,193.228000000,10.303980674
48.398730189,193.295000000,10.301462589
48.415481156,193.362000000,10.298947320
48.432205030,193.429000000,10.296434867
48.448901821,193.496000000,10.293925234
48.465571535,193.563000000,10.291418423
48.482214182,193.630000000,10.288914437
48.498829770,193.697000000,10.286413277
48.515418306,193.764000000,10.283914947
48.531979800,193.831000000,10.281419448
48.548514259,193.898000000,10.278926783
48.565021693,193.965000000,10.276436956
48.581502108,194.032000000,10.273949967
48.597955514,194.099000000,10.271465820
48.614381919,194.166000000,10.268984516
48.630781331,194.233000000,10.266506060
48.647153758,194.300000000,10.264030452
48.663499208,194.367000000,10.261557695
48.679817691,194.434000000,10.259087792
48.696109214,194.501000000,10.256620745
48.712373785,194.568000000,10.254156557
48.728611413,194.635000000,10.251695230
48.744822106,194.702000000,10.249236766
48.761005873,194.769000000,10.246781168
48.777162721,194.836000000,10.244328439
48.793292659,194.903000000,10.241878580
48.809395695,194.970000000,10.239431595
48.825471838,195.037000000,10.236987485
48.841521095,195.104000000,10.234546254
48.857543476,195.171000000,10.232107903
48.873538988,195.238000000,10.229672435
48.889507640,195.305000000,10.227239852
48.905449440,195.372000000,10.224810158
48.921364396,195.439000000,10.222383354
48.937252516,195.506000000,10.219959442
48.953113810,195.573000000,10.217538426
48.968948284,195.640000000,10.215120307
48.984755948,195.707000000,10.212705089
49.000536810,195.774000000,10.210292773
49.016290878,195.841000000,10.207883362
49.032018160,195.908000000,10.205476859
49.047718664,195.975000000,10.203073265
49.063392400,196.042000000,10.200672584
49.079039374,196.109000000,10.198274817
49.094659597,196.176000000,10.195879968
49.110253074,196.243000000,10.193488038
49.125819816,196.310000000,10.191099030
49.141359831,196.377000000,10.188712947
49.156873125,196.444000000,10.186329791
49.172359709,196.511000000,10.183949564
49.187819590,196.578000000,10.181572269
49.203252777,196.645000000,10.179197908
49.218659277,196.712000000,10.176826484
49.234039099,196.779000000,10.174457999
49.249392252,196.846000000,10.172092456
49.264718743,196.913000000,10.169729857
49.280018581,196.980000000,10.167370204
49.295291775,197.047000000,10.165013500
49.310538332,197.114000000,10.162659748
49.325758261,197.181000000,10.160308949
49.340951570,197.248000000,10.157961107
49.356118267,197.315000000,10.155616223
49.371258361,197.382000000,10.153274300
49.386371860,197.449000000,10.150935341
49.401458772,197.516000000,10.148599348
49.416519106,197.583000000,10.146266324
49.431552870,197.650000000,10.143936270
49.446560072,197.717000000,10.141609190
49.461540720,197.784000000,10.139285085
49.476494823,197.851000000,10.136963959
49.491422389,197.918000000,10.134645813
49.506323426,197.985000000,10.132330650
49.521197943,198.052000000,10.130018473
49.536045948,198.119000000,10.127709284
49.550867449,198.186000000,10.125403085
49.565662454,198.253000000,10.123099880
49.580430972,198.320000000,10.120799669
49.595173011,198.387000000,10.118502456
49.609888580,198.454000000,10.116208244
49.624577686,198.521000000,10.113917033
49.639240338,198.588000000,10.111628829
49.653876544,198.655000000,10.109343631
49.668486313,198.722000000,10.107061444
49.683069653,198.789000000,10.104782268
49.697626571,198.856000000,10.102506108
49.712157077,198.923000000,10.100232965
49.726661179,198.990000000,10.097962842
49.741138885,199.057000000,10.095695741
49.755590202,199.124000000,10.093431664
49.770015141,199.191000000,10.091170615
49.784413708,199.258000000,10.088912594
49.798785912,199.325000000,10.086657606
49.813131762,199.392000000,10.084405653
49.827451265,199.459000000,10.082156735
49.841744431,199.526000000,10.079910858
49.856011266,199.593000000,10.077668022
49.870251781,199.660000000,10.075428230
49.884465982,199.727000000,10.073191484
49.898653878,199.794000000,10.070957788
49.912815478,199.861000000,10.068727143
49.926950789,199.928000000,10.066499552
49.941059820,199.995000000,10.064275017
49.955142580,200.062000000,10.062053541
49.969199076,200.129000000,10.059835126
49.983229317,200.196000000,10.057619775
49.997233312,200.263000000,10.055407490
50.011211068,200.330000000,10.053198273
50.025162593,200.397000000,10.050992128
50.039087897,200.464000000,10.048789055
50.052986987,200.531000000,10.046589059
50.066859871,200.598000000,10.044392141
50.080706559,200.665000000,10.042198304
50.094527058,200.732000000,10.040007550
50.108321376,200.799000000,10.037819881
50.122089522,200.866000000,10.035635301
50.135831504,200.933000000,10.033453811
50.149547330,201.000000000,10.031275414
50.163237010,201.067000000,10.029100112
50.176900550,201.134000000,10.026927908
50.190537959,201.201000000,10.024758805
50.204149246,201.268000000,10.022592804
50.217734419,201.335000000,10.020429908
50.231293485,201.402000000,10.018270120
50.244826455,201.469000000,10.016113442
50.258333334,201.536000000,10.013959876
50.271814133,201.603000000,10.011809425
50.285268859,201.670000000,10.009662092
50.298697521,201.737000000,10.007517878
50.312100127,201.804000000,10.005376787
50.325476685,201.871000000,10.003238820
50.338827203,201.938000000,10.001103980
50.352151690,202.005000000,9.998972270
50.365450154,202.072000000,9.996843692
50.378722603,202.139000000,9.994718248
50.391969046,202.206000000,9.992595942
50.405189490,202.273000000,9.990476774
50.418383945,202.340000000,9.988360748
50.431552419,202.407000000,9.986247867
50.444694919,202.474000000,9.984138132
50.457811454,202.541000000,9.982031546
50.470902032,202.608000000,9.979928112
50.483966663,202.675000000,9.977827832
50.497005353,202.742000000,9.975730708
50.510018111,202.809000000,9.973636743
50.523004946,202.876000000,9.971545939
50.535965865,202.943000000,9.969458299
50.548900878,203.010000000,9.967373825
50.561809992,203.077000000,9.965292519
50.574693216,203.144000000,9.963214385
50.587550558,203.211000000,9.961139424
50.600382026,203.278000000,9.959067640
50.613187628,203.345000000,9.956999033
50.625967373,203.412000000,9.954933607
50.638721270,203.479000000,9.952871365
50.651449326,203.546000000,9.950812308
50.664151549,203.613000000,9.948756440
50.676827949,203.680000000,9.946703762
50.689478532,203.747000000,9.944654277
50.702103309,203.814000000,9.942607987
50.714702286,203.881000000,9.940564895
50.727275473,203.948000000,9.938525004
50.739822876,204.015000000,9.936488316
50.752344506,204.082000000,9.934454832
50.764840370,204.149000000,9.932424557
50.777310475,204.216000000,9.930397491
50.789754832,204.283000000,9.928373638
50.802173447,204.350000000,9.926353000
50.814566330,204.417000000,9.924335579
50.826933488,204.484000000,9.922321379
50.839274930,204.551000000,9.920310400
50.851590664,204.618000000,9.918302647
50.863880698,204.685000000,9.916298120
50.876145041,204.752000000,9.914296823
50.888383701,204.819000000,9.912298758
50.900596686,204.886000000,9.910303928
50.912784004,204.953000000,9.908312335
50.924945665,205.020000000,9.906323981
50.937081675,205.087000000,9.904338869
50.949192044,205.154000000,9.902357001
50.961276779,205.221000000,9.900378380
50.973335890,205.288000000,9.898403008
50.985369383,205.355000000,9.896430887
50.997377269,205.422000000,9.894462021
51.009359554,205.489000000,9.892496411
51.021316247,205.556000000,9.890534060
51.033247356,205.623000000,9.888574971
51.045152891,205.690000000,9.886619145
51.057032858,205.757000000,9.884666585
51.068887267,205.824000000,9.882717294
51.080716125,205.891000000,9.880771275
51.092519441,205.958000000,9.878828529
51.104297223,206.025000000,9.876889058
51.116049480,206.092000000,9.874952867
51.127776219,206.159000000,9.873019956
51.139477449,206.226000000,9.871090328
51.151153179,206.293000000,9.869163987
51.162803416,206.360000000,9.867240933
51.174428170,206.427000000,9.865321170
51.186027447,206.494000000,9.863404701
51.197601257,206.561000000,9.861491526
51.209149608,206.628000000,9.859581650
51.220672507,206.695000000,9.857675074
51.232169964,206.762000000,9.855771801
51.243641987,206.829000000,9.853871834
51.255088584,206.896000000,9.851975174
51.266509763,206.963000000,9.850081824
51.277905532,207.030000000,9.848191787
51.289275900,207.097000000,9.846305065
51.300620876,207.164000000,9.844421660
51.311940466,207.231000000,9.842541576
51.323234681,207.298000000,9.840664813
51.334503527,207.365000000,9.838791376
51.345747014,207.432000000,9.836921266
51.356965149,207.499000000,9.835054485
51.368157941,207.566000000,9.833191037
51.379325398,207.633000000,9.831330923
51.390467528,207.700000000,9.829474147
51.401584340,207.767000000,9.827620709
51.412675843,207.834000000,9.825770614
51.423742043,207.901000000,9.823923863
51.434782950,207.968000000,9.822080459
51.445798572,208.035000000,9.820240404
51.456788917,208.102000000,9.818403701
51.467753994,208.169000000,9.816570352
51.478693810,208.236000000,9.814740359
51.489608374,208.303000000,9.812913726
51.500497695,208.370000000,9.811090453
51.511361780,208.437000000,9.809270545
51.522200639,208.504000000,9.807454003
51.533014278,208.571000000,9.805640830
51.543802707,208.638000000,9.803831028
51.554565933,208.705000000,9.802024600
51.565303966,208.772000000,9.800221548
51.576016813,208.839000000,9.798421874
51.586704483,208.906000000,9.796625581
51.597366984,208.973000000,9.794832672
51.608004323,209.040000000,9.793043148
51.618616505,209.107000000,9.791257018
51.629203504,209.174000000,9.789474307
51.639765293,209.241000000,9.787695045
51.650301841,209.308000000,9.785919265
51.660813121,209.375000000,9.784146996
51.671299102,209.442000000,9.782378270
51.681759756,209.509000000,9.780613117
51.692195052,209.576000000,9.778851568
51.702604964,209.643000000,9.777093655
51.712989460,209.710000000,9.775339407
51.723348511,209.777000000,9.773588856
51.733682090,209.844000000,9.771842033
51.743990166,209.911000000,9.770098968
51.754272710,209.978000000,9.768359693
51.764529693,210.045000000,9.766624238
51.774761086,210.112000000,9.764892634
51.784966860,210.179000000,9.763164911
51.795146986,210.246000000,9.761441102
51.805301433,210.313000000,9.759721236
51.815430175,210.380000000,9.758005344
51.825533180,210.447000000,9.756293458
51.835610420,210.514000000,9.754585608
51.845661866,210.581000000,9.752881825
51.855687488,210.648000000,9.751182139
51.865687258,210.715000000,9.749486583
51.875661145,210.782000000,9.747795185
51.885609122,210.849000000,9.746107979
51.895531159,210.916000000,9.744424993
51.905427227,210.983000000,9.742746260
51.915297295,211.050000000,9.741071809
51.925141337,211.117000000,9.739401672
51.934959321,211.184000000,9.737735880
51.944751220,211.251000000,9.736074463
51.954517003,211.318000000,9.734417453
51.964256642,211.385000000,9.732764880
51.973970107,211.452000000,9.731116775
51.983657370,211.519000000,9.729473169
51.993318400,211.586000000,9.727834092
52.002953170,211.653000000,9.726199576
52.012561649,211.720000000,9.724569651
52.022143809,211.787000000,9.722944349
52.031699621,211.854000000,9.721323700
52.041229055,211.921000000,9.719707735
52.050732081,211.988000000,9.718096484
52.060208672,212.055000000,9.716489979
52.069658798,212.122000000,9.714888251
52.079082429,212.189000000,9.713291330
52.088479536,212.256000000,9.711699248
52.097850091,212.323000000,9.710112034
52.107194063,212.390000000,9.708529720
52.116511425,212.457000000,9.706952337
52.125802146,212.524000000,9.705379916
52.135066198,212.591000000,9.703812487
52.144303551,212.658000000,9.702250082
52.153514176,212.725000000,9.700692730
52.162698045,212.792000000,9.699140464
52.171855127,212.859000000,9.697593313
52.180985393,212.926000000,9.696051310
52.190088816,212.993000000,9.694514483
52.199165364,213.060000000,9.692982865
52.208215010,213.127000000,9.691456487
52.217237724,213.194000000,9.689935378
52.226233476,213.261000000,9.688419571
52.235202238,213.328000000,9.686909095
52.244143981,213.395000000,9.685403982
52.253058675,213.462000000,9.683904262
52.261946291,213.529000000,9.682409967
52.270806800,213.596000000,9.680921127
52.279640172,213.663000000,9.679437773
52.288446380,213.730000000,9.677959936
52.297225392,213.797000000,9.676487647
52.305977181,213.864000000,9.675020936
52.314701717,213.931000000,9.673559835
52.323398971,213.998000000,9.672104374
52.332068913,214.065000000,9.670654584
52.340711516,214.132000000,9.669210496
52.349326748,214.199000000,9.667772141
52.357914582,214.266000000,9.666339550
52.366474987,214.333000000,9.664912753
52.375007936,214.400000000,9.663491782
52.383513398,214.467000000,9.662076667
52.391991345,214.534000000,9.660667439
52.400441747,214.601000000,9.659264129
52.408864575,214.668000000,9.657866768
52.417259801,214.735000000,9.656475386
52.425627394,214.802000000,9.655090015
52.433967325,214.869000000,9.653710685
52.442279567,214.936000000,9.652337427
52.450564088,215.003000000,9.650970273
52.458820861,215.070000000,9.649609252
52.467049855,215.137000000,9.648254396
52.475251043,215.204000000,9.646905736
52.483424394,215.271000000,9.645563302
52.491569879,215.338000000,9.644227126
52.499687470,215.405000000,9.642897237
52.507777136,215.472000000,9.641573668
52.515838850,215.539000000,9.640256448
52.523872582,215.606000000,9.638945609
52.531878301,215.673000000,9.637641182
52.539855981,215.740000000,9.636343196
52.547805590,215.807000000,9.635051685
52.555727101,215.874000000,9.633766677
52.563620484,215.941000000,9.632488204
52.571485709,216.008000000,9.631216297
52.579322748,216.075000000,9.629950987
52.587131571,216.142000000,9.628692304
52.594912149,216.209000000,9.627440279
52.602664453,216.276000000,9.626194944
52.610388455,216.343000000,9.624956328
52.618084123,216.410000000,9.623724464
52.625751431,216.477000000,9.622499381
52.633390347,216.544000000,9.621281111
52.641000844,216.611000000,9.620069684
52.648582892,216.678000000,9.618865132
52.656136462,216.745000000,9.617667484
52.663661524,216.812000000,9.616476773
52.671158049,216.879000000,9.615293029
52.678626009,216.946000000,9.614116282
52.686065374,217.013000000,9.612946563
52.693476115,217.080000000,9.611783904
52.700858203,217.147000000,9.610628336
52.708211608,217.214000000,9.609479888
52.715536302,217.281000000,9.608338592
52.722832255,217.348000000,9.607204479
52.730099438,217.415000000,9.606077580
52.737337822,217.482000000,9.604957925
52.744547378,217.549000000,9.603845545
52.751728076,217.616000000,9.602740472
52.758879888,217.683000000,9.601642735
52.766002784,217.750000000,9.600552367
52.773096735,217.817000000,9.599469397
52.780161712,217.884000000,9.598393857
52.787197685,217.951000000,9.597325777
52.794204626,218.018000000,9.596265188
52.801182505,218.085000000,9.595212122
52.808131294,218.152000000,9.594166608
52.815050962,218.219000000,9.593128679
52.821941482,218.286000000,9.592098364
52.828802823,218.353000000,9.591075694
52.835634956,218.420000000,9.590060701
52.842437853,218.487000000,9.589053415
52.849211484,218.554000000,9.588053867
52.855955820,218.621000000,9.587062088
52.862670831,218.688000000,9.586078109
52.869356489,218.755000000,9.585101960
52.876012765,218.822000000,9.584133673
52.882639629,218.889000000,9.583173279
52.889237052,218.956000000,9.582220807
52.895805005,219.023000000,9.581276289
52.902343459,219.090000000,9.580339756
52.908852384,219.157000000,9.579411239
52.915331752,219.224000000,9.578490769
52.921781533,219.291000000,9.577578376
52.928201698,219.358000000,9.576674091
52.934592218,219.425000000,9.575777945
52.940953063,219.492000000,9.574889969
52.947284206,219.559000000,9.574010194
52.953585615,219.626000000,9.573138651
52.959857263,219.693000000,9.572275370
52.966099119,219.760000000,9.571420382
52.972311169,219.827000000,9.570573724
52.978493447,219.894000000,9.569735455
52.984646003,219.961000000,9.568905637
52.990768885,220.028000000,9.568084336
52.996862142,220.095000000,9.567271616
53.002925823,220.162000000,9.566467539
53.008959977,220.229000000,9.565672171
53.014964652,220.296000000,9.564885575
53.020939898,220.363000000,9.564107816
53.026885762,220.430000000,9.563338957
53.032802295,220.497000000,9.562579062
53.038689544,220.564000000,9.561828196
53.044547559,220.631000000,9.561086422
53.050376389,220.698000000,9.560353805
53.056176082,220.765000000,9.559630408
53.061946686,220.832000000,9.558916296
53.067688252,220.899000000,9.558211533
53.073400827,220.966000000,9.557516182
53.079084461,221.033000000,9.556830307
53.084739202,221.100000000,9.556153973
53.090365098,221.167000000,9.555487244
53.095962200,221.234000000,9.554830184
53.101530556,221.301000000,9.554182856
53.107070214,221.368000000,9.553545325
53.112581223,221.435000000,9.552917654
53.118063633,221.502000000,9.552299909
53.123517492,221.569000000,9.551692152
53.128942848,221.636000000,9.551094448
53.134339751,221.703000000,9.550506860
53.139708249,221.770000000,9.549929454
53.145048391,221.837000000,9.549362292
53.150360227,221.904000000,9.548805440
53.155643804,221.971000000,9.548258960
53.160899172,222.038000000,9.547722917
53.166126379,222.105000000,9.547197375
53.171325475,222.172000000,9.546682398
53.176496507,222.239000000,9.546178050
53.181639526,222.306000000,9.545684395
53.186754579,222.373000000,9.545201497
53.191841716,222.440000000,9.544729420
53.196900985,222.507000000,9.544268229
53.201932435,222.574000000,9.543817986
53.206936115,222.641000000,9.543378756
53.211912074,222.708000000,9.542950604
53.216860361,222.775000000,9.542533593
53.221781023,222.842000000,9.542127787
53.226674111,222.909000000,9.541733250
53.231539673,222.976000000,9.541350046
53.236377758,223.043000000,9.540978240
53.241188414,223.110000000,9.540617895
53.245971691,223.177000000,9.540269075
53.250727637,223.244000000,9.539931845
53.255456301,223.311000000,9.539606268
53.260157732,223.378000000,9.539292408
53.264831979,223.445000000,9.538990330
53.269479090,223.512000000,9.538700097
53.274099115,223.579000000,9.538421773
53.278692101,223.646000000,9.538155423
53.283258099,223.713000000,9.537901111
53.287797156,223.780000000,9.537658900
53.292309322,223.847000000,9.537428854
53.296794645,223.914000000,9.537211038
53.301253174,223.981000000,9.537005516
53.305684959,224.048000000,9.536812351
53.310090047,224.115000000,9.536631608
53.314468487,224.182000000,9.536463350
53.318820329,224.249000000,9.536307642
53.323145622,224.316000000,9.536164548
53.327444413,224.383000000,9.536034131
53.331716752,224.450000000,9.535916457
53.335962688,224.517000000,9.535811587
53.340182270,224.584000000,9.535719588
53.344375545,224.651000000,9.535640522
53.348542564,224.718000000,9.535574455
53.352683375,224.785000000,9.535521449
53.356798026,224.852000000,9.535481569
53.360886567,224.919000000,9.535454879
53.364949046,224.986000000,9.535441442
53.368985513,225.053000000,9.535441324
53.372996015,225.120000000,9.535454587
53.376980602,225.187000000,9.535481297
53.380939323,225.254000000,9.535521516
53.384872226,225.321000000,9.535575310
53.388779360,225.388000000,9.535642741
53.392660775,225.455000000,9.535723875
53.396516518,225.522000000,9.535818775
53.400346639,225.589000000,9.535927504
53.404151186,225.656000000,9.536050128
53.407930209,225.723000000,9.536186710
53.411683756,225.790000000,9.536337314
53.415411875,225.857000000,9.536502005
53.419114617,225.924000000,9.536680845
53.422792028,225.991000000,9.536873900
53.426444160,226.058000000,9.537081233
53.430071059,226.125000000,9.537302908
53.433672775,226.192000000,9.537538990
53.437249357,226.259000000,9.537789542
53.440800854,226.326000000,9.538054628
53.444327314,226.393000000,9.538334313
53.447828786,226.460000000,9.538628659
53.451305319,226.527000000,9.538937733
53.454756962,226.594000000,9.539261597
53.458183764,226.661000000,9.539600315
53.461585773,226.728000000,9.539953952
53.464963038,226.795000000,9.540322571
53.468315609,226.862000000,9.540706236
53.471643533,226.929000000,9.541105013
53.474946860,226.996000000,9.541518963
53.478225639,227.063000000,9.541948153
53.481479918,227.130000000,9.542392645
53.484709746,227.197000000,9.542852503
53.487915172,227.264000000,9.543327793
53.491096244,227.331000000,9.543818576
53.494253013,227.398000000,9.544324919
53.497385525,227.465000000,9.544846884
53.500493831,227.532000000,9.545384536
53.503577979,227.599000000,9.545937939
53.506638017,227.666000000,9.546507157
53.509673996,227.733000000,9.547092253
53.512685962,227.800000000,9.547693292
53.515673966,227.867000000,9.548310338
53.518638056,227.934000000,9.548943455
53.521578281,228.001000000,9.549592707
53.524494690,228.068000000,9.550258158
53.527387331,228.135000000,9.550939871
53.530256253,228.202000000,9.551637912
53.533101505,228.269000000,9.552352343
53.535923137,228.336000000,9.553083230
53.538721196,228.403000000,9.553830635
53.541495732,228.470000000,9.554594624
53.544246793,228.537000000,9.555375260
53.546974428,228.604000000,9.556172606
53.549678686,228.671000000,9.556986728
53.552359616,228.738000000,9.557817689
53.555017267,228.805000000,9.558665553
53.557651687,228.872000000,9.559530384
53.560262925,228.939000000,9.560412247
53.562851030,229.006000000,9.561311205
53.565416051,229.073000000,9.562227322
53.567958037,229.140000000,9.563160662
53.570477037,229.207000000,9.564111289
53.572973098,229.274000000,9.565079268
53.575446271,229.341000000,9.566064662
53.577896603,229.408000000,9.567067536
53.580324145,229.475000000,9.568087952
53.582728944,229.542000000,9.569125977
53.585111049,229.609000000,9.570181672
53.587470509,229.676000000,9.571255103
53.589807374,229.743000000,9.572346334
53.592121691,229.810000000,9.573455428
53.594413509,229.877000000,9.574582449
53.596682879,229.944000000,9.575727462
53.598929847,230.011000000,9.576890531
53.601154463,230.078000000,9.578071719
53.603356777,230.145000000,9.579271091
53.605536836,230.212000000,9.580488710
53.607694689,230.279000000,9.581724641
53.609830386,230.346000000,9.582978948
53.611943974,230.413000000,9.584251694
53.614035504,230.480000000,9.585542944
53.616105023,230.547000000,9.586852762
53.618152581,230.614000000,9.588181212
53.620178226,230.681000000,9.589528357
53.622182008,230.748000000,9.590894262
53.624163974,230.815000000,9.592278991
53.626124174,230.882000000,9.593682607
53.628062657,230.949000000,9.595105176
53.629979471,231.016000000,9.596546760
53.631874665,231.083000000,9.598007425
53.633748288,231.150000000,9.599487233
53.635600389,231.217000000,9.600986249
53.637431017,231.284000000,9.602504537
53.639240220,231.351000000,9.604042161
53.641028048,231.418000000,9.605599186
53.642794548,231.485000000,9.607175674
53.644539771,231.552000000,9.608771690
53.646263764,231.619000000,9.610387298
53.647966576,231.686000000,9.612022563
53.649648257,231.753000000,9.613677547
53.651308855,231.820000000,9.615352316
53.652948420,231.887000000,9.617046933
53.654566998,231.954000000,9.618761462
53.656164641,232.021000000,9.620495967
53.657741395,232.088000000,9.622250512
53.659297311,232.155000000,9.624025162
53.660832437,232.222000000,9.625819980
53.662346822,232.289000000,9.627635030
53.663840514,232.356000000,9.629470377
53.665313563,232.423000000,9.631326084
53.666766017,232.490000000,9.633202215
53.668197925,232.557000000,9.635098835
53.669609336,232.624000000,9.637016007
53.671000299,232.691000000,9.638953795
53.672370862,232.758000000,9.640912264
53.673721075,232.825000000,9.642891478
53.675050985,232.892000000,9.644891500
53.676360643,232.959000000,9.646912394
53.677650096,233.026000000,9.648954225
53.678919394,233.093000000,9.651017057
53.680168585,233.160000000,9.653100953
53.681397719,233.227000000,9.655205977
53.682606843,233.294000000,9.657332195
53.683796007,233.361000000,9.659479669
53.684965260,233.428000000,9.661648463
53.686114650,233.495000000,9.663838643
53.687244227,233.562000000,9.666050271
53.688354038,233.629000000,9.668283412
53.689444134,233.696000000,9.670538129
53.690514562,233.763000000,9.672814487
53.691565371,233.830000000,9.675112551
53.692596611,233.897000000,9.677432383
53.693608330,233.964000000,9.679774047
53.694600577,234.031000000,9.682137609
53.695573400,234.098000000,9.684523132
53.696526849,234.165000000,9.686930679
53.697460973,234.232000000,9.689360315
53.698375820,234.299000000,9.691812105
53.699271438,234.366000000,9.694286111
53.700147878,234.433000000,9.696782399
53.701005187,234.500000000,9.699301031
53.701843414,234.567000000,9.701842072
53.702662609,234.634000000,9.704405587
53.703462819,234.701000000,9.706991638
53.704244095,234.768000000,9.709600291
53.705006484,234.835000000,9.712231609
53.705750036,234.902000000,9.714885656
53.706474798,234.969000000,9.717562496
53.707180822,235.036000000,9.720262193
53.707868153,235.103000000,9.722984812
53.708536843,235.170000000,9.725730416
53.709186939,235.237000000,9.728499069
53.709818491,235.304000000,9.731290835
53.710431546,235.371000000,9.734105779
53.711026155,235.438000000,9.736943964
53.711602365,235.505000000,9.739805454
53.712160226,235.572000000,9.742690314
53.712699787,235.639000000,9.745598607
53.713221095,235.706000000,9.748530397
53.713724201,235.773000000,9.751485749
53.714209152,235.840000000,9.754464727
53.714676024,235.907000000,9.757467361
53.715124996,235.974000000,9.760493554
53.715556271,236.041000000,9.763543173
53.715970055,236.108000000,9.766616089
53.716366552,236.175000000,9.769712169
53.716745968,236.242000000,9.772831283
53.717108506,236.309000000,9.775973299
53.717454371,236.376000000,9.779138086
53.717783768,236.443000000,9.782325513
53.718096902,236.510000000,9.785535448
53.718393977,236.577000000,9.788767761
53.718675198,236.644000000,9.792022320
53.718940769,236.711000000,9.795298994
53.719190896,236.778000000,9.798597652
53.719425783,236.845000000,9.801918163
53.719645634,236.912000000,9.805260394
53.719850655,236.979000000,9.808624217
53.720041050,237.046000000,9.812009498
53.720217023,237.113000000,9.815416106
53.720378779,237.180000000,9.818843912
53.720526524,237.247000000,9.822292783
53.720660461,237.314000000,9.825762587
53.720780795,237.381000000,9.829253195
53.720887731,237.448000000,9.832764475
53.720981474,237.515000000,9.836296295
53.721062228,237.582000000,9.839848524
53.721130197,237.649000000,9.843421032
53.721185588,237.716000000,9.847013687
53.721228604,237.783000000,9.850626357
53.721259449,237.850000000,9.854258911
53.721278329,237.917000000,9.857911219
53.721285449,237.984000000,9.861583149
53.721281012,238.051000000,9.865274570
53.721265224,238.118000000,9.868985351
53.721238289,238.185000000,9.872715360
53.721200412,238.252000000,9.876464467
53.721151797,238.319000000,9.880232539
53.721092650,238.386000000,9.884019446
53.721023174,238.453000000,9.887825057
53.720943575,238.520000000,9.891649241
53.720854058,238.587000000,9.895491865
53.720754826,238.654000000,9.899352800
53.720646084,238.721000000,9.903231914
53.720528038,238.788000000,9.907129075
53.720400892,238.855000000,9.911044152
53.720264850,238.922000000,9.914977015
53.720120118,238.989000000,9.918927532
53.719966899,239.056000000,9.922895571
53.719805399,239.123000000,9.926881002
53.719635822,239.190000000,9.930883694
53.719458372,239.257000000,9.934903514
53.719273256,239.324000000,9.938940333
53.719080676,239.391000000,9.942994018
53.718880838,239.458000000,9.947064439
53.718673947,239.525000000,9.951151464
53.718460207,239.592000000,9.955254963
53.718239823,239.659000000,9.959374803
53.718012999,239.726000000,9.963510854
53.717779941,239.793000000,9.967662985
53.717540852,239.860000000,9.971831064
53.717295938,239.927000000,9.976014960
53.717045402,239.994000000,9.980214542
53.716789451,240.061000000,9.984429678
53.716528288,240.128000000,9.988660238
53.716262119,240.195000000,9.992906091
53.715991147,240.262000000,9.997167104
53.715715577,240.329000000,10.001443148
53.715435615,240.396000000,10.005734090
53.715151464,240.463000000,10.010039799
53.714863330,240.530000000,10.014360145
53.714571417,240.597000000,10.018694996
53.714275930,240.664000000,10.023044220
53.713977073,240.731000000,10.027407688
53.713675052,240.798000000,10.031785266
53.713370070,240.865000000,10.036176825
53.713062332,240.932000000,10.040582233
53.712752044,240.999000000,10.045001359
53.712439410,241.066000000,10.049434071
53.712124633,241.133000000,10.053880239
53.711807920,241.200000000,10.058339731
53.711488924,241.267000000,10.062812420
53.711165095,241.334000000,10.067298196
53.710833331,241.401000000,10.071796953
53.710490532,241.468000000,10.076308585
53.710133596,241.535000000,10.080832985
53.709759422,241.602000000,10.085370049
53.709364910,241.669000000,10.089919669
53.708946959,241.736000000,10.094481739
53.708502466,241.803000000,10.099056154
53.708028332,241.870000000,10.103642808
53.707521455,241.937000000,10.108241594
53.706978734,242.004000000,10.112852407
53.706397068,242.071000000,10.117475139
53.705773356,242.138000000,10.122109687
53.705104497,242.205000000,10.126755942
53.704387389,242.272000000,10.131413800
53.703618933,242.339000000,10.136083154
53.702796026,242.406000000,10.140763897
53.701915567,242.473000000,10.145455925
53.700974457,242.540000000,10.150159131
53.699969592,242.607000000,10.154873409
53.698897874,242.674000000,10.159598653
53.697756199,242.741000000,10.164334757
53.696541468,242.808000000,10.169081614
53.695250579,242.875000000,10.173839119
53.693880431,242.942000000,10.178607166
53.692427924,243.009000000,10.183385649
53.690889955,243.076000000,10.188174461
53.689263425,243.143000000,10.192973496
53.687545231,243.210000000,10.197782649
53.685732273,243.277000000,10.202601814
53.683821450,243.344000000,10.207430884
53.681809661,243.411000000,10.212269753
53.679693805,243.478000000,10.217118316
53.677470780,243.545000000,10.221976465
53.675137486,243.612000000,10.226844096
53.672690821,243.679000000,10.231721102
53.670127684,243.746000000,10.236607377
53.667444975,243.813000000,10.241502815
53.664639593,243.880000000,10.246407310
53.661708435,243.947000000,10.251320756
53.658648402,244.014000000,10.256243047
53.655456392,244.081000000,10.261174076
53.652129304,244.148000000,10.266113739
53.648664036,244.215000000,10.271061928
53.645057489,244.282000000,10.276018537
53.641306561,244.349000000,10.280983462
53.637408150,244.416000000,10.285956594
53.633359156,244.483000000,10.290937830
53.629156478,244.550000000,10.295927061
53.624797015,244.617000000,10.300924183
53.620277665,244.684000000,10.305929090
53.615595327,244.751000000,10.310941675
53.610746901,244.818000000,10.315961832
53.605729286,244.885000000,10.320989455
53.600539379,244.952000000,10.326024438
53.595174081,245.019000000,10.331066675
53.589630290,245.086000000,10.336116061
53.583904905,245.153000000,10.341172488
53.577994825,245.220000000,10.346235851
53.571896949,245.287000000,10.351306044
53.565608176,245.354000000,10.356382961
53.559125405,245.421000000,10.361466496
53.552445535,245.488000000,10.366556542
53.545565464,245.555000000,10.371652994
53.538482093,245.622000000,10.376755746
53.531192318,245.689000000,10.381864691
53.523693040,245.756000000,10.386979724
53.515981158,245.823000000,10.392100738
53.508053570,245.890000000,10.397227627
53.499907176,245.957000000,10.402360286
53.491538874,246.024000000,10.407498608
53.482945563,246.091000000,10.412642488
53.474124142,246.158000000,10.417791818
53.465071510,246.225000000,10.422946494
53.455784566,246.292000000,10.428106409
53.446260210,246.359000000,10.433271457
53.436495339,246.426000000,10.438441532
53.426486853,246.493000000,10.443616528
53.416231651,246.560000000,10.448796338
53.405726631,246.627000000,10.453980858
53.394968694,246.694000000,10.459169980
53.383954737,246.761000000,10.464363599
53.372681659,246.828000000,10.469561609
53.361146360,246.895000000,10.474763903
53.349345738,246.962000000,10.479970376
53.337276693,247.029000000,10.485180921
53.324936122,247.096000000,10.490395433
53.312320927,247.163000000,10.495613805
53.299428004,247.230000000,10.500835932
53.286254253,247.297000000,10.506061706
53.272796574,247.364000000,10.511291024
53.259051864,247.431000000,10.516523777
53.245017023,247.498000000,10.521759860
53.230688950,247.565000000,10.526999168
53.216064544,247.632000000,10.532241594
53.201140704,247.699000000,10.537487031
53.185914328,247.766000000,10.542735375
53.170382316,247.833000000,10.547986518
53.154541566,247.900000000,10.553240355
53.138388978,247.967000000,10.558496780
53.121921450,248.034000000,10.563755687
53.105135882,248.101000000,10.569016970
53.088029172,248.168000000,10.574280522
53.070598219,248.235000000,10.579546238
53.052839922,248.302000000,10.584814011
53.034751180,248.369000000,10.590083735
53.016328893,248.436000000,10.595355306
52.997569958,248.503000000,10.600628615
52.978471275,248.570000000,10.605903558
52.959029743,248.637000000,10.611180028
52.939242261,248.704000000,10.616457919
52.919105728,248.771000000,10.621737126
52.898617042,248.838000000,10.627017541
52.877773103,248.905000000,10.632299060
52.856570809,248.972000000,10.637581575
52.835007060,249.039000000,10.642864982
52.813078754,249.106000000,10.648149173
52.790782790,249.173000000,10.653434044
52.768116068,249.240000000,10.658719487
52.745075486,249.307000000,10.664005397
52.721657943,249.374000000,10.669291667
52.697860338,249.441000000,10.674578192
52.673679570,249.508000000,10.679864866
52.649112538,249.575000000,10.685151582
52.624156141,249.642000000,10.690438235
52.598807278,249.709000000,10.695724718
52.573062848,249.776000000,10.701010926
52.546919749,249.843000000,10.706296752
52.520374881,249.910000000,10.711582090
52.493425143,249.977000000,10.716866835
52.466067433,250.044000000,10.722150879
52.438298650,250.111000000,10.727434118
52.410115694,250.178000000,10.732716445
52.381515463,250.245000000,10.737997753
52.352494857,250.312000000,10.743277938
52.323050774,250.379000000,10.748556893
52.293180113,250.446000000,10.753834512
52.262879772,250.513000000,10.759110688
52.232146652,250.580000000,10.764385316
52.200977651,250.647000000,10.769658290
52.169369668,250.714000000,10.774929503
52.137319602,250.781000000,10.780198850
52.104824351,250.848000000,10.785466225
52.071880815,250.915000000,10.790731521
52.038485893,250.982000000,10.795994633
52.004636483,251.049000000,10.801255454
51.970329485,251.116000000,10.806513878
51.935561797,251.183000000,10.811769800
51.900330318,251.250000000,10.817023112
51.864631948,251.317000000,10.822273710
51.828463585,251.384000000,10.827521488
51.791822129,251.451000000,10.832766338
51.754704477,251.518000000,10.838008155
51.717107530,251.585000000,10.843246833
51.679028185,251.652000000,10.848482266
51.640463343,251.719000000,10.853714348
51.601409901,251.786000000,10.858942973
51.561864759,251.853000000,10.864168035
51.521824816,251.920000000,10.869389427
51.481286971,251.987000000,10.874607044
51.440248122,252.054000000,10.879820780
51.398705169,252.121000000,10.885030528
51.356655010,252.188000000,10.890236183
51.314094545,252.255000000,10.895437638
51.271020672,252.322000000,10.900634787
51.227430291,252.389000000,10.905827525
51.183320299,252.456000000,10.911015745
51.138687597,252.523000000,10.916199342
51.093529083,252.590000000,10.921378209
51.047841656,252.657000000,10.926552239
51.001622215,252.724000000,10.931721328
50.954867659,252.791000000,10.936885369
50.907574887,252.858000000,10.942044256
50.859740798,252.925000000,10.947197883
50.811362290,252.992000000,10.952346144
50.762436263,253.059000000,10.957488932
50.712959616,253.126000000,10.962626143
50.662929248,253.193000000,10.967757669
50.612342056,253.260000000,10.972883404
50.561194942,253.327000000,10.978003244
50.509484802,253.394000000,10.983117081
50.457208537,253.461000000,10.988224809
50.404363045,253.528000000,10.993326323
50.350945225,253.595000000,10.998421516
50.296951977,253.662000000,11.003510283
50.242380198,253.729000000,11.008592517
50.187226789,253.796000000,11.013668113
50.131488647,253.863000000,11.018736963
50.075162672,253.930000000,11.023798963
50.018245764,253.997000000,11.028854005
49.960734819,254.064000000,11.033901985
49.902626739,254.131000000,11.038942796
49.843918421,254.198000000,11.043976332
49.784606765,254.265000000,11.049002486
49.724688669,254.332000000,11.054021154
49.664161032,254.399000000,11.059032228
49.603020754,254.466000000,11.064035603
49.541264733,254.533000000,11.069031173
49.478889869,254.600000000,11.074018831
49.415893060,254.667000000,11.078998472
49.352271204,254.734000000,11.083969990
49.288021202,254.801000000,11.088933278
49.223139952,254.868000000,11.093888230
49.157624353,254.935000000,11.098834741
49.091471303,255.002000000,11.103772704
49.024677702,255.069000000,11.108702013
48.957240450,255.136000000,11.113622563
48.889156443,255.203000000,11.118534247
48.820422583,255.270000000,11.123436959
48.751035767,255.337000000,11.128330592
48.680992894,255.404000000,11.133215042
48.610290864,255.471000000,11.138090202
48.538926575,255.538000000,11.142955966
48.466896926,255.605000000,11.147812228
48.394198817,255.672000000,11.152658881
48.320829146,255.739000000,11.157495821
48.246784812,255.806000000,11.162322939
48.172062714,255.873000000,11.167140132
48.096659751,255.940000000,11.171947292
48.020572822,256.007000000,11.176741999
47.943798825,256.074000000,11.181512801
47.866334661,256.141000000,11.186246550
47.788177227,256.208000000,11.190930769
47.709323423,256.275000000,11.195553637
47.629770148,256.342000000,11.200103979
47.549514300,256.409000000,11.204571259
47.468552778,256.476000000,11.208945566
47.386882482,256.543000000,11.213217607
47.304500310,256.610000000,11.217378692
47.221403162,256.677000000,11.221420729
47.137587936,256.744000000,11.225336209
47.053051531,256.811000000,11.229118196
46.967790846,256.878000000,11.232760318
46.881802780,256.945000000,11.236256758
46.795084232,257.012000000,11.239602236
46.707632101,257.079000000,11.242792007
46.619443286,257.146000000,11.245821846
46.530514685,257.213000000,11.248688036
46.440843198,257.280000000,11.251387358
46.350426632,257.347000000,11.253917143
46.259266419,257.414000000,11.256275430
46.167364903,257.481000000,11.258460779
46.074724426,257.548000000,11.260472201
45.981347328,257.615000000,11.262309142
45.887235953,257.682000000,11.263971474
45.792392641,257.749000000,11.265459480
45.696819735,257.816000000,11.266773847
45.600519577,257.883000000,11.267915648
45.503494509,257.950000000,11.268886335
45.405746872,258.017000000,11.269687721
45.307279008,258.084000000,11.270321975
45.208093259,258.151000000,11.270791604
45.108191968,258.218000000,11.271099442
45.007577475,258.285000000,11.271248641
44.906252123,258.352000000,11.271242654
44.804218254,258.419000000,11.271085227
44.701478209,258.486000000,11.270780386
44.598034331,258.553000000,11.270332421
44.493888961,258.620000000,11.269745881
44.389044442,258.687000000,11.269025557
44.283503114,258.754000000,11.268176469
44.177267320,258.821000000,11.267203860
44.070339403,258.888000000,11.266113178
43.962721703,258.955000000,11.264910069
43.854416562,259.022000000,11.263600363
43.745426323,259.089000000,11.262190061
43.635753327,259.156000000,11.260685327
43.525399916,259.223000000,11.259092476
43.414368433,259.290000000,11.257417959
43.302661218,259.357000000,11.255668358
43.190280615,259.424000000,11.253850369
43.077228964,259.491000000,11.251970793
42.963508607,259.558000000,11.250036530
42.849121887,259.625000000,11.248054560
42.734071146,259.692000000,11.246031939
42.618358724,259.759000000,11.243975785
42.501986965,259.826000000,11.241893270
42.384958210,259.893000000,11.239791607
42.267274800,259.960000000,11.237678045
42.148939078,260.027000000,11.235559853
42.029953386,260.094000000,11.233444315
41.910320066,260.161000000,11.231338719
41.790041458,260.228000000,11.229250347
41.669119906,260.295000000,11.227186465
41.547557751,260.362000000,11.225154318
41.425357335,260.429000000,11.223161118
41.302521000,260.496000000,11.221214033
41.179051088,260.563000000,11.219320185
41.054949940,260.630000000,11.217486635
40.930219899,260.697000000,11.215720382
40.804863306,260.764000000,11.214028347
40.678882503,260.831000000,11.212417372
40.552279832,260.898000000,11.210894209
40.425057636,260.965000000,11.209465512
40.297218255,261.032000000,11.208137835
40.168764032,261.099000000,11.206917620
40.039697309,261.166000000,11.205811189
39.910020427,261.233000000,11.204824746
39.779735729,261.300000000,11.203964360
39.648845555,261.367000000,11.203235966
39.517352249,261.434000000,11.202645360
39.385258152,261.501000000,11.202198185
39.252565606,261.568000000,11.201899937
39.119276953,261.635000000,11.201755949
38.985394534,261.702000000,11.201771395
38.850920692,261.769000000,11.201951280
38.715857768,261.836000000,11.202300436
38.580208105,261.903000000,11.202823521
38.443974043,261.970000000,11.203525009
38.307157926,262.037000000,11.204409194
38.169762094,262.104000000,11.205480179
38.031788891,262.171000000,11.206741878
37.893240657,262.238000000,11.208198010
37.754119734,262.305000000,11.209852096
37.614428465,262.372000000,11.211707460
37.474169191,262.439000000,11.213767222
37.333344254,262.506000000,11.216034297
37.191955997,262.573000000,11.218511397
37.050006760,262.640000000,11.221201023
36.907498886,262.707000000,11.224105470
36.764434717,262.774000000,11.227226819
36.620816594,262.841000000,11.230566944
36.476646860,262.908000000,11.234127503
36.331927856,262.975000000,11.237909944
36.186661924,263.042000000,11.241915502
36.040851406,263.109000000,11.246145199
35.894498645,263.176000000,11.250599844
35.747605981,263.243000000,11.255280035
35.600175756,263.310000000,11.260186158
35.452210314,263.377000000,11.265318390
35.303711994,263.444000000,11.270676697
35.154683140,263.511000000,11.276260839
35.005126093,263.578000000,11.282070371
34.855043196,263.645000000,11.288104640
34.704436789,263.712000000,11.294362796
34.553309215,263.779000000,11.300843786
34.401662815,263.846000000,11.307546361
34.249499933,263.913000000,11.314469079
34.096822908,263.980000000,11.321610305
33.943634084,264.047000000,11.328968217
33.789935803,264.114000000,11.336540809
33.635730405,264.181000000,11.344325895
33.481020233,264.248000000,11.352321110
33.325807629,264.315000000,11.360523919
33.170094935,264.382000000,11.368931618
33.013884492,264.449000000,11.377541339
32.857178643,264.516000000,11.386350055
32.699979729,264.583000000,11.395354585
32.542290093,264.650000000,11.404551602
32.384112075,264.717000000,11.413937631
32.225448019,264.784000000,11.423509065
32.066300265,264.851000000,11.433262160
31.906671156,264.918000000,11.443193049
31.746563034,264.985000000,11.453297746
31.585978240,265.052000000,11.463572149
31.424919116,265.119000000,11.474012052
31.263388005,265.186000000,11.484613146
31.101387248,265.253000000,11.495371032
30.938919187,265.320000000,11.506281224
30.775986163,265.387000000,11.517339156
30.612590520,265.454000000,11.528540191
30.448734598,265.521000000,11.539879630
30.284420739,265.588000000,11.551352716
30.119651286,265.655000000,11.562954644
29.954428580,265.722000000,11.574680570
29.788754963,265.789000000,11.586525618
29.622632777,265.856000000,11.598484888
29.456064365,265.923000000,11.610553464
29.289052066,265.990000000,11.622726425
29.121598225,266.057000000,11.634998851
28.953705182,266.124000000,11.647365835
28.785375279,266.191000000,11.659822487
28.616610859,266.258000000,11.672363949
28.447414262,266.325000000,11.684985400
28.277787832,266.392000000,11.697682067
28.107733910,266.459000000,11.710449233
27.937254837,266.526000000,11.723282250
27.766352956,266.593000000,11.736176544
27.595030609,266.660000000,11.749127626
27.423293231,266.727000000,11.762131103
27.251158634,266.794000000,11.775182678
27.078647726,266.861000000,11.788278174
26.905781411,266.928000000,11.801413546
26.732580597,266.995000000,11.814584887
26.559066190,267.062000000,11.827788436
26.385259095,267.129000000,11.841020590
26.211180219,267.196000000,11.854277910
26.036850469,267.263000000,11.867557133
25.862290749,267.330000000,11.880855178
25.687521968,267.397000000,11.894169158
25.512565031,267.464000000,11.907496389
25.337440843,267.531000000,11.920834400
25.162170312,267.598000000,11.934180946
24.986774344,267.665000000,11.947534014
24.811273845,267.732000000,11.960891840
24.635689720,267.799000000,11.974252914
24.460042877,267.866000000,11.987615997
24.284354222,267.933000000,12.000980131
24.108644660,268.000000000,12.014344650
