x,y,z
-7.376673227,0.000000000,12.674985647
-7.525323732,0.067000000,12.668314311
-7.673959420,0.134000000,12.661645773
-7.822565475,0.201000000,12.654986984
-7.971127079,0.268000000,12.648349303
-8.119629418,0.335000000,12.641748357
-8.268057672,0.402000000,12.635203898
-8.416397027,0.469000000,12.628739666
-8.564632665,0.536000000,12.622383239
-8.712749770,0.603000000,12.616165892
-8.860733524,0.670000000,12.610122452
-9.008569112,0.737000000,12.604291150
-9.156241717,0.804000000,12.598713472
-9.303736521,0.871000000,12.593434015
-9.451038709,0.938000000,12.588500334
-9.598133463,1.005000000,12.583962797
-9.745005967,1.072000000,12.579874431
-9.891641404,1.139000000,12.576290776
-10.038024958,1.206000000,12.573269733
-10.184141812,1.273000000,12.570871413
-10.329977149,1.340000000,12.569157992
-10.475516152,1.407000000,12.568193553
-10.620744005,1.474000000,12.568043945
-10.765645892,1.541000000,12.568776627
-10.910206995,1.608000000,12.570460524
-11.054412497,1.675000000,12.573165874
-11.198247583,1.742000000,12.576964084
-11.341697436,1.809000000,12.581927583
-11.484747238,1.876000000,12.588129672
-11.627382173,1.943000000,12.595644383
-11.769587425,2.010000000,12.604546332
-11.911348177,2.077000000,12.614910577
-12.052649611,2.144000000,12.626812474
-12.193476913,2.211000000,12.640327538
-12.333815264,2.278000000,12.655531302
-12.473649848,2.345000000,12.672499179
-12.612965848,2.412000000,12.691306327
-12.751748448,2.479000000,12.712027509
-12.889982831,2.546000000,12.734736964
-13.027654181,2.613000000,12.759508271
-13.164747680,2.680000000,12.786414221
-13.301248513,2.747000000,12.815526688
-13.437141862,2.814000000,12.846916502
-13.572412910,2.881000000,12.880653324
-13.707046842,2.948000000,12.916805523
-13.841028840,3.015000000,12.955440055
-13.974344087,3.082000000,12.996622345
-14.106977768,3.149000000,13.040416170
-14.238915065,3.216000000,13.086883545
-14.370141161,3.283000000,13.136084612
-14.500641241,3.350000000,13.188077527
-14.630400487,3.417000000,13.242918356
-14.759404082,3.484000000,13.300660971
-14.887637211,3.551000000,13.361356942
-15.015085055,3.618000000,13.425055443
-15.141732800,3.685000000,13.491803153
-15.267565627,3.752000000,13.561644161
-15.392568721,3.819000000,13.634619874
-15.516727264,3.886000000,13.710768927
-15.640026440,3.953000000,13.790127099
-15.762451432,4.020000000,13.872727227
-15.883987424,4.087000000,13.958599126
-16.004619599,4.154000000,14.047769513
-16.124333140,4.221000000,14.140261927
-16.243113231,4.288000000,14.236096663
-16.360945054,4.355000000,14.335290697
-16.477813794,4.422000000,14.437857625
-16.593704633,4.489000000,14.543807595
-16.708602755,4.556000000,14.653147252
-16.822493343,4.623000000,14.765879677
-16.935361581,4.690000000,14.882004334
-17.047192652,4.757000000,15.001517019
-17.157971738,4.824000000,15.124409815
-17.267684025,4.891000000,15.250671043
-17.376314694,4.958000000,15.380285225
-17.483848929,5.025000000,15.513233043
-17.590271914,5.092000000,15.649491302
-17.695568831,5.159000000,15.789032906
-17.799724865,5.226000000,15.931826820
-17.902725198,5.293000000,16.077838051
-18.004555014,5.360000000,16.227027625
-18.105203235,5.427000000,16.379354745
-18.204673744,5.494000000,16.534783842
-18.302974162,5.561000000,16.693278956
-18.400112110,5.628000000,16.854801726
-18.496095209,5.695000000,17.019311432
-18.590931081,5.762000000,17.186765044
-18.684627348,5.829000000,17.357117265
-18.777191629,5.896000000,17.530320581
-18.868631548,5.963000000,17.706325311
-18.958954724,6.030000000,17.885079658
-19.048168780,6.097000000,18.066529762
-19.136281337,6.164000000,18.250619750
-19.223300015,6.231000000,18.437291796
-19.309232437,6.298000000,18.626486175
-19.394086224,6.365000000,18.818141318
-19.477868997,6.432000000,19.012193871
-19.560588378,6.499000000,19.208578756
-19.642251987,6.566000000,19.407229225
-19.722867446,6.633000000,19.608076927
-19.802442377,6.700000000,19.811051965
-19.880984401,6.767000000,20.016082958
-19.958501138,6.834000000,20.223097105
-20.035000211,6.901000000,20.432020244
-20.110489241,6.968000000,20.642776920
-20.184975849,7.035000000,20.855290448
-20.258467656,7.102000000,21.069482972
-20.330972284,7.169000000,21.285275535
-20.402497354,7.236000000,21.502588142
-20.473050488,7.303000000,21.721339824
-20.542639306,7.370000000,21.941448703
-20.611271430,7.437000000,22.162832058
-20.678954482,7.504000000,22.385406390
-20.745696082,7.571000000,22.609087486
-20.811503853,7.638000000,22.833790486
-20.876385415,7.705000000,23.059429946
-20.940348390,7.772000000,23.285919905
-21.003400399,7.839000000,23.513173948
-21.065549063,7.906000000,23.741105271
-21.126802004,7.973000000,23.969626745
-21.187166843,8.040000000,24.198650982
-21.246651201,8.107000000,24.428090394
-21.305262701,8.174000000,24.657857262
-21.363008962,8.241000000,24.887863795
-21.419897607,8.308000000,25.118022192
-21.475936256,8.375000000,25.348244706
-21.531132532,8.442000000,25.578443704
-21.585494055,8.509000000,25.808531728
-21.639028446,8.576000000,26.038421556
-21.691743328,8.643000000,26.268026258
-21.743646321,8.710000000,26.497259260
-21.794745047,8.777000000,26.726034399
-21.845047127,8.844000000,26.954265978
-21.894560183,8.911000000,27.181868830
-21.943291835,8.978000000,27.408758364
-21.991249705,9.045000000,27.634850630
-22.038441415,9.112000000,27.860062365
-22.084874585,9.179000000,28.084311051
-22.130556838,9.246000000,28.307514964
-22.175495794,9.313000000,28.529593230
-22.219699074,9.380000000,28.750465871
-22.263174301,9.447000000,28.970053857
-22.305929095,9.514000000,29.188279153
-22.347971078,9.581000000,29.405064769
-22.389307871,9.648000000,29.620334802
-22.429947095,9.715000000,29.834014489
-22.469896372,9.782000000,30.046030241
-22.509163323,9.849000000,30.256309697
-22.547755569,9.916000000,30.464781758
-22.585680733,9.983000000,30.671376632
-22.622946434,10.050000000,30.876025875
-22.659560295,10.117000000,31.078662425
-22.695529936,10.184000000,31.279220646
-22.730862979,10.251000000,31.477636359
-22.765567046,10.318000000,31.673846880
-22.799649758,10.385000000,31.867791054
-22.833118736,10.452000000,32.059409289
-22.865981601,10.519000000,32.248643584
-22.898245974,10.586000000,32.435437564
-22.929919478,10.653000000,32.619736507
-22.961009734,10.720000000,32.801487371
-22.991524361,10.787000000,32.980638825
-23.021470984,10.854000000,33.157141270
-23.050857221,10.921000000,33.330946868
-23.079690695,10.988000000,33.502009560
-23.107979027,11.055000000,33.670285093
-23.135729839,11.122000000,33.835731038
-23.162950751,11.189000000,33.998306811
-23.189649386,11.256000000,34.157973689
-23.215833363,11.323000000,34.314694832
-23.241510306,11.390000000,34.468435292
-23.266687834,11.457000000,34.619162033
-23.291373570,11.524000000,34.766843945
-23.315575135,11.591000000,34.911451853
-23.339300150,11.658000000,35.052958528
-23.362556236,11.725000000,35.191338701
-23.385351015,11.792000000,35.326569068
-23.407692108,11.859000000,35.458628300
-23.429587136,11.926000000,35.587497048
-23.451043721,11.993000000,35.713157950
-23.472069484,12.060000000,35.835595634
-23.492672046,12.127000000,35.954796721
-23.512859029,12.194000000,36.070749828
-23.532638054,12.261000000,36.183445570
-23.552016743,12.328000000,36.292876557
-23.571002716,12.395000000,36.399037397
-23.589603596,12.462000000,36.501924690
-23.607827002,12.529000000,36.601537027
-23.625680558,12.596000000,36.697874987
-23.643171883,12.663000000,36.790941130
-23.660308600,12.730000000,36.880739994
-23.677098330,12.797000000,36.967278082
-23.693548693,12.864000000,37.050563865
-23.709667312,12.931000000,37.130607761
-23.725461808,12.998000000,37.207422137
-23.740939802,13.065000000,37.281021292
-23.756108915,13.132000000,37.351421448
-23.770976769,13.199000000,37.418640738
-23.785550985,13.266000000,37.482699198
-23.799839184,13.333000000,37.543618746
-23.813848988,13.400000000,37.601423175
-23.827588243,13.467000000,37.656138112
-23.841065694,13.534000000,37.707790926
-23.854290311,13.601000000,37.756410790
-23.867271066,13.668000000,37.802028690
-23.880016928,13.735000000,37.844677409
-23.892536867,13.802000000,37.884391510
-23.904839854,13.869000000,37.921207318
-23.916934859,13.936000000,37.955162905
-23.928830852,14.003000000,37.986298072
-23.940536804,14.070000000,38.014654327
-23.952061684,14.137000000,38.040274873
-23.963414464,14.204000000,38.063204585
-23.974604113,14.271000000,38.083489994
-23.985639601,14.338000000,38.101179267
-23.996529900,14.405000000,38.116322189
-24.007283978,14.472000000,38.128970145
-24.017910808,14.539000000,38.139176101
-24.028419358,14.606000000,38.146994586
-24.038818599,14.673000000,38.152481671
-24.049117501,14.740000000,38.155694955
-24.059325035,14.807000000,38.156693547
-24.069450171,14.874000000,38.155538044
-24.079501878,14.941000000,38.152290519
-24.089489129,15.008000000,38.147014501
-24.099420892,15.075000000,38.139774961
-24.109306138,15.142000000,38.130638295
-24.119153837,15.209000000,38.119672309
-24.128972960,15.276000000,38.106946207
-24.138772476,15.343000000,38.092530571
-24.148561357,15.410000000,38.076497356
-24.158348572,15.477000000,38.058919873
-24.168143092,15.544000000,38.039872779
-24.177953886,15.611000000,38.019432067
-24.187789926,15.678000000,37.997675054
-24.197660181,15.745000000,37.974680380
-24.207573622,15.812000000,37.950527992
-24.217539219,15.879000000,37.925299146
-24.227565943,15.946000000,37.899076396
-24.237662763,16.013000000,37.871943596
-24.247838649,16.080000000,37.843985895
-24.258100972,16.147000000,37.815284556
-24.268450691,16.214000000,37.785901375
-24.278887168,16.281000000,37.755894215
-24.289409763,16.348000000,37.725322202
-24.300017837,16.415000000,37.694245746
-24.310710748,16.482000000,37.662726557
-24.321487858,16.549000000,37.630827672
-24.332348528,16.616000000,37.598613471
-24.343292116,16.683000000,37.566149702
-24.354317983,16.750000000,37.533503501
-24.365425490,16.817000000,37.500743414
-24.376613997,16.884000000,37.467939422
-24.387882864,16.951000000,37.435162961
-24.399231452,17.018000000,37.402486950
-24.410659120,17.085000000,37.369985808
-24.422165228,17.152000000,37.337735488
-24.433749138,17.219000000,37.305813493
-24.445410209,17.286000000,37.274298906
-24.457147802,17.353000000,37.243272415
-24.468961276,17.420000000,37.212816336
-24.480849993,17.487000000,37.182999792
-24.492813312,17.554000000,37.153833605
-24.504850593,17.621000000,37.125313888
-24.516961198,17.688000000,37.097436751
-24.529144485,17.755000000,37.070198306
-24.541399815,17.822000000,37.043594662
-24.553726549,17.889000000,37.017621932
-24.566124047,17.956000000,36.992276225
-24.578591669,18.023000000,36.967553654
-24.591128775,18.090000000,36.943450329
-24.603734726,18.157000000,36.919962360
-24.616408881,18.224000000,36.897085860
-24.629150601,18.291000000,36.874816939
-24.641959247,18.358000000,36.853151707
-24.654834178,18.425000000,36.832086277
-24.667774755,18.492000000,36.811616758
-24.680780338,18.559000000,36.791739262
-24.693850287,18.626000000,36.772449900
-24.706983963,18.693000000,36.753744783
-24.720180725,18.760000000,36.735620021
-24.733439934,18.827000000,36.718071726
-24.746760951,18.894000000,36.701096009
-24.760143135,18.961000000,36.684688981
-24.773585846,19.028000000,36.668846752
-24.787088446,19.095000000,36.653565434
-24.800650294,19.162000000,36.638841137
-24.814270750,19.229000000,36.624669973
-24.827949175,19.296000000,36.611048052
-24.841684929,19.363000000,36.597971486
-24.855477372,19.430000000,36.585436385
-24.869325865,19.497000000,36.573438861
-24.883229767,19.564000000,36.561975024
-24.897188439,19.631000000,36.551040986
-24.911201241,19.698000000,36.540632856
-24.925267534,19.765000000,36.530746747
-24.939386677,19.832000000,36.521378770
-24.953558032,19.899000000,36.512525035
-24.967780957,19.966000000,36.504181653
-24.982054814,20.033000000,36.496344735
-24.996378962,20.100000000,36.489010392
-25.010752763,20.167000000,36.482174735
-25.025175575,20.234000000,36.475833876
-25.039646760,20.301000000,36.469983924
-25.054165678,20.368000000,36.464620992
-25.068731688,20.435000000,36.459741190
-25.083344151,20.502000000,36.455340629
-25.098002428,20.569000000,36.451415419
-25.112705879,20.636000000,36.447961673
-25.127453863,20.703000000,36.444975500
-25.142245742,20.770000000,36.442453013
-25.157080874,20.837000000,36.440390321
-25.171958622,20.904000000,36.438783536
-25.186878344,20.971000000,36.437628769
-25.201839401,21.038000000,36.436922131
-25.216841154,21.105000000,36.436659732
-25.231882962,21.172000000,36.436837684
-25.246964186,21.239000000,36.437452098
-25.262084186,21.306000000,36.438499084
-25.277242323,21.373000000,36.439974754
-25.292437956,21.440000000,36.441875219
-25.307670446,21.507000000,36.444196589
-25.322939152,21.574000000,36.446934976
-25.338243437,21.641000000,36.450086490
-25.353582658,21.708000000,36.453647243
-25.368956178,21.775000000,36.457613345
-25.384363355,21.842000000,36.461980908
-25.399803551,21.909000000,36.466746042
-25.415276126,21.976000000,36.471904858
-25.430780439,22.043000000,36.477453468
-25.446315851,22.110000000,36.483387982
-25.461881722,22.177000000,36.489704511
-25.477477413,22.244000000,36.496399166
-25.493102284,22.311000000,36.503468059
-25.508755695,22.378000000,36.510907300
-25.524437006,22.445000000,36.518713000
-25.540145577,22.512000000,36.526881270
-25.555880769,22.579000000,36.535408222
-25.571641942,22.646000000,36.544289965
-25.587428457,22.713000000,36.553522612
-25.603239673,22.780000000,36.563102272
-25.619074950,22.847000000,36.573025058
-25.634933650,22.914000000,36.583287079
-25.650815132,22.981000000,36.593884448
-25.666718756,23.048000000,36.604813274
-25.682643883,23.115000000,36.616069669
-25.698589873,23.182000000,36.627649744
-25.714556086,23.249000000,36.639549610
-25.730541883,23.316000000,36.651765378
-25.746546623,23.383000000,36.664293158
-25.762569667,23.450000000,36.677129062
-25.778610376,23.517000000,36.690269201
-25.794668109,23.584000000,36.703709686
-25.810742226,23.651000000,36.717446627
-25.826832089,23.718000000,36.731476136
-25.842937056,23.785000000,36.745794323
-25.859056490,23.852000000,36.760397300
-25.875189748,23.919000000,36.775281177
-25.891336193,23.986000000,36.790442066
-25.907495184,24.053000000,36.805876078
-25.923666081,24.120000000,36.821579323
-25.939848245,24.187000000,36.837547912
-25.956041035,24.254000000,36.853777957
-25.972243813,24.321000000,36.870265568
-25.988455938,24.388000000,36.887006856
-26.004676771,24.455000000,36.903997933
-26.020905672,24.522000000,36.921234909
-26.037142001,24.589000000,36.938713895
-26.053385118,24.656000000,36.956431003
-26.069634384,24.723000000,36.974382342
-26.085889159,24.790000000,36.992564025
-26.102148803,24.857000000,37.010972162
-26.118412676,24.924000000,37.029602864
-26.134680139,24.991000000,37.048452242
-26.150950551,25.058000000,37.067516407
-26.167223274,25.125000000,37.086791471
-26.183497667,25.192000000,37.106273543
-26.199773090,25.259000000,37.125958735
-26.216048905,25.326000000,37.145843158
-26.232324470,25.393000000,37.165922923
-26.248599147,25.460000000,37.186194141
-26.264872296,25.527000000,37.206652922
-26.281143276,25.594000000,37.227295379
-26.297411448,25.661000000,37.248117621
-26.313676173,25.728000000,37.269115760
-26.329936810,25.795000000,37.290285907
-26.346192720,25.862000000,37.311624172
-26.362443263,25.929000000,37.333126668
-26.378687799,25.996000000,37.354789503
-26.394925689,26.063000000,37.376608791
-26.411156292,26.130000000,37.398580641
-26.427378970,26.197000000,37.420701164
-26.443593082,26.264000000,37.442966472
-26.459797988,26.331000000,37.465372676
-26.475993049,26.398000000,37.487915886
-26.492177625,26.465000000,37.510592213
-26.508351077,26.532000000,37.533397769
-26.524512763,26.599000000,37.556328665
-26.540662046,26.666000000,37.579381010
-26.556798285,26.733000000,37.602550917
-26.572920840,26.800000000,37.625834496
-26.589029071,26.867000000,37.649227859
-26.605122339,26.934000000,37.672727116
-26.621200004,27.001000000,37.696328378
-26.637261426,27.068000000,37.720027756
-26.653305966,27.135000000,37.743821361
-26.669332983,27.202000000,37.767705305
-26.685341839,27.269000000,37.791675697
-26.701331892,27.336000000,37.815728650
-26.717302504,27.403000000,37.839860274
-26.733253035,27.470000000,37.864066679
-26.749182845,27.537000000,37.888343978
-26.765091294,27.604000000,37.912688281
-26.780977742,27.671000000,37.937095698
-26.796841550,27.738000000,37.961562342
-26.812682078,27.805000000,37.986084322
-26.828498686,27.872000000,38.010657750
-26.844290734,27.939000000,38.035278737
-26.860057584,28.006000000,38.059943394
-26.875798594,28.073000000,38.084647831
-26.891513125,28.140000000,38.109388161
-26.907200538,28.207000000,38.134160492
-26.922860192,28.274000000,38.158960938
-26.938491448,28.341000000,38.183785608
-26.954093666,28.408000000,38.208630614
-26.969666207,28.475000000,38.233492067
-26.985208430,28.542000000,38.258366077
-27.000719697,28.609000000,38.283248755
-27.016199366,28.676000000,38.308136213
-27.031646799,28.743000000,38.333024561
-27.047061355,28.810000000,38.357909911
-27.062442395,28.877000000,38.382788374
-27.077789279,28.944000000,38.407656059
-27.093101368,29.011000000,38.432509079
-27.108378021,29.078000000,38.457343545
-27.123618599,29.145000000,38.482155566
-27.138822463,29.212000000,38.506941255
-27.153988971,29.279000000,38.531696723
-27.169117485,29.346000000,38.556418079
-27.184207365,29.413000000,38.581101436
-27.199257971,29.480000000,38.605742903
-27.214268663,29.547000000,38.630338593
-27.229238802,29.614000000,38.654884616
-27.244167748,29.681000000,38.679377083
-27.259054861,29.748000000,38.703812105
-27.273899501,29.815000000,38.728185793
-27.288701028,29.882000000,38.752494258
-27.303458804,29.949000000,38.776733611
-27.318172187,30.016000000,38.800899963
-27.332840539,30.083000000,38.824989425
-27.347463219,30.150000000,38.848998107
-27.362039588,30.217000000,38.872922122
-27.376569006,30.284000000,38.896757579
-27.391050834,30.351000000,38.920500590
-27.405484430,30.418000000,38.944147266
-27.419869157,30.485000000,38.967693718
-27.434204374,30.552000000,38.991136056
-27.448489440,30.619000000,39.014470392
-27.462723718,30.686000000,39.037692836
-27.476906566,30.753000000,39.060799500
-27.491037345,30.820000000,39.083786495
-27.505115415,30.887000000,39.106649931
-27.519140137,30.954000000,39.129385920
-27.533110871,31.021000000,39.151990572
-27.547026976,31.088000000,39.174459999
-27.560887814,31.155000000,39.196790311
-27.574692744,31.222000000,39.218977620
-27.588441127,31.289000000,39.241018036
-27.602132323,31.356000000,39.262907670
-27.615765692,31.423000000,39.284642634
-27.629340595,31.490000000,39.306219038
-27.642856391,31.557000000,39.327632993
-27.656312441,31.624000000,39.348880610
-27.669708106,31.691000000,39.369958001
-27.683042745,31.758000000,39.390861276
-27.696315718,31.825000000,39.411586546
-27.709526387,31.892000000,39.432129922
-27.722674110,31.959000000,39.452487515
-27.735758249,32.026000000,39.472655436
-27.748778164,32.093000000,39.492629796
-27.761733215,32.160000000,39.512406707
-27.774622898,32.227000000,39.531983029
-27.787447258,32.294000000,39.551358627
-27.800206476,32.361000000,39.570534119
-27.812900731,32.428000000,39.589510119
-27.825530205,32.495000000,39.608287243
-27.838095077,32.562000000,39.626866107
-27.850595529,32.629000000,39.645247328
-27.863031742,32.696000000,39.663431520
-27.875403894,32.763000000,39.681419300
-27.887712168,32.830000000,39.699211283
-27.899956744,32.897000000,39.716808085
-27.912137802,32.964000000,39.734210323
-27.924255523,33.031000000,39.751418612
-27.936310087,33.098000000,39.768433567
-27.948301675,33.165000000,39.785255805
-27.960230468,33.232000000,39.801885941
-27.972096645,33.299000000,39.818324592
-27.983900389,33.366000000,39.834572373
-27.995641878,33.433000000,39.850629900
-28.007321295,33.500000000,39.866497788
-28.018938818,33.567000000,39.882176655
-28.030494629,33.634000000,39.897667114
-28.041988909,33.701000000,39.912969783
-28.053421838,33.768000000,39.928085277
-28.064793596,33.835000000,39.943014212
-28.076104365,33.902000000,39.957757204
-28.087354323,33.969000000,39.972314868
-28.098543654,34.036000000,39.986687821
-28.109672536,34.103000000,40.000876678
-28.120741150,34.170000000,40.014882055
-28.131749677,34.237000000,40.028704568
-28.142698297,34.304000000,40.042344832
-28.153587192,34.371000000,40.055803465
-28.164416541,34.438000000,40.069081080
-28.175186525,34.505000000,40.082178295
-28.185897324,34.572000000,40.095095725
-28.196549120,34.639000000,40.107833986
-28.207142093,34.706000000,40.120393694
-28.217676423,34.773000000,40.132775465
-28.228152290,34.840000000,40.144979913
-28.238569877,34.907000000,40.157007656
-28.248929362,34.974000000,40.168859309
-28.259230927,35.041000000,40.180535488
-28.269474751,35.108000000,40.192036809
-28.279661017,35.175000000,40.203363887
-28.289789904,35.242000000,40.214517339
-28.299861592,35.309000000,40.225497780
-28.309876263,35.376000000,40.236305826
-28.319834096,35.443000000,40.246942092
-28.329735273,35.510000000,40.257407196
-28.339579975,35.577000000,40.267701752
-28.349368380,35.644000000,40.277826377
-28.359100671,35.711000000,40.287781685
-28.368777027,35.778000000,40.297568294
-28.378397630,35.845000000,40.307186819
-28.387962659,35.912000000,40.316637875
-28.397472296,35.979000000,40.325922079
-28.406926720,36.046000000,40.335040046
-28.416326113,36.113000000,40.343992393
-28.425670655,36.180000000,40.352779734
-28.434960527,36.247000000,40.361402687
-28.444195909,36.314000000,40.369861866
-28.453376981,36.381000000,40.378157887
-28.462503925,36.448000000,40.386291367
-28.471576920,36.515000000,40.394262922
-28.480596148,36.582000000,40.402073166
-28.489561788,36.649000000,40.409722716
-28.498474022,36.716000000,40.417212188
-28.507333030,36.783000000,40.424542197
-28.516138993,36.850000000,40.431713360
-28.524892091,36.917000000,40.438726292
-28.533592504,36.984000000,40.445581609
-28.542240414,37.051000000,40.452279926
-28.550836000,37.118000000,40.458821861
-28.559379444,37.185000000,40.465208028
-28.567870925,37.252000000,40.471439043
-28.576310626,37.319000000,40.477515523
-28.584698725,37.386000000,40.483438082
-28.593035404,37.453000000,40.489207337
-28.601320842,37.520000000,40.494823904
-28.609555222,37.587000000,40.500288399
-28.617738723,37.654000000,40.505601437
-28.625871525,37.721000000,40.510763634
-28.633953810,37.788000000,40.515775606
-28.641985758,37.855000000,40.520637969
-28.649967550,37.922000000,40.525351338
-28.657899365,37.989000000,40.529916330
-28.665781385,38.056000000,40.534333560
-28.673613790,38.123000000,40.538603645
-28.681396761,38.190000000,40.542727199
-28.689130478,38.257000000,40.546704840
-28.696815122,38.324000000,40.550537182
-28.704450873,38.391000000,40.554224841
-28.712037912,38.458000000,40.557768434
-28.719576420,38.525000000,40.561168576
-28.727066577,38.592000000,40.564425883
-28.734508563,38.659000000,40.567540970
-28.741902559,38.726000000,40.570514455
-28.749248746,38.793000000,40.573346952
-28.756547305,38.860000000,40.576039077
-28.763798415,38.927000000,40.578591446
-28.771002258,38.994000000,40.581004675
-28.778159013,39.061000000,40.583279380
-28.785268862,39.128000000,40.585416177
-28.792331985,39.195000000,40.587415681
-28.799348563,39.262000000,40.589278509
-28.806318776,39.329000000,40.591005275
-28.813242804,39.396000000,40.592596597
-28.820120829,39.463000000,40.594053089
-28.826953031,39.530000000,40.595375368
-28.833739590,39.597000000,40.596564049
-28.840480687,39.664000000,40.597619749
-28.847176502,39.731000000,40.598543083
-28.853827217,39.798000000,40.599334666
-28.860433011,39.865000000,40.599995116
-28.866994065,39.932000000,40.600525047
-28.873510560,39.999000000,40.600925076
-28.879982677,40.066000000,40.601195818
-28.886410595,40.133000000,40.601337889
-28.892794495,40.200000000,40.601351904
-28.899134559,40.267000000,40.601238481
-28.905430966,40.334000000,40.600998234
-28.911683897,40.401000000,40.600631780
-28.917893533,40.468000000,40.600139734
-28.924060054,40.535000000,40.599522712
-28.930183640,40.602000000,40.598781330
-28.936264473,40.669000000,40.597916204
-28.942302733,40.736000000,40.596927949
-28.948298600,40.803000000,40.595817182
-28.954252255,40.870000000,40.594584518
-28.960163879,40.937000000,40.593230573
-28.966033652,41.004000000,40.591755963
-28.971861754,41.071000000,40.590161304
-28.977648367,41.138000000,40.588447211
-28.983393670,41.205000000,40.586614301
-28.989097845,41.272000000,40.584663189
-28.994761071,41.339000000,40.582594491
-29.000383530,41.406000000,40.580408823
-29.005965402,41.473000000,40.578106801
-29.011506868,41.540000000,40.575689040
-29.017008107,41.607000000,40.573156157
-29.022469301,41.674000000,40.570508767
-29.027890630,41.741000000,40.567747486
-29.033272276,41.808000000,40.564872930
-29.038614417,41.875000000,40.561885715
-29.043917235,41.942000000,40.558786456
-29.049180911,42.009000000,40.555575770
-29.054405625,42.076000000,40.552254271
-29.059591557,42.143000000,40.548822577
-29.064738888,42.210000000,40.545281303
-29.069847799,42.277000000,40.541631065
-29.074918470,42.344000000,40.537872478
-29.079951082,42.411000000,40.534006158
-29.084945816,42.478000000,40.530032722
-29.089902851,42.545000000,40.525952785
-29.094822368,42.612000000,40.521766962
-29.099704549,42.679000000,40.517475870
-29.104549573,42.746000000,40.513080125
-29.109357621,42.813000000,40.508580342
-29.114128874,42.880000000,40.503977138
-29.118863512,42.947000000,40.499271127
-29.123561716,43.014000000,40.494462927
-29.128223666,43.081000000,40.489553152
-29.132849544,43.148000000,40.484542418
-29.137439528,43.215000000,40.479431342
-29.141993801,43.282000000,40.474220539
-29.146512542,43.349000000,40.468910625
-29.150995932,43.416000000,40.463502216
-29.155444152,43.483000000,40.457995928
-29.159857382,43.550000000,40.452392376
-29.164235803,43.617000000,40.446692177
-29.168579595,43.684000000,40.440895945
-29.172888939,43.751000000,40.435004298
-29.177164016,43.818000000,40.429017851
-29.181405006,43.885000000,40.422937219
-29.185612089,43.952000000,40.416763019
-29.189785446,44.019000000,40.410495866
-29.193925258,44.086000000,40.404136376
-29.198031705,44.153000000,40.397685166
-29.202104969,44.220000000,40.391142850
-29.206145228,44.287000000,40.384510045
-29.210152664,44.354000000,40.377787366
-29.214127458,44.421000000,40.370975430
-29.218069790,44.488000000,40.364074851
-29.221979840,44.555000000,40.357086247
-29.225857790,44.622000000,40.350010233
-29.229703819,44.689000000,40.342847424
-29.233518108,44.756000000,40.335598437
-29.237300839,44.823000000,40.328263887
-29.241052190,44.890000000,40.320844390
-29.244772344,44.957000000,40.313340562
-29.248461480,45.024000000,40.305753020
-29.252119779,45.091000000,40.298082377
-29.255747421,45.158000000,40.290329251
-29.259344588,45.225000000,40.282494258
-29.262911460,45.292000000,40.274578013
-29.266448216,45.359000000,40.266581131
-29.269955039,45.426000000,40.258504230
-29.273432108,45.493000000,40.250347924
-29.276879604,45.560000000,40.242112829
-29.280297707,45.627000000,40.233799562
-29.283686598,45.694000000,40.225408738
-29.287046458,45.761000000,40.216940973
-29.290377467,45.828000000,40.208396883
-29.293679806,45.895000000,40.199777083
-29.296953655,45.962000000,40.191082190
-29.300199195,46.029000000,40.182312819
-29.303416607,46.096000000,40.173469586
-29.306606070,46.163000000,40.164553107
-29.309767766,46.230000000,40.155563998
-29.312901874,46.297000000,40.146502875
-29.316008577,46.364000000,40.137370353
-29.319088053,46.431000000,40.128167048
-29.322140485,46.498000000,40.118893577
-29.325166051,46.565000000,40.109550554
-29.328164934,46.632000000,40.100138596
-29.331137312,46.699000000,40.090658319
-29.334083368,46.766000000,40.081110338
-29.337003281,46.833000000,40.071495270
-29.339897233,46.900000000,40.061813729
-29.342765403,46.967000000,40.052066333
-29.345607972,47.034000000,40.042253696
-29.348425120,47.101000000,40.032376435
-29.351217030,47.168000000,40.022435165
-29.353983879,47.235000000,40.012430503
-29.356725851,47.302000000,40.002363063
-29.359443124,47.369000000,39.992233463
-29.362135880,47.436000000,39.982042317
-29.364804299,47.503000000,39.971790242
-29.367448561,47.570000000,39.961477854
-29.370068848,47.637000000,39.951105767
-29.372665340,47.704000000,39.940674599
-29.375238216,47.771000000,39.930184964
-29.377787659,47.838000000,39.919637480
-29.380313848,47.905000000,39.909032761
-29.382816964,47.972000000,39.898371423
-29.385297187,48.039000000,39.887654083
-29.387754699,48.106000000,39.876881355
-29.390189679,48.173000000,39.866053857
-29.392602309,48.240000000,39.855172203
-29.394992768,48.307000000,39.844237010
-29.397361237,48.374000000,39.833248893
-29.399707898,48.441000000,39.822208469
-29.402032929,48.508000000,39.811116352
-29.404336513,48.575000000,39.799973159
-29.406618829,48.642000000,39.788779507
-29.408880059,48.709000000,39.777536009
-29.411120382,48.776000000,39.766243283
-29.413339979,48.843000000,39.754901945
-29.415539031,48.910000000,39.743512609
-29.417717718,48.977000000,39.732075892
-29.419876221,49.044000000,39.720592410
-29.422014721,49.111000000,39.709062779
-29.424133397,49.178000000,39.697487614
-29.426232431,49.245000000,39.685867531
-29.428312004,49.312000000,39.674203146
-29.430372294,49.379000000,39.662495075
-29.432413485,49.446000000,39.650743934
-29.434435754,49.513000000,39.638950338
-29.436439285,49.580000000,39.627114903
-29.438424256,49.647000000,39.615238246
-29.440390848,49.714000000,39.603320982
-29.442339243,49.781000000,39.591363727
-29.444269620,49.848000000,39.579367096
-29.446182160,49.915000000,39.567331706
-29.448077044,49.982000000,39.555258172
-29.449954452,50.049000000,39.543147111
-29.451814565,50.116000000,39.530999137
-29.453657563,50.183000000,39.518814868
-29.455483627,50.250000000,39.506594918
-29.457292937,50.317000000,39.494339903
-29.459085675,50.384000000,39.482050440
-29.460862020,50.451000000,39.469727144
-29.462622153,50.518000000,39.457370631
-29.464366255,50.585000000,39.444981517
-29.466094506,50.652000000,39.432560418
-29.467807087,50.719000000,39.420107949
-29.469504178,50.786000000,39.407624727
-29.471185960,50.853000000,39.395111366
-29.472852614,50.920000000,39.382568484
-29.474504319,50.987000000,39.369996695
-29.476141258,51.054000000,39.357396616
-29.477763609,51.121000000,39.344768863
-29.479371554,51.188000000,39.332114051
-29.480965273,51.255000000,39.319432796
-29.482544947,51.322000000,39.306725714
-29.484110757,51.389000000,39.293993421
-29.485662882,51.456000000,39.281236532
-29.487201504,51.523000000,39.268455665
-29.488726802,51.590000000,39.255651433
-29.490238959,51.657000000,39.242824453
-29.491738153,51.724000000,39.229975342
-29.493224567,51.791000000,39.217104714
-29.494698379,51.858000000,39.204213186
-29.496159771,51.925000000,39.191301374
-29.497608924,51.992000000,39.178369892
-29.499046017,52.059000000,39.165419358
-29.500471233,52.126000000,39.152450387
-29.501884750,52.193000000,39.139463595
-29.503286749,52.260000000,39.126459597
-29.504677412,52.327000000,39.113439010
-29.506056919,52.394000000,39.100402449
-29.507425449,52.461000000,39.087350530
-29.508783185,52.528000000,39.074283869
-29.510130306,52.595000000,39.061203082
-29.511466993,52.662000000,39.048108784
-29.512793426,52.729000000,39.035001592
-29.514109787,52.796000000,39.021882122
-29.515416255,52.863000000,39.008750988
-29.516713011,52.930000000,38.995608807
-29.518000236,52.997000000,38.982456195
-29.519278110,53.064000000,38.969293768
-29.520546814,53.131000000,38.956122141
-29.521806529,53.198000000,38.942941931
-29.523057434,53.265000000,38.929753752
-29.524299711,53.332000000,38.916558222
-29.525533540,53.399000000,38.903355955
-29.526759101,53.466000000,38.890147568
-29.527976576,53.533000000,38.876933676
-29.529186144,53.600000000,38.863714896
-29.530387987,53.667000000,38.850491843
-29.531582284,53.734000000,38.837265132
-29.532769217,53.801000000,38.824035380
-29.533948966,53.868000000,38.810803203
-29.535121712,53.935000000,38.797569217
-29.536287634,54.002000000,38.784334036
-29.537446914,54.069000000,38.771098278
-29.538599732,54.136000000,38.757862558
-29.539746269,54.203000000,38.744627491
-29.540886705,54.270000000,38.731393694
-29.542021222,54.337000000,38.718161783
-29.543149998,54.404000000,38.704932372
-29.544273216,54.471000000,38.691706079
-29.545391055,54.538000000,38.678483519
-29.546503696,54.605000000,38.665265307
-29.547611319,54.672000000,38.652052060
-29.548714106,54.739000000,38.638844393
-29.549812237,54.806000000,38.625642923
-29.550905892,54.873000000,38.612448264
-29.551995252,54.940000000,38.599261034
-29.553080497,55.007000000,38.586081847
-29.554161808,55.074000000,38.572911320
-29.555239366,55.141000000,38.559750068
-29.556313350,55.208000000,38.546598708
-29.557383943,55.275000000,38.533457854
-29.558451323,55.342000000,38.520328123
-29.559515673,55.409000000,38.507210132
-29.560577171,55.476000000,38.494104494
-29.561636000,55.543000000,38.481011827
-29.562692339,55.610000000,38.467932747
-29.563746369,55.677000000,38.454867868
-29.564798270,55.744000000,38.441817807
-29.565848224,55.811000000,38.428783180
-29.566896410,55.878000000,38.415764602
-29.567943010,55.945000000,38.402762690
-29.568988203,56.012000000,38.389778059
-29.570032170,56.079000000,38.376811325
-29.571075093,56.146000000,38.363863104
-29.572117151,56.213000000,38.350934012
-29.573158525,56.280000000,38.338024664
-29.574199395,56.347000000,38.325135676
-29.575239942,56.414000000,38.312267665
-29.576280347,56.481000000,38.299421246
-29.577320791,56.548000000,38.286597034
-29.578361453,56.615000000,38.273795647
-29.579402514,56.682000000,38.261017699
-29.580444156,56.749000000,38.248263806
-29.581486558,56.816000000,38.235534584
-29.582529900,56.883000000,38.222830649
-29.583574365,56.950000000,38.210152618
-29.584620131,57.017000000,38.197501104
-29.585667380,57.084000000,38.184876726
-29.586716293,57.151000000,38.172280098
-29.587767049,57.218000000,38.159711835
-29.588819829,57.285000000,38.147172555
-29.589874815,57.352000000,38.134662873
-29.590932185,57.419000000,38.122183404
-29.591992122,57.486000000,38.109734765
-29.593054806,57.553000000,38.097317572
-29.594120416,57.620000000,38.084932439
-29.595189134,57.687000000,38.072579983
-29.596261141,57.754000000,38.060260821
-29.597336616,57.821000000,38.047975567
-29.598415741,57.888000000,38.035724837
-29.599498695,57.955000000,38.023509248
-29.600585660,58.022000000,38.011329415
-29.601676816,58.089000000,37.999185953
-29.602772344,58.156000000,37.987079480
-29.603872423,58.223000000,37.975010610
-29.604977236,58.290000000,37.962979960
-29.606086961,58.357000000,37.950988145
-29.607201781,58.424000000,37.939035781
-29.608321874,58.491000000,37.927123485
-29.609447423,58.558000000,37.915251871
-29.610578607,58.625000000,37.903421555
-29.611715607,58.692000000,37.891633155
-29.612858604,58.759000000,37.879887284
-29.614007778,58.826000000,37.868184560
-29.615163310,58.893000000,37.856525597
-29.616325380,58.960000000,37.844911012
-29.617494134,59.027000000,37.833341299
-29.618669585,59.094000000,37.821816457
-29.619851710,59.161000000,37.810336368
-29.621040485,59.228000000,37.798900909
-29.622235889,59.295000000,37.787509959
-29.623437898,59.362000000,37.776163398
-29.624646490,59.429000000,37.764861105
-29.625861642,59.496000000,37.753602958
-29.627083331,59.563000000,37.742388837
-29.628311536,59.630000000,37.731218621
-29.629546233,59.697000000,37.720092188
-29.630787399,59.764000000,37.709009417
-29.632035012,59.831000000,37.697970188
-29.633289050,59.898000000,37.686974380
-29.634549489,59.965000000,37.676021871
-29.635816307,60.032000000,37.665112541
-29.637089481,60.099000000,37.654246268
-29.638368989,60.166000000,37.643422931
-29.639654808,60.233000000,37.632642410
-29.640946916,60.300000000,37.621904584
-29.642245289,60.367000000,37.611209331
-29.643549904,60.434000000,37.600556530
-29.644860741,60.501000000,37.589946061
-29.646177775,60.568000000,37.579377802
-29.647500984,60.635000000,37.568851633
-29.648830345,60.702000000,37.558367432
-29.650165836,60.769000000,37.547925079
-29.651507434,60.836000000,37.537524452
-29.652855117,60.903000000,37.527165430
-29.654208861,60.970000000,37.516847893
-29.655568644,61.037000000,37.506571719
-29.656934444,61.104000000,37.496336787
-29.658306238,61.171000000,37.486142977
-29.659684002,61.238000000,37.475990167
-29.661067715,61.305000000,37.465878237
-29.662457354,61.372000000,37.455807065
-29.663852896,61.439000000,37.445776530
-29.665254319,61.506000000,37.435786512
-29.666661599,61.573000000,37.425836889
-29.668074715,61.640000000,37.415927540
-29.669493643,61.707000000,37.406058344
-29.670918361,61.774000000,37.396229181
-29.672348846,61.841000000,37.386439929
-29.673785075,61.908000000,37.376690467
-29.675227026,61.975000000,37.366980675
-29.676674677,62.042000000,37.357310431
-29.678128004,62.109000000,37.347679614
-29.679586985,62.176000000,37.338088103
-29.681051598,62.243000000,37.328535777
-29.682521819,62.310000000,37.319022516
-29.683997625,62.377000000,37.309548198
-29.685478996,62.444000000,37.300112702
-29.686965906,62.511000000,37.290715908
-29.688458335,62.578000000,37.281357693
-29.689956259,62.645000000,37.272037938
-29.691459656,62.712000000,37.262756521
-29.692968502,62.779000000,37.253513321
-29.694482776,62.846000000,37.244308217
-29.696002455,62.913000000,37.235141089
-29.697527515,62.980000000,37.226011814
-29.699057935,63.047000000,37.216920273
-29.700593692,63.114000000,37.207866343
-29.702134762,63.181000000,37.198849905
-29.703681125,63.248000000,37.189870837
-29.705232755,63.315000000,37.180929018
-29.706789632,63.382000000,37.172024327
-29.708351732,63.449000000,37.163156644
-29.709919033,63.516000000,37.154325846
-29.711491512,63.583000000,37.145531813
-29.713069147,63.650000000,37.136774425
-29.714651914,63.717000000,37.128053559
-29.716239791,63.784000000,37.119369096
-29.717832756,63.851000000,37.110720913
-29.719430786,63.918000000,37.102108891
-29.721033858,63.985000000,37.093532907
-29.722641949,64.052000000,37.084992842
-29.724255037,64.119000000,37.076488573
-29.725873099,64.186000000,37.068019981
-29.727496113,64.253000000,37.059586944
-29.729124056,64.320000000,37.051189340
-29.730756904,64.387000000,37.042827050
-29.732394637,64.454000000,37.034499951
-29.734037230,64.521000000,37.026207923
-29.735684661,64.588000000,37.017950846
-29.737336908,64.655000000,37.009728597
-29.738993948,64.722000000,37.001541056
-29.740655758,64.789000000,36.993388102
-29.742322316,64.856000000,36.985269614
-29.743993599,64.923000000,36.977185471
-29.745669584,64.990000000,36.969135552
-29.747350248,65.057000000,36.961119735
-29.749035570,65.124000000,36.953137901
-29.750725526,65.191000000,36.945189927
-29.752420093,65.258000000,36.937275693
-29.754119250,65.325000000,36.929395079
-29.755822973,65.392000000,36.921547961
-29.757531239,65.459000000,36.913734221
-29.759244027,65.526000000,36.905953737
-29.760961312,65.593000000,36.898206387
-29.762683074,65.660000000,36.890492051
-29.764409289,65.727000000,36.882810608
-29.766139933,65.794000000,36.875161937
-29.767874986,65.861000000,36.867545917
-29.769614424,65.928000000,36.859962426
-29.771358224,65.995000000,36.852411344
-29.773106364,66.062000000,36.844892550
-29.774858821,66.129000000,36.837405923
-29.776615572,66.196000000,36.829951341
-29.778376596,66.263000000,36.822528684
-29.780141868,66.330000000,36.815137831
-29.781911367,66.397000000,36.807778660
-29.783685070,66.464000000,36.800451051
-29.785462953,66.531000000,36.793154883
-29.787244996,66.598000000,36.785890035
-29.789031174,66.665000000,36.778656385
-29.790821465,66.732000000,36.771453813
-29.792615847,66.799000000,36.764282198
-29.794414296,66.866000000,36.757141418
-29.796216791,66.933000000,36.750031353
-29.798023309,67.000000000,36.742951881
-29.799833826,67.067000000,36.735902883
-29.801648320,67.134000000,36.728884235
-29.803466769,67.201000000,36.721895819
-29.805289150,67.268000000,36.714937512
-29.807115441,67.335000000,36.708009194
-29.808945618,67.402000000,36.701110743
-29.810779658,67.469000000,36.694242038
-29.812617540,67.536000000,36.687402960
-29.814459241,67.603000000,36.680593386
-29.816304738,67.670000000,36.673813195
-29.818154008,67.737000000,36.667062267
-29.820007028,67.804000000,36.660340481
-29.821863777,67.871000000,36.653647715
-29.823724231,67.938000000,36.646983849
-29.825588368,68.005000000,36.640348761
-29.827456164,68.072000000,36.633742330
-29.829327598,68.139000000,36.627164437
-29.831202647,68.206000000,36.620614958
-29.833081288,68.273000000,36.614093774
-29.834963498,68.340000000,36.607600764
-29.836849255,68.407000000,36.601135806
-29.838738536,68.474000000,36.594698779
-29.840631318,68.541000000,36.588289563
-29.842527579,68.608000000,36.581908037
-29.844427296,68.675000000,36.575554079
-29.846330447,68.742000000,36.569227568
-29.848237009,68.809000000,36.562928383
-29.850146958,68.876000000,36.556656405
-29.852060273,68.943000000,36.550411510
-29.853976931,69.010000000,36.544193579
-29.855896909,69.077000000,36.538002490
-29.857820185,69.144000000,36.531838123
-29.859746735,69.211000000,36.525700356
-29.861676538,69.278000000,36.519589068
-29.863609570,69.345000000,36.513504139
-29.865545809,69.412000000,36.507445447
-29.867485232,69.479000000,36.501412871
-29.869427816,69.546000000,36.495406291
-29.871373540,69.613000000,36.489425585
-29.873322380,69.680000000,36.483470632
-29.875274313,69.747000000,36.477541312
-29.877229318,69.814000000,36.471637502
-29.879187370,69.881000000,36.465759084
-29.881148448,69.948000000,36.459905934
-29.883112530,70.015000000,36.454077933
-29.885079591,70.082000000,36.448274959
-29.887049610,70.149000000,36.442496891
-29.889022564,70.216000000,36.436743608
-29.890998430,70.283000000,36.431014990
-29.892977186,70.350000000,36.425310915
-29.894958810,70.417000000,36.419631262
-29.896943277,70.484000000,36.413975910
-29.898930566,70.551000000,36.408344739
-29.900920654,70.618000000,36.402737627
-29.902913518,70.685000000,36.397154453
-29.904909137,70.752000000,36.391595096
-29.906907486,70.819000000,36.386059435
-29.908908543,70.886000000,36.380547349
-29.910912287,70.953000000,36.375058718
-29.912918693,71.020000000,36.369593419
-29.914927740,71.087000000,36.364151333
-29.916939405,71.154000000,36.358732338
-29.918953664,71.221000000,36.353336313
-29.920970496,71.288000000,36.347963137
-29.922989878,71.355000000,36.342612690
-29.925011788,71.422000000,36.337284849
-29.927036201,71.489000000,36.331979494
-29.929063097,71.556000000,36.326696505
-29.931092451,71.623000000,36.321435760
-29.933124242,71.690000000,36.316197137
-29.935158447,71.757000000,36.310980517
-29.937195043,71.824000000,36.305785778
-29.939234008,71.891000000,36.300612798
-29.941275318,71.958000000,36.295461458
-29.943318952,72.025000000,36.290331636
-29.945364886,72.092000000,36.285223211
-29.947413098,72.159000000,36.280136061
-29.949463566,72.226000000,36.275070067
-29.951516266,72.293000000,36.270025107
-29.953571176,72.360000000,36.265001060
-29.955628273,72.427000000,36.259997804
-29.957687535,72.494000000,36.255015220
-29.959748939,72.561000000,36.250053186
-29.961812462,72.628000000,36.245111580
-29.963878081,72.695000000,36.240190283
-29.965945775,72.762000000,36.235289172
-29.968015520,72.829000000,36.230408128
-29.970087294,72.896000000,36.225547028
-29.972161073,72.963000000,36.220705752
-29.974236836,73.030000000,36.215884179
-29.976314560,73.097000000,36.211082188
-29.978394222,73.164000000,36.206299658
-29.980475799,73.231000000,36.201536467
-29.982559269,73.298000000,36.196792496
-29.984644609,73.365000000,36.192067622
-29.986731796,73.432000000,36.187361725
-29.988820808,73.499000000,36.182674684
-29.990911622,73.566000000,36.178006378
-29.993004216,73.633000000,36.173356686
-29.995098566,73.700000000,36.168725486
-29.997194651,73.767000000,36.164112659
-29.999292447,73.834000000,36.159518082
-30.001391931,73.901000000,36.154941635
-30.003493082,73.968000000,36.150383196
-30.005595876,74.035000000,36.145842646
-30.007700292,74.102000000,36.141319862
-30.009806305,74.169000000,36.136814724
-30.011913894,74.236000000,36.132327110
-30.014023036,74.303000000,36.127856901
-30.016133707,74.370000000,36.123403974
-30.018245887,74.437000000,36.118968209
-30.020359551,74.504000000,36.114549484
-30.022474678,74.571000000,36.110147679
-30.024591244,74.638000000,36.105762673
-30.026709227,74.705000000,36.101394345
-30.028828604,74.772000000,36.097042573
-30.030949353,74.839000000,36.092707237
-30.033071451,74.906000000,36.088388216
-30.035194875,74.973000000,36.084085388
-30.037319602,75.040000000,36.079798633
-30.039445611,75.107000000,36.075527829
-30.041572878,75.174000000,36.071272856
-30.043701381,75.241000000,36.067033593
-30.045831096,75.308000000,36.062809919
-30.047962002,75.375000000,36.058601712
-30.050094076,75.442000000,36.054408851
-30.052227294,75.509000000,36.050231216
-30.054361635,75.576000000,36.046068686
-30.056497076,75.643000000,36.041921139
-30.058633594,75.710000000,36.037788455
-30.060771166,75.777000000,36.033670513
-30.062909769,75.844000000,36.029567191
-30.065049382,75.911000000,36.025478368
-30.067189982,75.978000000,36.021403924
-30.069331545,76.045000000,36.017343738
-30.071474049,76.112000000,36.013297688
-30.073617471,76.179000000,36.009265653
-30.075761790,76.246000000,36.005247513
-30.077906981,76.313000000,36.001243147
-30.080053023,76.380000000,35.997252433
-30.082199893,76.447000000,35.993275250
-30.084347568,76.514000000,35.989311478
-30.086496025,76.581000000,35.985360995
-30.088645242,76.648000000,35.981423681
-30.090795197,76.715000000,35.977499414
-30.092945866,76.782000000,35.973588074
-30.095097226,76.849000000,35.969689539
-30.097249256,76.916000000,35.965803689
-30.099401933,76.983000000,35.961930401
-30.101555233,77.050000000,35.958069557
-30.103709135,77.117000000,35.954221033
-30.105863615,77.184000000,35.950384710
-30.108018651,77.251000000,35.946560467
-30.110174220,77.318000000,35.942748182
-30.112330300,77.385000000,35.938947734
-30.114486868,77.452000000,35.935159002
-30.116643902,77.519000000,35.931381866
-30.118801377,77.586000000,35.927616204
-30.120959273,77.653000000,35.923861895
-30.123117566,77.720000000,35.920118819
-30.125276234,77.787000000,35.916386854
-30.127435254,77.854000000,35.912665880
-30.129594603,77.921000000,35.908955774
-30.131754259,77.988000000,35.905256417
-30.133914198,78.055000000,35.901567687
-30.136074399,78.122000000,35.897889464
-30.138234839,78.189000000,35.894221625
-30.140395495,78.256000000,35.890564051
-30.142556344,78.323000000,35.886916620
-30.144717364,78.390000000,35.883279212
-30.146878533,78.457000000,35.879651704
-30.149039826,78.524000000,35.876033977
-30.151201222,78.591000000,35.872425909
-30.153362699,78.658000000,35.868827379
-30.155524232,78.725000000,35.865238267
-30.157685801,78.792000000,35.861658450
-30.159847382,78.859000000,35.858087809
-30.162008952,78.926000000,35.854526222
-30.164170489,78.993000000,35.850973568
-30.166331970,79.060000000,35.847429726
-30.168493373,79.127000000,35.843894576
-30.170654674,79.194000000,35.840367995
-30.172815852,79.261000000,35.836849864
-30.174976883,79.328000000,35.833340060
-30.177137745,79.395000000,35.829838464
-30.179298416,79.462000000,35.826344954
-30.181458871,79.529000000,35.822859409
-30.183619090,79.596000000,35.819381708
-30.185779049,79.663000000,35.815911730
-30.187938726,79.730000000,35.812449354
-30.190098097,79.797000000,35.808994459
-30.192257141,79.864000000,35.805546925
-30.194415834,79.931000000,35.802106629
-30.196574154,79.998000000,35.798673451
-30.198732079,80.065000000,35.795247270
-30.200889585,80.132000000,35.791827966
-30.203046650,80.199000000,35.788415416
-30.205203252,80.266000000,35.785009500
-30.207359367,80.333000000,35.781610098
-30.209514973,80.400000000,35.778217087
-30.211670048,80.467000000,35.774830347
-30.213824568,80.534000000,35.771449758
-30.215978511,80.601000000,35.768075197
-30.218131855,80.668000000,35.764706544
-30.220284576,80.735000000,35.761343678
-30.222436652,80.802000000,35.757986478
-30.224588061,80.869000000,35.754634823
-30.226738780,80.936000000,35.751288592
-30.228888785,81.003000000,35.747947663
-30.231038055,81.070000000,35.744611917
-30.233186567,81.137000000,35.741281231
-30.235334298,81.204000000,35.737955486
-30.237481225,81.271000000,35.734634559
-30.239627326,81.338000000,35.731318330
-30.241772578,81.405000000,35.728006678
-30.243916959,81.472000000,35.724699482
-30.246060446,81.539000000,35.721396620
-30.248203015,81.606000000,35.718097973
-30.250344646,81.673000000,35.714803418
-30.252485314,81.740000000,35.711512835
-30.254624997,81.807000000,35.708226103
-30.256763673,81.874000000,35.704943101
-30.258901318,81.941000000,35.701663707
-30.261037911,82.008000000,35.698387802
-30.263173429,82.075000000,35.695115263
-30.265307848,82.142000000,35.691845969
-30.267441146,82.209000000,35.688579801
-30.269573302,82.276000000,35.685316636
-30.271704291,82.343000000,35.682056354
-30.273834091,82.410000000,35.678798834
-30.275962680,82.477000000,35.675543954
-30.278090035,82.544000000,35.672291595
-30.280216133,82.611000000,35.669041633
-30.282340952,82.678000000,35.665793950
-30.284464469,82.745000000,35.662548423
-30.286586661,82.812000000,35.659304932
-30.288707506,82.879000000,35.656063356
-30.290826981,82.946000000,35.652823573
-30.292945063,83.013000000,35.649585463
-30.295061730,83.080000000,35.646348904
-30.297176959,83.147000000,35.643113777
-30.299290727,83.214000000,35.639879958
-30.301403012,83.281000000,35.636647329
-30.303513791,83.348000000,35.633415767
-30.305623041,83.415000000,35.630185152
-30.307730741,83.482000000,35.626955362
-30.309836866,83.549000000,35.623726277
-30.311941395,83.616000000,35.620497775
-30.314044304,83.683000000,35.617269736
-30.316145572,83.750000000,35.614042039
-30.318245175,83.817000000,35.610814562
-30.320343091,83.884000000,35.607587184
-30.322439297,83.951000000,35.604359785
-30.324533770,84.018000000,35.601132244
-30.326626489,84.085000000,35.597904439
-30.328717429,84.152000000,35.594676250
-30.330806569,84.219000000,35.591447555
-30.332893886,84.286000000,35.588218234
-30.334979357,84.353000000,35.584988165
-30.337062960,84.420000000,35.581757228
-30.339144671,84.487000000,35.578525301
-30.341224469,84.554000000,35.575292264
-30.343302330,84.621000000,35.572057995
-30.345378232,84.688000000,35.568822373
-30.347452153,84.755000000,35.565585278
-30.349524069,84.822000000,35.562346589
-30.351593958,84.889000000,35.559106183
-30.353661797,84.956000000,35.555863942
-30.355727564,85.023000000,35.552619742
-30.357791236,85.090000000,35.549373464
-30.359852790,85.157000000,35.546124987
-30.361912203,85.224000000,35.542874188
-30.363969454,85.291000000,35.539620949
-30.366024519,85.358000000,35.536365146
-30.368077376,85.425000000,35.533106660
-30.370128002,85.492000000,35.529845369
-30.372176374,85.559000000,35.526581153
-30.374222470,85.626000000,35.523313890
-30.376266267,85.693000000,35.520043459
-30.378307742,85.760000000,35.516769739
-30.380346873,85.827000000,35.513492610
-30.382383637,85.894000000,35.510211950
-30.384418011,85.961000000,35.506927639
-30.386449974,86.028000000,35.503639554
-30.388479501,86.095000000,35.500347576
-30.390506571,86.162000000,35.497051583
-30.392531160,86.229000000,35.493751455
-30.394553247,86.296000000,35.490447070
-30.396572808,86.363000000,35.487138307
-30.398589821,86.430000000,35.483825045
-30.400604263,86.497000000,35.480507163
-30.402616111,86.564000000,35.477184541
-30.404625344,86.631000000,35.473857057
-30.406631937,86.698000000,35.470524590
-30.408635869,86.765000000,35.467187019
-30.410637117,86.832000000,35.463844223
-30.412635658,86.899000000,35.460496082
-30.414631470,86.966000000,35.457142473
-30.416624530,87.033000000,35.453783277
-30.418614815,87.100000000,35.450418372
-30.420602302,87.167000000,35.447047637
-30.422586969,87.234000000,35.443670952
-30.424568794,87.301000000,35.440288194
-30.426547753,87.368000000,35.436899243
-30.428523824,87.435000000,35.433503979
-30.430496984,87.502000000,35.430102280
-30.432467211,87.569000000,35.426694025
-30.434434482,87.636000000,35.423279092
-30.436398775,87.703000000,35.419857362
-30.438360066,87.770000000,35.416428713
-30.440318332,87.837000000,35.412993024
-30.442273553,87.904000000,35.409550174
-30.444225704,87.971000000,35.406100043
-30.446174763,88.038000000,35.402642508
-30.448120707,88.105000000,35.399177449
-30.450063514,88.172000000,35.395704745
-30.452003161,88.239000000,35.392224275
-30.453939626,88.306000000,35.388735919
-30.455872885,88.373000000,35.385239554
-30.457802916,88.440000000,35.381735060
-30.459729697,88.507000000,35.378222316
-30.461653204,88.574000000,35.374701201
-30.463573416,88.641000000,35.371171594
-30.465490309,88.708000000,35.367633374
-30.467403860,88.775000000,35.364086420
-30.469314048,88.842000000,35.360530611
-30.471220850,88.909000000,35.356965826
-30.473124242,88.976000000,35.353391943
-30.475024202,89.043000000,35.349808843
-30.476920708,89.110000000,35.346216404
-30.478813737,89.177000000,35.342614504
-30.480703266,89.244000000,35.339003023
-30.482589272,89.311000000,35.335381840
-30.484471733,89.378000000,35.331750834
-30.486350627,89.445000000,35.328109884
-30.488225930,89.512000000,35.324458869
-30.490097620,89.579000000,35.320797667
-30.491965674,89.646000000,35.317126159
-30.493830070,89.713000000,35.313444222
-30.495690785,89.780000000,35.309751736
-30.497547795,89.847000000,35.306048580
-30.499401080,89.914000000,35.302334632
-30.501250615,89.981000000,35.298609773
-30.503096379,90.048000000,35.294873880
-30.504938349,90.115000000,35.291126833
-30.506776501,90.182000000,35.287368511
-30.508610814,90.249000000,35.283598792
-30.510441264,90.316000000,35.279817556
-30.512267829,90.383000000,35.276024682
-30.514090487,90.450000000,35.272220049
-30.515909214,90.517000000,35.268403535
-30.517723989,90.584000000,35.264575021
-30.519534788,90.651000000,35.260734383
-30.521341588,90.718000000,35.256881503
-30.523144368,90.785000000,35.253016258
-30.524943104,90.852000000,35.249138528
-30.526737773,90.919000000,35.245248192
-30.528528354,90.986000000,35.241345128
-30.530314823,91.053000000,35.237429216
-30.532097158,91.120000000,35.233500334
-30.533875347,91.187000000,35.229558385
-30.535649416,91.254000000,35.225603360
-30.537419405,91.321000000,35.221635276
-30.539185351,91.388000000,35.217654145
-30.540947292,91.455000000,35.213659985
-30.542705267,91.522000000,35.209652809
-30.544459313,91.589000000,35.205632633
-30.546209469,91.656000000,35.201599472
-30.547955773,91.723000000,35.197553340
-30.549698262,91.790000000,35.193494253
-30.551436976,91.857000000,35.189422226
-30.553171951,91.924000000,35.185337274
-30.554903226,91.991000000,35.181239411
-30.556630839,92.058000000,35.177128653
-30.558354829,92.125000000,35.173005015
-30.560075232,92.192000000,35.168868512
-30.561792088,92.259000000,35.164719159
-30.563505434,92.326000000,35.160556970
-30.565215309,92.393000000,35.156381962
-30.566921750,92.460000000,35.152194148
-30.568624796,92.527000000,35.147993544
-30.570324484,92.594000000,35.143780165
-30.572020853,92.661000000,35.139554026
-30.573713941,92.728000000,35.135315142
-30.575403786,92.795000000,35.131063528
-30.577090426,92.862000000,35.126799198
-30.578773899,92.929000000,35.122522169
-30.580454242,92.996000000,35.118232455
-30.582131495,93.063000000,35.113930070
-30.583805695,93.130000000,35.109615031
-30.585476881,93.197000000,35.105287351
-30.587145090,93.264000000,35.100947047
-30.588810360,93.331000000,35.096594132
-30.590472730,93.398000000,35.092228623
-30.592132237,93.465000000,35.087850534
-30.593788920,93.532000000,35.083459879
-30.595442817,93.599000000,35.079056675
-30.597093966,93.666000000,35.074640936
-30.598742404,93.733000000,35.070212677
-30.600388171,93.800000000,35.065771913
-30.602031304,93.867000000,35.061318659
-30.603671844,93.934000000,35.056852929
-30.605309832,94.001000000,35.052374736
-30.606945309,94.068000000,35.047884095
-30.608578316,94.135000000,35.043381020
-30.610208894,94.202000000,35.038865523
-30.611837084,94.269000000,35.034337619
-30.613462927,94.336000000,35.029797322
-30.615086464,94.403000000,35.025244646
-30.616707736,94.470000000,35.020679603
-30.618326783,94.537000000,35.016102209
-30.619943648,94.604000000,35.011512476
-30.621558370,94.671000000,35.006910419
-30.623170992,94.738000000,35.002296052
-30.624781553,94.805000000,34.997669387
-30.626390095,94.872000000,34.993030440
-30.627996659,94.939000000,34.988379223
-30.629601285,95.006000000,34.983715751
-30.631204016,95.073000000,34.979040037
-30.632804891,95.140000000,34.974352095
-30.634403952,95.207000000,34.969651940
-30.636001240,95.274000000,34.964939583
-30.637596796,95.341000000,34.960215041
-30.639190660,95.408000000,34.955478326
-30.640782874,95.475000000,34.950729451
-30.642373479,95.542000000,34.945968432
-30.643962515,95.609000000,34.941195281
-30.645550025,95.676000000,34.936410013
-30.647136047,95.743000000,34.931612641
-30.648720625,95.810000000,34.926803179
-30.650303798,95.877000000,34.921981641
-30.651885608,95.944000000,34.917148040
-30.653466096,96.011000000,34.912302391
-30.655045302,96.078000000,34.907444707
-30.656623267,96.145000000,34.902575002
-30.658200034,96.212000000,34.897693290
-30.659775642,96.279000000,34.892799585
-30.661350132,96.346000000,34.887893899
-30.662923546,96.413000000,34.882976248
-30.664495925,96.480000000,34.878046645
-30.666067309,96.547000000,34.873105103
-30.667637739,96.614000000,34.868151637
-30.669207257,96.681000000,34.863186261
-30.670775904,96.748000000,34.858208987
-30.672343720,96.815000000,34.853219830
-30.673910747,96.882000000,34.848218804
-30.675477025,96.949000000,34.843205923
-30.677042595,97.016000000,34.838181199
-30.678607499,97.083000000,34.833144648
-30.680171777,97.150000000,34.828096283
-30.681735471,97.217000000,34.823036117
-30.683298621,97.284000000,34.817964164
-30.684861269,97.351000000,34.812880439
-30.686423455,97.418000000,34.807784955
-30.687985220,97.485000000,34.802677725
-30.689546605,97.552000000,34.797558764
-30.691107652,97.619000000,34.792428086
-30.692668401,97.686000000,34.787285704
-30.694228894,97.753000000,34.782131631
-30.695789171,97.820000000,34.776965882
-30.697349273,97.887000000,34.771788471
-30.698909241,97.954000000,34.766599411
-30.700469117,98.021000000,34.761398717
-30.702028941,98.088000000,34.756186401
-30.703588754,98.155000000,34.750962477
-30.705148597,98.222000000,34.745726961
-30.706708511,98.289000000,34.740479864
-30.708268538,98.356000000,34.735221202
-30.709828718,98.423000000,34.729950987
-30.711389092,98.490000000,34.724669234
-30.712949701,98.557000000,34.719375957
-30.714510586,98.624000000,34.714071168
-30.716071789,98.691000000,34.708754883
-30.717633349,98.758000000,34.703427115
-30.719195309,98.825000000,34.698087877
-30.720757709,98.892000000,34.692737183
-30.722320590,98.959000000,34.687375048
-30.723883993,99.026000000,34.682001484
-30.725447959,99.093000000,34.676616507
-30.727012529,99.160000000,34.671220128
-30.728577744,99.227000000,34.665812364
-30.730143645,99.294000000,34.660393226
-30.731710273,99.361000000,34.654962729
-30.733277669,99.428000000,34.649520887
-30.734845874,99.495000000,34.644067713
-30.736414929,99.562000000,34.638603222
-30.737984875,99.629000000,34.633127427
-30.739555753,99.696000000,34.627640341
-30.741127603,99.763000000,34.622141979
-30.742700468,99.830000000,34.616632355
-30.744274388,99.897000000,34.611111482
-30.745849403,99.964000000,34.605579374
-30.747425556,100.031000000,34.600036044
-30.749002886,100.098000000,34.594481507
-30.750581435,100.165000000,34.588915777
-30.752161244,100.232000000,34.583338867
-30.753742354,100.299000000,34.577750791
-30.755324805,100.366000000,34.572151562
-30.756908640,100.433000000,34.566541195
-30.758493898,100.500000000,34.560919704
-30.760080621,100.567000000,34.555287101
-30.761668849,100.634000000,34.549643402
-30.763258625,100.701000000,34.543988619
-30.764849988,100.768000000,34.538322766
-30.766442980,100.835000000,34.532645858
-30.768037642,100.902000000,34.526957908
-30.769634014,100.969000000,34.521258930
-30.771232138,101.036000000,34.515548938
-30.772832055,101.103000000,34.509827945
-30.774433805,101.170000000,34.504095965
-30.776037430,101.237000000,34.498353012
-30.777642971,101.304000000,34.492599100
-30.779250468,101.371000000,34.486834243
-30.780859963,101.438000000,34.481058454
-30.782471496,101.505000000,34.475271747
-30.784085109,101.572000000,34.469474136
-30.785700843,101.639000000,34.463665635
-30.787318738,101.706000000,34.457846258
-30.788938836,101.773000000,34.452016018
-30.790561177,101.840000000,34.446174929
-30.792185803,101.907000000,34.440323005
-30.793812755,101.974000000,34.434460259
-30.795442072,102.041000000,34.428586706
-30.797073798,102.108000000,34.422702360
-30.798707972,102.175000000,34.416807233
-30.800344635,102.242000000,34.410901341
-30.801983829,102.309000000,34.404984696
-30.803625594,102.376000000,34.399057313
-30.805269971,102.443000000,34.393119204
-30.806917002,102.510000000,34.387170385
-30.808566728,102.577000000,34.381210869
-30.810219188,102.644000000,34.375240669
-30.811874426,102.711000000,34.369259800
-30.813532480,102.778000000,34.363268275
-30.815193393,102.845000000,34.357266108
-30.816857205,102.912000000,34.351253312
-30.818523958,102.979000000,34.345229902
-30.820193691,103.046000000,34.339195892
-30.821866448,103.113000000,34.333151295
-30.823542267,103.180000000,34.327096124
-30.825221191,103.247000000,34.321030395
-30.826903260,103.314000000,34.314954120
-30.828588515,103.381000000,34.308867313
-30.830276997,103.448000000,34.302769988
-30.831968748,103.515000000,34.296662159
-30.833663808,103.582000000,34.290543840
-30.835362218,103.649000000,34.284415045
-30.837064019,103.716000000,34.278275786
-30.838769252,103.783000000,34.272126079
-30.840477959,103.850000000,34.265965936
-30.842190180,103.917000000,34.259795372
-30.843905956,103.984000000,34.253614401
-30.845625328,104.051000000,34.247423036
-30.847348337,104.118000000,34.241221290
-30.849075024,104.185000000,34.235009179
-30.850805430,104.252000000,34.228786715
-30.852539596,104.319000000,34.222553912
-30.854277564,104.386000000,34.216310785
-30.856019373,104.453000000,34.210057347
-30.857765066,104.520000000,34.203793611
-30.859514682,104.587000000,34.197519592
-30.861268264,104.654000000,34.191235303
-30.863025851,104.721000000,34.184940758
-30.864787486,104.788000000,34.178635972
-30.866553208,104.855000000,34.172320956
-30.868323060,104.922000000,34.165995727
-30.870097081,104.989000000,34.159660296
-30.871875313,105.056000000,34.153314679
-30.873657798,105.123000000,34.146958889
-30.875444575,105.190000000,34.140592939
-30.877235686,105.257000000,34.134216843
-30.879031172,105.324000000,34.127830616
-30.880831073,105.391000000,34.121434271
-30.882635432,105.458000000,34.115027822
-30.884444288,105.525000000,34.108611282
-30.886257684,105.592000000,34.102184666
-30.888075659,105.659000000,34.095747986
-30.889898255,105.726000000,34.089301258
-30.891725513,105.793000000,34.082844495
-30.893557473,105.860000000,34.076377710
-30.895394177,105.927000000,34.069900917
-30.897235666,105.994000000,34.063414130
-30.899081981,106.061000000,34.056917364
-30.900933163,106.128000000,34.050410631
-30.902789252,106.195000000,34.043893946
-30.904650290,106.262000000,34.037367321
-30.906516318,106.329000000,34.030830772
-30.908387376,106.396000000,34.024284312
-30.910263506,106.463000000,34.017727955
-30.912144748,106.530000000,34.011161713
-30.914031145,106.597000000,34.004585603
-30.915922736,106.664000000,33.997999636
-30.917819562,106.731000000,33.991403827
-30.919721665,106.798000000,33.984798189
-30.921629086,106.865000000,33.978182737
-30.923541865,106.932000000,33.971557484
-30.925460044,106.999000000,33.964922445
-30.927383664,107.066000000,33.958277631
-30.929312765,107.133000000,33.951623059
-30.931247388,107.200000000,33.944958741
-30.933187575,107.267000000,33.938284690
-30.935133367,107.334000000,33.931600922
-30.937084804,107.401000000,33.924907450
-30.939041927,107.468000000,33.918204287
-30.941004778,107.535000000,33.911491447
-30.942973398,107.602000000,33.904768945
-30.944947827,107.669000000,33.898036793
-30.946928106,107.736000000,33.891295006
-30.948914277,107.803000000,33.884543597
-30.950906380,107.870000000,33.877782581
-30.952904456,107.937000000,33.871011971
-30.954908547,108.004000000,33.864231780
-30.956918694,108.071000000,33.857442023
-30.958934936,108.138000000,33.850642714
-30.960957316,108.205000000,33.843833866
-30.962985874,108.272000000,33.837015492
-30.965020652,108.339000000,33.830187608
-30.967061690,108.406000000,33.823350226
-30.969109029,108.473000000,33.816503360
-30.971162711,108.540000000,33.809647025
-30.973222775,108.607000000,33.802781233
-30.975289264,108.674000000,33.795905999
-30.977362219,108.741000000,33.789021337
-30.979441679,108.808000000,33.782127260
-30.981527687,108.875000000,33.775223782
-30.983620283,108.942000000,33.768310917
-30.985719508,109.009000000,33.761388679
-30.987825403,109.076000000,33.754457081
-30.989938010,109.143000000,33.747516137
-30.992057368,109.210000000,33.740565862
-30.994183520,109.277000000,33.733606268
-30.996316506,109.344000000,33.726637370
-30.998456367,109.411000000,33.719659181
-31.000603144,109.478000000,33.712671716
-31.002756878,109.545000000,33.705674987
-31.004917610,109.612000000,33.698669010
-31.007085381,109.679000000,33.691653797
-31.009260233,109.746000000,33.684629362
-31.011442205,109.813000000,33.677595719
-31.013631340,109.880000000,33.670552883
-31.015827677,109.947000000,33.663500866
-31.018031259,110.014000000,33.656439682
-31.020242125,110.081000000,33.649369346
-31.022460317,110.148000000,33.642289871
-31.024685877,110.215000000,33.635201271
-31.026918844,110.282000000,33.628103560
-31.029159260,110.349000000,33.620996751
-31.031407167,110.416000000,33.613880858
-31.033662604,110.483000000,33.606755896
-31.035925613,110.550000000,33.599621877
-31.038196235,110.617000000,33.592478816
-31.040474510,110.684000000,33.585326726
-31.042760481,110.751000000,33.578165622
-31.045054187,110.818000000,33.570995516
-31.047355671,110.885000000,33.563816424
-31.049664972,110.952000000,33.556628357
-31.051982132,111.019000000,33.549431332
-31.054307192,111.086000000,33.542225360
-31.056640192,111.153000000,33.535010457
-31.058981174,111.220000000,33.527786635
-31.061330180,111.287000000,33.520553909
-31.063687248,111.354000000,33.513312292
-31.066052422,111.421000000,33.506061798
-31.068425741,111.488000000,33.498802441
-31.070807247,111.555000000,33.491534235
-31.073196981,111.622000000,33.484257193
-31.075594983,111.689000000,33.476971329
-31.078001295,111.756000000,33.469676658
-31.080415958,111.823000000,33.462373192
-31.082839013,111.890000000,33.455060947
-31.085270500,111.957000000,33.447739934
-31.087710460,112.024000000,33.440410169
-31.090158936,112.091000000,33.433071665
-31.092615966,112.158000000,33.425724435
-31.095081594,112.225000000,33.418368495
-31.097555859,112.292000000,33.411003856
-31.100038802,112.359000000,33.403630534
-31.102530466,112.426000000,33.396248542
-31.105030889,112.493000000,33.388857893
-31.107540114,112.560000000,33.381458602
-31.110058182,112.627000000,33.374050683
-31.112585133,112.694000000,33.366634148
-31.115121009,112.761000000,33.359209013
-31.117665850,112.828000000,33.351775290
-31.120219698,112.895000000,33.344332993
-31.122782593,112.962000000,33.336882137
-31.125354576,113.029000000,33.329422735
-31.127935689,113.096000000,33.321954801
-31.130525973,113.163000000,33.314478349
-31.133125467,113.230000000,33.306993392
-31.135734215,113.297000000,33.299499944
-31.138352255,113.364000000,33.291998019
-31.140979630,113.431000000,33.284487631
-31.143616380,113.498000000,33.276968794
-31.146262547,113.565000000,33.269441521
-31.148918171,113.632000000,33.261905826
-31.151583293,113.699000000,33.254361724
-31.154257954,113.766000000,33.246809227
-31.156942196,113.833000000,33.239248349
-31.159636059,113.900000000,33.231679105
-31.162339584,113.967000000,33.224101508
-31.165052813,114.034000000,33.216515572
-31.167775786,114.101000000,33.208921311
-31.170508544,114.168000000,33.201318738
-31.173251128,114.235000000,33.193707868
-31.176003579,114.302000000,33.186088714
-31.178765939,114.369000000,33.178461289
-31.181538248,114.436000000,33.170825608
-31.184320546,114.503000000,33.163181685
-31.187112877,114.570000000,33.155529533
-31.189915279,114.637000000,33.147869166
-31.192727794,114.704000000,33.140200598
-31.195550463,114.771000000,33.132523842
-31.198383328,114.838000000,33.124838913
-31.201226429,114.905000000,33.117145824
-31.204079806,114.972000000,33.109444589
-31.206943502,115.039000000,33.101735222
-31.209817557,115.106000000,33.094017736
-31.212702012,115.173000000,33.086292146
-31.215596907,115.240000000,33.078558465
-31.218502285,115.307000000,33.070816707
-31.221418186,115.374000000,33.063066885
-31.224344651,115.441000000,33.055309014
-31.227281721,115.508000000,33.047543108
-31.230229436,115.575000000,33.039769179
-31.233187839,115.642000000,33.031987242
-31.236156970,115.709000000,33.024197312
-31.239136869,115.776000000,33.016399400
-31.242127579,115.843000000,33.008593522
-31.245129139,115.910000000,33.000779691
-31.248141591,115.977000000,32.992957921
-31.251164976,116.044000000,32.985128225
-31.254199335,116.111000000,32.977290618
-31.257244709,116.178000000,32.969445113
-31.260301139,116.245000000,32.961591724
-31.263368665,116.312000000,32.953730464
-31.266447330,116.379000000,32.945861349
-31.269537173,116.446000000,32.937984390
-31.272638235,116.513000000,32.930099603
-31.275750559,116.580000000,32.922207001
-31.278874184,116.647000000,32.914306598
-31.282009153,116.714000000,32.906398407
-31.285155504,116.781000000,32.898482442
-31.288313281,116.848000000,32.890558718
-31.291482523,116.915000000,32.882627247
-31.294663272,116.982000000,32.874688045
-31.297855569,117.049000000,32.866741123
-31.301059454,117.116000000,32.858786497
-31.304274969,117.183000000,32.850824180
-31.307502155,117.250000000,32.842854186
-31.310741052,117.317000000,32.834876529
-31.313991702,117.384000000,32.826891221
-31.317254145,117.451000000,32.818898279
-31.320528423,117.518000000,32.810897714
-31.323814577,117.585000000,32.802889541
-31.327112647,117.652000000,32.794873773
-31.330422675,117.719000000,32.786850425
-31.333744701,117.786000000,32.778819510
-31.337078767,117.853000000,32.770781043
-31.340424913,117.920000000,32.762735035
-31.343783181,117.987000000,32.754681503
-31.347153611,118.054000000,32.746620458
-31.350536245,118.121000000,32.738551916
-31.353931123,118.188000000,32.730475890
-31.357338287,118.255000000,32.722392394
-31.360757777,118.322000000,32.714301441
-31.364189635,118.389000000,32.706203045
-31.367633901,118.456000000,32.698097220
-31.371090616,118.523000000,32.689983980
-31.374559822,118.590000000,32.681863339
-31.378041559,118.657000000,32.673735311
-31.381535869,118.724000000,32.665599908
-31.385042792,118.791000000,32.657457146
-31.388562369,118.858000000,32.649307037
-31.392094642,118.925000000,32.641149596
-31.395639651,118.992000000,32.632984836
-31.399197437,119.059000000,32.624812772
-31.402768041,119.126000000,32.616633417
-31.406351505,119.193000000,32.608446784
-31.409947869,119.260000000,32.600252888
-31.413557175,119.327000000,32.592051742
-31.417179462,119.394000000,32.583843360
-31.420814773,119.461000000,32.575627757
-31.424463148,119.528000000,32.567404945
-31.428124628,119.595000000,32.559174938
-31.431799254,119.662000000,32.550937751
-31.435487068,119.729000000,32.542693397
-31.439188110,119.796000000,32.534441890
-31.442902420,119.863000000,32.526183243
-31.446630041,119.930000000,32.517917471
-31.450371014,119.997000000,32.509644587
-31.454125378,120.064000000,32.501364606
-31.457893175,120.131000000,32.493077540
-31.461674447,120.198000000,32.484783403
-31.465469233,120.265000000,32.476482210
-31.469277576,120.332000000,32.468173974
-31.473099515,120.399000000,32.459858710
-31.476935093,120.466000000,32.451536430
-31.480784350,120.533000000,32.443207148
-31.484647326,120.600000000,32.434870879
-31.488524064,120.667000000,32.426527636
-31.492414604,120.734000000,32.418177433
-31.496318986,120.801000000,32.409820284
-31.500237253,120.868000000,32.401456202
-31.504169445,120.935000000,32.393085202
-31.508115602,121.002000000,32.384707297
-31.512075767,121.069000000,32.376322500
-31.516049979,121.136000000,32.367930827
-31.520038280,121.203000000,32.359532289
-31.524040711,121.270000000,32.351126902
-31.528057314,121.337000000,32.342714679
-31.532088127,121.404000000,32.334295634
-31.536133194,121.471000000,32.325869781
-31.540192555,121.538000000,32.317437133
-31.544266250,121.605000000,32.308997704
-31.548354321,121.672000000,32.300551508
-31.552456809,121.739000000,32.292098559
-31.556573755,121.806000000,32.283638870
-31.560705200,121.873000000,32.275172456
-31.564851184,121.940000000,32.266699330
-31.569011749,122.007000000,32.258219506
-31.573186936,122.074000000,32.249732998
-31.577376786,122.141000000,32.241239819
-31.581581339,122.208000000,32.232739984
-31.585800637,122.275000000,32.224233506
-31.590034720,122.342000000,32.215720398
-31.594283631,122.409000000,32.207200676
-31.598547409,122.476000000,32.198674351
-31.602826095,122.543000000,32.190141439
-31.607119732,122.610000000,32.181601954
-31.611428359,122.677000000,32.173055907
-31.615752017,122.744000000,32.164503315
-31.620090748,122.811000000,32.155944190
-31.624444593,122.878000000,32.147378546
-31.628813592,122.945000000,32.138806398
-31.633197787,123.012000000,32.130227758
-31.637597218,123.079000000,32.121642640
-31.642011927,123.146000000,32.113051059
-31.646441955,123.213000000,32.104453029
-31.650887342,123.280000000,32.095848562
-31.655348127,123.347000000,32.087237672
-31.659824341,123.414000000,32.078620370
-31.664316011,123.481000000,32.069996666
-31.668823167,123.548000000,32.061366570
-31.673345835,123.615000000,32.052730092
-31.677884044,123.682000000,32.044087242
-31.682437822,123.749000000,32.035438031
-31.687007196,123.816000000,32.026782467
-31.691592196,123.883000000,32.018120562
-31.696192850,123.950000000,32.009452325
-31.700809184,124.017000000,32.000777767
-31.705441228,124.084000000,31.992096897
-31.710089009,124.151000000,31.983409726
-31.714752556,124.218000000,31.974716264
-31.719431896,124.285000000,31.966016520
-31.724127058,124.352000000,31.957310505
-31.728838070,124.419000000,31.948598229
-31.733564960,124.486000000,31.939879702
-31.738307755,124.553000000,31.931154934
-31.743066484,124.620000000,31.922423935
-31.747841176,124.687000000,31.913686716
-31.752631857,124.754000000,31.904943285
-31.757438557,124.821000000,31.896193654
-31.762261303,124.888000000,31.887437832
-31.767100123,124.955000000,31.878675830
-31.771955046,125.022000000,31.869907657
-31.776826099,125.089000000,31.861133324
-31.781713311,125.156000000,31.852352840
-31.786616710,125.223000000,31.843566216
-31.791536323,125.290000000,31.834773462
-31.796472179,125.357000000,31.825974588
-31.801424306,125.424000000,31.817169604
-31.806392731,125.491000000,31.808358520
-31.811377484,125.558000000,31.799541346
-31.816378592,125.625000000,31.790718092
-31.821396083,125.692000000,31.781888768
-31.826429986,125.759000000,31.773053385
-31.831480328,125.826000000,31.764211952
-31.836547137,125.893000000,31.755364479
-31.841630441,125.960000000,31.746510977
-31.846730270,126.027000000,31.737651456
-31.851846650,126.094000000,31.728785925
-31.856979609,126.161000000,31.719914395
-31.862129177,126.228000000,31.711036876
-31.867295380,126.295000000,31.702153378
-31.872478247,126.362000000,31.693263910
-31.877677807,126.429000000,31.684368484
-31.882894086,126.496000000,31.675467109
-31.888127114,126.563000000,31.666559794
-31.893376918,126.630000000,31.657646552
-31.898643526,126.697000000,31.648727390
-31.903926966,126.764000000,31.639802320
-31.909227268,126.831000000,31.630871351
-31.914544457,126.898000000,31.621934494
-31.919878564,126.965000000,31.612991758
-31.925229615,127.032000000,31.604043154
-31.930597639,127.099000000,31.595088692
-31.935982663,127.166000000,31.586128381
-31.941384717,127.233000000,31.577162232
-31.946803828,127.300000000,31.568190256
-31.952240024,127.367000000,31.559212461
-31.957693333,127.434000000,31.550228858
-31.963163783,127.501000000,31.541239458
-31.968651403,127.568000000,31.532244270
-31.974156220,127.635000000,31.523243304
-31.979678263,127.702000000,31.514236570
-31.985217559,127.769000000,31.505224079
-31.990774136,127.836000000,31.496205840
-31.996348024,127.903000000,31.487181864
-32.001939249,127.970000000,31.478152161
-32.007547841,128.037000000,31.469116740
-32.013173826,128.104000000,31.460075612
-32.018817233,128.171000000,31.451028787
-32.024478090,128.238000000,31.441976275
-32.030156426,128.305000000,31.432918086
-32.035852268,128.372000000,31.423854230
-32.041565644,128.439000000,31.414784717
-32.047296582,128.506000000,31.405709558
-32.053045111,128.573000000,31.396628761
-32.058811259,128.640000000,31.387542338
-32.064595044,128.707000000,31.378450298
-32.070396453,128.774000000,31.369352651
-32.076215461,128.841000000,31.360249406
-32.082052045,128.908000000,31.351140572
-32.087906180,128.975000000,31.342026159
-32.093777844,129.042000000,31.332906175
-32.099667013,129.109000000,31.323780630
-32.105573662,129.176000000,31.314649534
-32.111497769,129.243000000,31.305512895
-32.117439310,129.310000000,31.296370722
-32.123398260,129.377000000,31.287223026
-32.129374597,129.444000000,31.278069815
-32.135368297,129.511000000,31.268911098
-32.141379336,129.578000000,31.259746886
-32.147407690,129.645000000,31.250577186
-32.153453335,129.712000000,31.241402008
-32.159516249,129.779000000,31.232221362
-32.165596407,129.846000000,31.223035257
-32.171693786,129.913000000,31.213843702
-32.177808362,129.980000000,31.204646706
-32.183940111,130.047000000,31.195444278
-32.190089010,130.114000000,31.186236429
-32.196255035,130.181000000,31.177023166
-32.202438162,130.248000000,31.167804500
-32.208638368,130.315000000,31.158580440
-32.214855629,130.382000000,31.149350994
-32.221089921,130.449000000,31.140116172
-32.227341222,130.516000000,31.130875984
-32.233609506,130.583000000,31.121630438
-32.239894750,130.650000000,31.112379545
-32.246196932,130.717000000,31.103123312
-32.252516026,130.784000000,31.093861750
-32.258852010,130.851000000,31.084594867
-32.265204859,130.918000000,31.075322673
-32.271574551,130.985000000,31.066045177
-32.277961061,131.052000000,31.056762389
-32.284364366,131.119000000,31.047474317
-32.290784442,131.186000000,31.038180972
-32.297221265,131.253000000,31.028882361
-32.303674812,131.320000000,31.019578495
-32.310145059,131.387000000,31.010269382
-32.316631983,131.454000000,31.000955033
-32.323135559,131.521000000,30.991635456
-32.329655764,131.588000000,30.982310660
-32.336192575,131.655000000,30.972980655
-32.342745968,131.722000000,30.963645449
-32.349315918,131.789000000,30.954305053
-32.355902404,131.856000000,30.944959476
-32.362505400,131.923000000,30.935608726
-32.369124883,131.990000000,30.926252813
-32.375760829,132.057000000,30.916891747
-32.382413215,132.124000000,30.907525535
-32.389082018,132.191000000,30.898154189
-32.395767213,132.258000000,30.888777717
-32.402468776,132.325000000,30.879396128
-32.409186685,132.392000000,30.870009431
-32.415920915,132.459000000,30.860617636
-32.422671443,132.526000000,30.851220753
-32.429438245,132.593000000,30.841818789
-32.436221298,132.660000000,30.832411755
-32.443020577,132.727000000,30.822999660
-32.449836060,132.794000000,30.813582513
-32.456667722,132.861000000,30.804160324
-32.463515540,132.928000000,30.794733100
-32.470379490,132.995000000,30.785300853
-32.477259549,133.062000000,30.775863591
-32.484155692,133.129000000,30.766421323
-32.491067896,133.196000000,30.756974059
-32.497996138,133.263000000,30.747521807
-32.504940394,133.330000000,30.738064578
-32.511900640,133.397000000,30.728602380
-32.518876853,133.464000000,30.719135223
-32.525869008,133.531000000,30.709663115
-32.532877083,133.598000000,30.700186067
-32.539901053,133.665000000,30.690704087
-32.546940895,133.732000000,30.681217185
-32.553996585,133.799000000,30.671725369
-32.561068099,133.866000000,30.662228650
-32.568155415,133.933000000,30.652727036
-32.575258508,134.000000000,30.643220537
-32.582377354,134.067000000,30.633709162
-32.589511930,134.134000000,30.624192920
-32.596662212,134.201000000,30.614671820
-32.603828177,134.268000000,30.605145872
-32.611009800,134.335000000,30.595615085
-32.618207059,134.402000000,30.586079469
-32.625419930,134.469000000,30.576539031
-32.632648388,134.536000000,30.566993783
-32.639892411,134.603000000,30.557443732
-32.647151974,134.670000000,30.547888889
-32.654427054,134.737000000,30.538329262
-32.661717627,134.804000000,30.528764861
-32.669023669,134.871000000,30.519195695
-32.676345158,134.938000000,30.509621773
-32.683682069,135.005000000,30.500043105
-32.691034378,135.072000000,30.490459699
-32.698402063,135.139000000,30.480871565
-32.705785098,135.206000000,30.471278713
-32.713183461,135.273000000,30.461681152
-32.720597129,135.340000000,30.452078890
-32.728026076,135.407000000,30.442471937
-32.735470280,135.474000000,30.432860302
-32.742929717,135.541000000,30.423243995
-32.750404363,135.608000000,30.413623025
-32.757894194,135.675000000,30.403997401
-32.765399188,135.742000000,30.394367132
-32.772919320,135.809000000,30.384732228
-32.780454566,135.876000000,30.375092698
-32.788004904,135.943000000,30.365448550
-32.795570308,136.010000000,30.355799796
-32.803150757,136.077000000,30.346146442
-32.810746225,136.144000000,30.336488500
-32.818356689,136.211000000,30.326825978
-32.825982126,136.278000000,30.317158885
-32.833622513,136.345000000,30.307487231
-32.841277824,136.412000000,30.297811024
-32.848948037,136.479000000,30.288130275
-32.856633128,136.546000000,30.278444992
-32.864333073,136.613000000,30.268755185
-32.872047849,136.680000000,30.259060863
-32.879777432,136.747000000,30.249362035
-32.887521798,136.814000000,30.239658710
-32.895280924,136.881000000,30.229950899
-32.903054786,136.948000000,30.220238609
-32.910843360,137.015000000,30.210521850
-32.918646622,137.082000000,30.200800632
-32.926464550,137.149000000,30.191074963
-32.934297119,137.216000000,30.181344853
-32.942144306,137.283000000,30.171610312
-32.950006086,137.350000000,30.161871348
-32.957882437,137.417000000,30.152127971
-32.965773335,137.484000000,30.142380190
-32.973678756,137.551000000,30.132628014
-32.981598676,137.618000000,30.122871452
-32.989533072,137.685000000,30.113110515
-32.997481919,137.752000000,30.103345210
-33.005445195,137.819000000,30.093575548
-33.013422876,137.886000000,30.083801537
-33.021414938,137.953000000,30.074023187
-33.029421357,138.020000000,30.064240507
-33.037442110,138.087000000,30.054453506
-33.045477172,138.154000000,30.044662194
-33.053526522,138.221000000,30.034866580
-33.061590133,138.288000000,30.025066673
-33.069667984,138.355000000,30.015262482
-33.077760051,138.422000000,30.005454017
-33.085866309,138.489000000,29.995641286
-33.093986735,138.556000000,29.985824300
-33.102121305,138.623000000,29.976003067
-33.110269996,138.690000000,29.966177596
-33.118432784,138.757000000,29.956347898
-33.126609646,138.824000000,29.946513980
-33.134800557,138.891000000,29.936675853
-33.143005494,138.958000000,29.926833526
-33.151224434,139.025000000,29.916987007
-33.159457352,139.092000000,29.907136307
-33.167704226,139.159000000,29.897281434
-33.175965031,139.226000000,29.887422397
-33.184239743,139.293000000,29.877559207
-33.192528340,139.360000000,29.867691872
-33.200830797,139.427000000,29.857820401
-33.209147091,139.494000000,29.847944804
-33.217477198,139.561000000,29.838065089
-33.225821094,139.628000000,29.828181267
-33.234178756,139.695000000,29.818293347
-33.242550161,139.762000000,29.808401337
-33.250935283,139.829000000,29.798505247
-33.259334101,139.896000000,29.788605086
-33.267746589,139.963000000,29.778700864
-33.276172725,140.030000000,29.768792590
-33.284612485,140.097000000,29.758880272
-33.293065844,140.164000000,29.748963921
-33.301532781,140.231000000,29.739043545
-33.310013270,140.298000000,29.729119154
-33.318507288,140.365000000,29.719190757
-33.327014811,140.432000000,29.709258364
-33.335535817,140.499000000,29.699321982
-33.344070280,140.566000000,29.689381623
-33.352618178,140.633000000,29.679437295
-33.361179487,140.700000000,29.669489007
-33.369754183,140.767000000,29.659536768
-33.378342242,140.834000000,29.649580588
-33.386943641,140.901000000,29.639620477
-33.395558356,140.968000000,29.629656442
-33.404186364,141.035000000,29.619688495
-33.412827640,141.102000000,29.609716643
-33.421482162,141.169000000,29.599740896
-33.430149905,141.236000000,29.589761263
-33.438830846,141.303000000,29.579777754
-33.447524961,141.370000000,29.569790378
-33.456232227,141.437000000,29.559799145
-33.464952619,141.504000000,29.549804062
-33.473686115,141.571000000,29.539805140
-33.482432690,141.638000000,29.529802388
-33.491192321,141.705000000,29.519795815
-33.499964984,141.772000000,29.509785431
-33.508750655,141.839000000,29.499771244
-33.517549312,141.906000000,29.489753264
-33.526360929,141.973000000,29.479731500
-33.535185485,142.040000000,29.469705962
-33.544022954,142.107000000,29.459676658
-33.552873313,142.174000000,29.449643598
-33.561736538,142.241000000,29.439606792
-33.570612607,142.308000000,29.429566247
-33.579501495,142.375000000,29.419521975
-33.588403178,142.442000000,29.409473983
-33.597317633,142.509000000,29.399422282
-33.606244836,142.576000000,29.389366880
-33.615184764,142.643000000,29.379307787
-33.624137393,142.710000000,29.369245012
-33.633102699,142.777000000,29.359178564
-33.642080658,142.844000000,29.349108453
-33.651071247,142.911000000,29.339034687
-33.660074443,142.978000000,29.328957277
-33.669090221,143.045000000,29.318876230
-33.678118558,143.112000000,29.308791558
-33.687159430,143.179000000,29.298703268
-33.696212814,143.246000000,29.288611370
-33.705278686,143.313000000,29.278515873
-33.714357022,143.380000000,29.268416787
-33.723447798,143.447000000,29.258314120
-33.732550992,143.514000000,29.248207883
-33.741666578,143.581000000,29.238098084
-33.750794534,143.648000000,29.227984732
-33.759934837,143.715000000,29.217867838
-33.769087461,143.782000000,29.207747409
-33.778252384,143.849000000,29.197623456
-33.787429582,143.916000000,29.187495987
-33.796619031,143.983000000,29.177365013
-33.805820708,144.050000000,29.167230541
-33.815034588,144.117000000,29.157092582
-33.824260649,144.184000000,29.146951144
-33.833498867,144.251000000,29.136806237
-33.842749217,144.318000000,29.126657870
-33.852011677,144.385000000,29.116506053
-33.861286222,144.452000000,29.106350795
-33.870572829,144.519000000,29.096192104
-33.879871475,144.586000000,29.086029990
-33.889182135,144.653000000,29.075864463
-33.898504786,144.720000000,29.065695532
-33.907839405,144.787000000,29.055523205
-33.917185967,144.854000000,29.045347493
-33.926544449,144.921000000,29.035168404
-33.935914827,144.988000000,29.024985947
-33.945297078,145.055000000,29.014800133
-33.954691178,145.122000000,29.004610970
-33.964097103,145.189000000,28.994418467
-33.973514830,145.256000000,28.984222634
-33.982944334,145.323000000,28.974023480
-33.992385593,145.390000000,28.963821014
-34.001838583,145.457000000,28.953615246
-34.011303280,145.524000000,28.943406185
-34.020779660,145.591000000,28.933193839
-34.030267700,145.658000000,28.922978219
-34.039767375,145.725000000,28.912759333
-34.049278664,145.792000000,28.902537191
-34.058801540,145.859000000,28.892311802
-34.068335982,145.926000000,28.882083176
-34.077881965,145.993000000,28.871851320
-34.087439466,146.060000000,28.861616246
-34.097008460,146.127000000,28.851377962
-34.106588925,146.194000000,28.841136477
-34.116180837,146.261000000,28.830891800
-34.125784172,146.328000000,28.820643942
-34.135398906,146.395000000,28.810392910
-34.145025016,146.462000000,28.800138715
-34.154662478,146.529000000,28.789881365
-34.164311268,146.596000000,28.779620871
-34.173971363,146.663000000,28.769357240
-34.183642739,146.730000000,28.759090483
-34.193325372,146.797000000,28.748820608
-34.203019239,146.864000000,28.738547625
-34.212724316,146.931000000,28.728271543
-34.222440579,146.998000000,28.717992372
-34.232168005,147.065000000,28.707710120
-34.241906571,147.132000000,28.697424797
-34.251656251,147.199000000,28.687136413
-34.261417023,147.266000000,28.676844975
-34.271188864,147.333000000,28.666550495
-34.280971748,147.400000000,28.656252980
-34.290765654,147.467000000,28.645952441
-34.300570556,147.534000000,28.635648886
-34.310386432,147.601000000,28.625342324
-34.320213258,147.668000000,28.615032766
-34.330051010,147.735000000,28.604720219
-34.339899664,147.802000000,28.594404695
-34.349759196,147.869000000,28.584086201
-34.359629584,147.936000000,28.573764746
-34.369510804,148.003000000,28.563440341
-34.379402831,148.070000000,28.553112995
-34.389305642,148.137000000,28.542782716
-34.399219214,148.204000000,28.532449515
-34.409143522,148.271000000,28.522113399
-34.419078544,148.338000000,28.511774379
-34.429024254,148.405000000,28.501432464
-34.438980631,148.472000000,28.491087663
-34.448947650,148.539000000,28.480739985
-34.458925287,148.606000000,28.470389440
-34.468913519,148.673000000,28.460036036
-34.478912322,148.740000000,28.449679784
-34.488921673,148.807000000,28.439320691
-34.498941547,148.874000000,28.428958769
-34.508971921,148.941000000,28.418594025
-34.519012772,149.008000000,28.408226469
-34.529064076,149.075000000,28.397856110
-34.539125809,149.142000000,28.387482959
-34.549197947,149.209000000,28.377107022
-34.559280467,149.276000000,28.366728311
-34.569373346,149.343000000,28.356346835
-34.579476558,149.410000000,28.345962602
-34.589590082,149.477000000,28.335575622
-34.599713892,149.544000000,28.325185904
-34.609847966,149.611000000,28.314793457
-34.619992280,149.678000000,28.304398291
-34.630146811,149.745000000,28.294000415
-34.640311533,149.812000000,28.283599838
-34.650486424,149.879000000,28.273196569
-34.660671461,149.946000000,28.262790618
-34.670866619,150.013000000,28.252381994
-34.681071875,150.080000000,28.241970706
-34.691287205,150.147000000,28.231556764
-34.701512586,150.214000000,28.221140176
-34.711747993,150.281000000,28.210720952
-34.721993404,150.348000000,28.200299101
-34.732248794,150.415000000,28.189874633
-34.742514140,150.482000000,28.179447557
-34.752789418,150.549000000,28.169017881
-34.763074604,150.616000000,28.158585616
-34.773369676,150.683000000,28.148150770
-34.783674609,150.750000000,28.137713353
-34.793989379,150.817000000,28.127273374
-34.804313963,150.884000000,28.116830842
-34.814648337,150.951000000,28.106385766
-34.824992478,151.018000000,28.095938157
-34.835346362,151.085000000,28.085488022
-34.845709965,151.152000000,28.075035372
-34.856083263,151.219000000,28.064580215
-34.866466233,151.286000000,28.054122561
-34.876858852,151.353000000,28.043662419
-34.887261095,151.420000000,28.033199798
-34.897672939,151.487000000,28.022734708
-34.908094360,151.554000000,28.012267157
-34.918525335,151.621000000,28.001797156
-34.928965839,151.688000000,27.991324713
-34.939415850,151.755000000,27.980849837
-34.949875344,151.822000000,27.970372539
-34.960344296,151.889000000,27.959892826
-34.970822684,151.956000000,27.949410709
-34.981310483,152.023000000,27.938926196
-34.991807670,152.090000000,27.928439298
-35.002314221,152.157000000,27.917950022
-35.012830113,152.224000000,27.907458379
-35.023355322,152.291000000,27.896964377
-35.033889824,152.358000000,27.886468026
-35.044433596,152.425000000,27.875969335
-35.054986613,152.492000000,27.865468314
-35.065548853,152.559000000,27.854964972
-35.076120292,152.626000000,27.844459317
-35.086700905,152.693000000,27.833951359
-35.097290670,152.760000000,27.823441108
-35.107889562,152.827000000,27.812928573
-35.118497558,152.894000000,27.802413762
-35.129114635,152.961000000,27.791896686
-35.139740768,153.028000000,27.781377353
-35.150375934,153.095000000,27.770855773
-35.161020109,153.162000000,27.760331954
-35.171673270,153.229000000,27.749805907
-35.182335393,153.296000000,27.739277641
-35.193006454,153.363000000,27.728747164
-35.203686430,153.430000000,27.718214486
-35.214375297,153.497000000,27.707679616
-35.225073031,153.564000000,27.697142564
-35.235779609,153.631000000,27.686603339
-35.246495007,153.698000000,27.676061949
-35.257219201,153.765000000,27.665518405
-35.267952168,153.832000000,27.654972716
-35.278693883,153.899000000,27.644424890
-35.289444324,153.966000000,27.633874937
-35.300203467,154.033000000,27.623322866
-35.310971288,154.100000000,27.612768687
-35.321747763,154.167000000,27.602212409
-35.332532868,154.234000000,27.591654041
-35.343326581,154.301000000,27.581093592
-35.354128877,154.368000000,27.570531072
-35.364939732,154.435000000,27.559966489
-35.375759124,154.502000000,27.549399854
-35.386587028,154.569000000,27.538831175
-35.397423421,154.636000000,27.528260461
-35.408268278,154.703000000,27.517687723
-35.419121578,154.770000000,27.507112968
-35.429983294,154.837000000,27.496536207
-35.440853405,154.904000000,27.485957449
-35.451731886,154.971000000,27.475376702
-35.462618714,155.038000000,27.464793976
-35.473513865,155.105000000,27.454209281
-35.484417315,155.172000000,27.443622626
-35.495329041,155.239000000,27.433034019
-35.506249019,155.306000000,27.422443471
-35.517177225,155.373000000,27.411850989
-35.528113636,155.440000000,27.401256585
-35.539058215,155.507000000,27.390660268
-35.550010870,155.574000000,27.380062053
-35.560971497,155.641000000,27.369461957
-35.571939992,155.708000000,27.358859995
-35.582916250,155.775000000,27.348256186
-35.593900167,155.842000000,27.337650544
-35.604891638,155.909000000,27.327043087
-35.615890558,155.976000000,27.316433830
-35.626896824,156.043000000,27.305822791
-35.637910330,156.110000000,27.295209985
-35.648930973,156.177000000,27.284595429
-35.659958647,156.244000000,27.273979139
-35.670993249,156.311000000,27.263361132
-35.682034673,156.378000000,27.252741424
-35.693082816,156.445000000,27.242120032
-35.704137572,156.512000000,27.231496971
-35.715198838,156.579000000,27.220872259
-35.726266509,156.646000000,27.210245912
-35.737340480,156.713000000,27.199617945
-35.748420647,156.780000000,27.188988377
-35.759506905,156.847000000,27.178357222
-35.770599150,156.914000000,27.167724497
-35.781697278,156.981000000,27.157090220
-35.792801184,157.048000000,27.146454405
-35.803910763,157.115000000,27.135817070
-35.815025911,157.182000000,27.125178231
-35.826146524,157.249000000,27.114537904
-35.837272496,157.316000000,27.103896106
-35.848403725,157.383000000,27.093252853
-35.859540104,157.450000000,27.082608162
-35.870681530,157.517000000,27.071962048
-35.881827898,157.584000000,27.061314529
-35.892979104,157.651000000,27.050665621
-35.904135042,157.718000000,27.040015340
-35.915295610,157.785000000,27.029363702
-35.926460701,157.852000000,27.018710724
-35.937630213,157.919000000,27.008056423
-35.948804039,157.986000000,26.997400814
-35.959982077,158.053000000,26.986743914
-35.971164220,158.120000000,26.976085740
-35.982350366,158.187000000,26.965426308
-35.993540408,158.254000000,26.954765634
-36.004734244,158.321000000,26.944103735
-36.015931767,158.388000000,26.933440628
-36.027132875,158.455000000,26.922776327
-36.038337462,158.522000000,26.912110851
-36.049545424,158.589000000,26.901444215
-36.060756656,158.656000000,26.890776436
-36.071971054,158.723000000,26.880107529
-36.083188513,158.790000000,26.869437513
-36.094408930,158.857000000,26.858766402
-36.105632199,158.924000000,26.848094214
-36.116858216,158.991000000,26.837420964
-36.128086876,159.058000000,26.826746670
-36.139318076,159.125000000,26.816071347
-36.150551710,159.192000000,26.805395012
-36.161787674,159.259000000,26.794717681
-36.173025864,159.326000000,26.784039371
-36.184266174,159.393000000,26.773360099
-36.195508502,159.460000000,26.762679879
-36.206752741,159.527000000,26.751998730
-36.217998788,159.594000000,26.741316667
-36.229246539,159.661000000,26.730633707
-36.240495888,159.728000000,26.719949866
-36.251746731,159.795000000,26.709265161
-36.262998964,159.862000000,26.698579607
-36.274252482,159.929000000,26.687893222
-36.285507181,159.996000000,26.677206022
-36.296762956,160.063000000,26.666518023
-36.308019703,160.130000000,26.655829241
-36.319277317,160.197000000,26.645139693
-36.330535694,160.264000000,26.634449396
-36.341794730,160.331000000,26.623758365
-36.353054319,160.398000000,26.613066618
-36.364314358,160.465000000,26.602374170
-36.375574741,160.532000000,26.591681038
-36.386835365,160.599000000,26.580987238
-36.398096125,160.666000000,26.570292788
-36.409356917,160.733000000,26.559597702
-36.420617635,160.800000000,26.548901998
-36.431878176,160.867000000,26.538205692
-36.443138435,160.934000000,26.527508800
-36.454398307,161.001000000,26.516811339
-36.465657689,161.068000000,26.506113325
-36.476916475,161.135000000,26.495414774
-36.488174561,161.202000000,26.484715704
-36.499431843,161.269000000,26.474016130
-36.510688216,161.336000000,26.463316069
-36.521943575,161.403000000,26.452615537
-36.533197817,161.470000000,26.441914550
-36.544450836,161.537000000,26.431213126
-36.555702529,161.604000000,26.420511279
-36.566952790,161.671000000,26.409809028
-36.578201515,161.738000000,26.399106388
-36.589448600,161.805000000,26.388403375
-36.600693941,161.872000000,26.377700006
-36.611937432,161.939000000,26.366996298
-36.623178970,162.006000000,26.356292266
-36.634418449,162.073000000,26.345587928
-36.645655766,162.140000000,26.334883299
-36.656890815,162.207000000,26.324178396
-36.668123493,162.274000000,26.313473235
-36.679353695,162.341000000,26.302767833
-36.690581316,162.408000000,26.292062207
-36.701806252,162.475000000,26.281356372
-36.713028399,162.542000000,26.270650344
-36.724247651,162.609000000,26.259944142
-36.735463905,162.676000000,26.249237780
-36.746677056,162.743000000,26.238531275
-36.757887000,162.810000000,26.227824644
-36.769093631,162.877000000,26.217117902
-36.780296846,162.944000000,26.206411068
-36.791496540,163.011000000,26.195704155
-36.802692609,163.078000000,26.184997182
-36.813884948,163.145000000,26.174290165
-36.825073453,163.212000000,26.163583120
-36.836258018,163.279000000,26.152876063
-36.847438540,163.346000000,26.142169010
-36.858614915,163.413000000,26.131461979
-36.869787037,163.480000000,26.120754986
-36.880954802,163.547000000,26.110048046
-36.892118106,163.614000000,26.099341177
-36.903276845,163.681000000,26.088634395
-36.914430913,163.748000000,26.077927715
-36.925580206,163.815000000,26.067221156
-36.936724621,163.882000000,26.056514732
-36.947864051,163.949000000,26.045808461
-36.958998393,164.016000000,26.035102358
-36.970127543,164.083000000,26.024396441
-36.981251396,164.150000000,26.013690725
-36.992369847,164.217000000,26.002985228
-37.003482792,164.284000000,25.992279964
-37.014590126,164.351000000,25.981574952
-37.025691745,164.418000000,25.970870206
-37.036787545,164.485000000,25.960165744
-37.047877421,164.552000000,25.949461582
-37.058961268,164.619000000,25.938757737
-37.070038982,164.686000000,25.928054224
-37.081110459,164.753000000,25.917351061
-37.092175594,164.820000000,25.906648263
-37.103234282,164.887000000,25.895945847
-37.114286420,164.954000000,25.885243829
-37.125331902,165.021000000,25.874542226
-37.136370624,165.088000000,25.863841055
-37.147402482,165.155000000,25.853140331
-37.158427371,165.222000000,25.842440071
-37.169445187,165.289000000,25.831740291
-37.180455825,165.356000000,25.821041008
-37.191459181,165.423000000,25.810342239
-37.202455150,165.490000000,25.799643999
-37.213443627,165.557000000,25.788946304
-37.224424509,165.624000000,25.778249173
-37.235397691,165.691000000,25.767552620
-37.246363068,165.758000000,25.756856662
-37.257320536,165.825000000,25.746161316
-37.268269990,165.892000000,25.735466598
-37.279211326,165.959000000,25.724772524
-37.290144440,166.026000000,25.714079111
-37.301069226,166.093000000,25.703386375
-37.311985581,166.160000000,25.692694333
-37.322893404,166.227000000,25.682003002
-37.333792611,166.294000000,25.671312404
-37.344683122,166.361000000,25.660622561
-37.355564858,166.428000000,25.649933497
-37.366437739,166.495000000,25.639245235
-37.377301684,166.562000000,25.628557797
-37.388156615,166.629000000,25.617871205
-37.399002451,166.696000000,25.607185484
-37.409839112,166.763000000,25.596500656
-37.420666519,166.830000000,25.585816744
-37.431484593,166.897000000,25.575133770
-37.442293252,166.964000000,25.564451758
-37.453092417,167.031000000,25.553770730
-37.463882010,167.098000000,25.543090709
-37.474661948,167.165000000,25.532411718
-37.485432154,167.232000000,25.521733780
-37.496192547,167.299000000,25.511056918
-37.506943047,167.366000000,25.500381155
-37.517683575,167.433000000,25.489706513
-37.528414050,167.500000000,25.479033015
-37.539134394,167.567000000,25.468360685
-37.549844525,167.634000000,25.457689545
-37.560544365,167.701000000,25.447019617
-37.571233833,167.768000000,25.436350926
-37.581912850,167.835000000,25.425683493
-37.592581336,167.902000000,25.415017342
-37.603239211,167.969000000,25.404352495
-37.613886395,168.036000000,25.393688975
-37.624522809,168.103000000,25.383026806
-37.635148373,168.170000000,25.372366009
-37.645763006,168.237000000,25.361706608
-37.656366630,168.304000000,25.351048626
-37.666959163,168.371000000,25.340392086
-37.677540528,168.438000000,25.329737010
-37.688110643,168.505000000,25.319083421
-37.698669429,168.572000000,25.308431342
-37.709216806,168.639000000,25.297780797
-37.719752694,168.706000000,25.287131807
-37.730277014,168.773000000,25.276484396
-37.740789685,168.840000000,25.265838587
-37.751290628,168.907000000,25.255194402
-37.761779764,168.974000000,25.244551864
-37.772257012,169.041000000,25.233910996
-37.782722292,169.108000000,25.223271822
-37.793175525,169.175000000,25.212634363
-37.803616631,169.242000000,25.201998644
-37.814045529,169.309000000,25.191364686
-37.824462142,169.376000000,25.180732512
-37.834866387,169.443000000,25.170102145
-37.845258187,169.510000000,25.159473609
-37.855637460,169.577000000,25.148846926
-37.866004127,169.644000000,25.138222119
-37.876358109,169.711000000,25.127599211
-37.886699325,169.778000000,25.116978224
-37.897027695,169.845000000,25.106359182
-37.907343141,169.912000000,25.095742107
-37.917645582,169.979000000,25.085127023
-37.927934938,170.046000000,25.074513951
-37.938211129,170.113000000,25.063902916
-37.948474076,170.180000000,25.053293939
-37.958723699,170.247000000,25.042687044
-37.968959918,170.314000000,25.032082254
-37.979182653,170.381000000,25.021479590
-37.989391825,170.448000000,25.010879078
-37.999587354,170.515000000,25.000280738
-38.009769159,170.582000000,24.989684594
-38.019937161,170.649000000,24.979090670
-38.030091281,170.716000000,24.968498986
-38.040231438,170.783000000,24.957909568
-38.050357552,170.850000000,24.947322437
-38.060469545,170.917000000,24.936737616
-38.070567336,170.984000000,24.926155128
-38.080650845,171.051000000,24.915574997
-38.090719992,171.118000000,24.904997244
-38.100774698,171.185000000,24.894421893
-38.110814883,171.252000000,24.883848967
-38.120840467,171.319000000,24.873278488
-38.130851370,171.386000000,24.862710479
-38.140847512,171.453000000,24.852144964
-38.150828814,171.520000000,24.841581965
-38.160795197,171.587000000,24.831021504
-38.170746579,171.654000000,24.820463606
-38.180682881,171.721000000,24.809908292
-38.190604024,171.788000000,24.799355585
-38.200509927,171.855000000,24.788805509
-38.210400512,171.922000000,24.778258086
-38.220275697,171.989000000,24.767713339
-38.230135403,172.056000000,24.757171291
-38.239979551,172.123000000,24.746631965
-38.249808061,172.190000000,24.736095384
-38.259620853,172.257000000,24.725561570
-38.269417846,172.324000000,24.715030546
-38.279198962,172.391000000,24.704502336
-38.288964120,172.458000000,24.693976962
-38.298713241,172.525000000,24.683454447
-38.308446244,172.592000000,24.672934813
-38.318163051,172.659000000,24.662418085
-38.327863581,172.726000000,24.651904284
-38.337547754,172.793000000,24.641393433
-38.347215491,172.860000000,24.630885556
-38.356866712,172.927000000,24.620380674
-38.366501337,172.994000000,24.609878812
-38.376119286,173.061000000,24.599379992
-38.385720479,173.128000000,24.588884236
-38.395304837,173.195000000,24.578391568
-38.404872280,173.262000000,24.567902011
-38.414422728,173.329000000,24.557415586
-38.423956101,173.396000000,24.546932318
-38.433472319,173.463000000,24.536452229
-38.442971303,173.530000000,24.525975342
-38.452452973,173.597000000,24.515501679
-38.461917249,173.664000000,24.505031265
-38.471364051,173.731000000,24.494564120
-38.480793300,173.798000000,24.484100269
-38.490204915,173.865000000,24.473639735
-38.499598817,173.932000000,24.463182539
-38.508974926,173.999000000,24.452728705
-38.518333162,174.066000000,24.442278256
-38.527673446,174.133000000,24.431831215
-38.536995697,174.200000000,24.421387604
-38.546299836,174.267000000,24.410947447
-38.555585783,174.334000000,24.400510765
-38.564853458,174.401000000,24.390077583
-38.574102781,174.468000000,24.379647923
-38.583333674,174.535000000,24.369221808
-38.592546055,174.602000000,24.358799260
-38.601739845,174.669000000,24.348380303
-38.610914964,174.736000000,24.337964959
-38.620071332,174.803000000,24.327553252
-38.629208870,174.870000000,24.317145204
-38.638327498,174.937000000,24.306740837
-38.647427136,175.004000000,24.296340176
-38.656507704,175.071000000,24.285943242
-38.665569123,175.138000000,24.275550059
-38.674611312,175.205000000,24.265160649
-38.683634192,175.272000000,24.254775036
-38.692637682,175.339000000,24.244393241
-38.701621704,175.406000000,24.234015289
-38.710586178,175.473000000,24.223641202
-38.719531023,175.540000000,24.213271002
-38.728456159,175.607000000,24.202904713
-38.737361508,175.674000000,24.192542357
-38.746246989,175.741000000,24.182183958
-38.755112522,175.808000000,24.171829538
-38.763958028,175.875000000,24.161479120
-38.772783427,175.942000000,24.151132727
-38.781588638,176.009000000,24.140790382
-38.790373583,176.076000000,24.130452107
-38.799138181,176.143000000,24.120117926
-38.807882353,176.210000000,24.109787861
-38.816606018,176.277000000,24.099461935
-38.825309098,176.344000000,24.089140172
-38.833991511,176.411000000,24.078822593
-38.842653179,176.478000000,24.068509222
-38.851294022,176.545000000,24.058200082
-38.859913959,176.612000000,24.047895195
-38.868512911,176.679000000,24.037594585
-38.877090798,176.746000000,24.027298274
-38.885647541,176.813000000,24.017006285
-38.894183060,176.880000000,24.006718642
-38.902697274,176.947000000,23.996435365
-38.911190104,177.014000000,23.986156480
-38.919661470,177.081000000,23.975882008
-38.928111292,177.148000000,23.965611973
-38.936539491,177.215000000,23.955346397
-38.944945987,177.282000000,23.945085303
-38.953330700,177.349000000,23.934828714
-38.961693550,177.416000000,23.924576653
-38.970034457,177.483000000,23.914329142
-38.978353342,177.550000000,23.904086206
-38.986650124,177.617000000,23.893847865
-38.994924725,177.684000000,23.883614144
-39.003177063,177.751000000,23.873385066
-39.011407060,177.818000000,23.863160652
-39.019614636,177.885000000,23.852940926
-39.027799710,177.952000000,23.842725911
-39.035962203,178.019000000,23.832515629
-39.044102036,178.086000000,23.822310104
-39.052219127,178.153000000,23.812109358
-39.060313398,178.220000000,23.801913415
-39.068384769,178.287000000,23.791722296
-39.076433160,178.354000000,23.781536026
-39.084458491,178.421000000,23.771354626
-39.092460682,178.488000000,23.761178120
-39.100439654,178.555000000,23.751006530
-39.108395327,178.622000000,23.740839880
-39.116327620,178.689000000,23.730678192
-39.124236455,178.756000000,23.720521489
-39.132121751,178.823000000,23.710369794
-39.139983428,178.890000000,23.700223130
-39.147821407,178.957000000,23.690081520
-39.155635608,179.024000000,23.679944986
-39.163425952,179.091000000,23.669813552
-39.171192357,179.158000000,23.659687239
-39.178934745,179.225000000,23.649566072
-39.186653036,179.292000000,23.639450073
-39.194347150,179.359000000,23.629339265
-39.202017006,179.426000000,23.619233670
-39.209662526,179.493000000,23.609133312
-39.217283630,179.560000000,23.599038214
-39.224880237,179.627000000,23.588948398
-39.232452269,179.694000000,23.578863886
-39.239999644,179.761000000,23.568784703
-39.247522284,179.828000000,23.558710871
-39.255020108,179.895000000,23.548642413
-39.262493037,179.962000000,23.538579351
-39.269940990,180.029000000,23.528521709
-39.277363889,180.096000000,23.518469508
-39.284761653,180.163000000,23.508422774
-39.292134203,180.230000000,23.498381527
-39.299481458,180.297000000,23.488345791
-39.306803340,180.364000000,23.478315589
-39.314099767,180.431000000,23.468290943
-39.321370661,180.498000000,23.458271877
-39.328615941,180.565000000,23.448258414
-39.335835527,180.632000000,23.438250575
-39.343029341,180.699000000,23.428248385
-39.350197302,180.766000000,23.418251865
-39.357339330,180.833000000,23.408261040
-39.364455346,180.900000000,23.398275931
-39.371545269,180.967000000,23.388296561
-39.378609020,181.034000000,23.378322954
-39.385646519,181.101000000,23.368355132
-39.392657687,181.168000000,23.358393119
-39.399642443,181.235000000,23.348436936
-39.406600708,181.302000000,23.338486607
-39.413532401,181.369000000,23.328542155
-39.420437444,181.436000000,23.318603602
-39.427315756,181.503000000,23.308670972
-39.434167257,181.570000000,23.298744287
-39.440991868,181.637000000,23.288823570
-39.447789509,181.704000000,23.278908845
-39.454560100,181.771000000,23.269000133
-39.461303561,181.838000000,23.259097457
-39.468019813,181.905000000,23.249200842
-39.474708776,181.972000000,23.239310309
-39.481370369,182.039000000,23.229425881
-39.488004513,182.106000000,23.219547581
-39.494611129,182.173000000,23.209675432
-39.501190136,182.240000000,23.199809458
-39.507741487,182.307000000,23.189949675
-39.514265265,182.374000000,23.180096081
-39.520761584,182.441000000,23.170248671
-39.527230559,182.508000000,23.160407436
-39.533672305,182.575000000,23.150572369
-39.540086937,182.642000000,23.140743465
-39.546474569,182.709000000,23.130920714
-39.552835317,182.776000000,23.121104112
-39.559169295,182.843000000,23.111293649
-39.565476618,182.910000000,23.101489320
-39.571757401,182.977000000,23.091691118
-39.578011759,183.044000000,23.081899035
-39.584239806,183.111000000,23.072113064
-39.590441657,183.178000000,23.062333198
-39.596617427,183.245000000,23.052559431
-39.602767232,183.312000000,23.042791754
-39.608891185,183.379000000,23.033030162
-39.614989402,183.446000000,23.023274647
-39.621061997,183.513000000,23.013525203
-39.627109085,183.580000000,23.003781821
-39.633130782,183.647000000,22.994044495
-39.639127201,183.714000000,22.984313218
-39.645098458,183.781000000,22.974587983
-39.651044668,183.848000000,22.964868783
-39.656965944,183.915000000,22.955155611
-39.662862403,183.982000000,22.945448459
-39.668734159,184.049000000,22.935747322
-39.674581327,184.116000000,22.926052191
-39.680404021,184.183000000,22.916363060
-39.686202357,184.250000000,22.906679921
-39.691976449,184.317000000,22.897002768
-39.697726412,184.384000000,22.887331594
-39.703452360,184.451000000,22.877666391
-39.709154410,184.518000000,22.868007153
-39.714832675,184.585000000,22.858353872
-39.720487270,184.652000000,22.848706541
-39.726118311,184.719000000,22.839065154
-39.731725911,184.786000000,22.829429704
-39.737310186,184.853000000,22.819800182
-39.742871251,184.920000000,22.810176583
-39.748409220,184.987000000,22.800558899
-39.753924209,185.054000000,22.790947124
-39.759416331,185.121000000,22.781341249
-39.764885702,185.188000000,22.771741269
-39.770332437,185.255000000,22.762147176
-39.775756651,185.322000000,22.752558963
-39.781158458,185.389000000,22.742976622
-39.786537973,185.456000000,22.733400148
-39.791895311,185.523000000,22.723829533
-39.797230587,185.590000000,22.714264770
-39.802543915,185.657000000,22.704705851
-39.807835411,185.724000000,22.695152771
-39.813105189,185.791000000,22.685605521
-39.818353364,185.858000000,22.676064095
-39.823580051,185.925000000,22.666528485
-39.828785365,185.992000000,22.656998685
-39.833969420,186.059000000,22.647474688
-39.839132332,186.126000000,22.637956487
-39.844274214,186.193000000,22.628444074
-39.849395183,186.260000000,22.618937442
-39.854495353,186.327000000,22.609436586
-39.859574838,186.394000000,22.599941496
-39.864633753,186.461000000,22.590452167
-39.869672214,186.528000000,22.580968591
-39.874690335,186.595000000,22.571490762
-39.879688231,186.662000000,22.562018672
-39.884666016,186.729000000,22.552552314
-39.889623806,186.796000000,22.543091681
-39.894561715,186.863000000,22.533636767
-39.899479859,186.930000000,22.524187564
-39.904378351,186.997000000,22.514744065
-39.909257308,187.064000000,22.505306263
-39.914116842,187.131000000,22.495874150
-39.918957071,187.198000000,22.486447721
-39.923778107,187.265000000,22.477026968
-39.928580067,187.332000000,22.467611884
-39.933363065,187.399000000,22.458202462
-39.938127215,187.466000000,22.448798694
-39.942872633,187.533000000,22.439400575
-39.947599433,187.600000000,22.430008096
-39.952307730,187.667000000,22.420621251
-39.956997639,187.734000000,22.411240032
-39.961669275,187.801000000,22.401864433
-39.966322753,187.868000000,22.392494447
-39.970958187,187.935000000,22.383130066
-39.975575693,188.002000000,22.373771284
-39.980175384,188.069000000,22.364418094
-39.984757377,188.136000000,22.355070488
-39.989321785,188.203000000,22.345728459
-39.993868723,188.270000000,22.336392001
-39.998398308,188.337000000,22.327061106
-40.002910652,188.404000000,22.317735767
-40.007405871,188.471000000,22.308415978
-40.011884080,188.538000000,22.299101730
-40.016345394,188.605000000,22.289793019
-40.020789927,188.672000000,22.280489835
-40.025217794,188.739000000,22.271192172
-40.029629111,188.806000000,22.261900024
-40.034023991,188.873000000,22.252613382
-40.038402550,188.940000000,22.243332240
-40.042764903,189.007000000,22.234056592
-40.047111164,189.074000000,22.224786429
-40.051441448,189.141000000,22.215521746
-40.055755870,189.208000000,22.206262534
-40.060054545,189.275000000,22.197008787
-40.064337588,189.342000000,22.187760497
-40.068605113,189.409000000,22.178517659
-40.072857235,189.476000000,22.169280264
-40.077094070,189.543000000,22.160048306
-40.081315731,189.610000000,22.150821777
-40.085522334,189.677000000,22.141600672
-40.089713994,189.744000000,22.132384981
-40.093890825,189.811000000,22.123174699
-40.098052942,189.878000000,22.113969819
-40.102200460,189.945000000,22.104770333
-40.106333495,190.012000000,22.095576235
-40.110452159,190.079000000,22.086387516
-40.114556569,190.146000000,22.077204172
-40.118646840,190.213000000,22.068026193
-40.122723086,190.280000000,22.058853574
-40.126785421,190.347000000,22.049686307
-40.130833961,190.414000000,22.040524385
-40.134868821,190.481000000,22.031367801
-40.138890115,190.548000000,22.022216549
-40.142897959,190.615000000,22.013070620
-40.146892466,190.682000000,22.003930008
-40.150873752,190.749000000,21.994794707
-40.154841932,190.816000000,21.985664708
-40.158797121,190.883000000,21.976540006
-40.162739432,190.950000000,21.967420592
-40.166668982,191.017000000,21.958306460
-40.170585885,191.084000000,21.949197603
-40.174490255,191.151000000,21.940094013
-40.178382208,191.218000000,21.930995684
-40.182261858,191.285000000,21.921902609
-40.186129321,191.352000000,21.912814781
-40.189984711,191.419000000,21.903732192
-40.193828142,191.486000000,21.894654836
-40.197659730,191.553000000,21.885582705
-40.201479590,191.620000000,21.876515793
-40.205287836,191.687000000,21.867454093
-40.209084583,191.754000000,21.858397596
-40.212869946,191.821000000,21.849346297
-40.216644039,191.888000000,21.840300189
-40.220406979,191.955000000,21.831259264
-40.224158878,192.022000000,21.822223515
-40.227899853,192.089000000,21.813192935
-40.231630018,192.156000000,21.804167517
-40.235349488,192.223000000,21.795147255
-40.239058377,192.290000000,21.786132141
-40.242756801,192.357000000,21.777122168
-40.246444874,192.424000000,21.768117328
-40.250122712,192.491000000,21.759117616
-40.253790428,192.558000000,21.750123024
-40.257448138,192.625000000,21.741133545
-40.261095957,192.692000000,21.732149171
-40.264733999,192.759000000,21.723169897
-40.268362379,192.826000000,21.714195714
-40.271981212,192.893000000,21.705226616
-40.275590613,192.960000000,21.696262596
-40.279190695,193.027000000,21.687303647
-40.282781560,193.094000000,21.678349762
-40.286363309,193.161000000,21.669400935
-40.289936044,193.228000000,21.660457159
-40.293499864,193.295000000,21.651518428
-40.297054871,193.362000000,21.642584736
-40.300601165,193.429000000,21.633656076
-40.304138848,193.496000000,21.624732442
-40.307668020,193.563000000,21.615813828
-40.311188782,193.630000000,21.606900226
-40.314701235,193.697000000,21.597991632
-40.318205479,193.764000000,21.589088037
-40.321701616,193.831000000,21.580189436
-40.325189746,193.898000000,21.571295822
-40.328669970,193.965000000,21.562407190
-40.332142389,194.032000000,21.553523532
-40.335607103,194.099000000,21.544644842
-40.339064214,194.166000000,21.535771114
-40.342513822,194.233000000,21.526902341
-40.345956028,194.300000000,21.518038517
-40.349390933,194.367000000,21.509179635
-40.352818637,194.434000000,21.500325690
-40.356239243,194.501000000,21.491476674
-40.359652849,194.568000000,21.482632582
-40.363059557,194.635000000,21.473793406
-40.366459469,194.702000000,21.464959141
-40.369852684,194.769000000,21.456129780
-40.373239304,194.836000000,21.447305317
-40.376619429,194.903000000,21.438485744
-40.379993160,194.970000000,21.429671057
-40.383360598,195.037000000,21.420861248
-40.386721844,195.104000000,21.412056311
-40.390076998,195.171000000,21.403256240
-40.393426162,195.238000000,21.394461027
-40.396769436,195.305000000,21.385670668
-40.400106921,195.372000000,21.376885155
-40.403438718,195.439000000,21.368104481
-40.406764928,195.506000000,21.359328642
-40.410085651,195.573000000,21.350557629
-40.413400988,195.640000000,21.341791437
-40.416711040,195.707000000,21.333030060
-40.420015908,195.774000000,21.324273490
-40.423315693,195.841000000,21.315521722
-40.426610495,195.908000000,21.306774748
-40.429900416,195.975000000,21.298032564
-40.433185555,196.042000000,21.289295162
-40.436466015,196.109000000,21.280562535
-40.439741895,196.176000000,21.271834678
-40.443013297,196.243000000,21.263111584
-40.446280321,196.310000000,21.254393247
-40.449543068,196.377000000,21.245679660
-40.452801640,196.444000000,21.236970816
-40.456056136,196.511000000,21.228266710
-40.459306657,196.578000000,21.219567335
-40.462553305,196.645000000,21.210872685
-40.465796180,196.712000000,21.202182753
-40.469035384,196.779000000,21.193497532
-40.472271016,196.846000000,21.184817017
-40.475503177,196.913000000,21.176141200
-40.478731969,196.980000000,21.167470076
-40.481957493,197.047000000,21.158803639
-40.485179848,197.114000000,21.150141881
-40.488399136,197.181000000,21.141484796
-40.491615458,197.248000000,21.132832378
-40.494828914,197.315000000,21.124184620
-40.498039606,197.382000000,21.115541517
-40.501247634,197.449000000,21.106903061
-40.504453098,197.516000000,21.098269247
-40.507656101,197.583000000,21.089640067
-40.510856742,197.650000000,21.081015516
-40.514055122,197.717000000,21.072395586
-40.517251342,197.784000000,21.063780272
-40.520445504,197.851000000,21.055169568
-40.523637707,197.918000000,21.046563466
-40.526828053,197.985000000,21.037961960
-40.530016642,198.052000000,21.029365045
-40.533203575,198.119000000,21.020772713
-40.536388953,198.186000000,21.012184958
-40.539572877,198.253000000,21.003601774
-40.542755448,198.320000000,20.995023154
-40.545936766,198.387000000,20.986449092
-40.549116933,198.454000000,20.977879581
-40.552296048,198.521000000,20.969314616
-40.555474213,198.588000000,20.960754189
-40.558651529,198.655000000,20.952198295
-40.561828097,198.722000000,20.943646926
-40.565004017,198.789000000,20.935100077
-40.568179389,198.856000000,20.926557741
-40.571354316,198.923000000,20.918019911
-40.574528898,198.990000000,20.909486582
-40.577703235,199.057000000,20.900957746
-40.580877428,199.124000000,20.892433398
-40.584051579,199.191000000,20.883913531
-40.587225787,199.258000000,20.875398138
-40.590400154,199.325000000,20.866887213
-40.593574781,199.392000000,20.858380751
-40.596749768,199.459000000,20.849878743
-40.599925217,199.526000000,20.841381185
-40.603101227,199.593000000,20.832888069
-40.606277900,199.660000000,20.824399389
-40.609455337,199.727000000,20.815915138
-40.612633638,199.794000000,20.807435311
-40.615812905,199.861000000,20.798959901
-40.618993237,199.928000000,20.790488902
-40.622174737,199.995000000,20.782022306
-40.625357504,200.062000000,20.773560108
-40.628541639,200.129000000,20.765102301
-40.631727244,200.196000000,20.756648880
-40.634914419,200.263000000,20.748199836
-40.638103265,200.330000000,20.739755165
-40.641293882,200.397000000,20.731314859
-40.644486372,200.464000000,20.722878912
-40.647680836,200.531000000,20.714447318
-40.650877373,200.598000000,20.706020071
-40.654076086,200.665000000,20.697597163
-40.657277074,200.732000000,20.689178589
-40.660480439,200.799000000,20.680764342
-40.663686281,200.866000000,20.672354416
-40.666894702,200.933000000,20.663948804
-40.670105801,201.000000000,20.655547500
-40.673319680,201.067000000,20.647150497
-40.676536440,201.134000000,20.638757790
-40.679756182,201.201000000,20.630369371
-40.682979005,201.268000000,20.621985234
-40.686205012,201.335000000,20.613605374
-40.689434302,201.402000000,20.605229782
-40.692666977,201.469000000,20.596858454
-40.695903138,201.536000000,20.588491383
-40.699142885,201.603000000,20.580128561
-40.702386319,201.670000000,20.571769984
-40.705633541,201.737000000,20.563415643
-40.708884651,201.804000000,20.555065534
-40.712139751,201.871000000,20.546719649
-40.715398942,201.938000000,20.538377983
-40.718662323,202.005000000,20.530040528
-40.721929997,202.072000000,20.521707279
-40.725202063,202.139000000,20.513378228
-40.728478623,202.206000000,20.505053370
-40.731759778,202.273000000,20.496732698
-40.735045627,202.340000000,20.488416206
-40.738336273,202.407000000,20.480103887
-40.741631815,202.474000000,20.471795735
-40.744932355,202.541000000,20.463491744
-40.748237993,202.608000000,20.455191906
-40.751548831,202.675000000,20.446896216
-40.754864968,202.742000000,20.438604668
-40.758186507,202.809000000,20.430317254
-40.761513547,202.876000000,20.422033969
-40.764846190,202.943000000,20.413754805
-40.768184536,203.010000000,20.405479757
-40.771528686,203.077000000,20.397208819
-40.774878741,203.144000000,20.388941983
-40.778234801,203.211000000,20.380679244
-40.781596968,203.278000000,20.372420594
-40.784965343,203.345000000,20.364166028
-40.788340025,203.412000000,20.355915539
-40.791721117,203.479000000,20.347669121
-40.795108718,203.546000000,20.339426767
-40.798502930,203.613000000,20.331188472
-40.801903854,203.680000000,20.322954227
-40.805311589,203.747000000,20.314724028
-40.808726238,203.814000000,20.306497867
-40.812147900,203.881000000,20.298275739
-40.815576677,203.948000000,20.290057636
-40.819012669,204.015000000,20.281843553
-40.822455978,204.082000000,20.273633483
-40.825906704,204.149000000,20.265427420
-40.829364947,204.216000000,20.257225357
-40.832830809,204.283000000,20.249027287
-40.836304391,204.350000000,20.240833205
-40.839785793,204.417000000,20.232643104
-40.843275116,204.484000000,20.224456978
-40.846772461,204.551000000,20.216274820
-40.850277929,204.618000000,20.208096623
-40.853791620,204.685000000,20.199922382
-40.857313635,204.752000000,20.191752090
-40.860844076,204.819000000,20.183585740
-40.864383043,204.886000000,20.175423326
-40.867930636,204.953000000,20.167264843
-40.871486957,205.020000000,20.159110282
-40.875052106,205.087000000,20.150959638
-40.878626185,205.154000000,20.142812905
-40.882209293,205.221000000,20.134670076
-40.885801533,205.288000000,20.126531144
-40.889403004,205.355000000,20.118396104
-40.893013807,205.422000000,20.110264948
-40.896634044,205.489000000,20.102137671
-40.900263814,205.556000000,20.094014266
-40.903903220,205.623000000,20.085894727
-40.907552361,205.690000000,20.077779047
-40.911211339,205.757000000,20.069667219
-40.914880254,205.824000000,20.061559238
-40.918559207,205.891000000,20.053455097
-40.922248299,205.958000000,20.045354789
-40.925947630,206.025000000,20.037258309
-40.929657302,206.092000000,20.029165649
-40.933377416,206.159000000,20.021076804
-40.937108072,206.226000000,20.012991766
-40.940849370,206.293000000,20.004910530
-40.944601413,206.360000000,19.996833090
-40.948364300,206.427000000,19.988759437
-40.952138132,206.494000000,19.980689567
-40.955923010,206.561000000,19.972623473
-40.959719036,206.628000000,19.964561149
-40.963526309,206.695000000,19.956502587
-40.967344931,206.762000000,19.948447782
-40.971175003,206.829000000,19.940396727
-40.975016624,206.896000000,19.932349416
-40.978869897,206.963000000,19.924305843
-40.982734921,207.030000000,19.916266000
-40.986611798,207.097000000,19.908229882
-40.990500629,207.164000000,19.900197483
-40.994401514,207.231000000,19.892168795
-40.998314554,207.298000000,19.884143812
-41.002239850,207.365000000,19.876122528
-41.006177503,207.432000000,19.868104937
-41.010127613,207.499000000,19.860091032
-41.014090281,207.566000000,19.852080806
-41.018065609,207.633000000,19.844074254
-41.022053697,207.700000000,19.836071369
-41.026054645,207.767000000,19.828072144
-41.030068555,207.834000000,19.820076574
-41.034095527,207.901000000,19.812084651
-41.038135663,207.968000000,19.804096369
-41.042189062,208.035000000,19.796111722
-41.046255826,208.102000000,19.788130703
-41.050336056,208.169000000,19.780153307
-41.054429853,208.236000000,19.772179526
-41.058537316,208.303000000,19.764209354
-41.062658548,208.370000000,19.756242786
-41.066793648,208.437000000,19.748279813
-41.070942718,208.504000000,19.740320430
-41.075105859,208.571000000,19.732364631
-41.079283171,208.638000000,19.724412410
-41.083474755,208.705000000,19.716463758
-41.087680712,208.772000000,19.708518672
-41.091901142,208.839000000,19.700577143
-41.096136148,208.906000000,19.692639165
-41.100385828,208.973000000,19.684704733
-41.104650285,209.040000000,19.676773840
-41.108929510,209.107000000,19.668846494
-41.113223067,209.174000000,19.660922769
-41.117530407,209.241000000,19.653002754
-41.121850985,209.308000000,19.645086536
-41.126184255,209.375000000,19.637174204
-41.130529669,209.442000000,19.629265847
-41.134886683,209.509000000,19.621361554
-41.139254748,209.576000000,19.613461411
-41.143633319,209.643000000,19.605565509
-41.148021850,209.710000000,19.597673936
-41.152419794,209.777000000,19.589786779
-41.156826604,209.844000000,19.581904128
-41.161241735,209.911000000,19.574026071
-41.165664640,209.978000000,19.566152696
-41.170094772,210.045000000,19.558284093
-41.174531585,210.112000000,19.550420348
-41.178974533,210.179000000,19.542561552
-41.183423069,210.246000000,19.534707792
-41.187876648,210.313000000,19.526859157
-41.192334722,210.380000000,19.519015735
-41.196796745,210.447000000,19.511177615
-41.201262170,210.514000000,19.503344885
-41.205730453,210.581000000,19.495517634
-41.210201045,210.648000000,19.487695950
-41.214673401,210.715000000,19.479879922
-41.219146974,210.782000000,19.472069638
-41.223621218,210.849000000,19.464265186
-41.228095586,210.916000000,19.456466656
-41.232569532,210.983000000,19.448674135
-41.237042511,211.050000000,19.440887713
-41.241513974,211.117000000,19.433107477
-41.245983376,211.184000000,19.425333516
-41.250450171,211.251000000,19.417565918
-41.254913812,211.318000000,19.409804772
-41.259373753,211.385000000,19.402050167
-41.263829447,211.452000000,19.394302191
-41.268280348,211.519000000,19.386560932
-41.272725909,211.586000000,19.378826479
-41.277165585,211.653000000,19.371098921
-41.281598828,211.720000000,19.363378345
-41.286025093,211.787000000,19.355664841
-41.290443833,211.854000000,19.347958496
-41.294854501,211.921000000,19.340259399
-41.299256552,211.988000000,19.332567640
-41.303649439,212.055000000,19.324883305
-41.308032615,212.122000000,19.317206484
-41.312405534,212.189000000,19.309537266
-41.316767650,212.256000000,19.301875738
-41.321118416,212.323000000,19.294221989
-41.325457285,212.390000000,19.286576107
-41.329783713,212.457000000,19.278938182
-41.334097152,212.524000000,19.271308301
-41.338397055,212.591000000,19.263686554
-41.342682876,212.658000000,19.256073027
-41.346954070,212.725000000,19.248467811
-41.351210089,212.792000000,19.240870993
-41.355450388,212.859000000,19.233282662
-41.359674419,212.926000000,19.225702906
-41.363881636,212.993000000,19.218131815
-41.368071494,213.060000000,19.210569475
-41.372243445,213.127000000,19.203015977
-41.376396943,213.194000000,19.195471407
-41.380531443,213.261000000,19.187935856
-41.384646396,213.328000000,19.180409411
-41.388741258,213.395000000,19.172892160
-41.392815482,213.462000000,19.165384193
-41.396868520,213.529000000,19.157885597
-41.400899828,213.596000000,19.150396461
-41.404908858,213.663000000,19.142916875
-41.408895064,213.730000000,19.135446925
-41.412857900,213.797000000,19.127986700
-41.416796820,213.864000000,19.120536290
-41.420711276,213.931000000,19.113095782
-41.424600723,213.998000000,19.105665266
-41.428464614,214.065000000,19.098244828
-41.432302403,214.132000000,19.090834559
-41.436113543,214.199000000,19.083434546
-41.439897488,214.266000000,19.076044878
-41.443653692,214.333000000,19.068665644
-41.447381608,214.400000000,19.061296931
-41.451080690,214.467000000,19.053938828
-41.454750392,214.534000000,19.046591425
-41.458390166,214.601000000,19.039254808
-41.461999467,214.668000000,19.031929068
-41.465577749,214.735000000,19.024614291
-41.469124464,214.802000000,19.017310568
-41.472639067,214.869000000,19.010017985
-41.476121011,214.936000000,19.002736632
-41.479569750,215.003000000,18.995466598
-41.482984737,215.070000000,18.988207970
-41.486365426,215.137000000,18.980960837
-41.489711270,215.204000000,18.973725287
-41.493021724,215.271000000,18.966501410
-41.496296241,215.338000000,18.959289293
-41.499534274,215.405000000,18.952089025
-41.502735277,215.472000000,18.944900694
-41.505898703,215.539000000,18.937724390
-41.509024007,215.606000000,18.930560200
-41.512110642,215.673000000,18.923408212
-41.515158061,215.740000000,18.916268516
-41.518165718,215.807000000,18.909141200
-41.521133067,215.874000000,18.902026353
-41.524059561,215.941000000,18.894924062
-41.526944655,216.008000000,18.887834416
-41.529787800,216.075000000,18.880757504
-41.532588452,216.142000000,18.873693414
-41.535346063,216.209000000,18.866642235
-41.538060088,216.276000000,18.859604055
-41.540729980,216.343000000,18.852578963
-41.543355192,216.410000000,18.845567047
-41.545935179,216.477000000,18.838568395
-41.548469393,216.544000000,18.831583097
-41.550957289,216.611000000,18.824611240
-41.553398320,216.678000000,18.817652913
-41.555791939,216.745000000,18.810708205
-41.558137601,216.812000000,18.803777203
-41.560434758,216.879000000,18.796859997
-41.562682865,216.946000000,18.789956675
-41.564881375,217.013000000,18.783067326
-41.567029742,217.080000000,18.776192037
-41.569127419,217.147000000,18.769330898
-41.571173860,217.214000000,18.762483996
-41.573168518,217.281000000,18.755651421
-41.575110848,217.348000000,18.748833260
-41.577000302,217.415000000,18.742029603
-41.578836335,217.482000000,18.735240537
-41.580618399,217.549000000,18.728466152
-41.582345949,217.616000000,18.721706535
-41.584018439,217.683000000,18.714961776
-41.585635321,217.750000000,18.708231962
-41.587196049,217.817000000,18.701517182
-41.588700078,217.884000000,18.694817525
-41.590146860,217.951000000,18.688133079
-41.591535849,218.018000000,18.681463932
-41.592866500,218.085000000,18.674810174
-41.594138264,218.152000000,18.668171892
-41.595350597,218.219000000,18.661549175
-41.596502952,218.286000000,18.654942111
-41.597594781,218.353000000,18.648350789
-41.598625540,218.420000000,18.641775298
-41.599594681,218.487000000,18.635215725
-41.600501659,218.554000000,18.628672160
-41.601345926,218.621000000,18.622144690
-41.602126936,218.688000000,18.615633405
-41.602844144,218.755000000,18.609138393
-41.603497002,218.822000000,18.602659742
-41.604084964,218.889000000,18.596197541
-41.604607484,218.956000000,18.589751877
-41.605064015,219.023000000,18.583322841
-41.605454011,219.090000000,18.576910519
-41.605776926,219.157000000,18.570515002
-41.606032214,219.224000000,18.564136376
-41.606219327,219.291000000,18.557774731
-41.606337719,219.358000000,18.551430155
-41.606386845,219.425000000,18.545102736
-41.606366157,219.492000000,18.538792564
-41.606275110,219.559000000,18.532499726
-41.606113156,219.626000000,18.526224311
-41.605879750,219.693000000,18.519966407
-41.605574346,219.760000000,18.513726103
-41.605196411,219.827000000,18.507503493
-41.604745477,219.894000000,18.501298693
-41.604221090,219.961000000,18.495111825
-41.603622796,220.028000000,18.488943010
-41.602950141,220.095000000,18.482792370
-41.602202672,220.162000000,18.476660027
-41.601379933,220.229000000,18.470546102
-41.600481473,220.296000000,18.464450717
-41.599506835,220.363000000,18.458373994
-41.598455567,220.430000000,18.452316053
-41.597327215,220.497000000,18.446277018
-41.596121324,220.564000000,18.440257009
-41.594837441,220.631000000,18.434256148
-41.593475113,220.698000000,18.428274557
-41.592033884,220.765000000,18.422312357
-41.590513301,220.832000000,18.416369671
-41.588912911,220.899000000,18.410446619
-41.587232258,220.966000000,18.404543324
-41.585470890,221.033000000,18.398659906
-41.583628353,221.100000000,18.392796489
-41.581704192,221.167000000,18.386953193
-41.579697954,221.234000000,18.381130139
-41.577609184,221.301000000,18.375327451
-41.575437429,221.368000000,18.369545248
-41.573182235,221.435000000,18.363783654
-41.570843149,221.502000000,18.358042789
-41.568419715,221.569000000,18.352322775
-41.565911480,221.636000000,18.346623735
-41.563317991,221.703000000,18.340945788
-41.560638793,221.770000000,18.335289058
-41.557873432,221.837000000,18.329653666
-41.555021455,221.904000000,18.324039733
-41.552082408,221.971000000,18.318447382
-41.549055836,222.038000000,18.312876733
-41.545941286,222.105000000,18.307327909
-41.542738304,222.172000000,18.301801030
-41.539446436,222.239000000,18.296296219
-41.536065229,222.306000000,18.290813598
-41.532594227,222.373000000,18.285353288
-41.529032977,222.440000000,18.279915410
-41.525381026,222.507000000,18.274500087
-41.521637919,222.574000000,18.269107439
-41.517803203,222.641000000,18.263737590
-41.513876424,222.708000000,18.258390659
-41.509857127,222.775000000,18.253066769
-41.505744859,222.842000000,18.247766042
-41.501539165,222.909000000,18.242488599
-41.497239593,222.976000000,18.237234562
-41.492845688,223.043000000,18.232004053
-41.488356996,223.110000000,18.226797192
-41.483773063,223.177000000,18.221614102
-41.479093436,223.244000000,18.216454905
-41.474317660,223.311000000,18.211319722
-41.469445281,223.378000000,18.206208675
-41.464475846,223.445000000,18.201121885
-41.459408901,223.512000000,18.196059473
-41.454243992,223.579000000,18.191021563
-41.448980664,223.646000000,18.186008275
-41.443618465,223.713000000,18.181019731
-41.438156939,223.780000000,18.176056053
-41.432595634,223.847000000,18.171117361
-41.426934095,223.914000000,18.166203779
-41.421171868,223.981000000,18.161315427
-41.415308499,224.048000000,18.156452428
-41.409343536,224.115000000,18.151614902
-41.403276522,224.182000000,18.146802972
-41.397107006,224.249000000,18.142016759
-41.390834532,224.316000000,18.137256385
-41.384458647,224.383000000,18.132521971
-41.377978897,224.450000000,18.127813640
-41.371394828,224.517000000,18.123131512
-41.364705986,224.584000000,18.118475709
-41.357911917,224.651000000,18.113846354
-41.351012168,224.718000000,18.109243567
-41.344006284,224.785000000,18.104667471
-41.336893812,224.852000000,18.100118187
-41.329674297,224.919000000,18.095595836
-41.322347286,224.986000000,18.091100540
-41.314912325,225.053000000,18.086632422
-41.307368959,225.120000000,18.082191602
-41.299716735,225.187000000,18.077778202
-41.291955200,225.254000000,18.073392344
-41.284083899,225.321000000,18.069034150
-41.276102377,225.388000000,18.064703741
-41.268010182,225.455000000,18.060401239
-41.259806860,225.522000000,18.056126765
-41.251491956,225.589000000,18.051880441
-41.243065017,225.656000000,18.047662389
-41.234525588,225.723000000,18.043472731
-41.225873216,225.790000000,18.039311587
-41.217107447,225.857000000,18.035179080
-41.208227826,225.924000000,18.031075332
-41.199233901,225.991000000,18.027000464
-41.190125217,226.058000000,18.022954597
-41.180901320,226.125000000,18.018937854
-41.171561757,226.192000000,18.014950355
-41.162106073,226.259000000,18.010992223
-41.152533814,226.326000000,18.007063580
-41.142844527,226.393000000,18.003164546
-41.133037757,226.460000000,17.999295244
-41.123113052,226.527000000,17.995455795
-41.113069956,226.594000000,17.991646321
-41.102908016,226.661000000,17.987866943
-41.092626778,226.728000000,17.984117784
-41.082225788,226.795000000,17.980398964
-41.071704592,226.862000000,17.976710606
-41.061062737,226.929000000,17.973052830
-41.050299768,226.996000000,17.969425760
-41.039415231,227.063000000,17.965829516
-41.028408673,227.130000000,17.962264220
-41.017279640,227.197000000,17.958729994
-41.006027677,227.264000000,17.955226958
-40.994652332,227.331000000,17.951755236
-40.983153149,227.398000000,17.948314949
-40.971529675,227.465000000,17.944906218
-40.959781456,227.532000000,17.941529165
-40.947908039,227.599000000,17.938183911
-40.935908968,227.666000000,17.934870578
-40.923783792,227.733000000,17.931589289
-40.911532054,227.800000000,17.928340164
-40.899153302,227.867000000,17.925123325
-40.886647082,227.934000000,17.921938894
-40.874012939,228.001000000,17.918786992
-40.861250421,228.068000000,17.915667741
-40.848359072,228.135000000,17.912581264
-40.835338439,228.202000000,17.909527680
-40.822188068,228.269000000,17.906507113
-40.808907506,228.336000000,17.903519683
-40.795496298,228.403000000,17.900565513
-40.781953990,228.470000000,17.897644723
-40.768280128,228.537000000,17.894757437
-40.754474259,228.604000000,17.891903774
-40.740535929,228.671000000,17.889083858
-40.726464683,228.738000000,17.886297809
-40.712260069,228.805000000,17.883545749
-40.697921631,228.872000000,17.880827801
-40.683448916,228.939000000,17.878144084
-40.668841470,229.006000000,17.875494722
-40.654098840,229.073000000,17.872879836
-40.639220570,229.140000000,17.870299547
-40.624206208,229.207000000,17.867753978
-40.609055300,229.274000000,17.865243249
-40.593767391,229.341000000,17.862767483
-40.578342027,229.408000000,17.860326800
-40.562778755,229.475000000,17.857921323
-40.547077121,229.542000000,17.855551174
-40.531236671,229.609000000,17.853216474
-40.515256951,229.676000000,17.850917344
-40.499137507,229.743000000,17.848653907
-40.482877885,229.810000000,17.846426284
-40.466477632,229.877000000,17.844234596
-40.449936293,229.944000000,17.842078965
-40.433253414,230.011000000,17.839959514
-40.416428542,230.078000000,17.837876363
-40.399461222,230.145000000,17.835829634
-40.382351001,230.212000000,17.833819449
-40.365097425,230.279000000,17.831845930
-40.347700039,230.346000000,17.829909197
-40.330158391,230.413000000,17.828009374
-40.312472026,230.480000000,17.826146581
-40.294640490,230.547000000,17.824320939
-40.276663329,230.614000000,17.822532572
-40.258540089,230.681000000,17.820781600
-40.240270317,230.748000000,17.819068145
-40.221853558,230.815000000,17.817392329
-40.203289359,230.882000000,17.815754273
-40.184577266,230.949000000,17.814154099
-40.165716824,231.016000000,17.812591929
-40.146707581,231.083000000,17.811067884
-40.127549081,231.150000000,17.809582086
-40.108240871,231.217000000,17.808134657
-40.088782498,231.284000000,17.806725717
-40.069173506,231.351000000,17.805355390
-40.049413443,231.418000000,17.804023796
-40.029501855,231.485000000,17.802731057
-40.009438287,231.552000000,17.801477295
-39.989222285,231.619000000,17.800262632
-39.968853396,231.686000000,17.799087188
-39.948331166,231.753000000,17.797951087
-39.927655141,231.820000000,17.796854449
-39.906824867,231.887000000,17.795797395
-39.885839890,231.954000000,17.794780049
-39.864699756,232.021000000,17.793802531
-39.843404011,232.088000000,17.792864963
-39.821952201,232.155000000,17.791967466
-39.800343873,232.222000000,17.791110163
-39.778578573,232.289000000,17.790293175
-39.756655845,232.356000000,17.789516623
-39.734575238,232.423000000,17.788780630
-39.712336296,232.490000000,17.788085316
-39.689938567,232.557000000,17.787430804
-39.667381595,232.624000000,17.786817216
-39.644664927,232.691000000,17.786244672
-39.621788109,232.758000000,17.785713294
-39.598750688,232.825000000,17.785223205
-39.575552209,232.892000000,17.784774525
-39.552192218,232.959000000,17.784367377
-39.528670262,233.026000000,17.784001882
-39.504985886,233.093000000,17.783678161
-39.481138637,233.160000000,17.783396337
-39.457128061,233.227000000,17.783156531
-39.432953703,233.294000000,17.782958865
-39.408615111,233.361000000,17.782803460
-39.384111829,233.428000000,17.782690438
-39.359443405,233.495000000,17.782619921
-39.334609384,233.562000000,17.782592029
-39.309609312,233.629000000,17.782606886
-39.284442735,233.696000000,17.782664612
-39.259109200,233.763000000,17.782765330
-39.233608253,233.830000000,17.782909160
-39.207939439,233.897000000,17.783096225
-39.182102305,233.964000000,17.783326646
-39.156096396,234.031000000,17.783600545
-39.129921260,234.098000000,17.783918043
-39.103576442,234.165000000,17.784279262
-39.077061487,234.232000000,17.784684324
-39.050375943,234.299000000,17.785133350
-39.023519356,234.366000000,17.785626463
-38.996491270,234.433000000,17.786163783
-38.969291233,234.500000000,17.786745433
-38.941918791,234.567000000,17.787371533
-38.914373489,234.634000000,17.788042206
-38.886654874,234.701000000,17.788757573
-38.858762492,234.768000000,17.789517757
-38.830695889,234.835000000,17.790322877
-38.802454611,234.902000000,17.791173058
-38.774038204,234.969000000,17.792068418
-38.745446214,235.036000000,17.793009082
-38.716678187,235.103000000,17.793995169
-38.687733670,235.170000000,17.795026803
-38.658612208,235.237000000,17.796104104
-38.629313347,235.304000000,17.797227194
-38.599836635,235.371000000,17.798396195
-38.570181616,235.438000000,17.799611228
-38.540347836,235.505000000,17.800872415
-38.510334843,235.572000000,17.802179878
-38.480142182,235.639000000,17.803533738
-38.449769399,235.706000000,17.804934117
-38.419216040,235.773000000,17.806381137
-38.388481651,235.840000000,17.807874920
-38.357566230,235.907000000,17.809415477
-38.326471582,235.974000000,17.811002388
-38.295199963,236.041000000,17.812635122
-38.263753629,236.108000000,17.814313149
-38.232134837,236.175000000,17.816035938
-38.200345842,236.242000000,17.817802959
-38.168388901,236.309000000,17.819613681
-38.136266271,236.376000000,17.821467574
-38.103980207,236.443000000,17.823364108
-38.071532966,236.510000000,17.825302752
-38.038926804,236.577000000,17.827282976
-38.006163977,236.644000000,17.829304248
-37.973246742,236.711000000,17.831366040
-37.940177356,236.778000000,17.833467820
-37.906958073,236.845000000,17.835609059
-37.873591151,236.912000000,17.837789224
-37.840078845,236.979000000,17.840007787
-37.806423413,237.046000000,17.842264217
-37.772627110,237.113000000,17.844557983
-37.738692193,237.180000000,17.846888555
-37.704620918,237.247000000,17.849255403
-37.670415540,237.314000000,17.851657995
-37.636078318,237.381000000,17.854095802
-37.601611506,237.448000000,17.856568294
-37.567017361,237.515000000,17.859074939
-37.532298139,237.582000000,17.861615207
-37.497456097,237.649000000,17.864188568
-37.462493490,237.716000000,17.866794492
-37.427412576,237.783000000,17.869432448
-37.392215610,237.850000000,17.872101906
-37.356904849,237.917000000,17.874802335
-37.321482549,237.984000000,17.877533205
-37.285950966,238.051000000,17.880293985
-37.250312356,238.118000000,17.883084145
-37.214568977,238.185000000,17.885903154
-37.178723083,238.252000000,17.888750483
-37.142776932,238.319000000,17.891625601
-37.106732779,238.386000000,17.894527976
-37.070592881,238.453000000,17.897457080
-37.034359495,238.520000000,17.900412381
-36.998034875,238.587000000,17.903393349
-36.961621280,238.654000000,17.906399453
-36.925120964,238.721000000,17.909430164
-36.888536185,238.788000000,17.912484951
-36.851869199,238.855000000,17.915563282
-36.815122261,238.922000000,17.918664629
-36.778297628,238.989000000,17.921788460
-36.741397557,239.056000000,17.924934245
-36.704424303,239.123000000,17.928101454
-36.667380123,239.190000000,17.931289556
-36.630267274,239.257000000,17.934498021
-36.593088011,239.324000000,17.937726318
-36.555844591,239.391000000,17.940973917
-36.518539270,239.458000000,17.944240288
-36.481174304,239.525000000,17.947524899
-36.443751949,239.592000000,17.950827222
-36.406274463,239.659000000,17.954146724
-36.368744101,239.726000000,17.957482877
-36.331163119,239.793000000,17.960835148
-36.293533774,239.860000000,17.964203009
-36.255858322,239.927000000,17.967585928
-36.218139019,239.994000000,17.970983375
-36.180378122,240.061000000,17.974394820
-36.142577886,240.128000000,17.977819733
-36.104740569,240.195000000,17.981257582
-36.066868426,240.262000000,17.984707837
-36.028963714,240.329000000,17.988169969
-35.991028688,240.396000000,17.991643446
-35.953065606,240.463000000,17.995127738
-35.915076723,240.530000000,17.998622315
-35.877064297,240.597000000,18.002126646
-35.839030582,240.664000000,18.005640202
-35.800977835,240.731000000,18.009162450
-35.762908313,240.798000000,18.012692862
-35.724824272,240.865000000,18.016230906
-35.686727968,240.932000000,18.019776053
-35.648621657,240.999000000,18.023327771
-35.610507597,241.066000000,18.026885530
-35.572388042,241.133000000,18.030448801
-35.534265249,241.200000000,18.034017052
-35.496141257,241.267000000,18.037589757
-35.458017233,241.334000000,18.041166407
-35.419894125,241.401000000,18.044746496
-35.381772882,241.468000000,18.048329520
-35.343654453,241.535000000,18.051914973
-35.305539788,241.602000000,18.055502349
-35.267429834,241.669000000,18.059091144
-35.229325542,241.736000000,18.062680853
-35.191227859,241.803000000,18.066270969
-35.153137735,241.870000000,18.069860987
-35.115056119,241.937000000,18.073450403
-35.076983960,242.004000000,18.077038712
-35.038922206,242.071000000,18.080625407
-35.000871807,242.138000000,18.084209983
-34.962833711,242.205000000,18.087791936
-34.924808867,242.272000000,18.091370760
-34.886798225,242.339000000,18.094945950
-34.848802733,242.406000000,18.098517000
-34.810823339,242.473000000,18.102083405
-34.772860994,242.540000000,18.105644661
-34.734916646,242.607000000,18.109200261
-34.696991244,242.674000000,18.112749700
-34.659085736,242.741000000,18.116292474
-34.621201072,242.808000000,18.119828076
-34.583338201,242.875000000,18.123356002
-34.545498071,242.942000000,18.126875747
-34.507681632,243.009000000,18.130386804
-34.469889832,243.076000000,18.133888669
-34.432123620,243.143000000,18.137380837
-34.394383945,243.210000000,18.140862802
-34.356671757,243.277000000,18.144334059
-34.318988003,243.344000000,18.147794103
-34.281333634,243.411000000,18.151242428
-34.243709597,243.478000000,18.154678530
-34.206116843,243.545000000,18.158101902
-34.168556319,243.612000000,18.161512040
-34.131028974,243.679000000,18.164908438
-34.093535758,243.746000000,18.168290592
-34.056077620,243.813000000,18.171657995
-34.018655508,243.880000000,18.175010143
-33.981270371,243.947000000,18.178346530
-33.943923158,244.014000000,18.181666651
-33.906614819,244.081000000,18.184970001
-33.869346302,244.148000000,18.188256075
-33.832118555,244.215000000,18.191524366
-33.794932529,244.282000000,18.194774371
-33.757789171,244.349000000,18.198005583
-33.720689431,244.416000000,18.201217498
-33.683634258,244.483000000,18.204409610
-33.646624601,244.550000000,18.207581414
-33.609661407,244.617000000,18.210732404
-33.572745628,244.684000000,18.213862076
-33.535878210,244.751000000,18.216969923
-33.499060104,244.818000000,18.220055442
-33.462292258,244.885000000,18.223118126
-33.425575621,244.952000000,18.226157470
-33.388911142,245.019000000,18.229172970
-33.352299771,245.086000000,18.232164119
-33.315742455,245.153000000,18.235130412
-33.279240143,245.220000000,18.238071345
-33.242793786,245.287000000,18.240986411
-33.206404331,245.354000000,18.243875107
-33.170072727,245.421000000,18.246736925
-33.133799924,245.488000000,18.249571362
-33.097586871,245.555000000,18.252377912
-33.061434515,245.622000000,18.255156069
-33.025343807,245.689000000,18.257905328
-32.989315695,245.756000000,18.260625185
-32.953351128,245.823000000,18.263315133
-32.917451055,245.890000000,18.265974668
-32.881616425,245.957000000,18.268603283
-32.845848187,246.024000000,18.271200475
-32.810147289,246.091000000,18.273765738
-32.774514681,246.158000000,18.276298566
-32.738951312,246.225000000,18.278798454
-32.703458130,246.292000000,18.281264897
-32.668036084,246.359000000,18.283697390
-32.632686124,246.426000000,18.286095427
-32.597409198,246.493000000,18.288458503
-32.562206255,246.560000000,18.290786112
-32.527078245,246.627000000,18.293077751
-32.492026115,246.694000000,18.295332912
-32.457050815,246.761000000,18.297551092
-32.422153294,246.828000000,18.299731784
-32.387334501,246.895000000,18.301874484
-32.352595384,246.962000000,18.303978686
-32.317936893,247.029000000,18.306043885
-32.283359977,247.096000000,18.308069575
-32.248865584,247.163000000,18.310055252
-32.214454663,247.230000000,18.312000410
-32.180128164,247.297000000,18.313904544
-32.145887035,247.364000000,18.315767149
-32.111732224,247.431000000,18.317587718
-32.077664682,247.498000000,18.319365748
-32.043685357,247.565000000,18.321100733
-32.009795198,247.632000000,18.322792167
-31.975995153,247.699000000,18.324439545
-31.942286173,247.766000000,18.326042362
-31.908669205,247.833000000,18.327600113
-31.875145198,247.900000000,18.329112292
-31.841715102,247.967000000,18.330578394
-31.808379865,248.034000000,18.331997915
-31.775140437,248.101000000,18.333370348
-31.741997765,248.168000000,18.334695188
-31.708952800,248.235000000,18.335971930
-31.676006490,248.302000000,18.337200069
-31.643159784,248.369000000,18.338379100
-31.610413631,248.436000000,18.339508517
-31.577768980,248.503000000,18.340587815
-31.545226779,248.570000000,18.341616488
-31.512787978,248.637000000,18.342594032
-31.480453526,248.704000000,18.343519942
-31.448224371,248.771000000,18.344393711
-31.416101462,248.838000000,18.345214835
-31.384085749,248.905000000,18.345982808
-31.352178180,248.972000000,18.346697125
-31.320379704,249.039000000,18.347357281
-31.288691271,249.106000000,18.347962771
-31.257113828,249.173000000,18.348513089
-31.225648325,249.240000000,18.349007730
-31.194295712,249.307000000,18.349446189
-31.163056935,249.374000000,18.349827960
-31.131932946,249.441000000,18.350152538
-31.100924692,249.508000000,18.350419419
-31.070033123,249.575000000,18.350628096
-31.039259187,249.642000000,18.350778064
-31.008603834,249.709000000,18.350868819
-30.978068011,249.776000000,18.350899855
-30.947652670,249.843000000,18.350870666
-30.917358757,249.910000000,18.350780747
-30.887187222,249.977000000,18.350629594
-30.857139014,250.044000000,18.350416700
-30.827215082,250.111000000,18.350141561
-30.797416375,250.178000000,18.349803671
-30.767743841,250.245000000,18.349402526
-30.738198430,250.312000000,18.348937619
-30.708781091,250.379000000,18.348408445
-30.679492772,250.446000000,18.347814499
-30.650334423,250.513000000,18.347155277
-30.621306992,250.580000000,18.346430272
-30.592411428,250.647000000,18.345638979
-30.563648680,250.714000000,18.344780894
-30.535019698,250.781000000,18.343855510
-30.506525429,250.848000000,18.342862323
-30.478166823,250.915000000,18.341800828
-30.449944829,250.982000000,18.340670518
-30.421860396,251.049000000,18.339470889
-30.393914473,251.116000000,18.338201436
-30.366108008,251.183000000,18.336861652
-30.338441950,251.250000000,18.335451034
-30.310917249,251.317000000,18.333969075
-30.283534854,251.384000000,18.332415271
-30.256295712,251.451000000,18.330789116
-30.229200774,251.518000000,18.329090105
-30.202250988,251.585000000,18.327317733
-30.175447303,251.652000000,18.325471493
-30.148790668,251.719000000,18.323550882
-30.122282032,251.786000000,18.321555394
-30.095922343,251.853000000,18.319484523
-30.069712551,251.920000000,18.317337765
-30.043653605,251.987000000,18.315114613
-30.017746454,252.054000000,18.312814563
-29.991992045,252.121000000,18.310437110
-29.966391330,252.188000000,18.307981748
-29.940945255,252.255000000,18.305447971
-29.915654771,252.322000000,18.302835276
-29.890520826,252.389000000,18.300143156
-29.865544369,252.456000000,18.297371105
-29.840726349,252.523000000,18.294518620
-29.816067714,252.590000000,18.291585194
-29.791569415,252.657000000,18.288570323
-29.767232399,252.724000000,18.285473501
-29.743057616,252.791000000,18.282294222
-29.719046015,252.858000000,18.279031982
-29.695198544,252.925000000,18.275686275
-29.671516152,252.992000000,18.272256596
-29.647999789,253.059000000,18.268742440
-29.624650403,253.126000000,18.265143301
-29.601468943,253.193000000,18.261458674
-29.578456358,253.260000000,18.257688054
-29.555613598,253.327000000,18.253830936
-29.532941610,253.394000000,18.249886814
-29.510441344,253.461000000,18.245855183
-29.488113749,253.528000000,18.241735538
-29.465959773,253.595000000,18.237527374
-29.443980366,253.662000000,18.233230184
-29.422176477,253.729000000,18.228843465
-29.400549054,253.796000000,18.224366710
-29.379099046,253.863000000,18.219799415
-29.357827403,253.930000000,18.215141075
-29.336735073,253.997000000,18.210391183
-29.315823005,254.064000000,18.205549234
-29.295092148,254.131000000,18.200614724
-29.274543450,254.198000000,18.195587147
-29.254177862,254.265000000,18.190465998
-29.233996332,254.332000000,18.185250772
-29.213999808,254.399000000,18.179940963
-29.194189240,254.466000000,18.174536066
-29.174565577,254.533000000,18.169035575
-29.155129767,254.600000000,18.163438986
-29.135882759,254.667000000,18.157745794
-29.116825503,254.734000000,18.151955492
-29.097958947,254.801000000,18.146067576
-29.079284040,254.868000000,18.140081541
-29.060801731,254.935000000,18.133996880
-29.042512969,255.002000000,18.127813090
-29.024418703,255.069000000,18.121529664
-29.006519882,255.136000000,18.115146097
-28.988817454,255.203000000,18.108661884
-28.971312370,255.270000000,18.102076521
-28.954005576,255.337000000,18.095389500
-28.936898024,255.404000000,18.088600319
-28.919990660,255.471000000,18.081708470
-28.903284436,255.538000000,18.074713448
-28.886780298,255.605000000,18.067614750
-28.870479196,255.672000000,18.060411868
-28.854382080,255.739000000,18.053104298
-28.838489898,255.806000000,18.045691535
-28.822803598,255.873000000,18.038173074
-28.807324131,255.940000000,18.030548408
-28.792052444,256.007000000,18.022809302
-28.776989487,256.074000000,18.014917353
-28.762136208,256.141000000,18.006828501
-28.747493557,256.208000000,17.998500914
-28.733062483,256.275000000,17.989894961
-28.718843934,256.342000000,17.980973167
-28.704838859,256.409000000,17.971700190
-28.691048207,256.476000000,17.962042776
-28.677472928,256.543000000,17.951969733
-28.664113969,256.610000000,17.941451888
-28.650972281,256.677000000,17.930462058
-28.638048811,256.744000000,17.918975012
-28.625344509,256.811000000,17.906967436
-28.612860324,256.878000000,17.894417897
-28.600597205,256.945000000,17.881306806
-28.588556100,257.012000000,17.867616388
-28.576737959,257.079000000,17.853330639
-28.565143730,257.146000000,17.838435291
-28.553774362,257.213000000,17.822917783
-28.542630805,257.280000000,17.806767215
-28.531707517,257.347000000,17.789974619
-28.520972998,257.414000000,17.772533820
-28.510389260,257.481000000,17.754440483
-28.499918311,257.548000000,17.735691775
-28.489522164,257.615000000,17.716286322
-28.479162828,257.682000000,17.696224167
-28.468802313,257.749000000,17.675506737
-28.458402630,257.816000000,17.654136794
-28.447925790,257.883000000,17.632118400
-28.437333802,257.950000000,17.609456874
-28.426588677,258.017000000,17.586158754
-28.415652426,258.084000000,17.562231751
-28.404487059,258.151000000,17.537684714
-28.393054586,258.218000000,17.512527586
-28.381317018,258.285000000,17.486771366
-28.369236365,258.352000000,17.460428065
-28.356774637,258.419000000,17.433510667
-28.343893845,258.486000000,17.406033089
-28.330556000,258.553000000,17.378010143
-28.316723111,258.620000000,17.349457490
-28.302357189,258.687000000,17.320391605
-28.287420245,258.754000000,17.290829736
-28.271874288,258.821000000,17.260789864
-28.255681330,258.888000000,17.230290662
-28.238803381,258.955000000,17.199351462
-28.221202450,259.022000000,17.167992207
-28.202840549,259.089000000,17.136233419
-28.183679688,259.156000000,17.104096162
-28.163681877,259.223000000,17.071601996
-28.142809127,259.290000000,17.038772948
-28.121023448,259.357000000,17.005631471
-28.098286850,259.424000000,16.972200406
-28.074561344,259.491000000,16.938502949
-28.049808940,259.558000000,16.904562611
-28.023991649,259.625000000,16.870403186
-27.997071481,259.692000000,16.836048711
-27.969010446,259.759000000,16.801523439
-27.939770555,259.826000000,16.766851795
-27.909313818,259.893000000,16.732058350
-27.877602246,259.960000000,16.697167785
-27.844597849,260.027000000,16.662204856
-27.810262637,260.094000000,16.627194366
-27.774558621,260.161000000,16.592161129
-27.737447811,260.228000000,16.557129942
-27.698892218,260.295000000,16.522125552
-27.658853852,260.362000000,16.487172628
-27.617294723,260.429000000,16.452295731
-27.574176841,260.496000000,16.417519281
-27.529462218,260.563000000,16.382867537
-27.483112864,260.630000000,16.348364563
-27.435090788,260.697000000,16.314034200
-27.385358002,260.764000000,16.279900047
-27.333876515,260.831000000,16.245985426
-27.280608339,260.898000000,16.212313364
-27.225515483,260.965000000,16.178906565
-27.168559958,261.032000000,16.145787388
-27.109703775,261.099000000,16.112977822
-27.048908943,261.166000000,16.080499466
-26.986137473,261.233000000,16.048373505
-26.921351375,261.300000000,16.016620692
-26.854512661,261.367000000,15.985261324
-26.785583340,261.434000000,15.954315226
-26.714525423,261.501000000,15.923801731
-26.641300919,261.568000000,15.893739660
-26.565871840,261.635000000,15.864147309
-26.488200196,261.702000000,15.835042427
-26.408247998,261.769000000,15.806442206
-26.325977255,261.836000000,15.778363263
-26.241349978,261.903000000,15.750821623
-26.154328177,261.970000000,15.723832713
-26.064873863,262.037000000,15.697411341
-25.972949047,262.104000000,15.671571690
-25.878515738,262.171000000,15.646327306
-25.781535947,262.238000000,15.621691083
-25.681971685,262.305000000,15.597675260
-25.579784962,262.372000000,15.574291408
-25.474937787,262.439000000,15.551550424
-25.367392173,262.506000000,15.529462523
-25.257110128,262.573000000,15.508037230
-25.144053664,262.640000000,15.487283379
-25.028184791,262.707000000,15.467209104
-24.909465518,262.774000000,15.447821836
-24.787857858,262.841000000,15.429128302
-24.663323819,262.908000000,15.411134519
-24.535825413,262.975000000,15.393845795
-24.405324650,263.042000000,15.377266730
-24.271783539,263.109000000,15.361401209
-24.135164093,263.176000000,15.346252412
-23.995428320,263.243000000,15.331822808
-23.852538232,263.310000000,15.318114163
-23.706455838,263.377000000,15.305127540
-23.557143150,263.444000000,15.292863302
-23.404562177,263.511000000,15.281321121
-23.248674930,263.578000000,15.270499980
-23.089443420,263.645000000,15.260398181
-22.926829656,263.712000000,15.251013350
-22.760795650,263.779000000,15.242342449
-22.591303410,263.846000000,15.234381781
-22.418314949,263.913000000,15.227127001
-22.241792276,263.980000000,15.220573124
-22.061697402,264.047000000,15.214714539
-21.877992337,264.114000000,15.209545021
-21.690639092,264.181000000,15.205057738
-21.499599676,264.248000000,15.201245271
-21.304836101,264.315000000,15.198099624
-21.106310377,264.382000000,15.195612239
-20.903984513,264.449000000,15.193774011
-20.697820521,264.516000000,15.192575305
-20.487780411,264.583000000,15.192005973
-20.273826193,264.650000000,15.192055369
-20.055919878,264.717000000,15.192712372
-19.834023476,264.784000000,15.193965396
-19.608098998,264.851000000,15.195802420
-19.378108453,264.918000000,15.198210999
-19.144013853,264.985000000,15.201178290
-18.905777207,265.052000000,15.204691071
-18.663360526,265.119000000,15.208735765
-18.416725821,265.186000000,15.213298459
-18.165835101,265.253000000,15.218364929
-17.910650378,265.320000000,15.223920665
-17.651133662,265.387000000,15.229950894
-17.387246962,265.454000000,15.236440603
-17.118952290,265.521000000,15.243374567
-16.846211656,265.588000000,15.250737374
-16.568987070,265.655000000,15.258513452
-16.287240542,265.722000000,15.266687093
-16.000934084,265.789000000,15.275242485
-15.710029705,265.856000000,15.284163734
-15.414489416,265.923000000,15.293434898
-15.114275227,265.990000000,15.303040013
-14.809349148,266.057000000,15.312963123
-14.499673191,266.124000000,15.323188307
-14.185209365,266.191000000,15.333699712
-13.865919680,266.258000000,15.344481583
-13.541766148,266.325000000,15.355518293
-13.212710779,266.392000000,15.366794374
-12.878715582,266.459000000,15.378294546
-12.539742569,266.526000000,15.390003755
-12.195753749,266.593000000,15.401907200
-11.846711134,266.660000000,15.413990365
-11.492625497,266.727000000,15.426239046
-11.133702663,266.794000000,15.438639369
-10.770197222,266.861000000,15.451177856
-10.402363764,266.928000000,15.463841468
-10.030456877,266.995000000,15.476617630
-9.654731151,267.062000000,15.489494257
-9.275441176,267.129000000,15.502459788
-8.892841539,267.196000000,15.515503213
-8.507186832,267.263000000,15.528614103
-8.118731643,267.330000000,15.541782642
-7.727730560,267.397000000,15.554999664
-7.334438175,267.464000000,15.568256676
-6.939109075,267.531000000,15.581545903
-6.541997850,267.598000000,15.594860316
-6.143359090,267.665000000,15.608193671
-5.743447383,267.732000000,15.621540543
-5.342517320,267.799000000,15.634896369
-4.940823488,267.866000000,15.648257484
-4.538620478,267.933000000,15.661621159
-4.136162879,268.000000000,15.674985647
