x,y,z
-7.055000199,0.000000000,9.014344650
-7.163218313,0.067000000,9.007673179
-7.271433569,0.134000000,9.001002615
-7.379643109,0.201000000,8.994335112
-7.487844075,0.268000000,8.987674140
-7.596033609,0.335000000,8.981024449
-7.704208854,0.402000000,8.974392022
-7.812366950,0.469000000,8.967784039
-7.920505042,0.536000000,8.961208826
-8.028620269,0.603000000,8.954675818
-8.136709775,0.670000000,8.948195512
-8.244770702,0.737000000,8.941779426
-8.352800191,0.804000000,8.935440050
-8.460795385,0.871000000,8.929190807
-8.568753425,0.938000000,8.923046006
-8.676671454,1.005000000,8.917020798
-8.784546614,1.072000000,8.911131128
-8.892376047,1.139000000,8.905393697
-9.000156894,1.206000000,8.899825909
-9.107886299,1.273000000,8.894445834
-9.215561402,1.340000000,8.889272155
-9.323179346,1.407000000,8.884324132
-9.430737274,1.474000000,8.879621548
-9.538232327,1.541000000,8.875184671
-9.645661646,1.608000000,8.871034209
-9.753022375,1.675000000,8.867191260
-9.860311656,1.742000000,8.863677275
-9.967526629,1.809000000,8.860514008
-10.074664438,1.876000000,8.857723477
-10.181722224,1.943000000,8.855327917
-10.288697130,2.010000000,8.853349738
-10.395586298,2.077000000,8.851811484
-10.502386868,2.144000000,8.850735785
-10.609095985,2.211000000,8.850145322
-10.715710789,2.278000000,8.850062780
-10.822228423,2.345000000,8.850510807
-10.928646029,2.412000000,8.851511977
-11.034960748,2.479000000,8.853088742
-11.141169724,2.546000000,8.855263402
-11.247270097,2.613000000,8.858058056
-11.353259010,2.680000000,8.861494568
-11.459133606,2.747000000,8.865594527
-11.564891025,2.814000000,8.870379210
-11.670528411,2.881000000,8.875869544
-11.776042904,2.948000000,8.882086069
-11.881431648,3.015000000,8.889048903
-11.986691785,3.082000000,8.896777703
-12.091820455,3.149000000,8.905291635
-12.196814802,3.216000000,8.914609337
-12.301671968,3.283000000,8.924748885
-12.406389093,3.350000000,8.935727762
-12.510963322,3.417000000,8.947562824
-12.615391795,3.484000000,8.960270272
-12.719671654,3.551000000,8.973865614
-12.823800043,3.618000000,8.988363646
-12.927774102,3.685000000,9.003778412
-13.031590974,3.752000000,9.020123184
-13.135247800,3.819000000,9.037410429
-13.238741724,3.886000000,9.055651785
-13.342069886,3.953000000,9.074858034
-13.445229430,4.020000000,9.095039079
-13.548217496,4.087000000,9.116203916
-13.651031228,4.154000000,9.138360616
-13.753667767,4.221000000,9.161516296
-13.856124255,4.288000000,9.185677102
-13.958397834,4.355000000,9.210848189
-14.060485646,4.422000000,9.237033698
-14.162384834,4.489000000,9.264236736
-14.264092539,4.556000000,9.292459365
-14.365605904,4.623000000,9.321702577
-14.466922070,4.690000000,9.351966283
-14.568038180,4.757000000,9.383249293
-14.668951375,4.824000000,9.415549310
-14.769658798,4.891000000,9.448862906
-14.870157591,4.958000000,9.483185517
-14.970444895,5.025000000,9.518511432
-15.070517854,5.092000000,9.554833775
-15.170373608,5.159000000,9.592144506
-15.270009300,5.226000000,9.630434402
-15.369422072,5.293000000,9.669693058
-15.468609066,5.360000000,9.709908874
-15.567567662,5.427000000,9.751069709
-15.666296194,5.494000000,9.793164982
-15.764793232,5.561000000,9.836183999
-15.863057349,5.628000000,9.880115343
-15.961087115,5.695000000,9.924946896
-16.058881102,5.762000000,9.970665844
-16.156437881,5.829000000,10.017258695
-16.253756024,5.896000000,10.064711296
-16.350834102,5.963000000,10.113008841
-16.447670687,6.030000000,10.162135895
-16.544264349,6.097000000,10.212076401
-16.640613661,6.164000000,10.262813703
-16.736717193,6.231000000,10.314330558
-16.832573517,6.298000000,10.366609155
-16.928181204,6.365000000,10.419631130
-17.023538825,6.432000000,10.473377588
-17.118644953,6.499000000,10.527829113
-17.213498159,6.566000000,10.582965793
-17.308097013,6.633000000,10.638767234
-17.402440087,6.700000000,10.695212580
-17.496525952,6.767000000,10.752280530
-17.590353181,6.834000000,10.809949357
-17.683920344,6.901000000,10.868196930
-17.777226012,6.968000000,10.927000727
-17.870268758,7.035000000,10.986337859
-17.963047152,7.102000000,11.046185088
-18.055559765,7.169000000,11.106518844
-18.147805170,7.236000000,11.167315249
-18.239781937,7.303000000,11.228550129
-18.331488638,7.370000000,11.290199043
-18.422923844,7.437000000,11.352237294
-18.514086127,7.504000000,11.414639954
-18.604974058,7.571000000,11.477381879
-18.695586209,7.638000000,11.540437735
-18.785921150,7.705000000,11.603782008
-18.875977453,7.772000000,11.667389035
-18.965753690,7.839000000,11.731233012
-19.055248431,7.906000000,11.795288022
-19.144460249,7.973000000,11.859528049
-19.233387714,8.040000000,11.923927000
-19.322029399,8.107000000,11.988458722
-19.410383873,8.174000000,12.053097022
-19.498449710,8.241000000,12.117815688
-19.586225479,8.308000000,12.182588501
-19.673709753,8.375000000,12.247389262
-19.760901103,8.442000000,12.312191804
-19.847798100,8.509000000,12.376970013
-19.934399316,8.576000000,12.441697845
-20.020703321,8.643000000,12.506349345
-20.106708688,8.710000000,12.570898663
-20.192413988,8.777000000,12.635320073
-20.277817791,8.844000000,12.699587987
-20.362918671,8.911000000,12.763676979
-20.447715197,8.978000000,12.827561791
-20.532205941,9.045000000,12.891217361
-20.616389475,9.112000000,12.954618829
-20.700264369,9.179000000,13.017741562
-20.783829196,9.246000000,13.080561161
-20.867082527,9.313000000,13.143053485
-20.950022933,9.380000000,13.205194657
-21.032648985,9.447000000,13.266961088
-21.114959255,9.514000000,13.328329485
-21.196952314,9.581000000,13.389276867
-21.278626734,9.648000000,13.449780580
-21.359981086,9.715000000,13.509818311
-21.441013941,9.782000000,13.569368098
-21.521723871,9.849000000,13.628408347
-21.602109446,9.916000000,13.686917842
-21.682169239,9.983000000,13.744875758
-21.761901821,10.050000000,13.802261673
-21.841305764,10.117000000,13.859055580
-21.920379637,10.184000000,13.915237898
-21.999122014,10.251000000,13.970789483
-22.077531465,10.318000000,14.025691638
-22.155606561,10.385000000,14.079926124
-22.233345875,10.452000000,14.133475169
-22.310747977,10.519000000,14.186321480
-22.387811439,10.586000000,14.238448248
-22.464534832,10.653000000,14.289839160
-22.540916727,10.720000000,14.340478407
-22.616955696,10.787000000,14.390350689
-22.692650311,10.854000000,14.439441229
-22.767999142,10.921000000,14.487735774
-22.843000762,10.988000000,14.535220604
-22.917653740,11.055000000,14.581882542
-22.991956650,11.122000000,14.627708955
-23.065908061,11.189000000,14.672687761
-23.139506546,11.256000000,14.716807440
-23.212750676,11.323000000,14.760057030
-23.285639023,11.390000000,14.802426140
-23.358170156,11.457000000,14.843904950
-23.430342649,11.524000000,14.884484215
-23.502155073,11.591000000,14.924155271
-23.573605998,11.658000000,14.962910036
-23.644693996,11.725000000,15.000741016
-23.715417638,11.792000000,15.037641305
-23.785775497,11.859000000,15.073604586
-23.855766142,11.926000000,15.108625137
-23.925388147,11.993000000,15.142697832
-23.994640081,12.060000000,15.175818137
-24.063520517,12.127000000,15.207982118
-24.132028025,12.194000000,15.239186438
-24.200161178,12.261000000,15.269428357
-24.267918546,12.328000000,15.298705733
-24.335298701,12.395000000,15.327017023
-24.402300214,12.462000000,15.354361278
-24.468921657,12.529000000,15.380738149
-24.535161600,12.596000000,15.406147878
-24.601018616,12.663000000,15.430591304
-24.666491276,12.730000000,15.454069854
-24.731578151,12.797000000,15.476585547
-24.796277812,12.864000000,15.498140989
-24.860588831,12.931000000,15.518739370
-24.924509780,12.998000000,15.538384463
-24.988039228,13.065000000,15.557080620
-25.051175749,13.132000000,15.574832769
-25.113917914,13.199000000,15.591646409
-25.176264292,13.266000000,15.607527608
-25.238213457,13.333000000,15.622483000
-25.299763980,13.400000000,15.636519780
-25.360914990,13.467000000,15.649645672
-25.421667853,13.534000000,15.661868852
-25.482024492,13.601000000,15.673198021
-25.541986833,13.668000000,15.683642418
-25.601556798,13.735000000,15.693211824
-25.660736312,13.802000000,15.701916551
-25.719527299,13.869000000,15.709767439
-25.777931683,13.936000000,15.716775852
-25.835951387,14.003000000,15.722953669
-25.893588337,14.070000000,15.728313283
-25.950844455,14.137000000,15.732867593
-26.007721666,14.204000000,15.736629999
-26.064221893,14.271000000,15.739614396
-26.120347062,14.338000000,15.741835170
-26.176099095,14.405000000,15.743307191
-26.231479917,14.472000000,15.744045808
-26.286491452,14.539000000,15.744066843
-26.341135623,14.606000000,15.743386586
-26.395414355,14.673000000,15.742021789
-26.449329572,14.740000000,15.739989662
-26.502883198,14.807000000,15.737307866
-26.556077157,14.874000000,15.733994508
-26.608913372,14.941000000,15.730068137
-26.661393768,15.008000000,15.725547737
-26.713520268,15.075000000,15.720452726
-26.765294798,15.142000000,15.714802946
-26.816719280,15.209000000,15.708618663
-26.867795639,15.276000000,15.701920561
-26.918525799,15.343000000,15.694729736
-26.968911683,15.410000000,15.687067695
-27.018955216,15.477000000,15.678956353
-27.068658322,15.544000000,15.670418025
-27.118022924,15.611000000,15.661475428
-27.167050948,15.678000000,15.652151675
-27.215744316,15.745000000,15.642470275
-27.264104952,15.812000000,15.632455129
-27.312134781,15.879000000,15.622130528
-27.359835727,15.946000000,15.611521153
-27.407209714,16.013000000,15.600652075
-27.454258666,16.080000000,15.589548751
-27.500984404,16.147000000,15.578235476
-27.547388344,16.214000000,15.566730714
-27.593471801,16.281000000,15.555051756
-27.639236087,16.348000000,15.543216268
-27.684682515,16.415000000,15.531242299
-27.729812401,16.482000000,15.519148292
-27.774627056,16.549000000,15.506953082
-27.819127795,16.616000000,15.494675910
-27.863315931,16.683000000,15.482336425
-27.907192778,16.750000000,15.469954692
-27.950759650,16.817000000,15.457551197
-27.994017859,16.884000000,15.445146857
-28.036968720,16.951000000,15.432763025
-28.079613546,17.018000000,15.420421495
-28.121953650,17.085000000,15.408144515
-28.163990347,17.152000000,15.395954787
-28.205724950,17.219000000,15.383875481
-28.247158771,17.286000000,15.371930238
-28.288293126,17.353000000,15.360143181
-28.329129328,17.420000000,15.348538918
-28.369668689,17.487000000,15.337138110
-28.409912524,17.554000000,15.325943962
-28.449862146,17.621000000,15.314955273
-28.489518869,17.688000000,15.304170844
-28.528884006,17.755000000,15.293589475
-28.567958872,17.822000000,15.283209965
-28.606744778,17.889000000,15.273031115
-28.645243040,17.956000000,15.263051725
-28.683454970,18.023000000,15.253270594
-28.721381883,18.090000000,15.243686524
-28.759025091,18.157000000,15.234298314
-28.796385908,18.224000000,15.225104764
-28.833465649,18.291000000,15.216104674
-28.870265626,18.358000000,15.207296844
-28.906787153,18.425000000,15.198680074
-28.943031543,18.492000000,15.190253165
-28.979000111,18.559000000,15.182014916
-29.014694169,18.626000000,15.173964128
-29.050115032,18.693000000,15.166099600
-29.085264012,18.760000000,15.158420132
-29.120142424,18.827000000,15.150924525
-29.154751581,18.894000000,15.143611579
-29.189092796,18.961000000,15.136480094
-29.223167384,19.028000000,15.129528869
-29.256976657,19.095000000,15.122756705
-29.290521930,19.162000000,15.116162402
-29.323804515,19.229000000,15.109744760
-29.356825727,19.296000000,15.103502578
-29.389586879,19.363000000,15.097434658
-29.422089284,19.430000000,15.091539799
-29.454334257,19.497000000,15.085816801
-29.486323110,19.564000000,15.080264465
-29.518057158,19.631000000,15.074881589
-29.549537713,19.698000000,15.069666975
-29.580766090,19.765000000,15.064619423
-29.611743601,19.832000000,15.059737731
-29.642471561,19.899000000,15.055020702
-29.672951284,19.966000000,15.050467134
-29.703184081,20.033000000,15.046075827
-29.733171269,20.100000000,15.041845582
-29.762914159,20.167000000,15.037775199
-29.792414065,20.234000000,15.033863478
-29.821672301,20.301000000,15.030109218
-29.850690181,20.368000000,15.026511220
-29.879469018,20.435000000,15.023068285
-29.908010125,20.502000000,15.019779211
-29.936314817,20.569000000,15.016642799
-29.964384407,20.636000000,15.013657850
-29.992220207,20.703000000,15.010823163
-30.019823533,20.770000000,15.008137538
-30.047195697,20.837000000,15.005599775
-30.074338014,20.904000000,15.003208674
-30.101251796,20.971000000,15.000963036
-30.127938357,21.038000000,14.998861661
-30.154399011,21.105000000,14.996903348
-30.180635071,21.172000000,14.995086897
-30.206647851,21.239000000,14.993411110
-30.232438665,21.306000000,14.991874784
-30.258008826,21.373000000,14.990476722
-30.283359647,21.440000000,14.989215723
-30.308492442,21.507000000,14.988090586
-30.333408526,21.574000000,14.987100112
-30.358109210,21.641000000,14.986243101
-30.382595810,21.708000000,14.985518353
-30.406869637,21.775000000,14.984924669
-30.430932007,21.842000000,14.984460847
-30.454784233,21.909000000,14.984125689
-30.478427627,21.976000000,14.983917994
-30.501863505,22.043000000,14.983836562
-30.525093179,22.110000000,14.983880194
-30.548117962,22.177000000,14.984047689
-30.570939169,22.244000000,14.984337847
-30.593558113,22.311000000,14.984749469
-30.615976108,22.378000000,14.985281355
-30.638194466,22.445000000,14.985932304
-30.660214503,22.512000000,14.986701117
-30.682037530,22.579000000,14.987586594
-30.703664863,22.646000000,14.988587535
-30.725097814,22.713000000,14.989702739
-30.746337697,22.780000000,14.990931008
-30.767385825,22.847000000,14.992271140
-30.788243513,22.914000000,14.993721937
-30.808912073,22.981000000,14.995282197
-30.829392820,23.048000000,14.996950722
-30.849687066,23.115000000,14.998726311
-30.869796126,23.182000000,15.000607764
-30.889721313,23.249000000,15.002593882
-30.909463940,23.316000000,15.004683464
-30.929025321,23.383000000,15.006875311
-30.948406770,23.450000000,15.009168222
-30.967609601,23.517000000,15.011560997
-30.986635126,23.584000000,15.014052437
-31.005484659,23.651000000,15.016641342
-31.024159515,23.718000000,15.019326512
-31.042661006,23.785000000,15.022106746
-31.060990446,23.852000000,15.024980845
-31.079149148,23.919000000,15.027947610
-31.097138427,23.986000000,15.031005839
-31.114959596,24.053000000,15.034154333
-31.132613968,24.120000000,15.037391892
-31.150102857,24.187000000,15.040717316
-31.167427576,24.254000000,15.044129406
-31.184589440,24.321000000,15.047626961
-31.201589761,24.388000000,15.051208781
-31.218429853,24.455000000,15.054873666
-31.235111031,24.522000000,15.058620417
-31.251634606,24.589000000,15.062447834
-31.268001893,24.656000000,15.066354715
-31.284214206,24.723000000,15.070339863
-31.300272858,24.790000000,15.074402076
-31.316179163,24.857000000,15.078540155
-31.331934433,24.924000000,15.082752899
-31.347539984,24.991000000,15.087039110
-31.362997128,25.058000000,15.091397586
-31.378307178,25.125000000,15.095827128
-31.393471450,25.192000000,15.100326536
-31.408491255,25.259000000,15.104894611
-31.423367907,25.326000000,15.109530151
-31.438102721,25.393000000,15.114231957
-31.452697010,25.460000000,15.118998830
-31.467152087,25.527000000,15.123829569
-31.481469266,25.594000000,15.128722974
-31.495649860,25.661000000,15.133677846
-31.509695183,25.728000000,15.138692984
-31.523606549,25.795000000,15.143767189
-31.537385271,25.862000000,15.148899260
-31.551032663,25.929000000,15.154087998
-31.564550038,25.996000000,15.159332202
-31.577938710,26.063000000,15.164630673
-31.591199992,26.130000000,15.169982211
-31.604335198,26.197000000,15.175385616
-31.617345642,26.264000000,15.180839688
-31.630232637,26.331000000,15.186343226
-31.642997497,26.398000000,15.191895032
-31.655641535,26.465000000,15.197493905
-31.668166064,26.532000000,15.203138644
-31.680572399,26.599000000,15.208828051
-31.692861854,26.666000000,15.214560926
-31.705035740,26.733000000,15.220336067
-31.717095373,26.800000000,15.226152276
-31.729042065,26.867000000,15.232008352
-31.740877131,26.934000000,15.237903096
-31.752601884,27.001000000,15.243835307
-31.764217636,27.068000000,15.249803786
-31.775725703,27.135000000,15.255807333
-31.787127398,27.202000000,15.261844747
-31.798424033,27.269000000,15.267914829
-31.809616923,27.336000000,15.274016379
-31.820707381,27.403000000,15.280148196
-31.831696721,27.470000000,15.286309082
-31.842586257,27.537000000,15.292497835
-31.853377301,27.604000000,15.298713257
-31.864071168,27.671000000,15.304954146
-31.874669171,27.738000000,15.311219304
-31.885172624,27.805000000,15.317507530
-31.895582840,27.872000000,15.323817624
-31.905901132,27.939000000,15.330148386
-31.916128815,28.006000000,15.336498617
-31.926267202,28.073000000,15.342867117
-31.936317606,28.140000000,15.349252684
-31.946281342,28.207000000,15.355654121
-31.956159722,28.274000000,15.362070226
-31.965954060,28.341000000,15.368499799
-31.975665670,28.408000000,15.374941642
-31.985295865,28.475000000,15.381394553
-31.994845959,28.542000000,15.387857333
-32.004317266,28.609000000,15.394328781
-32.013711099,28.676000000,15.400807699
-32.023028771,28.743000000,15.407292886
-32.032271596,28.810000000,15.413783142
-32.041440888,28.877000000,15.420277266
-32.050537961,28.944000000,15.426774060
-32.059564127,29.011000000,15.433272324
-32.068520701,29.078000000,15.439770856
-32.077408996,29.145000000,15.446268458
-32.086230325,29.212000000,15.452763929
-32.094986003,29.279000000,15.459256070
-32.103677342,29.346000000,15.465743680
-32.112305657,29.413000000,15.472225560
-32.120872260,29.480000000,15.478700510
-32.129378466,29.547000000,15.485167329
-32.137825588,29.614000000,15.491624818
-32.146214939,29.681000000,15.498071776
-32.154547834,29.748000000,15.504507005
-32.162825585,29.815000000,15.510929303
-32.171049506,29.882000000,15.517337471
-32.179220912,29.949000000,15.523730310
-32.187341114,30.016000000,15.530106618
-32.195411428,30.083000000,15.536465197
-32.203433166,30.150000000,15.542804845
-32.211407643,30.217000000,15.549124364
-32.219336171,30.284000000,15.555422554
-32.227220064,30.351000000,15.561698213
-32.235060636,30.418000000,15.567950143
-32.242859200,30.485000000,15.574177144
-32.250617071,30.552000000,15.580378015
-32.258335561,30.619000000,15.586551557
-32.266015984,30.686000000,15.592696569
-32.273659654,30.753000000,15.598811852
-32.281267884,30.820000000,15.604896206
-32.288841987,30.887000000,15.610948430
-32.296383278,30.954000000,15.616967326
-32.303893071,31.021000000,15.622951692
-32.311372677,31.088000000,15.628900330
-32.318823412,31.155000000,15.634812038
-32.326246588,31.222000000,15.640685618
-32.333643520,31.289000000,15.646519868
-32.341015520,31.356000000,15.652313590
-32.348363902,31.423000000,15.658065583
-32.355689981,31.490000000,15.663774648
-32.362995069,31.557000000,15.669439583
-32.370280480,31.624000000,15.675059191
-32.377547528,31.691000000,15.680632270
-32.384797526,31.758000000,15.686157620
-32.392031787,31.825000000,15.691634042
-32.399251626,31.892000000,15.697060335
-32.406458356,31.959000000,15.702435301
-32.413653291,32.026000000,15.707757738
-32.420837743,32.093000000,15.713026447
-32.428013027,32.160000000,15.718240228
-32.435180233,32.227000000,15.723398109
-32.442339562,32.294000000,15.728500036
-32.449490989,32.361000000,15.733546181
-32.456634491,32.428000000,15.738536717
-32.463770046,32.495000000,15.743471818
-32.470897630,32.562000000,15.748351656
-32.478017220,32.629000000,15.753176404
-32.485128793,32.696000000,15.757946237
-32.492232325,32.763000000,15.762661326
-32.499327794,32.830000000,15.767321846
-32.506415175,32.897000000,15.771927968
-32.513494446,32.964000000,15.776479867
-32.520565584,33.031000000,15.780977715
-32.527628566,33.098000000,15.785421686
-32.534683367,33.165000000,15.789811952
-32.541729966,33.232000000,15.794148687
-32.548768338,33.299000000,15.798432063
-32.555798461,33.366000000,15.802662255
-32.562820312,33.433000000,15.806839435
-32.569833866,33.500000000,15.810963775
-32.576839101,33.567000000,15.815035450
-32.583835995,33.634000000,15.819054633
-32.590824522,33.701000000,15.823021496
-32.597804661,33.768000000,15.826936212
-32.604776388,33.835000000,15.830798956
-32.611739680,33.902000000,15.834609899
-32.618694514,33.969000000,15.838369215
-32.625640866,34.036000000,15.842077077
-32.632578713,34.103000000,15.845733659
-32.639508033,34.170000000,15.849339132
-32.646428801,34.237000000,15.852893672
-32.653340995,34.304000000,15.856397449
-32.660244591,34.371000000,15.859850639
-32.667139567,34.438000000,15.863253413
-32.674025898,34.505000000,15.866605945
-32.680903562,34.572000000,15.869908408
-32.687772536,34.639000000,15.873160976
-32.694632796,34.706000000,15.876363820
-32.701484319,34.773000000,15.879517115
-32.708327082,34.840000000,15.882621033
-32.715161062,34.907000000,15.885675748
-32.721986236,34.974000000,15.888681433
-32.728802579,35.041000000,15.891638261
-32.735610070,35.108000000,15.894546404
-32.742408685,35.175000000,15.897406037
-32.749198400,35.242000000,15.900217331
-32.755979193,35.309000000,15.902980461
-32.762751039,35.376000000,15.905695600
-32.769513917,35.443000000,15.908362920
-32.776267803,35.510000000,15.910982594
-32.783012674,35.577000000,15.913554797
-32.789748505,35.644000000,15.916079700
-32.796475275,35.711000000,15.918557477
-32.803192960,35.778000000,15.920988302
-32.809901537,35.845000000,15.923372346
-32.816600982,35.912000000,15.925709784
-32.823291272,35.979000000,15.928000789
-32.829972385,36.046000000,15.930245533
-32.836644297,36.113000000,15.932444190
-32.843306984,36.180000000,15.934596932
-32.849960423,36.247000000,15.936703934
-32.856604592,36.314000000,15.938765367
-32.863239467,36.381000000,15.940781406
-32.869865025,36.448000000,15.942752223
-32.876481243,36.515000000,15.944677991
-32.883088097,36.582000000,15.946558884
-32.889685564,36.649000000,15.948395074
-32.896273621,36.716000000,15.950186735
-32.902852245,36.783000000,15.951934041
-32.909421412,36.850000000,15.953637163
-32.915981100,36.917000000,15.955296275
-32.922531285,36.984000000,15.956911550
-32.929071944,37.051000000,15.958483162
-32.935603054,37.118000000,15.960011283
-32.942124591,37.185000000,15.961496086
-32.948636533,37.252000000,15.962937746
-32.955138855,37.319000000,15.964336434
-32.961631536,37.386000000,15.965692324
-32.968114551,37.453000000,15.967005589
-32.974587878,37.520000000,15.968276402
-32.981051493,37.587000000,15.969504937
-32.987505373,37.654000000,15.970691365
-32.993949494,37.721000000,15.971835862
-33.000383835,37.788000000,15.972938599
-33.006808371,37.855000000,15.973999749
-33.013223079,37.922000000,15.975019487
-33.019627936,37.989000000,15.975997984
-33.026022918,38.056000000,15.976935414
-33.032408004,38.123000000,15.977831951
-33.038783168,38.190000000,15.978687767
-33.045148389,38.257000000,15.979503035
-33.051503643,38.324000000,15.980277929
-33.057848906,38.391000000,15.981012622
-33.064184156,38.458000000,15.981707286
-33.070509369,38.525000000,15.982362095
-33.076824523,38.592000000,15.982977223
-33.083129593,38.659000000,15.983552841
-33.089424557,38.726000000,15.984089123
-33.095709391,38.793000000,15.984586243
-33.101984072,38.860000000,15.985044374
-33.108248578,38.927000000,15.985463688
-33.114502884,38.994000000,15.985844358
-33.120746968,39.061000000,15.986186559
-33.126980807,39.128000000,15.986490462
-33.133204376,39.195000000,15.986756242
-33.139417653,39.262000000,15.986984070
-33.145620616,39.329000000,15.987174121
-33.151813239,39.396000000,15.987326567
-33.157995501,39.463000000,15.987441582
-33.164167379,39.530000000,15.987519338
-33.170328848,39.597000000,15.987560010
-33.176479886,39.664000000,15.987563768
-33.182620469,39.731000000,15.987530788
-33.188750574,39.798000000,15.987461243
-33.194870179,39.865000000,15.987355304
-33.200979259,39.932000000,15.987213145
-33.207077792,39.999000000,15.987034940
-33.213165755,40.066000000,15.986820862
-33.219243124,40.133000000,15.986571083
-33.225309875,40.200000000,15.986285777
-33.231365987,40.267000000,15.985965117
-33.237411435,40.334000000,15.985609276
-33.243446196,40.401000000,15.985218427
-33.249470248,40.468000000,15.984792744
-33.255483567,40.535000000,15.984332399
-33.261486129,40.602000000,15.983837565
-33.267477912,40.669000000,15.983308416
-33.273458892,40.736000000,15.982745124
-33.279429046,40.803000000,15.982147864
-33.285388351,40.870000000,15.981516807
-33.291336784,40.937000000,15.980852127
-33.297274321,41.004000000,15.980153998
-33.303200940,41.071000000,15.979422592
-33.309116616,41.138000000,15.978658082
-33.315021328,41.205000000,15.977860642
-33.320915051,41.272000000,15.977030445
-33.326797762,41.339000000,15.976167663
-33.332669439,41.406000000,15.975272470
-33.338530057,41.473000000,15.974345039
-33.344379594,41.540000000,15.973385543
-33.350218027,41.607000000,15.972394156
-33.356045333,41.674000000,15.971371050
-33.361861487,41.741000000,15.970316398
-33.367666467,41.808000000,15.969230374
-33.373460250,41.875000000,15.968113151
-33.379242813,41.942000000,15.966964901
-33.385014132,42.009000000,15.965785798
-33.390774183,42.076000000,15.964576016
-33.396522945,42.143000000,15.963335726
-33.402260394,42.210000000,15.962065103
-33.407986505,42.277000000,15.960764319
-33.413701258,42.344000000,15.959433548
-33.419404627,42.411000000,15.958072963
-33.425096590,42.478000000,15.956682736
-33.430777123,42.545000000,15.955263041
-33.436446204,42.612000000,15.953814051
-33.442103809,42.679000000,15.952335939
-33.447749915,42.746000000,15.950828878
-33.453384499,42.813000000,15.949293041
-33.459007537,42.880000000,15.947728602
-33.464619007,42.947000000,15.946135734
-33.470218885,43.014000000,15.944514609
-33.475807147,43.081000000,15.942865401
-33.481383772,43.148000000,15.941188283
-33.486948735,43.215000000,15.939483428
-33.492502013,43.282000000,15.937751009
-33.498043583,43.349000000,15.935991200
-33.503573422,43.416000000,15.934204173
-33.509091507,43.483000000,15.932390101
-33.514597814,43.550000000,15.930549158
-33.520092320,43.617000000,15.928681516
-33.525575002,43.684000000,15.926787350
-33.531045838,43.751000000,15.924866831
-33.536504802,43.818000000,15.922920133
-33.541951873,43.885000000,15.920947430
-33.547387028,43.952000000,15.918948894
-33.552810242,44.019000000,15.916924698
-33.558221493,44.086000000,15.914875016
-33.563620757,44.153000000,15.912800021
-33.569008012,44.220000000,15.910699885
-33.574383234,44.287000000,15.908574782
-33.579746399,44.354000000,15.906424885
-33.585097486,44.421000000,15.904250367
-33.590436470,44.488000000,15.902051402
-33.595763328,44.555000000,15.899828162
-33.601078037,44.622000000,15.897580820
-33.606380574,44.689000000,15.895309550
-33.611670915,44.756000000,15.893014525
-33.616949038,44.823000000,15.890695917
-33.622214920,44.890000000,15.888353901
-33.627468536,44.957000000,15.885988648
-33.632709864,45.024000000,15.883600332
-33.637938880,45.091000000,15.881189127
-33.643155562,45.158000000,15.878755206
-33.648359886,45.225000000,15.876298740
-33.653551829,45.292000000,15.873819905
-33.658731368,45.359000000,15.871318872
-33.663898479,45.426000000,15.868795815
-33.669053139,45.493000000,15.866250907
-33.674195326,45.560000000,15.863684321
-33.679325015,45.627000000,15.861096230
-33.684442184,45.694000000,15.858486808
-33.689546810,45.761000000,15.855856227
-33.694638868,45.828000000,15.853204660
-33.699718337,45.895000000,15.850532282
-33.704785193,45.962000000,15.847839264
-33.709839412,46.029000000,15.845125780
-33.714880971,46.096000000,15.842392003
-33.719909848,46.163000000,15.839638106
-33.724926019,46.230000000,15.836864262
-33.729929460,46.297000000,15.834070645
-33.734920149,46.364000000,15.831257427
-33.739898062,46.431000000,15.828424782
-33.744863177,46.498000000,15.825572883
-33.749815469,46.565000000,15.822701902
-33.754754916,46.632000000,15.819812014
-33.759681494,46.699000000,15.816903390
-33.764595181,46.766000000,15.813976205
-33.769495953,46.833000000,15.811030631
-33.774383787,46.900000000,15.808066841
-33.779258659,46.967000000,15.805085009
-33.784120547,47.034000000,15.802085308
-33.788969427,47.101000000,15.799067910
-33.793805276,47.168000000,15.796032989
-33.798628070,47.235000000,15.792980718
-33.803437788,47.302000000,15.789911271
-33.808234404,47.369000000,15.786824819
-33.813017897,47.436000000,15.783721537
-33.817788243,47.503000000,15.780601598
-33.822545419,47.570000000,15.777465174
-33.827289401,47.637000000,15.774312438
-33.832020166,47.704000000,15.771143565
-33.836737691,47.771000000,15.767958726
-33.841441954,47.838000000,15.764758096
-33.846132930,47.905000000,15.761541846
-33.850810596,47.972000000,15.758310151
-33.855474930,48.039000000,15.755063184
-33.860125908,48.106000000,15.751801116
-33.864763506,48.173000000,15.748524123
-33.869387703,48.240000000,15.745232376
-33.873998473,48.307000000,15.741926049
-33.878595795,48.374000000,15.738605315
-33.883179645,48.441000000,15.735270347
-33.887750000,48.508000000,15.731921319
-33.892306836,48.575000000,15.728558402
-33.896850130,48.642000000,15.725181772
-33.901379860,48.709000000,15.721791599
-33.905896001,48.776000000,15.718388059
-33.910398532,48.843000000,15.714971323
-33.914887427,48.910000000,15.711541565
-33.919362666,48.977000000,15.708098958
-33.923824223,49.044000000,15.704643675
-33.928272076,49.111000000,15.701175890
-33.932706201,49.178000000,15.697695774
-33.937126577,49.245000000,15.694203503
-33.941533178,49.312000000,15.690699248
-33.945925982,49.379000000,15.687183182
-33.950304966,49.446000000,15.683655480
-33.954670107,49.513000000,15.680116313
-33.959021381,49.580000000,15.676565856
-33.963358766,49.647000000,15.673004281
-33.967682237,49.714000000,15.669431761
-33.971991772,49.781000000,15.665848469
-33.976287348,49.848000000,15.662254579
-33.980568941,49.915000000,15.658650264
-33.984836528,49.982000000,15.655035696
-33.989090086,50.049000000,15.651411050
-33.993329591,50.116000000,15.647776497
-33.997555022,50.183000000,15.644132211
-34.001766353,50.250000000,15.640478366
-34.005963562,50.317000000,15.636815134
-34.010146627,50.384000000,15.633142689
-34.014315523,50.451000000,15.629461203
-34.018470227,50.518000000,15.625770850
-34.022610717,50.585000000,15.622071802
-34.026736968,50.652000000,15.618364234
-34.030848959,50.719000000,15.614648317
-34.034946665,50.786000000,15.610924226
-34.039030063,50.853000000,15.607192133
-34.043099131,50.920000000,15.603452211
-34.047153844,50.987000000,15.599704634
-34.051194180,51.054000000,15.595949575
-34.055220116,51.121000000,15.592187206
-34.059231628,51.188000000,15.588417701
-34.063228693,51.255000000,15.584641234
-34.067211288,51.322000000,15.580857976
-34.071179390,51.389000000,15.577068101
-34.075132975,51.456000000,15.573271783
-34.079072020,51.523000000,15.569469194
-34.082996503,51.590000000,15.565660508
-34.086906399,51.657000000,15.561845898
-34.090801686,51.724000000,15.558025536
-34.094682340,51.791000000,15.554199596
-34.098548339,51.858000000,15.550368251
-34.102399658,51.925000000,15.546531675
-34.106236275,51.992000000,15.542690039
-34.110058167,52.059000000,15.538843518
-34.113865310,52.126000000,15.534992285
-34.117657682,52.193000000,15.531136512
-34.121435258,52.260000000,15.527276373
-34.125198016,52.327000000,15.523412040
-34.128945932,52.394000000,15.519543688
-34.132678984,52.461000000,15.515671489
-34.136397148,52.528000000,15.511795616
-34.140100401,52.595000000,15.507916242
-34.143788719,52.662000000,15.504033540
-34.147462080,52.729000000,15.500147684
-34.151120460,52.796000000,15.496258847
-34.154763836,52.863000000,15.492367202
-34.158392185,52.930000000,15.488472921
-34.162005483,52.997000000,15.484576179
-34.165603708,53.064000000,15.480677147
-34.169186836,53.131000000,15.476776000
-34.172754844,53.198000000,15.472872910
-34.176307709,53.265000000,15.468968051
-34.179845407,53.332000000,15.465061595
-34.183367916,53.399000000,15.461153716
-34.186875211,53.466000000,15.457244587
-34.190367271,53.533000000,15.453334381
-34.193844071,53.600000000,15.449423270
-34.197305589,53.667000000,15.445511429
-34.200751801,53.734000000,15.441599030
-34.204182684,53.801000000,15.437686247
-34.207598215,53.868000000,15.433773252
-34.210998371,53.935000000,15.429860219
-34.214383128,54.002000000,15.425947320
-34.217752463,54.069000000,15.422034730
-34.221106354,54.136000000,15.418122620
-34.224444776,54.203000000,15.414211164
-34.227767707,54.270000000,15.410300536
-34.231075123,54.337000000,15.406390908
-34.234367001,54.404000000,15.402482453
-34.237643318,54.471000000,15.398575345
-34.240904051,54.538000000,15.394669757
-34.244149176,54.605000000,15.390765861
-34.247378671,54.672000000,15.386863832
-34.250592512,54.739000000,15.382963841
-34.253790675,54.806000000,15.379066063
-34.256973139,54.873000000,15.375170670
-34.260139879,54.940000000,15.371277835
-34.263290872,55.007000000,15.367387731
-34.266426095,55.074000000,15.363500533
-34.269545525,55.141000000,15.359616412
-34.272649138,55.208000000,15.355735541
-34.275736912,55.275000000,15.351858095
-34.278808824,55.342000000,15.347984246
-34.281864849,55.409000000,15.344114167
-34.284904965,55.476000000,15.340248032
-34.287929148,55.543000000,15.336386012
-34.290937376,55.610000000,15.332528283
-34.293929625,55.677000000,15.328675016
-34.296905872,55.744000000,15.324826384
-34.299866094,55.811000000,15.320982562
-34.302810267,55.878000000,15.317143722
-34.305738368,55.945000000,15.313310036
-34.308650375,56.012000000,15.309481679
-34.311546263,56.079000000,15.305658824
-34.314426010,56.146000000,15.301841643
-34.317289593,56.213000000,15.298030309
-34.320136987,56.280000000,15.294224996
-34.322968171,56.347000000,15.290425877
-34.325783121,56.414000000,15.286633125
-34.328581813,56.481000000,15.282846913
-34.331364224,56.548000000,15.279067414
-34.334130332,56.615000000,15.275294801
-34.336880113,56.682000000,15.271529248
-34.339613543,56.749000000,15.267770928
-34.342330600,56.816000000,15.264020012
-34.345031261,56.883000000,15.260276676
-34.347715501,56.950000000,15.256541092
-34.350383298,57.017000000,15.252813432
-34.353034629,57.084000000,15.249093871
-34.355669471,57.151000000,15.245382581
-34.358287800,57.218000000,15.241679735
-34.360889593,57.285000000,15.237985506
-34.363474826,57.352000000,15.234300069
-34.366043478,57.419000000,15.230623595
-34.368595524,57.486000000,15.226956257
-34.371130941,57.553000000,15.223298230
-34.373649706,57.620000000,15.219649685
-34.376151795,57.687000000,15.216010797
-34.378637187,57.754000000,15.212381738
-34.381105856,57.821000000,15.208762681
-34.383557781,57.888000000,15.205153800
-34.385992938,57.955000000,15.201555268
-34.388411304,58.022000000,15.197967257
-34.390812855,58.089000000,15.194389941
-34.393197568,58.156000000,15.190823493
-34.395565421,58.223000000,15.187268086
-34.397916389,58.290000000,15.183723894
-34.400250450,58.357000000,15.180191088
-34.402567581,58.424000000,15.176669843
-34.404867758,58.491000000,15.173160332
-34.407150958,58.558000000,15.169662727
-34.409417157,58.625000000,15.166177202
-34.411666334,58.692000000,15.162703930
-34.413898463,58.759000000,15.159243084
-34.416113523,58.826000000,15.155794837
-34.418311490,58.893000000,15.152359362
-34.420492341,58.960000000,15.148936832
-34.422656063,59.027000000,15.145527387
-34.424802692,59.094000000,15.142131024
-34.426932273,59.161000000,15.138747709
-34.429044851,59.228000000,15.135377406
-34.431140472,59.295000000,15.132020081
-34.433219182,59.362000000,15.128675696
-34.435281026,59.429000000,15.125344218
-34.437326050,59.496000000,15.122025610
-34.439354300,59.563000000,15.118719837
-34.441365821,59.630000000,15.115426864
-34.443360658,59.697000000,15.112146656
-34.445338858,59.764000000,15.108879176
-34.447300466,59.831000000,15.105624390
-34.449245528,59.898000000,15.102382263
-34.451174089,59.965000000,15.099152758
-34.453086194,60.032000000,15.095935840
-34.454981891,60.099000000,15.092731474
-34.456861223,60.166000000,15.089539625
-34.458724237,60.233000000,15.086360257
-34.460570979,60.300000000,15.083193334
-34.462401493,60.367000000,15.080038822
-34.464215827,60.434000000,15.076896685
-34.466014024,60.501000000,15.073766887
-34.467796131,60.568000000,15.070649393
-34.469562194,60.635000000,15.067544168
-34.471312258,60.702000000,15.064451177
-34.473046369,60.769000000,15.061370383
-34.474764572,60.836000000,15.058301751
-34.476466913,60.903000000,15.055245246
-34.478153437,60.970000000,15.052200834
-34.479824191,61.037000000,15.049168477
-34.481479220,61.104000000,15.046148141
-34.483118569,61.171000000,15.043139790
-34.484742284,61.238000000,15.040143390
-34.486350411,61.305000000,15.037158904
-34.487942995,61.372000000,15.034186297
-34.489520082,61.439000000,15.031225534
-34.491081718,61.506000000,15.028276579
-34.492627948,61.573000000,15.025339397
-34.494158818,61.640000000,15.022413953
-34.495674373,61.707000000,15.019500211
-34.497174659,61.774000000,15.016598135
-34.498659722,61.841000000,15.013707691
-34.500129608,61.908000000,15.010828843
-34.501584361,61.975000000,15.007961555
-34.503024027,62.042000000,15.005105792
-34.504448653,62.109000000,15.002261519
-34.505858284,62.176000000,14.999428700
-34.507252965,62.243000000,14.996607300
-34.508632742,62.310000000,14.993797283
-34.509997661,62.377000000,14.990998615
-34.511347767,62.444000000,14.988211259
-34.512683106,62.511000000,14.985435180
-34.514003724,62.578000000,14.982670343
-34.515309666,62.645000000,14.979916712
-34.516600977,62.712000000,14.977174253
-34.517877704,62.779000000,14.974442929
-34.519139892,62.846000000,14.971722705
-34.520387587,62.913000000,14.969013546
-34.521620833,62.980000000,14.966315416
-34.522839678,63.047000000,14.963628280
-34.524044166,63.114000000,14.960952103
-34.525234344,63.181000000,14.958286848
-34.526410256,63.248000000,14.955632482
-34.527571948,63.315000000,14.952988968
-34.528719466,63.382000000,14.950356270
-34.529852856,63.449000000,14.947734354
-34.530972164,63.516000000,14.945123185
-34.532077434,63.583000000,14.942522725
-34.533168712,63.650000000,14.939932942
-34.534246045,63.717000000,14.937353798
-34.535309478,63.784000000,14.934785258
-34.536359055,63.851000000,14.932227287
-34.537394824,63.918000000,14.929679850
-34.538416829,63.985000000,14.927142912
-34.539425117,64.052000000,14.924616436
-34.540419732,64.119000000,14.922100387
-34.541400721,64.186000000,14.919594730
-34.542368129,64.253000000,14.917099430
-34.543322002,64.320000000,14.914614452
-34.544262385,64.387000000,14.912139758
-34.545189323,64.454000000,14.909675316
-34.546102864,64.521000000,14.907221088
-34.547003051,64.588000000,14.904777039
-34.547889932,64.655000000,14.902343135
-34.548763551,64.722000000,14.899919340
-34.549623954,64.789000000,14.897505618
-34.550471186,64.856000000,14.895101933
-34.551305294,64.923000000,14.892708251
-34.552126323,64.990000000,14.890324537
-34.552934318,65.057000000,14.887950754
-34.553729326,65.124000000,14.885586867
-34.554511391,65.191000000,14.883232841
-34.555280560,65.258000000,14.880888640
-34.556036878,65.325000000,14.878554230
-34.556780390,65.392000000,14.876229574
-34.557511143,65.459000000,14.873914637
-34.558229181,65.526000000,14.871609384
-34.558934551,65.593000000,14.869313779
-34.559627298,65.660000000,14.867027788
-34.560307468,65.727000000,14.864751374
-34.560975107,65.794000000,14.862484502
-34.561630259,65.861000000,14.860227137
-34.562272971,65.928000000,14.857979243
-34.562903288,65.995000000,14.855740786
-34.563521256,66.062000000,14.853511728
-34.564126921,66.129000000,14.851292036
-34.564720328,66.196000000,14.849081674
-34.565301522,66.263000000,14.846880606
-34.565870550,66.330000000,14.844688796
-34.566427457,66.397000000,14.842506211
-34.566972288,66.464000000,14.840332813
-34.567505090,66.531000000,14.838168568
-34.568025907,66.598000000,14.836013440
-34.568534786,66.665000000,14.833867394
-34.569031772,66.732000000,14.831730395
-34.569516911,66.799000000,14.829602406
-34.569990248,66.866000000,14.827483394
-34.570451829,66.933000000,14.825373321
-34.570901700,67.000000000,14.823272153
-34.571339906,67.067000000,14.821179855
-34.571766492,67.134000000,14.819096390
-34.572181505,67.201000000,14.817021724
-34.572584990,67.268000000,14.814955822
-34.572976993,67.335000000,14.812898647
-34.573357559,67.402000000,14.810850164
-34.573726734,67.469000000,14.808810339
-34.574084564,67.536000000,14.806779134
-34.574431094,67.603000000,14.804756516
-34.574766369,67.670000000,14.802742449
-34.575090437,67.737000000,14.800736897
-34.575403341,67.804000000,14.798739825
-34.575705127,67.871000000,14.796751197
-34.575995842,67.938000000,14.794770979
-34.576275531,68.005000000,14.792799134
-34.576544240,68.072000000,14.790835627
-34.576802013,68.139000000,14.788880424
-34.577048898,68.206000000,14.786933487
-34.577284939,68.273000000,14.784994783
-34.577510181,68.340000000,14.783064275
-34.577724672,68.407000000,14.781141929
-34.577928456,68.474000000,14.779227708
-34.578121578,68.541000000,14.777321578
-34.578304085,68.608000000,14.775423503
-34.578476022,68.675000000,14.773533447
-34.578637435,68.742000000,14.771651375
-34.578788370,68.809000000,14.769777253
-34.578928871,68.876000000,14.767911043
-34.579058985,68.943000000,14.766052712
-34.579178757,69.010000000,14.764202223
-34.579288233,69.077000000,14.762359541
-34.579387459,69.144000000,14.760524631
-34.579476480,69.211000000,14.758697457
-34.579555341,69.278000000,14.756877984
-34.579624089,69.345000000,14.755066177
-34.579682768,69.412000000,14.753261999
-34.579731426,69.479000000,14.751465416
-34.579770106,69.546000000,14.749676393
-34.579798856,69.613000000,14.747894893
-34.579817719,69.680000000,14.746120882
-34.579826743,69.747000000,14.744354324
-34.579825973,69.814000000,14.742595184
-34.579815454,69.881000000,14.740843425
-34.579795232,69.948000000,14.739099014
-34.579765352,70.015000000,14.737361914
-34.579725861,70.082000000,14.735632090
-34.579676803,70.149000000,14.733909506
-34.579618225,70.216000000,14.732194128
-34.579550172,70.283000000,14.730485919
-34.579472689,70.350000000,14.728784845
-34.579385823,70.417000000,14.727090870
-34.579289619,70.484000000,14.725403958
-34.579184122,70.551000000,14.723724075
-34.579069379,70.618000000,14.722051184
-34.578945434,70.685000000,14.720385250
-34.578812334,70.752000000,14.718726238
-34.578670124,70.819000000,14.717074113
-34.578518849,70.886000000,14.715428839
-34.578358556,70.953000000,14.713790381
-34.578189290,71.020000000,14.712158702
-34.578011096,71.087000000,14.710533769
-34.577824020,71.154000000,14.708915545
-34.577628108,71.221000000,14.707303995
-34.577423405,71.288000000,14.705699084
-34.577209958,71.355000000,14.704100776
-34.576987811,71.422000000,14.702509036
-34.576757010,71.489000000,14.700923828
-34.576517601,71.556000000,14.699345117
-34.576269630,71.623000000,14.697772868
-34.576013142,71.690000000,14.696207045
-34.575748182,71.757000000,14.694647612
-34.575474797,71.824000000,14.693094536
-34.575193032,71.891000000,14.691547779
-34.574902932,71.958000000,14.690007306
-34.574604544,72.025000000,14.688473083
-34.574297913,72.092000000,14.686945073
-34.573983084,72.159000000,14.685423242
-34.573660103,72.226000000,14.683907553
-34.573329016,72.293000000,14.682397972
-34.572989868,72.360000000,14.680894464
-34.572642705,72.427000000,14.679396991
-34.572287573,72.494000000,14.677905520
-34.571924517,72.561000000,14.676420015
-34.571553582,72.628000000,14.674940441
-34.571174816,72.695000000,14.673466761
-34.570788262,72.762000000,14.671998941
-34.570393967,72.829000000,14.670536945
-34.569991976,72.896000000,14.669080739
-34.569582335,72.963000000,14.667630285
-34.569165090,73.030000000,14.666185550
-34.568740286,73.097000000,14.664746497
-34.568307969,73.164000000,14.663313091
-34.567868184,73.231000000,14.661885297
-34.567420977,73.298000000,14.660463079
-34.566966394,73.365000000,14.659046402
-34.566504480,73.432000000,14.657635231
-34.566035281,73.499000000,14.656229530
-34.565558843,73.566000000,14.654829264
-34.565075211,73.633000000,14.653434397
-34.564584430,73.700000000,14.652044894
-34.564086547,73.767000000,14.650660719
-34.563581607,73.834000000,14.649281838
-34.563069656,73.901000000,14.647908214
-34.562550739,73.968000000,14.646539812
-34.562024901,74.035000000,14.645176598
-34.561492190,74.102000000,14.643818534
-34.560952649,74.169000000,14.642465587
-34.560406325,74.236000000,14.641117720
-34.559853264,74.303000000,14.639774899
-34.559293510,74.370000000,14.638437087
-34.558727111,74.437000000,14.637104250
-34.558154110,74.504000000,14.635776352
-34.557574554,74.571000000,14.634453357
-34.556988489,74.638000000,14.633135231
-34.556395960,74.705000000,14.631821937
-34.555797012,74.772000000,14.630513441
-34.555191692,74.839000000,14.629209707
-34.554580045,74.906000000,14.627910699
-34.553962117,74.973000000,14.626616382
-34.553337953,75.040000000,14.625326721
-34.552707598,75.107000000,14.624041681
-34.552071099,75.174000000,14.622761225
-34.551428501,75.241000000,14.621485319
-34.550779850,75.308000000,14.620213927
-34.550125191,75.375000000,14.618947013
-34.549464570,75.442000000,14.617684543
-34.548798033,75.509000000,14.616426481
-34.548125625,75.576000000,14.615172791
-34.547447392,75.643000000,14.613923438
-34.546763379,75.710000000,14.612678387
-34.546073632,75.777000000,14.611437602
-34.545378197,75.844000000,14.610201047
-34.544677119,75.911000000,14.608968689
-34.543970444,75.978000000,14.607740490
-34.543258218,76.045000000,14.606516416
-34.542540485,76.112000000,14.605296431
-34.541817293,76.179000000,14.604080499
-34.541088686,76.246000000,14.602868587
-34.540354710,76.313000000,14.601660657
-34.539615411,76.380000000,14.600456674
-34.538870834,76.447000000,14.599256604
-34.538121025,76.514000000,14.598060410
-34.537366029,76.581000000,14.596868058
-34.536605893,76.648000000,14.595679512
-34.535840661,76.715000000,14.594494736
-34.535070380,76.782000000,14.593313695
-34.534295094,76.849000000,14.592136354
-34.533514851,76.916000000,14.590962677
-34.532729694,76.983000000,14.589792630
-34.531939671,77.050000000,14.588626175
-34.531144826,77.117000000,14.587463279
-34.530345205,77.184000000,14.586303905
-34.529540854,77.251000000,14.585148018
-34.528731818,77.318000000,14.583995584
-34.527918143,77.385000000,14.582846565
-34.527099875,77.452000000,14.581700928
-34.526277059,77.519000000,14.580558636
-34.525449741,77.586000000,14.579419655
-34.524617966,77.653000000,14.578283948
-34.523781781,77.720000000,14.577151480
-34.522941230,77.787000000,14.576022217
-34.522096360,77.854000000,14.574896122
-34.521247215,77.921000000,14.573773160
-34.520393842,77.988000000,14.572653296
-34.519536287,78.055000000,14.571536494
-34.518674594,78.122000000,14.570422719
-34.517808809,78.189000000,14.569311936
-34.516938979,78.256000000,14.568204109
-34.516065148,78.323000000,14.567099202
-34.515187363,78.390000000,14.565997181
-34.514305668,78.457000000,14.564898010
-34.513420111,78.524000000,14.563801653
-34.512530735,78.591000000,14.562708075
-34.511637587,78.658000000,14.561617240
-34.510740713,78.725000000,14.560529114
-34.509840157,78.792000000,14.559443661
-34.508935967,78.859000000,14.558360845
-34.508028186,78.926000000,14.557280631
-34.507116862,78.993000000,14.556202984
-34.506202039,79.060000000,14.555127868
-34.505283763,79.127000000,14.554055248
-34.504362080,79.194000000,14.552985088
-34.503437035,79.261000000,14.551917353
-34.502508675,79.328000000,14.550852007
-34.501577044,79.395000000,14.549789016
-34.500642188,79.462000000,14.548728344
-34.499704153,79.529000000,14.547669954
-34.498762985,79.596000000,14.546613813
-34.497818729,79.663000000,14.545559884
-34.496871431,79.730000000,14.544508132
-34.495921136,79.797000000,14.543458522
-34.494967890,79.864000000,14.542411019
-34.494011738,79.931000000,14.541365586
-34.493052727,79.998000000,14.540322188
-34.492090902,80.065000000,14.539280791
-34.491126308,80.132000000,14.538241358
-34.490158991,80.199000000,14.537203854
-34.489188997,80.266000000,14.536168245
-34.488216372,80.333000000,14.535134493
-34.487241160,80.400000000,14.534102565
-34.486263408,80.467000000,14.533072424
-34.485283161,80.534000000,14.532044036
-34.484300465,80.601000000,14.531017364
-34.483315366,80.668000000,14.529992374
-34.482327909,80.735000000,14.528969029
-34.481338139,80.802000000,14.527947295
-34.480346103,80.869000000,14.526927137
-34.479351845,80.936000000,14.525908518
-34.478355412,81.003000000,14.524891403
-34.477356850,81.070000000,14.523875757
-34.476356203,81.137000000,14.522861545
-34.475353518,81.204000000,14.521848731
-34.474348839,81.271000000,14.520837279
-34.473342214,81.338000000,14.519827155
-34.472333686,81.405000000,14.518818323
-34.471323303,81.472000000,14.517810747
-34.470311109,81.539000000,14.516804392
-34.469297151,81.606000000,14.515799223
-34.468281473,81.673000000,14.514795204
-34.467264121,81.740000000,14.513792300
-34.466245142,81.807000000,14.512790475
-34.465224580,81.874000000,14.511789694
-34.464202482,81.941000000,14.510789922
-34.463178892,82.008000000,14.509791123
-34.462153857,82.075000000,14.508793262
-34.461127422,82.142000000,14.507796303
-34.460099633,82.209000000,14.506800212
-34.459070535,82.276000000,14.505804951
-34.458040175,82.343000000,14.504810487
-34.457008597,82.410000000,14.503816784
-34.455975847,82.477000000,14.502823806
-34.454941971,82.544000000,14.501831518
-34.453907014,82.611000000,14.500839884
-34.452871023,82.678000000,14.499848869
-34.451834043,82.745000000,14.498858438
-34.450796118,82.812000000,14.497868556
-34.449757296,82.879000000,14.496879186
-34.448717622,82.946000000,14.495890294
-34.447677140,83.013000000,14.494901844
-34.446635898,83.080000000,14.493913800
-34.445593940,83.147000000,14.492926128
-34.444551312,83.214000000,14.491938791
-34.443508060,83.281000000,14.490951755
-34.442464229,83.348000000,14.489964984
-34.441419865,83.415000000,14.488978443
-34.440375014,83.482000000,14.487992095
-34.439329721,83.549000000,14.487005907
-34.438284031,83.616000000,14.486019842
-34.437237992,83.683000000,14.485033865
-34.436191647,83.750000000,14.484047940
-34.435145043,83.817000000,14.483062033
-34.434098225,83.884000000,14.482076107
-34.433051239,83.951000000,14.481090127
-34.432004131,84.018000000,14.480104059
-34.430956946,84.085000000,14.479117866
-34.429909730,84.152000000,14.478131513
-34.428862528,84.219000000,14.477144965
-34.427815386,84.286000000,14.476158186
-34.426768350,84.353000000,14.475171141
-34.425721466,84.420000000,14.474183794
-34.424674778,84.487000000,14.473196111
-34.423628333,84.554000000,14.472208055
-34.422582175,84.621000000,14.471219591
-34.421536352,84.688000000,14.470230684
-34.420490908,84.755000000,14.469241299
-34.419445889,84.822000000,14.468251400
-34.418401341,84.889000000,14.467260951
-34.417357309,84.956000000,14.466269917
-34.416313839,85.023000000,14.465278263
-34.415270976,85.090000000,14.464285954
-34.414228767,85.157000000,14.463292953
-34.413187256,85.224000000,14.462299227
-34.412146490,85.291000000,14.461304738
-34.411106514,85.358000000,14.460309452
-34.410067373,85.425000000,14.459313333
-34.409029114,85.492000000,14.458316346
-34.407991781,85.559000000,14.457318456
-34.406955421,85.626000000,14.456319627
-34.405920079,85.693000000,14.455319823
-34.404885801,85.760000000,14.454319010
-34.403852632,85.827000000,14.453317152
-34.402820618,85.894000000,14.452314213
-34.401789805,85.961000000,14.451310158
-34.400760238,86.028000000,14.450304952
-34.399731963,86.095000000,14.449298559
-34.398705025,86.162000000,14.448290944
-34.397679470,86.229000000,14.447282071
-34.396655345,86.296000000,14.446271906
-34.395632693,86.363000000,14.445260412
-34.394611561,86.430000000,14.444247554
-34.393591995,86.497000000,14.443233297
-34.392574040,86.564000000,14.442217605
-34.391557742,86.631000000,14.441200443
-34.390543147,86.698000000,14.440181776
-34.389530299,86.765000000,14.439161568
-34.388519245,86.832000000,14.438139784
-34.387510031,86.899000000,14.437116388
-34.386502701,86.966000000,14.436091345
-34.385497302,87.033000000,14.435064619
-34.384493879,87.100000000,14.434036176
-34.383492478,87.167000000,14.433005979
-34.382493145,87.234000000,14.431973994
-34.381495924,87.301000000,14.430940184
-34.380500862,87.368000000,14.429904515
-34.379508005,87.435000000,14.428866951
-34.378517397,87.502000000,14.427827457
-34.377529085,87.569000000,14.426785996
-34.376543114,87.636000000,14.425742535
-34.375559529,87.703000000,14.424697037
-34.374578377,87.770000000,14.423649467
-34.373599704,87.837000000,14.422599790
-34.372623553,87.904000000,14.421547970
-34.371649972,87.971000000,14.420493972
-34.370679006,88.038000000,14.419437760
-34.369710701,88.105000000,14.418379299
-34.368745101,88.172000000,14.417318553
-34.367782254,88.239000000,14.416255488
-34.366822203,88.306000000,14.415190068
-34.365864996,88.373000000,14.414122257
-34.364910677,88.440000000,14.413052019
-34.363959293,88.507000000,14.411979321
-34.363010888,88.574000000,14.410904125
-34.362065509,88.641000000,14.409826397
-34.361123201,88.708000000,14.408746102
-34.360184010,88.775000000,14.407663203
-34.359247981,88.842000000,14.406577665
-34.358315160,88.909000000,14.405489454
-34.357385592,88.976000000,14.404398534
-34.356459324,89.043000000,14.403304868
-34.355536401,89.110000000,14.402208423
-34.354616868,89.177000000,14.401109162
-34.353700771,89.244000000,14.400007050
-34.352788156,89.311000000,14.398902051
-34.351879068,89.378000000,14.397794131
-34.350973553,89.445000000,14.396683254
-34.350071657,89.512000000,14.395569384
-34.349173425,89.579000000,14.394452486
-34.348278903,89.646000000,14.393332524
-34.347388136,89.713000000,14.392209464
-34.346501170,89.780000000,14.391083269
-34.345618051,89.847000000,14.389953905
-34.344738824,89.914000000,14.388821335
-34.343863535,89.981000000,14.387685525
-34.342992230,90.048000000,14.386546440
-34.342124954,90.115000000,14.385404043
-34.341261752,90.182000000,14.384258299
-34.340402671,90.249000000,14.383109173
-34.339547756,90.316000000,14.381956630
-34.338697053,90.383000000,14.380800633
-34.337850607,90.450000000,14.379641149
-34.337008464,90.517000000,14.378478140
-34.336170669,90.584000000,14.377311572
-34.335337269,90.651000000,14.376141410
-34.334508308,90.718000000,14.374967618
-34.333683833,90.785000000,14.373790161
-34.332863888,90.852000000,14.372609002
-34.332048521,90.919000000,14.371424108
-34.331237775,90.986000000,14.370235441
-34.330431698,91.053000000,14.369042968
-34.329630334,91.120000000,14.367846653
-34.328833729,91.187000000,14.366646466
-34.328041933,91.254000000,14.365442407
-34.327254994,91.321000000,14.364234480
-34.326472961,91.388000000,14.363022692
-34.325695883,91.455000000,14.361807047
-34.324923810,91.522000000,14.360587551
-34.324156789,91.589000000,14.359364209
-34.323394871,91.656000000,14.358137026
-34.322638105,91.723000000,14.356906008
-34.321886538,91.790000000,14.355671160
-34.321140221,91.857000000,14.354432487
-34.320399202,91.924000000,14.353189995
-34.319663530,91.991000000,14.351943688
-34.318933255,92.058000000,14.350693573
-34.318208425,92.125000000,14.349439655
-34.317489090,92.192000000,14.348181938
-34.316775298,92.259000000,14.346920429
-34.316067098,92.326000000,14.345655132
-34.315364540,92.393000000,14.344386053
-34.314667672,92.460000000,14.343113197
-34.313976544,92.527000000,14.341836570
-34.313291204,92.594000000,14.340556176
-34.312611701,92.661000000,14.339272022
-34.311938086,92.728000000,14.337984111
-34.311270405,92.795000000,14.336692451
-34.310608710,92.862000000,14.335397045
-34.309953048,92.929000000,14.334097900
-34.309303468,92.996000000,14.332795021
-34.308660020,93.063000000,14.331488413
-34.308022753,93.130000000,14.330178080
-34.307391715,93.197000000,14.328864030
-34.306766956,93.264000000,14.327546266
-34.306148525,93.331000000,14.326224795
-34.305536470,93.398000000,14.324899621
-34.304930841,93.465000000,14.323570750
-34.304331687,93.532000000,14.322238187
-34.303739057,93.599000000,14.320901938
-34.303152999,93.666000000,14.319562008
-34.302573563,93.733000000,14.318218401
-34.302000798,93.800000000,14.316871124
-34.301434753,93.867000000,14.315520182
-34.300875475,93.934000000,14.314165578
-34.300323012,94.001000000,14.312807318
-34.299777411,94.068000000,14.311445404
-34.299238721,94.135000000,14.310079842
-34.298706988,94.202000000,14.308710635
-34.298182261,94.269000000,14.307337787
-34.297664586,94.336000000,14.305961303
-34.297154012,94.403000000,14.304581186
-34.296650586,94.470000000,14.303197440
-34.296154355,94.537000000,14.301810071
-34.295665367,94.604000000,14.300419081
-34.295183671,94.671000000,14.299024475
-34.294709312,94.738000000,14.297626257
-34.294242339,94.805000000,14.296224431
-34.293782800,94.872000000,14.294819001
-34.293330742,94.939000000,14.293409971
-34.292886212,95.006000000,14.291997346
-34.292449259,95.073000000,14.290581130
-34.292019929,95.140000000,14.289161325
-34.291598270,95.207000000,14.287737938
-34.291184330,95.274000000,14.286310971
-34.290778157,95.341000000,14.284880429
-34.290379798,95.408000000,14.283446315
-34.289989300,95.475000000,14.282008635
-34.289606712,95.542000000,14.280567392
-34.289232080,95.609000000,14.279122590
-34.288865452,95.676000000,14.277674234
-34.288506877,95.743000000,14.276222326
-34.288156401,95.810000000,14.274766872
-34.287814071,95.877000000,14.273307876
-34.287479937,95.944000000,14.271845341
-34.287154045,96.011000000,14.270379273
-34.286836442,96.078000000,14.268909673
-34.286527177,96.145000000,14.267436548
-34.286226296,96.212000000,14.265959901
-34.285933848,96.279000000,14.264479736
-34.285649880,96.346000000,14.262996057
-34.285374440,96.413000000,14.261508869
-34.285107575,96.480000000,14.260018175
-34.284849332,96.547000000,14.258523979
-34.284599760,96.614000000,14.257026286
-34.284358906,96.681000000,14.255525100
-34.284126818,96.748000000,14.254020424
-34.283903542,96.815000000,14.252512263
-34.283689127,96.882000000,14.251000622
-34.283483620,96.949000000,14.249485503
-34.283287069,97.016000000,14.247966911
-34.283099521,97.083000000,14.246444851
-34.282921025,97.150000000,14.244919326
-34.282751626,97.217000000,14.243390340
-34.282591374,97.284000000,14.241857898
-34.282440315,97.351000000,14.240322003
-34.282298498,97.418000000,14.238782661
-34.282165969,97.485000000,14.237239874
-34.282042777,97.552000000,14.235693646
-34.281928969,97.619000000,14.234143983
-34.281824592,97.686000000,14.232590888
-34.281729694,97.753000000,14.231034365
-34.281644323,97.820000000,14.229474418
-34.281568526,97.887000000,14.227911052
-34.281502351,97.954000000,14.226344270
-34.281445845,98.021000000,14.224774077
-34.281399057,98.088000000,14.223200476
-34.281362032,98.155000000,14.221623472
-34.281334820,98.222000000,14.220043069
-34.281317468,98.289000000,14.218459271
-34.281310022,98.356000000,14.216872081
-34.281312532,98.423000000,14.215281505
-34.281325044,98.490000000,14.213687546
-34.281347606,98.557000000,14.212090208
-34.281380265,98.624000000,14.210489496
-34.281423070,98.691000000,14.208885413
-34.281476067,98.758000000,14.207277964
-34.281539304,98.825000000,14.205667152
-34.281612829,98.892000000,14.204052982
-34.281696690,98.959000000,14.202435458
-34.281790934,99.026000000,14.200814584
-34.281895608,99.093000000,14.199190364
-34.282010760,99.160000000,14.197562802
-34.282136438,99.227000000,14.195931902
-34.282272689,99.294000000,14.194297668
-34.282419561,99.361000000,14.192660105
-34.282577102,99.428000000,14.191019217
-34.282745358,99.495000000,14.189375007
-34.282924378,99.562000000,14.187727479
-34.283114209,99.629000000,14.186076639
-34.283314899,99.696000000,14.184422489
-34.283526495,99.763000000,14.182765034
-34.283749045,99.830000000,14.181104279
-34.283982596,99.897000000,14.179440226
-34.284227196,99.964000000,14.177772881
-34.284482893,100.031000000,14.176102247
-34.284749734,100.098000000,14.174428328
-34.285027767,100.165000000,14.172751129
-34.285317039,100.232000000,14.171070654
-34.285617598,100.299000000,14.169386906
-34.285929491,100.366000000,14.167699890
-34.286252767,100.433000000,14.166009610
-34.286587471,100.500000000,14.164316070
-34.286933654,100.567000000,14.162619274
-34.287291360,100.634000000,14.160919226
-34.287660639,100.701000000,14.159215931
-34.288041538,100.768000000,14.157509392
-34.288434105,100.835000000,14.155799613
-34.288838386,100.902000000,14.154086599
-34.289254430,100.969000000,14.152370353
-34.289682284,101.036000000,14.150650880
-34.290121996,101.103000000,14.148928184
-34.290573613,101.170000000,14.147202269
-34.291037184,101.237000000,14.145473139
-34.291512754,101.304000000,14.143740798
-34.292000373,101.371000000,14.142005250
-34.292500087,101.438000000,14.140266500
-34.293011944,101.505000000,14.138524551
-34.293535992,101.572000000,14.136779407
-34.294072279,101.639000000,14.135031073
-34.294620851,101.706000000,14.133279553
-34.295181757,101.773000000,14.131524850
-34.295755044,101.840000000,14.129766969
-34.296340759,101.907000000,14.128005914
-34.296938951,101.974000000,14.126241689
-34.297549667,102.041000000,14.124474299
-34.298172953,102.108000000,14.122703746
-34.298808859,102.175000000,14.120930036
-34.299457431,102.242000000,14.119153172
-34.300118718,102.309000000,14.117373159
-34.300792765,102.376000000,14.115590000
-34.301479622,102.443000000,14.113803700
-34.302179336,102.510000000,14.112014263
-34.302891955,102.577000000,14.110221693
-34.303617525,102.644000000,14.108425993
-34.304356094,102.711000000,14.106627169
-34.305107711,102.778000000,14.104825224
-34.305872422,102.845000000,14.103020162
-34.306650276,102.912000000,14.101211987
-34.307441319,102.979000000,14.099400704
-34.308245600,103.046000000,14.097586317
-34.309063166,103.113000000,14.095768829
-34.309894064,103.180000000,14.093948244
-34.310738342,103.247000000,14.092124568
-34.311596048,103.314000000,14.090297803
-34.312467229,103.381000000,14.088467955
-34.313351933,103.448000000,14.086635026
-34.314250207,103.515000000,14.084799022
-34.315162100,103.582000000,14.082959946
-34.316087657,103.649000000,14.081117802
-34.317026928,103.716000000,14.079272595
-34.317979960,103.783000000,14.077424328
-34.318946800,103.850000000,14.075573006
-34.319927495,103.917000000,14.073718633
-34.320922094,103.984000000,14.071861212
-34.321930644,104.051000000,14.070000749
-34.322953193,104.118000000,14.068137246
-34.323989787,104.185000000,14.066270709
-34.325040476,104.252000000,14.064401140
-34.326105305,104.319000000,14.062528546
-34.327184324,104.386000000,14.060652928
-34.328277578,104.453000000,14.058774292
-34.329385117,104.520000000,14.056892641
-34.330506988,104.587000000,14.055007981
-34.331643237,104.654000000,14.053120314
-34.332793913,104.721000000,14.051229644
-34.333959063,104.788000000,14.049335977
-34.335138736,104.855000000,14.047439316
-34.336332977,104.922000000,14.045539665
-34.337541836,104.989000000,14.043637028
-34.338765359,105.056000000,14.041731409
-34.340003595,105.123000000,14.039822813
-34.341256590,105.190000000,14.037911244
-34.342524392,105.257000000,14.035996705
-34.343807049,105.324000000,14.034079200
-34.345104609,105.391000000,14.032158735
-34.346417118,105.458000000,14.030235312
-34.347744626,105.525000000,14.028308936
-34.349087178,105.592000000,14.026379612
-34.350444823,105.659000000,14.024447342
-34.351817608,105.726000000,14.022512132
-34.353205582,105.793000000,14.020573985
-34.354608790,105.860000000,14.018632906
-34.356027282,105.927000000,14.016688898
-34.357461104,105.994000000,14.014741966
-34.358910305,106.061000000,14.012792113
-34.360374931,106.128000000,14.010839344
-34.361855031,106.195000000,14.008883663
-34.363350651,106.262000000,14.006925075
-34.364861840,106.329000000,14.004963582
-34.366388645,106.396000000,14.002999189
-34.367931113,106.463000000,14.001031901
-34.369489293,106.530000000,13.999061721
-34.371063231,106.597000000,13.997088654
-34.372652976,106.664000000,13.995112703
-34.374258574,106.731000000,13.993133872
-34.375880074,106.798000000,13.991152167
-34.377517524,106.865000000,13.989167590
-34.379170969,106.932000000,13.987180147
-34.380840459,106.999000000,13.985189840
-34.382526041,107.066000000,13.983196674
-34.384227762,107.133000000,13.981200654
-34.385945670,107.200000000,13.979201783
-34.387679812,107.267000000,13.977200065
-34.389430237,107.334000000,13.975195505
-34.391196991,107.401000000,13.973188106
-34.392980122,107.468000000,13.971177873
-34.394779678,107.535000000,13.969164810
-34.396595706,107.602000000,13.967148921
-34.398428255,107.669000000,13.965130209
-34.400277371,107.736000000,13.963108680
-34.402143101,107.803000000,13.961084337
-34.404025495,107.870000000,13.959057184
-34.405924599,107.937000000,13.957027225
-34.407840460,108.004000000,13.954994465
-34.409773127,108.071000000,13.952958908
-34.411722647,108.138000000,13.950920557
-34.413689067,108.205000000,13.948879416
-34.415672436,108.272000000,13.946835491
-34.417672800,108.339000000,13.944788784
-34.419690207,108.406000000,13.942739300
-34.421724705,108.473000000,13.940687044
-34.423776342,108.540000000,13.938632018
-34.425845164,108.607000000,13.936574228
-34.427931220,108.674000000,13.934513677
-34.430034557,108.741000000,13.932450370
-34.432155223,108.808000000,13.930384310
-34.434293265,108.875000000,13.928315502
-34.436448730,108.942000000,13.926243949
-34.438621667,109.009000000,13.924169656
-34.440812123,109.076000000,13.922092628
-34.443020146,109.143000000,13.920012867
-34.445245783,109.210000000,13.917930378
-34.447489081,109.277000000,13.915845166
-34.449750089,109.344000000,13.913757234
-34.452028853,109.411000000,13.911666586
-34.454325422,109.478000000,13.909573226
-34.456639843,109.545000000,13.907477160
-34.458972163,109.612000000,13.905378389
-34.461322431,109.679000000,13.903276920
-34.463690693,109.746000000,13.901172756
-34.466076998,109.813000000,13.899065900
-34.468481392,109.880000000,13.896956357
-34.470903924,109.947000000,13.894844132
-34.473344640,110.014000000,13.892729228
-34.475803590,110.081000000,13.890611649
-34.478280819,110.148000000,13.888491399
-34.480776376,110.215000000,13.886368483
-34.483290309,110.282000000,13.884242905
-34.485822664,110.349000000,13.882114668
-34.488373490,110.416000000,13.879983777
-34.490942833,110.483000000,13.877850236
-34.493530742,110.550000000,13.875714049
-34.496137265,110.617000000,13.873575220
-34.498762448,110.684000000,13.871433753
-34.501406339,110.751000000,13.869289652
-34.504068987,110.818000000,13.867142922
-34.506750437,110.885000000,13.864993566
-34.509450739,110.952000000,13.862841589
-34.512169939,111.019000000,13.860686994
-34.514908086,111.086000000,13.858529786
-34.517665226,111.153000000,13.856369968
-34.520441407,111.220000000,13.854207546
-34.523236678,111.287000000,13.852042523
-34.526051085,111.354000000,13.849874902
-34.528884675,111.421000000,13.847704689
-34.531737498,111.488000000,13.845531887
-34.534609600,111.555000000,13.843356501
-34.537501028,111.622000000,13.841178534
-34.540411831,111.689000000,13.838997990
-34.543342055,111.756000000,13.836814874
-34.546291749,111.823000000,13.834629190
-34.549260960,111.890000000,13.832440942
-34.552249736,111.957000000,13.830250133
-34.555258124,112.024000000,13.828056769
-34.558286171,112.091000000,13.825860853
-34.561333926,112.158000000,13.823662389
-34.564401436,112.225000000,13.821461381
-34.567488749,112.292000000,13.819257833
-34.570595911,112.359000000,13.817051751
-34.573722971,112.426000000,13.814843136
-34.576869976,112.493000000,13.812631994
-34.580036974,112.560000000,13.810418330
-34.583224012,112.627000000,13.808202145
-34.586431139,112.694000000,13.805983446
-34.589658400,112.761000000,13.803762236
-34.592905845,112.828000000,13.801538519
-34.596173521,112.895000000,13.799312300
-34.599461474,112.962000000,13.797083581
-34.602769754,113.029000000,13.794852368
-34.606098406,113.096000000,13.792618665
-34.609447480,113.163000000,13.790382475
-34.612817022,113.230000000,13.788143802
-34.616207081,113.297000000,13.785902652
-34.619617703,113.364000000,13.783659027
-34.623048936,113.431000000,13.781412933
-34.626500828,113.498000000,13.779164372
-34.629973426,113.565000000,13.776913350
-34.633466778,113.632000000,13.774659870
-34.636980932,113.699000000,13.772403936
-34.640515935,113.766000000,13.770145553
-34.644071835,113.833000000,13.767884724
-34.647648678,113.900000000,13.765621454
-34.651246514,113.967000000,13.763355746
-34.654865389,114.034000000,13.761087605
-34.658505351,114.101000000,13.758817036
-34.662166447,114.168000000,13.756544041
-34.665848726,114.235000000,13.754268625
-34.669552234,114.302000000,13.751990793
-34.673277020,114.369000000,13.749710547
-34.677023130,114.436000000,13.747427893
-34.680790613,114.503000000,13.745142835
-34.684579515,114.570000000,13.742855376
-34.688389885,114.637000000,13.740565521
-34.692221771,114.704000000,13.738273273
-34.696075219,114.771000000,13.735978638
-34.699950277,114.838000000,13.733681618
-34.703846993,114.905000000,13.731382218
-34.707765415,114.972000000,13.729080443
-34.711705589,115.039000000,13.726776295
-34.715667564,115.106000000,13.724469780
-34.719651387,115.173000000,13.722160902
-34.723657106,115.240000000,13.719849663
-34.727684769,115.307000000,13.717536070
-34.731734422,115.374000000,13.715220125
-34.735806113,115.441000000,13.712901833
-34.739899890,115.508000000,13.710581197
-34.744015801,115.575000000,13.708258223
-34.748153894,115.642000000,13.705932914
-34.752314214,115.709000000,13.703605274
-34.756496812,115.776000000,13.701275307
-34.760701733,115.843000000,13.698943017
-34.764929025,115.910000000,13.696608409
-34.769178736,115.977000000,13.694271486
-34.773450915,116.044000000,13.691932253
-34.777745607,116.111000000,13.689590713
-34.782062861,116.178000000,13.687246872
-34.786402724,116.245000000,13.684900732
-34.790765244,116.312000000,13.682552298
-34.795150468,116.379000000,13.680201575
-34.799558445,116.446000000,13.677848565
-34.803989221,116.513000000,13.675493274
-34.808442845,116.580000000,13.673135705
-34.812919363,116.647000000,13.670775862
-34.817418823,116.714000000,13.668413751
-34.821941273,116.781000000,13.666049373
-34.826486761,116.848000000,13.663682735
-34.831055334,116.915000000,13.661313839
-34.835647039,116.982000000,13.658942690
-34.840261925,117.049000000,13.656569292
-34.844900038,117.116000000,13.654193649
-34.849561427,117.183000000,13.651815766
-34.854246138,117.250000000,13.649435645
-34.858954220,117.317000000,13.647053293
-34.863685720,117.384000000,13.644668711
-34.868440686,117.451000000,13.642281905
-34.873219165,117.518000000,13.639892879
-34.878021204,117.585000000,13.637501636
-34.882846852,117.652000000,13.635108182
-34.887696156,117.719000000,13.632712519
-34.892569164,117.786000000,13.630314652
-34.897465922,117.853000000,13.627914586
-34.902386479,117.920000000,13.625512323
-34.907330882,117.987000000,13.623107869
-34.912299179,118.054000000,13.620701228
-34.917291418,118.121000000,13.618292403
-34.922307645,118.188000000,13.615881398
-34.927347909,118.255000000,13.613468218
-34.932412257,118.322000000,13.611052867
-34.937500736,118.389000000,13.608635349
-34.942613395,118.456000000,13.606215667
-34.947750281,118.523000000,13.603793827
-34.952911441,118.590000000,13.601369832
-34.958096922,118.657000000,13.598943686
-34.963306774,118.724000000,13.596515394
-34.968541042,118.791000000,13.594084959
-34.973799775,118.858000000,13.591652385
-34.979083021,118.925000000,13.589217677
-34.984390826,118.992000000,13.586780839
-34.989723239,119.059000000,13.584341874
-34.995080306,119.126000000,13.581900788
-35.000462076,119.193000000,13.579457583
-35.005868596,119.260000000,13.577012264
-35.011299914,119.327000000,13.574564836
-35.016756077,119.394000000,13.572115302
-35.022237133,119.461000000,13.569663666
-35.027743129,119.528000000,13.567209933
-35.033274113,119.595000000,13.564754106
-35.038830133,119.662000000,13.562296190
-35.044411236,119.729000000,13.559836189
-35.050017469,119.796000000,13.557374106
-35.055648881,119.863000000,13.554909947
-35.061305519,119.930000000,13.552443714
-35.066987430,119.997000000,13.549975412
-35.072694662,120.064000000,13.547505046
-35.078427263,120.131000000,13.545032619
-35.084185279,120.198000000,13.542558135
-35.089968760,120.265000000,13.540081599
-35.095777751,120.332000000,13.537603015
-35.101612302,120.399000000,13.535122386
-35.107472459,120.466000000,13.532639716
-35.113358270,120.533000000,13.530155011
-35.119269782,120.600000000,13.527668274
-35.125207044,120.667000000,13.525179508
-35.131170102,120.734000000,13.522688719
-35.137159005,120.801000000,13.520195910
-35.143173799,120.868000000,13.517701085
-35.149214533,120.935000000,13.515204249
-35.155281254,121.002000000,13.512705405
-35.161374010,121.069000000,13.510204558
-35.167492847,121.136000000,13.507701711
-35.173637815,121.203000000,13.505196870
-35.179808959,121.270000000,13.502690037
-35.186006329,121.337000000,13.500181217
-35.192229971,121.404000000,13.497670414
-35.198479933,121.471000000,13.495157632
-35.204756262,121.538000000,13.492642876
-35.211059007,121.605000000,13.490126149
-35.217388215,121.672000000,13.487607455
-35.223743933,121.739000000,13.485086799
-35.230126208,121.806000000,13.482564184
-35.236535089,121.873000000,13.480039615
-35.242970624,121.940000000,13.477513096
-35.249432858,122.007000000,13.474984631
-35.255921841,122.074000000,13.472454224
-35.262437620,122.141000000,13.469921879
-35.268980242,122.208000000,13.467387600
-35.275549755,122.275000000,13.464851392
-35.282146206,122.342000000,13.462313257
-35.288769644,122.409000000,13.459773202
-35.295420115,122.476000000,13.457231228
-35.302097667,122.543000000,13.454687342
-35.308802348,122.610000000,13.452141546
-35.315534205,122.677000000,13.449593845
-35.322293287,122.744000000,13.447044243
-35.329079639,122.811000000,13.444492744
-35.335893311,122.878000000,13.441939352
-35.342734350,122.945000000,13.439384071
-35.349602802,123.012000000,13.436826905
-35.356498717,123.079000000,13.434267859
-35.363422140,123.146000000,13.431706937
-35.370373121,123.213000000,13.429144142
-35.377351706,123.280000000,13.426579478
-35.384357943,123.347000000,13.424012951
-35.391391880,123.414000000,13.421444561
-35.398453562,123.481000000,13.418874314
-35.405543038,123.548000000,13.416302212
-35.412660353,123.615000000,13.413728257
-35.419805556,123.682000000,13.411152452
-35.426978693,123.749000000,13.408574802
-35.434179811,123.816000000,13.405995308
-35.441408958,123.883000000,13.403413973
-35.448666180,123.950000000,13.400830801
-35.455951524,124.017000000,13.398245795
-35.463265037,124.084000000,13.395658957
-35.470606767,124.151000000,13.393070291
-35.477976760,124.218000000,13.390479799
-35.485375064,124.285000000,13.387887485
-35.492801725,124.352000000,13.385293351
-35.500256790,124.419000000,13.382697401
-35.507740307,124.486000000,13.380099637
-35.515252322,124.553000000,13.377500062
-35.522792883,124.620000000,13.374898680
-35.530362036,124.687000000,13.372295493
-35.537959829,124.754000000,13.369690505
-35.545586309,124.821000000,13.367083718
-35.553241522,124.888000000,13.364475135
-35.560925515,124.955000000,13.361864759
-35.568638337,125.022000000,13.359252594
-35.576380033,125.089000000,13.356638642
-35.584150650,125.156000000,13.354022906
-35.591950237,125.223000000,13.351405389
-35.599778839,125.290000000,13.348786095
-35.607636504,125.357000000,13.346165025
-35.615523278,125.424000000,13.343542184
-35.623439210,125.491000000,13.340917574
-35.631384345,125.558000000,13.338291198
-35.639358731,125.625000000,13.335663059
-35.647362415,125.692000000,13.333033160
-35.655395444,125.759000000,13.330401504
-35.663457865,125.826000000,13.327768094
-35.671549724,125.893000000,13.325132933
-35.679671070,125.960000000,13.322496024
-35.687821949,126.027000000,13.319857370
-35.696002407,126.094000000,13.317216974
-35.704212493,126.161000000,13.314574839
-35.712452253,126.228000000,13.311930968
-35.720721734,126.295000000,13.309285364
-35.729020983,126.362000000,13.306638029
-35.737350047,126.429000000,13.303988967
-35.745708973,126.496000000,13.301338182
-35.754097808,126.563000000,13.298685674
-35.762516600,126.630000000,13.296031449
-35.770965394,126.697000000,13.293375509
-35.779444239,126.764000000,13.290717856
-35.787953182,126.831000000,13.288058494
-35.796492268,126.898000000,13.285397425
-35.805061546,126.965000000,13.282734653
-35.813661062,127.032000000,13.280070181
-35.822290864,127.099000000,13.277404012
-35.830950998,127.166000000,13.274736148
-35.839641511,127.233000000,13.272066592
-35.848362450,127.300000000,13.269395348
-35.857113864,127.367000000,13.266722419
-35.865895797,127.434000000,13.264047808
-35.874708298,127.501000000,13.261371516
-35.883551414,127.568000000,13.258693549
-35.892425191,127.635000000,13.256013907
-35.901329677,127.702000000,13.253332595
-35.910264918,127.769000000,13.250649616
-35.919230962,127.836000000,13.247964972
-35.928227855,127.903000000,13.245278666
-35.937255645,127.970000000,13.242590702
-35.946314379,128.037000000,13.239901082
-35.955404103,128.104000000,13.237209810
-35.964524866,128.171000000,13.234516887
-35.973676713,128.238000000,13.231822318
-35.982859691,128.305000000,13.229126106
-35.992073849,128.372000000,13.226428252
-36.001319232,128.439000000,13.223728761
-36.010595888,128.506000000,13.221027635
-36.019903864,128.573000000,13.218324877
-36.029243207,128.640000000,13.215620490
-36.038613943,128.707000000,13.212914477
-36.048016013,128.774000000,13.210206841
-36.057449340,128.841000000,13.207497583
-36.066913843,128.908000000,13.204786705
-36.076409445,128.975000000,13.202074211
-36.085936066,129.042000000,13.199360101
-36.095493627,129.109000000,13.196644379
-36.105082049,129.176000000,13.193927045
-36.114701253,129.243000000,13.191208104
-36.124351161,129.310000000,13.188487556
-36.134031693,129.377000000,13.185765403
-36.143742770,129.444000000,13.183041649
-36.153484314,129.511000000,13.180316295
-36.163256245,129.578000000,13.177589343
-36.173058485,129.645000000,13.174860795
-36.182890954,129.712000000,13.172130654
-36.192753574,129.779000000,13.169398922
-36.202646265,129.846000000,13.166665601
-36.212568949,129.913000000,13.163930693
-36.222521546,129.980000000,13.161194200
-36.232503979,130.047000000,13.158456125
-36.242516167,130.114000000,13.155716469
-36.252558032,130.181000000,13.152975235
-36.262629494,130.248000000,13.150232425
-36.272730476,130.315000000,13.147488041
-36.282860898,130.382000000,13.144742085
-36.293020680,130.449000000,13.141994560
-36.303209745,130.516000000,13.139245467
-36.313428012,130.583000000,13.136494809
-36.323675404,130.650000000,13.133742588
-36.333951841,130.717000000,13.130988806
-36.344257244,130.784000000,13.128233466
-36.354591534,130.851000000,13.125476568
-36.364954632,130.918000000,13.122718117
-36.375346460,130.985000000,13.119958113
-36.385766938,131.052000000,13.117196559
-36.396215988,131.119000000,13.114433457
-36.406693530,131.186000000,13.111668809
-36.417199485,131.253000000,13.108902618
-36.427733775,131.320000000,13.106134885
-36.438296320,131.387000000,13.103365613
-36.448887042,131.454000000,13.100594804
-36.459505862,131.521000000,13.097822460
-36.470152700,131.588000000,13.095048583
-36.480827478,131.655000000,13.092273176
-36.491530117,131.722000000,13.089496240
-36.502260538,131.789000000,13.086717778
-36.513018661,131.856000000,13.083937791
-36.523804408,131.923000000,13.081156283
-36.534617701,131.990000000,13.078373255
-36.545458459,132.057000000,13.075588710
-36.556326604,132.124000000,13.072802649
-36.567222057,132.191000000,13.070015074
-36.578144739,132.258000000,13.067225989
-36.589094572,132.325000000,13.064435395
-36.600071475,132.392000000,13.061643294
-36.611075371,132.459000000,13.058849688
-36.622106180,132.526000000,13.056054580
-36.633163824,132.593000000,13.053257971
-36.644248222,132.660000000,13.050459864
-36.655359297,132.727000000,13.047660262
-36.666496970,132.794000000,13.044859165
-36.677661161,132.861000000,13.042056577
-36.688851791,132.928000000,13.039252500
-36.700068782,132.995000000,13.036446935
-36.711312055,133.062000000,13.033639885
-36.722581530,133.129000000,13.030831352
-36.733877129,133.196000000,13.028021338
-36.745198772,133.263000000,13.025209846
-36.756546381,133.330000000,13.022396877
-36.767919877,133.397000000,13.019582434
-36.779319181,133.464000000,13.016766518
-36.790744214,133.531000000,13.013949133
-36.802194897,133.598000000,13.011130280
-36.813671150,133.665000000,13.008309961
-36.825172896,133.732000000,13.005488179
-36.836700054,133.799000000,13.002664935
-36.848252547,133.866000000,12.999840232
-36.859830295,133.933000000,12.997014073
-36.871433219,134.000000000,12.994186458
-36.883061240,134.067000000,12.991357391
-36.894714279,134.134000000,12.988526873
-36.906392258,134.201000000,12.985694907
-36.918095097,134.268000000,12.982861494
-36.929822718,134.335000000,12.980026638
-36.941575040,134.402000000,12.977190340
-36.953351987,134.469000000,12.974352602
-36.965153477,134.536000000,12.971513427
-36.976979434,134.603000000,12.968672816
-36.988829776,134.670000000,12.965830772
-37.000704427,134.737000000,12.962987298
-37.012603306,134.804000000,12.960142394
-37.024526335,134.871000000,12.957296064
-37.036473434,134.938000000,12.954448309
-37.048444525,135.005000000,12.951599131
-37.060439529,135.072000000,12.948748534
-37.072458367,135.139000000,12.945896518
-37.084500960,135.206000000,12.943043087
-37.096567229,135.273000000,12.940188242
-37.108657095,135.340000000,12.937331985
-37.120770479,135.407000000,12.934474320
-37.132907302,135.474000000,12.931615246
-37.145067485,135.541000000,12.928754768
-37.157250949,135.608000000,12.925892887
-37.169457615,135.675000000,12.923029605
-37.181687405,135.742000000,12.920164925
-37.193940238,135.809000000,12.917298849
-37.206216037,135.876000000,12.914431378
-37.218514723,135.943000000,12.911562515
-37.230836216,136.010000000,12.908692262
-37.243180437,136.077000000,12.905820621
-37.255547308,136.144000000,12.902947595
-37.267936749,136.211000000,12.900073186
-37.280348682,136.278000000,12.897197395
-37.292783028,136.345000000,12.894320225
-37.305239707,136.412000000,12.891441679
-37.317718640,136.479000000,12.888561758
-37.330219750,136.546000000,12.885680464
-37.342742956,136.613000000,12.882797799
-37.355288180,136.680000000,12.879913767
-37.367855343,136.747000000,12.877028368
-37.380444366,136.814000000,12.874141606
-37.393055170,136.881000000,12.871253481
-37.405687676,136.948000000,12.868363998
-37.418341804,137.015000000,12.865473156
-37.431017477,137.082000000,12.862580960
-37.443714615,137.149000000,12.859687410
-37.456433139,137.216000000,12.856792510
-37.469172970,137.283000000,12.853896261
-37.481934030,137.350000000,12.850998665
-37.494716239,137.417000000,12.848099725
-37.507519518,137.484000000,12.845199442
-37.520343788,137.551000000,12.842297820
-37.533188971,137.618000000,12.839394859
-37.546054987,137.685000000,12.836490563
-37.558941758,137.752000000,12.833584933
-37.571849204,137.819000000,12.830677972
-37.584777246,137.886000000,12.827769682
-37.597725807,137.953000000,12.824860064
-37.610694806,138.020000000,12.821949121
-37.623684164,138.087000000,12.819036856
-37.636693804,138.154000000,12.816123270
-37.649723645,138.221000000,12.813208366
-37.662773608,138.288000000,12.810292145
-37.675843616,138.355000000,12.807374611
-37.688933589,138.422000000,12.804455764
-37.702043447,138.489000000,12.801535608
-37.715173113,138.556000000,12.798614144
-37.728322506,138.623000000,12.795691374
-37.741491549,138.690000000,12.792767301
-37.754680161,138.757000000,12.789841927
-37.767888265,138.824000000,12.786915255
-37.781115781,138.891000000,12.783987285
-37.794362630,138.958000000,12.781058021
-37.807628734,139.025000000,12.778127464
-37.820914012,139.092000000,12.775195617
-37.834218387,139.159000000,12.772262482
-37.847541780,139.226000000,12.769328061
-37.860884110,139.293000000,12.766392356
-37.874245301,139.360000000,12.763455369
-37.887625271,139.427000000,12.760517103
-37.901023944,139.494000000,12.757577560
-37.914441239,139.561000000,12.754636742
-37.927877077,139.628000000,12.751694650
-37.941331380,139.695000000,12.748751288
-37.954804069,139.762000000,12.745806657
-37.968295065,139.829000000,12.742860760
-37.981804288,139.896000000,12.739913598
-37.995331661,139.963000000,12.736965174
-38.008877103,140.030000000,12.734015491
-38.022440536,140.097000000,12.731064549
-38.036021881,140.164000000,12.728112352
-38.049621059,140.231000000,12.725158901
-38.063237991,140.298000000,12.722204199
-38.076872598,140.365000000,12.719248248
-38.090524801,140.432000000,12.716291050
-38.104194521,140.499000000,12.713332607
-38.117881680,140.566000000,12.710372921
-38.131586198,140.633000000,12.707411995
-38.145307996,140.700000000,12.704449830
-38.159046995,140.767000000,12.701486429
-38.172803117,140.834000000,12.698521795
-38.186576282,140.901000000,12.695555928
-38.200366412,140.968000000,12.692588832
-38.214173427,141.035000000,12.689620508
-38.227997249,141.102000000,12.686650959
-38.241837798,141.169000000,12.683680187
-38.255694996,141.236000000,12.680708194
-38.269568763,141.303000000,12.677734982
-38.283459022,141.370000000,12.674760553
-38.297365692,141.437000000,12.671784910
-38.311288694,141.504000000,12.668808054
-38.325227951,141.571000000,12.665829988
-38.339183382,141.638000000,12.662850714
-38.353154910,141.705000000,12.659870234
-38.367142454,141.772000000,12.656888551
-38.381145936,141.839000000,12.653905666
-38.395165277,141.906000000,12.650921582
-38.409200399,141.973000000,12.647936300
-38.423251221,142.040000000,12.644949824
-38.437317666,142.107000000,12.641962154
-38.451399654,142.174000000,12.638973294
-38.465497106,142.241000000,12.635983245
-38.479609943,142.308000000,12.632992010
-38.493738087,142.375000000,12.629999591
-38.507881458,142.442000000,12.627005990
-38.522039977,142.509000000,12.624011209
-38.536213566,142.576000000,12.621015250
-38.550402145,142.643000000,12.618018115
-38.564605636,142.710000000,12.615019808
-38.578823959,142.777000000,12.612020329
-38.593057036,142.844000000,12.609019680
-38.607304788,142.911000000,12.606017865
-38.621567135,142.978000000,12.603014886
-38.635843999,143.045000000,12.600010744
-38.650135301,143.112000000,12.597005441
-38.664440962,143.179000000,12.593998980
-38.678760902,143.246000000,12.590991363
-38.693095044,143.313000000,12.587982592
-38.707443307,143.380000000,12.584972670
-38.721805613,143.447000000,12.581961597
-38.736181883,143.514000000,12.578949378
-38.750572039,143.581000000,12.575936013
-38.764976000,143.648000000,12.572921505
-38.779393689,143.715000000,12.569905856
-38.793825026,143.782000000,12.566889069
-38.808269932,143.849000000,12.563871145
-38.822728328,143.916000000,12.560852086
-38.837200136,143.983000000,12.557831895
-38.851685276,144.050000000,12.554810575
-38.866183669,144.117000000,12.551788126
-38.880695237,144.184000000,12.548764551
-38.895219900,144.251000000,12.545739853
-38.909757580,144.318000000,12.542714034
-38.924308197,144.385000000,12.539687095
-38.938871673,144.452000000,12.536659039
-38.953447928,144.519000000,12.533629868
-38.968036885,144.586000000,12.530599584
-38.982638462,144.653000000,12.527568190
-38.997252583,144.720000000,12.524535688
-39.011879168,144.787000000,12.521502079
-39.026518137,144.854000000,12.518467366
-39.041169412,144.921000000,12.515431551
-39.055832914,144.988000000,12.512394636
-39.070508564,145.055000000,12.509356624
-39.085196284,145.122000000,12.506317516
-39.099895993,145.189000000,12.503277315
-39.114607613,145.256000000,12.500236023
-39.129331065,145.323000000,12.497193642
-39.144066271,145.390000000,12.494150174
-39.158813151,145.457000000,12.491105621
-39.173571626,145.524000000,12.488059986
-39.188341617,145.591000000,12.485013271
-39.203123046,145.658000000,12.481965477
-39.217915833,145.725000000,12.478916608
-39.232719899,145.792000000,12.475866665
-39.247535166,145.859000000,12.472815650
-39.262361555,145.926000000,12.469763566
-39.277198986,145.993000000,12.466710414
-39.292047380,146.060000000,12.463656198
-39.306906659,146.127000000,12.460600918
-39.321776744,146.194000000,12.457544577
-39.336657556,146.261000000,12.454487178
-39.351549015,146.328000000,12.451428723
-39.366451043,146.395000000,12.448369213
-39.381363561,146.462000000,12.445308651
-39.396286490,146.529000000,12.442247039
-39.411219751,146.596000000,12.439184379
-39.426163264,146.663000000,12.436120673
-39.441116952,146.730000000,12.433055924
-39.456080735,146.797000000,12.429990134
-39.471054534,146.864000000,12.426923305
-39.486038270,146.931000000,12.423855438
-39.501031864,146.998000000,12.420786537
-39.516035237,147.065000000,12.417716603
-39.531048310,147.132000000,12.414645639
-39.546071005,147.199000000,12.411573646
-39.561103242,147.266000000,12.408500627
-39.576144943,147.333000000,12.405426584
-39.591196028,147.400000000,12.402351519
-39.606256418,147.467000000,12.399275435
-39.621326035,147.534000000,12.396198333
-39.636404800,147.601000000,12.393120216
-39.651492633,147.668000000,12.390041085
-39.666589455,147.735000000,12.386960944
-39.681695189,147.802000000,12.383879793
-39.696809754,147.869000000,12.380797636
-39.711933071,147.936000000,12.377714475
-39.727065063,148.003000000,12.374630311
-39.742205649,148.070000000,12.371545147
-39.757354751,148.137000000,12.368458985
-39.772512290,148.204000000,12.365371827
-39.787678187,148.271000000,12.362283675
-39.802852364,148.338000000,12.359194532
-39.818034740,148.405000000,12.356104399
-39.833225237,148.472000000,12.353013280
-39.848423776,148.539000000,12.349921175
-39.863630278,148.606000000,12.346828087
-39.878844665,148.673000000,12.343734019
-39.894066857,148.740000000,12.340638972
-39.909296775,148.807000000,12.337542949
-39.924534340,148.874000000,12.334445952
-39.939779474,148.941000000,12.331347982
-39.955032097,149.008000000,12.328249043
-39.970292131,149.075000000,12.325149136
-39.985559496,149.142000000,12.322048263
-40.000834114,149.209000000,12.318946427
-40.016115905,149.276000000,12.315843630
-40.031404791,149.343000000,12.312739874
-40.046700692,149.410000000,12.309635160
-40.062003531,149.477000000,12.306529492
-40.077313226,149.544000000,12.303422872
-40.092629701,149.611000000,12.300315301
-40.107952876,149.678000000,12.297206782
-40.123282671,149.745000000,12.294097317
-40.138619008,149.812000000,12.290986908
-40.153961808,149.879000000,12.287875557
-40.169310993,149.946000000,12.284763267
-40.184666482,150.013000000,12.281650039
-40.200028197,150.080000000,12.278535876
-40.215396059,150.147000000,12.275420780
-40.230769990,150.214000000,12.272304753
-40.246149909,150.281000000,12.269187798
-40.261535739,150.348000000,12.266069915
-40.276927401,150.415000000,12.262951109
-40.292324814,150.482000000,12.259831380
-40.307727901,150.549000000,12.256710731
-40.323136582,150.616000000,12.253589164
-40.338550779,150.683000000,12.250466681
-40.353970412,150.750000000,12.247343285
-40.369395403,150.817000000,12.244218977
-40.384825672,150.884000000,12.241093760
-40.400261141,150.951000000,12.237967636
-40.415701730,151.018000000,12.234840607
-40.431147361,151.085000000,12.231712676
-40.446597955,151.152000000,12.228583843
-40.462053433,151.219000000,12.225454112
-40.477513715,151.286000000,12.222323485
-40.492978723,151.353000000,12.219191964
-40.508448378,151.420000000,12.216059551
-40.523922602,151.487000000,12.212926248
-40.539401314,151.554000000,12.209792058
-40.554884436,151.621000000,12.206656982
-40.570371889,151.688000000,12.203521023
-40.585863594,151.755000000,12.200384183
-40.601359472,151.822000000,12.197246463
-40.616859445,151.889000000,12.194107867
-40.632363433,151.956000000,12.190968397
-40.647871357,152.023000000,12.187828054
-40.663383138,152.090000000,12.184686840
-40.678898698,152.157000000,12.181544759
-40.694417957,152.224000000,12.178401811
-40.709940836,152.291000000,12.175258000
-40.725467257,152.358000000,12.172113327
-40.740997140,152.425000000,12.168967795
-40.756530407,152.492000000,12.165821405
-40.772066979,152.559000000,12.162674160
-40.787606776,152.626000000,12.159526063
-40.803149720,152.693000000,12.156377114
-40.818695732,152.760000000,12.153227317
-40.834244732,152.827000000,12.150076673
-40.849796642,152.894000000,12.146925185
-40.865351383,152.961000000,12.143772855
-40.880908876,153.028000000,12.140619685
-40.896469042,153.095000000,12.137465677
-40.912031801,153.162000000,12.134310833
-40.927597076,153.229000000,12.131155156
-40.943164787,153.296000000,12.127998648
-40.958734855,153.363000000,12.124841310
-40.974307201,153.430000000,12.121683146
-40.989881746,153.497000000,12.118524157
-41.005458411,153.564000000,12.115364345
-41.021037118,153.631000000,12.112203712
-41.036617787,153.698000000,12.109042261
-41.052200339,153.765000000,12.105879994
-41.067784695,153.832000000,12.102716913
-41.083370777,153.899000000,12.099553021
-41.098958506,153.966000000,12.096388318
-41.114547802,154.033000000,12.093222808
-41.130138586,154.100000000,12.090056493
-41.145730780,154.167000000,12.086889374
-41.161324305,154.234000000,12.083721455
-41.176919082,154.301000000,12.080552736
-41.192515031,154.368000000,12.077383221
-41.208112073,154.435000000,12.074212912
-41.223710131,154.502000000,12.071041810
-41.239309124,154.569000000,12.067869918
-41.254908975,154.636000000,12.064697238
-41.270509603,154.703000000,12.061523772
-41.286110930,154.770000000,12.058349522
-41.301712877,154.837000000,12.055174491
-41.317315365,154.904000000,12.051998680
-41.332918316,154.971000000,12.048822092
-41.348521649,155.038000000,12.045644730
-41.364125287,155.105000000,12.042466594
-41.379729149,155.172000000,12.039287688
-41.395333158,155.239000000,12.036108013
-41.410937235,155.306000000,12.032927572
-41.426541299,155.373000000,12.029746366
-41.442145273,155.440000000,12.026564399
-41.457749076,155.507000000,12.023381672
-41.473352626,155.574000000,12.020198189
-41.488955837,155.641000000,12.017013955
-41.504558626,155.708000000,12.013828974
-41.520160907,155.775000000,12.010643251
-41.535762597,155.842000000,12.007456789
-41.551363611,155.909000000,12.004269593
-41.566963866,155.976000000,12.001081668
-41.582563275,156.043000000,11.997893017
-41.598161756,156.110000000,11.994703644
-41.613759224,156.177000000,11.991513555
-41.629355594,156.244000000,11.988322754
-41.644950782,156.311000000,11.985131244
-41.660544703,156.378000000,11.981939030
-41.676137274,156.445000000,11.978746117
-41.691728410,156.512000000,11.975552508
-41.707318027,156.579000000,11.972358209
-41.722906040,156.646000000,11.969163222
-41.738492365,156.713000000,11.965967553
-41.754076917,156.780000000,11.962771206
-41.769659613,156.847000000,11.959574186
-41.785240367,156.914000000,11.956376496
-41.800819095,156.981000000,11.953178140
-41.816395714,157.048000000,11.949979124
-41.831970139,157.115000000,11.946779451
-41.847542285,157.182000000,11.943579126
-41.863112067,157.249000000,11.940378153
-41.878679403,157.316000000,11.937176536
-41.894244206,157.383000000,11.933974280
-41.909806394,157.450000000,11.930771389
-41.925365881,157.517000000,11.927567867
-41.940922584,157.584000000,11.924363718
-41.956476417,157.651000000,11.921158948
-41.972027296,157.718000000,11.917953560
-41.987575138,157.785000000,11.914747558
-42.003119857,157.852000000,11.911540946
-42.018661370,157.919000000,11.908333730
-42.034199592,157.986000000,11.905125914
-42.049734438,158.053000000,11.901917500
-42.065265825,158.120000000,11.898708495
-42.080793667,158.187000000,11.895498903
-42.096317881,158.254000000,11.892288726
-42.111838383,158.321000000,11.889077971
-42.127355087,158.388000000,11.885866641
-42.142867909,158.455000000,11.882654740
-42.158376766,158.522000000,11.879442273
-42.173881573,158.589000000,11.876229245
-42.189382244,158.656000000,11.873015658
-42.204878697,158.723000000,11.869801519
-42.220370847,158.790000000,11.866586830
-42.235858608,158.857000000,11.863371597
-42.251341898,158.924000000,11.860155823
-42.266820631,158.991000000,11.856939514
-42.282294724,159.058000000,11.853722672
-42.297764091,159.125000000,11.850505303
-42.313228649,159.192000000,11.847287411
-42.328688313,159.259000000,11.844069000
-42.344142999,159.326000000,11.840850074
-42.359592622,159.393000000,11.837630639
-42.375037098,159.460000000,11.834410697
-42.390476342,159.527000000,11.831190254
-42.405910272,159.594000000,11.827969313
-42.421338800,159.661000000,11.824747879
-42.436761845,159.728000000,11.821525957
-42.452179321,159.795000000,11.818303550
-42.467591144,159.862000000,11.815080663
-42.482997229,159.929000000,11.811857300
-42.498397492,159.996000000,11.808633466
-42.513791849,160.063000000,11.805409164
-42.529180215,160.130000000,11.802184400
-42.544562507,160.197000000,11.798959177
-42.559938639,160.264000000,11.795733499
-42.575308528,160.331000000,11.792507372
-42.590672088,160.398000000,11.789280799
-42.606029236,160.465000000,11.786053785
-42.621379887,160.532000000,11.782826333
-42.636723958,160.599000000,11.779598449
-42.652061362,160.666000000,11.776370136
-42.667392017,160.733000000,11.773141399
-42.682715838,160.800000000,11.769912243
-42.698032740,160.867000000,11.766682670
-42.713342639,160.934000000,11.763452687
-42.728645450,161.001000000,11.760222296
-42.743941090,161.068000000,11.756991503
-42.759229475,161.135000000,11.753760311
-42.774510518,161.202000000,11.750528726
-42.789784137,161.269000000,11.747296751
-42.805050247,161.336000000,11.744064390
-42.820308763,161.403000000,11.740831648
-42.835559602,161.470000000,11.737598529
-42.850802678,161.537000000,11.734365038
-42.866037908,161.604000000,11.731131179
-42.881265207,161.671000000,11.727896955
-42.896484490,161.738000000,11.724662372
-42.911695674,161.805000000,11.721427434
-42.926898674,161.872000000,11.718192145
-42.942093405,161.939000000,11.714956509
-42.957279784,162.006000000,11.711720530
-42.972457726,162.073000000,11.708484214
-42.987627146,162.140000000,11.705247564
-43.002787960,162.207000000,11.702010584
-43.017940084,162.274000000,11.698773279
-43.033083434,162.341000000,11.695535653
-43.048217925,162.408000000,11.692297711
-43.063343472,162.475000000,11.689059456
-43.078459992,162.542000000,11.685820894
-43.093567400,162.609000000,11.682582027
-43.108665611,162.676000000,11.679342862
-43.123754542,162.743000000,11.676103401
-43.138834108,162.810000000,11.672863650
-43.153904224,162.877000000,11.669623612
-43.168964806,162.944000000,11.666383292
-43.184015770,163.011000000,11.663142694
-43.199057032,163.078000000,11.659901823
-43.214088507,163.145000000,11.656660682
-43.229110110,163.212000000,11.653419277
-43.244121758,163.279000000,11.650177611
-43.259123366,163.346000000,11.646935688
-43.274114850,163.413000000,11.643693514
-43.289096124,163.480000000,11.640451091
-43.304067106,163.547000000,11.637208426
-43.319027710,163.614000000,11.633965521
-43.333977853,163.681000000,11.630722382
-43.348917449,163.748000000,11.627479012
-43.363846415,163.815000000,11.624235416
-43.378764666,163.882000000,11.620991598
-43.393672118,163.949000000,11.617747562
-43.408568686,164.016000000,11.614503313
-43.423454286,164.083000000,11.611258855
-43.438328834,164.150000000,11.608014193
-43.453192245,164.217000000,11.604769330
-43.468044435,164.284000000,11.601524271
-43.482885320,164.351000000,11.598279020
-43.497714815,164.418000000,11.595033582
-43.512532836,164.485000000,11.591787961
-43.527339298,164.552000000,11.588542161
-43.542134117,164.619000000,11.585296186
-43.556917209,164.686000000,11.582050041
-43.571688490,164.753000000,11.578803730
-43.586447875,164.820000000,11.575557258
-43.601195279,164.887000000,11.572310628
-43.615930618,164.954000000,11.569063845
-43.630653809,165.021000000,11.565816913
-43.645364766,165.088000000,11.562569837
-43.660063405,165.155000000,11.559322621
-43.674749643,165.222000000,11.556075269
-43.689423393,165.289000000,11.552827786
-43.704084573,165.356000000,11.549580175
-43.718733098,165.423000000,11.546332442
-43.733368883,165.490000000,11.543084590
-43.747991844,165.557000000,11.539836623
-43.762601897,165.624000000,11.536588547
-43.777198958,165.691000000,11.533340365
-43.791782941,165.758000000,11.530092081
-43.806353763,165.825000000,11.526843701
-43.820911339,165.892000000,11.523595228
-43.835455584,165.959000000,11.520346666
-43.849986416,166.026000000,11.517098020
-43.864503749,166.093000000,11.513849294
-43.879007498,166.160000000,11.510600493
-43.893497590,166.227000000,11.507351622
-43.907973989,166.294000000,11.504102690
-43.922436669,166.361000000,11.500853708
-43.936885607,166.428000000,11.497604688
-43.951320776,166.495000000,11.494355639
-43.965742150,166.562000000,11.491106572
-43.980149706,166.629000000,11.487857500
-43.994543417,166.696000000,11.484608431
-44.008923259,166.763000000,11.481359377
-44.023289206,166.830000000,11.478110349
-44.037641232,166.897000000,11.474861357
-44.051979313,166.964000000,11.471612412
-44.066303423,167.031000000,11.468363525
-44.080613537,167.098000000,11.465114707
-44.094909630,167.165000000,11.461865969
-44.109191676,167.232000000,11.458617320
-44.123459650,167.299000000,11.455368773
-44.137713528,167.366000000,11.452120337
-44.151953282,167.433000000,11.448872024
-44.166178890,167.500000000,11.445623845
-44.180390324,167.567000000,11.442375809
-44.194587560,167.634000000,11.439127928
-44.208770573,167.701000000,11.435880212
-44.222939337,167.768000000,11.432632673
-44.237093827,167.835000000,11.429385322
-44.251234017,167.902000000,11.426138168
-44.265359884,167.969000000,11.422891222
-44.279471400,168.036000000,11.419644496
-44.293568541,168.103000000,11.416398000
-44.307651282,168.170000000,11.413151746
-44.321719598,168.237000000,11.409905742
-44.335773463,168.304000000,11.406660002
-44.349812851,168.371000000,11.403414534
-44.363837738,168.438000000,11.400169351
-44.377848099,168.505000000,11.396924462
-44.391843907,168.572000000,11.393679879
-44.405825139,168.639000000,11.390435612
-44.419791768,168.706000000,11.387191672
-44.433743769,168.773000000,11.383948070
-44.447681117,168.840000000,11.380704817
-44.461603787,168.907000000,11.377461923
-44.475511753,168.974000000,11.374219399
-44.489404991,169.041000000,11.370977256
-44.503283474,169.108000000,11.367735504
-44.517147179,169.175000000,11.364494155
-44.530996078,169.242000000,11.361253219
-44.544830148,169.309000000,11.358012708
-44.558649363,169.376000000,11.354772630
-44.572453697,169.443000000,11.351532999
-44.586243126,169.510000000,11.348293823
-44.600017623,169.577000000,11.345055115
-44.613777165,169.644000000,11.341816884
-44.627521725,169.711000000,11.338579142
-44.641251278,169.778000000,11.335341899
-44.654965799,169.845000000,11.332105166
-44.668665263,169.912000000,11.328868954
-44.682349644,169.979000000,11.325633274
-44.696018918,170.046000000,11.322398136
-44.709673059,170.113000000,11.319163551
-44.723312041,170.180000000,11.315929530
-44.736935839,170.247000000,11.312696084
-44.750544429,170.314000000,11.309463223
-44.764137785,170.381000000,11.306230958
-44.777715881,170.448000000,11.302999300
-44.791278692,170.515000000,11.299768260
-44.804826194,170.582000000,11.296537848
-44.818358360,170.649000000,11.293308076
-44.831875166,170.716000000,11.290078953
-44.845376586,170.783000000,11.286850492
-44.858862595,170.850000000,11.283622702
-44.872333168,170.917000000,11.280395594
-44.885788280,170.984000000,11.277169179
-44.899227904,171.051000000,11.273943468
-44.912652016,171.118000000,11.270718472
-44.926060591,171.185000000,11.267494201
-44.939453604,171.252000000,11.264270666
-44.952831028,171.319000000,11.261047878
-44.966192840,171.386000000,11.257825848
-44.979539013,171.453000000,11.254604586
-44.992869522,171.520000000,11.251384104
-45.006184342,171.587000000,11.248164411
-45.019483449,171.654000000,11.244945519
-45.032766815,171.721000000,11.241727439
-45.046034417,171.788000000,11.238510180
-45.059286229,171.855000000,11.235293755
-45.072522225,171.922000000,11.232078174
-45.085742381,171.989000000,11.228863447
-45.098946671,172.056000000,11.225649585
-45.112135071,172.123000000,11.222436600
-45.125307553,172.190000000,11.219224501
-45.138464094,172.257000000,11.216013300
-45.151604668,172.324000000,11.212803007
-45.164729250,172.391000000,11.209593633
-45.177837815,172.458000000,11.206385190
-45.190930337,172.525000000,11.203177687
-45.204006791,172.592000000,11.199971135
-45.217067152,172.659000000,11.196765546
-45.230111394,172.726000000,11.193560929
-45.243139492,172.793000000,11.190357296
-45.256151422,172.860000000,11.187154658
-45.269147157,172.927000000,11.183953025
-45.282126672,172.994000000,11.180752408
-45.295089943,173.061000000,11.177552818
-45.308036943,173.128000000,11.174354265
-45.320967649,173.195000000,11.171156761
-45.333882033,173.262000000,11.167960316
-45.346780072,173.329000000,11.164764940
-45.359661739,173.396000000,11.161570645
-45.372527010,173.463000000,11.158377442
-45.385375860,173.530000000,11.155185341
-45.398208262,173.597000000,11.151994352
-45.411024192,173.664000000,11.148804487
-45.423823625,173.731000000,11.145615757
-45.436606534,173.798000000,11.142428172
-45.449372896,173.865000000,11.139241743
-45.462122685,173.932000000,11.136056480
-45.474855875,173.999000000,11.132872395
-45.487572441,174.066000000,11.129689499
-45.500272357,174.133000000,11.126507801
-45.512955600,174.200000000,11.123327313
-45.525622143,174.267000000,11.120148046
-45.538271961,174.334000000,11.116970010
-45.550905029,174.401000000,11.113793216
-45.563521321,174.468000000,11.110617675
-45.576120812,174.535000000,11.107443397
-45.588703478,174.602000000,11.104270394
-45.601269292,174.669000000,11.101098676
-45.613818230,174.736000000,11.097928254
-45.626350266,174.803000000,11.094759139
-45.638865375,174.870000000,11.091591341
-45.651363532,174.937000000,11.088424871
-45.663844711,175.004000000,11.085259740
-45.676308887,175.071000000,11.082095959
-45.688756035,175.138000000,11.078933539
-45.701186130,175.205000000,11.075772489
-45.713599146,175.272000000,11.072612822
-45.725995058,175.339000000,11.069454548
-45.738373841,175.406000000,11.066297677
-45.750735470,175.473000000,11.063142220
-45.763079918,175.540000000,11.059988188
-45.775407162,175.607000000,11.056835593
-45.787717175,175.674000000,11.053684444
-45.800009933,175.741000000,11.050534752
-45.812285410,175.808000000,11.047386529
-45.824543581,175.875000000,11.044239784
-45.836784421,175.942000000,11.041094529
-45.849007904,176.009000000,11.037950775
-45.861214006,176.076000000,11.034808531
-45.873402700,176.143000000,11.031667810
-45.885573961,176.210000000,11.028528621
-45.897727765,176.277000000,11.025390976
-45.909864086,176.344000000,11.022254885
-45.921982899,176.411000000,11.019120360
-45.934084179,176.478000000,11.015987410
-45.946167899,176.545000000,11.012856046
-45.958234036,176.612000000,11.009726280
-45.970282563,176.679000000,11.006598122
-45.982313456,176.746000000,11.003471583
-45.994326689,176.813000000,11.000346673
-46.006322237,176.880000000,10.997223404
-46.018300075,176.947000000,10.994101786
-46.030260177,177.014000000,10.990981830
-46.042202518,177.081000000,10.987863547
-46.054127073,177.148000000,10.984746947
-46.066033816,177.215000000,10.981632041
-46.077922723,177.282000000,10.978518840
-46.089793768,177.349000000,10.975407355
-46.101646926,177.416000000,10.972297597
-46.113482171,177.483000000,10.969189575
-46.125299478,177.550000000,10.966083302
-46.137098823,177.617000000,10.962978788
-46.148880179,177.684000000,10.959876043
-46.160643521,177.751000000,10.956775078
-46.172388825,177.818000000,10.953675905
-46.184116065,177.885000000,10.950578533
-46.195825215,177.952000000,10.947482974
-46.207516251,178.019000000,10.944389239
-46.219189147,178.086000000,10.941297337
-46.230843877,178.153000000,10.938207281
-46.242480417,178.220000000,10.935119080
-46.254098742,178.287000000,10.932032746
-46.265698826,178.354000000,10.928948289
-46.277280643,178.421000000,10.925865720
-46.288844169,178.488000000,10.922785049
-46.300389378,178.555000000,10.919706288
-46.311916245,178.622000000,10.916629448
-46.323424744,178.689000000,10.913554538
-46.334914852,178.756000000,10.910481570
-46.346386541,178.823000000,10.907410555
-46.357839787,178.890000000,10.904341503
-46.369274565,178.957000000,10.901274425
-46.380690849,179.024000000,10.898209333
-46.392088615,179.091000000,10.895146235
-46.403467836,179.158000000,10.892085144
-46.414828487,179.225000000,10.889026071
-46.426170544,179.292000000,10.885969025
-46.437493981,179.359000000,10.882914018
-46.448798773,179.426000000,10.879861060
-46.460084895,179.493000000,10.876810163
-46.471352320,179.560000000,10.873761336
-46.482601025,179.627000000,10.870714592
-46.493830983,179.694000000,10.867669939
-46.505042169,179.761000000,10.864627391
-46.516234559,179.828000000,10.861586956
-46.527408127,179.895000000,10.858548646
-46.538562847,179.962000000,10.855512471
-46.549698694,180.029000000,10.852478443
-46.560815644,180.096000000,10.849446572
-46.571913671,180.163000000,10.846416869
-46.582992749,180.230000000,10.843389344
-46.594052853,180.297000000,10.840364009
-46.605093958,180.364000000,10.837340874
-46.616116040,180.431000000,10.834319950
-46.627119071,180.498000000,10.831301248
-46.638103028,180.565000000,10.828284778
-46.649067885,180.632000000,10.825270551
-46.660013616,180.699000000,10.822258579
-46.670940197,180.766000000,10.819248871
-46.681847602,180.833000000,10.816241439
-46.692735806,180.900000000,10.813236292
-46.703604783,180.967000000,10.810233443
-46.714454509,181.034000000,10.807232902
-46.725284958,181.101000000,10.804234680
-46.736096105,181.168000000,10.801238786
-46.746887924,181.235000000,10.798245233
-46.757660390,181.302000000,10.795254031
-46.768413479,181.369000000,10.792265190
-46.779147164,181.436000000,10.789278722
-46.789861421,181.503000000,10.786294637
-46.800556224,181.570000000,10.783312946
-46.811231548,181.637000000,10.780333659
-46.821887367,181.704000000,10.777356788
-46.832523657,181.771000000,10.774382343
-46.843140392,181.838000000,10.771410336
-46.853737547,181.905000000,10.768440776
-46.864315097,181.972000000,10.765473674
-46.874873015,182.039000000,10.762509042
-46.885411278,182.106000000,10.759546890
-46.895929860,182.173000000,10.756587228
-46.906428735,182.240000000,10.753630069
-46.916907881,182.307000000,10.750675420
-46.927367282,182.374000000,10.747723285
-46.937806926,182.441000000,10.744773666
-46.948226800,182.508000000,10.741826565
-46.958626891,182.575000000,10.738881984
-46.969007187,182.642000000,10.735939924
-46.979367675,182.709000000,10.733000387
-46.989708342,182.776000000,10.730063376
-47.000029175,182.843000000,10.727128891
-47.010330162,182.910000000,10.724196935
-47.020611289,182.977000000,10.721267509
-47.030872545,183.044000000,10.718340616
-47.041113917,183.111000000,10.715416256
-47.051335391,183.178000000,10.712494433
-47.061536955,183.245000000,10.709575147
-47.071718596,183.312000000,10.706658401
-47.081880302,183.379000000,10.703744197
-47.092022059,183.446000000,10.700832535
-47.102143856,183.513000000,10.697923419
-47.112245679,183.580000000,10.695016849
-47.122327515,183.647000000,10.692112828
-47.132389352,183.714000000,10.689211357
-47.142431177,183.781000000,10.686312439
-47.152452978,183.848000000,10.683416074
-47.162454741,183.915000000,10.680522266
-47.172436454,183.982000000,10.677631015
-47.182398105,184.049000000,10.674742324
-47.192339679,184.116000000,10.671856194
-47.202261165,184.183000000,10.668972627
-47.212162551,184.250000000,10.666091625
-47.222043822,184.317000000,10.663213189
-47.231904967,184.384000000,10.660337323
-47.241745973,184.451000000,10.657464026
-47.251566826,184.518000000,10.654593302
-47.261367515,184.585000000,10.651725152
-47.271148026,184.652000000,10.648859578
-47.280908347,184.719000000,10.645996581
-47.290648466,184.786000000,10.643136164
-47.300368368,184.853000000,10.640278328
-47.310068042,184.920000000,10.637423075
-47.319747475,184.987000000,10.634570407
-47.329406654,185.054000000,10.631720325
-47.339045566,185.121000000,10.628872833
-47.348664199,185.188000000,10.626027930
-47.358262540,185.255000000,10.623185620
-47.367840576,185.322000000,10.620345903
-47.377398295,185.389000000,10.617508782
-47.386935683,185.456000000,10.614674259
-47.396452728,185.523000000,10.611842336
-47.405949418,185.590000000,10.609013013
-47.415425738,185.657000000,10.606186293
-47.424881678,185.724000000,10.603362179
-47.434317224,185.791000000,10.600540671
-47.443732362,185.858000000,10.597721771
-47.453127082,185.925000000,10.594905482
-47.462501369,185.992000000,10.592091804
-47.471855211,186.059000000,10.589280741
-47.481188596,186.126000000,10.586472293
-47.490501510,186.193000000,10.583666463
-47.499793941,186.260000000,10.580863252
-47.509065876,186.327000000,10.578062662
-47.518317303,186.394000000,10.575264696
-47.527548208,186.461000000,10.572469354
-47.536758580,186.528000000,10.569676638
-47.545948404,186.595000000,10.566886551
-47.555117669,186.662000000,10.564099094
-47.564266361,186.729000000,10.561314270
-47.573394469,186.796000000,10.558532079
-47.582501978,186.863000000,10.555752523
-47.591588878,186.930000000,10.552975606
-47.600655154,186.997000000,10.550201327
-47.609700794,187.064000000,10.547429690
-47.618725785,187.131000000,10.544660695
-47.627730115,187.198000000,10.541894345
-47.636713771,187.265000000,10.539130642
-47.645676740,187.332000000,10.536369587
-47.654619009,187.399000000,10.533611182
-47.663540566,187.466000000,10.530855429
-47.672441397,187.533000000,10.528102330
-47.681321491,187.600000000,10.525351886
-47.690180835,187.667000000,10.522604100
-47.699019415,187.734000000,10.519858973
-47.707837219,187.801000000,10.517116508
-47.716634234,187.868000000,10.514376705
-47.725410447,187.935000000,10.511639566
-47.734165847,188.002000000,10.508905094
-47.742900419,188.069000000,10.506173291
-47.751614151,188.136000000,10.503444157
-47.760307032,188.203000000,10.500717696
-47.768979047,188.270000000,10.497993908
-47.777630184,188.337000000,10.495272796
-47.786260430,188.404000000,10.492554361
-47.794869773,188.471000000,10.489838605
-47.803458200,188.538000000,10.487125530
-47.812025697,188.605000000,10.484415138
-47.820572254,188.672000000,10.481707431
-47.829097856,188.739000000,10.479002410
-47.837602490,188.806000000,10.476300077
-47.846086145,188.873000000,10.473600434
-47.854548808,188.940000000,10.470903484
-47.862990465,189.007000000,10.468209226
-47.871411104,189.074000000,10.465517665
-47.879810712,189.141000000,10.462828800
-47.888189277,189.208000000,10.460142635
-47.896546786,189.275000000,10.457459171
-47.904883225,189.342000000,10.454778409
-47.913198583,189.409000000,10.452100352
-47.921492847,189.476000000,10.449425001
-47.929766003,189.543000000,10.446752359
-47.938018040,189.610000000,10.444082426
-47.946248943,189.677000000,10.441415205
-47.954458702,189.744000000,10.438750698
-47.962647302,189.811000000,10.436088907
-47.970814731,189.878000000,10.433429832
-47.978960977,189.945000000,10.430773477
-47.987086026,190.012000000,10.428119842
-47.995189867,190.079000000,10.425468931
-48.003272485,190.146000000,10.422820743
-48.011333869,190.213000000,10.420175282
-48.019374006,190.280000000,10.417532549
-48.027392883,190.347000000,10.414892546
-48.035390487,190.414000000,10.412255275
-48.043366805,190.481000000,10.409620737
-48.051321826,190.548000000,10.406988935
-48.059255535,190.615000000,10.404359870
-48.067167921,190.682000000,10.401733544
-48.075058970,190.749000000,10.399109959
-48.082928670,190.816000000,10.396489116
-48.090777008,190.883000000,10.393871018
-48.098603972,190.950000000,10.391255666
-48.106409548,191.017000000,10.388643062
-48.114193724,191.084000000,10.386033208
-48.121956488,191.151000000,10.383426106
-48.129697825,191.218000000,10.380821757
-48.137417725,191.285000000,10.378220163
-48.145116173,191.352000000,10.375621327
-48.152793158,191.419000000,10.373025250
-48.160448666,191.486000000,10.370431933
-48.168082685,191.553000000,10.367841379
-48.175695202,191.620000000,10.365253589
-48.183286204,191.687000000,10.362668566
-48.190855679,191.754000000,10.360086310
-48.198403613,191.821000000,10.357506825
-48.205929995,191.888000000,10.354930111
-48.213434811,191.955000000,10.352356170
-48.220918048,192.022000000,10.349785005
-48.228379695,192.089000000,10.347216616
-48.235819737,192.156000000,10.344651007
-48.243238163,192.223000000,10.342088179
-48.250634960,192.290000000,10.339528132
-48.258010114,192.357000000,10.336970871
-48.265363614,192.424000000,10.334416395
-48.272695446,192.491000000,10.331864707
-48.280005598,192.558000000,10.329315810
-48.287294057,192.625000000,10.326769703
-48.294560810,192.692000000,10.324226390
-48.301805844,192.759000000,10.321685873
-48.309029148,192.826000000,10.319148152
-48.316230707,192.893000000,10.316613230
-48.323410510,192.960000000,10.314081109
-48.330568539,193.027000000,10.311551790
-48.337704757,193.094000000,10.309025277
-48.344819124,193.161000000,10.306501570
-48.351911599,193.228000000,10.303980674
-48.358982140,193.295000000,10.301462589
-48.366030708,193.362000000,10.298947320
-48.373057261,193.429000000,10.296434867
-48.380061758,193.496000000,10.293925234
-48.387044158,193.563000000,10.291418423
-48.394004420,193.630000000,10.288914437
-48.400942504,193.697000000,10.286413277
-48.407858368,193.764000000,10.283914947
-48.414751972,193.831000000,10.281419448
-48.421623275,193.898000000,10.278926783
-48.428472235,193.965000000,10.276436956
-48.435298812,194.032000000,10.273949967
-48.442102965,194.099000000,10.271465820
-48.448884653,194.166000000,10.268984516
-48.455643834,194.233000000,10.266506060
-48.462380469,194.300000000,10.264030452
-48.469094516,194.367000000,10.261557695
-48.475785935,194.434000000,10.259087792
-48.482454684,194.501000000,10.256620745
-48.489100722,194.568000000,10.254156557
-48.495724009,194.635000000,10.251695230
-48.502324503,194.702000000,10.249236766
-48.508902164,194.769000000,10.246781168
-48.515456951,194.836000000,10.244328439
-48.521988823,194.903000000,10.241878580
-48.528497739,194.970000000,10.239431595
-48.534983657,195.037000000,10.236987485
-48.541446538,195.104000000,10.234546254
-48.547886340,195.171000000,10.232107903
-48.554303022,195.238000000,10.229672435
-48.560696544,195.305000000,10.227239852
-48.567066864,195.372000000,10.224810158
-48.573413941,195.439000000,10.222383354
-48.579737735,195.506000000,10.219959442
-48.586038205,195.573000000,10.217538426
-48.592315310,195.640000000,10.215120307
-48.598569008,195.707000000,10.212705089
-48.604799259,195.774000000,10.210292773
-48.611006022,195.841000000,10.207883362
-48.617189257,195.908000000,10.205476859
-48.623348921,195.975000000,10.203073265
-48.629484975,196.042000000,10.200672584
-48.635597377,196.109000000,10.198274817
-48.641686087,196.176000000,10.195879968
-48.647751063,196.243000000,10.193488038
-48.653792264,196.310000000,10.191099030
-48.659809650,196.377000000,10.188712947
-48.665803180,196.444000000,10.186329791
-48.671772813,196.511000000,10.183949564
-48.677718507,196.578000000,10.181572269
-48.683640223,196.645000000,10.179197908
-48.689537919,196.712000000,10.176826484
-48.695411554,196.779000000,10.174457999
-48.701261087,196.846000000,10.172092456
-48.707086477,196.913000000,10.169729857
-48.712887684,196.980000000,10.167370204
-48.718664666,197.047000000,10.165013500
-48.724417382,197.114000000,10.162659748
-48.730145793,197.181000000,10.160308949
-48.735849856,197.248000000,10.157961107
-48.741529531,197.315000000,10.155616223
-48.747184776,197.382000000,10.153274300
-48.752815552,197.449000000,10.150935341
-48.758421817,197.516000000,10.148599348
-48.764003530,197.583000000,10.146266324
-48.769560650,197.650000000,10.143936270
-48.775093136,197.717000000,10.141609190
-48.780600948,197.784000000,10.139285085
-48.786084044,197.851000000,10.136963959
-48.791542383,197.918000000,10.134645813
-48.796975926,197.985000000,10.132330650
-48.802384630,198.052000000,10.130018473
-48.807768454,198.119000000,10.127709284
-48.813127359,198.186000000,10.125403085
-48.818461303,198.253000000,10.123099880
-48.823770244,198.320000000,10.120799669
-48.829054143,198.387000000,10.118502456
-48.834312958,198.454000000,10.116208244
-48.839546648,198.521000000,10.113917033
-48.844755172,198.588000000,10.111628829
-48.849938490,198.655000000,10.109343631
-48.855096560,198.722000000,10.107061444
-48.860229342,198.789000000,10.104782268
-48.865336795,198.856000000,10.102506108
-48.870418877,198.923000000,10.100232965
-48.875475548,198.990000000,10.097962842
-48.880506767,199.057000000,10.095695741
-48.885512494,199.124000000,10.093431664
-48.890492686,199.191000000,10.091170615
-48.895447303,199.258000000,10.088912594
-48.900376305,199.325000000,10.086657606
-48.905279650,199.392000000,10.084405653
-48.910157297,199.459000000,10.082156735
-48.915009206,199.526000000,10.079910858
-48.919835335,199.593000000,10.077668022
-48.924635644,199.660000000,10.075428230
-48.929410092,199.727000000,10.073191484
-48.934158637,199.794000000,10.070957788
-48.938881240,199.861000000,10.068727143
-48.943577858,199.928000000,10.066499552
-48.948248452,199.995000000,10.064275017
-48.952892979,200.062000000,10.062053541
-48.957511400,200.129000000,10.059835126
-48.962103673,200.196000000,10.057619775
-48.966669758,200.263000000,10.055407490
-48.971209613,200.330000000,10.053198273
-48.975723197,200.397000000,10.050992128
-48.980210470,200.464000000,10.048789055
-48.984671391,200.531000000,10.046589059
-48.989105919,200.598000000,10.044392141
-48.993514012,200.665000000,10.042198304
-48.997895631,200.732000000,10.040007550
-49.002250733,200.799000000,10.037819881
-49.006579279,200.866000000,10.035635301
-49.010881227,200.933000000,10.033453811
-49.015156536,201.000000000,10.031275414
-49.019405166,201.067000000,10.029100112
-49.023627074,201.134000000,10.026927908
-49.027822222,201.201000000,10.024758805
-49.031990567,201.268000000,10.022592804
-49.036132069,201.335000000,10.020429908
-49.040246686,201.402000000,10.018270120
-49.044334379,201.469000000,10.016113442
-49.048395105,201.536000000,10.013959876
-49.052428824,201.603000000,10.011809425
-49.056435496,201.670000000,10.009662092
-49.060415078,201.737000000,10.007517878
-49.064367531,201.804000000,10.005376787
-49.068292813,201.871000000,10.003238820
-49.072190884,201.938000000,10.001103980
-49.076061702,202.005000000,9.998972270
-49.079905227,202.072000000,9.996843692
-49.083721417,202.139000000,9.994718248
-49.087510232,202.206000000,9.992595942
-49.091271631,202.273000000,9.990476774
-49.095005573,202.340000000,9.988360748
-49.098712017,202.407000000,9.986247867
-49.102390922,202.474000000,9.984138132
-49.106042247,202.541000000,9.982031546
-49.109665951,202.608000000,9.979928112
-49.113261994,202.675000000,9.977827832
-49.116830334,202.742000000,9.975730708
-49.120370931,202.809000000,9.973636743
-49.123883743,202.876000000,9.971545939
-49.127368729,202.943000000,9.969458299
-49.130825850,203.010000000,9.967373825
-49.134255063,203.077000000,9.965292519
-49.137656328,203.144000000,9.963214385
-49.141029605,203.211000000,9.961139424
-49.144374851,203.278000000,9.959067640
-49.147692026,203.345000000,9.956999033
-49.150981090,203.412000000,9.954933607
-49.154242001,203.479000000,9.952871365
-49.157474718,203.546000000,9.950812308
-49.160679201,203.613000000,9.948756440
-49.163855408,203.680000000,9.946703762
-49.167003299,203.747000000,9.944654277
-49.170122832,203.814000000,9.942607987
-49.173213968,203.881000000,9.940564895
-49.176276664,203.948000000,9.938525004
-49.179310880,204.015000000,9.936488316
-49.182316576,204.082000000,9.934454832
-49.185293709,204.149000000,9.932424557
-49.188242239,204.216000000,9.930397491
-49.191162126,204.283000000,9.928373638
-49.194053328,204.350000000,9.926353000
-49.196915805,204.417000000,9.924335579
-49.199749515,204.484000000,9.922321379
-49.202554418,204.551000000,9.920310400
-49.205330473,204.618000000,9.918302647
-49.208077638,204.685000000,9.916298120
-49.210795873,204.752000000,9.914296823
-49.213485137,204.819000000,9.912298758
-49.216145389,204.886000000,9.910303928
-49.218776588,204.953000000,9.908312335
-49.221378693,205.020000000,9.906323981
-49.223951664,205.087000000,9.904338869
-49.226495459,205.154000000,9.902357001
-49.229010037,205.221000000,9.900378380
-49.231495358,205.288000000,9.898403008
-49.233951380,205.355000000,9.896430887
-49.236378063,205.422000000,9.894462021
-49.238775366,205.489000000,9.892496411
-49.241143248,205.556000000,9.890534060
-49.243481667,205.623000000,9.888574971
-49.245790584,205.690000000,9.886619145
-49.248069957,205.757000000,9.884666585
-49.250319744,205.824000000,9.882717294
-49.252539906,205.891000000,9.880771275
-49.254730402,205.958000000,9.878828529
-49.256891190,206.025000000,9.876889058
-49.259022229,206.092000000,9.874952867
-49.261123479,206.159000000,9.873019956
-49.263194898,206.226000000,9.871090328
-49.265236446,206.293000000,9.869163987
-49.267248082,206.360000000,9.867240933
-49.269229765,206.427000000,9.865321170
-49.271181454,206.494000000,9.863404701
-49.273103108,206.561000000,9.861491526
-49.274994686,206.628000000,9.859581650
-49.276856147,206.695000000,9.857675074
-49.278687451,206.762000000,9.855771801
-49.280488555,206.829000000,9.853871834
-49.282259421,206.896000000,9.851975174
-49.284000006,206.963000000,9.850081824
-49.285710269,207.030000000,9.848191787
-49.287390171,207.097000000,9.846305065
-49.289039669,207.164000000,9.844421660
-49.290658723,207.231000000,9.842541576
-49.292247291,207.298000000,9.840664813
-49.293805334,207.365000000,9.838791376
-49.295332810,207.432000000,9.836921266
-49.296829679,207.499000000,9.835054485
-49.298295898,207.566000000,9.833191037
-49.299731428,207.633000000,9.831330923
-49.301136227,207.700000000,9.829474147
-49.302510255,207.767000000,9.827620709
-49.303853470,207.834000000,9.825770614
-49.305165833,207.901000000,9.823923863
-49.306447300,207.968000000,9.822080459
-49.307697833,208.035000000,9.820240404
-49.308917390,208.102000000,9.818403701
-49.310105929,208.169000000,9.816570352
-49.311263411,208.236000000,9.814740359
-49.312389794,208.303000000,9.812913726
-49.313485037,208.370000000,9.811090453
-49.314549100,208.437000000,9.809270545
-49.315581941,208.504000000,9.807454003
-49.316583519,208.571000000,9.805640830
-49.317553794,208.638000000,9.803831028
-49.318492725,208.705000000,9.802024600
-49.319400270,208.772000000,9.800221548
-49.320276390,208.839000000,9.798421874
-49.321121042,208.906000000,9.796625581
-49.321934186,208.973000000,9.794832672
-49.322715781,209.040000000,9.793043148
-49.323465780,209.107000000,9.791257018
-49.324184107,209.174000000,9.789474307
-49.324870680,209.241000000,9.787695045
-49.325525417,209.308000000,9.785919265
-49.326148237,209.375000000,9.784146996
-49.326739057,209.442000000,9.782378270
-49.327297796,209.509000000,9.780613117
-49.327824372,209.576000000,9.778851568
-49.328318702,209.643000000,9.777093655
-49.328780705,209.710000000,9.775339407
-49.329210299,209.777000000,9.773588856
-49.329607402,209.844000000,9.771842033
-49.329971931,209.911000000,9.770098968
-49.330303806,209.978000000,9.768359693
-49.330602944,210.045000000,9.766624238
-49.330869263,210.112000000,9.764892634
-49.331102681,210.179000000,9.763164911
-49.331303117,210.246000000,9.761441102
-49.331470488,210.313000000,9.759721236
-49.331604712,210.380000000,9.758005344
-49.331705708,210.447000000,9.756293458
-49.331773393,210.514000000,9.754585608
-49.331807686,210.581000000,9.752881825
-49.331808505,210.648000000,9.751182139
-49.331775768,210.715000000,9.749486583
-49.331709392,210.782000000,9.747795185
-49.331609296,210.849000000,9.746107979
-49.331475399,210.916000000,9.744424993
-49.331307617,210.983000000,9.742746260
-49.331105869,211.050000000,9.741071809
-49.330870074,211.117000000,9.739401672
-49.330600149,211.184000000,9.737735880
-49.330296012,211.251000000,9.736074463
-49.329957582,211.318000000,9.734417453
-49.329584776,211.385000000,9.732764880
-49.329177512,211.452000000,9.731116775
-49.328735710,211.519000000,9.729473169
-49.328259285,211.586000000,9.727834092
-49.327748158,211.653000000,9.726199576
-49.327202245,211.720000000,9.724569651
-49.326621466,211.787000000,9.722944349
-49.326005737,211.854000000,9.721323700
-49.325354977,211.921000000,9.719707735
-49.324669104,211.988000000,9.718096484
-49.323948036,212.055000000,9.716489979
-49.323191692,212.122000000,9.714888251
-49.322399989,212.189000000,9.713291330
-49.321572845,212.256000000,9.711699248
-49.320710178,212.323000000,9.710112034
-49.319811907,212.390000000,9.708529720
-49.318877950,212.457000000,9.706952337
-49.317908224,212.524000000,9.705379916
-49.316902648,212.591000000,9.703812487
-49.315861139,212.658000000,9.702250082
-49.314783617,212.725000000,9.700692730
-49.313669998,212.792000000,9.699140464
-49.312520201,212.859000000,9.697593313
-49.311334144,212.926000000,9.696051310
-49.310111745,212.993000000,9.694514483
-49.308852923,213.060000000,9.692982865
-49.307557594,213.127000000,9.691456487
-49.306225678,213.194000000,9.689935378
-49.304857092,213.261000000,9.688419571
-49.303451755,213.328000000,9.686909095
-49.302009584,213.395000000,9.685403982
-49.300530498,213.462000000,9.683904262
-49.299014414,213.529000000,9.682409967
-49.297461251,213.596000000,9.680921127
-49.295870927,213.663000000,9.679437773
-49.294243359,213.730000000,9.677959936
-49.292578467,213.797000000,9.676487647
-49.290876167,213.864000000,9.675020936
-49.289136379,213.931000000,9.673559835
-49.287359019,213.998000000,9.672104374
-49.285544007,214.065000000,9.670654584
-49.283691260,214.132000000,9.669210496
-49.281800696,214.199000000,9.667772141
-49.279872234,214.266000000,9.666339550
-49.277905791,214.333000000,9.664912753
-49.275901285,214.400000000,9.663491782
-49.273858635,214.467000000,9.662076667
-49.271777759,214.534000000,9.660667439
-49.269658574,214.601000000,9.659264129
-49.267500999,214.668000000,9.657866768
-49.265304952,214.735000000,9.656475386
-49.263070351,214.802000000,9.655090015
-49.260797114,214.869000000,9.653710685
-49.258485159,214.936000000,9.652337427
-49.256134404,215.003000000,9.650970273
-49.253744767,215.070000000,9.649609252
-49.251316167,215.137000000,9.648254396
-49.248848520,215.204000000,9.646905736
-49.246341746,215.271000000,9.645563302
-49.243795763,215.338000000,9.644227126
-49.241210488,215.405000000,9.642897237
-49.238585840,215.472000000,9.641573668
-49.235921736,215.539000000,9.640256448
-49.233218095,215.606000000,9.638945609
-49.230474835,215.673000000,9.637641182
-49.227691873,215.740000000,9.636343196
-49.224869129,215.807000000,9.635051685
-49.222006519,215.874000000,9.633766677
-49.219103963,215.941000000,9.632488204
-49.216161378,216.008000000,9.631216297
-49.213178682,216.075000000,9.629950987
-49.210155793,216.142000000,9.628692304
-49.207092629,216.209000000,9.627440279
-49.203989109,216.276000000,9.626194944
-49.200845150,216.343000000,9.624956328
-49.197660671,216.410000000,9.623724464
-49.194435590,216.477000000,9.622499381
-49.191169824,216.544000000,9.621281111
-49.187863292,216.611000000,9.620069684
-49.184515911,216.678000000,9.618865132
-49.181127601,216.745000000,9.617667484
-49.177698278,216.812000000,9.616476773
-49.174227862,216.879000000,9.615293029
-49.170716269,216.946000000,9.614116282
-49.167163419,217.013000000,9.612946563
-49.163569229,217.080000000,9.611783904
-49.159933617,217.147000000,9.610628336
-49.156256501,217.214000000,9.609479888
-49.152537800,217.281000000,9.608338592
-49.148777431,217.348000000,9.607204479
-49.144975313,217.415000000,9.606077580
-49.141131364,217.482000000,9.604957925
-49.137245501,217.549000000,9.603845545
-49.133317643,217.616000000,9.602740472
-49.129347707,217.683000000,9.601642735
-49.125335613,217.750000000,9.600552367
-49.121281277,217.817000000,9.599469397
-49.117184619,217.884000000,9.598393857
-49.113045556,217.951000000,9.597325777
-49.108864005,218.018000000,9.596265188
-49.104639886,218.085000000,9.595212122
-49.100373117,218.152000000,9.594166608
-49.096063614,218.219000000,9.593128679
-49.091711297,218.286000000,9.592098364
-49.087316084,218.353000000,9.591075694
-49.082877892,218.420000000,9.590060701
-49.078396640,218.487000000,9.589053415
-49.073872245,218.554000000,9.588053867
-49.069304626,218.621000000,9.587062088
-49.064693701,218.688000000,9.586078109
-49.060039388,218.755000000,9.585101960
-49.055341605,218.822000000,9.584133673
-49.050600270,218.889000000,9.583173279
-49.045815301,218.956000000,9.582220807
-49.040986616,219.023000000,9.581276289
-49.036114133,219.090000000,9.580339756
-49.031197771,219.157000000,9.579411239
-49.026237447,219.224000000,9.578490769
-49.021233079,219.291000000,9.577578376
-49.016184586,219.358000000,9.576674091
-49.011091886,219.425000000,9.575777945
-49.005954896,219.492000000,9.574889969
-49.000773535,219.559000000,9.574010194
-48.995547720,219.626000000,9.573138651
-48.990277371,219.693000000,9.572275370
-48.984962404,219.760000000,9.571420382
-48.979602775,219.827000000,9.570573724
-48.974198580,219.894000000,9.569735455
-48.968749955,219.961000000,9.568905637
-48.963257033,220.028000000,9.568084336
-48.957719948,220.095000000,9.567271616
-48.952138835,220.162000000,9.566467539
-48.946513828,220.229000000,9.565672171
-48.940845060,220.296000000,9.564885575
-48.935132666,220.363000000,9.564107816
-48.929376780,220.430000000,9.563338957
-48.923577537,220.497000000,9.562579062
-48.917735069,220.564000000,9.561828196
-48.911849512,220.631000000,9.561086422
-48.905921000,220.698000000,9.560353805
-48.899949666,220.765000000,9.559630408
-48.893935644,220.832000000,9.558916296
-48.887879070,220.899000000,9.558211533
-48.881780076,220.966000000,9.557516182
-48.875638797,221.033000000,9.556830307
-48.869455368,221.100000000,9.556153973
-48.863229921,221.167000000,9.555487244
-48.856962592,221.234000000,9.554830184
-48.850653515,221.301000000,9.554182856
-48.844302823,221.368000000,9.553545325
-48.837910650,221.435000000,9.552917654
-48.831477132,221.502000000,9.552299909
-48.825002402,221.569000000,9.551692152
-48.818486593,221.636000000,9.551094448
-48.811929841,221.703000000,9.550506860
-48.805332279,221.770000000,9.549929454
-48.798694041,221.837000000,9.549362292
-48.792015262,221.904000000,9.548805440
-48.785296075,221.971000000,9.548258960
-48.778536615,222.038000000,9.547722917
-48.771737016,222.105000000,9.547197375
-48.764897412,222.172000000,9.546682398
-48.758017937,222.239000000,9.546178050
-48.751098725,222.306000000,9.545684395
-48.744139910,222.373000000,9.545201497
-48.737141627,222.440000000,9.544729420
-48.730104009,222.507000000,9.544268229
-48.723027191,222.574000000,9.543817986
-48.715911307,222.641000000,9.543378756
-48.708756490,222.708000000,9.542950604
-48.701562876,222.775000000,9.542533593
-48.694330597,222.842000000,9.542127787
-48.687059789,222.909000000,9.541733250
-48.679750585,222.976000000,9.541350046
-48.672403119,223.043000000,9.540978240
-48.665017526,223.110000000,9.540617895
-48.657593940,223.177000000,9.540269075
-48.650132494,223.244000000,9.539931845
-48.642633323,223.311000000,9.539606268
-48.635096561,223.378000000,9.539292408
-48.627522343,223.445000000,9.538990330
-48.619910801,223.512000000,9.538700097
-48.612262071,223.579000000,9.538421773
-48.604576286,223.646000000,9.538155423
-48.596853581,223.713000000,9.537901111
-48.589094089,223.780000000,9.537658900
-48.581297945,223.847000000,9.537428854
-48.573465283,223.914000000,9.537211038
-48.565596237,223.981000000,9.537005516
-48.557690942,224.048000000,9.536812351
-48.549749530,224.115000000,9.536631608
-48.541772137,224.182000000,9.536463350
-48.533758896,224.249000000,9.536307642
-48.525709942,224.316000000,9.536164548
-48.517625408,224.383000000,9.536034131
-48.509505429,224.450000000,9.535916457
-48.501350139,224.517000000,9.535811587
-48.493159673,224.584000000,9.535719588
-48.484934163,224.651000000,9.535640522
-48.476673744,224.718000000,9.535574455
-48.468378551,224.785000000,9.535521449
-48.460048718,224.852000000,9.535481569
-48.451684378,224.919000000,9.535454879
-48.443285665,224.986000000,9.535441442
-48.434852715,225.053000000,9.535441324
-48.426385660,225.120000000,9.535454587
-48.417884635,225.187000000,9.535481297
-48.409349775,225.254000000,9.535521516
-48.400781213,225.321000000,9.535575310
-48.392179083,225.388000000,9.535642741
-48.383543520,225.455000000,9.535723875
-48.374874657,225.522000000,9.535818775
-48.366172629,225.589000000,9.535927504
-48.357437570,225.656000000,9.536050128
-48.348669613,225.723000000,9.536186710
-48.339868894,225.790000000,9.536337314
-48.331035546,225.857000000,9.536502005
-48.322169703,225.924000000,9.536680845
-48.313271500,225.991000000,9.536873900
-48.304341070,226.058000000,9.537081233
-48.295378548,226.125000000,9.537302908
-48.286384068,226.192000000,9.537538990
-48.277357763,226.259000000,9.537789542
-48.268299768,226.326000000,9.538054628
-48.259210218,226.393000000,9.538334313
-48.250089245,226.460000000,9.538628659
-48.240936985,226.527000000,9.538937733
-48.231753572,226.594000000,9.539261597
-48.222539139,226.661000000,9.539600315
-48.213293820,226.728000000,9.539953952
-48.204017750,226.795000000,9.540322571
-48.194711064,226.862000000,9.540706236
-48.185373894,226.929000000,9.541105013
-48.176006375,226.996000000,9.541518963
-48.166608641,227.063000000,9.541948153
-48.157180827,227.130000000,9.542392645
-48.147723066,227.197000000,9.542852503
-48.138235493,227.264000000,9.543327793
-48.128718241,227.331000000,9.543818576
-48.119171445,227.398000000,9.544324919
-48.109595240,227.465000000,9.544846884
-48.099989758,227.532000000,9.545384536
-48.090355134,227.599000000,9.545937939
-48.080691502,227.666000000,9.546507157
-48.070998997,227.733000000,9.547092253
-48.061277752,227.800000000,9.547693292
-48.051527902,227.867000000,9.548310338
-48.041749580,227.934000000,9.548943455
-48.031942922,228.001000000,9.549592707
-48.022108060,228.068000000,9.550258158
-48.012245129,228.135000000,9.550939871
-48.002354263,228.202000000,9.551637912
-47.992435597,228.269000000,9.552352343
-47.982489264,228.336000000,9.553083230
-47.972515398,228.403000000,9.553830635
-47.962514134,228.470000000,9.554594624
-47.952485606,228.537000000,9.555375260
-47.942429947,228.604000000,9.556172606
-47.932347293,228.671000000,9.556986728
-47.922237776,228.738000000,9.557817689
-47.912101532,228.805000000,9.558665553
-47.901938693,228.872000000,9.559530384
-47.891749396,228.939000000,9.560412247
-47.881533772,229.006000000,9.561311205
-47.871291958,229.073000000,9.562227322
-47.861024086,229.140000000,9.563160662
-47.850730291,229.207000000,9.564111289
-47.840410707,229.274000000,9.565079268
-47.830065468,229.341000000,9.566064662
-47.819694708,229.408000000,9.567067536
-47.809298561,229.475000000,9.568087952
-47.798877162,229.542000000,9.569125977
-47.788430644,229.609000000,9.570181672
-47.777959142,229.676000000,9.571255103
-47.767462790,229.743000000,9.572346334
-47.756941721,229.810000000,9.573455428
-47.746396071,229.877000000,9.574582449
-47.735825972,229.944000000,9.575727462
-47.725231560,230.011000000,9.576890531
-47.714612968,230.078000000,9.578071719
-47.703970331,230.145000000,9.579271091
-47.693303782,230.212000000,9.580488710
-47.682613455,230.279000000,9.581724641
-47.671899486,230.346000000,9.582978948
-47.661162007,230.413000000,9.584251694
-47.650401153,230.480000000,9.585542944
-47.639617059,230.547000000,9.586852762
-47.628809857,230.614000000,9.588181212
-47.617979683,230.681000000,9.589528357
-47.607126670,230.748000000,9.590894262
-47.596250953,230.815000000,9.592278991
-47.585352666,230.882000000,9.593682607
-47.574431942,230.949000000,9.595105176
-47.563488916,231.016000000,9.596546760
-47.552523723,231.083000000,9.598007425
-47.541536495,231.150000000,9.599487233
-47.530527368,231.217000000,9.600986249
-47.519496474,231.284000000,9.602504537
-47.508443950,231.351000000,9.604042161
-47.497369928,231.418000000,9.605599186
-47.486274542,231.485000000,9.607175674
-47.475157928,231.552000000,9.608771690
-47.464020218,231.619000000,9.610387298
-47.452861548,231.686000000,9.612022563
-47.441682050,231.753000000,9.613677547
-47.430481860,231.820000000,9.615352316
-47.419261111,231.887000000,9.617046933
-47.408019938,231.954000000,9.618761462
-47.396758474,232.021000000,9.620495967
-47.385476854,232.088000000,9.622250512
-47.374175212,232.155000000,9.624025162
-47.362853681,232.222000000,9.625819980
-47.351512397,232.289000000,9.627635030
-47.340151493,232.356000000,9.629470377
-47.328771103,232.423000000,9.631326084
-47.317371361,232.490000000,9.633202215
-47.305952402,232.557000000,9.635098835
-47.294514360,232.624000000,9.637016007
-47.283057368,232.691000000,9.638953795
-47.271581562,232.758000000,9.640912264
-47.260087074,232.825000000,9.642891478
-47.248574039,232.892000000,9.644891500
-47.237042591,232.959000000,9.646912394
-47.225492865,233.026000000,9.648954225
-47.213924994,233.093000000,9.651017057
-47.202339113,233.160000000,9.653100953
-47.190735355,233.227000000,9.655205977
-47.179113855,233.294000000,9.657332195
-47.167474747,233.361000000,9.659479669
-47.155818164,233.428000000,9.661648463
-47.144144242,233.495000000,9.663838643
-47.132453114,233.562000000,9.666050271
-47.120744915,233.629000000,9.668283412
-47.109019777,233.696000000,9.670538129
-47.097277837,233.763000000,9.672814487
-47.085519227,233.830000000,9.675112551
-47.073744081,233.897000000,9.677432383
-47.061952535,233.964000000,9.679774047
-47.050144722,234.031000000,9.682137609
-47.038320775,234.098000000,9.684523132
-47.026480830,234.165000000,9.686930679
-47.014625021,234.232000000,9.689360315
-47.002753480,234.299000000,9.691812105
-46.990866343,234.366000000,9.694286111
-46.978963744,234.433000000,9.696782399
-46.967045817,234.500000000,9.699301031
-46.955112696,234.567000000,9.701842072
-46.943164514,234.634000000,9.704405587
-46.931201407,234.701000000,9.706991638
-46.919223508,234.768000000,9.709600291
-46.907230951,234.835000000,9.712231609
-46.895223871,234.902000000,9.714885656
-46.883202401,234.969000000,9.717562496
-46.871166676,235.036000000,9.720262193
-46.859116830,235.103000000,9.722984812
-46.847052997,235.170000000,9.725730416
-46.834975311,235.237000000,9.728499069
-46.822883906,235.304000000,9.731290835
-46.810778916,235.371000000,9.734105779
-46.798660475,235.438000000,9.736943964
-46.786528719,235.505000000,9.739805454
-46.774383779,235.572000000,9.742690314
-46.762225791,235.639000000,9.745598607
-46.750054890,235.706000000,9.748530397
-46.737871208,235.773000000,9.751485749
-46.725674880,235.840000000,9.754464727
-46.713466069,235.907000000,9.757467361
-46.701245052,235.974000000,9.760493554
-46.689012134,236.041000000,9.763543173
-46.676767622,236.108000000,9.766616089
-46.664511822,236.175000000,9.769712169
-46.652245038,236.242000000,9.772831283
-46.639967578,236.309000000,9.775973299
-46.627679746,236.376000000,9.779138086
-46.615381848,236.443000000,9.782325513
-46.603074191,236.510000000,9.785535448
-46.590757080,236.577000000,9.788767761
-46.578430820,236.644000000,9.792022320
-46.566095718,236.711000000,9.795298994
-46.553752080,236.778000000,9.798597652
-46.541400211,236.845000000,9.801918163
-46.529040416,236.912000000,9.805260394
-46.516673003,236.979000000,9.808624217
-46.504298276,237.046000000,9.812009498
-46.491916541,237.113000000,9.815416106
-46.479528105,237.180000000,9.818843912
-46.467133272,237.247000000,9.822292783
-46.454732349,237.314000000,9.825762587
-46.442325641,237.381000000,9.829253195
-46.429913455,237.448000000,9.832764475
-46.417496096,237.515000000,9.836296295
-46.405073870,237.582000000,9.839848524
-46.392647082,237.649000000,9.843421032
-46.380216038,237.716000000,9.847013687
-46.367781045,237.783000000,9.850626357
-46.355342408,237.850000000,9.854258911
-46.342900432,237.917000000,9.857911219
-46.330455424,237.984000000,9.861583149
-46.318007690,238.051000000,9.865274570
-46.305557534,238.118000000,9.868985351
-46.293105264,238.185000000,9.872715360
-46.280651184,238.252000000,9.876464467
-46.268195600,238.319000000,9.880232539
-46.255738819,238.386000000,9.884019446
-46.243281146,238.453000000,9.887825057
-46.230822887,238.520000000,9.891649241
-46.218364347,238.587000000,9.895491865
-46.205905833,238.654000000,9.899352800
-46.193447650,238.721000000,9.903231914
-46.180990104,238.788000000,9.907129075
-46.168533501,238.855000000,9.911044152
-46.156078146,238.922000000,9.914977015
-46.143624346,238.989000000,9.918927532
-46.131172406,239.056000000,9.922895571
-46.118722631,239.123000000,9.926881002
-46.106275329,239.190000000,9.930883694
-46.093830804,239.257000000,9.934903514
-46.081389362,239.324000000,9.938940333
-46.068951309,239.391000000,9.942994018
-46.056516951,239.458000000,9.947064439
-46.044086594,239.525000000,9.951151464
-46.031660543,239.592000000,9.955254963
-46.019239105,239.659000000,9.959374803
-46.006822584,239.726000000,9.963510854
-45.994411287,239.793000000,9.967662985
-45.982005520,239.860000000,9.971831064
-45.969605588,239.927000000,9.976014960
-45.957211797,239.994000000,9.980214542
-45.944824453,240.061000000,9.984429678
-45.932443862,240.128000000,9.988660238
-45.920070330,240.195000000,9.992906091
-45.907704161,240.262000000,9.997167104
-45.895345663,240.329000000,10.001443148
-45.882995141,240.396000000,10.005734090
-45.870652900,240.463000000,10.010039799
-45.858319247,240.530000000,10.014360145
-45.845994487,240.597000000,10.018694996
-45.833678926,240.664000000,10.023044220
-45.821372869,240.731000000,10.027407688
-45.809076624,240.798000000,10.031785266
-45.796790495,240.865000000,10.036176825
-45.784514787,240.932000000,10.040582233
-45.772249808,240.999000000,10.045001359
-45.759995863,241.066000000,10.049434071
-45.747753257,241.133000000,10.053880239
-45.735522296,241.200000000,10.058339731
-45.723302751,241.267000000,10.062812420
-45.711092246,241.334000000,10.067298196
-45.698887873,241.401000000,10.071796953
-45.686686720,241.468000000,10.076308585
-45.674485878,241.535000000,10.080832985
-45.662282436,241.602000000,10.085370049
-45.650073485,241.669000000,10.089919669
-45.637856115,241.736000000,10.094481739
-45.625627415,241.803000000,10.099056154
-45.613384475,241.870000000,10.103642808
-45.601124385,241.937000000,10.108241594
-45.588844235,242.004000000,10.112852407
-45.576541115,242.071000000,10.117475139
-45.564212115,242.138000000,10.122109687
-45.551854324,242.205000000,10.126755942
-45.539464834,242.272000000,10.131413800
-45.527040733,242.339000000,10.136083154
-45.514579111,242.406000000,10.140763897
-45.502077059,242.473000000,10.145455925
-45.489531666,242.540000000,10.150159131
-45.476940022,242.607000000,10.154873409
-45.464299217,242.674000000,10.159598653
-45.451606341,242.741000000,10.164334757
-45.438858484,242.808000000,10.169081614
-45.426052736,242.875000000,10.173839119
-45.413186186,242.942000000,10.178607166
-45.400255925,243.009000000,10.183385649
-45.387259043,243.076000000,10.188174461
-45.374192629,243.143000000,10.192973496
-45.361053773,243.210000000,10.197782649
-45.347839566,243.277000000,10.202601814
-45.334547096,243.344000000,10.207430884
-45.321173455,243.411000000,10.212269753
-45.307715731,243.478000000,10.217118316
-45.294171016,243.545000000,10.221976465
-45.280536398,243.612000000,10.226844096
-45.266808967,243.679000000,10.231721102
-45.252985815,243.746000000,10.236607377
-45.239064029,243.813000000,10.241502815
-45.225040701,243.880000000,10.246407310
-45.210912920,243.947000000,10.251320756
-45.196677777,244.014000000,10.256243047
-45.182332360,244.081000000,10.261174076
-45.167873760,244.148000000,10.266113739
-45.153299068,244.215000000,10.271061928
-45.138605372,244.282000000,10.276018537
-45.123789762,244.349000000,10.280983462
-45.108849329,244.416000000,10.285956594
-45.093781163,244.483000000,10.290937830
-45.078582353,244.550000000,10.295927061
-45.063249989,244.617000000,10.300924183
-45.047781162,244.684000000,10.305929090
-45.032172960,244.751000000,10.310941675
-45.016422475,244.818000000,10.315961832
-45.000526795,244.885000000,10.320989455
-44.984483012,244.952000000,10.326024438
-44.968288213,245.019000000,10.331066675
-44.951939491,245.086000000,10.336116061
-44.935433934,245.153000000,10.341172488
-44.918768632,245.220000000,10.346235851
-44.901940676,245.287000000,10.351306044
-44.884947155,245.354000000,10.356382961
-44.867785159,245.421000000,10.361466496
-44.850451778,245.488000000,10.366556542
-44.832944102,245.555000000,10.371652994
-44.815259221,245.622000000,10.376755746
-44.797394225,245.689000000,10.381864691
-44.779346203,245.756000000,10.386979724
-44.761112246,245.823000000,10.392100738
-44.742689443,245.890000000,10.397227627
-44.724074885,245.957000000,10.402360286
-44.705265661,246.024000000,10.407498608
-44.686258861,246.091000000,10.412642488
-44.667051575,246.158000000,10.417791818
-44.647640893,246.225000000,10.422946494
-44.628023905,246.292000000,10.428106409
-44.608197700,246.359000000,10.433271457
-44.588159370,246.426000000,10.438441532
-44.567906003,246.493000000,10.443616528
-44.547434689,246.560000000,10.448796338
-44.526742519,246.627000000,10.453980858
-44.505826582,246.694000000,10.459169980
-44.484683968,246.761000000,10.464363599
-44.463311768,246.828000000,10.469561609
-44.441707070,246.895000000,10.474763903
-44.419866965,246.962000000,10.479970376
-44.397788543,247.029000000,10.485180921
-44.375468894,247.096000000,10.490395433
-44.352905108,247.163000000,10.495613805
-44.330094274,247.230000000,10.500835932
-44.307033482,247.297000000,10.506061706
-44.283719823,247.364000000,10.511291024
-44.260150386,247.431000000,10.516523777
-44.236322261,247.498000000,10.521759860
-44.212232538,247.565000000,10.526999168
-44.187878307,247.632000000,10.532241594
-44.163256658,247.699000000,10.537487031
-44.138364680,247.766000000,10.542735375
-44.113199465,247.833000000,10.547986518
-44.087758101,247.900000000,10.553240355
-44.062037678,247.967000000,10.558496780
-44.036035287,248.034000000,10.563755687
-44.009748017,248.101000000,10.569016970
-43.983172958,248.168000000,10.574280522
-43.956307200,248.235000000,10.579546238
-43.929147833,248.302000000,10.584814011
-43.901691947,248.369000000,10.590083735
-43.873936632,248.436000000,10.595355306
-43.845878978,248.503000000,10.600628615
-43.817516074,248.570000000,10.605903558
-43.788845010,248.637000000,10.611180028
-43.759862877,248.704000000,10.616457919
-43.730566765,248.771000000,10.621737126
-43.700953762,248.838000000,10.627017541
-43.671020960,248.905000000,10.632299060
-43.640765448,248.972000000,10.637581575
-43.610184315,249.039000000,10.642864982
-43.579274653,249.106000000,10.648149173
-43.548033550,249.173000000,10.653434044
-43.516458097,249.240000000,10.658719487
-43.484545383,249.307000000,10.664005397
-43.452292499,249.374000000,10.669291667
-43.419696534,249.441000000,10.674578192
-43.386754578,249.508000000,10.679864866
-43.353463722,249.575000000,10.685151582
-43.319821054,249.642000000,10.690438235
-43.285823666,249.709000000,10.695724718
-43.251468646,249.776000000,10.701010926
-43.216753085,249.843000000,10.706296752
-43.181674073,249.910000000,10.711582090
-43.146228699,249.977000000,10.716866835
-43.110414054,250.044000000,10.722150879
-43.074227227,250.111000000,10.727434118
-43.037665309,250.178000000,10.732716445
-43.000725389,250.245000000,10.737997753
-42.963404556,250.312000000,10.743277938
-42.925699902,250.379000000,10.748556893
-42.887608516,250.446000000,10.753834512
-42.849127487,250.513000000,10.759110688
-42.810253906,250.580000000,10.764385316
-42.770984863,250.647000000,10.769658290
-42.731317448,250.714000000,10.774929503
-42.691248749,250.781000000,10.780198850
-42.650775858,250.848000000,10.785466225
-42.609895865,250.915000000,10.790731521
-42.568605858,250.982000000,10.795994633
-42.526902928,251.049000000,10.801255454
-42.484784166,251.116000000,10.806513878
-42.442246660,251.183000000,10.811769800
-42.399287501,251.250000000,10.817023112
-42.355903778,251.317000000,10.822273710
-42.312092583,251.384000000,10.827521488
-42.267851003,251.451000000,10.832766338
-42.223176130,251.518000000,10.838008155
-42.178065053,251.585000000,10.843246833
-42.132514863,251.652000000,10.848482266
-42.086522648,251.719000000,10.853714348
-42.040085499,251.786000000,10.858942973
-41.993200507,251.853000000,10.864168035
-41.945864760,251.920000000,10.869389427
-41.898075349,251.987000000,10.874607044
-41.849829363,252.054000000,10.879820780
-41.801123893,252.121000000,10.885030528
-41.751956028,252.188000000,10.890236183
-41.702322858,252.255000000,10.895437638
-41.652221474,252.322000000,10.900634787
-41.601648965,252.389000000,10.905827525
-41.550602421,252.456000000,10.911015745
-41.499078931,252.523000000,10.916199342
-41.447075587,252.590000000,10.921378209
-41.394589477,252.657000000,10.926552239
-41.341617692,252.724000000,10.931721328
-41.288157322,252.791000000,10.936885369
-41.234205455,252.858000000,10.942044256
-41.179759184,252.925000000,10.947197883
-41.124815596,252.992000000,10.952346144
-41.069371783,253.059000000,10.957488932
-41.013424833,253.126000000,10.962626143
-40.956971838,253.193000000,10.967757669
-40.900009886,253.260000000,10.972883404
-40.842536068,253.327000000,10.978003244
-40.784547474,253.394000000,10.983117081
-40.726041194,253.461000000,10.988224809
-40.667014316,253.528000000,10.993326323
-40.607463933,253.595000000,10.998421516
-40.547387132,253.662000000,11.003510283
-40.486781005,253.729000000,11.008592517
-40.425642641,253.796000000,11.013668113
-40.363969129,253.863000000,11.018736963
-40.301757561,253.930000000,11.023798963
-40.239005025,253.997000000,11.028854005
-40.175708612,254.064000000,11.033901985
-40.111865412,254.131000000,11.038942796
-40.047472514,254.198000000,11.043976332
-39.982527009,254.265000000,11.049002486
-39.917025986,254.332000000,11.054021154
-39.850966535,254.399000000,11.059032228
-39.784345746,254.466000000,11.064035603
-39.717160710,254.533000000,11.069031173
-39.649408515,254.600000000,11.074018831
-39.581086252,254.667000000,11.078998472
-39.512191011,254.734000000,11.083969990
-39.442719881,254.801000000,11.088933278
-39.372669953,254.868000000,11.093888230
-39.302038317,254.935000000,11.098834741
-39.230822061,255.002000000,11.103772704
-39.159018277,255.069000000,11.108702013
-39.086624055,255.136000000,11.113622563
-39.013636483,255.203000000,11.118534247
-38.940052652,255.270000000,11.123436959
-38.865869652,255.337000000,11.128330592
-38.791084573,255.404000000,11.133215042
-38.715694505,255.471000000,11.138090202
-38.639696537,255.538000000,11.142955966
-38.563087759,255.605000000,11.147812228
-38.485865262,255.672000000,11.152658881
-38.408026135,255.739000000,11.157495821
-38.329567469,255.806000000,11.162322939
-38.250486352,255.873000000,11.167140132
-38.170779876,255.940000000,11.171947292
-38.090445129,256.007000000,11.176741999
-38.009479203,256.074000000,11.181512801
-37.927879186,256.141000000,11.186246550
-37.845642168,256.208000000,11.190930769
-37.762765240,256.275000000,11.195553637
-37.679245492,256.342000000,11.200103979
-37.595080013,256.409000000,11.204571259
-37.510265893,256.476000000,11.208945566
-37.424800222,256.543000000,11.213217607
-37.338680090,256.610000000,11.217378692
-37.251902587,256.677000000,11.221420729
-37.164464803,256.744000000,11.225336209
-37.076363828,256.811000000,11.229118196
-36.987596752,256.878000000,11.232760318
-36.898160664,256.945000000,11.236256758
-36.808052654,257.012000000,11.239602236
-36.717269813,257.079000000,11.242792007
-36.625809230,257.146000000,11.245821846
-36.533667995,257.213000000,11.248688036
-36.440843198,257.280000000,11.251387358
-36.347332741,257.347000000,11.253917143
-36.253137770,257.414000000,11.256275430
-36.158260242,257.481000000,11.258460779
-36.062702115,257.548000000,11.260472201
-35.966465349,257.615000000,11.262309142
-35.869551899,257.682000000,11.263971474
-35.771963725,257.749000000,11.265459480
-35.673702784,257.816000000,11.266773847
-35.574771033,257.883000000,11.267915648
-35.475170432,257.950000000,11.268886335
-35.374902937,258.017000000,11.269687721
-35.273970506,258.084000000,11.270321975
-35.172375098,258.151000000,11.270791604
-35.070118670,258.218000000,11.271099442
-34.967203181,258.285000000,11.271248641
-34.863630587,258.352000000,11.271242654
-34.759402847,258.419000000,11.271085227
-34.654521919,258.486000000,11.270780386
-34.548989760,258.553000000,11.270332421
-34.442808329,258.620000000,11.269745881
-34.335979583,258.687000000,11.269025557
-34.228505480,258.754000000,11.268176469
-34.120387979,258.821000000,11.267203860
-34.011629036,258.888000000,11.266113178
-33.902230610,258.955000000,11.264910069
-33.792194659,259.022000000,11.263600363
-33.681523140,259.089000000,11.262190061
-33.570218011,259.156000000,11.260685327
-33.458281231,259.223000000,11.259092476
-33.345714757,259.290000000,11.257417959
-33.232520547,259.357000000,11.255668358
-33.118700558,259.424000000,11.253850369
-33.004256750,259.491000000,11.251970793
-32.889191078,259.558000000,11.250036530
-32.773505503,259.625000000,11.248054560
-32.657201980,259.692000000,11.246031939
-32.540282469,259.759000000,11.243975785
-32.422748927,259.826000000,11.241893270
-32.304603312,259.893000000,11.239791607
-32.185847581,259.960000000,11.237678045
-32.066483693,260.027000000,11.235559853
-31.946513606,260.094000000,11.233444315
-31.825939277,260.161000000,11.231338719
-31.704762664,260.228000000,11.229250347
-31.582985726,260.295000000,11.227186465
-31.460610419,260.362000000,11.225154318
-31.337638702,260.429000000,11.223161118
-31.214072533,260.496000000,11.221214033
-31.089913869,260.563000000,11.219320185
-30.965164669,260.630000000,11.217486635
-30.839826890,260.697000000,11.215720382
-30.713902490,260.764000000,11.214028347
-30.587393427,260.831000000,11.212417372
-30.460301660,260.898000000,11.210894209
-30.332629145,260.965000000,11.209465512
-30.204377840,261.032000000,11.208137835
-30.075549704,261.099000000,11.206917620
-29.946146695,261.166000000,11.205811189
-29.816170769,261.233000000,11.204824746
-29.685623886,261.300000000,11.203964360
-29.554508003,261.367000000,11.203235966
-29.422825077,261.434000000,11.202645360
-29.290577067,261.501000000,11.202198185
-29.157765931,261.568000000,11.201899937
-29.024393626,261.635000000,11.201755949
-28.890462111,261.702000000,11.201771395
-28.755973342,261.769000000,11.201951280
-28.620929279,261.836000000,11.202300436
-28.485331878,261.903000000,11.202823521
-28.349183099,261.970000000,11.203525009
-28.212484898,262.037000000,11.204409194
-28.075239233,262.104000000,11.205480179
-27.937448063,262.171000000,11.206741878
-27.799113345,262.238000000,11.208198010
-27.660237037,262.305000000,11.209852096
-27.520821097,262.372000000,11.211707460
-27.380867482,262.439000000,11.213767222
-27.240378152,262.506000000,11.216034297
-27.099355063,262.573000000,11.218511397
-26.957800173,262.640000000,11.221201023
-26.815715441,262.707000000,11.224105470
-26.673102824,262.774000000,11.227226819
-26.529964280,262.841000000,11.230566944
-26.386301767,262.908000000,11.234127503
-26.242117242,262.975000000,11.237909944
-26.097412665,263.042000000,11.241915502
-25.952189991,263.109000000,11.246145199
-25.806451180,263.176000000,11.250599844
-25.660198189,263.243000000,11.255280035
-25.513432977,263.310000000,11.260186158
-25.366157500,263.377000000,11.265318390
-25.218373717,263.444000000,11.270676697
-25.070083586,263.511000000,11.276260839
-24.921289064,263.578000000,11.282070371
-24.771992110,263.645000000,11.288104640
-24.622194681,263.712000000,11.294362796
-24.471898735,263.779000000,11.300843786
-24.321106230,263.846000000,11.307546361
-24.169819124,263.913000000,11.314469079
-24.018039375,263.980000000,11.321610305
-23.865768940,264.047000000,11.328968217
-23.713009778,264.114000000,11.336540809
-23.559763846,264.181000000,11.344325895
-23.406033102,264.248000000,11.352321110
-23.251819505,264.315000000,11.360523919
-23.097125011,264.382000000,11.368931618
-22.941951579,264.449000000,11.377541339
-22.786301167,264.516000000,11.386350055
-22.630175733,264.583000000,11.395354585
-22.473577234,264.650000000,11.404551602
-22.316507628,264.717000000,11.413937631
-22.158968873,264.784000000,11.423509065
-22.000962927,264.851000000,11.433262160
-21.842491748,264.918000000,11.443193049
-21.683557294,264.985000000,11.453297746
-21.524161523,265.052000000,11.463572149
-21.364306392,265.119000000,11.474012052
-21.203993859,265.186000000,11.484613146
-21.043225882,265.253000000,11.495371032
-20.882004420,265.320000000,11.506281224
-20.720331429,265.387000000,11.517339156
-20.558208869,265.454000000,11.528540191
-20.395638696,265.521000000,11.539879630
-20.232622868,265.588000000,11.551352716
-20.069163344,265.655000000,11.562954644
-19.905262081,265.722000000,11.574680570
-19.740921038,265.789000000,11.586525618
-19.576142171,265.856000000,11.598484888
-19.410927439,265.923000000,11.610553464
-19.245278800,265.990000000,11.622726425
-19.079198212,266.057000000,11.634998851
-18.912687632,266.124000000,11.647365835
-18.745749018,266.191000000,11.659822487
-18.578384328,266.258000000,11.672363949
-18.410595521,266.325000000,11.684985400
-18.242384553,266.392000000,11.697682067
-18.073753384,266.459000000,11.710449233
-17.904703970,266.526000000,11.723282250
-17.735238269,266.593000000,11.736176544
-17.565358240,266.660000000,11.749127626
-17.395068950,266.727000000,11.762131103
-17.224387909,266.794000000,11.775182678
-17.053335733,266.861000000,11.788278174
-16.881933042,266.928000000,11.801413546
-16.710200455,266.995000000,11.814584887
-16.538158590,267.062000000,11.827788436
-16.365828065,267.129000000,11.841020590
-16.193229499,267.196000000,11.854277910
-16.020383511,267.263000000,11.867557133
-15.847310718,267.330000000,11.880855178
-15.674031741,267.397000000,11.894169158
-15.500567196,267.464000000,11.907496389
-15.326937704,267.531000000,11.920834400
-15.153163881,267.598000000,11.934180946
-14.979266348,267.665000000,11.947534014
-14.805265721,267.732000000,11.960891840
-14.631182621,267.799000000,11.974252914
-14.457037665,267.866000000,11.987615997
-14.282851471,267.933000000,12.000980131
-14.108644660,268.000000000,12.014344650
