x,y,z
5.185989020,0.000000000,15.976401644
5.305643109,0.067000000,15.968946064
5.425281503,0.134000000,15.961497125
5.544888961,0.201000000,15.954058061
5.664450242,0.268000000,15.946634126
5.783950105,0.335000000,15.939232545
5.903373311,0.402000000,15.931862477
6.022704617,0.469000000,15.924534966
6.141928784,0.536000000,15.917262898
6.261030571,0.603000000,15.910060955
6.379994737,0.670000000,15.902945568
6.498806042,0.737000000,15.895934868
6.617449244,0.804000000,15.889048638
6.735909104,0.871000000,15.882308264
6.854170381,0.938000000,15.875736682
6.972217833,1.005000000,15.869358331
7.090036221,1.072000000,15.863199097
7.207610303,1.139000000,15.857286265
7.324924839,1.206000000,15.851648460
7.441964589,1.273000000,15.846315599
7.558714311,1.340000000,15.841318833
7.675158765,1.407000000,15.836690494
7.791282711,1.474000000,15.832464039
7.907070907,1.541000000,15.828673993
8.022508113,1.608000000,15.825355894
8.137579089,1.675000000,15.822546236
8.252268593,1.742000000,15.820282411
8.366561385,1.809000000,15.818602653
8.480442225,1.876000000,15.817545978
8.593895871,1.943000000,15.817152128
8.706907084,2.010000000,15.817461510
8.819460622,2.077000000,15.818515140
8.931541244,2.144000000,15.820354583
9.043133711,2.211000000,15.823021892
9.154222781,2.278000000,15.826559551
9.264793214,2.345000000,15.831010415
9.374829769,2.412000000,15.836417650
9.484317205,2.479000000,15.842824675
9.593240283,2.546000000,15.850275097
9.701583760,2.613000000,15.858812660
9.809332397,2.680000000,15.868481176
9.916470953,2.747000000,15.879324472
10.022984187,2.814000000,15.891386328
10.128856858,2.881000000,15.904710416
10.234073726,2.948000000,15.919340243
10.338619551,3.015000000,15.935319089
10.442479091,3.082000000,15.952689951
10.545637106,3.149000000,15.971495480
10.648078355,3.216000000,15.991777926
10.749787598,3.283000000,16.013579076
10.850749593,3.350000000,16.036940197
10.950949101,3.417000000,16.061901978
11.050370881,3.484000000,16.088504474
11.148999691,3.551000000,16.116787042
11.246820292,3.618000000,16.146788293
11.343817442,3.685000000,16.178546026
11.439975901,3.752000000,16.212097178
11.535280429,3.819000000,16.247477764
11.629715784,3.886000000,16.284722825
11.723266726,3.953000000,16.323866366
11.815918014,4.020000000,16.364941311
11.907654408,4.087000000,16.407979438
11.998460668,4.154000000,16.453011335
12.088321551,4.221000000,16.500066338
12.177221818,4.288000000,16.549172483
12.265146228,4.355000000,16.600356455
12.352079541,4.422000000,16.653643532
12.438006515,4.489000000,16.709057535
12.522911911,4.556000000,16.766620781
12.606780486,4.623000000,16.826354028
12.689597002,4.690000000,16.888276429
12.771346217,4.757000000,16.952405483
12.852012890,4.824000000,17.018756986
12.931581780,4.891000000,17.087344984
13.010037648,4.958000000,17.158181728
13.087365253,5.025000000,17.231277626
13.163549353,5.092000000,17.306641198
13.238574708,5.159000000,17.384279034
13.312426078,5.226000000,17.464195749
13.385088222,5.293000000,17.546393938
13.456545898,5.360000000,17.630874138
13.526787857,5.427000000,17.717635976
13.595818805,5.494000000,17.806682012
13.663647436,5.561000000,17.898014702
13.730282449,5.628000000,17.991635282
13.795732538,5.695000000,18.087543778
13.860006399,5.762000000,18.185739011
13.923112730,5.829000000,18.286218602
13.985060225,5.896000000,18.388978982
14.045857580,5.963000000,18.494015397
14.105513493,6.030000000,18.601321924
14.164036658,6.097000000,18.710891474
14.221435771,6.164000000,18.822715808
14.277719530,6.231000000,18.936785543
14.332896629,6.298000000,19.053090171
14.386975766,6.365000000,19.171618068
14.439965635,6.432000000,19.292356507
14.491874933,6.499000000,19.415291674
14.542712355,6.566000000,19.540408681
14.592486599,6.633000000,19.667691583
14.641206360,6.700000000,19.797123396
14.688880333,6.767000000,19.928686107
14.735517216,6.834000000,20.062360697
14.781125703,6.901000000,20.198127158
14.825714492,6.968000000,20.335964507
14.869292278,7.035000000,20.475850811
14.911867756,7.102000000,20.617763198
14.953449624,7.169000000,20.761677884
14.994046577,7.236000000,20.907570190
15.033667311,7.303000000,21.055414561
15.072320522,7.370000000,21.205184588
15.110014907,7.437000000,21.356853031
15.146759160,7.504000000,21.510391835
15.182561979,7.571000000,21.665772159
15.217432059,7.638000000,21.822964392
15.251378096,7.705000000,21.981938181
15.284408787,7.772000000,22.142662446
15.316532827,7.839000000,22.305105413
15.347758912,7.906000000,22.469234628
15.378095739,7.973000000,22.635016988
15.407552003,8.040000000,22.802418759
15.436136400,8.107000000,22.971405603
15.463857627,8.174000000,23.141942602
15.490724379,8.241000000,23.313994282
15.516745353,8.308000000,23.487524638
15.541929244,8.375000000,23.662497156
15.566284749,8.442000000,23.838874844
15.589820563,8.509000000,24.016620249
15.612545383,8.576000000,24.195695489
15.634467904,8.643000000,24.376062275
15.655596823,8.710000000,24.557681935
15.675940836,8.777000000,24.740515443
15.695508638,8.844000000,24.924523441
15.714308926,8.911000000,25.109666266
15.732350396,8.978000000,25.295903977
15.749641743,9.045000000,25.483196377
15.766191664,9.112000000,25.671503040
15.782008855,9.179000000,25.860783340
15.797102012,9.246000000,26.050996468
15.811479830,9.313000000,26.242101469
15.825151006,9.380000000,26.434057256
15.838124237,9.447000000,26.626822643
15.850408216,9.514000000,26.820356369
15.862011642,9.581000000,27.014617118
15.872943210,9.648000000,27.209563552
15.883211616,9.715000000,27.405154331
15.892825556,9.782000000,27.601348139
15.901793725,9.849000000,27.798103708
15.910124821,9.916000000,27.995379845
15.917827539,9.983000000,28.193135453
15.924910574,10.050000000,28.391329560
15.931382624,10.117000000,28.589921339
15.937252384,10.184000000,28.788870132
15.942528550,10.251000000,28.988135479
15.947219818,10.318000000,29.187677136
15.951334885,10.385000000,29.387455099
15.954882445,10.452000000,29.587429630
15.957871196,10.519000000,29.787561281
15.960309833,10.586000000,29.987810910
15.962207052,10.653000000,30.188139710
15.963571549,10.720000000,30.388509231
15.964412021,10.787000000,30.588881397
15.964737163,10.854000000,30.789218533
15.964555672,10.921000000,30.989483384
15.963876242,10.988000000,31.189639136
15.962707572,11.055000000,31.389649438
15.961058355,11.122000000,31.589478422
15.958937289,11.189000000,31.789090725
15.956353070,11.256000000,31.988451505
15.953314393,11.323000000,32.187526465
15.949829954,11.390000000,32.386281870
15.945908450,11.457000000,32.584684566
15.941558576,11.524000000,32.782701999
15.936789030,11.591000000,32.980302236
15.931608505,11.658000000,33.177453979
15.926025699,11.725000000,33.374126582
15.920049308,11.792000000,33.570290075
15.913688028,11.859000000,33.765915174
15.906950554,11.926000000,33.960973299
15.899845583,11.993000000,34.155436593
15.892381810,12.060000000,34.349277935
15.884567933,12.127000000,34.542470958
15.876412646,12.194000000,34.734990060
15.867924646,12.261000000,34.926810422
15.859112629,12.328000000,35.117908021
15.849985290,12.395000000,35.308259645
15.840551327,12.462000000,35.497842905
15.830819434,12.529000000,35.686636246
15.820798308,12.596000000,35.874618965
15.810496645,12.663000000,36.061771219
15.799923141,12.730000000,36.248074038
15.789086492,12.797000000,36.433509334
15.777995394,12.864000000,36.618059918
15.766658543,12.931000000,36.801709503
15.755084635,12.998000000,36.984442718
15.743282366,13.065000000,37.166245117
15.731260432,13.132000000,37.347103190
15.719027530,13.199000000,37.527004367
15.706592354,13.266000000,37.705937031
15.693963602,13.333000000,37.883890521
15.681149968,13.400000000,38.060855146
15.668164179,13.467000000,38.236806306
15.655018994,13.534000000,38.411720333
15.641723166,13.601000000,38.585570789
15.628285446,13.668000000,38.758114078
15.614714586,13.735000000,38.928990485
15.601019338,13.802000000,39.097869937
15.587208453,13.869000000,39.264452937
15.573290684,13.936000000,39.428469149
15.559274781,14.003000000,39.589675993
15.545169497,14.070000000,39.747857265
15.530983583,14.137000000,39.902821780
15.516725791,14.204000000,40.054402039
15.502404873,14.271000000,40.202452925
15.488029580,14.338000000,40.346850436
15.473608664,14.405000000,40.487490444
15.459150877,14.472000000,40.624287492
15.444664970,14.539000000,40.757173634
15.430159695,14.606000000,40.886097303
15.415643804,14.673000000,41.011022227
15.401126048,14.740000000,41.131926380
15.386615180,14.807000000,41.248800978
15.372119950,14.874000000,41.361649516
15.357649111,14.941000000,41.470486843
15.343211415,15.008000000,41.575338285
15.328815612,15.075000000,41.676238805
15.314470455,15.142000000,41.773232212
15.300184695,15.209000000,41.866370397
15.285967084,15.276000000,41.955712633
15.271826374,15.343000000,42.041324893
15.257771317,15.410000000,42.123279223
15.243810664,15.477000000,42.201653148
15.229953166,15.544000000,42.276529120
15.216207576,15.611000000,42.347994000
15.202582645,15.678000000,42.416138584
15.189087125,15.745000000,42.481057156
15.175729768,15.812000000,42.542847081
15.162519325,15.879000000,42.601608435
15.149464548,15.946000000,42.657443665
15.136574189,16.013000000,42.710457278
15.123856999,16.080000000,42.760755564
15.111320118,16.147000000,42.808443582
15.098964236,16.214000000,42.853617046
15.086788432,16.281000000,42.896371172
15.074791783,16.348000000,42.936803268
15.062973368,16.415000000,42.975012455
15.051332265,16.482000000,43.011099397
15.039867552,16.549000000,43.045166032
15.028578308,16.616000000,43.077315319
15.017463610,16.683000000,43.107650986
15.006522536,16.750000000,43.136277296
14.995754165,16.817000000,43.163298813
14.985157576,16.884000000,43.188820177
14.974731845,16.951000000,43.212945893
14.964476052,17.018000000,43.235780122
14.954389274,17.085000000,43.257426482
14.944470590,17.152000000,43.277987861
14.934719078,17.219000000,43.297566227
14.925133815,17.286000000,43.316262461
14.915713881,17.353000000,43.334176187
14.906458353,17.420000000,43.351405610
14.897366310,17.487000000,43.368047367
14.888436829,17.554000000,43.384196385
14.879668989,17.621000000,43.399945740
14.871061868,17.688000000,43.415386529
14.862614545,17.755000000,43.430607753
14.854326097,17.822000000,43.445696195
14.846195602,17.889000000,43.460736319
14.838222139,17.956000000,43.475810169
14.830404786,18.023000000,43.490997270
14.822742621,18.090000000,43.506374552
14.815234722,18.157000000,43.522016261
14.807880167,18.224000000,43.537993895
14.800678035,18.291000000,43.554376133
14.793627404,18.358000000,43.571228775
14.786727352,18.425000000,43.588614694
14.779976956,18.492000000,43.606593789
14.773375296,18.559000000,43.625222940
14.766921450,18.626000000,43.644555981
14.760614495,18.693000000,43.664643668
14.754453509,18.760000000,43.685533659
14.748437572,18.827000000,43.707270498
14.742565761,18.894000000,43.729895605
14.736837154,18.961000000,43.753447271
14.731250829,19.028000000,43.777960661
14.725805865,19.095000000,43.803467817
14.720501340,19.162000000,43.829997675
14.715336331,19.229000000,43.857576075
14.710309918,19.296000000,43.886225789
14.705421178,19.363000000,43.915966545
14.700669190,19.430000000,43.946815058
14.696053031,19.497000000,43.978785066
14.691571780,19.564000000,44.011887372
14.687224515,19.631000000,44.046129885
14.683010314,19.698000000,44.081517673
14.678928256,19.765000000,44.118053012
14.674977418,19.832000000,44.155735444
14.671156878,19.899000000,44.194561836
14.667465716,19.966000000,44.234526444
14.663903008,20.033000000,44.275620979
14.660467833,20.100000000,44.317834678
14.657159270,20.167000000,44.361154373
14.653976397,20.234000000,44.405564571
14.650918291,20.301000000,44.451047527
14.647984031,20.368000000,44.497583328
14.645172695,20.435000000,44.545149973
14.642483361,20.502000000,44.593723459
14.639915107,20.569000000,44.643277863
14.637467012,20.636000000,44.693785435
14.635138154,20.703000000,44.745216683
14.632927610,20.770000000,44.797540466
14.630834460,20.837000000,44.850724083
14.628857781,20.904000000,44.904733366
14.626996651,20.971000000,44.959532774
14.625250149,21.038000000,45.015085483
14.623617352,21.105000000,45.071353484
14.622097340,21.172000000,45.128297671
14.620689189,21.239000000,45.185877939
14.619391979,21.306000000,45.244053278
14.618204787,21.373000000,45.302781858
14.617126692,21.440000000,45.362021132
14.616156771,21.507000000,45.421727918
14.615294103,21.574000000,45.481858494
14.614537767,21.641000000,45.542368686
14.613886840,21.708000000,45.603213958
14.613340400,21.775000000,45.664349492
14.612897525,21.842000000,45.725730282
14.612557295,21.909000000,45.787311208
14.612318786,21.976000000,45.849047123
14.612181078,22.043000000,45.910892931
14.612143248,22.110000000,45.972803661
14.612204374,22.177000000,46.034734545
14.612363535,22.244000000,46.096641088
14.612619809,22.311000000,46.158479139
14.612972274,22.378000000,46.220204957
14.613420007,22.445000000,46.281775276
14.613962089,22.512000000,46.343147365
14.614597595,22.579000000,46.404279088
14.615325605,22.646000000,46.465128959
14.616145198,22.713000000,46.525656195
14.617055450,22.780000000,46.585820765
14.618055440,22.847000000,46.645583433
14.619144247,22.914000000,46.704905808
14.620320948,22.981000000,46.763750376
14.621584621,23.048000000,46.822080542
14.622934346,23.115000000,46.879860659
14.624369200,23.182000000,46.937056060
14.625888261,23.249000000,46.993633084
nan,nan,nan
nan,nan,nan
nan,nan,nan
nan,nan,nan
nan,nan,nan
nan,nan,nan
nan,nan,nan
nan,nan,nan
nan,nan,nan
nan,nan,nan
nan,nan,nan
nan,nan,nan
nan,nan,nan
nan,nan,nan
nan,nan,nan
nan,nan,nan
nan,nan,nan
nan,nan,nan
nan,nan,nan
nan,nan,nan
nan,nan,nan
nan,nan,nan
nan,nan,nan
nan,nan,nan
nan,nan,nan
nan,nan,nan
nan,nan,nan
nan,nan,nan
nan,nan,nan
nan,nan,nan
nan,nan,nan
nan,nan,nan
nan,nan,nan
nan,nan,nan
nan,nan,nan
nan,nan,nan
nan,nan,nan
nan,nan,nan
nan,nan,nan
nan,nan,nan
nan,nan,nan
nan,nan,nan
nan,nan,nan
nan,nan,nan
nan,nan,nan
nan,nan,nan
nan,nan,nan
nan,nan,nan
nan,nan,nan
nan,nan,nan
nan,nan,nan
nan,nan,nan
nan,nan,nan
nan,nan,nan
nan,nan,nan
nan,nan,nan
nan,nan,nan
nan,nan,nan
nan,nan,nan
nan,nan,nan
nan,nan,nan
nan,nan,nan
nan,nan,nan
nan,nan,nan
nan,nan,nan
nan,nan,nan
nan,nan,nan
nan,nan,nan
nan,nan,nan
nan,nan,nan
nan,nan,nan
nan,nan,nan
nan,nan,nan
nan,nan,nan
nan,nan,nan
nan,nan,nan
nan,nan,nan
nan,nan,nan
nan,nan,nan
nan,nan,nan
nan,nan,nan
nan,nan,nan
nan,nan,nan
nan,nan,nan
nan,nan,nan
nan,nan,nan
nan,nan,nan
nan,nan,nan
nan,nan,nan
nan,nan,nan
nan,nan,nan
nan,nan,nan
nan,nan,nan
nan,nan,nan
nan,nan,nan
nan,nan,nan
nan,nan,nan
nan,nan,nan
nan,nan,nan
nan,nan,nan
nan,nan,nan
nan,nan,nan
nan,nan,nan
nan,nan,nan
nan,nan,nan
nan,nan,nan
nan,nan,nan
nan,nan,nan
nan,nan,nan
nan,nan,nan
nan,nan,nan
nan,nan,nan
nan,nan,nan
nan,nan,nan
nan,nan,nan
nan,nan,nan
nan,nan,nan
nan,nan,nan
nan,nan,nan
nan,nan,nan
nan,nan,nan
nan,nan,nan
nan,nan,nan
nan,nan,nan
nan,nan,nan
nan,nan,nan
nan,nan,nan
nan,nan,nan
nan,nan,nan
nan,nan,nan
nan,nan,nan
nan,nan,nan
nan,nan,nan
nan,nan,nan
nan,nan,nan
nan,nan,nan
nan,nan,nan
nan,nan,nan
nan,nan,nan
nan,nan,nan
nan,nan,nan
nan,nan,nan
nan,nan,nan
nan,nan,nan
nan,nan,nan
nan,nan,nan
nan,nan,nan
nan,nan,nan
nan,nan,nan
nan,nan,nan
nan,nan,nan
nan,nan,nan
nan,nan,nan
nan,nan,nan
nan,nan,nan
nan,nan,nan
nan,nan,nan
nan,nan,nan
nan,nan,nan
nan,nan,nan
nan,nan,nan
nan,nan,nan
nan,nan,nan
nan,nan,nan
nan,nan,nan
nan,nan,nan
nan,nan,nan
nan,nan,nan
nan,nan,nan
nan,nan,nan
nan,nan,nan
nan,nan,nan
nan,nan,nan
nan,nan,nan
nan,nan,nan
nan,nan,nan
nan,nan,nan
nan,nan,nan
nan,nan,nan
nan,nan,nan
nan,nan,nan
nan,nan,nan
nan,nan,nan
nan,nan,nan
nan,nan,nan
nan,nan,nan
nan,nan,nan
nan,nan,nan
nan,nan,nan
nan,nan,nan
nan,nan,nan
nan,nan,nan
nan,nan,nan
nan,nan,nan
nan,nan,nan
nan,nan,nan
nan,nan,nan
nan,nan,nan
nan,nan,nan
nan,nan,nan
nan,nan,nan
nan,nan,nan
nan,nan,nan
nan,nan,nan
nan,nan,nan
nan,nan,nan
nan,nan,nan
nan,nan,nan
nan,nan,nan
nan,nan,nan
nan,nan,nan
nan,nan,nan
nan,nan,nan
nan,nan,nan
nan,nan,nan
nan,nan,nan
nan,nan,nan
nan,nan,nan
nan,nan,nan
nan,nan,nan
nan,nan,nan
nan,nan,nan
nan,nan,nan
nan,nan,nan
nan,nan,nan
nan,nan,nan
nan,nan,nan
nan,nan,nan
nan,nan,nan
nan,nan,nan
nan,nan,nan
nan,nan,nan
nan,nan,nan
nan,nan,nan
nan,nan,nan
nan,nan,nan
nan,nan,nan
nan,nan,nan
nan,nan,nan
nan,nan,nan
nan,nan,nan
nan,nan,nan
nan,nan,nan
nan,nan,nan
nan,nan,nan
nan,nan,nan
nan,nan,nan
nan,nan,nan
nan,nan,nan
nan,nan,nan
nan,nan,nan
nan,nan,nan
nan,nan,nan
nan,nan,nan
nan,nan,nan
nan,nan,nan
nan,nan,nan
nan,nan,nan
nan,nan,nan
nan,nan,nan
nan,nan,nan
nan,nan,nan
nan,nan,nan
nan,nan,nan
nan,nan,nan
nan,nan,nan
nan,nan,nan
nan,nan,nan
nan,nan,nan
nan,nan,nan
nan,nan,nan
nan,nan,nan
nan,nan,nan
nan,nan,nan
nan,nan,nan
nan,nan,nan
nan,nan,nan
nan,nan,nan
nan,nan,nan
nan,nan,nan
nan,nan,nan
nan,nan,nan
nan,nan,nan
nan,nan,nan
nan,nan,nan
nan,nan,nan
nan,nan,nan
nan,nan,nan
nan,nan,nan
nan,nan,nan
nan,nan,nan
nan,nan,nan
nan,nan,nan
nan,nan,nan
nan,nan,nan
nan,nan,nan
nan,nan,nan
nan,nan,nan
nan,nan,nan
nan,nan,nan
nan,nan,nan
nan,nan,nan
nan,nan,nan
nan,nan,nan
nan,nan,nan
nan,nan,nan
nan,nan,nan
nan,nan,nan
nan,nan,nan
nan,nan,nan
nan,nan,nan
nan,nan,nan
nan,nan,nan
nan,nan,nan
nan,nan,nan
nan,nan,nan
nan,nan,nan
nan,nan,nan
nan,nan,nan
nan,nan,nan
nan,nan,nan
nan,nan,nan
nan,nan,nan
nan,nan,nan
nan,nan,nan
nan,nan,nan
nan,nan,nan
nan,nan,nan
nan,nan,nan
nan,nan,nan
nan,nan,nan
nan,nan,nan
nan,nan,nan
nan,nan,nan
nan,nan,nan
nan,nan,nan
nan,nan,nan
nan,nan,nan
nan,nan,nan
nan,nan,nan
nan,nan,nan
nan,nan,nan
nan,nan,nan
nan,nan,nan
nan,nan,nan
nan,nan,nan
nan,nan,nan
nan,nan,nan
nan,nan,nan
nan,nan,nan
nan,nan,nan
nan,nan,nan
nan,nan,nan
nan,nan,nan
nan,nan,nan
nan,nan,nan
nan,nan,nan
nan,nan,nan
nan,nan,nan
nan,nan,nan
nan,nan,nan
nan,nan,nan
nan,nan,nan
nan,nan,nan
nan,nan,nan
nan,nan,nan
nan,nan,nan
nan,nan,nan
nan,nan,nan
nan,nan,nan
nan,nan,nan
nan,nan,nan
nan,nan,nan
nan,nan,nan
nan,nan,nan
nan,nan,nan
nan,nan,nan
nan,nan,nan
nan,nan,nan
nan,nan,nan
nan,nan,nan
nan,nan,nan
nan,nan,nan
nan,nan,nan
nan,nan,nan
nan,nan,nan
nan,nan,nan
nan,nan,nan
nan,nan,nan
nan,nan,nan
nan,nan,nan
nan,nan,nan
nan,nan,nan
nan,nan,nan
nan,nan,nan
nan,nan,nan
nan,nan,nan
nan,nan,nan
nan,nan,nan
nan,nan,nan
nan,nan,nan
nan,nan,nan
nan,nan,nan
nan,nan,nan
nan,nan,nan
nan,nan,nan
nan,nan,nan
nan,nan,nan
nan,nan,nan
nan,nan,nan
nan,nan,nan
nan,nan,nan
nan,nan,nan
nan,nan,nan
nan,nan,nan
nan,nan,nan
nan,nan,nan
nan,nan,nan
nan,nan,nan
nan,nan,nan
nan,nan,nan
nan,nan,nan
nan,nan,nan
nan,nan,nan
nan,nan,nan
nan,nan,nan
nan,nan,nan
nan,nan,nan
nan,nan,nan
nan,nan,nan
nan,nan,nan
nan,nan,nan
nan,nan,nan
nan,nan,nan
nan,nan,nan
nan,nan,nan
nan,nan,nan
nan,nan,nan
nan,nan,nan
nan,nan,nan
nan,nan,nan
nan,nan,nan
nan,nan,nan
nan,nan,nan
nan,nan,nan
nan,nan,nan
nan,nan,nan
nan,nan,nan
nan,nan,nan
nan,nan,nan
nan,nan,nan
nan,nan,nan
nan,nan,nan
nan,nan,nan
nan,nan,nan
nan,nan,nan
nan,nan,nan
nan,nan,nan
nan,nan,nan
nan,nan,nan
nan,nan,nan
nan,nan,nan
nan,nan,nan
nan,nan,nan
nan,nan,nan
nan,nan,nan
nan,nan,nan
nan,nan,nan
nan,nan,nan
nan,nan,nan
nan,nan,nan
nan,nan,nan
nan,nan,nan
nan,nan,nan
nan,nan,nan
nan,nan,nan
nan,nan,nan
nan,nan,nan
nan,nan,nan
nan,nan,nan
nan,nan,nan
nan,nan,nan
nan,nan,nan
nan,nan,nan
nan,nan,nan
nan,nan,nan
nan,nan,nan
nan,nan,nan
nan,nan,nan
nan,nan,nan
nan,nan,nan
nan,nan,nan
nan,nan,nan
nan,nan,nan
nan,nan,nan
nan,nan,nan
nan,nan,nan
nan,nan,nan
nan,nan,nan
nan,nan,nan
nan,nan,nan
nan,nan,nan
nan,nan,nan
nan,nan,nan
nan,nan,nan
nan,nan,nan
nan,nan,nan
nan,nan,nan
nan,nan,nan
nan,nan,nan
nan,nan,nan
nan,nan,nan
nan,nan,nan
nan,nan,nan
nan,nan,nan
nan,nan,nan
nan,nan,nan
nan,nan,nan
nan,nan,nan
nan,nan,nan
nan,nan,nan
nan,nan,nan
nan,nan,nan
nan,nan,nan
nan,nan,nan
nan,nan,nan
nan,nan,nan
nan,nan,nan
nan,nan,nan
nan,nan,nan
nan,nan,nan
nan,nan,nan
nan,nan,nan
nan,nan,nan
nan,nan,nan
nan,nan,nan
nan,nan,nan
nan,nan,nan
nan,nan,nan
nan,nan,nan
nan,nan,nan
nan,nan,nan
nan,nan,nan
nan,nan,nan
nan,nan,nan
nan,nan,nan
nan,nan,nan
nan,nan,nan
nan,nan,nan
nan,nan,nan
nan,nan,nan
nan,nan,nan
nan,nan,nan
nan,nan,nan
nan,nan,nan
nan,nan,nan
nan,nan,nan
nan,nan,nan
nan,nan,nan
nan,nan,nan
nan,nan,nan
nan,nan,nan
nan,nan,nan
nan,nan,nan
nan,nan,nan
nan,nan,nan
nan,nan,nan
nan,nan,nan
nan,nan,nan
nan,nan,nan
nan,nan,nan
nan,nan,nan
nan,nan,nan
nan,nan,nan
nan,nan,nan
nan,nan,nan
nan,nan,nan
nan,nan,nan
nan,nan,nan
nan,nan,nan
nan,nan,nan
nan,nan,nan
nan,nan,nan
nan,nan,nan
nan,nan,nan
nan,nan,nan
nan,nan,nan
nan,nan,nan
nan,nan,nan
nan,nan,nan
nan,nan,nan
nan,nan,nan
nan,nan,nan
nan,nan,nan
nan,nan,nan
nan,nan,nan
nan,nan,nan
nan,nan,nan
nan,nan,nan
nan,nan,nan
nan,nan,nan
nan,nan,nan
nan,nan,nan
nan,nan,nan
nan,nan,nan
nan,nan,nan
nan,nan,nan
nan,nan,nan
nan,nan,nan
nan,nan,nan
nan,nan,nan
nan,nan,nan
nan,nan,nan
nan,nan,nan
nan,nan,nan
nan,nan,nan
nan,nan,nan
nan,nan,nan
nan,nan,nan
nan,nan,nan
nan,nan,nan
nan,nan,nan
nan,nan,nan
nan,nan,nan
nan,nan,nan
nan,nan,nan
nan,nan,nan
nan,nan,nan
nan,nan,nan
nan,nan,nan
nan,nan,nan
nan,nan,nan
nan,nan,nan
nan,nan,nan
nan,nan,nan
nan,nan,nan
nan,nan,nan
nan,nan,nan
nan,nan,nan
nan,nan,nan
nan,nan,nan
nan,nan,nan
nan,nan,nan
nan,nan,nan
nan,nan,nan
nan,nan,nan
nan,nan,nan
nan,nan,nan
nan,nan,nan
nan,nan,nan
nan,nan,nan
nan,nan,nan
nan,nan,nan
nan,nan,nan
nan,nan,nan
nan,nan,nan
nan,nan,nan
nan,nan,nan
nan,nan,nan
nan,nan,nan
nan,nan,nan
nan,nan,nan
nan,nan,nan
nan,nan,nan
nan,nan,nan
nan,nan,nan
nan,nan,nan
nan,nan,nan
nan,nan,nan
nan,nan,nan
nan,nan,nan
nan,nan,nan
nan,nan,nan
nan,nan,nan
nan,nan,nan
nan,nan,nan
nan,nan,nan
nan,nan,nan
nan,nan,nan
nan,nan,nan
nan,nan,nan
nan,nan,nan
nan,nan,nan
nan,nan,nan
nan,nan,nan
nan,nan,nan
nan,nan,nan
nan,nan,nan
nan,nan,nan
nan,nan,nan
nan,nan,nan
nan,nan,nan
nan,nan,nan
nan,nan,nan
nan,nan,nan
nan,nan,nan
nan,nan,nan
nan,nan,nan
nan,nan,nan
nan,nan,nan
nan,nan,nan
nan,nan,nan
nan,nan,nan
nan,nan,nan
nan,nan,nan
nan,nan,nan
nan,nan,nan
nan,nan,nan
nan,nan,nan
nan,nan,nan
nan,nan,nan
nan,nan,nan
nan,nan,nan
nan,nan,nan
nan,nan,nan
nan,nan,nan
nan,nan,nan
nan,nan,nan
nan,nan,nan
nan,nan,nan
nan,nan,nan
nan,nan,nan
nan,nan,nan
nan,nan,nan
nan,nan,nan
nan,nan,nan
nan,nan,nan
nan,nan,nan
nan,nan,nan
nan,nan,nan
nan,nan,nan
nan,nan,nan
nan,nan,nan
nan,nan,nan
nan,nan,nan
nan,nan,nan
nan,nan,nan
nan,nan,nan
nan,nan,nan
nan,nan,nan
nan,nan,nan
nan,nan,nan
nan,nan,nan
nan,nan,nan
nan,nan,nan
nan,nan,nan
nan,nan,nan
nan,nan,nan
nan,nan,nan
nan,nan,nan
nan,nan,nan
nan,nan,nan
nan,nan,nan
nan,nan,nan
nan,nan,nan
nan,nan,nan
nan,nan,nan
nan,nan,nan
nan,nan,nan
nan,nan,nan
nan,nan,nan
nan,nan,nan
nan,nan,nan
nan,nan,nan
nan,nan,nan
nan,nan,nan
nan,nan,nan
nan,nan,nan
nan,nan,nan
nan,nan,nan
nan,nan,nan
nan,nan,nan
nan,nan,nan
nan,nan,nan
nan,nan,nan
nan,nan,nan
nan,nan,nan
nan,nan,nan
nan,nan,nan
nan,nan,nan
nan,nan,nan
nan,nan,nan
nan,nan,nan
nan,nan,nan
nan,nan,nan
nan,nan,nan
nan,nan,nan
nan,nan,nan
nan,nan,nan
nan,nan,nan
nan,nan,nan
nan,nan,nan
nan,nan,nan
nan,nan,nan
nan,nan,nan
nan,nan,nan
nan,nan,nan
nan,nan,nan
nan,nan,nan
nan,nan,nan
nan,nan,nan
nan,nan,nan
nan,nan,nan
nan,nan,nan
nan,nan,nan
nan,nan,nan
nan,nan,nan
nan,nan,nan
nan,nan,nan
nan,nan,nan
nan,nan,nan
nan,nan,nan
nan,nan,nan
nan,nan,nan
nan,nan,nan
nan,nan,nan
nan,nan,nan
nan,nan,nan
nan,nan,nan
nan,nan,nan
nan,nan,nan
nan,nan,nan
nan,nan,nan
nan,nan,nan
nan,nan,nan
nan,nan,nan
nan,nan,nan
nan,nan,nan
nan,nan,nan
nan,nan,nan
nan,nan,nan
nan,nan,nan
nan,nan,nan
nan,nan,nan
nan,nan,nan
nan,nan,nan
nan,nan,nan
nan,nan,nan
nan,nan,nan
nan,nan,nan
nan,nan,nan
nan,nan,nan
nan,nan,nan
nan,nan,nan
nan,nan,nan
nan,nan,nan
nan,nan,nan
nan,nan,nan
nan,nan,nan
nan,nan,nan
nan,nan,nan
nan,nan,nan
nan,nan,nan
nan,nan,nan
nan,nan,nan
nan,nan,nan
nan,nan,nan
nan,nan,nan
nan,nan,nan
nan,nan,nan
nan,nan,nan
nan,nan,nan
nan,nan,nan
nan,nan,nan
nan,nan,nan
nan,nan,nan
nan,nan,nan
nan,nan,nan
nan,nan,nan
nan,nan,nan
nan,nan,nan
nan,nan,nan
nan,nan,nan
nan,nan,nan
nan,nan,nan
nan,nan,nan
nan,nan,nan
nan,nan,nan
nan,nan,nan
nan,nan,nan
nan,nan,nan
nan,nan,nan
nan,nan,nan
nan,nan,nan
nan,nan,nan
nan,nan,nan
nan,nan,nan
nan,nan,nan
nan,nan,nan
nan,nan,nan
nan,nan,nan
nan,nan,nan
nan,nan,nan
nan,nan,nan
nan,nan,nan
nan,nan,nan
nan,nan,nan
nan,nan,nan
nan,nan,nan
nan,nan,nan
nan,nan,nan
nan,nan,nan
nan,nan,nan
nan,nan,nan
nan,nan,nan
nan,nan,nan
nan,nan,nan
nan,nan,nan
nan,nan,nan
nan,nan,nan
nan,nan,nan
nan,nan,nan
nan,nan,nan
nan,nan,nan
nan,nan,nan
nan,nan,nan
nan,nan,nan
nan,nan,nan
nan,nan,nan
nan,nan,nan
nan,nan,nan
nan,nan,nan
nan,nan,nan
nan,nan,nan
nan,nan,nan
nan,nan,nan
nan,nan,nan
nan,nan,nan
nan,nan,nan
nan,nan,nan
nan,nan,nan
nan,nan,nan
nan,nan,nan
nan,nan,nan
nan,nan,nan
nan,nan,nan
nan,nan,nan
nan,nan,nan
nan,nan,nan
nan,nan,nan
nan,nan,nan
nan,nan,nan
nan,nan,nan
nan,nan,nan
nan,nan,nan
nan,nan,nan
nan,nan,nan
nan,nan,nan
nan,nan,nan
nan,nan,nan
nan,nan,nan
nan,nan,nan
nan,nan,nan
12.607409986,87.167000000,49.414940298
12.604168765,87.234000000,49.390037595
12.600945246,87.301000000,49.365185212
12.597739494,87.368000000,49.340378652
12.594551575,87.435000000,49.315613524
12.591381553,87.502000000,49.290885545
12.588229493,87.569000000,49.266190538
12.585095460,87.636000000,49.241524432
12.581979519,87.703000000,49.216883258
12.578881735,87.770000000,49.192263152
12.575802172,87.837000000,49.167660355
12.572740896,87.904000000,49.143071207
12.569697972,87.971000000,49.118492150
12.566673465,88.038000000,49.093919729
12.563667439,88.105000000,49.069350585
12.560679959,88.172000000,49.044781462
12.557711091,88.239000000,49.020209198
12.554760899,88.306000000,48.995630732
12.551829448,88.373000000,48.971043098
12.548916804,88.440000000,48.946443424
12.546023030,88.507000000,48.921828936
12.543148193,88.574000000,48.897196952
12.540292356,88.641000000,48.872544883
12.537455586,88.708000000,48.847870233
12.534637946,88.775000000,48.823170597
12.531839502,88.842000000,48.798443660
12.529060319,88.909000000,48.773687199
12.526300461,88.976000000,48.748899078
12.523559994,89.043000000,48.724077247
12.520838982,89.110000000,48.699219748
12.518137491,89.177000000,48.674324704
12.515455585,89.244000000,48.649390326
12.512793330,89.311000000,48.624414910
12.510150789,89.378000000,48.599396833
12.507528029,89.445000000,48.574334556
12.504925114,89.512000000,48.549226623
12.502342108,89.579000000,48.524071656
12.499779078,89.646000000,48.498868359
12.497236087,89.713000000,48.473615514
12.494713202,89.780000000,48.448311982
12.492210486,89.847000000,48.422956699
12.489728004,89.914000000,48.397548680
12.487265822,89.981000000,48.372087014
12.484824005,90.048000000,48.346570865
12.482402617,90.115000000,48.320999468
12.480001724,90.182000000,48.295372135
12.477621390,90.249000000,48.269688246
12.475261680,90.316000000,48.243947254
12.472922659,90.383000000,48.218148680
12.470604392,90.450000000,48.192292116
12.468306944,90.517000000,48.166377221
12.466030381,90.584000000,48.140403720
12.463774766,90.651000000,48.114371407
12.461540165,90.718000000,48.088280139
12.459326643,90.785000000,48.062129838
12.457134264,90.852000000,48.035920490
12.454963094,90.919000000,48.009652143
12.452813198,90.986000000,47.983324907
12.450684640,91.053000000,47.956938953
12.448577485,91.120000000,47.930494511
12.446491784,91.187000000,47.903991815
12.444427524,91.254000000,47.877430928
12.442384680,91.321000000,47.850811916
12.440363224,91.388000000,47.824134897
12.438363131,91.455000000,47.797400045
12.436384374,91.522000000,47.770607586
12.434426926,91.589000000,47.743757800
12.432490761,91.656000000,47.716851017
12.430575853,91.723000000,47.689887618
12.428682174,91.790000000,47.662868036
12.426809699,91.857000000,47.635792749
12.424958401,91.924000000,47.608662288
12.423128254,91.991000000,47.581477228
12.421319230,92.058000000,47.554238190
12.419531304,92.125000000,47.526945845
12.417764448,92.192000000,47.499600904
12.416018638,92.259000000,47.472204124
12.414293845,92.326000000,47.444756306
12.412590044,92.393000000,47.417258293
12.410907207,92.460000000,47.389710969
12.409245310,92.527000000,47.362115260
12.407604324,92.594000000,47.334472130
12.405984224,92.661000000,47.306782583
12.404384983,92.728000000,47.279047664
12.402806575,92.795000000,47.251268452
12.401248972,92.862000000,47.223446065
12.399712150,92.929000000,47.195581657
12.398196080,92.996000000,47.167676416
12.396700737,93.063000000,47.139731566
12.395226094,93.130000000,47.111748365
12.393772125,93.197000000,47.083728103
12.392338803,93.264000000,47.055672102
12.390926102,93.331000000,47.027581718
12.389533995,93.398000000,46.999458334
12.388162455,93.465000000,46.971303367
12.386811457,93.532000000,46.943118261
12.385480973,93.599000000,46.914904489
12.384170978,93.666000000,46.886663553
12.382881444,93.733000000,46.858396980
12.381612346,93.800000000,46.830106326
12.380363030,93.867000000,46.801793206
12.379132840,93.934000000,46.773459261
12.377921745,94.001000000,46.745106124
12.376729712,94.068000000,46.716735450
12.375556710,94.135000000,46.688348917
12.374402706,94.202000000,46.659948227
12.373267669,94.269000000,46.631535101
12.372151566,94.336000000,46.603111283
12.371054366,94.403000000,46.574678535
12.369976037,94.470000000,46.546238640
12.368916547,94.537000000,46.517793400
12.367875863,94.604000000,46.489344633
12.366853955,94.671000000,46.460894178
12.365850790,94.738000000,46.432443887
12.364866335,94.805000000,46.403995631
12.363900560,94.872000000,46.375551294
12.362953432,94.939000000,46.347112777
12.362024919,95.006000000,46.318681994
12.361114990,95.073000000,46.290260874
12.360223612,95.140000000,46.261851357
12.359350753,95.207000000,46.233455395
12.358496382,95.274000000,46.205074954
12.357660467,95.341000000,46.176712010
12.356842975,95.408000000,46.148368548
12.356043875,95.475000000,46.120046564
12.355263134,95.542000000,46.091748064
12.354500721,95.609000000,46.063475061
12.353756605,95.676000000,46.035229576
12.353030752,95.743000000,46.007013639
12.352323131,95.810000000,45.978829284
12.351633710,95.877000000,45.950678555
12.350962457,95.944000000,45.922563496
12.350309341,96.011000000,45.894486162
12.349674329,96.078000000,45.866448608
12.349057389,96.145000000,45.838452895
12.348458489,96.212000000,45.810501087
12.347877598,96.279000000,45.782595249
12.347314683,96.346000000,45.754737449
12.346769713,96.413000000,45.726929757
12.346242655,96.480000000,45.699174244
12.345733478,96.547000000,45.671472981
12.345242150,96.614000000,45.643828037
12.344768639,96.681000000,45.616241484
12.344312912,96.748000000,45.588715389
12.343874938,96.815000000,45.561251819
12.343454686,96.882000000,45.533852838
12.343052122,96.949000000,45.506520507
12.342667215,97.016000000,45.479256885
12.342299934,97.083000000,45.452064024
12.341950246,97.150000000,45.424943974
12.341618119,97.217000000,45.397898778
12.341303521,97.284000000,45.370930475
12.341006421,97.351000000,45.344041096
12.340726786,97.418000000,45.317232668
12.340464585,97.485000000,45.290507207
12.340219785,97.552000000,45.263866724
12.339992355,97.619000000,45.237313221
12.339782263,97.686000000,45.210848691
12.339589476,97.753000000,45.184475118
12.339413963,97.820000000,45.158194476
12.339255692,97.887000000,45.132008729
12.339114631,97.954000000,45.105919829
12.338990748,98.021000000,45.079929718
12.338884012,98.088000000,45.054040327
12.338794389,98.155000000,45.028253571
12.338721848,98.222000000,45.002571356
12.338666358,98.289000000,44.976995573
12.338627886,98.356000000,44.951528100
12.338606400,98.423000000,44.926170800
12.338601869,98.490000000,44.900925520
12.338614260,98.557000000,44.875794095
12.338643542,98.624000000,44.850778342
12.338689682,98.691000000,44.825880062
12.338752649,98.758000000,44.801101040
12.338832411,98.825000000,44.776443043
12.338928936,98.892000000,44.751907821
12.339042191,98.959000000,44.727497105
12.339172146,99.026000000,44.703212610
12.339318767,99.093000000,44.679056029
12.339482024,99.160000000,44.655029037
12.339661883,99.227000000,44.631133289
12.339858314,99.294000000,44.607370419
12.340071284,99.361000000,44.583742040
12.340300761,99.428000000,44.560249746
12.340546713,99.495000000,44.536895107
12.340809109,99.562000000,44.513679671
12.341087916,99.629000000,44.490604964
12.341383103,99.696000000,44.467672488
12.341694638,99.763000000,44.444883724
12.342022488,99.830000000,44.422240125
12.342366622,99.897000000,44.399743123
12.342727007,99.964000000,44.377394124
12.343103613,100.031000000,44.355194509
12.343496406,100.098000000,44.333145632
12.343905356,100.165000000,44.311248823
12.344330429,100.232000000,44.289505384
12.344771594,100.299000000,44.267916590
12.345228820,100.366000000,44.246483690
12.345702073,100.433000000,44.225207903
12.346191323,100.500000000,44.204090421
12.346696538,100.567000000,44.183132408
12.347217684,100.634000000,44.162334997
12.347754731,100.701000000,44.141699294
12.348307647,100.768000000,44.121226373
12.348876399,100.835000000,44.100917279
12.349460956,100.902000000,44.080773025
12.350061285,100.969000000,44.060794593
12.350677356,101.036000000,44.040982934
12.351309135,101.103000000,44.021338968
12.351956590,101.170000000,44.001863581
12.352619691,101.237000000,43.982557627
12.353298405,101.304000000,43.963421926
12.353992700,101.371000000,43.944457266
12.354702544,101.438000000,43.925664399
12.355427905,101.505000000,43.907044044
12.356168751,101.572000000,43.888596885
12.356925051,101.639000000,43.870323571
12.357696772,101.706000000,43.852224714
12.358483882,101.773000000,43.834300893
12.359286350,101.840000000,43.816552647
12.360104144,101.907000000,43.798980481
12.360937231,101.974000000,43.781584862
12.361785580,102.041000000,43.764366219
12.362649158,102.108000000,43.747324944
12.363527934,102.175000000,43.730461390
12.364421876,102.242000000,43.713775872
12.365330952,102.309000000,43.697268664
12.366255130,102.376000000,43.680940004
12.367194378,102.443000000,43.664790087
12.368148664,102.510000000,43.648819070
12.369117956,102.577000000,43.633027067
12.370102222,102.644000000,43.617414154
12.371101431,102.711000000,43.601980364
12.372115550,102.778000000,43.586725688
12.373144547,102.845000000,43.571650075
12.374188391,102.912000000,43.556753433
12.375247050,102.979000000,43.542035625
12.376320490,103.046000000,43.527496474
12.377408682,103.113000000,43.513135755
12.378511592,103.180000000,43.498953203
12.379629189,103.247000000,43.484948506
12.380761441,103.314000000,43.471121310
12.381908316,103.381000000,43.457471214
12.383069781,103.448000000,43.443997771
12.384245806,103.515000000,43.430700491
12.385436357,103.582000000,43.417578835
12.386641404,103.649000000,43.404632219
12.387860914,103.716000000,43.391860012
12.389094855,103.783000000,43.379261536
12.390343196,103.850000000,43.366836064
12.391605904,103.917000000,43.354582824
12.392882947,103.984000000,43.342500993
12.394174294,104.051000000,43.330589700
12.395479912,104.118000000,43.318848026
12.396799770,104.185000000,43.307275001
12.398133836,104.252000000,43.295869607
12.399482077,104.319000000,43.284630775
12.400844462,104.386000000,43.273557386
12.402220959,104.453000000,43.262648270
12.403611536,104.520000000,43.251902206
12.405016161,104.587000000,43.241317921
12.406434802,104.654000000,43.230894091
12.407867427,104.721000000,43.220629339
12.409314004,104.788000000,43.210522237
12.410774501,104.855000000,43.200571302
12.412248887,104.922000000,43.190775000
12.413737129,104.989000000,43.181131741
12.415239196,105.056000000,43.171639884
12.416755054,105.123000000,43.162297731
12.418284674,105.190000000,43.153103531
12.419828022,105.257000000,43.144055478
12.421385066,105.324000000,43.135151709
12.422955776,105.391000000,43.126390308
12.424540118,105.458000000,43.117769301
12.426138061,105.525000000,43.109286659
12.427749572,105.592000000,43.100940296
12.429374621,105.659000000,43.092728068
12.431013175,105.726000000,43.084647774
12.432665202,105.793000000,43.076697157
12.434330670,105.860000000,43.068873901
12.436009547,105.927000000,43.061175630
12.437701801,105.994000000,43.053599911
12.439407401,106.061000000,43.046144252
12.441126314,106.128000000,43.038806101
12.442858509,106.195000000,43.031582848
12.444603953,106.262000000,43.024471819
12.446362614,106.329000000,43.017470284
12.448134462,106.396000000,43.010575450
12.449919463,106.463000000,43.003784464
12.451717585,106.530000000,42.997094409
12.453528798,106.597000000,42.990502310
12.455353068,106.664000000,42.984005128
12.457190364,106.731000000,42.977599761
12.459040654,106.798000000,42.971283046
12.460903907,106.865000000,42.965051756
12.462780089,106.932000000,42.958902599
12.464669170,106.999000000,42.952832223
12.466571116,107.066000000,42.946837209
12.468485897,107.133000000,42.940914073
12.470413481,107.200000000,42.935059270
12.472353835,107.267000000,42.929269186
12.474306927,107.334000000,42.923540144
12.476272726,107.401000000,42.917868400
12.478251199,107.468000000,42.912250145
12.480242315,107.535000000,42.906681502
12.482246042,107.602000000,42.901158530
12.484262348,107.669000000,42.895677217
12.486291200,107.736000000,42.890233488
12.488332567,107.803000000,42.884823196
12.490386418,107.870000000,42.879442878
12.492452719,107.937000000,42.874091762
12.494531439,108.004000000,42.868769698
12.496622547,108.071000000,42.863476537
12.498726010,108.138000000,42.858212127
12.500841796,108.205000000,42.852976319
12.502969873,108.272000000,42.847768963
12.505110210,108.339000000,42.842589909
12.507262774,108.406000000,42.837439007
12.509427533,108.473000000,42.832316107
12.511604457,108.540000000,42.827221058
12.513793511,108.607000000,42.822153712
12.515994666,108.674000000,42.817113918
12.518207888,108.741000000,42.812101525
12.520433146,108.808000000,42.807116385
12.522670408,108.875000000,42.802158346
12.524919642,108.942000000,42.797227259
12.527180816,109.009000000,42.792322974
12.529453898,109.076000000,42.787445341
12.531738856,109.143000000,42.782594210
12.534035659,109.210000000,42.777769430
12.536344273,109.277000000,42.772970852
12.538664668,109.344000000,42.768198326
12.540996811,109.411000000,42.763451702
12.543340671,109.478000000,42.758730830
12.545696215,109.545000000,42.754035559
12.548063412,109.612000000,42.749365740
12.550442229,109.679000000,42.744721223
12.552832635,109.746000000,42.740101857
12.555234597,109.813000000,42.735507493
12.557648085,109.880000000,42.730937981
12.560073065,109.947000000,42.726393170
12.562509506,110.014000000,42.721872911
12.564957376,110.081000000,42.717377054
12.567416644,110.148000000,42.712905448
12.569887276,110.215000000,42.708457944
12.572369241,110.282000000,42.704034392
12.574862508,110.349000000,42.699634641
12.577367044,110.416000000,42.695258542
12.579882817,110.483000000,42.690905944
12.582409796,110.550000000,42.686576698
12.584947948,110.617000000,42.682270653
12.587497242,110.684000000,42.677987660
12.590057645,110.751000000,42.673727568
12.592629126,110.818000000,42.669490228
12.595211652,110.885000000,42.665275490
12.597805192,110.952000000,42.661083202
12.600409715,111.019000000,42.656913217
12.603025187,111.086000000,42.652765383
12.605651577,111.153000000,42.648639550
12.608288853,111.220000000,42.644535568
12.610936983,111.287000000,42.640453288
12.613595935,111.354000000,42.636392560
12.616265677,111.421000000,42.632353233
12.618946178,111.488000000,42.628335157
12.621637405,111.555000000,42.624338182
12.624339326,111.622000000,42.620362159
12.627051910,111.689000000,42.616406937
12.629775124,111.756000000,42.612472367
12.632508937,111.823000000,42.608558298
12.635253316,111.890000000,42.604664580
12.638008231,111.957000000,42.600791063
12.640773647,112.024000000,42.596937598
12.643549535,112.091000000,42.593104034
12.646335862,112.158000000,42.589290221
12.649132595,112.225000000,42.585496010
12.651939703,112.292000000,42.581721249
12.654757155,112.359000000,42.577965790
12.657584917,112.426000000,42.574229482
12.660422959,112.493000000,42.570512175
12.663271248,112.560000000,42.566813720
12.666129752,112.627000000,42.563133965
12.668998440,112.694000000,42.559472762
12.671877279,112.761000000,42.555829960
12.674766237,112.828000000,42.552205409
12.677665283,112.895000000,42.548598959
12.680574385,112.962000000,42.545010460
12.683493510,113.029000000,42.541439762
12.686422627,113.096000000,42.537886716
12.689361704,113.163000000,42.534351170
12.692310708,113.230000000,42.530832975
12.695269609,113.297000000,42.527331982
12.698238373,113.364000000,42.523848039
12.701216970,113.431000000,42.520380998
12.704205366,113.498000000,42.516930707
12.707203531,113.565000000,42.513497017
12.710211432,113.632000000,42.510079779
12.713229037,113.699000000,42.506678841
12.716256314,113.766000000,42.503294054
12.719293232,113.833000000,42.499925269
12.722339758,113.900000000,42.496572334
12.725395861,113.967000000,42.493235100
12.728461508,114.034000000,42.489913417
12.731536668,114.101000000,42.486607134
12.734621309,114.168000000,42.483316103
12.737715398,114.235000000,42.480040173
12.740818905,114.302000000,42.476779193
12.743931796,114.369000000,42.473533014
12.747054040,114.436000000,42.470301486
12.750185605,114.503000000,42.467084459
12.753326459,114.570000000,42.463881782
12.756476570,114.637000000,42.460693307
12.759635906,114.704000000,42.457518882
12.762804436,114.771000000,42.454358358
12.765982127,114.838000000,42.451211584
12.769168947,114.905000000,42.448078412
12.772364865,114.972000000,42.444958690
12.775569848,115.039000000,42.441852269
12.778783865,115.106000000,42.438758998
12.782006883,115.173000000,42.435678728
12.785238871,115.240000000,42.432611309
12.788479797,115.307000000,42.429556590
12.791729628,115.374000000,42.426514422
12.794988333,115.441000000,42.423484655
12.798255881,115.508000000,42.420467138
12.801532238,115.575000000,42.417461722
12.804817373,115.642000000,42.414468257
12.808111254,115.709000000,42.411486592
12.811413850,115.776000000,42.408516577
12.814725127,115.843000000,42.405558063
12.818045055,115.910000000,42.402610900
12.821373602,115.977000000,42.399674937
12.824710734,116.044000000,42.396750025
12.828056421,116.111000000,42.393836013
12.831410631,116.178000000,42.390932752
12.834773331,116.245000000,42.388040091
12.838144490,116.312000000,42.385157881
12.841524076,116.379000000,42.382285971
12.844912056,116.446000000,42.379424211
12.848308399,116.513000000,42.376572452
12.851713073,116.580000000,42.373730544
12.855126046,116.647000000,42.370898335
12.858547286,116.714000000,42.368075678
12.861976761,116.781000000,42.365262420
12.865414440,116.848000000,42.362458413
12.868860289,116.915000000,42.359663506
12.872314278,116.982000000,42.356877550
12.875776373,117.049000000,42.354100394
12.879246545,117.116000000,42.351331888
12.882724759,117.183000000,42.348571882
12.886210986,117.250000000,42.345820227
12.889705191,117.317000000,42.343076772
12.893207345,117.384000000,42.340341367
12.896717414,117.451000000,42.337613863
12.900235367,117.518000000,42.334894108
12.903761171,117.585000000,42.332181954
12.907294796,117.652000000,42.329477251
12.910836208,117.719000000,42.326779847
12.914385376,117.786000000,42.324089593
12.917942269,117.853000000,42.321406340
12.921506853,117.920000000,42.318729937
12.925079098,117.987000000,42.316060234
12.928658971,118.054000000,42.313397081
12.932246440,118.121000000,42.310740328
12.935841474,118.188000000,42.308089826
12.939444039,118.255000000,42.305445423
12.943054106,118.322000000,42.302806971
12.946671641,118.389000000,42.300174318
12.950296612,118.456000000,42.297547316
12.953928988,118.523000000,42.294925814
12.957568737,118.590000000,42.292309661
12.961215827,118.657000000,42.289698709
12.964870225,118.724000000,42.287092807
12.968531901,118.791000000,42.284491805
12.972200821,118.858000000,42.281895552
12.975876954,118.925000000,42.279303900
12.979560269,118.992000000,42.276716698
12.983250732,119.059000000,42.274133795
12.986948313,119.126000000,42.271555043
12.990652979,119.193000000,42.268980290
12.994364698,119.260000000,42.266409387
12.998083439,119.327000000,42.263842185
13.001809169,119.394000000,42.261278532
13.005541857,119.461000000,42.258718279
13.009281470,119.528000000,42.256161275
13.013027977,119.595000000,42.253607372
13.016781345,119.662000000,42.251056418
13.020541544,119.729000000,42.248508265
13.024308540,119.796000000,42.245962761
13.028082302,119.863000000,42.243419757
13.031862798,119.930000000,42.240879102
13.035649995,119.997000000,42.238340648
13.039443863,120.064000000,42.235804243
13.043244369,120.131000000,42.233269738
13.047051482,120.198000000,42.230736982
13.050865168,120.265000000,42.228205827
13.054685397,120.332000000,42.225676121
13.058512136,120.399000000,42.223147714
13.062345353,120.466000000,42.220620458
13.066185017,120.533000000,42.218094201
13.070031096,120.600000000,42.215568793
13.073883557,120.667000000,42.213044086
13.077742369,120.734000000,42.210519928
13.081607499,120.801000000,42.207996169
13.085478917,120.868000000,42.205472660
13.089356589,120.935000000,42.202949251
13.093240484,121.002000000,42.200425791
13.097130570,121.069000000,42.197902131
13.101026815,121.136000000,42.195378121
13.104929187,121.203000000,42.192853610
13.108837654,121.270000000,42.190328448
13.112752185,121.337000000,42.187802486
13.116672746,121.404000000,42.185275574
13.120599307,121.471000000,42.182747561
13.124531836,121.538000000,42.180218297
13.128470300,121.605000000,42.177687633
13.132414667,121.672000000,42.175155418
13.136364906,121.739000000,42.172621503
13.140320985,121.806000000,42.170085737
13.144282871,121.873000000,42.167547971
13.148250533,121.940000000,42.165008054
13.152223939,122.007000000,42.162465836
13.156203057,122.074000000,42.159921168
13.160187855,122.141000000,42.157373899
13.164178301,122.208000000,42.154823880
13.168174362,122.275000000,42.152270959
13.172176008,122.342000000,42.149714988
13.176183206,122.409000000,42.147155817
13.180195925,122.476000000,42.144593295
13.184214131,122.543000000,42.142027272
13.188237794,122.610000000,42.139457598
13.192266882,122.677000000,42.136884123
13.196301362,122.744000000,42.134306698
13.200341202,122.811000000,42.131725172
13.204386371,122.878000000,42.129139395
13.208436837,122.945000000,42.126549218
13.212492568,123.012000000,42.123954489
13.216553531,123.079000000,42.121355060
13.220619695,123.146000000,42.118750780
13.224691028,123.213000000,42.116141499
13.228767498,123.280000000,42.113527067
13.232849086,123.347000000,42.110907353
13.236935819,123.414000000,42.108282301
13.241027740,123.481000000,42.105651873
13.245124888,123.548000000,42.103016032
13.249227306,123.615000000,42.100374739
13.253335035,123.682000000,42.097727959
13.257448115,123.749000000,42.095075652
13.261566587,123.816000000,42.092417782
13.265690493,123.883000000,42.089754312
13.269819874,123.950000000,42.087085203
13.273954771,124.017000000,42.084410418
13.278095224,124.084000000,42.081729920
13.282241275,124.151000000,42.079043671
13.286392965,124.218000000,42.076351634
13.290550335,124.285000000,42.073653771
13.294713426,124.352000000,42.070950045
13.298882279,124.419000000,42.068240418
13.303056936,124.486000000,42.065524853
13.307237437,124.553000000,42.062803312
13.311423823,124.620000000,42.060075758
13.315616135,124.687000000,42.057342153
13.319814415,124.754000000,42.054602460
13.324018704,124.821000000,42.051856642
13.328229042,124.888000000,42.049104660
13.332445471,124.955000000,42.046346477
13.336668032,125.022000000,42.043582056
13.340896765,125.089000000,42.040811359
13.345131713,125.156000000,42.038034350
13.349372915,125.223000000,42.035250989
13.353620414,125.290000000,42.032461240
13.357874249,125.357000000,42.029665066
13.362134463,125.424000000,42.026862429
13.366401096,125.491000000,42.024053291
13.370674189,125.558000000,42.021237614
13.374953784,125.625000000,42.018415362
13.379239921,125.692000000,42.015586497
13.383532642,125.759000000,42.012750982
13.387831987,125.826000000,42.009908778
13.392137998,125.893000000,42.007059849
13.396450716,125.960000000,42.004204156
13.400770181,126.027000000,42.001341663
13.405096436,126.094000000,41.998472332
13.409429520,126.161000000,41.995596125
13.413769475,126.228000000,41.992713006
13.418116343,126.295000000,41.989822935
13.422470163,126.362000000,41.986925877
13.426830978,126.429000000,41.984021793
13.431198828,126.496000000,41.981110646
13.435573755,126.563000000,41.978192398
13.439955799,126.630000000,41.975267013
13.444345001,126.697000000,41.972334451
13.448741403,126.764000000,41.969394677
13.453145046,126.831000000,41.966447653
13.457555970,126.898000000,41.963493340
13.461974217,126.965000000,41.960531702
13.466399828,127.032000000,41.957562701
13.470832844,127.099000000,41.954586299
13.475273305,127.166000000,41.951602459
13.479721254,127.233000000,41.948611144
13.484176731,127.300000000,41.945612316
13.488639777,127.367000000,41.942605938
13.493110434,127.434000000,41.939591971
13.497588742,127.501000000,41.936570379
13.502074742,127.568000000,41.933541125
13.506568475,127.635000000,41.930504169
13.511069983,127.702000000,41.927459476
13.515579307,127.769000000,41.924407008
13.520096488,127.836000000,41.921346726
13.524621566,127.903000000,41.918278594
13.529154583,127.970000000,41.915202574
13.533695580,128.037000000,41.912118629
13.538244597,128.104000000,41.909026721
13.542801677,128.171000000,41.905926813
13.547366860,128.238000000,41.902818866
13.551940187,128.305000000,41.899702845
13.556521699,128.372000000,41.896578710
13.561111438,128.439000000,41.893446425
13.565709444,128.506000000,41.890305953
13.570315758,128.573000000,41.887157255
13.574930422,128.640000000,41.884000294
13.579554345,128.707000000,41.880835033
13.584188434,128.774000000,41.877661434
13.588832725,128.841000000,41.874479459
13.593487255,128.908000000,41.871289072
13.598152061,128.975000000,41.868090235
13.602827179,129.042000000,41.864882910
13.607512646,129.109000000,41.861667059
13.612208498,129.176000000,41.858442646
13.616914773,129.243000000,41.855209632
13.621631506,129.310000000,41.851967981
13.626358734,129.377000000,41.848717655
13.631096495,129.444000000,41.845458616
13.635844824,129.511000000,41.842190826
13.640603759,129.578000000,41.838914249
13.645373335,129.645000000,41.835628846
13.650153590,129.712000000,41.832334581
13.654944560,129.779000000,41.829031416
13.659746282,129.846000000,41.825719313
13.664558792,129.913000000,41.822398235
13.669382128,129.980000000,41.819068144
13.674216324,130.047000000,41.815729003
13.679061420,130.114000000,41.812380774
13.683917450,130.181000000,41.809023420
13.688784452,130.248000000,41.805656903
13.693662461,130.315000000,41.802281187
13.698551516,130.382000000,41.798896232
13.703451652,130.449000000,41.795502003
13.708362906,130.516000000,41.792098461
13.713285315,130.583000000,41.788685568
13.718218915,130.650000000,41.785263288
13.723163743,130.717000000,41.781831583
13.728119836,130.784000000,41.778390416
13.733087230,130.851000000,41.774939748
13.738065961,130.918000000,41.771479543
13.743056067,130.985000000,41.768009762
13.748057585,131.052000000,41.764530369
13.753070549,131.119000000,41.761041326
13.758094999,131.186000000,41.757542596
13.763130969,131.253000000,41.754034140
13.768178497,131.320000000,41.750515922
13.773237618,131.387000000,41.746987903
13.778308371,131.454000000,41.743450048
13.783390791,131.521000000,41.739902317
13.788484916,131.588000000,41.736344673
13.793590781,131.655000000,41.732777080
13.798708423,131.722000000,41.729199499
13.803837880,131.789000000,41.725611893
13.808979187,131.856000000,41.722014225
13.814132381,131.923000000,41.718406457
13.819297499,131.990000000,41.714788551
13.824474578,132.057000000,41.711160470
13.829663653,132.124000000,41.707522177
13.834864763,132.191000000,41.703873634
13.840077942,132.258000000,41.700214803
13.845303229,132.325000000,41.696545647
13.850540660,132.392000000,41.692866129
13.855790270,132.459000000,41.689176211
13.861052098,132.526000000,41.685475856
13.866326179,132.593000000,41.681765025
13.871612550,132.660000000,41.678043683
13.876911248,132.727000000,41.674311790
13.882222309,132.794000000,41.670569310
13.887545771,132.861000000,41.666816205
13.892881669,132.928000000,41.663052438
13.898230040,132.995000000,41.659277971
13.903590921,133.062000000,41.655492766
13.908964349,133.129000000,41.651696787
13.914350360,133.196000000,41.647889995
13.919748991,133.263000000,41.644072353
13.925160278,133.330000000,41.640243824
13.930584258,133.397000000,41.636404370
13.936020968,133.464000000,41.632553954
13.941470444,133.531000000,41.628692538
13.946932723,133.598000000,41.624820085
13.952407841,133.665000000,41.620936557
13.957895836,133.732000000,41.617041917
13.963396743,133.799000000,41.613136126
13.968910600,133.866000000,41.609219149
13.974437443,133.933000000,41.605290947
13.979977309,134.000000000,41.601351482
13.985530234,134.067000000,41.597400718
13.991096255,134.134000000,41.593438616
13.996675409,134.201000000,41.589465140
14.002267731,134.268000000,41.585480251
14.007873260,134.335000000,41.581483913
14.013492031,134.402000000,41.577476088
14.019124081,134.469000000,41.573456737
14.024769447,134.536000000,41.569425825
14.030428165,134.603000000,41.565383313
14.036100272,134.670000000,41.561329163
14.041785805,134.737000000,41.557263339
14.047484800,134.804000000,41.553185803
14.053197293,134.871000000,41.549096517
14.058923323,134.938000000,41.544995444
14.064662924,135.005000000,41.540882546
14.070416134,135.072000000,41.536757786
14.076182989,135.139000000,41.532621127
14.081963527,135.206000000,41.528472530
14.087757783,135.273000000,41.524311959
14.093565794,135.340000000,41.520139375
14.099387597,135.407000000,41.515954742
14.105223229,135.474000000,41.511758022
14.111072726,135.541000000,41.507549177
14.116936124,135.608000000,41.503328170
14.122813461,135.675000000,41.499094963
14.128704773,135.742000000,41.494849520
14.134610096,135.809000000,41.490591801
14.140529468,135.876000000,41.486321771
14.146462925,135.943000000,41.482039391
14.152410503,136.010000000,41.477744624
14.158372239,136.077000000,41.473437432
14.164348170,136.144000000,41.469117779
14.170338333,136.211000000,41.464785626
14.176342763,136.278000000,41.460440935
14.182361499,136.345000000,41.456083671
14.188394575,136.412000000,41.451713794
14.194442029,136.479000000,41.447331268
14.200503898,136.546000000,41.442936055
14.206580218,136.613000000,41.438528117
14.212671026,136.680000000,41.434107417
14.218776359,136.747000000,41.429673918
14.224896252,136.814000000,41.425227581
14.231030743,136.881000000,41.420768371
14.237179868,136.948000000,41.416296248
14.243343664,137.015000000,41.411811176
14.249522168,137.082000000,41.407313117
14.255715416,137.149000000,41.402802033
14.261923445,137.216000000,41.398277888
14.268146291,137.283000000,41.393740643
14.274383991,137.350000000,41.389190261
14.280636582,137.417000000,41.384626705
14.286904101,137.484000000,41.380049937
14.293186583,137.551000000,41.375459919
14.299484066,137.618000000,41.370856614
14.305796586,137.685000000,41.366239986
14.312124180,137.752000000,41.361609995
14.318466884,137.819000000,41.356966605
14.324824735,137.886000000,41.352309778
14.331197771,137.953000000,41.347639476
14.337586026,138.020000000,41.342955663
14.343989538,138.087000000,41.338258300
14.350408345,138.154000000,41.333547351
14.356842481,138.221000000,41.328822777
14.363291984,138.288000000,41.324084541
14.369756891,138.355000000,41.319332607
14.376237237,138.422000000,41.314566935
14.382733061,138.489000000,41.309787489
14.389244398,138.556000000,41.304994231
14.395771284,138.623000000,41.300187124
14.402313758,138.690000000,41.295366130
14.408871854,138.757000000,41.290531211
14.415445611,138.824000000,41.285682331
14.422035064,138.891000000,41.280819452
14.428640250,138.958000000,41.275942536
14.435261206,139.025000000,41.271051546
14.441897969,139.092000000,41.266146444
14.448550574,139.159000000,41.261227193
14.455219059,139.226000000,41.256293755
14.461903460,139.293000000,41.251346092
14.468603814,139.360000000,41.246384168
14.475320158,139.427000000,41.241407945
14.482052528,139.494000000,41.236417385
14.488800960,139.561000000,41.231412451
14.495565492,139.628000000,41.226393105
14.502346160,139.695000000,41.221359310
14.509143001,139.762000000,41.216311029
14.515956051,139.829000000,41.211248223
14.522785347,139.896000000,41.206170855
14.529630926,139.963000000,41.201078889
14.536492823,140.030000000,41.195972285
14.543371077,140.097000000,41.190851008
14.550265722,140.164000000,41.185715019
14.557176797,140.231000000,41.180564281
14.564104338,140.298000000,41.175398756
14.571048381,140.365000000,41.170218407
14.578008963,140.432000000,41.165023196
14.584986120,140.499000000,41.159813087
14.591979890,140.566000000,41.154588041
14.598990308,140.633000000,41.149348020
14.606017412,140.700000000,41.144092988
14.613061238,140.767000000,41.138822907
14.620121823,140.834000000,41.133537740
14.627199203,140.901000000,41.128237448
14.634293414,140.968000000,41.122921995
14.641404495,141.035000000,41.117591343
14.648532481,141.102000000,41.112245454
14.655677408,141.169000000,41.106884291
14.662839314,141.236000000,41.101507817
14.670018235,141.303000000,41.096115993
14.677214208,141.370000000,41.090708783
14.684427269,141.437000000,41.085286150
14.691657456,141.504000000,41.079848054
14.698904803,141.571000000,41.074394460
14.706169349,141.638000000,41.068925329
14.713451130,141.705000000,41.063440624
14.720750183,141.772000000,41.057940308
14.728066543,141.839000000,41.052424343
14.735400248,141.906000000,41.046892691
14.742751335,141.973000000,41.041345315
14.750119840,142.040000000,41.035782178
14.757505799,142.107000000,41.030203242
14.764909249,142.174000000,41.024608470
14.772330228,142.241000000,41.018997823
14.779768771,142.308000000,41.013371265
14.787224915,142.375000000,41.007728759
14.794698696,142.442000000,41.002070265
14.802190153,142.509000000,40.996395748
14.809699320,142.576000000,40.990705170
14.817226235,142.643000000,40.984998493
14.824770934,142.710000000,40.979275679
14.832333454,142.777000000,40.973536691
14.839913831,142.844000000,40.967781492
14.847512103,142.911000000,40.962010045
14.855128306,142.978000000,40.956222311
14.862762476,143.045000000,40.950418253
14.870414650,143.112000000,40.944597833
14.878084864,143.179000000,40.938761015
14.885773156,143.246000000,40.932907761
14.893479562,143.313000000,40.927038033
14.901204118,143.380000000,40.921151793
14.908946862,143.447000000,40.915249005
14.916707829,143.514000000,40.909329630
14.924487057,143.581000000,40.903393632
14.932284582,143.648000000,40.897440972
14.940100441,143.715000000,40.891471613
14.947934669,143.782000000,40.885485519
14.955787305,143.849000000,40.879482650
14.963658385,143.916000000,40.873462970
14.971547944,143.983000000,40.867426442
14.979456021,144.050000000,40.861373027
14.987382651,144.117000000,40.855302689
14.995327871,144.184000000,40.849215389
15.003291717,144.251000000,40.843111091
15.011274227,144.318000000,40.836989756
15.019275437,144.385000000,40.830851348
15.027295384,144.452000000,40.824695828
15.035334104,144.519000000,40.818523160
15.043391633,144.586000000,40.812333306
15.051468009,144.653000000,40.806126228
15.059563269,144.720000000,40.799901888
15.067677448,144.787000000,40.793660250
15.075810583,144.854000000,40.787401276
15.083962711,144.921000000,40.781124929
15.092133869,144.988000000,40.774831170
15.100324093,145.055000000,40.768519962
15.108533420,145.122000000,40.762191269
15.116761887,145.189000000,40.755845052
15.125009529,145.256000000,40.749481273
15.133276385,145.323000000,40.743099896
15.141562490,145.390000000,40.736700883
15.149867880,145.457000000,40.730284197
15.158192594,145.524000000,40.723849799
15.166536667,145.591000000,40.717397653
15.174900135,145.658000000,40.710927720
15.183283036,145.725000000,40.704439965
15.191685406,145.792000000,40.697934348
15.200107282,145.859000000,40.691410832
15.208548701,145.926000000,40.684869380
15.217009698,145.993000000,40.678309955
15.225490311,146.060000000,40.671732519
15.233990577,146.127000000,40.665137035
15.242510531,146.194000000,40.658523464
15.251050211,146.261000000,40.651891770
15.259609653,146.328000000,40.645241915
15.268188894,146.395000000,40.638573861
15.276787970,146.462000000,40.631887571
15.285406918,146.529000000,40.625183008
15.294045775,146.596000000,40.618460134
15.302704577,146.663000000,40.611718911
15.311383361,146.730000000,40.604959303
15.320082164,146.797000000,40.598181271
15.328801022,146.864000000,40.591384778
15.337539972,146.931000000,40.584569787
15.346299050,146.998000000,40.577736259
15.355078293,147.065000000,40.570884158
15.363877738,147.132000000,40.564013447
15.372697421,147.199000000,40.557124087
15.381537380,147.266000000,40.550216041
15.390397649,147.333000000,40.543289271
15.399278267,147.400000000,40.536343741
15.408179270,147.467000000,40.529379412
15.417100695,147.534000000,40.522396248
15.426042577,147.601000000,40.515394210
15.435004954,147.668000000,40.508373261
15.443987862,147.735000000,40.501333364
15.452991339,147.802000000,40.494274481
15.462015420,147.869000000,40.487196575
15.471060142,147.936000000,40.480099608
15.480125542,148.003000000,40.472983542
15.489211657,148.070000000,40.465848341
15.498318523,148.137000000,40.458693966
15.507446176,148.204000000,40.451520381
15.516594654,148.271000000,40.444327547
15.525763993,148.338000000,40.437115427
15.534954229,148.405000000,40.429883985
15.544165400,148.472000000,40.422633181
15.553397541,148.539000000,40.415362979
15.562650690,148.606000000,40.408073342
15.571924883,148.673000000,40.400764231
15.581220157,148.740000000,40.393435609
15.590536549,148.807000000,40.386087439
15.599874094,148.874000000,40.378719683
15.609232830,148.941000000,40.371332305
15.618612793,149.008000000,40.363925265
15.628014021,149.075000000,40.356498527
15.637436548,149.142000000,40.349052054
15.646880413,149.209000000,40.341585807
15.656345652,149.276000000,40.334099749
15.665832301,149.343000000,40.326593844
15.675340397,149.410000000,40.319068053
15.684869976,149.477000000,40.311522338
15.694421076,149.544000000,40.303956663
15.703993733,149.611000000,40.296370990
15.713587984,149.678000000,40.288765281
15.723203865,149.745000000,40.281139498
15.732841412,149.812000000,40.273493606
15.742500663,149.879000000,40.265827565
15.752181654,149.946000000,40.258141338
15.761884421,150.013000000,40.250434889
15.771609002,150.080000000,40.242708178
15.781355433,150.147000000,40.234961170
15.791123751,150.214000000,40.227193826
15.800913991,150.281000000,40.219406109
15.810726192,150.348000000,40.211597981
15.820560389,150.415000000,40.203769405
15.830416619,150.482000000,40.195920344
15.840294918,150.549000000,40.188050760
15.850195324,150.616000000,40.180160615
15.860117873,150.683000000,40.172249872
15.870062602,150.750000000,40.164318493
15.880029547,150.817000000,40.156366442
15.890018744,150.884000000,40.148393679
15.900030231,150.951000000,40.140400169
15.910064045,151.018000000,40.132385874
15.920120220,151.085000000,40.124350755
15.930198796,151.152000000,40.116294776
15.940299807,151.219000000,40.108217899
15.950423291,151.286000000,40.100120086
15.960569284,151.353000000,40.092001300
15.970737823,151.420000000,40.083861504
15.980928944,151.487000000,40.075700660
15.991142685,151.554000000,40.067518731
16.001379081,151.621000000,40.059315678
16.011638170,151.688000000,40.051091465
16.021919988,151.755000000,40.042846054
16.032224571,151.822000000,40.034579408
16.042551956,151.889000000,40.026291488
16.052902181,151.956000000,40.017982259
16.063275281,152.023000000,40.009651681
16.073671293,152.090000000,40.001299718
16.084090254,152.157000000,39.992926332
16.094532200,152.224000000,39.984531486
16.104997168,152.291000000,39.976115142
16.115485195,152.358000000,39.967677262
16.125996318,152.425000000,39.959217810
16.136530572,152.492000000,39.950736747
16.147087994,152.559000000,39.942234036
16.157668622,152.626000000,39.933709640
16.168272492,152.693000000,39.925163521
16.178899640,152.760000000,39.916595642
16.189550103,152.827000000,39.908005965
16.200223918,152.894000000,39.899394453
16.210921121,152.961000000,39.890761067
16.221641749,153.028000000,39.882105772
16.232385838,153.095000000,39.873428529
16.243153426,153.162000000,39.864729300
16.253944548,153.229000000,39.856008048
16.264759242,153.296000000,39.847264737
16.275597544,153.363000000,39.838499327
16.286459491,153.430000000,39.829711783
16.297345119,153.497000000,39.820902065
16.308254465,153.564000000,39.812070137
16.319187565,153.631000000,39.803215962
16.330144457,153.698000000,39.794339501
16.341125177,153.765000000,39.785440718
16.352129761,153.832000000,39.776519574
16.363158246,153.899000000,39.767576032
16.374210669,153.966000000,39.758610056
16.385287066,154.033000000,39.749621606
16.396387474,154.100000000,39.740610647
16.407511930,154.167000000,39.731577140
16.418660470,154.234000000,39.722521047
16.429833130,154.301000000,39.713442332
16.441029949,154.368000000,39.704340957
16.452250961,154.435000000,39.695216884
16.463496204,154.502000000,39.686070076
16.474765715,154.569000000,39.676900495
16.486059529,154.636000000,39.667708104
16.497377684,154.703000000,39.658492865
16.508720216,154.770000000,39.649254742
16.520087163,154.837000000,39.639993695
16.531478559,154.904000000,39.630709689
16.542894443,154.971000000,39.621402685
16.554334851,155.038000000,39.612072646
16.565799819,155.105000000,39.602719534
16.577289384,155.172000000,39.593343312
16.588803582,155.239000000,39.583943943
16.600342451,155.306000000,39.574521388
16.611906027,155.373000000,39.565075611
16.623494346,155.440000000,39.555606574
16.635107420,155.507000000,39.546114254
16.646745155,155.574000000,39.536598687
16.658407436,155.641000000,39.527059924
16.670094142,155.708000000,39.517498015
16.681805157,155.775000000,39.507913012
16.693540362,155.842000000,39.498304964
16.705299639,155.909000000,39.488673922
16.717082871,155.976000000,39.479019937
16.728889940,156.043000000,39.469343060
16.740720727,156.110000000,39.459643341
16.752575115,156.177000000,39.449920831
16.764452985,156.244000000,39.440175581
16.776354220,156.311000000,39.430407640
16.788278702,156.378000000,39.420617061
16.800226313,156.445000000,39.410803893
16.812196935,156.512000000,39.400968188
16.824190449,156.579000000,39.391109995
16.836206739,156.646000000,39.381229365
16.848245685,156.713000000,39.371326350
16.860307171,156.780000000,39.361400999
16.872391078,156.847000000,39.351453364
16.884497287,156.914000000,39.341483495
16.896625682,156.981000000,39.331491442
16.908776145,157.048000000,39.321477257
16.920948556,157.115000000,39.311440990
16.933142799,157.182000000,39.301382691
16.945358756,157.249000000,39.291302412
16.957596307,157.316000000,39.281200203
16.969855337,157.383000000,39.271076114
16.982135726,157.450000000,39.260930196
16.994437356,157.517000000,39.250762500
17.006760110,157.584000000,39.240573077
17.019103870,157.651000000,39.230361977
17.031468517,157.718000000,39.220129251
17.043853934,157.785000000,39.209874949
17.056260004,157.852000000,39.199599122
17.068686607,157.919000000,39.189301821
17.081133625,157.986000000,39.178983096
17.093600942,158.053000000,39.168642998
17.106088439,158.120000000,39.158281579
17.118595998,158.187000000,39.147898887
17.131123501,158.254000000,39.137494974
17.143670830,158.321000000,39.127069891
17.156237868,158.388000000,39.116623688
17.168824496,158.455000000,39.106156417
17.181430596,158.522000000,39.095668126
17.194056050,158.589000000,39.085158868
17.206700741,158.656000000,39.074628693
17.219364550,158.723000000,39.064077651
17.232047360,158.790000000,39.053505794
17.244749052,158.857000000,39.042913171
17.257469509,158.924000000,39.032299833
17.270208613,158.991000000,39.021665832
17.282966245,159.058000000,39.011011218
17.295742288,159.125000000,39.000336041
17.308536624,159.192000000,38.989640352
17.321349134,159.259000000,38.978924201
17.334179702,159.326000000,38.968187640
17.347028208,159.393000000,38.957430719
17.359894536,159.460000000,38.946653488
17.372778566,159.527000000,38.935855999
17.385680182,159.594000000,38.925038302
17.398599264,159.661000000,38.914200447
17.411535696,159.728000000,38.903342486
17.424489359,159.795000000,38.892464468
17.437460135,159.862000000,38.881566445
17.450447907,159.929000000,38.870648467
17.463452556,159.996000000,38.859710585
17.476473965,160.063000000,38.848752849
17.489512015,160.130000000,38.837775310
17.502566588,160.197000000,38.826778019
17.515637567,160.264000000,38.815761027
17.528724833,160.331000000,38.804724383
17.541828270,160.398000000,38.793668139
17.554947758,160.465000000,38.782592346
17.568083179,160.532000000,38.771497053
17.581234417,160.599000000,38.760382312
17.594401352,160.666000000,38.749248173
17.607583868,160.733000000,38.738094688
17.620781845,160.800000000,38.726921905
17.633995166,160.867000000,38.715729878
17.647223713,160.934000000,38.704518654
17.660467368,161.001000000,38.693288287
17.673726014,161.068000000,38.682038825
17.686999532,161.135000000,38.670770321
17.700287803,161.202000000,38.659482823
17.713590712,161.269000000,38.648176384
17.726908138,161.336000000,38.636851054
17.740239965,161.403000000,38.625506883
17.753586074,161.470000000,38.614143922
17.766946348,161.537000000,38.602762222
17.780320668,161.604000000,38.591361833
17.793708917,161.671000000,38.579942806
17.807110977,161.738000000,38.568505191
17.820526729,161.805000000,38.557049040
17.833956056,161.872000000,38.545574403
17.847398839,161.939000000,38.534081330
17.860854962,162.006000000,38.522569873
17.874324305,162.073000000,38.511040081
17.887806751,162.140000000,38.499492006
17.901302183,162.207000000,38.487925698
17.914810481,162.274000000,38.476341208
17.928331528,162.341000000,38.464738587
17.941865206,162.408000000,38.453117884
17.955411398,162.475000000,38.441479151
17.968969984,162.542000000,38.429822439
17.982540848,162.609000000,38.418147797
17.996123871,162.676000000,38.406455277
18.009718936,162.743000000,38.394744930
18.023325924,162.810000000,38.383016806
18.036944717,162.877000000,38.371270955
18.050575198,162.944000000,38.359507428
18.064217248,163.011000000,38.347726277
18.077870750,163.078000000,38.335927551
18.091535586,163.145000000,38.324111301
18.105211637,163.212000000,38.312277578
18.118898786,163.279000000,38.300426432
18.132596915,163.346000000,38.288557915
18.146305906,163.413000000,38.276672076
18.160025640,163.480000000,38.264768967
18.173756000,163.547000000,38.252848638
18.187496869,163.614000000,38.240911140
18.201248127,163.681000000,38.228956523
18.215009658,163.748000000,38.216984838
18.228781342,163.815000000,38.204996136
18.242563063,163.882000000,38.192990467
18.256354702,163.949000000,38.180967882
18.270156141,164.016000000,38.168928432
18.283967262,164.083000000,38.156872167
18.297787948,164.150000000,38.144799138
18.311618080,164.217000000,38.132709395
18.325457541,164.284000000,38.120602990
18.339306212,164.351000000,38.108479973
18.353163976,164.418000000,38.096340394
18.367030714,164.485000000,38.084184304
18.380906309,164.552000000,38.072011754
18.394790642,164.619000000,38.059822794
18.408683597,164.686000000,38.047617476
18.422585054,164.753000000,38.035395849
18.436494896,164.820000000,38.023157965
18.450413004,164.887000000,38.010903873
18.464339262,164.954000000,37.998633626
18.478273551,165.021000000,37.986347273
18.492215753,165.088000000,37.974044864
18.506165749,165.155000000,37.961726452
18.520123423,165.222000000,37.949392085
18.534088656,165.289000000,37.937041816
18.548061331,165.356000000,37.924675694
18.562041328,165.423000000,37.912293770
18.576028531,165.490000000,37.899896095
18.590022821,165.557000000,37.887482720
18.604024081,165.624000000,37.875053694
18.618032192,165.691000000,37.862609070
18.632047037,165.758000000,37.850148897
18.646068497,165.825000000,37.837673226
18.660096455,165.892000000,37.825182108
18.674130792,165.959000000,37.812675593
18.688171391,166.026000000,37.800153732
18.702218134,166.093000000,37.787616576
18.716270902,166.160000000,37.775064176
18.730330303,166.227000000,37.762496581
18.744396942,166.294000000,37.749913843
18.758470702,166.361000000,37.737316012
18.772551467,166.428000000,37.724703139
18.786639119,166.495000000,37.712075275
18.800733540,166.562000000,37.699432469
18.814834615,166.629000000,37.686774774
18.828942226,166.696000000,37.674102239
18.843056256,166.763000000,37.661414916
18.857176587,166.830000000,37.648712854
18.871303103,166.897000000,37.635996104
18.885435687,166.964000000,37.623264718
18.899574221,167.031000000,37.610518745
18.913718589,167.098000000,37.597758237
18.927868673,167.165000000,37.584983244
18.942024356,167.232000000,37.572193816
18.956185521,167.299000000,37.559390005
18.970352052,167.366000000,37.546571861
18.984523830,167.433000000,37.533739435
18.998700740,167.500000000,37.520892776
19.012882663,167.567000000,37.508031937
19.027069483,167.634000000,37.495156967
19.041261082,167.701000000,37.482267917
19.055457344,167.768000000,37.469364839
19.069658152,167.835000000,37.456447781
19.083863387,167.902000000,37.443516796
19.098072934,167.969000000,37.430571934
19.112286676,168.036000000,37.417613245
19.126504494,168.103000000,37.404640780
19.140726273,168.170000000,37.391654590
19.154951894,168.237000000,37.378654726
19.169181241,168.304000000,37.365641237
19.183414197,168.371000000,37.352614175
19.197650645,168.438000000,37.339573591
19.211890468,168.505000000,37.326519534
19.226133547,168.572000000,37.313452056
19.240379768,168.639000000,37.300371207
19.254629011,168.706000000,37.287277038
19.268881161,168.773000000,37.274169600
19.283136100,168.840000000,37.261048943
19.297393711,168.907000000,37.247915118
19.311653877,168.974000000,37.234768175
19.325916481,169.041000000,37.221608166
19.340181406,169.108000000,37.208435140
19.354448534,169.175000000,37.195249149
19.368717749,169.242000000,37.182050242
19.382988934,169.309000000,37.168838472
19.397261971,169.376000000,37.155613888
19.411536744,169.443000000,37.142376541
19.425813134,169.510000000,37.129126482
19.440091026,169.577000000,37.115863760
19.454370303,169.644000000,37.102588428
19.468650846,169.711000000,37.089300536
19.482932539,169.778000000,37.076000134
19.497215265,169.845000000,37.062687273
19.511498906,169.912000000,37.049362003
19.525783347,169.979000000,37.036024375
19.540068469,170.046000000,37.022674441
19.554354155,170.113000000,37.009312250
19.568640289,170.180000000,36.995937853
19.582926754,170.247000000,36.982551301
19.597213431,170.314000000,36.969152644
19.611500205,170.381000000,36.955741933
19.625786958,170.448000000,36.942319219
19.640073573,170.515000000,36.928884553
19.654359932,170.582000000,36.915437984
19.668645920,170.649000000,36.901979564
19.682931418,170.716000000,36.888509344
19.697216310,170.783000000,36.875027374
19.711500478,170.850000000,36.861533704
19.725783806,170.917000000,36.848028385
19.740066176,170.984000000,36.834511468
19.754347472,171.051000000,36.820983004
19.768627576,171.118000000,36.807443043
19.782906371,171.185000000,36.793891636
19.797183740,171.252000000,36.780328834
19.811459566,171.319000000,36.766754686
19.825733731,171.386000000,36.753169245
19.840006120,171.453000000,36.739572560
19.854276614,171.520000000,36.725964682
19.868545097,171.587000000,36.712345661
19.882811451,171.654000000,36.698715549
19.897075560,171.721000000,36.685074396
19.911337306,171.788000000,36.671422253
19.925596573,171.855000000,36.657759170
19.939853242,171.922000000,36.644085198
19.954107198,171.989000000,36.630400388
19.968358322,172.056000000,36.616704790
19.982606499,172.123000000,36.602998455
19.996851610,172.190000000,36.589281433
20.011093539,172.257000000,36.575553776
20.025332169,172.324000000,36.561815534
20.039567382,172.391000000,36.548066757
20.053799062,172.458000000,36.534307496
20.068027091,172.525000000,36.520537802
20.082251353,172.592000000,36.506757725
20.096471729,172.659000000,36.492967317
20.110688104,172.726000000,36.479166627
20.124900360,172.793000000,36.465355707
20.139108380,172.860000000,36.451534606
20.153312047,172.927000000,36.437703377
20.167511243,172.994000000,36.423862068
20.181705852,173.061000000,36.410010732
20.195895757,173.128000000,36.396149418
20.210080840,173.195000000,36.382278178
20.224260985,173.262000000,36.368397061
20.238436074,173.329000000,36.354506119
20.252605990,173.396000000,36.340605402
20.266770617,173.463000000,36.326694962
20.280929836,173.530000000,36.312774847
20.295083532,173.597000000,36.298845110
20.309231586,173.664000000,36.284905800
20.323373883,173.731000000,36.270956969
20.337510304,173.798000000,36.256998667
20.351640732,173.865000000,36.243030945
20.365765052,173.932000000,36.229053854
20.379883145,173.999000000,36.215067443
20.393994894,174.066000000,36.201071764
20.408100182,174.133000000,36.187066867
20.422198893,174.200000000,36.173052803
20.436290909,174.267000000,36.159029623
20.450376112,174.334000000,36.144997377
20.464454387,174.401000000,36.130956116
20.478525616,174.468000000,36.116905891
20.492589681,174.535000000,36.102846752
20.506646467,174.602000000,36.088778749
20.520695854,174.669000000,36.074701934
20.534737728,174.736000000,36.060616358
20.548771970,174.803000000,36.046522070
20.562798463,174.870000000,36.032419121
20.576817090,174.937000000,36.018307563
20.590827735,175.004000000,36.004187445
20.604830279,175.071000000,35.990058819
20.618824607,175.138000000,35.975921735
20.632810600,175.205000000,35.961776244
20.646788143,175.272000000,35.947622395
20.660757117,175.339000000,35.933460241
20.674717406,175.406000000,35.919289832
20.688668892,175.473000000,35.905111217
20.702611459,175.540000000,35.890924449
20.716544989,175.607000000,35.876729577
20.730469366,175.674000000,35.862526653
20.744384472,175.741000000,35.848315726
20.758290189,175.808000000,35.834096847
20.772186402,175.875000000,35.819870068
20.786072993,175.942000000,35.805635439
20.799949845,176.009000000,35.791393010
20.813816841,176.076000000,35.777142832
20.827673863,176.143000000,35.762884956
20.841520795,176.210000000,35.748619433
20.855357519,176.277000000,35.734346312
20.869183919,176.344000000,35.720065645
20.882999878,176.411000000,35.705777483
20.896805277,176.478000000,35.691481875
20.910600001,176.545000000,35.677178873
20.924383932,176.612000000,35.662868527
20.938156953,176.679000000,35.648550889
20.951918946,176.746000000,35.634226007
20.965669796,176.813000000,35.619893934
20.979409384,176.880000000,35.605554720
20.993137594,176.947000000,35.591208415
21.006854309,177.014000000,35.576855071
21.020559411,177.081000000,35.562494737
21.034252783,177.148000000,35.548127465
21.047934309,177.215000000,35.533753305
21.061603871,177.282000000,35.519372307
21.075261352,177.349000000,35.504984523
21.088906635,177.416000000,35.490590003
21.102539604,177.483000000,35.476188798
21.116160140,177.550000000,35.461780958
21.129768126,177.617000000,35.447366534
21.143363447,177.684000000,35.432945576
21.156945984,177.751000000,35.418518136
21.170515621,177.818000000,35.404084264
21.184072240,177.885000000,35.389644010
21.197615725,177.952000000,35.375197426
21.211145957,178.019000000,35.360744561
21.224662821,178.086000000,35.346285467
21.238166199,178.153000000,35.331820194
21.251655975,178.220000000,35.317348793
21.265132030,178.287000000,35.302871314
21.278594247,178.354000000,35.288387809
21.292042511,178.421000000,35.273898327
21.305476703,178.488000000,35.259402919
21.318896707,178.555000000,35.244901637
21.332302406,178.622000000,35.230394530
21.345693681,178.689000000,35.215881650
21.359070417,178.756000000,35.201363046
21.372432497,178.823000000,35.186838770
21.385779802,178.890000000,35.172308873
21.399112217,178.957000000,35.157773404
21.412429623,179.024000000,35.143232415
21.425731905,179.091000000,35.128685956
21.439018944,179.158000000,35.114134078
21.452290624,179.225000000,35.099576832
21.465546827,179.292000000,35.085014267
21.478787437,179.359000000,35.070446436
21.492012337,179.426000000,35.055873388
21.505221409,179.493000000,35.041295174
21.518414536,179.560000000,35.026711844
21.531591601,179.627000000,35.012123450
21.544752488,179.694000000,34.997530043
21.557897078,179.761000000,34.982931671
21.571025256,179.828000000,34.968328388
21.584136903,179.895000000,34.953720242
21.597231903,179.962000000,34.939107284
21.610310139,180.029000000,34.924489566
21.623371493,180.096000000,34.909867138
21.636415849,180.163000000,34.895240051
21.649443089,180.230000000,34.880608355
21.662453097,180.297000000,34.865972100
21.675445754,180.364000000,34.851331338
21.688420945,180.431000000,34.836686119
21.701378552,180.498000000,34.822036494
21.714318458,180.565000000,34.807382514
21.727240546,180.632000000,34.792724228
21.740144699,180.699000000,34.778061689
21.753030799,180.766000000,34.763394945
21.765898730,180.833000000,34.748724049
21.778748375,180.900000000,34.734049050
21.791579616,180.967000000,34.719370000
21.804392336,181.034000000,34.704686949
21.817186419,181.101000000,34.689999947
21.829961746,181.168000000,34.675309046
21.842718202,181.235000000,34.660614295
21.855455669,181.302000000,34.645915746
21.868174030,181.369000000,34.631213450
21.880873168,181.436000000,34.616507456
21.893552966,181.503000000,34.601797816
21.906213306,181.570000000,34.587084579
21.918854072,181.637000000,34.572367798
21.931475146,181.704000000,34.557647522
21.944076412,181.771000000,34.542923802
21.956657752,181.838000000,34.528196689
21.969219049,181.905000000,34.513466233
21.981760187,181.972000000,34.498732486
21.994281047,182.039000000,34.483995497
22.006781514,182.106000000,34.469255317
22.019261469,182.173000000,34.454511997
22.031720796,182.240000000,34.439765588
22.044159409,182.307000000,34.425016134
22.056577346,182.374000000,34.410263659
22.068974677,182.441000000,34.395508176
22.081351470,182.508000000,34.380749704
22.093707795,182.575000000,34.365988259
22.106043721,182.642000000,34.351223856
22.118359318,182.709000000,34.336456512
22.130654654,182.776000000,34.321686244
22.142929800,182.843000000,34.306913067
22.155184825,182.910000000,34.292136998
22.167419797,182.977000000,34.277358053
22.179634786,183.044000000,34.262576249
22.191829862,183.111000000,34.247791602
22.204005093,183.178000000,34.233004127
22.216160550,183.245000000,34.218213842
22.228296301,183.312000000,34.203420763
22.240412415,183.379000000,34.188624906
22.252508963,183.446000000,34.173826286
22.264586012,183.513000000,34.159024922
22.276643634,183.580000000,34.144220828
22.288681896,183.647000000,34.129414021
22.300700868,183.714000000,34.114604518
22.312700620,183.781000000,34.099792335
22.324681221,183.848000000,34.084977487
22.336642740,183.915000000,34.070159992
22.348585246,183.982000000,34.055339866
22.360508809,184.049000000,34.040517124
22.372413498,184.116000000,34.025691783
22.384299382,184.183000000,34.010863860
22.396166531,184.250000000,33.996033371
22.408015014,184.317000000,33.981200332
22.419844900,184.384000000,33.966364759
22.431656259,184.451000000,33.951526669
22.443449160,184.518000000,33.936686078
22.455223672,184.585000000,33.921843001
22.466979865,184.652000000,33.906997457
22.478717807,184.719000000,33.892149460
22.490437568,184.786000000,33.877299028
22.502139218,184.853000000,33.862446176
22.513822826,184.920000000,33.847590920
22.525488460,184.987000000,33.832733278
22.537136191,185.054000000,33.817873264
22.548766088,185.121000000,33.803010897
22.560378220,185.188000000,33.788146191
22.571972655,185.255000000,33.773279163
22.583549465,185.322000000,33.758409830
22.595108717,185.389000000,33.743538208
22.606650482,185.456000000,33.728664312
22.618174828,185.523000000,33.713788160
22.629681825,185.590000000,33.698909768
22.641171542,185.657000000,33.684029152
22.652644049,185.724000000,33.669146327
22.664099414,185.791000000,33.654261311
22.675537707,185.858000000,33.639374121
22.686958998,185.925000000,33.624484771
22.698363355,185.992000000,33.609593278
22.709750849,186.059000000,33.594699659
22.721121547,186.126000000,33.579803931
22.732475521,186.193000000,33.564906108
22.743812838,186.260000000,33.550006208
22.755133568,186.327000000,33.535104247
22.766437781,186.394000000,33.520200241
22.777725546,186.461000000,33.505294206
22.788996932,186.528000000,33.490386159
22.800252008,186.595000000,33.475476116
22.811490844,186.662000000,33.460564094
22.822713509,186.729000000,33.445650108
22.833920073,186.796000000,33.430734175
22.845110604,186.863000000,33.415816311
22.856285172,186.930000000,33.400896533
22.867443847,186.997000000,33.385974856
22.878586697,187.064000000,33.371051298
22.889713792,187.131000000,33.356125874
22.900825201,187.198000000,33.341198600
22.911920994,187.265000000,33.326269494
22.923001239,187.332000000,33.311338571
22.934066007,187.399000000,33.296405847
22.945115366,187.466000000,33.281471339
22.956149386,187.533000000,33.266535063
22.967168136,187.600000000,33.251597036
22.978171685,187.667000000,33.236657273
22.989160103,187.734000000,33.221715792
23.000133459,187.801000000,33.206772607
23.011091823,187.868000000,33.191827736
23.022035263,187.935000000,33.176881196
23.032963849,188.002000000,33.161933001
23.043877650,188.069000000,33.146983169
23.054776735,188.136000000,33.132031715
23.065661175,188.203000000,33.117078657
23.076531038,188.270000000,33.102124010
23.087386393,188.337000000,33.087167790
23.098227310,188.404000000,33.072210015
23.109053858,188.471000000,33.057250700
23.119866106,188.538000000,33.042289861
23.130664124,188.605000000,33.027327515
23.141447981,188.672000000,33.012363678
23.152217746,188.739000000,32.997398367
23.162973489,188.806000000,32.982431597
23.173715279,188.873000000,32.967463385
23.184443185,188.940000000,32.952493748
23.195157277,189.007000000,32.937522701
23.205857624,189.074000000,32.922550261
23.216544294,189.141000000,32.907576444
23.227217358,189.208000000,32.892601266
23.237876885,189.275000000,32.877624745
23.248522944,189.342000000,32.862646895
23.259155605,189.409000000,32.847667734
23.269774936,189.476000000,32.832687277
23.280381007,189.543000000,32.817705541
23.290973887,189.610000000,32.802722543
23.301553646,189.677000000,32.787738297
23.312120353,189.744000000,32.772752822
23.322674078,189.811000000,32.757766133
23.333214888,189.878000000,32.742778246
23.343742855,189.945000000,32.727789178
23.354258047,190.012000000,32.712798945
23.364760533,190.079000000,32.697807563
23.375250383,190.146000000,32.682815048
23.385727666,190.213000000,32.667821418
23.396192452,190.280000000,32.652826688
23.406644809,190.347000000,32.637830874
23.417084807,190.414000000,32.622833992
23.427512516,190.481000000,32.607836060
23.437928004,190.548000000,32.592837093
23.448331341,190.615000000,32.577837108
23.458722597,190.682000000,32.562836120
23.469101839,190.749000000,32.547834147
23.479469139,190.816000000,32.532831204
23.489824565,190.883000000,32.517827308
23.500168187,190.950000000,32.502822475
23.510500073,191.017000000,32.487816722
23.520820293,191.084000000,32.472810064
23.531128917,191.151000000,32.457802518
23.541426014,191.218000000,32.442794100
23.551711652,191.285000000,32.427784827
23.561985902,191.352000000,32.412774715
23.572248832,191.419000000,32.397763779
23.582500513,191.486000000,32.382752038
23.592741012,191.553000000,32.367739506
23.602970401,191.620000000,32.352726199
23.613188747,191.687000000,32.337712136
23.623396120,191.754000000,32.322697330
23.633592590,191.821000000,32.307681800
23.643778225,191.888000000,32.292665561
23.653953096,191.955000000,32.277648629
23.664117271,192.022000000,32.262631021
23.674270820,192.089000000,32.247612753
23.684413811,192.156000000,32.232593841
23.694546316,192.223000000,32.217574302
23.704668401,192.290000000,32.202554152
23.714780138,192.357000000,32.187533408
23.724881595,192.424000000,32.172512084
23.734972842,192.491000000,32.157490199
23.745053947,192.558000000,32.142467767
23.755124981,192.625000000,32.127444806
23.765186012,192.692000000,32.112421332
23.775237110,192.759000000,32.097397361
23.785278344,192.826000000,32.082372908
23.795309783,192.893000000,32.067347992
23.805331497,192.960000000,32.052322627
23.815344044,193.027000000,32.037299429
23.825347980,193.094000000,32.022281003
23.835343380,193.161000000,32.007267355
23.845330314,193.228000000,31.992258491
23.855308854,193.295000000,31.977254416
23.865279073,193.362000000,31.962255135
23.875241042,193.429000000,31.947260654
23.885194833,193.496000000,31.932270979
23.895140519,193.563000000,31.917286114
23.905078170,193.630000000,31.902306066
23.915007859,193.697000000,31.887330839
23.924929658,193.764000000,31.872360439
23.934843638,193.831000000,31.857394872
23.944749872,193.898000000,31.842434142
23.954648432,193.965000000,31.827478256
23.964539389,194.032000000,31.812527218
23.974422815,194.099000000,31.797581035
23.984298782,194.166000000,31.782639711
23.994167362,194.233000000,31.767703252
24.004028627,194.300000000,31.752771664
24.013882649,194.367000000,31.737844951
24.023729500,194.434000000,31.722923120
24.033569251,194.501000000,31.708006175
24.043401975,194.568000000,31.693094123
24.053227743,194.635000000,31.678186968
24.063046628,194.702000000,31.663284716
24.072858701,194.769000000,31.648387372
24.082664034,194.836000000,31.633494942
24.092462699,194.903000000,31.618607431
24.102254768,194.970000000,31.603724845
24.112040313,195.037000000,31.588847189
24.121819405,195.104000000,31.573974469
24.131592117,195.171000000,31.559106689
24.141358521,195.238000000,31.544243856
24.151118688,195.305000000,31.529385974
24.160872690,195.372000000,31.514533050
24.170620600,195.439000000,31.499685089
24.180362489,195.506000000,31.484842095
24.190098428,195.573000000,31.470004075
24.199828491,195.640000000,31.455171034
24.209552748,195.707000000,31.440342977
24.219271273,195.774000000,31.425519910
24.228984135,195.841000000,31.410701838
24.238691409,195.908000000,31.395888766
24.248393164,195.975000000,31.381080701
24.258089474,196.042000000,31.366277647
24.267780411,196.109000000,31.351479609
24.277466045,196.176000000,31.336686595
24.287146449,196.243000000,31.321898607
24.296821695,196.310000000,31.307115653
24.306491855,196.377000000,31.292337738
24.316157001,196.444000000,31.277564866
24.325817204,196.511000000,31.262797044
24.335472537,196.578000000,31.248034277
24.345123071,196.645000000,31.233276570
24.354768879,196.712000000,31.218523929
24.364410031,196.779000000,31.203776358
24.374046601,196.846000000,31.189033865
24.383678660,196.913000000,31.174296453
24.393306280,196.980000000,31.159564128
24.402929532,197.047000000,31.144836897
24.412548489,197.114000000,31.130114763
24.422163223,197.181000000,31.115397734
24.431773805,197.248000000,31.100685813
24.441380308,197.315000000,31.085979007
24.450982802,197.382000000,31.071277320
24.460581361,197.449000000,31.056580759
24.470176057,197.516000000,31.041889329
24.479766960,197.583000000,31.027203035
24.489354143,197.650000000,31.012521883
24.498937677,197.717000000,30.997845877
24.508517636,197.784000000,30.983175024
24.518094090,197.851000000,30.968509329
24.527667111,197.918000000,30.953848797
24.537236772,197.985000000,30.939193434
24.546803144,198.052000000,30.924543246
24.556366299,198.119000000,30.909898236
24.565926310,198.186000000,30.895258412
24.575483247,198.253000000,30.880623778
24.585037183,198.320000000,30.865994340
24.594588190,198.387000000,30.851370103
24.604136340,198.454000000,30.836751073
24.613681704,198.521000000,30.822137255
24.623224355,198.588000000,30.807528655
24.632764364,198.655000000,30.792925277
24.642301803,198.722000000,30.778327128
24.651836744,198.789000000,30.763734213
24.661369260,198.856000000,30.749146537
24.670899421,198.923000000,30.734564106
24.680427300,198.990000000,30.719986925
24.689952969,199.057000000,30.705414999
24.699476500,199.124000000,30.690848334
24.708997964,199.191000000,30.676286936
24.718517434,199.258000000,30.661730809
24.728034981,199.325000000,30.647179960
24.737550677,199.392000000,30.632634393
24.747064595,199.459000000,30.618094114
24.756576805,199.526000000,30.603559129
24.766087380,199.593000000,30.589029442
24.775596393,199.660000000,30.574505060
24.785103914,199.727000000,30.559985988
24.794610015,199.794000000,30.545472231
24.804114769,199.861000000,30.530963794
24.813618248,199.928000000,30.516460684
24.823120523,199.995000000,30.501962905
24.832621666,200.062000000,30.487470463
24.842121749,200.129000000,30.472983363
24.851620845,200.196000000,30.458501611
24.861119024,200.263000000,30.444025212
24.870616359,200.330000000,30.429554171
24.880112922,200.397000000,30.415088495
24.889608784,200.464000000,30.400628188
24.899104018,200.531000000,30.386173255
24.908598696,200.598000000,30.371723703
24.918092888,200.665000000,30.357279537
24.927586668,200.732000000,30.342840762
24.937080107,200.799000000,30.328407383
24.946573277,200.866000000,30.313979407
24.956066250,200.933000000,30.299556837
24.965559098,201.000000000,30.285139681
24.975051893,201.067000000,30.270727943
24.984544706,201.134000000,30.256321628
24.994037610,201.201000000,30.241920743
25.003530676,201.268000000,30.227525292
25.013023976,201.335000000,30.213135281
25.022517583,201.402000000,30.198750715
25.032011567,201.469000000,30.184371600
25.041506002,201.536000000,30.169997941
25.051000959,201.603000000,30.155629744
25.060496509,201.670000000,30.141267014
25.069992725,201.737000000,30.126909756
25.079489679,201.804000000,30.112557977
25.088987442,201.871000000,30.098211680
25.098486087,201.938000000,30.083870873
25.107985685,202.005000000,30.069535559
25.117486308,202.072000000,30.055205745
25.126988028,202.139000000,30.040881436
25.136490918,202.206000000,30.026562638
25.145995048,202.273000000,30.012249355
25.155500491,202.340000000,29.997941594
25.165007318,202.407000000,29.983639360
25.174515603,202.474000000,29.969342657
25.184025415,202.541000000,29.955051492
25.193536828,202.608000000,29.940765870
25.203049914,202.675000000,29.926485797
25.212564743,202.742000000,29.912211277
25.222081389,202.809000000,29.897942317
25.231599923,202.876000000,29.883678921
25.241120416,202.943000000,29.869421095
25.250642941,203.010000000,29.855168845
25.260167570,203.077000000,29.840922176
25.269694375,203.144000000,29.826681093
25.279223427,203.211000000,29.812445602
25.288754799,203.278000000,29.798215708
25.298288561,203.345000000,29.783991417
25.307824787,203.412000000,29.769772734
25.317363548,203.479000000,29.755559665
25.326904916,203.546000000,29.741352214
25.336448963,203.613000000,29.727150388
25.345995760,203.680000000,29.712954191
25.355545381,203.747000000,29.698763630
25.365097895,203.814000000,29.684578709
25.374653377,203.881000000,29.670399435
25.384211896,203.948000000,29.656225811
25.393773526,204.015000000,29.642057845
25.403338338,204.082000000,29.627895541
25.412906404,204.149000000,29.613738905
25.422477797,204.216000000,29.599587942
25.432052587,204.283000000,29.585442657
25.441630846,204.350000000,29.571303056
25.451212648,204.417000000,29.557169145
25.460798063,204.484000000,29.543040929
25.470387163,204.551000000,29.528918413
25.479980021,204.618000000,29.514801603
25.489576708,204.685000000,29.500690504
25.499177296,204.752000000,29.486585121
25.508781857,204.819000000,29.472485460
25.518390463,204.886000000,29.458391527
25.528003186,204.953000000,29.444303327
25.537620098,205.020000000,29.430220865
25.547241270,205.087000000,29.416144146
25.556866775,205.154000000,29.402073177
25.566496685,205.221000000,29.388007962
25.576131070,205.288000000,29.373948507
25.585770004,205.355000000,29.359894817
25.595413558,205.422000000,29.345846898
25.605061804,205.489000000,29.331804756
25.614714815,205.556000000,29.317768395
25.624372660,205.623000000,29.303737821
25.634035414,205.690000000,29.289713040
25.643703147,205.757000000,29.275694056
25.653375932,205.824000000,29.261680876
25.663053840,205.891000000,29.247673504
25.672736944,205.958000000,29.233671947
25.682425315,206.025000000,29.219676210
25.692119025,206.092000000,29.205686297
25.701818146,206.159000000,29.191702215
25.711522750,206.226000000,29.177723969
25.721232908,206.293000000,29.163751564
25.730948694,206.360000000,29.149785006
25.740670178,206.427000000,29.135824299
25.750397432,206.494000000,29.121869451
25.760130529,206.561000000,29.107920465
25.769869541,206.628000000,29.093977348
25.779614538,206.695000000,29.080040105
25.789365594,206.762000000,29.066108741
25.799122779,206.829000000,29.052183262
25.808886167,206.896000000,29.038263673
25.818655828,206.963000000,29.024349979
25.828431836,207.030000000,29.010442186
25.838214260,207.097000000,28.996540300
25.848003174,207.164000000,28.982644326
25.857798650,207.231000000,28.968754268
25.867600759,207.298000000,28.954870134
25.877409573,207.365000000,28.940991927
25.887225164,207.432000000,28.927119654
25.897047605,207.499000000,28.913253320
25.906876966,207.566000000,28.899392931
25.916713320,207.633000000,28.885538491
25.926556738,207.700000000,28.871690006
25.936407294,207.767000000,28.857847482
25.946265057,207.834000000,28.844010924
25.956130102,207.901000000,28.830180338
25.966002498,207.968000000,28.816355728
25.975882319,208.035000000,28.802537101
25.985769635,208.102000000,28.788724461
25.995664520,208.169000000,28.774917815
26.005567045,208.236000000,28.761117167
26.015477281,208.303000000,28.747322523
26.025395301,208.370000000,28.733533889
26.035321177,208.437000000,28.719751269
26.045254980,208.504000000,28.705974670
26.055196782,208.571000000,28.692204097
26.065146656,208.638000000,28.678439554
26.075104673,208.705000000,28.664681049
26.085070905,208.772000000,28.650928585
26.095045424,208.839000000,28.637182169
26.105028302,208.906000000,28.623441805
26.115019611,208.973000000,28.609707500
26.125019422,209.040000000,28.595979258
26.135027746,209.107000000,28.582257104
26.145044345,209.174000000,28.568541131
26.155068917,209.241000000,28.554831455
26.165101162,209.308000000,28.541128186
26.175140781,209.375000000,28.527431439
26.185187473,209.442000000,28.513741327
26.195240938,209.509000000,28.500057963
26.205300874,209.576000000,28.486381459
26.215366983,209.643000000,28.472711930
26.225438964,209.710000000,28.459049487
26.235516515,209.777000000,28.445394245
26.245599338,209.844000000,28.431746317
26.255687131,209.911000000,28.418105815
26.265779595,209.978000000,28.404472852
26.275876429,210.045000000,28.390847543
26.285977332,210.112000000,28.377229999
26.296082005,210.179000000,28.363620334
26.306190146,210.246000000,28.350018661
26.316301457,210.313000000,28.336425094
26.326415635,210.380000000,28.322839744
26.336532382,210.447000000,28.309262727
26.346651396,210.514000000,28.295694153
26.356772378,210.581000000,28.282134138
26.366895027,210.648000000,28.268582793
26.377019043,210.715000000,28.255040232
26.387144125,210.782000000,28.241506568
26.397269973,210.849000000,28.227981915
26.407396287,210.916000000,28.214466384
26.417522766,210.983000000,28.200960090
26.427649110,211.050000000,28.187463146
26.437775019,211.117000000,28.173975664
26.447900193,211.184000000,28.160497758
26.458024331,211.251000000,28.147029541
26.468147132,211.318000000,28.133571125
26.478268297,211.385000000,28.120122625
26.488387525,211.452000000,28.106684153
26.498504516,211.519000000,28.093255822
26.508618969,211.586000000,28.079837746
26.518730584,211.653000000,28.066430037
26.528839062,211.720000000,28.053032809
26.538944100,211.787000000,28.039646175
26.549045400,211.854000000,28.026270248
26.559142661,211.921000000,28.012905140
26.569235582,211.988000000,27.999550966
26.579323864,212.055000000,27.986207838
26.589407205,212.122000000,27.972875869
26.599485306,212.189000000,27.959555173
26.609557866,212.256000000,27.946245863
26.619624585,212.323000000,27.932948051
26.629685162,212.390000000,27.919661851
26.639739298,212.457000000,27.906387376
26.649786691,212.524000000,27.893124739
26.659827043,212.591000000,27.879874054
26.669860051,212.658000000,27.866635432
26.679885416,212.725000000,27.853408988
26.689902838,212.792000000,27.840194835
26.699912016,212.859000000,27.826993085
26.709912650,212.926000000,27.813803852
26.719904440,212.993000000,27.800627249
26.729887085,213.060000000,27.787463389
26.739860285,213.127000000,27.774312385
26.749823740,213.194000000,27.761174350
26.759777148,213.261000000,27.748049397
26.769720211,213.328000000,27.734937641
26.779652628,213.395000000,27.721839192
26.789574097,213.462000000,27.708754166
26.799484320,213.529000000,27.695682674
26.809382996,213.596000000,27.682624830
26.819269823,213.663000000,27.669580747
26.829144503,213.730000000,27.656550539
26.839006735,213.797000000,27.643534317
26.848856217,213.864000000,27.630532196
26.858692651,213.931000000,27.617544289
26.868515736,213.998000000,27.604570708
26.878325171,214.065000000,27.591611567
26.888120656,214.132000000,27.578666979
26.897901890,214.199000000,27.565737057
26.907668574,214.266000000,27.552821914
26.917420407,214.333000000,27.539921663
26.927157089,214.400000000,27.527036418
26.936878320,214.467000000,27.514166291
26.946583798,214.534000000,27.501311396
26.956273224,214.601000000,27.488471845
26.965946298,214.668000000,27.475647752
26.975602718,214.735000000,27.462839230
26.985242186,214.802000000,27.450046393
26.994864400,214.869000000,27.437269352
27.004469060,214.936000000,27.424508221
27.014055865,215.003000000,27.411763114
27.023624517,215.070000000,27.399034144
27.033174713,215.137000000,27.386321423
27.042706154,215.204000000,27.373625065
27.052218540,215.271000000,27.360945183
27.061711570,215.338000000,27.348281889
27.071184943,215.405000000,27.335635298
27.080638361,215.472000000,27.323005522
27.090071521,215.539000000,27.310392675
27.099484124,215.606000000,27.297796869
27.108875870,215.673000000,27.285218217
27.118246458,215.740000000,27.272656833
27.127595588,215.807000000,27.260112830
27.136922959,215.874000000,27.247586321
27.146228272,215.941000000,27.235077419
27.155511225,216.008000000,27.222586237
27.164771519,216.075000000,27.210112888
27.174008853,216.142000000,27.197657486
27.183222928,216.209000000,27.185220143
27.192413441,216.276000000,27.172800973
27.201580094,216.343000000,27.160400088
27.210722586,216.410000000,27.148017603
27.219840617,216.477000000,27.135653629
27.228933886,216.544000000,27.123308280
27.238002092,216.611000000,27.110981670
27.247044937,216.678000000,27.098673911
27.256062118,216.745000000,27.086385117
27.265053337,216.812000000,27.074115400
27.274018292,216.879000000,27.061864873
27.282956684,216.946000000,27.049633651
27.291868211,217.013000000,27.037421845
27.300752575,217.080000000,27.025229569
27.309609473,217.147000000,27.013056937
27.318438607,217.214000000,27.000904061
27.327239675,217.281000000,26.988771054
27.336012377,217.348000000,26.976658029
27.344756414,217.415000000,26.964565101
27.353471484,217.482000000,26.952492381
27.362157288,217.549000000,26.940439983
27.370813525,217.616000000,26.928408019
27.379439894,217.683000000,26.916396604
27.388036096,217.750000000,26.904405850
27.396601830,217.817000000,26.892435871
27.405136795,217.884000000,26.880486778
27.413640692,217.951000000,26.868558687
27.422113220,218.018000000,26.856651709
27.430554079,218.085000000,26.844765958
27.438962968,218.152000000,26.832901546
27.447339588,218.219000000,26.821058588
27.455683637,218.286000000,26.809237196
27.463994815,218.353000000,26.797437483
27.472272823,218.420000000,26.785659562
27.480517359,218.487000000,26.773903547
27.488728124,218.554000000,26.762169551
27.496904817,218.621000000,26.750457686
27.505047138,218.688000000,26.738768066
27.513154786,218.755000000,26.727100804
27.521227462,218.822000000,26.715456013
27.529264864,218.889000000,26.703833807
27.537266693,218.956000000,26.692234297
27.545232648,219.023000000,26.680657598
27.553162429,219.090000000,26.669103823
27.561055735,219.157000000,26.657573084
27.568912266,219.224000000,26.646065495
27.576731723,219.291000000,26.634581168
27.584513804,219.358000000,26.623120218
27.592258209,219.425000000,26.611682757
27.599964638,219.492000000,26.600268898
27.607632790,219.559000000,26.588878755
27.615262366,219.626000000,26.577512440
27.622853065,219.693000000,26.566170067
27.630404586,219.760000000,26.554851748
27.637916956,219.827000000,26.543562907
27.645390201,219.894000000,26.532308967
27.652824018,219.961000000,26.521090037
27.660218106,220.028000000,26.509906228
27.667572163,220.095000000,26.498757650
27.674885888,220.162000000,26.487644413
27.682158978,220.229000000,26.476566627
27.689391133,220.296000000,26.465524404
27.696582050,220.363000000,26.454517853
27.703731427,220.430000000,26.443547084
27.710838964,220.497000000,26.432612208
27.717904359,220.564000000,26.421713335
27.724927309,220.631000000,26.410850576
27.731907512,220.698000000,26.400024041
27.738844669,220.765000000,26.389233839
27.745738475,220.832000000,26.378480083
27.752588631,220.899000000,26.367762880
27.759394834,220.966000000,26.357082343
27.766156783,221.033000000,26.346438581
27.772874175,221.100000000,26.335831705
27.779546709,221.167000000,26.325261824
27.786174084,221.234000000,26.314729050
27.792755998,221.301000000,26.304233493
27.799292149,221.368000000,26.293775262
27.805782235,221.435000000,26.283354468
27.812225955,221.502000000,26.272971222
27.818623007,221.569000000,26.262625634
27.824973089,221.636000000,26.252317814
27.831275900,221.703000000,26.242047872
27.837531138,221.770000000,26.231815919
27.843738501,221.837000000,26.221622065
27.849897687,221.904000000,26.211466420
27.856008396,221.971000000,26.201349095
27.862070324,222.038000000,26.191270200
27.868083171,222.105000000,26.181229845
27.874046635,222.172000000,26.171228141
27.879960414,222.239000000,26.161265198
27.885824206,222.306000000,26.151341125
27.891637711,222.373000000,26.141456035
27.897400625,222.440000000,26.131610036
27.903112647,222.507000000,26.121803239
27.908773476,222.574000000,26.112035754
27.914382810,222.641000000,26.102307693
27.919940347,222.708000000,26.092619164
27.925445786,222.775000000,26.082970279
27.930898825,222.842000000,26.073361147
27.936299162,222.909000000,26.063791879
27.941646495,222.976000000,26.054262586
27.946940523,223.043000000,26.044773377
27.952180945,223.110000000,26.035324363
27.957367457,223.177000000,26.025915654
27.962499760,223.244000000,26.016547361
27.967577550,223.311000000,26.007219594
27.972600527,223.378000000,25.997932462
27.977568389,223.445000000,25.988686077
27.982480833,223.512000000,25.979480549
27.987337559,223.579000000,25.970315988
27.992138264,223.646000000,25.961192504
27.996882647,223.713000000,25.952110208
28.001570407,223.780000000,25.943069210
28.006201241,223.847000000,25.934069620
28.010774847,223.914000000,25.925111549
28.015290925,223.981000000,25.916195107
28.019749173,224.048000000,25.907320404
28.024149288,224.115000000,25.898487550
28.028490969,224.182000000,25.889696656
28.032773914,224.249000000,25.880947833
28.036997823,224.316000000,25.872241190
28.041162392,224.383000000,25.863576837
28.045267320,224.450000000,25.854954886
28.049312306,224.517000000,25.846375446
28.053297048,224.584000000,25.837838627
28.057221244,224.651000000,25.829344541
28.061084593,224.718000000,25.820893297
28.064886792,224.785000000,25.812485006
28.068627541,224.852000000,25.804119777
28.072306537,224.919000000,25.795797722
28.075923479,224.986000000,25.787518950
28.079478065,225.053000000,25.779283572
28.082969993,225.120000000,25.771091698
28.086398962,225.187000000,25.762943439
28.089764670,225.254000000,25.754838905
28.093066816,225.321000000,25.746778205
28.096305097,225.388000000,25.738761451
28.099479212,225.455000000,25.730788753
28.102588859,225.522000000,25.722860220
28.105633736,225.589000000,25.714975964
28.108613543,225.656000000,25.707136095
28.111527977,225.723000000,25.699340722
28.114376736,225.790000000,25.691589957
28.117159519,225.857000000,25.683883909
28.119876024,225.924000000,25.676222689
28.122525949,225.991000000,25.668606408
28.125108993,226.058000000,25.661035174
28.127624854,226.125000000,25.653509100
28.130073231,226.192000000,25.646028295
28.132453821,226.259000000,25.638592869
28.134766323,226.326000000,25.631202932
28.137010435,226.393000000,25.623858596
28.139185856,226.460000000,25.616559970
28.141292284,226.527000000,25.609307165
28.143329417,226.594000000,25.602100291
28.145296953,226.661000000,25.594939458
28.147194591,226.728000000,25.587824776
28.149022030,226.795000000,25.580756356
28.150778966,226.862000000,25.573734309
28.152465100,226.929000000,25.566758744
28.154080128,226.996000000,25.559829772
28.155623750,227.063000000,25.552947503
28.157095663,227.130000000,25.546112047
28.158495567,227.197000000,25.539323515
28.159823158,227.264000000,25.532582017
28.161078137,227.331000000,25.525887663
28.162260200,227.398000000,25.519240564
28.163369046,227.465000000,25.512640830
28.164404374,227.532000000,25.506088572
28.165365882,227.599000000,25.499583899
28.166253267,227.666000000,25.493126921
28.167066230,227.733000000,25.486717750
28.167804467,227.800000000,25.480356496
28.168467677,227.867000000,25.474043268
28.169055558,227.934000000,25.467778177
28.169567809,228.001000000,25.461561334
28.170004128,228.068000000,25.455392849
28.170364213,228.135000000,25.449272831
28.170647763,228.202000000,25.443201392
28.170854476,228.269000000,25.437178642
28.170984050,228.336000000,25.431204690
28.171036183,228.403000000,25.425279648
28.171010575,228.470000000,25.419403625
28.170906922,228.537000000,25.413576733
28.170724924,228.604000000,25.407799080
28.170464279,228.671000000,25.402070778
28.170124685,228.738000000,25.396391937
28.169705840,228.805000000,25.390762667
28.169207443,228.872000000,25.385183078
28.168629191,228.939000000,25.379653282
28.167970784,229.006000000,25.374173387
28.167231920,229.073000000,25.368743504
28.166412297,229.140000000,25.363363745
28.165511613,229.207000000,25.358034218
28.164529566,229.274000000,25.352755034
28.163465855,229.341000000,25.347526304
28.162320179,229.408000000,25.342348139
28.161092235,229.475000000,25.337220647
28.159781721,229.542000000,25.332143940
28.158388337,229.609000000,25.327118127
28.156911780,229.676000000,25.322143320
28.155351749,229.743000000,25.317219628
28.153707942,229.810000000,25.312347162
28.151980057,229.877000000,25.307526032
28.150167792,229.944000000,25.302756349
28.148270847,230.011000000,25.298038222
28.146288919,230.078000000,25.293371762
28.144221707,230.145000000,25.288757079
28.142068908,230.212000000,25.284194284
28.139830222,230.279000000,25.279683487
28.137505346,230.346000000,25.275224799
28.135093978,230.413000000,25.270818328
28.132595818,230.480000000,25.266464187
28.130010564,230.547000000,25.262162485
28.127337913,230.614000000,25.257913332
28.124577564,230.681000000,25.253716839
28.121729215,230.748000000,25.249573116
28.118792565,230.815000000,25.245482273
28.115767312,230.882000000,25.241444422
28.112653154,230.949000000,25.237459671
28.109449790,231.016000000,25.233528131
28.106156918,231.083000000,25.229649913
28.102774236,231.150000000,25.225825127
28.099301442,231.217000000,25.222053884
28.095738235,231.284000000,25.218336293
28.092084314,231.351000000,25.214672464
28.088339375,231.418000000,25.211062509
28.084503119,231.485000000,25.207506538
28.080575242,231.552000000,25.204004660
28.076555444,231.619000000,25.200556986
28.072443423,231.686000000,25.197163627
28.068238876,231.753000000,25.193824692
28.063941503,231.820000000,25.190540293
28.059551001,231.887000000,25.187310538
28.055067069,231.954000000,25.184135540
28.050489406,232.021000000,25.181015407
28.045817709,232.088000000,25.177950251
28.041051677,232.155000000,25.174940181
28.036191008,232.222000000,25.171985308
28.031235400,232.289000000,25.169085742
28.026184552,232.356000000,25.166241594
28.021038162,232.423000000,25.163452973
28.015795929,232.490000000,25.160719991
28.010457550,232.557000000,25.158042757
28.005022724,232.624000000,25.155421382
27.999491150,232.691000000,25.152855976
27.993862525,232.758000000,25.150346649
27.988136548,232.825000000,25.147893512
27.982312917,232.892000000,25.145496675
27.976391331,232.959000000,25.143156248
27.970371487,233.026000000,25.140872341
27.964253085,233.093000000,25.138645066
27.958035822,233.160000000,25.136474532
27.951719397,233.227000000,25.134360849
27.945303508,233.294000000,25.132304128
27.938787854,233.361000000,25.130304479
27.932172132,233.428000000,25.128362013
27.925456041,233.495000000,25.126476839
27.918639280,233.562000000,25.124649069
27.911721546,233.629000000,25.122878811
27.904702538,233.696000000,25.121166178
27.897581954,233.763000000,25.119511278
27.890359493,233.830000000,25.117914223
27.883034852,233.897000000,25.116375122
27.875607731,233.964000000,25.114894087
27.868077827,234.031000000,25.113471226
27.860444839,234.098000000,25.112106651
27.852708466,234.165000000,25.110800472
27.844868404,234.232000000,25.109552799
27.836924353,234.299000000,25.108363742
27.828876012,234.366000000,25.107233412
27.820723077,234.433000000,25.106161919
27.812465249,234.500000000,25.105149374
27.804102224,234.567000000,25.104195886
27.795633701,234.634000000,25.103301566
27.787059379,234.701000000,25.102466525
27.778378956,234.768000000,25.101690872
27.769592130,234.835000000,25.100974718
27.760698600,234.902000000,25.100318174
27.751698063,234.969000000,25.099721348
27.742590218,235.036000000,25.099184353
27.733374764,235.103000000,25.098707298
27.724051399,235.170000000,25.098290293
27.714619821,235.237000000,25.097933449
27.705079728,235.304000000,25.097636876
27.695430818,235.371000000,25.097400685
27.685672791,235.438000000,25.097224985
27.675805344,235.505000000,25.097109887
27.665828175,235.572000000,25.097055502
27.655740984,235.639000000,25.097061939
27.645543467,235.706000000,25.097129309
27.635235324,235.773000000,25.097257723
27.624816253,235.840000000,25.097447289
27.614286182,235.907000000,25.097697945
27.603645960,235.974000000,25.098008925
27.592896666,236.041000000,25.098379291
27.582039378,236.108000000,25.098808101
27.571075176,236.175000000,25.099294418
27.560005138,236.242000000,25.099837301
27.548830343,236.309000000,25.100435811
27.537551869,236.376000000,25.101089010
27.526170796,236.443000000,25.101795956
27.514688203,236.510000000,25.102555711
27.503105168,236.577000000,25.103367335
27.491422770,236.644000000,25.104229889
27.479642088,236.711000000,25.105142434
27.467764200,236.778000000,25.106104030
27.455790186,236.845000000,25.107113737
27.443721124,236.912000000,25.108170616
27.431558093,236.979000000,25.109273727
27.419302173,237.046000000,25.110422132
27.406954440,237.113000000,25.111614891
27.394515976,237.180000000,25.112851063
27.381987858,237.247000000,25.114129711
27.369371164,237.314000000,25.115449894
27.356666975,237.381000000,25.116810672
27.343876369,237.448000000,25.118211107
27.331000424,237.515000000,25.119650259
27.318040219,237.582000000,25.121127189
27.304996834,237.649000000,25.122640956
27.291871347,237.716000000,25.124190622
27.278664836,237.783000000,25.125775247
27.265378381,237.850000000,25.127393892
27.252013061,237.917000000,25.129045617
27.238569954,237.984000000,25.130729483
27.225050139,238.051000000,25.132444550
27.211454694,238.118000000,25.134189879
27.197784700,238.185000000,25.135964530
27.184041233,238.252000000,25.137767565
27.170225375,238.319000000,25.139598042
27.156338202,238.386000000,25.141455024
27.142380794,238.453000000,25.143337571
27.128354230,238.520000000,25.145244742
27.114259588,238.587000000,25.147175599
27.100097948,238.654000000,25.149129203
27.085870388,238.721000000,25.151104613
27.071577987,238.788000000,25.153100890
27.057221823,238.855000000,25.155117096
27.042802977,238.922000000,25.157152289
27.028322525,238.989000000,25.159205532
27.013781548,239.056000000,25.161275884
26.999181124,239.123000000,25.163362406
26.984522331,239.190000000,25.165464159
26.969806250,239.257000000,25.167580203
26.955033957,239.324000000,25.169709598
26.940206533,239.391000000,25.171851406
26.925325056,239.458000000,25.174004687
26.910390605,239.525000000,25.176168500
26.895404259,239.592000000,25.178341908
26.880367096,239.659000000,25.180523970
26.865280195,239.726000000,25.182713747
26.850144636,239.793000000,25.184910299
26.834961496,239.860000000,25.187112688
26.819731855,239.927000000,25.189319973
26.804456792,239.994000000,25.191531215
26.789137385,240.061000000,25.193745475
26.773774713,240.128000000,25.195961813
26.758369855,240.195000000,25.198179289
26.742923890,240.262000000,25.200396966
26.727437897,240.329000000,25.202613901
26.711912954,240.396000000,25.204829158
26.696350140,240.463000000,25.207041795
26.680750534,240.530000000,25.209250874
26.665115215,240.597000000,25.211455454
26.649445262,240.664000000,25.213654598
26.633741753,240.731000000,25.215847364
26.618005767,240.798000000,25.218032814
26.602238384,240.865000000,25.220210008
26.586440681,240.932000000,25.222378007
26.570613738,240.999000000,25.224535872
26.554758634,241.066000000,25.226682662
26.538876447,241.133000000,25.228817438
26.522968256,241.200000000,25.230939262
26.507033868,241.267000000,25.233062805
26.491073093,241.334000000,25.235202659
26.475087010,241.401000000,25.237357766
26.459076700,241.468000000,25.239527064
26.443043244,241.535000000,25.241709496
26.426987721,241.602000000,25.243904001
26.410911212,241.669000000,25.246109520
26.394814798,241.736000000,25.248324993
26.378699559,241.803000000,25.250549360
26.362566575,241.870000000,25.252781562
26.346416926,241.937000000,25.255020539
26.330251694,242.004000000,25.257265232
26.314071958,242.071000000,25.259514581
26.297878799,242.138000000,25.261767526
26.281673297,242.205000000,25.264023008
26.265456533,242.272000000,25.266279968
26.249229587,242.339000000,25.268537345
26.232993540,242.406000000,25.270794080
26.216749471,242.473000000,25.273049114
26.200498461,242.540000000,25.275301386
26.184241592,242.607000000,25.277549838
26.167979942,242.674000000,25.279793409
26.151714592,242.741000000,25.282031041
26.135446624,242.808000000,25.284261673
26.119177116,242.875000000,25.286484246
26.102907150,242.942000000,25.288697700
26.086637806,243.009000000,25.290900975
26.070370165,243.076000000,25.293093013
26.054105306,243.143000000,25.295272754
26.037844311,243.210000000,25.297439137
26.021588259,243.277000000,25.299591103
26.005338231,243.344000000,25.301727593
25.989095307,243.411000000,25.303847547
25.972860569,243.478000000,25.305949906
25.956635095,243.545000000,25.308033609
25.940419967,243.612000000,25.310097598
25.924216265,243.679000000,25.312140813
25.908025069,243.746000000,25.314162193
25.891847460,243.813000000,25.316160680
25.875684518,243.880000000,25.318135214
25.859537323,243.947000000,25.320084735
25.843406957,244.014000000,25.322008184
25.827294498,244.081000000,25.323904501
25.811201029,244.148000000,25.325772626
25.795127628,244.215000000,25.327611500
25.779075378,244.282000000,25.329420064
25.763045357,244.349000000,25.331197257
25.747038646,244.416000000,25.332942020
25.731056326,244.483000000,25.334653294
25.715099477,244.550000000,25.336330019
25.699169179,244.617000000,25.337971135
25.683266513,244.684000000,25.339575583
25.667392560,244.751000000,25.341142302
25.651548399,244.818000000,25.342670235
25.635735112,244.885000000,25.344158320
25.619953777,244.952000000,25.345605498
25.604205477,245.019000000,25.347010710
25.588491291,245.086000000,25.348372897
25.572812299,245.153000000,25.349690997
25.557169583,245.220000000,25.350963953
25.541564222,245.287000000,25.352190704
25.525997296,245.354000000,25.353370190
25.510469887,245.421000000,25.354501353
25.494983075,245.488000000,25.355583132
25.479537939,245.555000000,25.356614468
25.464135561,245.622000000,25.357594302
25.448777021,245.689000000,25.358521573
25.433463399,245.756000000,25.359395222
25.418195775,245.823000000,25.360214190
25.402975230,245.890000000,25.360977417
25.387802845,245.957000000,25.361683843
25.372679700,246.024000000,25.362332408
25.357606874,246.091000000,25.362922054
25.342585450,246.158000000,25.363451720
25.327616506,246.225000000,25.363920348
25.312701123,246.292000000,25.364326876
25.297840383,246.359000000,25.364670246
25.283035364,246.426000000,25.364949399
25.268287148,246.493000000,25.365163274
25.253596815,246.560000000,25.365310811
25.238965445,246.627000000,25.365390952
25.224394119,246.694000000,25.365402637
25.209883917,246.761000000,25.365344806
25.195435919,246.828000000,25.365216400
25.181051206,246.895000000,25.365016358
25.166730859,246.962000000,25.364743622
25.152475957,247.029000000,25.364397131
25.138287582,247.096000000,25.363975827
25.124166812,247.163000000,25.363478649
25.110114730,247.230000000,25.362904538
25.096132415,247.297000000,25.362252434
25.082220948,247.364000000,25.361521278
25.068381408,247.431000000,25.360710011
25.054614878,247.498000000,25.359817571
25.040922436,247.565000000,25.358842901
25.027305163,247.632000000,25.357784940
25.013764140,247.699000000,25.356642629
25.000300446,247.766000000,25.355414908
24.986915164,247.833000000,25.354100717
24.973609372,247.900000000,25.352698997
24.960384151,247.967000000,25.351208689
24.947240582,248.034000000,25.349628733
24.934179745,248.101000000,25.347958068
24.921202720,248.168000000,25.346195636
24.908310588,248.235000000,25.344340377
24.895504430,248.302000000,25.342391232
24.882785324,248.369000000,25.340347140
24.870154353,248.436000000,25.338207042
24.857612596,248.503000000,25.335969879
24.845161134,248.570000000,25.333634591
24.832801047,248.637000000,25.331200118
24.820533416,248.704000000,25.328665401
24.808359321,248.771000000,25.326029380
24.796279842,248.838000000,25.323290996
24.784296059,248.905000000,25.320449188
24.772409054,248.972000000,25.317502898
24.760619906,249.039000000,25.314451066
24.748929697,249.106000000,25.311292632
24.737339505,249.173000000,25.308026536
24.725850412,249.240000000,25.304651719
24.714463499,249.307000000,25.301167122
24.703179845,249.374000000,25.297571684
24.692000530,249.441000000,25.293864347
24.680926636,249.508000000,25.290044050
24.669959243,249.575000000,25.286109734
24.659099431,249.642000000,25.282060340
24.648348280,249.709000000,25.277894807
24.637706871,249.776000000,25.273612077
24.627176285,249.843000000,25.269211089
24.616757601,249.910000000,25.264690784
24.606451900,249.977000000,25.260050102
24.596260263,250.044000000,25.255287984
24.586183769,250.111000000,25.250403370
24.576223500,250.178000000,25.245395201
24.566380535,250.245000000,25.240262417
24.556655955,250.312000000,25.235003958
24.547050841,250.379000000,25.229618765
24.537566273,250.446000000,25.224105779
24.528203330,250.513000000,25.218463938
24.518963095,250.580000000,25.212692185
24.509846646,250.647000000,25.206789459
24.500855065,250.714000000,25.200754701
24.491989431,250.781000000,25.194586851
24.483250826,250.848000000,25.188284850
24.474640329,250.915000000,25.181847637
24.466159022,250.982000000,25.175274154
24.457807983,251.049000000,25.168563341
24.449588295,251.116000000,25.161714138
24.441501036,251.183000000,25.154725486
24.433547288,251.250000000,25.147596324
24.425728132,251.317000000,25.140325594
24.418044646,251.384000000,25.132912236
24.410497912,251.451000000,25.125355190
24.403089010,251.518000000,25.117653397
24.395819021,251.585000000,25.109805796
24.388689025,251.652000000,25.101811329
24.381700102,251.719000000,25.093668936
24.374853333,251.786000000,25.085377557
24.368149798,251.853000000,25.076936132
24.361590577,251.920000000,25.068343603
24.355176751,251.987000000,25.059598909
24.348909401,252.054000000,25.050700991
24.342789606,252.121000000,25.041648789
24.336818447,252.188000000,25.032441243
24.330997005,252.255000000,25.023077295
24.325326360,252.322000000,25.013555884
24.319807592,252.389000000,25.003875950
24.314441781,252.456000000,24.994036435
24.309230009,252.523000000,24.984036279
24.304173355,252.590000000,24.973874421
24.299272900,252.657000000,24.963549803
24.294529724,252.724000000,24.953061365
24.289944908,252.791000000,24.942408047
24.285519532,252.858000000,24.931588790
24.281254676,252.925000000,24.920602534
24.277151421,252.992000000,24.909448219
24.273210847,253.059000000,24.898124786
24.269434035,253.126000000,24.886631175
24.265822065,253.193000000,24.874966326
24.262376017,253.260000000,24.863129181
24.259096973,253.327000000,24.851118679
24.255986011,253.394000000,24.838933761
24.253044213,253.461000000,24.826573367
24.250272658,253.528000000,24.814036438
24.247672429,253.595000000,24.801321914
24.245244604,253.662000000,24.788428735
24.242990264,253.729000000,24.775355842
24.240910489,253.796000000,24.762102176
24.239006361,253.863000000,24.748666676
24.237278959,253.930000000,24.735048283
24.235729364,253.997000000,24.721245937
24.234358655,254.064000000,24.707258579
24.233167915,254.131000000,24.693085150
24.232158222,254.198000000,24.678724589
24.231330658,254.265000000,24.664175837
24.230686302,254.332000000,24.649437835
24.230226235,254.399000000,24.634509522
24.229951538,254.466000000,24.619389840
24.229863291,254.533000000,24.604077728
24.229962574,254.600000000,24.588572128
24.230250468,254.667000000,24.572871978
24.230728053,254.734000000,24.556976221
24.231396409,254.801000000,24.540883796
24.232256618,254.868000000,24.524593643
24.233309758,254.935000000,24.508104704
24.234556911,255.002000000,24.491415918
24.235999157,255.069000000,24.474526226
24.237637577,255.136000000,24.457434568
24.239473251,255.203000000,24.440139885
24.241507258,255.270000000,24.422641117
24.243740681,255.337000000,24.404937204
24.246174598,255.404000000,24.387027087
24.248810091,255.471000000,24.368909706
24.251648240,255.538000000,24.350584002
24.254690124,255.605000000,24.332048915
24.257936826,255.672000000,24.313303386
24.261389424,255.739000000,24.294346354
24.265049000,255.806000000,24.275176761
24.268916634,255.873000000,24.255793546
24.272993406,255.940000000,24.236195651
24.277280396,256.007000000,24.216369398
24.281778686,256.074000000,24.196251883
24.286489354,256.141000000,24.175770969
24.291413483,256.208000000,24.154858158
24.296552152,256.275000000,24.133448538
24.301906441,256.342000000,24.111480726
24.307477431,256.409000000,24.088896811
24.313266203,256.476000000,24.065642295
24.319273836,256.543000000,24.041666043
24.325501411,256.610000000,24.016920217
24.331950009,256.677000000,23.991360226
24.338620710,256.744000000,23.964944665
24.345514595,256.811000000,23.937635254
24.352632742,256.878000000,23.909396789
24.359976235,256.945000000,23.880197073
24.367546151,257.012000000,23.850006865
24.375343572,257.079000000,23.818799818
24.383369579,257.146000000,23.786552422
24.391625252,257.213000000,23.753243944
24.400111670,257.280000000,23.718856366
24.408816617,257.347000000,23.683396334
24.417707111,257.414000000,23.646875274
24.426753088,257.481000000,23.609286216
24.435924483,257.548000000,23.570624641
24.445191231,257.615000000,23.530888409
24.454523267,257.682000000,23.490077700
24.463890527,257.749000000,23.448194940
24.473262946,257.816000000,23.405244742
24.482610459,257.883000000,23.361233839
24.491903002,257.950000000,23.316171014
24.501110509,258.017000000,23.270067036
24.510202917,258.084000000,23.222934593
24.519150159,258.151000000,23.174788229
24.527922173,258.218000000,23.125644270
24.536488892,258.285000000,23.075520766
24.544820252,258.352000000,23.024437419
24.552886189,258.419000000,22.972415519
24.560656637,258.486000000,22.919477879
24.568101532,258.553000000,22.865648767
24.575190809,258.620000000,22.810953843
24.581894404,258.687000000,22.755420091
24.588182251,258.754000000,22.699075758
24.594024287,258.821000000,22.641950284
24.599390445,258.888000000,22.584074243
24.604250662,258.955000000,22.525479277
24.608574873,259.022000000,22.466198032
24.612333013,259.089000000,22.406264096
24.615495018,259.156000000,22.345711936
24.618030822,259.223000000,22.284576839
24.619910360,259.290000000,22.222894845
24.621103569,259.357000000,22.160702691
24.621580383,259.424000000,22.098037749
24.621310738,259.491000000,22.034937967
24.620264569,259.558000000,21.971441810
24.618411811,259.625000000,21.907588201
24.615722400,259.692000000,21.843416465
24.612166270,259.759000000,21.778966273
24.607713357,259.826000000,21.714277581
24.602333597,259.893000000,21.649390581
24.595996924,259.960000000,21.584345644
24.588673274,260.027000000,21.519183266
24.580332582,260.094000000,21.453944015
24.570944783,260.161000000,21.388668482
24.560479813,260.228000000,21.323397227
24.548907607,260.295000000,21.258170729
24.536198099,260.362000000,21.193029340
24.522321227,260.429000000,21.128013233
24.507246924,260.496000000,21.063162358
24.490945126,260.563000000,20.998516394
24.473385768,260.630000000,20.934114706
24.454538786,260.697000000,20.869996296
24.434374114,260.764000000,20.806199767
24.412861689,260.831000000,20.742763275
24.389971444,260.898000000,20.679724492
24.365673317,260.965000000,20.617120562
24.339937241,261.032000000,20.554988068
24.312733152,261.099000000,20.493362988
24.284030986,261.166000000,20.432280665
24.253800677,261.233000000,20.371775766
24.222012161,261.300000000,20.311882252
24.188635374,261.367000000,20.252633341
24.153640249,261.434000000,20.194061482
24.116996724,261.501000000,20.136198319
24.078674732,261.568000000,20.079074661
24.038644210,261.635000000,20.022720462
23.996875092,261.702000000,19.967164784
23.953337314,261.769000000,19.912435778
23.908000812,261.836000000,19.858560656
23.860835519,261.903000000,19.805565669
23.811811372,261.970000000,19.753476086
23.760898306,262.037000000,19.702316173
23.708066256,262.104000000,19.652109171
23.653285157,262.171000000,19.602877282
23.596524945,262.238000000,19.554641648
23.537755555,262.305000000,19.507422338
23.476946922,262.372000000,19.461238336
23.414068982,262.439000000,19.416107521
23.349091669,262.506000000,19.372046662
23.281984920,262.573000000,19.329071404
23.212718669,262.640000000,19.287196262
23.141262851,262.707000000,19.246434608
23.067587402,262.774000000,19.206798672
22.991662257,262.841000000,19.168299529
22.913457351,262.908000000,19.130947101
22.832942620,262.975000000,19.094750152
22.750087999,263.042000000,19.059716286
22.664863423,263.109000000,19.025851949
22.577238828,263.176000000,18.993162429
22.487184148,263.243000000,18.961651861
22.394669319,263.310000000,18.931323226
22.299664277,263.377000000,18.902178362
22.202138956,263.444000000,18.874217965
22.102063291,263.511000000,18.847441604
21.999407219,263.578000000,18.821847721
21.894140674,263.645000000,18.797433649
21.786233592,263.712000000,18.774195620
21.675655907,263.779000000,18.752128779
21.562377555,263.846000000,18.731227198
21.446368472,263.913000000,18.711483888
21.327598593,263.980000000,18.692890824
21.206037852,264.047000000,18.675438953
21.081656186,264.114000000,18.659118219
20.954423529,264.181000000,18.643917583
20.824309817,264.248000000,18.629825041
20.691284985,264.315000000,18.616827650
20.555318968,264.382000000,18.604911551
20.416381701,264.449000000,18.594061993
20.274443120,264.516000000,18.584263358
20.129473161,264.583000000,18.575499193
19.981441757,264.650000000,18.567752233
19.830318846,264.717000000,18.561004432
19.676074361,264.784000000,18.555236995
19.518678238,264.851000000,18.550430408
19.358100413,264.918000000,18.546564473
19.194310820,264.985000000,18.543618337
19.027279396,265.052000000,18.541570531
18.856976074,265.119000000,18.540399005
18.683370791,265.186000000,18.540081162
18.506433482,265.253000000,18.540593900
18.326134081,265.320000000,18.541913646
18.142442525,265.387000000,18.544016399
17.955328749,265.454000000,18.546877769
17.764762687,265.521000000,18.550473017
17.570714276,265.588000000,18.554777100
17.373153450,265.655000000,18.559764713
17.172050144,265.722000000,18.565410330
16.967374294,265.789000000,18.571688254
16.759095836,265.856000000,18.578572658
16.547184704,265.923000000,18.586037633
16.331610833,265.990000000,18.594057233
16.112344160,266.057000000,18.602605527
15.889354619,266.124000000,18.611656642
15.662612145,266.191000000,18.621184814
15.432086674,266.258000000,18.631164440
15.197748141,266.325000000,18.641570124
14.959566481,266.392000000,18.652376730
14.717511630,266.459000000,18.663559432
14.471553523,266.526000000,18.675093769
14.221662095,266.593000000,18.686955692
13.967807281,266.660000000,18.699121620
13.709997303,266.727000000,18.711568480
13.448393526,266.794000000,18.724273736
13.183195600,266.861000000,18.737215500
12.914603177,266.928000000,18.750372600
12.642815909,266.995000000,18.763724617
12.368033445,267.062000000,18.777251939
12.090455438,267.129000000,18.790935803
11.810281537,267.196000000,18.804758346
11.527711395,267.263000000,18.818702655
11.242944663,267.330000000,18.832752818
10.956180990,267.397000000,18.846893977
10.667620030,267.464000000,18.861112382
10.377461432,267.531000000,18.875395446
10.085904847,267.598000000,18.889731804
9.793149928,267.665000000,18.904111371
9.499396324,267.732000000,18.918525400
9.204843687,267.799000000,18.932966546
8.909691669,267.866000000,18.947428934
8.614139919,267.933000000,18.961908215
8.318388089,268.000000000,18.976401644
